x,y,source_reference_height_m,native_height_m,difference_m
-10.286861355834859,-6.211632919940179,87.77390542866351,87.76967953754311,-0.004225891120398728
-20.031647597615446,-3.3168529445482733,87.75985479517644,87.78858221833023,0.028727423153796394
8.188229386262442,16.720211234426827,87.7651239037937,87.75353530661616,-0.011588597177535576
1.3124926600730618,-0.18094883152345886,87.72758238128142,87.71523839854841,-0.012343982733014514
-13.44968046183304,-17.28140903309731,87.52021563888934,87.55619369800536,0.03597805911601881
6.6497893686412795,-28.99697292137823,87.17590909931643,87.15774822393176,-0.018160875384666042
-16.688210176673714,21.83967915187371,88.48214602099799,88.52569964352237,0.043553622524385105
-26.239465816590396,29.694025137358878,88.76585846027871,88.80292887780116,0.03707041752245743
-30.84400254020985,23.98483915840481,88.81163863229372,88.9706478767228,0.15900924442907183
7.679517903303925,-18.21381149617492,87.42615050950488,87.35428835133848,-0.07186215816639674
22.778757932154107,-9.897621470090549,87.43249702065194,87.23304717618132,-0.19944984447062097
-2.8425557158610744,13.026850501734195,88.04045325048688,87.96653888238399,-0.07391436810289065
-10.5245007851249,22.837691278736692,88.30719805790258,88.34417723083098,0.036979172928397475
-31.954366232675056,17.35955199274931,88.98512274921347,89.0399323113476,0.05480956213412469
-22.81179507247723,14.367273306464305,88.60374795119724,88.65524129483586,0.05149334363862579
-28.197976036391246,8.103707984489041,88.68923820566718,88.78811158317762,0.09887337751044356
9.897260587953689,-27.642489543654428,87.11033866908105,87.10217230516733,-0.008166363913716168
-10.887431225584557,8.227785262916584,88.03343890624582,88.14596933320067,0.11253042695484794
-16.578475864876488,0.7482906369157902,87.84358007899985,87.86362087098273,0.020040791982879114
25.74436981135174,-14.336408076074676,87.25694589488505,87.11327286534616,-0.14367302953888839
-19.215424649167446,3.5331412526143637,88.03138208854949,88.05361518429736,0.022233095747864695
-9.708911205077158,-0.580965989670176,87.76686561561363,87.78244550158854,0.015579885974915442
1.724131930798542,12.132004269627132,87.91672368687921,87.81856059860463,-0.09816308827457476
2.019133773831996,13.090580511209552,87.9154877893323,87.82252323056584,-0.09296455876646803
-25.312491439720226,15.982609027612277,88.82892399628949,88.82141616811343,-0.007507828176059661
-11.578806174449944,-28.340591455192595,87.38905009318137,87.38905617565709,0.00000608247572131404
-22.347282091662642,-1.2509144094685212,87.8737378739296,87.91728525718487,0.043547383255273076
13.515639117865476,-14.059402713908156,87.32628467230336,87.32353962055967,-0.0027450517436875543
-2.34044728459439,-6.151468686731228,87.70334915017193,87.68614569873368,-0.017203451438248862
-12.761682412435697,-26.51077508948797,87.41993195818853,87.43690557967979,0.01697362149126036
11.723406049442602,-13.164159755538975,87.31597627722817,87.3644125981743,0.0484363209461236
15.146180097583887,25.18785751919077,87.55064759440063,87.54742391860145,-0.0032236757991768172
-23.306042792826155,26.121949459770143,88.6240460761118,88.71828556657788,0.09423949046608016
8.425322183185386,-30.40483071828651,87.04622299386676,87.0661327153901,0.0199097215233337
28.66187073091053,29.15681267778409,87.0115761250974,87.00537680034998,-0.006199324747427681
-9.982283438056008,20.958217062900893,88.32429532778002,88.31879988461016,-0.005495443169863279
-31.817171124190438,-29.486279419383372,88.78071291685445,88.71981276160201,-0.06090015525244041
-4.6405549067625245,-19.483480736395414,87.46113287364486,87.47502686915118,0.013893995506322199
-11.878099607232457,-31.487733954392517,87.36320963641163,87.53589907985096,0.17268944343933867
22.033835833603824,-30.58695322596224,86.69289002385634,86.81562803076726,0.12273800691092163
-23.292188578956818,11.728253347019688,88.50576491742838,88.53785419023266,0.032089272804284974
3.7943054198160056,-2.867469413609811,87.69819744862855,87.63757569871217,-0.06062174991637903
22.57131028213132,-24.657266220508788,86.9712464454096,86.98233984401645,0.011093398606845994
-5.2678572678834,-17.68896462518645,87.48178754450942,87.49931837988161,0.017530835372198794
-5.224615823750199,21.040450420353956,88.19815025681544,88.13371566445183,-0.06443459236361093
-4.929971596568514,-24.086828919584867,87.40545601781866,87.40909519709585,0.0036391792771865994
30.580597566801735,17.61430845944679,87.19971927323965,87.07050650830506,-0.12921276493459288
26.060961124602066,-8.566035763502803,87.35309338256803,87.19649346776036,-0.15659991480767133
-7.299915297953838,23.670554583511176,88.20551916567675,88.23911068704857,0.03359152137181809
-4.374997634615845,29.764486487739006,88.15220179400907,88.16051356149191,0.00831176748283724
10.115475607431037,16.30736996240728,87.76507975104312,87.71767532514572,-0.04740442589739757
-9.83144313417965,27.969769355448307,88.3040779439889,88.32160016802071,0.01752222403180781
16.06211476635908,-24.15269179293299,87.04067963569958,87.02438429614439,-0.01629533955518525
-6.69890489437455,5.816010752969262,87.92122615225345,88.02045567109369,0.09922951884023234
-16.662949268075437,-22.376093842665178,87.55520923837383,87.53870402431424,-0.016505214059591822
-17.46549636413181,31.829358838144657,88.51257599248734,88.54422538347222,0.03164939098488162
4.149454831306208,18.295253845134766,87.8679780896921,87.83525083205923,-0.03272725763287099
1.1853791783126724,18.918878413705542,87.9410222912712,87.89029823820583,-0.05072405306536609
-17.622428977800496,22.63098479615349,88.46654863412456,88.55280578600075,0.08625715187618255
-12.729964195607216,26.19653673820065,88.32796635968248,88.40752488329467,0.07955852361219229
0.21337026215481814,-24.61439493391464,87.36825436525433,87.3742752796257,0.006020914371376307
-4.677870408035204,-14.689726583703155,87.53587424876268,87.5563782860932,0.020504037330525193
13.450242295331833,-6.820065527427978,87.43445907482447,87.4471343184858,0.012675243661320224
-3.0971117465825273,0.4650950803594682,87.75297190141421,87.77079449044263,0.017822589028412494
-25.53138127501505,-23.261060656680797,87.58768652420952,87.66744829615381,0.07976177194429113
31.621521948308278,4.490886091018282,87.25418592938712,87.18621870675804,-0.06796722262907906
-12.131859703273726,28.42768056625514,88.35412384982774,88.38898950839396,0.03486565856621837
21.22996422064233,31.144604504705676,87.24241880202545,87.25756388518987,0.015145083164412654
-3.3783279426928488,-1.8183819106657921,87.72669842673953,87.74676356132468,0.020065134585152578
-28.397460668041525,25.96398048153126,88.76489322670548,88.87857473625945,0.11368150955397027
-27.745978473441497,20.025292381247098,88.78763443726622,88.88510033843318,0.09746590116695586
-13.194452776543102,-20.328657904818343,87.50389763428493,87.50853325478758,0.004635620502654092
-18.84197462620409,-16.141864255045782,87.67714649786535,87.69095590088644,0.013809403021085132
16.804171277796883,2.457488003870182,87.6642347717395,87.52963383269783,-0.13460093904167536
-6.767664761009193,-27.476121834471968,87.37242089218792,87.37090794130678,-0.0015129508811355663
-29.48754374630652,-9.230645000315945,88.89916234103109,88.87789822119093,-0.021264119840154194
2.3518826932284966,4.286078956743246,87.77913804252294,87.73554678501128,-0.043591257511664594
-2.2722379542996762,-11.972386937112297,87.55359600649233,87.6028167415681,0.049220735075778066
1.3823304740842985,10.854625370656663,87.93046377322672,87.81242700063908,-0.11803677258764367
13.31324180384518,6.220059471555544,87.6624772547852,87.59913674379531,-0.0633405109898888
11.020773563694057,0.6430654913352996,87.58693431972075,87.59859670690089,0.011662387180138012
6.6286120650808655,31.325956028842647,87.82514356050496,87.79399399250539,-0.031149567999563033
11.484533918826806,-28.59654643791012,87.03832110093111,87.0289497650399,-0.009371335891216859
21.199006271677547,25.706439629132,87.34566419167636,87.3185218743362,-0.027142317340164368
-30.23583151943358,27.815873136335043,88.90667949046782,88.93172835288506,0.02504886241723625
-2.6938403597829605,21.109802556365636,88.13271364822072,88.03549956768859,-0.09721408053212599
27.850092214421807,21.8742519210902,87.22109994188115,87.1195268749705,-0.10157306691064605
14.774596880221871,-0.4671836057566807,87.50585975022125,87.53952652599153,0.03366677577028554
30.266631761770583,-13.488669426907684,87.13710108766982,87.04773422381376,-0.08936686385605697
-4.009993329662201,8.147476794262559,87.96512486973788,87.96700581775043,0.00188094801255545
-16.6641040053431,8.780265274857229,88.20193726160883,88.21326221627851,0.01132495466967498
-17.823553575951756,18.783255514517734,88.60614083018883,88.56037542521396,-0.04576540497487258
-18.05260754518836,27.6571508523164,88.501743527473,88.56327546195278,0.06153193447978822
-15.448451380524872,-11.980793949354627,87.75698532337299,87.69928400337899,-0.057701319993995526
-4.726376477942409,21.228439573496296,88.17569720937524,88.11599230411917,-0.059704905256069196
17.57822741430988,21.357742822408667,87.54257811120725,87.49987104164009,-0.04270706956715742
-31.21134701930962,-9.497809931728497,88.94118641841945,88.94867988552751,0.007493467108062646
8.242628576560577,-17.790069734328178,87.44885827100255,87.35188115526425,-0.09697711573829793
-12.227745377146206,27.62418077477718,88.34004128439634,88.39215341983537,0.052112135439031704
8.971395441183475,-2.9506069009826987,87.54707481168958,87.57046562722219,0.02339081553260769
-31.446139798467833,12.93752968852479,89.09067279002045,89.03858675664377,-0.05208603337668194
-13.94427632802983,-2.276470389703107,87.76346490902067,87.79928112281506,0.035816213794390706
1.8401679677497,1.0163628679159444,87.7607356475977,87.71705281152317,-0.043682836074523834
13.815499305140534,-15.342572716582104,87.30373142134025,87.30069204632231,-0.003039375017934276
10.785981736558888,12.141813431380648,87.7667634993681,87.66799525156738,-0.09876824780072013
25.74979610100393,-10.235329748906317,87.35501088604755,87.17623394612636,-0.17877693992119248
-23.757577541301444,-1.9282848210194032,87.90584764273488,87.94864913984317,0.04280149710828596
12.963541342216153,19.544311597683183,87.6918554301008,87.68998420062601,-0.0018712294747871283
19.386712157858298,1.3173254065407818,87.66071749686814,87.47402492836497,-0.18669256850317595
27.767193059052914,-25.86691473725414,87.0360186670496,86.90084180035065,-0.13517686669895568
25.813845987992828,-4.568073118752871,87.37319643789468,87.26519021833111,-0.10800621956356338
8.132607805507384,11.094246364838021,87.80843445075628,87.70241809962025,-0.10601635113603436
-19.221221068197885,-24.206077973055308,87.57663839440312,87.56854984811615,-0.0080885462869702
30.403404343650656,-22.998025812208887,87.00894476304514,86.89914851684715,-0.10979624619798756
29.45287382983021,-23.40525642195786,87.02701024570736,86.90940238959955,-0.11760785610781
6.097342259842641,-22.651309249787047,87.35217133854114,87.31153855041651,-0.04063278812462556
-8.679935676659667,15.581244641616514,88.29149695892795,88.21818865696352,-0.07330830196443117
-23.808554901187136,-30.123382491931082,87.74721787558131,87.78704577323991,0.03982789765859707
6.2211732330982485,-2.257948201708082,87.6532018126723,87.61726285690385,-0.03593895576844375
-15.21509694367736,-23.568664283086143,87.48169239211437,87.52393774307015,0.04224535095578119
25.58708828617948,22.26516298573435,87.28205607957929,87.1968491421783,-0.08520693740099716
11.706902817377951,-14.447528478077324,87.27833805306184,87.34654494087346,0.06820688781161266
-0.260025602515249,-4.776383913667189,87.69679511998223,87.67175931829233,-0.02503580168989572
8.131611020074466,1.1514700688491786,87.59361670697166,87.63795173251167,0.04433502554000768
22.39793015904256,14.748402193458972,87.51926455380664,87.40010695043995,-0.11915760336668768
-4.42808727263332,28.593337675622614,88.14125813048078,88.1625787755566,0.02132064507581788
21.630141158778613,12.648595963327637,87.60952706841896,87.45243232033354,-0.15709474808541302
12.505994459470692,-5.009229941269297,87.47923476342524,87.49023874115773,0.011003977732485737
-20.770575208193925,6.937658793334634,88.21557787602507,88.24187766392784,0.02629978790277221
-21.611555121290102,-13.335605101494515,87.8685701209433,87.92476636269618,0.056196241752871856
16.940311451933695,-2.9062382026333395,87.47448199906968,87.46401498850939,-0.010467010560290646
20.776248174156237,-22.80401716238041,86.99635117339713,87.04278645613199,0.04643528273486197
28.029400890198296,5.731509001877967,87.33169260319457,87.30170656220206,-0.029986040992511676
-7.822337283514344,9.334692406122798,88.00628684880483,88.12690642750488,0.12061957870004392
-7.8949892977671965,13.088801066893573,88.17538344977994,88.16447105237897,-0.01091239740097194
17.35543827941212,22.489269850438234,87.52560780809202,87.49564030088551,-0.029967507206507094
5.8638713860202145,10.688190262569485,87.81577658338912,87.73638040573583,-0.07939617765329388
4.904612472515417,31.94667652189944,87.9126685826211,87.85073894000793,-0.06192964261316547
-13.836032135361044,6.863726445639443,88.0457750088111,88.10190108145918,0.05612607264806968
-24.954102609349448,21.793821762736442,88.67853315287874,88.7823833763272,0.10385022344846107
29.27829377938356,3.2444569174878595,87.30180092933666,87.28558045256904,-0.01622047676762861
-11.296962623642457,8.67875825871377,88.06377055966057,88.16754716797156,0.10377660831099433
-18.02175273422843,-6.47825706688112,87.79429716742382,87.79921014655787,0.004912979134047646
-30.493565337485492,6.348174241349341,89.12433359626479,88.97382616029277,-0.15050743597201688
-18.289374113474565,-27.771753110958564,87.73377513063598,87.65449326768028,-0.07928186295569617
14.102849856450327,-20.85085183017278,87.13838674706427,87.17376926272186,0.03538251565758799
28.66848727640992,-27.320434083664615,86.94357982104907,86.86283378080266,-0.08074604024641019
-22.521169935155108,-29.743990723779554,87.5745474236506,87.64112950157057,0.06658207791997484
-31.853656481636484,-2.600016457303745,89.25313536400304,89.23489567105467,-0.018239692948370134
17.429867758229776,14.293172832685663,87.682059726239,87.58049795982959,-0.10156176640941794
-2.853404216300035,2.5965692969118095,87.77757711268146,87.86174698093646,0.08416986825500317
-2.307216343728278,-11.650440269503044,87.5651082140929,87.60793268079928,0.04282446670637796
13.087560764855837,17.883169600925008,87.67045805645087,87.68284011972058,0.012382063269711807
16.79455348087913,2.097629194570068,87.65178150512303,87.52790684916354,-0.123874655959483
15.223310085400072,17.938411853731374,87.64740947892938,87.62431912171724,-0.02309035721214059
3.509162970162947,-26.834582551671083,87.31059321492002,87.28851007092105,-0.02208314399896949
30.62267370861956,9.461104463984263,87.28307920282418,87.16427447591758,-0.11880472690660326
30.82071967644098,-25.604709694353446,86.95267349576578,86.85181921407428,-0.1008542816914968
6.880902074327757,7.896903759762175,87.736653997548,87.69365168029263,-0.043002317255371736
30.489358824153115,-15.152406443824844,87.09678745576292,87.01828393415416,-0.07850352160876639
7.292677294642665,-31.77688594851078,87.02385283549432,87.05987655099949,0.036023715505166365
16.86499938425473,-7.891196623522731,87.34224862733195,87.37977795034993,0.037529323017977845
15.387853064802755,24.175001081159976,87.56448179114146,87.5496530157183,-0.014828775423154639
18.476500944040225,4.024224695687813,87.69149511321619,87.50586831669163,-0.18562679652455927
-5.814397254354915,-24.796281670431142,87.40153695888907,87.40247695516187,0.0009399962728053879
-31.383681295277448,-23.186740353201458,88.88458315079211,88.88040488438148,-0.004178266410633569
5.498055818395713,-6.007104072581647,87.67785400234749,87.56355527583506,-0.11429872651243045
-22.962839076005388,28.943408565154733,88.64806814272436,88.70698449818134,0.05891635545698648
17.323276950391566,5.341492417718328,87.72596009123868,87.53499296355072,-0.19096712768795499
17.71454764013655,-10.794428433713165,87.28200863986106,87.31357613193266,0.03156749207160203
23.4479912049497,18.93914388117406,87.39329662987629,87.31312922915417,-0.08016740072211803
19.311776517113053,26.24648218079252,87.40209483467865,87.38217334099411,-0.019921493684535108
28.460153612260356,-15.170240126408956,87.15779477405758,87.0532665421414,-0.1045282319161771
22.61518872182109,-17.032068888442055,87.2568579330179,87.12619478152351,-0.13066315149438879
13.677545031839962,-27.598345843952764,87.01972541390653,86.99379978905834,-0.025925624848184725
30.10165737260983,5.596009192902962,87.28231731571773,87.22830172992249,-0.05401558579524135
-9.05717276297981,-15.656170264799009,87.53162691056966,87.54618651742247,0.014559606852813545
25.634015207616656,-20.186569905981877,87.1604075398522,87.02524217578986,-0.13516536406234536
18.84734434383771,-18.3321886420442,87.09745689657792,87.17167015264056,0.07421325606263451
-31.955826044469582,-12.880625213324755,88.75972348115693,88.86935527664602,0.10963179548909352
-19.639429155740288,-2.235597135576171,87.78846462287413,87.81884370820994,0.030379085335809464
-24.263090330356995,31.21660242135526,88.69545384059822,88.74420526113916,0.048751420540938284
16.103568035165146,2.1783850096049875,87.63645687715848,87.54159409719816,-0.094862779960323
8.099125633154948,-3.954700546194225,87.5297661934614,87.56427351815732,0.0345073246959231
13.369921780001043,-17.833114400789626,87.22752492481237,87.27046988304946,0.04294495823708644
-2.163655749521716,-16.10140527358506,87.51262933791233,87.51257530819822,-0.00005402971410717328
28.945990844090886,29.777801236570284,87.00730204415783,86.98806938514765,-0.01923265901017146
-21.744173462024555,13.46199257741786,88.52362250989951,88.5733792285751,0.049756718675595835
-15.123672255635661,-1.7332493348973514,87.7799269206557,87.8079203926186,0.02799347196290114
19.11549018334867,-29.332746276733168,86.85277124471791,86.86377589783388,0.011004653115961105
5.230226861172703,-18.40822943431992,87.42354720495887,87.38989993320655,-0.03364727175231508
-1.7639578002208225,26.06733752811852,88.0682802772337,88.04503506851239,-0.0232452087213062
8.995122213743187,20.445222076372076,87.79331200174383,87.77457797555917,-0.018734026184660024
21.052154823077437,-5.474353807959403,87.4330172453678,87.34097790178677,-0.09203934358102117
-4.422246007922169,17.4223009669074,88.12746617959036,88.06890433114553,-0.058561848444824705
4.19107813420537,-18.13203488379571,87.4329709710031,87.41047831993019,-0.022492651072909098
19.69119845239817,31.5177739897063,87.29670476296711,87.3102012417898,0.013496478822688118
-4.809615689032839,-18.01205470150537,87.47117052332516,87.49416793785613,0.022997414530976812
25.832929909757205,-11.12389196030098,87.34658113985579,87.1611276005027,-0.18545353935309095
-7.476675078575553,-23.415664079590016,87.42946147934066,87.43127280191202,0.0018113225713562997
-30.628759716268718,4.932849033577611,89.14218549745934,89.00758082739529,-0.13460467006404997
15.978172155004842,16.715531266973578,87.63241329053082,87.60993450505453,-0.022478785476295116
24.12625452062833,-12.06405062897533,87.38334570358506,87.1763253187223,-0.20702038486275853
-7.826146497928207,15.418896623435344,88.26437677533211,88.1833360140765,-0.08104076125560766
28.97033642247351,29.141025899782058,86.99510766890928,86.99417577266487,-0.0009318962444098133
-27.79462145125118,31.686764586518166,88.85889973490224,88.8477598447151,-0.011139890187138235
19.228949713664456,-2.841695221007555,87.5967934734096,87.4212111146985,-0.17558235871111094
28.181897054806974,27.10041244059955,87.08309779555023,87.04643914361533,-0.03665865193489992
-28.144798084113695,-22.43679590489264,88.47575250730624,88.45477463350777,-0.020977873798472046
-17.080891760220396,14.50581166530938,88.46778735653615,88.47188487470044,0.0040975181642863845
-24.416477976539234,-23.497970710617437,87.4883600243653,87.54196573724492,0.05360571287961591
10.099861904895135,17.50435800313454,87.75858697320005,87.72900742126514,-0.02957955193491557
-0.5925365467602504,-25.60716839486107,87.35966582321862,87.36531086472039,0.005645041501765036
18.45798223972963,-31.260879075469703,86.76240356070643,86.81161852183027,0.0492149611238375
30.5148630557169,-15.155094601098028,87.09594309509691,87.01779947484269,-0.07814362025422383
13.197272067355556,-11.863719942893184,87.38376997880651,87.36365275759704,-0.02011722120947468
25.651181568846873,10.305470075275707,87.3853703288244,87.33430871746104,-0.051061611363351744
-31.566603870416493,14.668172640289768,89.07931722744067,89.02479748915357,-0.05451973828709811
29.332052139752506,10.738740838121217,87.3119012796455,87.19604566217976,-0.11585561746574058
15.27023694481187,18.289866453837398,87.63577684802539,87.61872291283439,-0.017053935191000846
-8.102428288091424,19.64942939271159,88.25061312480224,88.233261935324,-0.017351189478247875
11.163086696046506,24.176742922272062,87.6969492979193,87.70542211640262,0.008472818483312494
-10.641406943815554,24.5360647676955,88.28043945869612,88.34687901599766,0.0664395573015355
-14.393694331888803,22.668152792699857,88.39646465145555,88.45792851281077,0.06146386135522164
-0.36445643308417885,-7.475712567622573,87.65549627914737,87.63532843259048,-0.020167846556887525
-9.780388554891388,-0.777592789938069,87.76479164233544,87.78223001022968,0.017438367894243356
-23.108558827622588,6.539179106997274,88.24991841813801,88.2844579630888,0.034539544950789036
-14.592592052696865,-8.105047222268531,87.80387277222971,87.7937918994795,-0.010080872750208414
26.072622198679248,-9.75265491556938,87.34803465929502,87.17804621996085,-0.16998843933417618
-19.051347426641975,-7.928466728239762,87.79178001255315,87.86222978420751,0.07044977165436705
-30.891560769118215,-0.07516467532472149,89.20166665352498,89.09536696300661,-0.10629969051836952
9.583282876118986,4.101323898880416,87.64579721488195,87.63520380794641,-0.010593406935541338
-14.974708488472025,-28.17453937362913,87.56537766820725,87.6065838885873,0.0412062203800474
-6.289147503563235,-12.0544737018187,87.60739593995208,87.63412344092723,0.026727500975141538
1.1812589268209166,19.67158960509883,87.95662878632322,87.8973295524171,-0.05929923390611691
-13.661275567755595,24.166368793303995,88.3529642226896,88.43576324679691,0.08279902410731665
-6.076400002168164,-28.89803536746841,87.34972236814966,87.3474946583611,-0.0022277097885563535
-0.7134872334193929,21.015496562388726,88.05492560815777,87.95727028263545,-0.09765532552232514
-25.75537872591319,-5.060261107479306,88.00462913950878,88.05611626080422,0.05148712129543753
15.010210810636785,-17.47226361785126,87.22057051569445,87.24374499200103,0.023174476306579095
-8.151486417520239,-23.400718457221892,87.43370357940279,87.43358800849597,-0.00011557090681435511
-18.851090569624567,-18.901636554409862,87.48164992569139,87.56128441495146,0.07963448926007288
-3.031347936865423,6.08662225306184,87.88347518721727,87.90971423939784,0.02623905218057132
-29.581258451641432,-16.470705085566983,88.4350904564894,88.53822296445792,0.10313250796851037
9.982526503682955,30.422584842909473,87.6868250633251,87.68025491602022,-0.006570147304884699
29.34793451921005,22.276940057815033,87.14828138880287,87.06061822511944,-0.08766316368343041
-8.38931788502655,-19.738828590881553,87.48054392165773,87.4817641455424,0.0012202238846725777
-12.848011837596573,21.55769282562354,88.3946681421485,88.41299511098222,0.018326968833719093
26.293991820032524,-4.936063488345205,87.36132099671183,87.24965235570751,-0.1116686410043144
17.409204184935632,-21.249126321073945,87.09785284012442,87.10141078206343,0.0035579419390074918
-11.793515991547395,-12.757214646084272,87.66665444584822,87.65235377737949,-0.014300668468735012
27.511508985365417,1.0909155496361294,87.32876414610564,87.31692772837852,-0.011836417727124626
-30.37788865000875,21.300834960400024,88.81532868787488,88.96780310808418,0.1524744202093018
28.050214168192618,30.72349921055303,87.01985226077431,87.01069906341883,-0.009153197355487919
14.988745658049773,18.022735425201333,87.66066334965689,87.63204117839184,-0.02862217126504163
-20.666966237229722,-25.05308124848728,87.58199562257923,87.57478101792299,-0.007214604656240908
-31.84400573846319,28.03219555533733,89.07603927999826,88.98496561476307,-0.09107366523518579
-24.017537925172228,-30.619158527063618,87.86916297919606,87.8720349732769,0.0028719940808343836
30.40519788853222,-2.3736369729419025,87.25956893080644,87.21622377809055,-0.04334515271588657
-23.745415262983556,-20.457570548231963,87.9259638873575,87.95413640611628,0.028172518758779574
25.39057216951756,-4.616381660111102,87.37893499906278,87.27248145147568,-0.10645354758709402
1.7669870054706323,17.049401731300556,87.94445401778167,87.86333558280317,-0.08111843497849236
-7.124661101438058,30.45678199116759,88.26102880620533,88.24100076463877,-0.020028041566561683
-25.938029617504284,-2.86413541918197,88.20831193207796,88.09048835972679,-0.11782357235117047
-22.473418041664935,-16.692215142728124,88.0227420942469,88.0170751433823,-0.0056669508645939
17.959594096947967,-30.6425678489568,86.79788305163275,86.8313585413927,0.03347548975995096
9.337817211653942,-10.47132176600541,87.46655760683318,87.44002195897163,-0.02653564786155016
-2.6410097109565953,6.271481535852544,87.88483861047688,87.89617678056332,0.011338170086446553
-12.464495175677833,7.457751108329582,88.03821538335895,88.12064924226212,0.08243385890317256
-7.486551080046176,1.6163544565202486,87.79227732761956,87.84280799508723,0.05053066746766888
-12.071516899787312,-25.45535472321197,87.43001963608077,87.44944311757114,0.01942348149036377
29.192949393333755,-11.434589291802986,87.2291506034614,87.0979712434169,-0.1311793600445128
-13.298237068903262,21.852314895859244,88.3934727893658,88.4260957211362,0.03262293177040476
-3.4086770694661084,-9.03111122120498,87.67191429897015,87.66283081722564,-0.009083481744511346
-26.29300999393007,16.02867896940024,88.88808125000176,88.85525139239331,-0.03282985760844781
-21.9874695528811,-29.30412261301211,87.61183338935282,87.62027054477218,0.008437155419358078
26.856820668018848,2.384295037420685,87.331025472903,87.3363598306343,0.005334357731300088
5.150319503845182,29.84469089399434,87.89587177326322,87.86479902139358,-0.031072751869643866
21.424890829910396,-15.94049735732451,87.22921882241097,87.16365908883441,-0.06555973357656342
16.717705109510284,-3.156132187496837,87.46765111323897,87.46399103865605,-0.0036600745829247217
9.12974913368884,15.12473403090518,87.75935425291551,87.72312358387109,-0.03623066904442851
2.575022319811197,7.922026783692317,87.84639374330834,87.76547067262119,-0.08092307068714888
22.754762839453242,-16.91970913298956,87.27044404071,87.12549729119907,-0.144946749510936
19.201828226345853,-17.72149260894868,87.11729447233584,87.17490074830954,0.05760627597369705
21.036015507249573,4.709420811089238,87.60672241104704,87.46039730712556,-0.1463251039214839
-17.652988658610518,-18.393824393294842,87.5086605638325,87.5407720997563,0.03211153592378935
10.423740776947213,24.800521179184685,87.7060062190359,87.72582432620479,0.019818107168887877
-26.74276285127292,-7.822059299576843,88.71483839101487,88.57686175293028,-0.13797663808458083
5.039092595073974,-1.6194610636233122,87.70758616590956,87.64323416293868,-0.06435200297087817
30.0982124888044,-11.307300050738185,87.20250417704597,87.08419969188706,-0.11830448515890168
16.5986684814025,-11.332498231761228,87.28692054463826,87.3257386523433,0.03881810770504046
-14.327908577812629,-1.2906216525005831,87.78411964052063,87.80374544934803,0.019625808827399283
-4.364727600809097,-26.0076198230702,87.37709571027042,87.37711978060966,0.000024070339236459404
-21.707438357797052,2.5683604759226384,88.03479168042776,88.06741719800182,0.03262551757406129
15.240216779980464,-22.10625519735207,87.12072713829514,87.10500591512056,-0.015721223174580246
18.07026036698968,29.016633854550626,87.413380560112,87.39748431196337,-0.01589624814863555
17.313227866027944,-30.611054934121903,86.8084966407138,86.83500371594691,0.026507075233112687
19.597716985547116,2.273852366946585,87.65566152677432,87.47505722488148,-0.18060430189284205
5.897861912979501,-17.100915452958617,87.45358476854955,87.39932040228511,-0.05426436626443376
-5.965384368476478,13.698135658522688,88.15741880613136,88.09473299821973,-0.06268580791163458
-8.837461453974768,-14.638000383442517,87.54757810673905,87.57284614162779,0.02526803488873952
29.47688979454923,-16.101269477184466,87.10881722911566,87.02128620148935,-0.08753102762631215
5.571123342966146,22.76895056656396,87.83731722291571,87.85299824148491,0.01568101856919668
14.040976385641017,-6.758271327419017,87.4180358304483,87.44070187535783,0.022666044909527727
-29.013680333873367,-27.387243235932786,88.96196355659899,88.96200470047627,0.00004114387728293423
-6.386946441524657,5.392695484245962,87.90486493911328,88.00056799605386,0.09570305694057879
-21.19675793094556,10.28774730798446,88.37316703762299,88.39800956149902,0.02484252387603192
17.199502300450533,30.133978064497178,87.40892465786541,87.4173034276977,0.0083787698322908
1.1201609485119945,-17.97620398070371,87.44819158213652,87.4612215894827,0.0130300073461882
0.02339622408666031,8.502888027051576,87.93088513222327,87.81326540186596,-0.11761973035730477
-11.492172836622778,26.531775324757525,88.30373780848159,88.3710135099554,0.06727570147381812
-9.746477664993918,-23.757864114316675,87.4386316756736,87.44972363889319,0.0110919632195845
10.40232508615695,13.8371138072892,87.77755731938191,87.69005572153154,-0.08750159785037681
18.461837309426727,-18.557174770430912,87.10365634072139,87.17365771047766,0.07000136975626958
1.6812097864461748,26.07101783695233,87.96938469055753,87.94821442410715,-0.021170266450383224
-8.879801944442562,27.68175403840644,88.2667066561061,88.29376494908863,0.02705829298253093
-0.27097084273950145,28.917555881243146,88.04164575993607,88.01308114250384,-0.028564617432238038
-16.09263943611849,13.102572436075086,88.38083044236136,88.38512962298788,0.004299180626517796
-29.39106459550142,8.568124734472903,88.96591539945591,88.89961833435306,-0.0662970651028445
30.985487636006354,28.159832187584335,86.94933273978465,86.9326039934094,-0.016728746375250125
0.08192297192680797,-18.895591929705525,87.44174970541913,87.4635537460091,0.021804040589969986
-29.761229850729727,1.958968123524805,89.09075269093262,88.91539864371757,-0.17535404721505188
-17.402961613757384,-27.622240300151745,87.75726482125171,87.65262174437868,-0.10464307687303176
-28.829750389129025,20.67666729674103,88.81714625828126,88.91855022677463,0.10140396849337208
-16.65803801909918,-7.976645483618547,87.80708116132587,87.81789720255209,0.010816041226220818
-11.213342132020735,8.009769420428896,88.03177243697749,88.1381900719769,0.10641763499940282
-9.373228210750746,27.547911689513832,88.2808282382947,88.30831972832716,0.02749149003246032
9.004331517508085,14.96345549994983,87.76121529827893,87.72371681412221,-0.037498484156714085
14.17111932147894,19.680083288007154,87.65236758221616,87.64396135890445,-0.008406223311709482
19.260089293359897,20.43393402789897,87.4973809952502,87.44801370420923,-0.04936729104096571
-15.51663538486956,9.122481322624374,88.18843435821682,88.2081002838394,0.01966592562257574
4.012913850788159,4.009709170806829,87.74207090980155,87.70538773749097,-0.03668317231058893
-27.082408245362096,-19.970536129379504,88.39375702232117,88.38629233737473,-0.00746468494644148
-0.9811222834888795,9.101651579680407,87.96131231628074,87.85751790397623,-0.10379441230450936
19.86243371125036,16.82764143681421,87.55657358632374,87.46755753480244,-0.08901605152129832
30.528007364003066,17.385955764079753,87.21078840532988,87.07507845552706,-0.13570994980281625
23.768528165803133,-17.100644897815656,87.26093397619084,87.10510149152879,-0.15583248466205646
-9.4846042797518,27.626031826261745,88.28652673744402,88.31155827831792,0.02503154087389703
17.84192752460362,10.134463692463676,87.65652802571392,87.55050101994809,-0.10602700576583857
-21.588807705502084,-10.106120109138942,87.76311972345972,87.86418665454363,0.1010669310839063
23.124412692858733,-10.86549385860058,87.42418151248326,87.21216019229773,-0.21202132018552788
-14.095171313481934,-7.509883688639562,87.79633938591232,87.79376443910981,-0.0025749468025111355
-17.30697110779056,-19.84054993434421,87.52411613022834,87.54281098234152,0.018694852113185334
13.900110287926871,-16.416954286107682,87.26437913606054,87.28371497069844,0.019335834637900007
-5.388980669589557,-21.968210363139313,87.43577158281197,87.44358281216122,0.007811229349258042
-4.137993596533924,-23.499631027317207,87.40833457710208,87.41428819744034,0.0059536203382606345
-4.255145429628641,-26.47292481053438,87.37038848698374,87.36950372354221,-0.0008847634415332095
-8.382828065302647,17.981493562847007,88.26119594504735,88.22878603634018,-0.03240990870716587
2.4717472222021115,-29.866825035397746,87.26845719126172,87.25412327220529,-0.014333919056426225
-20.511089687568962,-26.698470498552723,87.59889428531771,87.61385500180589,0.014960716488175763
18.099943834165423,27.867386441031144,87.41581865138058,87.40903073738033,-0.006787914000241813
16.760086430939253,7.927108482321586,87.69305181128105,87.5595336509759,-0.13351816030515806
28.25647298665497,-26.05577576700344,87.01832168835257,86.88943691715707,-0.12888477119550146
-18.12249815077297,-13.833956222535974,87.71081171349206,87.70148072354468,-0.00933098994738657
-6.759012985286589,-11.129270378837454,87.6537171691486,87.66120313822411,0.0074859690755033625
-18.18409194580861,-30.54994832467314,87.83249765291572,87.75069448411445,-0.08180316880127236
4.533435420200384,29.362754618553026,87.90737713212113,87.89284761979766,-0.014529512323463223
16.61993434060976,1.2297449246164547,87.6006503442391,87.52664726116099,-0.07400308307811088
17.70322139305538,22.64206189549011,87.51720440029342,87.48113518156939,-0.036069218724037455
27.979041440454097,0.5462673741615447,87.33073961555931,87.3050638463694,-0.025675769189902553
-26.196023505129254,-9.743742188864886,88.78037760103635,88.76889495182581,-0.0114826492105351
-22.43184833437701,11.770006247492702,88.46969661989331,88.51093144756454,0.04123482767123221
-8.237938557056594,-5.795064386598057,87.76522691915453,87.75968880613996,-0.005538113014566193
23.369522524744923,-23.464788432840813,87.03048434816773,87.01293305893388,-0.017551289233850298
-31.065207416710834,26.042551104525636,88.89577752956131,88.9682339518234,0.07245642226207849
-9.18496113137602,17.5462577999101,88.28947642872421,88.25609304174876,-0.03338338697545851
26.42809253212951,-7.136726770759722,87.34890135936084,87.21209074670561,-0.13681061265522487
-14.080762452367097,-7.251854543850094,87.79370167604628,87.79398939319185,0.00028771714556796724
-24.494055870236167,22.375623903744604,88.65939867696198,88.76406342135262,0.10466474439063234
27.074597806666922,22.17217970719914,87.23732667671132,87.14410756316698,-0.0932191135443361
-9.779909279174504,9.186293021484914,88.04870040782481,88.18181796390503,0.13311755608022224
0.8348349201890315,-31.252461921103944,87.2666861294812,87.26210410079123,-0.004582028689966933
-7.872762605148331,15.54167120794515,88.26535396995489,88.18629264447104,-0.07906132548384903
-29.619432598336743,-29.811564475257434,88.91207088821155,88.86097518446805,-0.05109570374349914
-26.538932361170936,-13.063086032181168,88.44751934432034,88.44170872492508,-0.005810619395262506
-22.420189742167437,-11.345555535507643,87.7722815073989,87.88519167160705,0.11291016420814515
-23.248400426581597,-18.273301513262297,88.1087391292879,88.07945005900508,-0.029289070282814578
28.225076574605275,19.631666437057753,87.23722196008595,87.13216758064621,-0.10505437943973561
3.5695256950789656,-11.101733903397474,87.56225663525242,87.52196797891702,-0.040288656335405904
23.808788972503585,4.539781765345673,87.45719982658584,87.40629361485489,-0.05090621173094689
-1.7754250905279605,30.558452090293926,88.09941702309945,88.08379466199982,-0.015622361099630666
31.386621862545688,-1.7747732495689377,87.23507779374452,87.20837956012883,-0.026698233615690015
16.889406819044268,10.176388700273755,87.71601414686847,87.56900021138685,-0.147013935481624
17.69787980556579,-17.274789509786935,87.16976568223863,87.20789958188104,0.038133899642403435
15.763207069836149,-28.393112512313515,86.98352498247567,86.91066343636939,-0.0728615461062816
14.352489057196124,10.678536123131934,87.76137915944408,87.60963481446154,-0.1517443449825322
-5.14782024514507,-8.098889074303493,87.71136039918257,87.70426170558439,-0.0070986935981807164
23.991052413358183,25.56615464912815,87.24256957706756,87.21710821996366,-0.02546135710389308
-21.00256521695932,0.6914757684444481,87.94115550943712,87.96384333273666,0.02268782329953467
4.855343452807176,-21.82020855427988,87.37720649205131,87.34377379779588,-0.03343269425543838
-5.101085900089892,-11.516665146309485,87.61092174913067,87.64657684020382,0.03565509107315279
-28.996946142112776,29.019679487541495,88.91164964608495,88.8842355337721,-0.0274141123128544
-14.272274632687385,-14.191798264488774,87.6464942035918,87.63413507367699,-0.012359129914813138
-28.45767565054375,-15.586913860345959,88.42533258124259,88.46330175501922,0.03796917377663078
-5.879910569291091,-10.961194961002931,87.64667290301036,87.66395248900899,0.01727958599863655
-30.17369285017736,11.724256844099997,89.06422995058261,88.93034375661914,-0.13388619396347679
-22.116621258775332,-7.097753301033599,87.7250772413689,87.89603350582571,0.17095626445681944
-24.988721975053103,-24.915665544365346,87.62059087623992,87.80364628545362,0.18305540921370778
28.58460322295163,-4.290292439044428,87.30147314257768,87.21838686472303,-0.0830862778546475
-19.890085311286448,5.102301973342271,88.11786031039321,88.13927556043224,0.021415250039027
3.8414494677684488,-16.052295395261396,87.49211508358738,87.44769969878953,-0.044415384797844126
-6.242316496650361,28.393986445491144,88.18648163666751,88.21596742962011,0.0294857929525989
7.03137869950428,29.520282127575825,87.83341970960691,87.79900325722876,-0.03441645237815294
16.50763637525936,8.86413217465249,87.71851585592687,87.56935488914495,-0.14916096678192048
-14.968088009766653,-26.107738146853798,87.49472069275397,87.53430737149466,0.03958667874069022
18.492799926120014,27.21752872032362,87.40107362907467,87.40169219775622,0.0006185686815456393
-21.69555109625753,-14.432089202406395,87.9530140326168,87.93866366015163,-0.014350372465173677
-22.158223947789686,7.105623171512285,88.24910303733964,88.28574135879087,0.036638321451235356
-28.55816256596735,22.787565064661344,88.82091419731103,88.89924918983469,0.07833499252366494
-18.264014733698552,-5.829868367414086,87.78804947119428,87.7844711739294,-0.003578297264880348
20.15334071975738,-9.861520842801745,87.35904965301383,87.28281672200349,-0.07623293101033823
-11.767105084359976,20.431045853747506,88.36774146559434,88.38172395137258,0.013982485778242904
26.29959582013599,-2.180710977994835,87.35887218217337,87.2969041723225,-0.06196800985087236
-19.208682587506686,11.39712701880699,88.38209092902913,88.39355474680889,0.011463817779755914
-24.3230407275926,31.45245054530318,88.69558864610121,88.74586483933844,0.050276193237223765
23.62634174606753,-25.057264956615946,86.99106499344444,86.96645599631566,-0.024608997128780175
19.675854292857387,22.14345651041235,87.45331895144139,87.41387869099668,-0.03944026044470661
25.433305336921016,20.61173170993567,87.29692063962915,87.22173854457613,-0.07518209505302309
-0.9814367926242156,3.7634771831477636,87.783326774425,87.80815040804362,0.02482363361860962
10.526074866187479,-31.376526808000584,86.9587698101916,86.97751623605575,0.018746425864151206
-10.727128235405026,-19.333863036041237,87.49487962755967,87.50154461558235,0.006664988022677676
19.7536594849877,10.110000686451365,87.65066889568786,87.51368971852814,-0.13697917715971641
10.644603069896782,16.531939409285407,87.76329498125679,87.71095575329146,-0.052339227965333635
21.055516201808572,15.47193535958283,87.54787394910737,87.44022842262956,-0.10764552647781045
4.313239347597481,-14.222183709615571,87.5241751232513,87.46617813537702,-0.057996987874275874
-1.7405533519678045,30.42318531533632,88.0904030642506,88.08282849549109,-0.007574568759508793
-2.007338656889303,29.712357674856776,88.06631691192841,88.08825963259561,0.021942720667198046
-31.982098456290622,-11.908070822248035,88.86771235685998,88.90832236748071,0.04061001062072478
-2.636802569174158,25.74346233809819,88.09707682570931,88.07613434781695,-0.02094247789236192
10.417770199515964,14.649528402087412,87.76807707547042,87.69731403057679,-0.07076304489362428
26.819006471077763,-23.201293702516168,87.09570878486755,86.95830100242408,-0.13740778244347496
25.396928575424994,21.588711669760613,87.29028151981339,87.21163645261684,-0.07864506719654685
16.923871903707862,-29.71571232918901,86.88694117311965,86.86217574302736,-0.024765430092287488
5.337576360389363,-15.548467877134364,87.49924758101604,87.43131106355935,-0.06793651745668683
-13.148369029551127,13.61186282982365,88.33024576019393,88.37451804123451,0.0442722810405769
25.729524139416597,-19.109253242234892,87.16843137250885,87.04014681831293,-0.12828455419591478
-23.750159080142453,-8.810692089954678,87.97326898305069,87.9462087897254,-0.02706019332528342
14.482518175222069,-19.22164817651818,87.18695955630767,87.20919094831393,0.022231392006261785
7.138412243187815,-21.336905286832653,87.3615263928656,87.3151855371114,-0.04634085575419533
-18.490126909687703,-2.624383049463802,87.78095029825425,87.78283816609209,0.0018878678378371205
15.235706779563579,22.501077809386203,87.5963944818296,87.57367551977397,-0.022718962055634506
19.76821022651319,-20.57624959927582,87.02348363421538,87.11056199295795,0.08707835874257341
-8.455733128312012,9.956528515341475,88.04948224952281,88.15740043309015,0.10791818356733529
-28.315153241021925,13.077649736453715,88.86539602953742,88.77569243979246,-0.08970358974495696
11.689996643742319,-19.76223676598027,87.2484397234992,87.26751079357784,0.019071070078638286
29.27581696624882,22.625609069235267,87.12865332052034,87.0591528649228,-0.0695004555975487
-1.1266871981786508,-0.4270098397523512,87.73438739794462,87.7394500462988,0.005062648354183352
-5.932942694376621,9.589917586884802,87.97723553818757,88.05546345448242,0.07822791629484982
16.98941010163179,15.640322298307154,87.63451774301343,87.58540007346704,-0.04911766954639063
15.769630174005627,-22.123819639755986,87.0989203923827,87.08915200920194,-0.00976838318075579
-10.020481856464926,5.710926251433172,87.90970124049744,88.03272624977284,0.12302500927539484
-8.300637893129341,-11.47053401933173,87.66405066317265,87.6571030093743,-0.006947653798349052
11.729068662181184,1.774003310008034,87.59624380866836,87.59561805584883,-0.0006257528195305895
14.385116931867216,13.190171311281524,87.72027646126442,87.62256236085913,-0.09771410040528394
4.999978054671402,-19.82463508909229,87.40245675184894,87.37192705092721,-0.030529700921732683
1.6185640597129947,0.15594237503552932,87.7328125829233,87.71529382649832,-0.0175187564249768
4.882475549339354,4.111708409192758,87.67882596597754,87.69489752412106,0.01607155814352268
-1.4133200098822556,28.23685154795605,88.04790523405775,88.05140707205821,0.0035018380004601113
-21.861140425653005,-6.850230399243344,87.71684544343883,87.88375206939402,0.16690662595519257
-3.9170513393476654,-0.008315511281026033,87.75057504008417,87.75480565598545,0.004230615901278156
-14.774711946089589,16.869140456878448,88.51441742703176,88.46817738912915,-0.046240037902606446
26.25530161384207,8.539129291593973,87.36300750890578,87.33309160881709,-0.029915900088695935
-30.49315802753363,17.602385745072723,88.94768631438227,88.98945062887073,0.04176431448846074
2.140195737100896,-19.68583040868146,87.42124947310263,87.41908530705227,-0.002164166050363292
19.413987691841818,-12.412106774644649,87.25953110818382,87.25316326840685,-0.006367839776970641
-31.919484621077252,-14.17218298689523,88.69445362093717,88.81750914023026,0.12305551929308933
0.1223332126026051,-2.068754913752869,87.71088650226892,87.70385208874475,-0.007034413524166894
-4.627472248250207,-12.675247626335612,87.56038922978996,87.61292462900833,0.052535399218371026
-1.5912920604476213,-14.426498475961651,87.53306607373925,87.55683710437648,0.023771030637234958
16.64752223532635,-31.92384376059259,86.73090846084702,86.80041848332297,0.06951002247595284
13.702082683290712,-9.087915412596118,87.40966625244313,87.4049591636563,-0.004707088786830127
28.091375063669382,23.410559429034365,87.1641102241773,87.09284000866604,-0.07127021551126234
-2.6894403708355483,-6.950561343392749,87.69544853232112,87.68053008885111,-0.014918443470008924
-13.323723722485255,5.944270823622581,87.99164650776957,88.05954106446676,0.06789455669718336
-12.337468263030523,24.711137038155066,88.286832246839,88.39663427294865,0.10980202610964795
7.174254442886301,17.856077426811282,87.79520568582504,87.7809000741547,-0.014305611670337726
-26.46919000252207,21.749657808735456,88.73476100675605,88.83372961803093,0.09896861127488421
-11.408093659588097,-3.4796690918627533,87.74855999863514,87.78253629578069,0.033976297145542844
-15.531642130529256,-21.627812899014017,87.5010283164487,87.5245678084755,0.02353949202679928
-24.659026127626277,15.215874544217357,88.75283219533526,88.76054578060838,0.007713585273123158
-16.728630576550202,19.7595657808469,88.5417514903578,88.52778490642879,-0.013966583929004628
2.18565517402309,2.4169791266441294,87.76991930598516,87.72102061194207,-0.04889869404308911
-3.3597678046637753,8.919024104217513,87.9741622719086,87.94874364010128,-0.02541863180731241
9.925649824197542,-30.941166861077498,86.9918340343747,87.00733669602643,0.015502661651723315
-27.949919513543662,-11.593553308140109,88.679093976378,88.6635724282328,-0.015521548145201791
-12.230296388716077,5.4779535605730985,87.94416131471579,88.03383736696266,0.08967605224687247
15.03146499161575,-9.723452063293223,87.35371035301115,87.37716977308911,0.02345942007795543
16.712140984910555,27.688960762974276,87.47201153342778,87.46216853838918,-0.009842995038596314
13.951192482877268,12.198508496065912,87.70627427431495,87.62279991718634,-0.08347435712860829
3.8679724107111255,31.021350394387056,87.88889509241353,87.89914305136075,0.010247958947218194
14.737217821190882,-5.252171602719258,87.40599107345878,87.45775577762579,0.051764704167013065
8.348746607635775,-22.74039685334367,87.31670406805198,87.27472040166428,-0.041983666387693575
20.882396258335746,-12.428162976061948,87.31546091695483,87.22708800120236,-0.08837291575247264
-28.459128814440596,13.004646287120643,88.86493815703417,88.77685581577285,-0.08808234126132675
-23.515072244703433,1.0322756753953044,88.01538102598066,88.03779496806035,0.022413942079694493
24.338620176478962,19.42171343708423,87.37647727305807,87.27526011820537,-0.101217154852705
10.103162898553528,16.807365241318337,87.75756702396049,87.72250514035699,-0.03506188360350393
-15.167026931305578,27.245398626177234,88.41731937742688,88.47867389859306,0.06135452116618012
10.89656609560592,-11.990237981061405,87.37467921564901,87.39401697251172,0.01933775686271133
-8.09693044909968,-29.482645391998403,87.3533085366476,87.35361647776216,0.00030794111455634265
-13.26567464635015,-27.19704048616071,87.41644240599294,87.45511545301727,0.03867304702433216
5.053547036241383,14.521770594879875,87.85159385381083,87.78531411734498,-0.06627973646584451
-20.329523548751354,-28.18201385177108,87.64571698274861,87.64934038798529,0.00362340523668081
0.44760983280035305,-2.1674362926311943,87.70984340663259,87.69733510749998,-0.012508299132605316
-6.853465520892847,16.54720892389261,88.21700087942828,88.15577820875069,-0.06122267067759424
-7.0629309300366,17.62512647695616,88.21209872970663,88.1739314600525,-0.038167269654124425
26.472667535210036,-20.903689812286387,87.1339537805883,86.99964491101736,-0.134308869570944
-31.4926434647952,16.82378203439987,89.01058574158975,89.02692153344417,0.01633579185441647
14.683394885860544,20.792028958739714,87.61197992514163,87.61284049005586,0.0008605649142339189
-2.33811393449502,7.682014727010454,87.93026908654711,87.89739288176006,-0.03287620478705833
-0.6808512076323012,8.954986052474617,87.95326870630242,87.84443195695066,-0.10883674935176657
-0.0793531334470643,29.486509115932478,88.03517925754704,88.0108591308339,-0.024320126713149648
-24.95560863122929,6.430287736909911,88.35653812946406,88.41062084646065,0.0540827169965894
-23.398358198875073,-31.59071735413633,87.79707288666626,87.93078252217504,0.13370963550877946
-23.672656636460573,-20.22097426452573,87.96994018250089,88.01082385681495,0.040883674314059704
-30.86332215639181,12.32782118331729,89.07318356775946,88.98981155329626,-0.08337201446319398
7.4326559100993705,-6.075070509486821,87.58474107901395,87.53628375224969,-0.04845732676426451
-4.381119565389106,29.225495134124202,88.14861122457279,88.16092603418717,0.012314809614380806
9.556547167850333,-2.8698969375166143,87.55200450679116,87.56442913335073,0.012424626559564445
24.048858242712804,-17.349038898459007,87.24755890948002,87.0964117086626,-0.1511472008174195
-31.73320160093749,-16.779037216029614,88.7136928509907,88.75128926401999,0.0375964130292914
1.0146560477986313,-19.73384434578017,87.42711375575263,87.43608037462674,0.008966618874111987
-6.5627624019222495,23.986956136926857,88.17646140746528,88.2132426956522,0.03678128818691562
6.90119006840073,-1.175088861319061,87.57708175056194,87.6272478900165,0.05016613945456072
-21.718034028463087,-21.312434469935177,87.46805562661294,87.50830422335792,0.04024859674498771
14.607403338162953,28.968508809785305,87.53381009600176,87.5257065103156,-0.008103585686157544
21.07777194007428,-19.12235545926434,87.09096250989089,87.12076810842268,0.02980559853179443
-24.745963650641222,-12.946224080350177,88.13007159191764,88.12423046178542,-0.005841130132225203
28.207254416327167,-5.064698151940711,87.30894069259996,87.21303645247906,-0.09590424012090182
-3.991058538490634,12.042144225397713,88.03168040135651,88.00229307420899,-0.029387327147517794
31.044842277268877,28.85033113692117,86.9442282730604,86.92238592795499,-0.021842345105412164
-17.45224890480108,-30.73031989080721,87.86247593350983,87.76025965759494,-0.10221627591488414
-15.091984858002768,20.03859674448946,88.47077984841798,88.47957932446585,0.008799476047869348
-25.181162798867163,31.386509095292354,88.73499860259315,88.77110519181265,0.03610658921950005
21.128721252803878,10.240460861213244,87.63091903254013,87.48799870899899,-0.1429203235411478
31.935448051131836,30.99804882629941,86.8769341503747,86.86505623764732,-0.011877912727371154
-10.79153688398629,-5.6384672701304694,87.76889450284868,87.77380183796333,0.004907335114651801
-24.627680551935,15.702140535256454,88.77410661325625,88.78410508322516,0.009998469968905965
20.313468387521155,-27.04486451995347,86.8530191464447,86.92388912053435,0.07086997408966056
17.866810063019706,-25.624180893196908,86.98193938265808,86.97477690177605,-0.007162480882030309
24.41854732779766,-13.803621281483892,87.31209889583795,87.1445003801411,-0.16759851569685225
-19.80139037912231,-29.075577503134944,87.70248836526004,87.69325194401026,-0.009236421249781301
0.5962828077195397,-12.496190733993394,87.55165573839754,87.54909985166076,-0.002555886736786306
-17.113617117187225,12.339179287482445,88.3721024855837,88.37904115564942,0.006938670065721908
16.394734854911427,3.2408947948875735,87.65763074640387,87.54165125300997,-0.11597949339389402
-17.88657858457082,30.964421862659727,88.53475379153619,88.55697018506041,0.022216393524217892
24.549822306022513,-26.557931047233943,86.95610720515761,86.91976222035325,-0.03634498480435866
-17.85827794567495,22.193861385069567,88.48794362725948,88.5599237484518,0.07198012119231123
13.255901495955825,-10.167031090883263,87.4174469319059,87.3920718334395,-0.02537509846639807
-17.365741677677093,22.1215631036234,88.48642306258988,88.54548408020753,0.059061017617651146
-2.317270978242661,25.083317174626977,88.07898848053344,88.05754619584233,-0.021442284691104874
-27.15977360211827,19.728323456755113,88.80040649034102,88.86674174607475,0.06633525573373333
15.978273747374466,-12.709518816942143,87.28284285178407,87.31383284013583,0.03098998835176303
-11.159724445700263,-19.1438271177855,87.49753651394724,87.50671607912507,0.00917956517783125
0.5764264202783451,-18.519441996662827,87.44368509799735,87.46150136808276,0.01781627008541875
-8.741804659238845,-20.400940607185788,87.47624096426023,87.47552614089027,-0.0007148233699609818
-28.100364377767484,18.14048539645941,88.86819363021748,88.9061102922399,0.037916662022425385
10.037727977164849,5.0209361700509305,87.64021656201815,87.634323185188,-0.005893376830158559
2.115250172506734,12.770466827184691,87.91213434369048,87.81796411378873,-0.09417022990174928
9.973490294607075,-20.153915674328495,87.33224806788516,87.28857291002373,-0.04367515786142917
3.6470822771818163,20.576868951674427,87.89440062933335,87.86470858550318,-0.02969204383016688
10.818099512040007,-17.533598118683095,87.34283683003726,87.31522851987428,-0.027608310162975158
28.031052212001377,14.528699999147463,87.29269669091802,87.19882963624579,-0.09386705467223067
-5.0746716455328595,18.434210279143812,88.15198313354225,88.10374998109153,-0.04823315245072024
-24.728763903066415,-9.00667788844217,88.42118640172419,88.25195388416083,-0.16923251756335844
19.803586664999592,-2.9078664212506595,87.56565947501073,87.40904790933357,-0.15661156567716716
21.448891490018603,-11.952067497873976,87.39318531639091,87.22456544033861,-0.1686198760523041
-21.53252211797635,24.059937367068166,88.58376048353219,88.66706886201933,0.08330837848714623
24.55160870533836,8.249935799385277,87.42630606745722,87.3981228800757,-0.02818318738151504
24.79494636829603,-5.974547104389316,87.39427673750276,87.2605657041097,-0.13371103339306956
-31.048631372485723,-11.274437012801457,88.87505466983897,88.86978086563843,-0.005273804200541576
31.919767614903563,22.201324135949058,87.04276283342173,86.96843538345153,-0.07432744997019824
11.354946594587894,23.606760981268955,87.68847368017356,87.70461672775623,0.016143047582673375
15.742870372990112,22.18739805890867,87.59613947942765,87.55842414347178,-0.03771533595586618
-1.831856354936697,-12.836236342424428,87.55027409118232,87.58345811725142,0.033184026069108086
19.459620704377606,-25.493483909020455,86.92829415669188,86.97173232059932,0.04343816390743882
28.797362956416507,30.519921211418897,86.99652969231454,86.9853871826073,-0.011142509707241288
-19.972902446114745,18.86567886871881,88.65364480974621,88.62832661688793,-0.025318192858279076
25.626838370138366,3.6066929110780066,87.40600641946557,87.36645334068,-0.03955307878557335
17.738741088687327,-24.48202687058332,87.00055816724065,87.00787258456147,0.007314417320813504
-5.134127046537223,-6.413640653745375,87.73762235773341,87.72784330793088,-0.009779049802531858
-20.431941630332247,14.899375402189769,88.56914416539993,88.60185890975957,0.03271474435963739
-10.163994453035585,13.872354779084453,88.26736097241616,88.26035147389084,-0.007009498525320623
12.720043640212744,31.669705108253837,87.57704896467945,87.56559142814206,-0.011457536537392343
10.462635660306155,12.91741170753118,87.7634495997215,87.68054550755959,-0.08290409216191108
16.3964128596429,22.884994451840015,87.56258275796708,87.52665163995196,-0.03593111801511384
7.319346050917737,-14.731534569192519,87.51584191319516,87.4116373739082,-0.10420453928695395
9.886484991238106,21.394298740012204,87.76254615915444,87.76853804655758,0.00599188740314105
12.970109992038864,-29.837458272153206,86.9492074984208,86.95050114315576,0.001293644734957411
-26.10280512661356,17.298373062987018,88.85920500949794,88.84273585935453,-0.016469150143407774
-11.043755370494218,-2.006649886946562,87.75509995409435,87.78501698583258,0.029917031738236233
-14.747385744784907,-31.91709510554157,87.67088184254415,87.72978443781497,0.058902595270822644
-7.136492822592551,-0.6579472593613644,87.75565548580221,87.76919659727407,0.01354111147186643
13.46900904003735,-15.612435384801621,87.28980912603993,87.30233745780909,0.012528331769161127
15.811639266661643,22.90944904759518,87.58301324775154,87.54794618092396,-0.03506706682757965
15.820789464217093,-18.810846209179296,87.18035123763167,87.18208810058269,0.0017368629510201572
-31.211412777968683,21.56369458534906,88.84583799263893,88.99467249262854,0.1488344999896043
14.574903809367008,-12.459261921058776,87.3504928402431,87.33593866592665,-0.014554174316458557
11.162706307702905,-25.347920940765327,87.16302656138852,87.13086879357337,-0.032157767815149896
-29.623502645929563,-23.092082680253377,88.94450079704083,88.95507265928927,0.010571862248440311
29.515921847666718,2.472017842878074,87.30022080713961,87.28580429932704,-0.014416507812569535
-22.155945147287156,5.23852989559942,88.16219631329204,88.20194901844545,0.03975270515340412
-9.11565594195725,18.175243980384103,88.28119567222865,88.25920414817251,-0.02199152405613347
-26.030653470764904,25.35302235506073,88.66251995163826,88.80162835605609,0.13910840441782568
8.028925281904804,-22.369613340384248,87.32854786731629,87.28541180437747,-0.04313606293881378
1.3562652308548522,-8.494175628871623,87.61528801385893,87.59365859185623,-0.02162942200270379
-13.054095704241256,-29.6165764789367,87.41010725158127,87.52886775956105,0.11876050797978621
26.348365927948052,-21.798660324771987,87.12585059213669,86.98804416129154,-0.13780643084514566
29.972094195671936,8.968463936656782,87.29268109132624,87.19357465159331,-0.09910643973293531
-23.74006699952819,24.949348391165337,88.63712020437693,88.73154338405202,0.09442317967508984
31.63187220981765,-14.709376637684215,87.07085912385337,87.0052448428299,-0.06561428102347122
-8.658040691496403,-24.266010791724533,87.42549587734305,87.42831531170681,0.0028194343637579777
-3.018113910888111,-16.361536855188916,87.50801624578818,87.51118116139584,0.0031649156076554164
-8.9749151870218,30.72856084247657,88.31024580793617,88.29524451831712,-0.01500128961905034
7.532043854293626,-24.64213086742909,87.2904317380294,87.25627529097635,-0.03415644705304999
1.018438295708087,10.996171072711967,87.93670491784326,87.81978616379793,-0.11691875404532936
-26.19879550770107,-16.20717061459814,88.32363957117695,88.29721999209428,-0.026419579082670452
-17.640539431474657,-19.42402352975696,87.50549236212488,87.54573375041066,0.04024138828577861
-31.210598664373208,-24.824480525558577,88.83343093378906,88.86207444976276,0.028643515973698186
-8.188239501126255,2.7458666815332577,87.83774345361908,87.89521169645076,0.05746824283167484
-26.752659304846937,-1.7737922033368392,88.35454821572046,88.35423184602868,-0.00031636969177384344
-3.3064684915068128,-14.578958368046806,87.53467026692351,87.55640812630662,0.02173785938310857
-26.516106833598776,-27.58919419769854,88.62407857841067,88.44659812143253,-0.17748045697814518
4.670097190660627,18.134561356755114,87.86091626861597,87.8251085344003,-0.03580773421566619
21.670183780203992,-16.382870797156862,87.22464916314135,87.15259557059798,-0.0720535925433694
11.63008800693462,-24.269564868932157,87.1880485587615,87.14804758022932,-0.0400009785321771
-11.789159273283616,-29.806749446340675,87.37125074868955,87.45942568647014,0.08817493778059315
-10.995898477106934,-21.999180971348352,87.46898782217276,87.47633099506436,0.007343172891594918
17.98197231858132,-6.436803148375567,87.36376120329558,87.38334432902255,0.01958312572696741
-11.836923333220348,-22.969525777376568,87.46142262831569,87.48212135133102,0.020698723015328824
6.876988877428879,4.5843638913650295,87.59596308629872,87.67210406968111,0.07614098338238762
16.623267264032584,2.0489301894055387,87.64680969355142,87.53093472042123,-0.11587497313018957
-4.388983030637149,11.537663466543393,88.01977292934212,88.01317027066243,-0.00660265867969656
26.705738211677705,-22.776999262176588,87.10425788221423,86.96679266264705,-0.13746521956717572
-29.09948905051518,-27.77946454024915,88.96132815843418,88.94295488597817,-0.018373272456017276
-0.6410165358668323,16.42087820817035,87.98964040315582,87.91193776306464,-0.07770264009117511
23.74996415619308,12.405380865585293,87.52056752672678,87.37856512695883,-0.14200239976794649
-15.574704699348707,-15.213148897614126,87.62525002344641,87.61649902899485,-0.008750994451560246
25.593132514252588,9.922144967141591,87.383399855062,87.34088944354484,-0.0425104115171564
-6.023677525216279,-27.298034573498434,87.37027034207883,87.36813020175191,-0.0021401403269152297
-25.598696490913852,-9.068336421578586,88.69891760886709,88.51471703650057,-0.184200572366521
11.145995815082983,22.77902551395365,87.69793718042308,87.72142636055626,0.023489180133182685
19.647930657398724,9.068770380891827,87.66872819690823,87.51018750517815,-0.15854069173008156
-20.505500293104376,-2.655470093893804,87.78309987029434,87.82359928215041,0.040499411856075085
-11.449849317225805,24.779014918351066,88.27593865724963,88.3705264573923,0.09458780014267631
27.65540869346988,-15.34227499301808,87.17872254126304,87.06460364378759,-0.1141188974754499
-24.85463113562571,14.898030897373424,88.7494864622374,88.75105661500689,0.0015701527694886863
24.083606446904234,14.088862777520404,87.53455235716858,87.34681596024441,-0.18773639692416566
-24.923490832721768,24.86885586667097,88.66540992469884,88.76658622137451,0.10117629667567485
6.299260656433923,-31.974054734450092,87.05383261915411,87.08306694399369,0.029234324839578107
-24.087074492168213,-11.180237510182721,87.96490990692767,87.98176417261027,0.016854265682596292
4.628691280014991,7.299831442192534,87.77247813790231,87.72557228304134,-0.046905854860966656
6.262551992287072,-26.643054868918775,87.26807269999142,87.2360650143645,-0.032007685626922466
-15.742173859170727,-5.99781314459711,87.78420711321026,87.80676990438509,0.02256279117483473
15.869294636520003,-30.057901273851314,86.90884493210947,86.86014035092701,-0.0487045811824629
15.327370705931088,22.808955943201326,87.59067200340944,87.56690894544104,-0.023763057968395174
19.29055195089674,21.540296697629756,87.48068671503547,87.4347210958222,-0.04596561921327691
18.8048549748857,-20.490839883472326,87.05584187110088,87.11709042967779,0.061248558576906476
30.036082507903444,26.290948167179444,87.03542557126681,86.9888025800929,-0.046622991173919104
-21.154400253396723,-26.071126137377384,87.58868805528056,87.58202315553578,-0.006664899744777131
30.485403132659663,-28.84416004726679,86.81259308998507,86.80783767273178,-0.004755417253292649
-25.09649529166653,20.764137846261967,88.70318339468913,88.79213289925939,0.08894950457025175
30.855308156093777,-29.531536086927503,86.77426317575188,86.79084206713014,0.016578891378259186
0.3052365853616976,13.66530193764087,87.94724953397674,87.85633365971195,-0.09091587426479464
25.42536077366462,-8.562160729211442,87.37084467879139,87.20759640509597,-0.16324827369541595
-28.118724678099404,19.879034738723107,88.79470849734832,88.89838274234656,0.1036742449982313
3.8586205181602367,-11.21433650938571,87.56060286748996,87.5158242236439,-0.04477864384605823
22.15717739001321,13.36233485833639,87.59830038041275,87.42501870277796,-0.1732816776347903
26.394736371510675,-11.07052835732457,87.3323854054536,87.15218687086615,-0.18019853458746127
-7.757792071628835,-25.44563057657757,87.40475669911051,87.40436272621308,-0.00039397289742737485
0.6253278458116043,-2.7031509021178195,87.71052410732553,87.68696907993606,-0.023555027389463135
12.208759878140448,-31.727534005083818,86.89657816306483,86.91871361391412,0.022135450849290805
3.296091178623513,14.010970685469914,87.88042726816579,87.80980731139583,-0.07061995676995991
-30.29372444776059,-29.746044782986864,88.89656571307911,88.81750245133688,-0.07906326174223466
-2.73985437804901,-15.293550261880682,87.52496264271014,87.53503445429739,0.010071811587252455
10.790583970481094,4.615541486472232,87.63853430912837,87.62261838942297,-0.015915919705406623
28.67075501459056,20.111485824961044,87.20820514889941,87.11043198155215,-0.09777316734725616
-8.15519353957756,11.60033661558385,88.11590036440074,88.16086643794111,0.044966073540365414
10.573710871447588,27.41445555548941,87.70901373805727,87.6915425345397,-0.01747120351755882
10.341531071914204,13.645300617811586,87.77370292179262,87.68929210907217,-0.08441081272044926
-12.977713417414364,-12.353610296173748,87.70214815753693,87.67295989915407,-0.029188258382859544
2.639710886323371,-25.57567686499751,87.34168580074693,87.32140146614724,-0.02028433459969392
31.745333807879817,17.125097854607013,87.16463833209863,87.03407599248526,-0.13056233961337682
-2.975922653739488,-9.623676011852439,87.64980977103798,87.64742803935917,-0.0023817316788097287
-20.979091692391677,-15.352575323941025,87.89343936761018,87.85198035290594,-0.04145901470424462
17.542469017413808,-20.946843155107373,87.09702337905425,87.10945947675543,0.012436097701183257
0.3990449099934068,0.04827427439032306,87.73398450193157,87.7301937940188,-0.0037907079127705856
7.798643836200256,20.404474273342466,87.77242768657169,87.7940928725736,0.021665186001911252
-23.981672838177964,16.61320715685511,88.77772693021274,88.77443729742666,-0.0032896327860783003
8.258703756159633,13.60310824542399,87.79802879612042,87.72352947145042,-0.07449932467000053
-21.489447346117906,-13.421532407946785,87.87064199186018,87.9248002603241,0.054158268463922354
23.602195999325303,4.885772685664712,87.45796234900448,87.41209547804762,-0.04586687095685704
23.497190744779246,20.27387436673849,87.36678831585186,87.29574918900626,-0.07103912684560498
-18.68323187019292,-20.82628997003917,87.5417414070332,87.56590983179757,0.02416842476436898
9.840817031119734,25.831192597067535,87.71815991316768,87.73598289790509,0.017822984737406955
28.549556097477335,-28.886720100982373,86.87051916590637,86.83639286370773,-0.03412630219864354
15.48451854876646,-22.680951901796995,87.1079254454466,87.08154215506046,-0.026383290386135627
22.273648440886426,-7.329412227140203,87.41754273714635,87.28565551700387,-0.1318872201424739
-20.330179974017426,3.1662847196201795,88.0400439255553,88.06336910623055,0.023325180675257684
22.48702633122783,-17.779083611067044,87.22664400382536,87.11693597820687,-0.10970802561848814
29.64202998577941,28.27854317850511,87.01543388813725,86.97983209275957,-0.03560179537768704
1.9337535708855427,28.15381732714549,87.96098617338824,87.96328235093004,0.0022961775418082198
-31.801858366864067,-8.77537104060844,88.99842444106555,89.01602653751426,0.017602096448712246
-4.384416259437899,13.768175013399258,88.12512094626749,88.03362481143284,-0.09149613483464236
15.354109294944742,-21.74904159879312,87.12345827984085,87.1118835485627,-0.011574731278145123
-16.9464940079232,-4.944287797399987,87.77533420533011,87.79846670940042,0.023132504070304094
-8.576592956933773,-19.248501386127543,87.48378832634894,87.4891867547901,0.005398428441154124
-1.5979079951405453,-27.385910014261867,87.3425747904043,87.34296105276069,0.0003862623563861689
19.701973985535112,-1.877164472913691,87.59984452207468,87.42871343654654,-0.17113108552813117
23.48922882831109,1.0895101484477365,87.45859467488424,87.39409776357655,-0.06449691130768542
18.729262581883127,-20.681210693962697,87.05782242884382,87.11198612924908,0.054163700405254644
30.634612573538618,4.848450801806756,87.27848655285558,87.2177528353818,-0.06073371747378076
7.46559455164617,-22.24023018895278,87.3394563881743,87.29625727557391,-0.04319911260039078
-7.800210920672974,24.507921696476657,88.21958325412372,88.26341593445814,0.04383268033441823
0.48337984805054646,-16.702762303746162,87.48669059328523,87.49067008148752,0.003979488202290327
-20.00783819475503,-30.462343440225915,87.73886710445163,87.73876107553562,-0.00010602891600797193
30.504162163898236,-1.0365453620599823,87.26224228158756,87.23589511722895,-0.026347164358611508
-23.128540142598325,-9.010433251979116,87.83127053393682,87.92163240136335,0.0903618674265374
-2.4834564121037843,13.017381921987429,88.01177962134346,87.9524240907279,-0.0593555306155622
21.438845841177148,15.44183538448214,87.53263364620237,87.42670871434493,-0.10592493185744445
-26.991912272640242,-7.771001265791369,88.73599175804377,88.62775266665531,-0.10823909138845522
-3.606734417939734,-1.143716257733665,87.73570653087357,87.74990085612906,0.014194325255488138
-21.63103479875398,-8.93279229351485,87.74304390499216,87.8921303867579,0.14908648176573536
8.130927105991262,26.361214638118263,87.79078197087749,87.79320517770641,0.0024232068289222752
27.946991350398974,-14.970035812091211,87.17724563784809,87.06526077997452,-0.1119848578735656
9.810330422534257,12.398100710191187,87.76999085904097,87.68658649697285,-0.08340436206812285
0.923471064486975,-3.7809400310287344,87.6964354842929,87.66704955279604,-0.029385931496861417
15.869316366437033,21.77358029618547,87.59291761118189,87.55831318421728,-0.03460442696460575
-14.352140463805938,-29.826789513870587,87.55532466359344,87.62119647284483,0.0658718092513908
20.097981807220933,4.240293445346438,87.63904194799422,87.47590388281895,-0.16313806517526075
-17.90600769340223,-25.210586169987835,87.6632337309789,87.57649238650377,-0.08674134447512927
22.22437432041852,-13.06198256491998,87.41398203393831,87.19402637749451,-0.21995565644380122
-6.381330050682941,1.5200847986521993,87.78035699593839,87.83304915092329,0.05269215498489643
31.858852474831252,16.57844581990429,87.174243420946,87.03635710232972,-0.13788631861628176
-4.799073205790833,-13.914942782981186,87.54423097763906,87.57844275526321,0.03421177762415084
25.719196826431663,26.26512594957247,87.18059589641985,87.14569464728376,-0.034901249136083834
9.047074095850583,-5.709819316655285,87.513470265799,87.52207981368812,0.008609547889122382
-30.81702331101846,-3.474607783069473,89.21914881301635,89.20296639461237,-0.01618241840397161
2.0101779011283583,-29.317671755228922,87.28581743590878,87.27425352733484,-0.011563908573947401
11.992400170617785,-7.059607085215347,87.45717992801504,87.46151250905382,0.0043325810387813135
27.36221665214544,20.725400062248966,87.23173677635207,87.15060877305837,-0.08112800329369918
-28.13683340111742,3.831609768863345,88.68443274213624,88.67064634188395,-0.013786400252286057
-3.4711354973167303,28.22049712654369,88.10600530086198,88.13163856295996,0.025633262097983334
-2.1599682095121864,-28.763186176481447,87.32804310430872,87.32462788681508,-0.0034152174936394886
-0.026013874726039887,-31.320167758921507,87.27818006343685,87.27550056642758,-0.0026794970092680614
-31.101142578743676,1.4888744209843523,89.19528069833517,89.10975924681554,-0.0855214515196252
30.81226984775393,14.561987267387806,87.22582871529235,87.09779701636546,-0.1280316989268897
28.563793270592953,28.308272442181725,87.04427424520176,87.01850264922322,-0.025771595978540063
-20.922199300508737,-6.470446942183486,87.71698252581244,87.85444784013733,0.13746531432488496
17.41080580497949,-17.080585902802454,87.18415622188124,87.21587334407661,0.03171712219537426
9.539450175855201,18.568727223517378,87.77098943716328,87.74817018929302,-0.022819247870259574
-11.10141337691168,3.5524406463293303,87.88325311956845,87.94484396317436,0.06159084360591294
24.639062768496338,26.146831285056777,87.20782739180943,87.18682575804563,-0.021001633763802374
8.055766010330153,-16.242534622684218,87.51855597537497,87.3784231839255,-0.14013279144946011
-20.25936555134856,-21.180396422385854,87.62278970848186,87.56348036711952,-0.059309341362336454
9.901631903489132,-5.821387505132641,87.46112791581356,87.50932049763276,0.04819258181919395
20.968833712360748,-0.5625636897644881,87.55480753534394,87.42700108812394,-0.1278064472199958
28.300949393105952,24.997255084638,87.11044336837723,87.06671166312864,-0.04373170524858949
30.739028917113238,16.355740645852165,87.20328750783693,87.07948288415663,-0.1238046236803001
3.927620939630174,26.87915347381343,87.89840346667796,87.91834264386534,0.01993917718738203
8.941607535978491,23.52956412306255,87.76897736703569,87.79445772273469,0.025480355699002644
11.880343364011686,3.164954390157689,87.59946819232248,87.60108741088493,0.001619218562453284
7.607168531695265,-27.47726033189342,87.19068051604214,87.17329543864155,-0.01738507740058992
-17.19660405488228,-25.336554712085913,87.6831218619806,87.57396801103917,-0.10915385094142493
6.841409351050345,12.25803271836746,87.79622470222029,87.73465006487848,-0.06157463734180624
-0.46811560711966393,-18.786635468906347,87.44559151785936,87.46872880730791,0.023137289448555975
-19.60006034248736,-25.178576170874756,87.58888857587174,87.59276070301324,0.0038721271415056435
0.5194007378761683,-8.84226151875324,87.62125913422523,87.60192249442605,-0.0193366397991781
-6.75170939899818,-28.208700666567736,87.3626454626212,87.36118406674525,-0.0014613958759497336
-17.55944029854237,0.5848914129517127,87.85830866311264,87.87926072579215,0.02095206267951255
6.331608185044075,-11.738762932311381,87.56567945402443,87.46946714466667,-0.09621230935776737
-9.164070075150072,-4.380801563672222,87.75213866273191,87.76852997616412,0.016391313432208676
6.020447293845457,-8.604408564671623,87.65839852768708,87.51864068414595,-0.1397578435411333
22.679209384745107,7.803322076640882,87.5416847524312,87.44530294138606,-0.09638181104513421
3.758746837738485,-23.870504346297537,87.35712909764882,87.3297794650898,-0.027349632559023007
-23.718240173641483,17.87353580093535,88.77390016287453,88.75949529209616,-0.014404870778363943
1.4650718839309746,24.912929605073735,87.95817491804537,87.94109510623213,-0.017079811813246693
-21.305328432545558,-0.486489634400165,87.89303002435611,87.9209956830998,0.027965658743696054
-4.432852913514402,5.095316516444328,87.86839750117299,87.95529020173115,0.08689270055815257
-4.268513567462236,-19.625810688851253,87.45813418027896,87.47237506924394,0.014240888964977216
29.175624921008577,11.425549521858088,87.29711724767454,87.19367919789985,-0.10343804977468096
-16.655127340715005,29.17809206911531,88.4761162889166,88.52156067563892,0.045444386722323316
20.366623702346708,4.722240893799565,87.62896917047614,87.47330936105898,-0.15565980941715907
-2.145698456211967,-2.1283809725739147,87.71980458692957,87.73961313980385,0.01980855287428085
-22.099778636920675,15.019509313497132,88.59793849719044,88.66423018799186,0.06629169080142105
-5.38686633791017,4.804184813879246,87.87148873640069,87.97005200403595,0.09856326763525658
-4.729740255679637,11.835869690631014,88.04099755174394,88.02923949404128,-0.01175805770266436
20.216859533852407,11.366241499562186,87.62740266732216,87.5114750617597,-0.11592760556246162
-1.8888266751708542,0.5446969364244652,87.7490932371008,87.7681203275434,0.019027090442605754
4.138485237183765,9.72636460867679,87.8640370947191,87.75616830177438,-0.10786879294471419
21.660803127674058,6.276489112186695,87.58117899166676,87.45673326559056,-0.1244457260762033
5.859114761921177,0.05301336377306143,87.66893157375307,87.66094774376654,-0.00798382998652869
20.76322848399228,-17.75950871404092,87.1443914729613,87.14718739727469,0.002795924313389264
14.341674801986741,-6.83046545857097,87.40907547793073,87.43564607038644,0.026570592455712472
-26.3472985422369,12.276527687103659,88.71618370549652,88.66872053996012,-0.04746316553639929
-0.32249845903140795,-5.147864154389303,87.6918294238467,87.66752742190158,-0.024302001945116558
4.594600037605019,9.531346981439924,87.84100089746308,87.74678127668656,-0.09421962077651358
-17.52070366080128,-5.947174516599489,87.78748993575934,87.7903231210132,0.00283318525386278
-6.089191043162167,13.223892647438213,88.13714213272061,88.09518226170657,-0.041959871014043415
4.689838708034067,-17.909349350150798,87.43578500672862,87.40601865610202,-0.029766350626601934
-20.17726653797221,23.703981834292883,88.53960939485991,88.62740464662105,0.08779525176113623
-21.925397288012988,-30.434562332949994,87.659459390364,87.6591787520022,-0.00028063836180081125
-20.73951060843875,-22.821796532231637,87.61560423236793,87.52710666555058,-0.08849756681735244
-14.547471555842932,-18.12018564394088,87.51386173751823,87.5509028114792,0.03704107396097811
30.795079198398483,9.65608408656717,87.27971571058002,87.1557568356707,-0.12395887490932012
16.787953319544144,-15.557863468741317,87.21674451665064,87.25010754464411,0.03336302799347379
-4.86303228256385,25.973369143167744,88.14065517016627,88.16522246009222,0.024567289925954583
-26.24682991037659,20.32092311956071,88.76484074581208,88.83308467734741,0.06824393153533492
-24.58995781836409,10.648518352161744,88.53326469612995,88.52699231794797,-0.006272378181975569
-10.203897598006762,-5.710846428683503,87.76828907151781,87.76988875876368,0.0015996872458714506
9.92485011243464,3.8442939022072053,87.64652907360183,87.62950507590159,-0.017023997700235327
-28.698753822982802,30.63357319672579,88.89069931197253,88.87477805424709,-0.015921257725437954
29.44692091839105,-14.184536773621524,87.14790371753864,87.05127726564356,-0.09662645189507657
17.846311258056083,12.6289448847823,87.67214262466635,87.5636672793459,-0.10847534532044278
-15.912982479673289,11.011832784211357,88.28334871866178,88.29182124172048,0.008472523058699721
-15.796911416597176,0.044774466252704315,87.8197968456134,87.81690835971195,-0.0028884859014510766
0.5931705764910831,-2.009841229718731,87.70866014793893,87.69726855605049,-0.011391591888440189
-26.96301824425109,21.270908061499775,88.76112905870798,88.8526949184132,0.09156585970522713
22.03478407755339,-20.42282554131689,87.12055699875339,87.08414518769182,-0.03641181106156921
22.786947689731797,25.103462262661353,87.29539899203002,87.26659890871578,-0.028800083314237668
-4.942619386463427,-21.714782729186915,87.4366547786643,87.44532748806769,0.008672709403384715
19.316245758755286,-27.603576956996818,86.87853023846775,86.9122040122509,0.03367377378314984
-6.6794261343487875,23.757868435948645,88.1852048519828,88.21568070341874,0.030475851435937784
14.701381254362467,3.5864732856266315,87.61718018708876,87.56753631148264,-0.04964387560612238
14.978337067549887,-22.75666937768402,87.1218891124287,87.09406378631638,-0.027825326112321136
22.714083899329033,-3.5286403175317744,87.40107077416053,87.34253280432385,-0.05853796983667792
-16.066999151225183,21.03830932759464,88.49546024241694,88.50779411063102,0.012333868214085442
-22.37365669066508,-30.88132833987246,87.64750075080336,87.73730845399228,0.08980770318892439
17.636234723645515,17.82398283729129,87.58034159748114,87.53660117334464,-0.04374042413650159
-27.561163752799075,-1.902320708508661,88.55644390685468,88.5562756696982,-0.000168237156486839
16.108645159422807,-5.894157583498632,87.3641973116245,87.4286158536887,0.06441854206420317
6.578066645954841,-30.558437753510248,87.10412584505214,87.11532648000062,0.011200634948480115
22.12410591566504,10.43910343528119,87.57948213667808,87.46038072334322,-0.11910141333486024
-15.693323464199047,-8.553147259814885,87.81130505695626,87.78962724803563,-0.02167780892062865
-26.664420466195153,29.549668961991593,88.79297572721954,88.8154764769168,0.022500749697258016
5.013364468492618,10.492195399248317,87.82784088753866,87.74870733528903,-0.0791335522496297
-18.411045738516087,-18.13374823649346,87.5230708621658,87.54543573948327,0.02236487731747161
-19.7296550312063,1.3581606452412842,87.94710062509861,87.96540570696835,0.018305081869741002
2.801748902093294,19.012056473230622,87.90731883691802,87.8642875126012,-0.043031324316828545
26.19530202411316,7.55679565825244,87.38511259991202,87.34674383081034,-0.0383687691016803
-24.14338802551088,-19.034480655383895,88.21549568684509,88.13523064261803,-0.08026504422706182
11.191442841850282,-14.981837841741822,87.29758718985447,87.34711631572627,0.049529125871799806
19.68700421244978,15.02406601264726,87.5849225677806,87.49498506791679,-0.08993749986380806
-25.874720787493445,25.370509562641516,88.66191998486272,88.79628166754027,0.13436168267755022
-15.11382784646851,-15.147150574505453,87.62064844575036,87.61502079905684,-0.0056276466935258895
-24.30810197980462,-22.559116553164728,87.47741442259024,87.50088494450317,0.023470521912926756
-17.64501193108954,27.113781246446145,88.49276223653148,88.55153467338246,0.058772436850986765
30.48722144405592,31.180875199501195,86.91837828324921,86.91580357010292,-0.002574713146287877
8.407670605047606,29.14976361698455,87.7816123123703,87.7523279652543,-0.029284347116004028
-11.28998425036729,-17.773554883300896,87.50291761857454,87.52912608698605,0.02620846841151092
14.892484570765404,-23.148337982170432,87.1143503148586,87.08539100715309,-0.02895930770550592
30.503811611937238,4.284948426227537,87.28148987854952,87.22907204744374,-0.05241783110578524
-4.588843770163486,28.224171813182316,88.13925133065695,88.16746116983295,0.028209839176000173
-23.48997802953697,-19.579234656257057,88.04420419443309,88.06438671543994,0.020182521006844922
26.95830631865895,26.026212752668968,87.14686640864564,87.10327177748816,-0.043594631157475305
-27.814682576020722,15.325982051203624,88.9367891318763,88.87262337828288,-0.06416575359341437
-3.245024590776879,31.655523224519975,88.11514062826515,88.12649849980563,0.011357871540482734
-31.501083047935587,23.471701741143384,88.84227022631566,88.99528804488317,0.15301781856750551
14.9311786696681,-15.74646198969986,87.2790983012867,87.27741516034821,-0.0016831409384820972
-28.039438449420437,-10.406605951291489,88.78171659684787,88.74294494676336,-0.038771650084513
0.260183912129186,31.435031125250248,88.02410915809449,88.02145822250917,-0.002650935585322145
17.46745466985108,24.485442289695243,87.48662075664222,87.46955304726403,-0.017067709378196128
21.463063242353257,13.22738650690571,87.59864082300626,87.45171373353242,-0.14692708947384858
-30.536370632058556,-21.496807285893226,88.97911416986328,88.99212051309449,0.013006343231211304
-13.469081729740203,-27.26791875140559,87.42011515132823,87.4715632182353,0.05144806690707071
-14.526424508497591,8.280682982825411,88.12651666165391,88.16667956308146,0.04016290142754997
16.27635714191419,19.884698033123946,87.57651411586531,87.56408007996382,-0.01243403590149228
-10.766476263538806,-2.573351482578637,87.74718713546521,87.78194928279343,0.034762147328223136
-10.376378205509354,2.354872077497113,87.853027087561,87.88937863201714,0.03635154445613864
20.189404511849474,-16.451516492082618,87.17059476642112,87.17726819863086,0.006673432209737484
-4.231699711074604,-27.69160701141491,87.3544048017188,87.35080822914558,-0.0035965725732154397
27.865571090336744,-7.628906850690221,87.30811743022679,87.1795475834336,-0.12856984679318373
7.4512523422502355,8.135027512412272,87.7404049389832,87.68637214797965,-0.054032791003550074
3.3561677613635723,3.0260314580943515,87.7501816656506,87.70849461998402,-0.04168704566657766
-2.8725453637384035,15.147721678616684,88.02249578234508,87.98732906479083,-0.035166717554247384
16.115760028923823,-10.130184331417446,87.31035654714739,87.35566997988359,0.045313432736193704
4.061473984234958,16.512700381450728,87.87636988200902,87.82022436454876,-0.056145517460251426
-20.38493052395458,-17.058383086190318,87.68211210966473,87.72090549315591,0.038793383491182
25.388313167613425,18.744184525775268,87.35473713956158,87.24519362829773,-0.1095435112638512
-2.7022208101617338,14.93570224322967,88.01559054099867,87.97871456910977,-0.03687597188890379
17.565794692059725,1.8170551387263956,87.67965454215064,87.51161828411114,-0.16803625803950695
21.1436899928172,22.657380618853345,87.4071582653603,87.35409940557037,-0.05305885978992819
-15.999797399597632,27.830580213014635,88.46259284828768,88.50288841276368,0.040295564475997026
21.85429963109346,-28.355858254600307,86.77731743695637,86.87997726631176,0.10265982935538887
-17.311105907755476,1.4434646082926932,87.8907384886015,87.9130102626257,0.02227177402420466
10.980339041048829,27.011364276858536,87.71977883004726,87.68098187291855,-0.03879695712871012
-24.989107096413235,12.713074745504073,88.65486278161585,88.64498177349509,-0.009881008120757429
12.44464147564701,5.600900483485013,87.62297600098259,87.60686767243438,-0.016108328548213535
-4.707018236702503,-26.833244986264866,87.36841032225075,87.36615517947553,-0.0022551427752262043
-18.214840171107483,-12.748778461953066,87.70886704622605,87.73157944893951,0.022712402713466417
26.272915163026255,31.456836227759837,87.05604240900001,87.06817071538069,0.012128306380674303
31.636802390451216,14.68833467284481,87.2224262961735,87.06648307500816,-0.15594322116533021
28.423929227419443,1.598630525016219,87.31882300446357,87.30211758346896,-0.016705420994611586
11.894510565056862,-14.80263238252433,87.23562554941557,87.3385742761972,0.10294872678163358
20.905885690908732,2.675683467182317,87.58440447816358,87.45209121442292,-0.13231326374065588
14.93638477690397,13.686340643432118,87.68992907762623,87.61820408408884,-0.07172499353738715
18.885400023011805,-8.744770536622717,87.33608063549883,87.32634017797868,-0.00974045752015229
4.5907193370536845,-9.869653314185761,87.57207178144104,87.52328731737853,-0.04878446406250703
14.193496704955734,13.569309848834422,87.72254404213389,87.6270073592446,-0.09553668288928918
-27.16002115412202,-2.359084617145207,88.45762800587036,88.54369104449664,0.0860630386262784
-14.750305029374012,0.8125686357841815,87.83093668225143,87.84481701270887,0.013880330457439527
-7.163806434076797,-2.699038648237803,87.73465017221272,87.76334171784163,0.028691545628902304
17.150895307035128,29.167128229468062,87.42418028552608,87.42973055448408,0.005550268958003812
22.253445511896203,10.250950885534913,87.56874461336446,87.45789936046701,-0.11084525289744818
11.602087318344196,7.615296284301124,87.64750953901913,87.62825727040325,-0.01925226861587248
-17.06908078258241,-22.259544245802665,87.5788281858143,87.5445636217929,-0.03426456402139877
3.7239083599965497,19.299785527545907,87.87950769260289,87.85161790710646,-0.027889785496427066
-1.9231605371655789,10.224036749707366,87.99420556595277,87.90469839244163,-0.08950717351113724
-6.3346637550271225,25.511566851296777,88.179688351631,88.21843578908745,0.038747437456450484
31.484244943119137,22.77827805876874,87.04637121612885,86.9774524389621,-0.06891877716674344
17.61288357740726,23.448306358963002,87.50365514720612,87.47559820332599,-0.028056943880130802
1.935248269885129,-4.3831250621557984,87.67277836738144,87.64260819824635,-0.030170169135089964
18.730916348214834,6.168359959921595,87.69015247484326,87.51237609963074,-0.17777637521251677
-12.266539556159238,-10.929064686861608,87.74949494223671,87.70501959323153,-0.04447534900518235
6.747554941821079,23.706396374548376,87.81898062594028,87.84211136519474,0.02313073925445508
5.767417359351256,4.191975444878722,87.6288395366723,87.68409674645535,0.0552572097830506
-1.277736265044986,-23.706784730333332,87.38928605646282,87.39754479827667,0.008258741813847337
-0.8211189020325733,9.194439846104054,87.96187433105084,87.8521261423499,-0.10974818870093372
1.6269175845905366,6.723061410290249,87.86085400865858,87.77014240574631,-0.09071160291226477
2.2972288099819167,-13.949731402565767,87.53101488963527,87.50177869018155,-0.029236199453720246
25.112864000923686,17.22478869048699,87.40702529031951,87.27291921168651,-0.13410607863299617
26.5780989448889,-28.664357863917942,86.9233097119199,86.85110888036257,-0.07220083155732482
8.477525879523164,-10.16819753460966,87.51575895961733,87.45785317722115,-0.057905782396176164
-2.9592725880797914,18.08035952658787,88.12192060808913,88.01784463643247,-0.1040759716566555
1.988322263204637,-2.880898613508485,87.69522877347927,87.66299123143872,-0.03223754204054785
-1.4191115968801,-30.46087566676956,87.30152961409738,87.29522057726949,-0.006309036827886416
-6.687480640337711,-11.069813200326912,87.65506992519371,87.66271449791506,0.007644572721346776
-24.09815921315122,31.233678793390673,88.68900042509975,88.73935216385287,0.05035173875312182
-15.411141126682153,-3.1961869457040137,87.76168316546736,87.80803396415665,0.04635079868928926
31.50661022975268,-24.06883315862666,86.96627027947642,86.8635166617495,-0.10275361772691838
-0.7432373549382163,-14.6819231915985,87.52830553441322,87.53969637098312,0.011390836569901808
23.045095132133945,26.197441385586608,87.28132783909156,87.24504663516198,-0.03628120392957612
-2.6628900416064596,-21.939266736279848,87.42077014117527,87.4310769577048,0.010306816529535467
20.54522864420425,16.717980086453203,87.52996820388123,87.44413098694534,-0.08583721693588586
-21.134331210260513,6.196545996700912,88.18863685504823,88.21941860002794,0.03078174497970565
-23.15113936321292,-29.67413457073947,87.55179729661577,87.67950719353469,0.12770989691891543
-27.31549630602983,4.423846042295111,88.48688806365281,88.59047786421175,0.10358980055893596
-8.86590542563897,6.826644550697743,87.92871981907903,88.07513602303497,0.1464162039559369
-0.08884275484922455,-11.735779583323108,87.55666196729408,87.5706759192053,0.014013951911223899
18.899480623682095,2.4683658260683785,87.68104056526695,87.48948786625544,-0.19155269901150973
-7.6917521085376706,25.773584318465353,88.19532979490823,88.25968316813893,0.064353373230702
9.627885500243949,-22.36834532770696,87.3015818024204,87.26024751733947,-0.04133428508093573
24.879453804421914,-2.6927022820491686,87.37006419684197,87.31535297671601,-0.05471122012595231
22.551937295595906,-30.117518953582874,86.7208692406211,86.82680497631661,0.1059357356955104
25.631514958731238,-4.355146881535944,87.37560081985035,87.27234849773615,-0.10325232211420143
-1.8869010917935967,5.7223776376655024,87.85570321735419,87.86164026563301,0.005937048278823909
14.447627316730632,20.33628090209377,87.6295538390236,87.62654736294809,-0.00300647607551241
-30.933497957441645,-4.5916962623263515,89.2086758963648,89.17485359776245,-0.03382229860234531
-5.66576309158409,-2.753658338620106,87.73040169953663,87.75559749635437,0.025195796817740757
-3.0847780679218957,-27.124536805377808,87.35489280413124,87.35400853438983,-0.0008842697414053191
20.45556065170775,-10.810793193998109,87.36220966831873,87.26070166522777,-0.10150800309095587
-29.50725629091245,30.504820537287976,88.90952647937598,88.89858767423148,-0.010938805144505181
-4.28959916786399,7.138114906040272,87.9370899277032,87.96859092053673,0.031500992833528585
17.169155333837914,8.64772580532049,87.67850687841369,87.55551247054413,-0.12299440786955529
-26.887416275129254,2.680990762435968,88.38947193315597,88.47005374225894,0.08058180910296642
-19.6367591754738,5.201581461084977,88.11599416561513,88.13688792144504,0.020893755829902716
23.18580759002581,-31.071609795350476,86.67613520030007,86.7969194385749,0.12078423827483675
0.10730326309665372,-30.717456262722443,87.2867539164237,87.28287796400987,-0.0038759524138356483
18.679622365166686,-19.624144381270312,87.07419386331523,87.14232349008185,0.06812962676661982
-0.34732614880558543,29.00976378493081,88.04468971519462,88.01691669971008,-0.027773015484541475
-24.509844978041798,7.572044487931031,88.38348012242878,88.41076355107042,0.027283428641638352
24.691120649798734,-23.3095138158302,87.11243158670521,86.99360843554349,-0.11882315116172038
-11.090200212177507,-6.869543538528504,87.78276104539043,87.77428050893846,-0.008480536451969556
-21.274811684141113,-29.434673351644236,87.64406636906125,87.64801303488215,0.003946665820905082
5.245805657003785,2.675525743142032,87.68389011000806,87.68265917766216,-0.0012309323459049892
-17.909028271622113,-31.772148265328454,87.88578503177686,87.79324791672329,-0.09253711505357387
22.97380499158011,-2.71950791522071,87.39873669658745,87.35145687473876,-0.04727982184869006
30.60054037457482,-8.304641148013133,87.23056835672622,87.12163872080957,-0.1089296359166525
-9.712722232647351,-22.88834691353979,87.44973315779679,87.45416423894214,0.00443108114535562
-27.54375835511067,9.741957945738875,88.66806945681238,88.69880864455239,0.03073918774001072
26.832806951199267,-27.385705714926083,86.9964486662139,86.88646795758203,-0.10998070863186626
0.2953635102981593,25.7524354446807,88.01067759061239,87.96830756483956,-0.04237002577282567
13.394185920982139,1.430292241679119,87.53230958732712,87.572667171095,0.040357583767885785
1.0999379032981906,30.644390984027083,87.99034555520664,88.0001833816015,0.00983782639485753
24.7424163530373,6.649791465575873,87.41378087242543,87.3995877472673,-0.01419312515812976
-21.498962640736273,10.447361124496751,88.3866658130516,88.4128835082839,0.02621769523230455
14.452093330239812,13.217711680682982,87.71849348767341,87.62185893066474,-0.09663455700867019
-13.48989010861822,-5.451153348419581,87.77321729204081,87.79224963048934,0.019032338448525365
-10.625948577586769,-16.597427087291322,87.52468497213329,87.54137744656485,0.016692474431565074
12.302207761485619,-2.4508318550104065,87.51583134727134,87.5367982236281,0.020966876356752095
-23.743839316192123,-5.67267590619123,87.84181006694985,87.92159834726317,0.07978828031332341
-17.208191742462027,-1.2995146116716114,87.80104208905145,87.79987741997945,-0.001164669071997082
13.672502911622772,1.5905768053174114,87.5315161452917,87.56998760979084,0.038471464499139074
-2.1221292644413197,0.3490651119775521,87.7476768777391,87.76084034549426,0.013163467755163083
-16.832373541565637,-29.09433395149685,87.79995451885713,87.70591670403364,-0.09403781482349416
25.657554429283813,-29.609389856570125,86.83709605640976,86.8280877827633,-0.009008273646458065
22.24602929025407,-25.225025227952834,86.94276406111555,86.96754115651977,0.02477709540421813
29.072675807692562,23.780725156425838,87.11159153451615,87.05300348936578,-0.058588045150372636
26.74159354283558,25.866102564461784,87.15409183742312,87.11298522344246,-0.04110661398065929
-8.398762822982775,27.188790749145973,88.23168640785055,88.27984461384493,0.04815820599438325
-25.53152799798586,-17.803903418431887,88.31590879083947,88.28927623329177,-0.026632557547699776
-0.9055303072875205,-3.6661806560229024,87.71805766253917,87.69793119763999,-0.02012646489917813
28.17441469534652,23.66599928998562,87.15013657415591,87.08684961051962,-0.06328696363628694
-30.65391418027454,21.60899386867537,88.83641468625447,88.97563942177229,0.13922473551781422
-0.17020089870072042,-25.605563722718777,87.35715406282704,87.36332950459912,0.0061754417720862875
7.419986562819325,6.049453771586542,87.69275458708708,87.67299750022879,-0.019757086858291473
-9.063894618438205,-22.540165263355163,87.45036582265902,87.450264893994,-0.0001009286650202057
7.232480526236991,-5.764305458529627,87.604087447869,87.54416482086431,-0.05992262700469553
9.010267620981274,31.58103965878191,87.71542871864705,87.7033646833795,-0.012064035267542295
18.7560388768582,4.47598886162892,87.68194727237031,87.50290439738465,-0.17904287498565452
-31.916609804980382,31.596132978746887,88.97056235010422,88.97030464745389,-0.0002577026503303159
3.3559845377312314,29.002352656791885,87.93708003731062,87.94023031741686,0.0031502801062401886
29.08002804849508,-7.951856122738491,87.27303357141066,87.15348132732402,-0.11955224408664833
0.06995218552823701,25.178677865814905,88.01538821687345,87.96674766165115,-0.04864055522229194
10.528512721195554,28.572914530415474,87.68087685969186,87.68046689164292,-0.00040996804894177785
0.9575091974117527,7.843203119234204,87.8881467757528,87.7916331902253,-0.09651358552750366
-24.861161513657926,12.2583321355498,88.62571131306736,88.61764226544815,-0.008069047619201797
13.369097654224916,9.448364196725137,87.73155111033864,87.61557645876553,-0.11597465157311149
6.9006085677190185,-23.234914549281953,87.32902940651772,87.28998749000348,-0.039041916514236163
19.93179333342197,-15.701782641783552,87.17727858245102,87.19327150459272,0.01599292214169168
-18.77289245459002,7.88100790431605,88.2140925686484,88.22998863035149,0.01589606170308855
-30.14794499894692,23.346667688561077,88.83568606571222,88.95021995547475,0.11453388976252654
1.767458471886279,-22.36036386077027,87.38871549699664,87.38417095541847,-0.004544541578169969
-23.56002872753163,4.219684179588157,88.16793042864248,88.1870451541057,0.019114725463225568
-6.10286900923208,10.464467717180398,88.01347757216784,88.07019101005665,0.05671343788880279
-10.32020062943132,0.2974596011078674,87.78519508250051,87.8001111434344,0.014916060933899189
-18.685552748361623,-7.513943358752186,87.80072457184355,87.84284903901353,0.04212446716998386
25.820601023568422,11.657424489176215,87.39673908077341,87.31237698961802,-0.08436209115539839
19.29971041509686,8.947383436736224,87.66925338433165,87.51622418880335,-0.15302919552830474
5.2108233072452705,29.248497118073345,87.90068406938089,87.86912570255723,-0.03155836682365987
-8.145489780403878,0.21203686361760532,87.77028638347822,87.78540713636475,0.015120752886531363
-27.42814399341257,17.352017586769996,88.85668139231556,88.8872084853392,0.030527093023636098
28.514464390482708,2.4608120483417792,87.31374631189364,87.3049602405069,-0.008786071386737149
-22.434715062781926,-20.02865636020295,87.73845498229093,87.74972221239517,0.011267230104238024
19.4697154191786,21.84986510365689,87.4689319675876,87.42470938394325,-0.044222583644341285
16.27032153051492,25.164406660653952,87.52489080800211,87.50622914804924,-0.01866165995286906
-21.981633156531274,21.055471011463723,88.61030132862356,88.68560753883915,0.07530621021558659
-13.144903389289887,22.019847370239397,88.3852021961717,88.42151842897893,0.036316232807223514
12.401710264388505,-23.252705045422402,87.16800686155452,87.15465055746928,-0.013356304085235138
-27.206293469958148,-3.3762152095408453,88.55733525425981,88.74657434414402,0.1892390898842109
-13.107375410502293,-30.410650824885707,87.44007979182756,87.56568276787175,0.1256029760441919
-6.730416248139839,-26.34533752167078,87.3868971439389,87.38549198840593,-0.0014051555329643861
22.910355069868345,16.29705944304247,87.48048960324084,87.3634639626405,-0.11702564060034604
8.748650199074582,28.387941959964287,87.75906068201803,87.74813390481323,-0.010926777204801397
-12.903602181077794,-1.6123053520504627,87.76726784686363,87.79559035445175,0.02832250758811483
27.240467226019156,-0.14566212126798206,87.33944180892655,87.31382987635264,-0.025611932573909257
-23.90777060037029,29.41992202159306,88.67427458077191,88.73454123631976,0.06026665554784927
8.116731622728501,21.78721829570315,87.79373912552803,87.80159537803448,0.007856252506442729
5.0624273737278,28.744129231403306,87.89654300840886,87.88014553412913,-0.01639747427972793
17.381519883883747,-12.866492705299692,87.2354157643775,87.2843512022977,0.048935437920192726
-15.781962356964577,-28.606285023469646,87.6684574721494,87.67708777151277,0.008630299363375116
-26.048825786876556,11.1700384196661,88.64593271262238,88.60263106530269,-0.043301647319694325
19.781101684159758,-10.494415464481804,87.32384058537323,87.27908078662975,-0.04475979874348468
-14.738041551213755,-29.35611290655897,87.58091651569045,87.63137212525275,0.05045560956230588
-6.746716026862934,31.894031074621196,88.255143130114,88.22927635743235,-0.025866772681652606
-24.82550246082397,-8.463383263656993,88.39531909734947,88.23108225292185,-0.1642368444276201
2.382667679938855,10.41648169647496,87.9059874950899,87.7917431160803,-0.11424437900960527
-4.250644477989333,17.661553920515153,88.1321344112443,88.06441436459542,-0.06772004664887277
25.363071395574018,-11.748430369464124,87.34730385279501,87.15968877214671,-0.18761508064829968
-27.511273532770836,-30.87260821666014,88.84462285020685,88.83118479536984,-0.013438054837010327
20.794687061554853,13.477458681406318,87.5919352737011,87.47297746030046,-0.11895781340064104
-18.33205188533666,24.460141868927842,88.49281260875004,88.5728653331821,0.08005272443205058
1.29308563072437,-11.246866275895712,87.56416879824394,87.55577191516906,-0.00839688307488018
-30.578514824633224,-19.264611951116443,88.81726640298767,88.70574410921971,-0.11152229376796186
2.824050661585403,-21.259313636414106,87.39668732981019,87.38431995619574,-0.012367373614452504
-17.98684329850557,-30.68201915420415,87.84654305167287,87.75608896863035,-0.09045408304251623
-4.850232594086442,24.127437819358747,88.16000432409027,88.1476470346622,-0.01235728942806702
-28.747557956648976,-26.506256117154024,88.95037810372295,88.88422102240044,-0.06615708132251541
28.699760787819137,-13.058800520841132,87.19283802685442,87.0815674861038,-0.11127054075062404
-9.695794797276946,-14.651086415744466,87.55583013813124,87.58020415361815,0.02437401548691298
16.546284607101768,18.780207745750886,87.56865871095928,87.5662752075397,-0.0023835034195798244
9.532915635184708,-27.886275319644653,87.11030665724417,87.10579064189751,-0.00451601534665258
-12.531929588759688,21.504851172417503,88.38862824373217,88.40373132021165,0.01510307647947684
20.19992714678917,7.527140462952779,87.63498938815144,87.49140712711763,-0.14358226103381355
24.702858787789317,14.054635314294217,87.48540928064254,87.3248071866678,-0.16060209397474523
-29.555787520779752,-14.323861922311515,88.51435660931158,88.6362292820799,0.12187267276831903
23.98640218936474,30.321388534391332,87.16948432954774,87.1649750962567,-0.004509233291045689
-31.701223574066155,-28.8601215269291,88.78725815940108,88.7409737734687,-0.046284385932381156
11.808352436412314,-31.39564356983621,86.9211343571487,86.93978455738345,0.018650200234745284
-12.030411621822438,3.986817718196704,87.87276989478445,87.96833382514748,0.0955639303630278
27.664684244254474,-28.984222890719835,86.89317111426162,86.8373747395764,-0.055796374685215255
3.2296767396601638,-2.9403999401111705,87.68579151769437,87.6434855331929,-0.04230598450146772
-0.9040636684768302,27.557071208216293,88.04236592271671,88.02522622479073,-0.01713969792598391
1.001559603597812,-18.894654969629556,87.4372612588139,87.44908375711584,0.011822498301938822
29.90325049789041,-10.437853978037445,87.23284267579571,87.10095510062324,-0.1318875751724704
-6.123291225947106,20.795655528562897,88.21561212950158,88.16655546226661,-0.04905666723496438
25.260260552421194,5.7250766750166875,87.42468232794532,87.38473964231352,-0.039942685631800146
22.76447262301857,-28.416602977606445,86.8027055341962,86.8743778064904,0.07167227229419382
6.554772209937859,19.904372065126623,87.79700430717655,87.81014652536216,0.01314221818560668
-5.141297274533592,-30.610395645899438,87.32125025474899,87.31859323890455,-0.0026570158444343406
25.617434048069782,-22.679129030044606,87.13273950773072,86.98720639279819,-0.14553311493253318
-21.07809956422721,-8.781207851587872,87.74205982679217,87.88506126957826,0.14300144278608684
-30.292759471753016,-4.588178101802178,89.1926549568728,89.16178431599809,-0.03087064087470992
-30.603024690374788,-21.631390153687477,88.98220117254411,88.98328551371834,0.0010843411742342823
-25.139824600675908,13.40713929679918,88.69658610085467,88.68520550717328,-0.011380593681394657
19.97232261764691,-1.3027199616777665,87.58552729596965,87.43339974623258,-0.15212754973707376
-18.766590861387762,30.374288435914465,88.56005568854906,88.58307990021409,0.023024211665031658
11.107691887899357,30.524095657317062,87.63586846829874,87.63764788696301,0.001779418664270338
-5.421875179566825,-22.496455318474624,87.42908198569076,87.43568363510879,0.00660164941803032
21.43662847974715,16.322713240860892,87.5144907405975,87.41649369377939,-0.09799704681810795
-1.8152484068829864,30.8398978113294,88.1177253351333,88.08484322206014,-0.032882113073156916
17.290205748297375,6.433956625698102,87.71065026099828,87.54143055055567,-0.1692197104426043
-6.577678279884694,4.951515755791476,87.8927939164075,87.9824525527299,0.08965863632239746
-24.224388105411613,-6.266644309972158,87.86266532217746,87.95997160552564,0.09730628334817482
-17.929670128955458,-24.38343391602993,87.63511793817543,87.55935881352619,-0.07575912464923817
14.523629101804154,-27.660373342738893,87.00326660272997,86.96749503851144,-0.035771564218521235
-10.860949963210913,-15.40042809965854,87.54794736347657,87.56961583501833,0.02166847154175855
-12.716894024864843,-16.551972679241217,87.5339135430569,87.56090305577894,0.02698951272203942
0.9830967904333292,2.231827629503364,87.75785463060777,87.73930081166033,-0.018553818947438572
-27.36437745826059,-0.1916560529133946,88.50260233289359,88.5404085524706,0.03780621957700703
12.04403795033381,19.4018467292666,87.68671161286399,87.71423725063666,0.027525637772669143
-31.850151765450086,-21.980060296884858,88.87106892140685,88.8798076483712,0.00873872696435285
29.018603609258875,23.636380191403397,87.11264742856525,87.05664722503018,-0.05600020353507773
20.12187718320329,-11.367813993666054,87.31130108146901,87.25753007364742,-0.05377100782159516
-18.725974733249913,-12.488849477210195,87.71668577213057,87.74948490213019,0.032799129999617094
24.23939950453608,-28.89196119951479,86.81386743561525,86.85456165791956,0.0406942223043103
13.158074021425016,-16.915786193930956,87.25352561158272,87.2877951670715,0.03426955548877686
-15.835729159541444,28.22148091095862,88.46127649539856,88.49789933851704,0.03662284311847941
-14.892638073510497,-26.90702664871209,87.51374366552284,87.55689527519178,0.04315160966893927
23.85109915847829,28.65864599838521,87.1847045941565,87.18825352420262,0.003548930046122223
8.821781371031896,-12.210162330601818,87.50058159728384,87.4235884004865,-0.07699319679734629
-1.0507367524691062,8.98716004625021,87.95826867853528,87.85917811495341,-0.09909056358186774
-23.14738312363599,26.434509348548595,88.62180454932417,88.71348920678892,0.09168465746475363
-31.61172714775055,12.267367175753563,89.10457534363118,89.06499101312488,-0.03958433050630106
17.94407185933313,7.324918412276887,87.69530063527267,87.53361717219026,-0.16168346308241155
-5.6898433065137795,1.017294278554651,87.76997132715438,87.80780280928673,0.037831482132347105
-26.917245900378433,-0.14745540254057232,88.39083941973762,88.47025730607787,0.07941788634025215
-8.04385919921615,-16.02527140107265,87.52671159203598,87.52700311248957,0.0002915204535867133
-20.835558741556014,0.8438533660218823,87.94518029807269,87.96706646705022,0.02188616897753093
2.7256121270281355,9.423018727323871,87.89260853915687,87.77685171455546,-0.11575682460140513
17.47136236968671,28.360209501677502,87.43091852380228,87.42678893323028,-0.004129590571992026
-0.8907402994773648,8.856930257394225,87.95193826350354,87.85172363726359,-0.10021462623994637
-8.523319936686853,20.053220247981635,88.26813319973579,88.2534380754145,-0.014695124321292496
-13.3496507963292,-15.405403800900217,87.58156944119222,87.5918773055754,0.010307864383179322
-7.272970273525139,-3.9363093791698063,87.7428609705454,87.76026142359514,0.01740045304974558
-14.669938946860611,29.62648928032273,88.4533031236814,88.46304170883465,0.009738585153257873
15.438001441266614,-22.459669070367163,87.11061648372547,87.08919774094691,-0.02141874277855038
0.6520619481221885,-4.813293139894704,87.6837957804387,87.65674225871606,-0.02705352172263531
-28.87120256304874,-25.516814055685664,88.94442855870109,88.90997268920336,-0.034455869497733715
-13.45639229816694,-8.980249648858724,87.80803729325282,87.7634766883484,-0.04456060490441871
-20.979603302434498,14.473404959957897,88.56224865650363,88.59877773755503,0.03652908105139829
-16.973842678880324,-14.300057392264392,87.73748590323997,87.66429638896898,-0.07318951427099307
-22.27442774937174,23.144482031157537,88.59239275630799,88.68926135750864,0.09686860120065433
-7.938876697365799,-10.157315385980006,87.71257333030793,87.69119528069415,-0.021378049613787198
1.3958142226415973,21.28958357893523,87.96763595027178,87.90872945345666,-0.058906496815126275
-16.6022968613119,-5.219009350002352,87.77761545761388,87.80225444686737,0.024638989253489285
27.535221816336424,10.36601434005155,87.32141621856454,87.2654235774356,-0.0559926411289382
-17.01025221059519,12.384362919906565,88.37155120598061,88.3782690983404,0.006717892359787925
-7.552717049788889,-9.670750585688474,87.71840970648783,87.70401166470131,-0.014398041786520821
10.472679166962777,19.271066902602257,87.74964882641561,87.73915182719449,-0.01049699922111813
-24.923108076828818,-19.939809881598038,88.33611157459517,88.22997555131059,-0.10613602328457716
31.247587079739617,22.435306661183965,87.07863373723801,86.99002482569126,-0.08860891154674277
30.14766124979728,3.4244381008901428,87.28935578294018,87.25201723050708,-0.03733855243309847
18.459960397789537,-10.092002546517278,87.30608544428149,87.31134690859756,0.00526146431606378
-21.070734584898794,18.18559212209199,88.71132001523668,88.66864371806413,-0.04267629717254806
-21.278907242122877,-25.921950644330003,87.59020441085521,87.57527945624126,-0.014924954613945829
-31.251371816578512,-29.80172934739482,88.85488984579209,88.75144093922421,-0.10344890656787697
31.099435880984608,-8.295672252774729,87.2170344395167,87.11310846685761,-0.10392597265908421
20.45923343151732,19.889043364120127,87.47103424863539,87.41018108289971,-0.06085316573567923
22.693057144265254,26.44127776824439,87.28523921932452,87.25534598815314,-0.029893231171385537
-26.303793561333762,27.41552160593274,88.71241264161114,88.80580216372442,0.09338952211328433
-27.21601300111302,-28.063078598780606,88.86497354437157,88.72748988675156,-0.13748365762000958
-5.497427925934126,18.157795428933802,88.15512195841994,88.11770684243928,-0.03741511598066438
19.434074497710675,21.033855564912386,87.48398159347407,87.43499923784262,-0.048982355631451924
10.976637520260809,-9.99101680700101,87.40568170060196,87.42401392610431,0.018332225502348365
11.20136175607103,-30.999607214156462,86.95418306932265,86.96867470261938,0.014491633296728423
-0.6787984796750095,1.2648914888147544,87.75289813007961,87.7732159950379,0.02031786495828669
13.981263944284386,-1.0592458410898757,87.48346835945405,87.53941500207448,0.0559466426204267
15.264654374721466,-16.786762713129697,87.25045374470722,87.2559027453999,0.005449000692678396
16.666279528169632,14.383231078464625,87.6879898522814,87.59562768713816,-0.09236216514324269
-25.616476937220092,-12.039726829422058,88.33936023108654,88.22563379251855,-0.11372643856799414
-12.963280694886599,-3.502498552062306,87.75389192055684,87.7911283996236,0.037236479066763195
-8.62562685796886,10.92465464207325,88.09725294844341,88.17299232302477,0.07573937458136015
25.43335490400444,-19.257492635401988,87.174173874067,87.04301343923058,-0.13116043483641704
8.718775652748512,31.43643883658965,87.72772240368944,87.71570396837669,-0.01201843531275415
-6.16925717466502,-6.944942151904613,87.74320006209884,87.73716083276413,-0.0060392293347035775
-7.09347850384782,-21.31768727565578,87.45443828572317,87.45715981386905,0.002721528145883667
-14.052068774294497,-2.3884189785745207,87.76257286372336,87.799868926027,0.03729606230363913
-17.300524925604364,13.805572629850289,88.4419598200802,88.44739236115383,0.005432541073631114
5.947623190389763,-26.65326619724088,87.2764861229985,87.24490712359284,-0.03157899940566722
1.791439312761156,-28.42933340640645,87.30505462681742,87.29124526470969,-0.013809362107735978
-6.444792759686678,24.6859461535889,88.1818638791929,88.21510041945639,0.03323654026348777
13.608194515607586,-1.0117586502040012,87.4947969079865,87.54496430305527,0.05016739506876888
-6.547221858097764,8.089154970861657,87.95026441234724,88.06557601916651,0.11531160681927588
30.459417952709167,18.61122089706241,87.19134449681957,87.06324020573814,-0.12810429108142785
9.429588734250999,-11.24170312419303,87.4571201739191,87.42769492080632,-0.029425253112776772
20.547788498743977,28.1461483575385,87.32113060541157,87.31570025851862,-0.005430346892950411
28.976509709543826,-4.915325941542136,87.28799881409932,87.2019675265654,-0.08603128753392753
24.92547646965692,12.3445114848707,87.46522828203912,87.33673842069766,-0.128489861341464
-12.181595227406575,20.912421288776905,88.39581570535019,88.39369405771727,-0.002121647632918666
-4.349247439518464,-1.2145549772518578,87.7378252896456,87.75345182811061,0.01562653846501405
10.831849445149082,-24.745629716054196,87.19219655314087,87.15762914927723,-0.03456740386364743
25.47516840241012,14.39198449381476,87.43461239812399,87.29291694664659,-0.14169545147740337
2.0371869607437745,23.94678478289194,87.94319613620536,87.9226463727687,-0.02054976343666226
-5.395598699519184,-4.430038213341206,87.74409612305686,87.74930751871238,0.0052113956555217555
-20.618745623899812,31.916437306679228,88.60584466590177,88.63683125231302,0.030986586411245298
-7.10520188797171,31.42892530431582,88.28298099580095,88.24000950626755,-0.04297148953340013
-25.401688695103438,-4.752715879757524,87.96334893917816,88.02063113912517,0.05728219994701078
-19.011059486206534,4.732969101569864,88.07953090473215,88.1001176075916,0.02058670285944686
-26.126207655740977,-2.071262528555046,88.20268671186679,88.21581524823361,0.013128536366821209
6.142803321979663,16.40982568098822,87.82181207087645,87.78466999076572,-0.03714208011072628
28.297258512981116,25.234469507439663,87.10856445803266,87.06407278097987,-0.04449167705278967
21.527759617229016,7.760606461835238,87.5876994385624,87.46716948379388,-0.12052995476851436
3.1555626094583715,19.541962811789467,87.89397127658145,87.86330704837687,-0.030664228204585697
6.426664824188208,-1.9684700571539722,87.63201151369412,87.61963139730751,-0.012380116386609075
-6.506976316327567,-15.59511551471926,87.52866990000568,87.53502857896586,0.006358678960182829
-16.55937350305821,13.075025533487072,88.39128701995377,88.39624833046648,0.004961310512712203
1.4991339460116677,-30.116508641248316,87.27830197254511,87.27012070638919,-0.008181266155915523
-23.618074491992196,-8.967080463126827,87.95286727443039,87.94053060976503,-0.012336664665355102
27.839342557591777,16.540362874722994,87.30092638901966,87.18225569968791,-0.11867068933175062
12.276401492754452,20.41460085492399,87.68172828068658,87.70574984467605,0.024021563989464312
5.801687684137576,-13.833867762831574,87.52622620020107,87.44822003682484,-0.07800616337623012
9.254320915877273,-25.201187581415738,87.21827049141986,87.19039506341865,-0.027875428001209457
3.7187165719674553,15.854631377894066,87.88916775680354,87.81983546970993,-0.06933228709361572
-5.1930844238521345,-2.33567329265572,87.73063869898678,87.75443186919019,0.023793170203404657
5.029353159207865,9.061440233646643,87.81185443024957,87.7352065859166,-0.07664784433296745
-9.342236650309665,14.616109841305061,88.28150173652223,88.23513178327016,-0.04636995325206783
-1.8986288883072149,-21.49465840416525,87.42196216114436,87.43422719407438,0.012265032930017128
-3.608030220554596,-25.288568470571434,87.38189976911815,87.38449102470783,0.0025912555896780987
10.206067840059063,23.408843198279477,87.73263722500475,87.74915860374374,0.01652137873898596
31.794910113977075,11.51276149157411,87.26370975441297,87.0978761621365,-0.16583359227647065
21.94675008212323,-22.967634760920888,87.02706192221427,87.03314872146474,0.006086799250468289
-8.495635577733594,-1.9532225174870845,87.74554300881348,87.7722740054953,0.02673099668182033
12.768652001516777,-22.15897827259161,87.141752437574,87.17518023077966,0.033427793205660805
-15.682839127934677,-20.415229015124595,87.51730234086654,87.52300861399058,0.0057062731240478115
4.852704605521595,-19.361350970112056,87.40973296560162,87.38131140101319,-0.028421564588427373
16.1573899745621,-27.93690487841217,86.97219050805867,86.91612930357337,-0.05606120448530305
-21.253431655113324,2.7259686297813985,88.0352913146953,88.06424630763811,0.028954992942814783
-2.9264976131156075,4.248940508170534,87.81770637689644,87.88861942597632,0.07091304907987706
20.499374916738667,-18.693592272152884,87.10334397301482,87.13740994394439,0.034065970929574974
-23.816859944860504,15.369316896894787,88.70937408730647,88.73989069104435,0.030516603737879677
-12.892697014361111,-14.933233514883227,87.59402299168313,87.60104452985254,0.007021538169411201
-10.311321359474078,-26.899453990092496,87.40028008909671,87.40052441453273,0.00024432543601449197
3.6661265104196943,-17.453201184243532,87.45264969911474,87.42909809765192,-0.02355160146282742
-7.6313542972485,-24.378517968080104,87.41787147415182,87.41749798560998,-0.0003734885418396061
-18.752161002468675,1.3274017647006673,87.92154063884782,87.94136968618972,0.01982904734190072
-15.724583645093901,-9.019248866712495,87.81633094713743,87.77777787517819,-0.0385530719592424
-16.583760005983393,23.725272598181178,88.43625354742811,88.52181711344514,0.0855635660170293
-29.025482398810404,7.155863639917584,88.89594165044105,88.84646026396202,-0.04948138647903022
21.725998572763004,-27.88269149126547,86.78882919422162,86.89400779856469,0.1051786043430667
16.341905273415506,15.107895754083344,87.65817305025449,87.60570094632507,-0.05247210392941781
19.168281526261133,-19.660748939312548,87.05939780812149,87.13920345874298,0.0798056506214948
-20.25655928264632,-4.33593148288616,87.74384455632291,87.77794348916055,0.03409893283763665
-12.926491951300576,2.729836354765318,87.85610052313979,87.91850578784707,0.06240526470728014
9.280390694982273,-30.686734961459955,87.0158318506286,87.03330092319973,0.017469072571131505
19.491057475415552,21.469639222923284,87.47512218243219,87.42810464266641,-0.047017539765775496
-29.90976966640259,17.511602585437217,88.93806624890081,88.97019714432776,0.03213089542694547
28.27623824960282,1.2905466315148857,87.32143365420058,87.30331490097403,-0.018118753226545437
6.454220179401176,17.59071647168988,87.82047842902946,87.79041619703567,-0.030062231993795763
-0.6874985173647872,2.8946932510345533,87.77248841634352,87.78863201315498,0.01614359681146027
-8.200634849470589,5.8694282177042965,87.9206516887279,88.03036848434117,0.10971679561326653
-5.137680156392236,5.063568945981345,87.87715375832475,87.98000886270543,0.10285510438068002
5.640113186936972,26.530536530625334,87.8603426487136,87.88319150598015,0.022848857266552614
23.69667222781328,-10.916539591179216,87.40852580032654,87.20143251761881,-0.20709328270773142
5.882915260377999,-22.133196143721023,87.3645043934619,87.32281667670489,-0.04168771675701066
-26.781683171476757,-12.059154810869245,88.56533882553241,88.4288607561463,-0.13647806938610074
-9.15985874486821,12.419995943540243,88.1774824044291,88.20769296349204,0.03021055906293668
-12.189098772167405,-9.114074426865201,87.79182395707114,87.751459740917,-0.04036421615414554
16.523462263502452,9.829866709861577,87.73512629685641,87.5741810910485,-0.16094520580790572
6.473123436042734,-25.389656960515737,87.29358254059503,87.26386190577007,-0.029720634824954573
19.120606512061144,-28.078933654339593,86.87808686352368,86.89948781317507,0.02140094965139383
-28.950263149252066,8.3769727274437,88.874767154689,88.85871186485558,-0.01605528983341742
6.383680048942487,28.348944274881532,87.85511732706024,87.83577112926172,-0.019346197798526532
-25.51366613445809,-4.850688158076956,87.97495577327832,88.03190582666737,0.0569500533890448
28.75945218616034,-16.05967331051383,87.13103004901009,87.03439100979722,-0.09663903921287442
-9.116871173294477,2.042835888007538,87.82602414472643,87.86950681247113,0.04348266774469778
-14.172495198477378,-1.9990996608645943,87.7677141794756,87.80116796688822,0.03345378741261129
-14.212865975131756,-14.144107574385707,87.64749890533983,87.63496806184492,-0.012530843494914734
-31.022586692527142,-11.264992903773525,88.8749609939892,88.86839053296985,-0.00657046101935066
-7.7040961752634445,19.20234132576725,88.23442308625206,88.21356650731117,-0.020856578940893655
-30.459394818088427,-7.888162651250582,89.00640036733022,89.00219066761343,-0.004209699716781756
28.599367209158267,17.083654913591246,87.26954241406892,87.1484030569205,-0.12113935714842228
29.912417661038404,-22.70977210210379,87.02496761827692,86.91211124789635,-0.11285637038056962
-21.31889703144114,-28.5912870982989,87.61810362592273,87.62633128966371,0.008227663740981939
-23.56965050775638,-15.604968879143826,88.11700761977457,88.12154484717186,0.004537227397293009
4.405456391830938,-24.05085754538186,87.34869366829949,87.31684351604756,-0.031850152251934105
-23.438445252617896,-12.115755163774068,87.84344518613312,87.92785812612927,0.08441293999614174
-13.589795323348156,24.18372943359318,88.35131643108528,88.43365564267731,0.0823392115920285
-26.349390560496794,10.800121590970967,88.64692266918885,88.59404808695967,-0.05287458222917962
-30.85323206203413,-30.133023050732994,88.90457596870891,88.77137392104926,-0.13320204765965116
24.87426573046242,25.43525554317126,87.21879227184243,87.18597953724903,-0.03281273459340639
-2.2199885015207244,-9.623911449286389,87.63855815501712,87.63513983891417,-0.003418316102951735
-27.82474689000474,18.495455824753186,88.84918547455064,88.89510390025907,0.04591842570843596
-13.272456733592136,-21.537167789015115,87.48865577344404,87.50938220910976,0.020726435665721965
-18.81684095839438,-29.986777374277224,87.7817248083541,87.72868173278364,-0.05304307557045718
-22.79211202616731,23.08340964812745,88.6254416352776,88.70449743988753,0.07905580460993633
7.267881480782734,-30.164621222620838,87.08681062836075,87.10654518978667,0.01973456142592056
-3.315433813796986,-30.58278187662318,87.31131886362985,87.30640282381653,-0.004916039813323891
10.358604124931581,18.753061276009277,87.75372157872319,87.73625664649396,-0.017464932229231067
0.5449800081069753,27.394501422801547,88.00991799586673,87.97934723600157,-0.03057075986515656
25.73890069958606,24.867195527115122,87.19896209404129,87.1609442700235,-0.03801782401778553
11.824773794879015,30.044407709957135,87.61323796311068,87.61648175925912,0.00324379614843906
7.258076366840115,7.779108465964974,87.7297132781924,87.68629139653399,-0.04342188165841776
6.877294187631335,8.485519874650741,87.75392200414474,87.69915654554168,-0.05476545860305748
-11.676976778460997,30.28489314182041,88.3871655900569,88.3748234026099,-0.012342187446989783
-0.8351865621091008,-9.731955035644582,87.61403205359025,87.61110896073899,-0.0029230928512617993
23.830762091140613,25.347207757963425,87.2506105363572,87.22542720455644,-0.025183331800761266
2.8349986707948034,15.820212890045504,87.90609517326496,87.8342091742104,-0.07188599905455817
12.317909838429486,-28.993324687566165,87.00104088163764,86.99347316239626,-0.007567719241379223
27.700885307259988,-0.6365233041137373,87.33604882729469,87.29655862105044,-0.03949020624425259
21.247864860061597,3.3637890668591695,87.57295524846386,87.44918462004709,-0.12377062841676434
12.891610402446155,1.542484276148059,87.55081272859086,87.57963923393984,0.028826505348988007
13.042448406452323,5.905830230571972,87.64860377951096,87.60090311932942,-0.047700660181547505
-21.47685782634627,-9.280685550324833,87.74857349225778,87.88113585086374,0.13256235860596632
7.010474471529321,-18.465104861416187,87.41381490328695,87.36099371862736,-0.05282118465959229
-0.5660761850278817,-7.751240817014626,87.6539108108997,87.63471316906161,-0.019197641838090362
13.979355082638016,-19.022968998675452,87.19635078637309,87.22944534904433,0.03309456267123778
23.27267766414706,-11.02666344280209,87.41948934531914,87.20710610203182,-0.21238324328732006
11.028884058313722,-2.3114055808470653,87.53424716555408,87.55534919851338,0.02110203295930546
-16.177662029523376,-29.53954161011702,87.74415677779763,87.72384283834086,-0.02031393945676996
-19.09280804939494,-0.2932097137275278,87.85741844455218,87.87685918230333,0.019440737751153847
15.663005887886811,-3.204807072333786,87.47129628668164,87.48120077761595,0.009904490934317778
5.908324137256876,10.549401545881906,87.81259753721531,87.73435752585421,-0.07824001136110326
14.693094738269572,19.614986434904374,87.63452475413203,87.62542954010888,-0.009095214023147946
11.006098695643885,11.30017861777766,87.79725690629971,87.65655035329935,-0.1407065530003564
25.76392729763994,14.253806906000023,87.42984763975174,87.28408261515735,-0.14576502459439666
-2.5919303472508943,24.596447739990325,88.09854203455409,88.06377129719607,-0.03477073735801639
-13.258575322649428,27.429249295572326,88.36615181956616,88.4225236508851,0.05637183131894119
3.662673174886102,9.445906601686772,87.87460929530195,87.76148450179357,-0.11312479350837634
1.6801806272372488,11.511323321907298,87.92168214629721,87.81354981003192,-0.1081323362652995
0.38638591452667015,19.22431456188334,87.97135391723413,87.90640713072112,-0.0649467865130049
12.895022387270224,-6.945133296548676,87.44637960649484,87.45202864360776,0.005649037112917199
-29.680123319249773,7.968014685318728,89.02901294684756,88.93579974016761,-0.09321320667994826
25.525103343099772,-8.480535565570214,87.3683782203252,87.20711842152043,-0.16125979880476393
25.846358728037117,-12.301476656472587,87.31483172556958,87.14278854628274,-0.1720431792868311
9.766396416002245,10.688819862426215,87.77462302201002,87.67150553156873,-0.10311749044129215
-11.32545440457362,-31.74925858059843,87.35077724403283,87.51309963045688,0.1623223864240515
-14.002486488836887,29.006031298583352,88.41718792002858,88.44369951343677,0.02651159340818765
-23.802085809180703,3.519917731791736,88.14946949823457,88.16010476157571,0.010635263341143286
-21.303545835795596,16.80153128325759,88.67295734067326,88.68314631988436,0.010188979211093852
-24.451580210356745,31.4583283164851,88.70105281139713,88.74963883288501,0.048586021487878384
-0.5525693614945837,11.750858946350242,87.97203669977384,87.86528368540262,-0.10675301437122187
-6.8701160604695275,-30.958417437967825,87.32676547310552,87.3259115170642,-0.0008539560413254321
31.374949703980363,9.420562708386875,87.25999711273825,87.1375257902765,-0.12247132246174885
-22.135936436450805,27.43352971732353,88.60876776809388,88.68334144731443,0.07457367922054914
-10.316159738105036,-13.584845537751754,87.60850076511753,87.61577757103642,0.007276805918891682
25.95174877357318,21.651821560434456,87.27352016935544,87.19082164661172,-0.08269852274371203
-1.6461929480867354,-21.513458707063457,87.42020396438873,87.4327415882618,0.012537623873072334
-7.1014310673215135,-25.30433542559097,87.40265760233848,87.40170456654623,-0.0009530357922500343
-0.022548030712115974,-23.738237985403337,87.38154422931682,87.3911037961747,0.009559566857888058
-17.00781391455034,31.435649068669605,88.5070178280278,88.53094844045013,0.023930612422333297
31.458723367873823,-16.832782414259327,87.04550023789035,86.97560522247049,-0.06989501541985987
-9.807594045045668,3.0111219491498105,87.86878234129448,87.91488196915377,0.04609962785929156
13.055516181709457,10.259251389782229,87.72895830102634,87.62386215911827,-0.1050961419080636
-10.561079320215661,-18.74978525467334,87.49466793688146,87.50795338645256,0.013285449571100116
-10.711370346543895,14.528315152690439,88.31018775911816,88.2878010121195,-0.022386746998662943
-26.88795026544848,0.018795896926711464,88.38316197064358,88.47746288520679,0.0943009145632061
-15.517715514724628,12.006773994499248,88.31724937460558,88.33285141005538,0.015602035449802543
-1.7744245071156826,-29.123689237535466,87.32104288885192,87.31729934882684,-0.0037435400250842576
20.61687798738798,-23.406742432149258,86.96944705482952,87.02628610923736,0.056839054407845424
-16.090508611815793,-8.185172947509884,87.80822421442721,87.80319829959512,-0.005025914832089029
-9.739172622036719,13.30061583653928,88.23101273259219,88.2384682399873,0.007455507395107475
-27.072988943233057,2.620733466912597,88.42231862320801,88.50083847612709,0.07851985291907226
-27.773974676982228,-17.124545116314287,88.37954228259719,88.39043067718022,0.010888394583034255
-1.9631611720513504,30.225957800142886,88.08627543669778,88.08945389880961,0.003178462111833369
-1.081974168171513,9.665227360049045,87.98166725191975,87.86667065129127,-0.11499660062847283
10.432294425461144,-15.713911718613161,87.37294824795053,87.34873235977358,-0.02421588817695408
-1.0185814919241878,-28.18339640063453,87.32872860845538,87.32804844498628,-0.0006801634690987157
12.840803743319874,-25.406638760140986,87.11703744466561,87.08052946127738,-0.036507983388233356
-23.568448613995805,24.097414891867572,88.6484840772674,88.72686884480511,0.07838476753771317
-17.79778766576559,-0.7863929709293416,87.8084358515193,87.82897005969664,0.020534208177338087
13.197469441252252,5.701140982301993,87.63910269001919,87.59784910313789,-0.041253586881296656
-0.5396103021482901,31.691793768706482,88.04161153015096,88.04699692955703,0.0053853994060659716
20.210497185010638,-0.6374365311325008,87.58238376997902,87.44026474648592,-0.1421190234930947
16.013518341769213,24.281290375253597,87.55622978191033,87.52541249282596,-0.03081728908436787
13.139335747606559,25.601598241386824,87.62233857707466,87.61687541465065,-0.005463162424007351
12.046085434837103,-30.899983366280047,86.93367061599746,86.94701646764734,0.013345851649887663
4.237579385800444,2.7998659611893686,87.72676117590623,87.69611089803236,-0.030650277873874643
-9.488190086960678,-28.819268611754275,87.37028262095582,87.37049438007976,0.00021175912394255647
2.257510980382527,-25.793862708594908,87.3411441326013,87.32409391691709,-0.017050215684207615
-0.421690766906444,-6.156516008119482,87.67704767742426,87.654892213461,-0.022155463963258626
-18.560018135643418,-30.197937491137083,87.80173310430973,87.7370284092925,-0.06470469501722675
-22.816462197465704,-11.065142581206004,87.7550175355549,87.90147144587179,0.14645391031689314
23.729617208581345,27.263052361056722,87.20980417275206,87.20808382886968,-0.0017203438823827355
15.05589999703406,-19.205720117818544,87.18333422781657,87.1930164667907,0.009682238974122015
18.990895273644043,24.535890208341407,87.43553621943346,87.412821279424,-0.022714940009464613
-3.3777627839943634,21.502879862148696,88.13820898041162,88.06585116157373,-0.07235781883788661
-13.779105007761558,26.99682692577486,88.38138024025028,88.43800359297819,0.05662335272791097
16.692539452382142,-22.315716336453463,87.08877288182728,87.07405879173845,-0.01471409008883029
-9.582242620253922,12.566495484724712,88.19448843785844,88.22554736816639,0.031058930307949595
-11.69451118374807,-2.6353443014894893,87.7501551298787,87.78646543316248,0.03631030328376994
24.69622413645684,21.485600086018387,87.31242382372983,87.23819787319671,-0.07422595053311909
-15.016134142164084,22.42350463483448,88.42136243423799,88.47632156991972,0.05495913568172739
10.374824877282443,3.9366149351209643,87.63855661931109,87.62428670009353,-0.014269919217554161
-28.89443182238208,-24.0236633281336,88.80223150824169,88.80179008766036,-0.0004414205813247918
13.187309853723406,-26.935878884425357,87.05822175812119,87.02689722396725,-0.031324534153938544
-14.156666378834892,-6.164356157422027,87.78212669039294,87.79585975830555,0.013733067912610863
7.338051252367933,11.509964843166088,87.80178343297642,87.71947337645166,-0.08231005652476142
-9.271497375866517,30.6126088533927,88.31761109497333,88.30400823623759,-0.0136028587357373
-15.38574895607475,26.00026891334229,88.41836123202812,88.48563737132311,0.06727613929498943
-24.690337062107048,-15.078619832352715,88.20466435405028,88.23132791609689,0.02666356204660758
-7.144596817432074,8.174214533188064,87.95158758681903,88.08969761936845,0.13811003254942023
7.656504560640045,5.056104333058769,87.65348768161307,87.6647202779064,0.011232596293325514
16.23689891890848,-5.6782807922306375,87.38041726820727,87.42986550195148,0.04944823374421503
-26.407630605564144,25.988491783274746,88.6777399654899,88.81130028676334,0.13356032127343553
-23.587255992384208,25.140510099207447,88.63238602762608,88.72697125068406,0.09458522305797601
-3.4133035412687036,-3.953409277245555,87.73433734813123,87.73462854313395,0.00029119500271690413
4.065313817677804,11.260080543169536,87.8687698804585,87.77157215117002,-0.09719772928848158
-14.244253715498495,-7.856010494180751,87.80025977609047,87.79433851947502,-0.005921256615451398
20.03680848706049,-5.093404811728377,87.49101805750594,87.36700765857493,-0.12401039893100574
-13.275427298816986,15.82558026135527,88.43264035409912,88.39995879320037,-0.03268156089875163
19.334875121366608,13.778155744402511,87.61135795762769,87.52228909557981,-0.08906886204788123
31.87369739561379,10.827016090385229,87.2596145824737,87.10303974600072,-0.1565748364729842
-29.670650341402407,22.290750619836878,88.85046998518429,88.93918098260885,0.08871099742455613
-7.204049883966448,9.1060413689518,87.98076855810655,88.10063967562758,0.11987111752102919
-31.334022245368047,-1.098844395652847,89.23008696648128,89.22063707793136,-0.009449888549923458
-18.30782275131964,-12.208394032080896,87.72812798251343,87.74759565754815,0.019467675034718468
-22.630510739319618,2.3353437247751927,88.03885350370389,88.07792941300758,0.03907590930369054
-1.887025395672893,-1.1825149902907341,87.72836094548924,87.74108090642535,0.012719960936109942
-28.30481394814155,1.4006974899274311,88.73270216912809,88.70210890128845,-0.030593267839634564
21.289455602804985,-9.226870943299275,87.43666265269918,87.27192595948888,-0.16473669321030115
4.083261177635144,-6.344257851156144,87.61666899998144,87.58107599430467,-0.03559300567677326
13.937941502434704,-5.00049201666571,87.42105108112848,87.47222199655735,0.051170915428869534
-1.8721585739486883,28.13907704783712,88.06305385534776,88.06842586539938,0.005372010051615916
22.10580972691919,9.01418546994232,87.56665288318099,87.46273700230789,-0.1039158808731031
-18.3728066212921,-2.9684867098263368,87.77617120997552,87.78381645675732,0.007645246781805781
22.13058211458631,15.199851164562851,87.50602279421405,87.4045051308564,-0.10151766335764023
10.120086066705348,-19.076821913537927,87.36936546994991,87.30268903328164,-0.06667643666827416
-26.843191247983924,30.2534033235436,88.82382998029584,88.82042511299122,-0.003404867304624304
12.521864603281252,6.29047924471277,87.64350972661354,87.60955090844926,-0.03395881816427959
-27.64246806147591,-4.938002040525092,88.76266371934634,88.81936291478836,0.05669919544202173
1.635339994313476,-7.644664281381154,87.62479621972945,87.60126251211506,-0.023533707614390664
-15.631711807520183,-9.573212598497207,87.82015188472432,87.76281717871464,-0.0573347060096836
20.09875966797533,29.58847319275415,87.31523925083403,87.31639352491885,0.0011542740848256017
-11.885698765190284,-3.8162649029588565,87.75244797481803,87.78396584217747,0.03151786735944029
-30.47110717267391,19.047552406576266,88.82961278293051,88.98176780608567,0.15215502315516005
23.22952939821794,-9.464853317543266,87.42364955223316,87.23186910841001,-0.19178044382314852
-24.54796339957491,-10.566555787493613,88.16140911241348,88.17203381569584,0.010624703282360315
-5.026017647210509,17.49079788991576,88.13262152931439,88.0931225900697,-0.0394989392446945
-5.084373869654129,23.100443959341405,88.17116400438545,88.14729309092917,-0.02387091345627823
14.165216446318013,11.28852120123819,87.74779149357113,87.61525088315345,-0.13254061041767784
27.405629740360858,15.938801037741264,87.32222362201811,87.20498116516069,-0.11724245685742574
8.815196797611954,2.33957266135355,87.62129900531055,87.63559021765882,0.0142912123482688
-28.74386765539205,6.843442051574449,88.82765871354016,88.80913661048204,-0.018522103058117523
8.456979865494795,10.89634042685487,87.79644775256781,87.69519462098474,-0.10125313158307847
0.744414517724266,-4.843689532840472,87.6820415410593,87.65485835669446,-0.027183184364844237
-20.419422708509394,19.193324582290877,88.63561130084497,88.64182356676147,0.006212265916502702
15.086199379151118,-25.65257885427627,87.03420367903287,87.00840229178313,-0.025801387249742902
21.87682177517626,-18.034209311447135,87.17867263053486,87.1236154543092,-0.05505717622565953
13.362829100706563,-31.199744309755594,86.88368983017772,86.90028689148329,0.016597061305574812
-24.053082869204054,-10.066612653576158,87.94929835064785,87.9723697847619,0.02307143411404411
12.688808672594021,12.033272766411024,87.73611015072028,87.63793791124797,-0.09817223947230502
-17.799868044227573,-28.21550548373544,87.76817747144571,87.67174931039395,-0.09642816105176166
-21.593019542629698,17.29477200820463,88.69370030192147,88.69054788545935,-0.0031524164621146156
-0.10358905418294029,-28.47379745625097,87.31946617226512,87.31927436817979,-0.00019180408533259197
-27.90083998311215,-15.158321125352629,88.40485290981343,88.4424398717638,0.03758696195036748
-17.751505639800335,-4.554028218260953,87.77346519735102,87.7892929002028,0.015827702851780145
-29.118071521796928,-26.011459608057834,88.97180124069641,88.85490750522436,-0.11689373547204696
-12.191649242310696,-3.206148578463349,87.74917331819422,87.78730617052568,0.03813285233145791
-7.234722165463381,-31.434881029316088,87.32275916343892,87.32216519497908,-0.000593968459838834
-0.3762990447387864,-9.469411708851169,87.61566635303714,87.6073598894633,-0.008306463573845235
-19.284537359443362,27.991877383527864,88.5319157624252,88.59932548945504,0.06740972702984038
6.975083489065142,30.67519753611098,87.81456164057704,87.78837579544197,-0.026185845135074715
23.176918088287714,-24.42935814504149,86.9937005272588,86.98626139099109,-0.007439136267706203
-2.6170841927620643,-0.3528246600054956,87.74123467340966,87.74721300731791,0.005978333908245759
-16.08921319974037,-6.20403269724622,87.78724094574052,87.80718204425592,0.019941098515403155
6.256421892604386,6.844467854776859,87.71437384497777,87.6942984974565,-0.020075347521270714
8.170740273951395,-24.987479612538408,87.2660408164551,87.2279102563854,-0.03813056006970328
16.901677850514375,30.28917366133429,87.41550749881222,87.42657864972114,0.011071150908918526
-9.532657468424482,25.24991310140672,88.26116083287832,88.31399553975494,0.05283470687662373
-24.18978985100538,-8.641330636047655,88.1110448380355,88.03378291288854,-0.0772619251469564
3.920102498275405,4.033227636117992,87.7446943888714,87.70713568695186,-0.037558701919536475
-25.289526027423648,-9.937534140470895,88.51105858979001,88.47674009959297,-0.03431849019703748
-4.6181778895828245,-7.4957414610262205,87.71372823016063,87.70417381529109,-0.009554414869541006
-31.259973936183954,10.758060435019708,89.10438634197557,89.05253189158722,-0.05185445038834757
-0.8057129198073483,-14.52937557300001,87.53026114661148,87.5428664121194,0.012605265507914964
-2.6589735372765446,-27.675065503064523,87.34518159166777,87.3435910104378,-0.0015905812299621402
26.37806208646365,-10.080056593678684,87.3384781537195,87.1677053942466,-0.1707727594729107
24.472937078614102,10.770601537857672,87.47130112655059,87.37150947957961,-0.09979164697097076
20.644626085055762,-3.8546753239717972,87.49085496458382,87.37663659569016,-0.11421836889365977
17.90926423944564,-17.192036975804953,87.16855786848265,87.20549918947016,0.03694132098750913
-18.595366962913808,6.942671133207874,88.16831098746806,88.18472333015809,0.016412342690031778
26.081376224500772,-28.026398846952176,86.97605694797458,86.87140178390774,-0.10465516406684117
-20.475683106676264,-16.735107941426506,87.72231071500067,87.77516667967528,0.05285596467460607
-20.934449127870124,14.046476455478327,88.54078099322567,88.5756405286242,0.03485953539853881
26.73047404233583,5.152925205815791,87.37744609473218,87.35349072389032,-0.023955370841861168
10.98839610170728,31.206930167863554,87.64209714070378,87.6345361662344,-0.007560974469384973
-11.097031717083652,-24.618259828957598,87.43554998383955,87.45367428870861,0.018124304869061802
-19.406722544163188,-27.212152676741745,87.65888045547784,87.63353243165321,-0.02534802382463397
22.745307990179107,-20.575154163915407,87.13160701495616,87.06945795657352,-0.062149058382644284
14.421801175149774,-8.232893623363964,87.40177356464187,87.41052440650594,0.008750841864070935
11.046174502298662,28.129653728291345,87.66489988134181,87.6662537052501,0.0013538239082890868
-8.815743141238073,-30.124978226353427,87.34927406297716,87.34940878827774,0.00013472530058322718
28.35682422302208,-27.096585401141404,86.9642098790872,86.87169057240708,-0.09251930668013131
23.657946322597837,31.406493133616166,87.15959103666887,87.16515143394263,0.005560397273754347
16.630945481637326,-25.139965648749474,87.0151549452145,86.99382946071368,-0.021325484500820835
19.6546649607805,-17.510380327073833,87.13484407131816,87.17027876886662,0.0354346975484674
-15.492523678494159,31.317231946108798,88.48955945990315,88.48647984417606,-0.0030796157270884805
2.089711495961275,21.986430202665346,87.93432424554386,87.90363924347889,-0.03068500206497049
11.200264446349877,17.682426144418542,87.74892803979073,87.71236007109083,-0.036567968699898756
28.084079589302412,4.077324079724754,87.30502949508013,87.31906119723008,0.014031702149949865
-16.05288426829749,-6.545264861152219,87.79059200606167,87.80719192317973,0.016599917118057306
30.176177735425505,-5.5328443043037865,87.25311433947427,87.17162913171,-0.08148520776425983
-5.587069457541553,29.488795576566197,88.19189302984795,88.19624358828077,0.00435055843281873
18.387430314289965,-4.378600867447986,87.4738827610428,87.41094124180977,-0.06294151923303559
12.216499427429994,-0.3316756434645498,87.53761547360503,87.5743099164073,0.036694442802271965
-15.973979669242425,20.405474022446285,88.5012656349945,88.50533427716817,0.004068642173677972
25.249864653107586,19.36668883423779,87.34730846437176,87.24292812828092,-0.1043803360908413
31.541996689343392,-28.072529250028822,86.81764993345843,86.80134375451205,-0.016306178946379646
-20.04001543871147,-14.269016198203694,87.80778058916482,87.76641617649639,-0.04136441266842894
-26.788779149636987,26.666980207875625,88.7134555183205,88.82090645757718,0.10745093925667959
5.661893024629144,-15.854784104249575,87.49017762304857,87.42187635938956,-0.06830126365900924
16.61144990221716,-3.0023977457112636,87.47456820912275,87.46867221724821,-0.0058959918745387085
3.220805410083898,-6.311766465118168,87.62438809743645,87.59511861347139,-0.029269483965066456
-0.6363887976834377,-5.164261751727992,87.6956478089743,87.6723969162052,-0.02325089276909864
-30.930550229978948,23.086042890733594,88.84380182706118,88.97788420683266,0.13408237977147053
-9.572100718555149,-0.07083760320296761,87.77244074422214,87.78325076297529,0.010810018753147688
11.819565452795047,19.455913980928244,87.69270469409219,87.71846931502978,0.025764620937593463
-26.237942515386003,-30.983924746928686,88.57883179896668,88.55330990742041,-0.025521891546262054
-2.6445717499811607,-18.656896190690404,87.45709293886746,87.48104405660716,0.023951117739699157
31.107562592561635,27.874598366972897,86.95665621843031,86.93152015249431,-0.025136065935996044
-1.8640276309452162,-26.10565237530632,87.36081663587976,87.36374808353904,0.002931447659278774
-19.314611338149227,20.306149146668155,88.58283767978531,88.60352594443975,0.020688264654438626
12.234882599629422,24.87121478584811,87.66038292365207,87.65826088600357,-0.0021220376484905046
7.411843198065739,-6.925319990594488,87.59528825236605,87.5219336061632,-0.07335464620284426
-21.72547049752952,28.227176463901273,88.60565209936696,88.67093932158424,0.0652872222172789
-17.92274689293891,21.51707937260641,88.52505235108441,88.56210994000621,0.037057588921797446
21.732948753625095,8.20344443406831,87.58031207711414,87.46558471719304,-0.11472735992110472
18.526653746586234,22.22539767767494,87.50456997403536,87.45535415951376,-0.0492158145216024
14.035166447647597,14.55991536675888,87.71418980469342,87.63634473893441,-0.07784506575900707
-0.13223674774113192,17.71311600566272,88.00033416749534,87.90401731503579,-0.09631685245955168
-13.809736743999458,30.93674719268988,88.45637381130433,88.4372032411211,-0.01917057018323476
-27.59843684949361,-30.16564607463898,88.79731788804267,88.8680393884952,0.07072150045253522
-18.056950674616935,19.02040421567063,88.61060853546599,88.56713036042301,-0.043478175042977796
0.07269463292843881,-29.621144620724444,87.3032669879104,87.30014111728072,-0.0031258706296881655
-11.771981259695153,-12.741645307760251,87.66694826368467,87.65259784497644,-0.014350418708232837
-19.67718884559308,-19.211661608754042,87.50246487180522,87.56614603197312,0.06368116016790282
31.614114605604513,-2.3116129017188882,87.22656184567971,87.19617286739548,-0.030388978284236146
21.916265489055306,-29.283125354371073,86.75804588225813,86.85328679907195,0.09524091681382174
29.37339661531695,-22.465024371108072,87.04162580690947,86.92523964296942,-0.11638616394004941
-1.027163071713467,-0.36294511305388966,87.73475878511334,87.73913431546234,0.004375530348994516
-26.673305773147675,-31.64184185483529,88.72167253610488,88.63057039643716,-0.09110213966771141
28.079502067337543,-8.291914993094728,87.2996083370704,87.16563664218214,-0.13397169488825966
19.186436949463285,-31.53608422930514,86.75128453568091,86.80067924242958,0.049394706748671524
-7.05854340708148,10.530399042425842,88.04033746952204,88.10813162793644,0.06779415841440084
26.631985821167156,-13.624398245798659,87.24675150608051,87.10879818819919,-0.13795331788132614
22.535850532302142,22.525393005600165,87.36497099431298,87.30422246301596,-0.06074853129702262
13.169123816862253,26.718158286367576,87.60159984725856,87.6034955169521,0.0018956696935390482
27.910244817171254,-27.328046104354613,86.96671267109426,86.8758909693843,-0.09082170170995596
9.488519189180153,-24.68888824709498,87.23120628198969,87.19820369814707,-0.03300258384261667
12.094249466695913,-9.798955528987186,87.4094071760707,87.41313609629555,0.003728920224844501
-4.980903596703371,-4.166645548107979,87.74061114422774,87.74798151146769,0.007370367239943221
-9.653871644045687,6.243587643326741,87.92192316463215,88.05390789077187,0.13198472613972
-27.08240330748376,21.08179711320311,88.76938985710646,88.85763213323781,0.08824227613135349
-21.037209702883438,-23.113207622315628,87.6243040142397,87.51222299792065,-0.11208101631905265
-3.3943116640869277,12.874921189484034,88.0558220429657,87.9866862830716,-0.06913575989409537
-22.084476503339665,14.574643838801876,88.57823074951406,88.64119242632707,0.06296167681300346
-9.791790519165438,-6.6664644373597,87.77778101137234,87.7657698385382,-0.012011172834135664
19.314803306872,29.988746971728403,87.33357527282668,87.34089915433694,0.0073238815102598664
-28.611583382719537,22.643668205799642,88.8242190002637,88.90174302719369,0.07752402692999283
-12.017814972527766,8.407334552501197,88.06937010215185,88.1594574076941,0.09008730554225508
31.76422315255735,28.902018026030483,86.9202657713062,86.89574969162707,-0.024516079679131053
18.191604213150114,-12.881211594931173,87.2309097841095,87.26855471911506,0.03764493500555943
19.595917395213093,-9.433140977250083,87.33658216968868,87.30087532871975,-0.03570684096892762
-20.556727892675298,28.225531124555395,88.56159316060189,88.63660200868833,0.0750088480864406
-5.4662741621419215,-20.9432324556661,87.45010077623046,87.45827290305508,0.008172126824618431
-22.02536340890189,29.049621674556533,88.60718456064254,88.67939533252569,0.0722107718831495
-29.405148114882827,-27.060036433690655,88.9468554280559,88.946526148541,-0.0003292795149008043
-14.966826238271125,20.76893840667936,88.46913275961461,88.47558693703247,0.006454177417865026
-29.765506194294808,11.370224924961711,89.02034224380958,88.89509738812654,-0.1252448556830359
-8.878007829483956,-10.722758322267893,87.70393324010264,87.68333218671346,-0.02060105338918561
9.697365706059145,-5.180766461388522,87.4802004866628,87.52292307192378,0.042722585260989376
21.224536515342194,-5.4056057255080034,87.42893446152596,87.33885197870111,-0.09008248282484033
31.69407873857309,11.255572924729101,87.26735651590955,87.10453082588933,-0.1628256900202274
5.701169904756313,-15.037288739790355,87.51161611122376,87.43280487055056,-0.078811240673204
-7.0721111944827015,7.628078053683396,87.94272398144867,88.0818142392707,0.13909025782203344
-1.1408657619100495,-24.924985319613015,87.37188819134612,87.37831795131969,0.006429759973570981
-5.324061928285467,20.007399561324995,88.19507975836676,88.12804420355891,-0.06703555480784473
-23.248846416302342,25.343825906341422,88.62552992582572,88.71694092810776,0.0914110022820438
-24.119524918569567,30.479080177831896,88.68829762931193,88.74030555141987,0.052007922107932814
-12.466791914643672,30.63202191226283,88.41033293556168,88.3978786103682,-0.012454325193488103
-2.375942625002402,-13.921511242244698,87.54061643796108,87.57280596532907,0.03218952736798997
0.6174575767737878,-13.212146296236206,87.5432244872353,87.53865347673148,-0.0045710105038239135
21.538980731352268,-19.5099005886662,87.11461368310614,87.10679612232957,-0.007817560776572918
21.425905623021507,-12.176629803840733,87.38161581939137,87.22151209696466,-0.16010372242671167
-0.15849245040597992,-17.49725241053364,87.46671397169001,87.48692057660378,0.020206604913767023
26.418964982785944,-15.117586401588895,87.2210349638498,87.08954112418047,-0.13149383966933215
18.512489325916178,1.2966370214141776,87.696830348382,87.49068918483711,-0.20614116354488488
16.602899748445218,-18.743997707119064,87.1724340691602,87.17623374141623,0.0037996722560222906
8.021398140437746,18.687645684303476,87.7551081942129,87.77450831169739,0.019400117484494217
24.190778954851076,29.589637628963573,87.17380040329587,87.16548750564479,-0.008312897651080675
1.3785845429897847,18.062351431345277,87.95818585639802,87.87916299638988,-0.07902286000813774
17.356082048139065,-2.173952169850395,87.5131794066169,87.46862401406193,-0.044555392554968876
-26.912836393482287,-0.20865847569274365,88.38992495845815,88.46451124947298,0.07458629101482472
-5.579328009602854,26.81524645714103,88.13770595109008,88.19716994566298,0.05946399457289431
-9.413154893954335,6.730259720962373,87.93421418901175,88.07373782958226,0.13952364057050204
12.46812098657751,2.912106501599297,87.58103725059115,87.5922872532816,0.011250002690445626
12.602011621515679,1.0636251649128,87.55350957907402,87.58076969773215,0.027260118658134047
23.01980438464851,-10.170448233851445,87.42978993957487,87.22466427264506,-0.20512566692981693
-9.726052558075871,-27.20478924160259,87.39291575823063,87.39307954840352,0.00016379017289125386
-21.17745292098131,-11.962539588454433,87.78077386863173,87.83518750952476,0.054413640893031356
20.7749725362389,-4.24786393521628,87.47423095692895,87.36737739815942,-0.1068535587695294
21.825627969564067,10.958696954246193,87.6081221735523,87.46510895821613,-0.1430132153361683
2.151365785486526,-31.28830488302379,87.24041695882426,87.2229023584511,-0.017514600373161215
-7.40886069512495,-14.292092569796857,87.54228750179573,87.57370696792277,0.03141946612704771
-25.834577839035127,-10.529233068858595,88.65759767054116,88.6113491385189,-0.0462485320222612
20.257615621532096,21.392904624053138,87.45784975031563,87.40068184365681,-0.05716790665881888
22.118454485300624,15.653146271560615,87.50519821788077,87.39964610529837,-0.10555211258240149
-2.828943318541029,2.9807714522881668,87.7820901473493,87.87307778176046,0.09098763441116375
-5.441072908645218,24.661025881869925,88.16937452509546,88.17566240613654,0.0062878810410751385
1.134681425394497,2.497614289082321,87.76212434029796,87.73923927939335,-0.022885060904613397
-6.172671546470681,-21.997002395650924,87.44007873859317,87.44642673043501,0.00634799184183521
29.85972482287942,29.819204613679382,86.952316221374,86.95394791637769,0.0016316950036809885
-7.420077994622716,22.815915596117705,88.2269888706382,88.23589882712828,0.008909956490086302
-30.571917537093178,-17.127819250089757,88.51478918844938,88.62598215639834,0.11119296794895206
15.734083509316484,-1.804757001956368,87.48649653908663,87.50436326033349,0.01786672124686106
23.755220612866772,12.040050349248865,87.51616095786814,87.38264471262792,-0.13351624524021588
1.5098458493162497,-3.635166693622672,87.69070322527531,87.65987319832584,-0.030830026949473677
27.96800112599834,22.574783121158774,87.20204599587285,87.1070726615251,-0.09497333434775612
4.169329692181407,-19.794453501376026,87.40769613828527,87.38547001298559,-0.0222261252996816
-19.04766221101589,-23.881179030124393,87.5695154913157,87.5628430850198,-0.006672406295905375
-28.2774090857721,-2.1727070464783367,88.73559909593985,88.77718912861371,0.04159003267386652
23.38472602509114,0.9708748460383632,87.46204434492941,87.39547273521637,-0.0665716097130371
-16.03322170102011,2.110759964710681,87.88870712456307,87.90816659083815,0.019459466275080217
-24.802971451765075,7.481178954777867,88.39679730400906,88.43713064041904,0.04033333640998649
2.3601092644031283,-28.34734465763153,87.29900369191476,87.28353899014718,-0.015464701767584188
-29.87913647144058,-19.748197678160544,88.74126321890694,88.63421914389687,-0.10704407501006585
-24.814929192239333,20.275051927346887,88.71979251501091,88.78497826717191,0.06518575216099975
23.50504048629329,25.551121285663562,87.2641273943175,87.23519526737644,-0.028932126941057845
-8.87169021877196,9.658500633085403,88.04676896665893,88.17089177590508,0.1241228092461455
-25.597797122473267,-23.58360263424879,87.59368721332858,87.62733081852063,0.03364360519205434
-24.51576895576155,-14.678419013322,88.16174686135211,88.17912935480402,0.01738249345190468
-8.684374211702703,23.59424564774283,88.24997677642155,88.28978723656941,0.03981046014786216
-3.2917657740314965,4.726672175194743,87.83952053423283,87.90730676657691,0.06778623234407632
-27.239995970823593,-21.572399919207108,88.27938920841034,88.31915416903418,0.039764960623841716
-9.030863060342242,29.330896477870688,88.29388706639787,88.29749146384633,0.003604397448455643
0.4407260746440613,31.196563988920182,88.01830575175173,88.0162507571059,-0.002054994645831698
-24.696118825420918,-7.458709304125492,88.07551231940383,88.04140393252241,-0.03410838688141382
-1.254531060729306,-2.134246017680084,87.71649484328532,87.72524147290095,0.008746629615629331
-5.237020668408583,4.02700335832008,87.84203785758942,87.93568031238117,0.09364245479174826
-28.473551929295418,11.638971633800693,88.83131046971835,88.76287136915515,-0.06843910056319658
10.94041864676175,31.369345693110645,87.64909259049251,87.6345188656175,-0.014573724875020844
5.321032644513529,-18.962661032868866,87.41277249845874,87.38001500676081,-0.03275749169792164
-15.619286007947174,-30.359594354670875,87.71186952807203,87.7268308650862,0.014961337014170795
4.747840901175799,4.793673038725267,87.69479505351164,87.7004086349487,0.0056135814370605885
-18.236060944792456,-15.539957562640751,87.71093521747227,87.68402009324542,-0.026915124226846388
-17.39766315816926,9.635455476516555,88.25854065954636,88.26959681515605,0.011056155609693974
-29.15240281219949,25.902938983662395,88.79001498532418,88.90434710911643,0.1143321237922521
-8.858141157648802,-25.767275717638384,87.40718017019816,87.40684722192537,-0.00033294827278496086
21.28516233958584,-5.668052476125261,87.42347541949525,87.33317775314299,-0.09029766635225656
-18.83063332947637,-27.54952112268427,87.69915539002452,87.64474098402773,-0.0544144059967806
-12.810110114840555,-7.662983046858315,87.79518917948944,87.7848990931954,-0.010290086294034495
22.34196798515096,21.570730208306777,87.38817198886926,87.32239608795776,-0.06577590091150398
17.0631192861928,11.831125549969691,87.71173398073584,87.57445685872693,-0.13727712200891062
17.667722709373777,-24.626549489280748,86.99985194699345,87.00405551804066,0.004203571047213472
-30.655207178585044,20.495902997212873,88.80563901661817,88.98102728801187,0.17538827139370028
17.604390961862954,14.296118748777864,87.67626245814739,87.57716494419793,-0.09909751394945943
-15.824973233407349,-25.99377943755706,87.58270782315039,87.58926030768494,0.00655248453455215
3.188657958872291,-25.437273914177496,87.33931840378531,87.31486610825276,-0.024452295532555013
-14.513369493902431,-8.170399343671342,87.80432899833394,87.79156616106634,-0.012762837267601412
0.07316546627664167,-2.2164335644591873,87.71193198028023,87.70254051980815,-0.009391460472073732
-13.391174394760114,-17.005435575824606,87.52469254140841,87.55994431389003,0.03525177248161526
-6.871528611722383,-25.386652526234634,87.40020780267885,87.39904367811442,-0.001164124564425606
6.571791039529508,-0.527402912379273,87.61178435592743,87.64255944137203,0.030775085444602723
5.366363794400321,4.337871434619274,87.65446402046797,87.68995984416269,0.03549582369471693
-14.125449125158774,-25.24294075382148,87.44669055991073,87.48129833213689,0.03460777222615263
30.837840907736165,30.722371428313885,86.91943348939125,86.90799718973345,-0.011436299657802351
31.051123834882453,-30.18362259179849,86.75363639556637,86.77741379711416,0.023777401547789623
-29.460714895265774,14.576299252439448,88.99206829154463,88.89022427736998,-0.10184401417464528
-27.96098540315461,-7.5783827562090025,88.829575415775,88.83366732721416,0.004091911439161322
-12.23578471697953,-24.592649034833016,87.44257467047548,87.46943478816577,0.026860117690290508
27.925712979508468,-19.36640901808152,87.11214846979122,86.99803487311053,-0.11411359668069565
17.56128830838947,-30.167359217535882,86.83416983681201,86.84659478698957,0.012424950177560845
7.705128087153007,-15.260593097662593,87.51651068767417,87.39808835512285,-0.11842233255131873
7.345903269904888,22.565750866832374,87.77961868584168,87.82161230985841,0.04199362401672602
-5.121663803965141,-26.0151803187061,87.38153646204695,87.38059946165639,-0.0009370003905644353
10.88002956639395,-9.203873011684422,87.41856700887396,87.43876910508591,0.02020209621194624
-14.063335356266862,3.6454369964098134,87.90763332298994,87.96386078533583,0.0562274623458876
-2.341060587149059,19.120652924046063,88.07084580091504,88.00331896235554,-0.06752683855950181
-11.434324224336912,7.072365914005502,87.9951179095761,88.09876609216644,0.10364818259034791
-2.556197241920856,23.77554623226223,88.10946470127412,88.05478188845751,-0.05468281281660836
-12.520454246790244,-23.112438317275867,87.46366487232467,87.49046037003605,0.026795497711376015
-23.618184781952785,24.31008611155807,88.64642106624642,88.728238328039,0.08181726179257964
5.880167463705092,-9.022706648304542,87.63309756893412,87.51494163103933,-0.11815593789478385
-16.699086739839125,29.070429976083744,88.47076899201383,88.52289867944452,0.052129687430692684
26.223600162321,-14.254528106449598,87.24420645967274,87.10620531787802,-0.13800114179471734
11.47559979831152,-2.5158135501683816,87.53027312032437,87.54616838203181,0.015895261707441932
-24.704429330010257,15.131834228386538,88.75155661488968,88.75782359769991,0.006266982810231525
-16.197781873512646,-8.685372073734442,87.81393871737124,87.79260198162052,-0.02133673575072237
13.835727261752197,-27.225101747658073,87.03091788558858,86.99984986227139,-0.031068023317189386
18.19962009011997,-22.419162417858736,87.05868762936657,87.06470548570802,0.006017856341443917
-14.743232154026082,15.184531266051074,88.43988788267218,88.45136455813359,0.011476675461409513
-25.64999492888242,0.740906448687852,88.16652521124986,88.27121754554439,0.10469233429452629
-1.089764518615695,2.760581423106572,87.77248780022293,87.80310482680244,0.030617026579506046
-15.932017138282909,5.401354992417723,88.03296535036793,88.04926444018463,0.016299089816698142
-16.609546207909858,30.340159687270038,88.5195827681601,88.51971998290655,0.00013721474644512455
-30.965621916229672,-13.90556813016368,88.61060459163528,88.76355750694248,0.15295291530719624
-1.9544037849505003,-30.918055783199087,87.29879603821105,87.29264569143679,-0.006150346774262516
31.422750528861407,14.378791684748379,87.2295131478205,87.0778467266404,-0.15166642118009577
-27.092972216030233,-4.274621850333396,88.6098977657849,88.64600166702189,0.03610390123699858
-11.320736607410872,13.530659640850494,88.28090221469012,88.3023755660058,0.02147335131567729
3.9205719788042757,-4.939994536585601,87.65467459874338,87.60347356850457,-0.05120103023881484
22.52378240316643,6.012293039675193,87.52949943681156,87.43877147422937,-0.09072796258219284
-12.449233009259729,10.312706869684341,88.16530741069018,88.24404881422322,0.07874140353304426
-31.877907974039957,9.624406988160032,89.14451989973877,89.13072712935082,-0.013792770387951236
18.05971358006328,4.885493995556395,87.71033281951118,87.51844037910018,-0.19189244041099585
-13.304753052942552,-23.481513730508063,87.46342558251783,87.49887483639816,0.035449253880329934
6.999643253753391,-3.307958944707451,87.6067975668105,87.58933878915855,-0.017458777651953028
-30.394714927269973,-13.614648389120816,88.60316787544978,88.73629026476236,0.13312238931257525
-12.277612774355617,29.899670809582936,88.3855353491833,88.39263652338079,0.007101174197487126
-16.095673506375384,-2.0285006572032884,87.77979871970052,87.81231870813593,0.032519988435410596
-19.972415427663073,-16.436160775879358,87.69189324993042,87.69619970858281,0.004306458652393985
-26.20668345767678,-11.197677705167287,88.65003716958509,88.51681629768858,-0.133220871896512
-10.770195957068509,-21.880591554327694,87.46917607127138,87.4739791554382,0.0048030841668236235
21.54643492338998,-8.954594966601938,87.43347729531949,87.27167508229714,-0.1618022130223551
22.32537495714741,-31.14721014027714,86.67193241120624,86.79842166743423,0.12648925622798401
-29.03085296782362,2.484273398143955,88.91048965754914,88.8062216380415,-0.10426801950762865
22.75633959635202,-27.91278547627119,86.81087416388638,86.88877117064177,0.0778970067553928
15.234683781459466,7.080465525305101,87.71889255144823,87.57933001901233,-0.1395625324359031
-20.57343755251707,6.060731383081112,88.1734488313994,88.1987510477659,0.025302216366497987
-19.752276028024525,6.818454289031912,88.19164012673411,88.20986442823978,0.01822430150566845
-4.505044932239599,-19.536977523913798,87.46004224525645,87.47403988766763,0.01399764241118362
4.879157780158124,-8.342809614543874,87.58255733064271,87.54031107915708,-0.04224625148563632
5.197865960113496,27.105516160224987,87.8940805313295,87.89317495590593,-0.0009055754235589575
-16.901267491397967,14.623863975450085,88.46861010969043,88.47225304702383,0.0036429373333959347
31.446809534443204,-4.549057231231977,87.22229731721646,87.16467833495645,-0.05761898226000994
9.642014969731719,-29.993906426313274,87.03245605804814,87.0425592064685,0.010103148420355978
17.618433341002813,19.918144012648582,87.56254406572891,87.5142231352514,-0.048320930477515844
22.14572266874169,31.436931567546445,87.20371084961282,87.22057987742937,0.016869027816554194
17.18532556490061,21.25610637255153,87.54552098458468,87.51547723476271,-0.030043749821970778
17.416820590261217,-2.9370512299486933,87.48225626906984,87.4543423512526,-0.02791391781723007
-25.395721543815135,-4.00912784117363,87.95023381043154,87.9709252126894,0.020691402257853042
-26.05510083789128,23.89599873760298,88.71510538903334,88.80944898933991,0.09434360030657274
13.397894937467292,-1.8913600570936921,87.48911283520103,87.53251364858389,0.04340081338285984
5.290142979319285,-18.834636362583517,87.4153345363407,87.38245381519405,-0.03288072114663976
8.842796327090689,-17.060693125994668,87.48003507426507,87.35355105061011,-0.12648402365496736
-24.332973766841846,25.014814573032993,88.6486038724852,88.74893491740994,0.10033104492474365
27.39878048603935,-11.046617904813075,87.30369333768192,87.13510954881937,-0.16858378886254854
-15.76726540153858,30.683996461665366,88.50795489101294,88.49482512254465,-0.013129768468289171
-17.270151111065687,22.586179165145865,88.46561239142562,88.54247508861937,0.0768626971937465
30.030233815813318,-0.7271731756289768,87.27627743994621,87.25030614521972,-0.025971294726488736
10.94260477639883,-16.758615619075464,87.32991299388597,87.32508556071559,-0.004827433170376594
11.371618998806674,-26.043970935130005,87.13350222875451,87.10497277012152,-0.02852945863298828
20.745233364983335,2.182568464532814,87.58705155594916,87.45255436567193,-0.13449719027723006
-15.597257374941073,0.2650241170126293,87.8250989039082,87.82542340852144,0.0003245046132462903
-5.220710464633427,-25.115815875012892,87.39382269419998,87.39478461705394,0.0009619228539605729
-21.829404125275758,11.573558571753573,88.44235374065204,88.48065379192309,0.03830005127105096
13.15190451560266,-9.488743688318266,87.42276670120684,87.40504971879085,-0.0177169824159904
30.47258021025126,-18.751659462980783,87.05467170024902,86.9632358173913,-0.09143588285772353
-12.487633926393656,4.0592497621279335,87.88685960259545,87.9737811989644,0.08692159636895269
-9.05995794197954,31.50585038466388,88.32660117947187,88.29740765201558,-0.029193527456286006
15.94624289796807,-5.0120730237397595,87.42113564778104,87.44654387199267,0.025408224211631136
-4.976899969665638,-26.620121632837147,87.37279930356596,87.37068694696869,-0.00211235659726583
-3.594652430177412,-6.034679478255079,87.722772839383,87.70817774767556,-0.014595091707434449
-5.907208317912719,25.168279311855684,88.18344724063876,88.19856292763781,0.015115686999052969
3.0505136198095784,-6.655384330630433,87.62148362986336,87.59294710681785,-0.028536523045517015
-24.73172474572214,-22.57056498953856,87.54057632066066,87.59745941414376,0.05688309348309417
14.491440992266838,-25.63722399070074,87.04715817358586,87.02608827033868,-0.021069903247180832
13.335956187539132,-19.998141904609938,87.16374042543563,87.22031189130736,0.0565714658717269
22.802049018986544,-8.132179949168737,87.42174826909881,87.26171875895939,-0.1600295101394238
30.170278489717084,19.921343820904575,87.19210555400045,87.05839119767059,-0.13371435632986106
4.17780357804584,11.781666772958339,87.87577721247882,87.7745268093721,-0.10125040310671807
1.880085382583033,7.5505238976970475,87.85477295789508,87.77358769858029,-0.08118525931479326
-21.879554804817566,7.497303914929439,88.26196418032747,88.29533165229776,0.033367471970294105
-23.745126961368896,-19.120398014352496,88.1511350274018,88.10228838714069,-0.04884664026111807
-14.148200763563167,26.8742748604815,88.39161386866414,88.44890063050174,0.057286761837602285
26.45974817336262,5.807476622369549,87.40254769176389,87.35761951729509,-0.04492817446879371
25.037859880006295,-3.535649676956119,87.37605869099714,87.29782487494865,-0.07823381604849544
-14.592666147044746,7.390759970246513,88.0884056716342,88.12852574108257,0.04012006944836344
13.080100522562418,-11.123075501345312,87.39920925129077,87.37786958758126,-0.02133966370951157
4.168235929184824,-23.297004780345027,87.36188236317383,87.33207552184307,-0.029806841330767497
21.137678171517663,12.489102714708501,87.61056862970412,87.47211709423891,-0.13845153546520805
-16.088499409751265,-29.484312113475916,87.73255767981495,87.72225797315673,-0.010299706658216223
0.8602295614589579,-19.145828584252065,87.43497353948622,87.44747946464004,0.012505925153817543
21.768273415192198,-17.62305672755044,87.18605228656007,87.13182304760517,-0.05422923895490328
-18.498579575204673,18.58263041654658,88.63721162358904,88.58029448228649,-0.05691714130254866
17.04709467988254,-21.553671736829592,87.10516803416742,87.09427020311087,-0.010897831056553287
28.47501447158266,0.12819220733628356,87.32141119533122,87.29332660080786,-0.02808459452336365
-15.653955083869448,4.894144269919963,88.00359095545828,88.02591988728612,0.022328931827843235
-25.98017246147817,22.090189986580548,88.72303907084783,88.81559029590181,0.09255122505398106
4.672844109127908,3.087248492097636,87.71203588817204,87.69211528897696,-0.01992059919507483
-4.192434942047058,-10.924854678687822,87.62116521476901,87.64881873601547,0.027653521246463697
24.40052905565844,-29.044398453218,86.8150845249397,86.84953239559674,0.03444787065703281
-16.529174208337956,-28.404525775435154,87.74284264866978,87.68308286741511,-0.05975978125466952
-16.29780067147685,5.041905673840695,88.02629518754173,88.04191691310382,0.01562172556208452
20.82097554185254,2.5037823306757687,87.58715159665346,87.45280731055846,-0.1343442860950006
14.852525132743082,9.038143491964568,87.73244106818653,87.59457735866792,-0.13786370951861215
5.042150973910331,29.976379025146905,87.89579189535185,87.86733924879732,-0.02845264655452695
12.695267718962086,-24.709178414448907,87.1363250942537,87.10462771679597,-0.031697377457732046
16.07225910910836,-14.709242570597588,87.24101424820343,87.27779922838523,0.03678498018180676
-29.358442549522813,18.134471538002117,88.89392830062378,88.94859930457456,0.054671003950772956
5.073293789653185,-28.706666019394326,87.23728786332283,87.2117413277387,-0.025546535584140884
-4.530477845639204,-5.242263103133446,87.74440367784578,87.7345789617572,-0.009824716088587593
3.8090278616026794,-12.59237018878666,87.54427518000259,87.49714058226316,-0.047134597739429296
-26.24574403948447,-16.612070662036977,88.32159618095152,88.31072183122687,-0.010874349724645072
24.200316532956926,-7.735856134335087,87.40575029121577,87.24170156430492,-0.16404872691084904
-8.294588037295775,7.858886440998511,87.95450805869629,88.11688819051199,0.162380131815695
12.560993542921999,-26.522582456625067,87.08828985798561,87.05683973662049,-0.03145012136512548
2.5930842121646833,3.836222108968343,87.7710697607171,87.72737541796131,-0.04369434275578499
-3.9627517144077373,10.753740031085094,87.98653333715369,87.98926920631543,0.0027358691617394015
-19.04312870714451,-1.7743812345795291,87.79023741801225,87.82183081987924,0.031593401866985005
15.222014475959803,30.026361800490484,87.48949968931663,87.49140700286972,0.0019073135530902618
18.540240419328143,-10.05681919292347,87.30777914739707,87.31041127156377,0.0026321241666948936
18.30031242827023,-26.302895868034845,86.95169972724108,86.95359113994085,0.0018914126997771064
28.383884471443338,29.16058203776933,87.02619872132004,87.01558608306384,-0.010612638256205287
-29.966239841134957,7.667233863064979,89.09093881049016,88.95517336196673,-0.1357654485234292
-11.964045992913164,1.5508992438356728,87.84778251745387,87.86264437513502,0.014861857681154333
-6.359009335901455,-17.06252162973381,87.50369008263311,87.50976062022667,0.006070537593558356
-13.40509837105055,26.357627107380914,88.35942045902343,88.42729101578618,0.067870556762756
16.083077736932097,-11.357401065542987,87.29928939519613,87.33520351673293,0.03591412153680551
-25.271279322442865,8.567363927280155,88.47610093444786,88.4907358142284,0.014634879780544452
-26.084364162768964,15.986475562333936,88.87542886705916,88.84766261583661,-0.027766251222544724
25.552563238505456,-22.75816896373037,87.13333381922318,86.98711823916183,-0.1462155800613516
-11.837864466095247,31.34100479551516,88.41502517444555,88.37909455496447,-0.03593061948107845
18.517241724341503,1.193858713707776,87.6971646420575,87.49005205266907,-0.20711258938843002
-17.926131014804632,16.16188269853521,88.56328208052038,88.57222968244332,0.008947601922940862
-0.94402492568166,4.635086195364565,87.80574505485055,87.8147516744232,0.009006619572659247
-16.73400874352685,27.257705238979106,88.47259259403953,88.52470700284535,0.052114408805820744
-12.807322253479427,-25.469986525004067,87.43383847205115,87.45898363473174,0.02514516268058742
-8.630243887131513,-1.9251837060113601,87.74641869914987,87.77303778902183,0.026619089871957158
25.773264181824047,2.106902965341135,87.3672361052364,87.35567709870027,-0.011559006536131733
26.157104466077215,-9.172974935168362,87.34807104819127,87.18549112781417,-0.16257992037709812
-6.198090247950567,6.622363156500548,87.93535856497668,88.03836989209348,0.10301132711680339
-18.043003284332677,21.129614426247088,88.54868491022492,88.5658103257064,0.017125415481473283
17.47365036516416,-21.67652850642417,87.08950191179191,87.08895592351496,-0.0005459882769542901
9.715178683787428,-22.472607752106434,87.29690355314673,87.25479442524846,-0.04210912789827148
26.23164904714659,-28.763362338338396,86.90968907762489,86.84975966490698,-0.059929412717906416
-11.489803020507523,11.655650456861302,88.20109481463126,88.29163524904187,0.0905404344106131
28.84761067389929,-10.119362801670064,87.26949039390864,87.1241934140428,-0.14529697986584722
25.62359659378854,24.57033177463662,87.21322281343208,87.16858636039409,-0.04463645303799524
-3.616674421446568,22.248467350076005,88.14378931521826,88.08208049001125,-0.06170882520700616
0.5166208116759634,-28.961403771433318,87.30940783703232,87.3032099155791,-0.006197921453221511
-3.840504028067926,0.6305711853436904,87.75793169473006,87.78171475540822,0.02378306067815572
0.40237594502345075,9.777019536397994,87.9424901754634,87.81875086020179,-0.12373931526161641
9.525162752865931,29.854957769628243,87.71964249928104,87.70336374737077,-0.016278751910263622
-24.771247080131396,18.401629740692343,88.77449167980294,88.79249876416195,0.018007084359012993
13.549449146714046,-31.95029877619318,86.84901097677778,86.87348399121807,0.024473014440289376
-17.0282473432583,-22.24241314032701,87.57897487767073,87.54391671308073,-0.03505816458999789
22.12382384668406,24.148251948562795,87.3299792682484,87.30155831687681,-0.02842095137158651
-0.22669272074691094,31.081464247644796,88.04495397302341,88.03136837081098,-0.013585602212430103
-7.1793239830085085,2.3151213978580927,87.80854432190549,87.87147432812135,0.06293000621586486
-22.213560839583756,-21.752116007945823,87.4469927522434,87.52114323595893,0.07415048371552757
-8.655521186075674,8.523007460324926,87.9909274362775,88.14743864866357,0.15651121238606436
-31.737174593524998,-16.68994071864809,88.71304197782162,88.74798277239537,0.03494079457375676
18.036232393876084,9.666945058523737,87.6517496355176,87.54428939472525,-0.10746024079234928
-4.252755805685062,-3.3122885734158842,87.72971323037021,87.74680386894259,0.01709063857238391
-0.49289605022155314,24.35689508574491,88.02827682847374,87.9795624890046,-0.04871433946912873
20.31768800583238,21.589765868345758,87.4506170572129,87.3963013238368,-0.054315733376100184
7.766698610784154,1.58299100208432,87.59997264509167,87.6448735158915,0.04490087079983596
-2.563911338345818,-25.066846491486345,87.3785196524845,87.38291323419645,0.004393581711951811
-29.510843211780866,8.7751001445598,88.98904696130714,88.90842749379776,-0.0806194675093792
-8.312117553132495,-3.6945995815055284,87.74278938706709,87.76623182709153,0.023442440024439293
15.609522498406136,15.227212134917565,87.6691878975788,87.6178489867122,-0.05133891086659048
2.8516412657562284,-13.520858245732612,87.53505059746509,87.49910452734336,-0.03594607012172446
-14.27057947663549,20.416054062513318,88.44404298769022,88.45528328124828,0.011240293558060444
-13.017050535170569,1.3187631042973393,87.84831898582098,87.85793532259517,0.009616336774186607
1.3573953952412836,20.83896386857957,87.97000173854843,87.90519980532862,-0.06480193321981176
-16.22790959063731,2.252168466288211,87.89979641169435,87.91941740162004,0.019620989925684285
19.506916429418283,3.733763079856807,87.65851385647699,87.48455432377035,-0.17395953270663256
8.74497955743967,-28.576532886061045,87.10411573372048,87.10896893996929,0.004853206248810693
-6.990657443809482,8.27251836959418,87.95283083683371,88.08459375189909,0.13176291506538007
6.251085377385834,29.291972458297757,87.87396562970325,87.83028783715041,-0.043677792552841765
27.542084242364055,15.68227204466222,87.3211462350224,87.20304148576011,-0.11810474926228665
-28.040684799492347,-19.74955208445919,88.40293391289893,88.40067348964584,-0.0022604232530909485
24.061365439250864,-24.787845042274107,87.0158337281328,86.97228561317839,-0.04354811495441879
13.120612884177717,-29.590077455479737,86.95459005938119,86.95318681849463,-0.0014032408865602974
-18.895674426026417,9.907457906246925,88.30822991809944,88.32087096743163,0.012641049332188459
3.624628885121524,6.7926469343289,87.79669799617315,87.73757351893303,-0.05912447724011827
-31.42034420452658,-18.596847113162156,88.86216004380827,88.78815336874571,-0.07400667506256298
-19.96968139224972,-9.69353781634193,87.72328025838827,87.84276286077933,0.11948260239105934
23.329826329065384,-29.256407589383194,86.7830273949127,86.84804062180406,0.06501322689136657
-30.478279076245904,-2.431926957703091,89.19593420903777,89.18192529202308,-0.014008917014692202
-23.715861525422312,-4.4204938957783,87.86427126653955,87.9055338544247,0.04126258788515713
-3.523453156282528,-26.384552340834098,87.3671469150178,87.3673762674816,0.00022935246380484386
-17.087483362596558,-21.494360092102326,87.5533440001302,87.54330742523179,-0.01003657489840748
-10.471689723676391,-13.910174511236463,87.59732530720666,87.60802725127859,0.010701944071925595
9.403534566381914,-15.63569229062712,87.45040830716393,87.36604017697438,-0.08436813018954581
3.8985219211770996,-1.0846707495620223,87.73369851536091,87.66689648327394,-0.06680203208696867
-21.6294106808012,7.6320802208014555,88.26336865289578,88.2945631762558,0.03119452336002837
9.865266894735,-2.5261095510806797,87.54499757267753,87.56642150533719,0.021423932659658362
-30.656469349096675,21.68816116065249,88.84093385607866,88.97534555675942,0.13441170068075792
30.17506402074291,15.255853130635359,87.21098932538098,87.11274594670009,-0.09824337868089117
15.496041049445992,13.605641971722847,87.69225731821892,87.61067513365936,-0.08158218455956501
4.66189409095513,17.19048945266649,87.85227250880983,87.81651195336109,-0.035760555448746345
0.16118914465118905,30.357802602689134,88.02401164055405,88.01313934098674,-0.010872299567310506
-7.018772128244052,-12.433650579147262,87.60352269699547,87.62510027268681,0.02157757569133878
1.5941217754966246,-12.172928703038153,87.5537439212413,87.53794996410552,-0.015793957135784353
10.449777103999864,-3.9884801813314326,87.50840266318443,87.53387048818695,0.025467825002522204
5.6604704908262065,6.05981753822708,87.70112089522239,87.69694811511458,-0.004172780107808194
12.790728002721885,-13.059449715206917,87.33985733735881,87.34908130672983,0.009223969371021212
23.040365348083675,16.802989407714925,87.45800549745128,87.3528462404919,-0.10515925695938222
14.121110405545771,2.6141907649422294,87.5791080284021,87.56973349199316,-0.00937453640894148
-2.3680011666158833,29.7868522602582,88.08519270363075,88.10153772584697,0.016345022216214034
-15.82821935113293,11.80804373001505,88.3162617721913,88.32582825178825,0.009566479596955446
-6.689509385852141,-11.060388561438309,87.65549821587688,87.66298414234201,0.007485926465136572
1.1500986506387534,30.539112354454687,87.98823558994982,87.99837558327862,0.01013999332879223
18.392853774904083,-19.544627755799404,87.08863828919206,87.14580848041638,0.05717019122431566
17.305523583056328,26.24393872901811,87.4824259894446,87.4561818943173,-0.02624409512729642
-10.088124734875962,-27.951270721769973,87.3851653202549,87.38540963352663,0.0002443132717360186
-19.638800783223495,7.948956188619867,88.2387309867826,88.25576572581532,0.017034739032723678
-27.578998424447597,3.531228653078699,88.54588691043071,88.58182491374183,0.03593800331111652
-1.0271261777465028,-17.37418996646238,87.47363253834838,87.49292266927061,0.01929013092222931
-26.006559082838343,10.19426598808409,88.59755498708333,88.55180608469256,-0.045748902390769786
20.007771105569198,21.681909519183186,87.44994548259069,87.40671598696457,-0.04322949562612166
-23.237241239826076,-28.334440530025205,87.50088538270518,87.55887412233923,0.057988739634055264
13.580745741285071,-16.738712874980983,87.25666297975869,87.28383834492685,0.027175365168162102
-16.351067299805734,-22.5106012660969,87.52989048092732,87.5342943662007,0.004403885273376318
13.790558611368212,13.488209646162112,87.73137317186766,87.63168859033162,-0.09968458153603876
6.219600144978877,-18.345620361296035,87.42005994651072,87.37527205321955,-0.044787893291172054
-31.23026917302061,12.594605942160442,89.08410956836133,89.0222627466117,-0.06184682174962575
-10.208851732072858,-16.336394389717995,87.5267230105883,87.54166873410568,0.014945723517385545
0.8393360480388381,25.774902409995377,87.99350925430889,87.9594716778583,-0.03403757645058647
-25.178812182913518,-27.497591957741214,88.1155646398565,87.94784195745234,-0.1677226824041611
-0.9861860855933884,-11.606015324604591,87.56265775885196,87.58709179016346,0.024434031311500348
-12.042360705293625,-11.934487922547838,87.70443276709318,87.6774910597648,-0.026941707328376197
16.54655661059308,-1.9192038196244638,87.50605008539804,87.48853542988206,-0.017514655515981303
22.0980669589147,30.324678304745504,87.22281634540629,87.23457127246176,0.011754927055477538
10.861901262380577,14.118047462447898,87.7817922318689,87.68501384808626,-0.0967783837826488
5.674692933766238,-23.546497398427938,87.34135362668626,87.30454421752803,-0.036809409158223616
10.692521945571826,-12.062104101149849,87.37895135565427,87.39621555892852,0.0172642032742516
14.942008413008999,-25.027712632020332,87.08230924368794,87.0303926072549,-0.05191663643304878
-4.683151372741804,-14.52467978667162,87.53775121005447,87.5610323157388,0.02328110568433317
-8.886960110201372,30.912624755894967,88.31461303497481,88.29258093559153,-0.022032099383281434
29.776203796474753,7.5700162339838215,87.29197967826411,87.21700767050775,-0.07497200775635804
21.60545355195074,20.48738537211844,87.4298526526286,87.36170983646062,-0.06814281616797757
-15.601486256721444,-29.369812245873554,87.67550952051032,87.69121215940935,0.015702638899028898
-23.30146940811177,26.861632420959253,88.62435890261634,88.71783197967784,0.09347307706150332
20.174055449988202,17.184351210637665,87.54125771102511,87.45211187241388,-0.08914583861123049
-17.046558839831377,-19.93428509886366,87.52739052857949,87.53937258877615,0.01198206019665804
-28.749878495163067,-24.74687293690753,88.83386497275605,88.80098389792674,-0.032881074829305135
6.05721215441622,22.209420085987816,87.80660412138468,87.8397410312932,0.033136909908520806
-20.79476711992215,-28.285521999865338,87.62597358132116,87.63658616315678,0.010612581835616197
28.40789344541391,-8.388745740310789,87.29002630834509,87.15844214161231,-0.13158416673277884
-23.80171612313592,-10.299172638805864,87.89680185287483,87.94222320322314,0.04542135034830608
-15.059617548560752,-9.826894263903121,87.81700633364638,87.7523915293743,-0.06461480427208244
3.699501712816641,6.425131970488287,87.78756328552147,87.7329291065109,-0.0546341790105771
7.992785082909499,26.088360569736928,87.79382658526437,87.80130038902597,0.007473803761598674
-4.803046245301907,31.07219948909978,88.15730571036579,88.1725254035469,0.01521969318110905
-23.056671261725924,-18.51435480228192,88.07858311104107,88.06296652722828,-0.015616583812786189
-7.957500517797968,1.220894808457011,87.78536947624261,87.82808854683712,0.042719070594515074
-29.28862232009432,25.900524777782643,88.79516935476634,88.90895610871385,0.11378675394750815
-22.804147974263913,-29.32798766559631,87.54367832137109,87.60865487118079,0.06497654980969969
16.222023368475234,4.975861322705256,87.66042227845602,87.55418107998092,-0.10624119847510372
17.318235029631822,-16.64773014077776,87.1917661012706,87.22413702497848,0.03237092370787309
26.13943299532712,-19.88562315865969,87.15078802706317,87.02108784995737,-0.1297001771058035
8.801234916915654,-3.704926869179289,87.52323859122191,87.55965908662014,0.03642049539823233
-25.915291217414634,17.11816143339116,88.87027757640917,88.83727250600568,-0.03300507040349032
7.526302222637156,28.211152626859402,87.81445454772424,87.79515255861519,-0.019301989109052897
-10.821300101714286,-10.297176586491737,87.74841618401781,87.7116143315111,-0.03680185250671286
17.338691532700643,16.733179013444925,87.61829133204353,87.55998790712297,-0.058303424920552516
29.466022333216195,21.52813010726687,87.15749471718738,87.06509671245202,-0.09239800473535809
-12.097251372209278,-30.72029992079893,87.36828012983821,87.51689611895138,0.14861598911316776
-14.123324222656088,-14.707552298239627,87.62296533281332,87.61846927933082,-0.004496053482498041
9.043033069833342,-20.642874275400054,87.3456094003247,87.29577129824669,-0.04983810207801298
-19.499975977898252,10.267075548913738,88.33925638133833,88.35236288390759,0.013106502569257827
16.292313433700294,-19.107783289944756,87.17012665047606,87.16718584414335,-0.002940806332716761
-16.412217607548627,-5.16972250326382,87.77669327440555,87.80459718246146,0.02790390805591869
-26.787751476295377,11.869326556594515,88.7238077330715,88.66297126925257,-0.06083646381893004
20.262784695265452,-28.327485757971615,86.82965813039169,86.88754982094294,0.057891690551244324
-27.134815807347366,-14.885339249432086,88.41283345302736,88.41355511247993,0.0007216594525658593
-23.268323512258057,-16.194685129356145,88.09700863137327,88.08942013635803,-0.007588495015241392
18.060518669064543,-0.8031292042884957,87.61203490636548,87.47866951288286,-0.13336539348262022
2.4512931128338025,-31.835314684991097,87.21276149394554,87.19861449914738,-0.0141469947981534
29.929311354761566,-7.871327324375926,87.25042511192476,87.13996345071874,-0.11046166120601697
-29.7340591566305,8.13204788217093,89.0389740790389,88.94014816156239,-0.09882591747650338
20.9602902962081,1.6003010029088713,87.56201118404616,87.44533502883134,-0.11667615521481878
-17.979037543767006,18.676949563339242,88.61461084845004,88.56498947043917,-0.049621378010868966
-19.089633824740133,-26.049571492710108,87.63528995672027,87.60594733959432,-0.029342617125948323
-11.236559359071286,16.672865483641417,88.38369394223744,88.32815380453306,-0.055540137704383596
-20.01059090969344,11.607772543858765,88.41152498030196,88.42381549776506,0.012290517463100059
12.414634196989098,-3.880704000256813,87.49135195657405,87.51079506232767,0.019443105753623513
-1.312438423928377,-15.156014090904272,87.52375410039423,87.53569114512953,0.01193704473530488
-22.995669308926118,-11.331230564440482,87.75014969218611,87.90726110073226,0.15711140854614314
-28.189961675495155,-26.70314498117512,88.96222364114755,88.85466414835533,-0.10755949279221966
19.66219035722674,23.549450760957484,87.43403878384545,87.39891749061346,-0.03512129323199531
18.595169887636963,-7.0503203486965305,87.3608942005471,87.36103339033752,0.00013918979043126
-17.65591368399153,-20.18877563765789,87.53191534662791,87.5492208682585,0.017305521630589737
31.141994777575043,-10.45104795092977,87.19436525730907,87.07922944441496,-0.11513581289410979
5.311173047908582,9.15070819164145,87.80849790352411,87.73134699870594,-0.07715090481816844
-7.1153317468227755,-18.14176928903165,87.48005569778604,87.4977019379952,0.01764624020916017
-9.056392928785996,-3.0749985263003268,87.73794442789556,87.77181902477913,0.03387459688357808
-3.507288031908246,5.662204814992826,87.87528281577865,87.9243795066966,0.049096690917949104
18.993381269988006,31.050914128336764,87.32893045270464,87.34106841707882,0.012137964374176136
-13.051761488811522,-1.4401918856127693,87.77012881772907,87.79684577911297,0.026716961383897342
-22.473826413921955,30.77659790849409,88.6392992027838,88.6918260175769,0.05252681479309729
-18.499923092047332,-1.1716065297617533,87.80738473730278,87.83119519437922,0.023810457076436364
29.295931683816086,-22.668717945678345,87.04091443246993,86.92345371958318,-0.11746071288675353
5.310715020632273,17.86612125355851,87.85089129067615,87.81197490794186,-0.03891638273428555
-12.289275900823448,-11.010409849080986,87.74718934646049,87.7030682574856,-0.0441210889748902
21.002950783210387,-9.575467180202615,87.44059842806665,87.27143155502044,-0.16916687304620837
-9.200349846659023,-16.885655810161154,87.5180479268868,87.5240780910695,0.006030164182703857
11.507958839303683,21.519532056894484,87.71236074852054,87.72193261488238,0.009571866361838488
-23.82962437169889,-23.06745834697911,87.4415058332994,87.4419000669483,0.00039423364890467383
6.215066965661144,8.927945373332072,87.78543610448969,87.7142588541737,-0.07117725031598354
-31.9599758831474,20.757468832946522,88.8835796927677,89.02380738882204,0.14022769605433894
-14.626965848086158,-23.7259321739647,87.46760337537668,87.51518592603169,0.04758255065500805
-30.344506179701476,-0.329544993561278,89.1770916940327,89.04125715073609,-0.13583454329661038
21.629600402131643,-7.012907610988364,87.4179574389584,87.30345330965298,-0.11450412930541631
1.6095355845315922,-2.296162484420641,87.70305658736703,87.67721651945119,-0.02584006791583704
-25.119342608298446,9.746440800552357,88.52236434041868,88.49919137855804,-0.023172961860637997
-15.31135929153676,25.42787438300087,88.39519712071079,88.48369880374672,0.08850168303592909
22.02295960215158,23.470579170753766,87.3525015583468,87.31273166290435,-0.03976989544244702
13.753523471277255,-13.565918855755037,87.3442510512974,87.32733805787777,-0.0169129934196377
6.869853084446994,-27.03688884510241,87.23622466086886,87.20722863480745,-0.02899602606140661
-5.021456943883308,29.386501758340636,88.17513753258842,88.1796698620515,0.004532329463074802
-16.322884472236474,-22.46036525658355,87.52682912103694,87.53377095572104,0.006941834684099035
1.0574654456584156,9.626056281948927,87.92783109654592,87.8064633352586,-0.12136776128731697
-23.472072200565492,-7.7617684948002434,87.83462656625518,87.94179561903921,0.10716905278403033
7.352581534876208,12.935655995118658,87.80240818063106,87.7324198946483,-0.06998828598275963
-14.226929716374109,-19.6510383194653,87.51393513371343,87.52035318245909,0.006418048745658211
-21.081422281519338,-19.461343096939395,87.52095643679303,87.5787618410393,0.05780540424626679
0.5649411952427954,-12.009410766540562,87.55733280878205,87.55646924909753,-0.0008635596845181226
18.94706414378136,-4.363763032374813,87.51556904523619,87.40045830227037,-0.11511074296582535
23.190735877146217,21.923971781754823,87.36817513033635,87.28755331945644,-0.0806218108799186
-7.108798854630592,17.318138102552247,88.21953068402009,88.17288342312612,-0.04664726089396254
20.623382171776015,6.282138919251928,87.61829302054258,87.47666879125076,-0.14162422929182128
0.5729730763100847,-2.4542926366526245,87.71013663189186,87.6913087905554,-0.018827841336459983
29.5737365799407,-31.654352805400777,86.77220911805598,86.75316256458134,-0.019046553474638017
13.53556201863271,27.978012115773154,87.57351437243679,87.57612550354699,0.002611131110199949
-31.457350935800513,-25.11087777873926,88.8078330871933,88.83631681741514,0.028483730221836367
26.110989643751935,-13.751860139876882,87.25973303988481,87.11589056751718,-0.1438424723676235
-16.116542103967525,-21.984236937189152,87.50751088338093,87.52972185738149,0.022210974000557826
9.122742848369015,-13.85762636736748,87.47656942369623,87.39557782769913,-0.08099159599710504
31.59585415961127,-2.9315539243063853,87.2245947340232,87.18695834998437,-0.037636384038833626
-0.8792992085445448,-1.798481592768006,87.71694521594304,87.723886158765,0.006940942821955787
-29.661170056588062,-13.593233494280732,88.56889555917932,88.68777665807445,0.11888109889513032
-31.866916685399303,-29.959850651431225,88.77345534444655,88.706379235513,-0.06707610893354854
-31.076303682626275,27.157593040602933,88.92806235676252,88.96325485570244,0.035192498939920824
16.900724599125624,19.88687184346616,87.58334141498676,87.54103261942403,-0.04230879556273237
-5.278870698726685,-13.68717544096549,87.54703571467712,87.58592854082568,0.038892826148554605
13.098419015532222,-6.476308852335528,87.45078365777222,87.45750638915978,0.006722731387554859
28.774750406290188,-7.328133199382307,87.28399960387603,87.16837536581808,-0.11562423805794708
26.767630239144104,26.501529486457102,87.14017303700827,87.10461648461691,-0.03555655239135547
17.26056324773934,-31.077363561168987,86.77064987615498,86.82193774470379,0.051287868548811844
25.247607310236475,8.949569689467062,87.39401606194062,87.36475989446974,-0.02925616747087645
9.523104915263737,0.4639968166133741,87.57860121989121,87.61664625141842,0.03804503152720429
-26.631225163473545,14.225882624959247,88.8254936689781,88.7769891571558,-0.04850451182230131
15.950185512694311,25.64685000593346,87.52891742516977,87.51272758843538,-0.01618983673438379
6.3333689840335765,-19.612055903932102,87.3976398419639,87.35416784350144,-0.043471998462450756
-31.406774006099212,-29.887962404736506,88.83689174768955,88.73908037692114,-0.09781137076841162
-3.5356868378758364,10.272632169187759,87.98582570695115,87.96813671996493,-0.017688986986215127
30.240278633383596,-11.570220640924404,87.18806765680658,87.07768885078387,-0.11037880602270889
-14.037258828984896,16.41658216406612,88.47208529494151,88.43518455156338,-0.03690074337812632
-21.281632293120502,-5.699298145460972,87.70444234939382,87.83828199794694,0.13383964855312058
-15.346608919594082,-19.76969734546328,87.52035634319958,87.52456338529457,0.004207042094989788
-20.248711387055046,-24.337254277048274,87.58059176379615,87.57187908781495,-0.008712675981200846
-20.962137914517463,-0.8368605579296045,87.87253927944919,87.90031379307521,0.027774513626027897
-17.50632457319073,26.417795708865874,88.48450040616726,88.54776035672617,0.06325995055891553
-9.1738742014224,-0.7844099179156032,87.76228510498554,87.77913951452322,0.01685440953768591
1.6814290274926336,28.552718603938708,87.96449491949227,87.97116728678236,0.006672367290093462
-21.090776461590195,-13.83435922691573,87.88609123383499,87.88233332205266,-0.0037579117823298702
16.08618468420338,10.948758181058082,87.76173337405372,87.58851476623485,-0.17321860781886755
23.64190154749395,-16.83363664565462,87.27043191481577,87.11140692476813,-0.1590249900476408
19.90966456632043,20.627253639597058,87.48197438442064,87.4219342211149,-0.06004016330574302
-8.17659075644847,9.918575765617028,88.04083339194636,88.14614544662604,0.10531205467967197
-7.175172954014478,-19.806848241639436,87.4731781412764,87.47660682406563,0.003428682789220261
-25.057191109001614,7.084602174251025,88.39356694770271,88.45046446003755,0.056897512334842304
-30.46148324454537,5.787993700599664,89.12885606441799,88.97522450327705,-0.15363156114094068
-23.08511321943309,21.15071298641869,88.62134100045381,88.72239271042982,0.1010517099760051
-24.37445751958203,22.466635781880022,88.65440177507776,88.75959000623814,0.10518823116038334
-18.628401468022922,12.018442409435934,88.39554630234959,88.4051217229272,0.009575420577618843
23.608488153376335,-9.023610079434746,87.41542197708077,87.23206907113818,-0.18335290594258424
-17.36367604158462,9.882604966383099,88.26881356889868,88.27938962039286,0.010576051494183503
5.225226522079836,-11.757459432670565,87.55173711674465,87.48662856779077,-0.06510854895387297
28.083955749804225,-29.57899426384504,86.85103254712094,86.81864185154375,-0.032390695577191764
-28.10637546203595,-2.7576155622711767,88.6947669455466,88.87664693945474,0.18187999390814014
-28.183403776287086,-15.479859645848151,88.41212729583509,88.44535592981549,0.03322863398039999
-11.171398943307125,5.500844399688063,87.91882823643934,88.029466727437,0.11063849099765832
6.205671914926683,-26.006668259894504,87.2857209139158,87.25585159051519,-0.029869323400603776
5.384964439905609,11.294471366370168,87.8234347156993,87.7499506730464,-0.07348404265290753
-6.822145299464744,-18.087789898059093,87.4790134986355,87.49773050572354,0.018717007088042692
-10.576078576230628,5.9548130737694365,87.9250617430153,88.0460870632327,0.12102532021739876
-14.914615272579802,-10.041601981118909,87.81471716921989,87.74585720182847,-0.06885996739141831
19.729258135365264,24.445683805950246,87.41907016389968,87.38658636294534,-0.03248380095433845
8.690921063756946,-10.352822930293215,87.50535870687685,87.45188436935544,-0.05347433752140773
29.683259267273648,-5.646440563788325,87.26596992948679,87.17844685806872,-0.0875230714180617
-25.056836476070828,14.086607595694097,88.72354061384685,88.7168027405994,-0.006737873247445236
-21.893546080378428,-25.675629622998827,87.59857191278755,87.55228065188679,-0.04629126090075886
-30.484235434245214,-2.722355736278324,89.19717144917558,89.18534145450256,-0.011829994673021815
14.813647985206124,-29.441018480349733,86.92371623800418,86.90833592320907,-0.015380314795109484
-2.7573143467973438,-4.859907950462635,87.72843328381192,87.7111636049781,-0.01726967883382713
-12.003977436450327,-24.164156810190455,87.44689420721082,87.47517226377813,0.028278056567316412
-20.48650419898138,-9.485621998054533,87.73204271081933,87.85745567004551,0.1254129592261819
12.024471904148157,-26.45631164288767,87.10301477190352,87.07428791766246,-0.028726854241057254
11.322934362288287,31.0090934888365,87.62167124752825,87.62437614769684,0.002704900168581048
2.152746430324875,-15.993750067334105,87.5005106189672,87.47518252402129,-0.025328094945905377
8.069464599526746,-14.75404778833633,87.51797235851534,87.3995050075472,-0.11846735096813177
-19.10757881260477,-10.811231467848536,87.72471184377197,87.8004256890184,0.0757138452464261
27.088060437252274,-18.727753227728606,87.13779410162061,87.02240835662242,-0.11538574499819276
-3.979576601562556,11.439882875760041,88.00633701322364,87.99627345894503,-0.010063554278616493
-2.6218075481635665,20.470425612776303,88.10456622765534,88.02677137196146,-0.077794855693881
27.898850277044673,6.927503366522728,87.35878091284604,87.29245259678464,-0.06632831606140144
3.7071034946752306,30.361814466948942,87.90882332476639,87.91232957563145,0.0035062508650582913
-6.4202011899866775,13.962002690911135,88.18043577847169,88.11493999068774,-0.06549578778394505
6.886135101747563,-0.08333053862786244,87.59196929305509,87.64620416901676,0.05423487596166865
-19.2529078845061,-19.40184058864977,87.52510602721318,87.56981244887909,0.044706421665907214
-11.168514288283696,-16.426979737924697,87.527741207861,87.54890293702425,0.02116172916325354
-25.81231456648326,20.712564038145054,88.72985056558157,88.81653941853067,0.08668885294909501
-27.70513295174662,-5.819063390745612,88.59391600670682,88.60793432279064,0.014018316083820537
-27.987599023272452,-7.568166750754301,88.83194991023561,88.83907034212865,0.007120431893042678
22.23470600623814,-31.615379981505875,86.6636192359269,86.78546417000057,0.12184493407366404
-12.711384798492169,17.595928187384665,88.42494354399585,88.39430233084421,-0.03064121315163959
-9.33123760875533,-24.69325711031864,87.42398103824233,87.4285076725924,0.00452663435007139
18.874627185467816,9.461258177160282,87.65792291275628,87.52711011165864,-0.13081280109763327
-19.60394471974103,23.208381855249748,88.50380963369045,88.61077415480432,0.10696452111386634
-3.2741887577900997,-6.451183289612246,87.71162607475429,87.69708669608426,-0.01453937867003674
12.242847372360956,20.8697194591995,87.7011303291778,87.70198113266765,0.0008508034898540018
30.239774515564186,-14.094703926426774,87.12567413395058,87.03888289025782,-0.08679124369275826
17.360966360978864,28.202672578977776,87.43645965155248,87.43259259374051,-0.0038670578119734955
-23.312403313582152,-2.6301461108789397,87.88011074222567,87.91638405974248,0.03627331751681595
-31.73005218207507,15.601753508639106,89.05978215762086,89.02713175600329,-0.032650401617573266
22.55548396919955,6.452852252260207,87.53320638207093,87.44050339589846,-0.09270298617246908
2.0295586227772304,26.758467725014633,87.96187251725621,87.9487821421368,-0.01309037511940403
29.65867651918034,-29.9057983113805,86.78620036887035,86.80263537291916,0.016435004048801716
-4.980767586004575,25.076114756857486,88.15565322920068,88.16152157512522,0.005868345924540108
20.979327724842037,-19.277797259307256,87.0870453176812,87.12008857964729,0.033043261966085424
20.75233231919264,2.683686924625441,87.59471019173736,87.45508003310823,-0.13963015862913153
20.373232484903333,-21.09678679784917,87.01393105765771,87.09315533820048,0.07922428054276054
15.376473170292172,-0.07084744140455967,87.52597630561579,87.53870287226886,0.012726566653071814
-14.43081934518245,-27.387001693661773,87.48004047382507,87.54182321588439,0.06178274205932155
-8.657000450218419,-22.032201473310003,87.45452539214885,87.45419732653028,-0.00032806561857512406
23.527266311095758,-23.629403111172287,87.02866519208551,87.00757112950944,-0.021094062576068495
0.10065063229473026,2.9715784409093686,87.77026025357229,87.76081468098145,-0.009445572590834672
-3.6144316776152934,25.56621283774472,88.14023038144526,88.11268306608758,-0.027547315357679736
-6.698408681119659,15.26349918581063,88.23144834968438,88.13784663316575,-0.09360171651863425
29.429188300314244,-31.776088844300155,86.77403504623281,86.75030741766112,-0.02372762857169164
8.802627909912289,20.142621421952512,87.79002663654556,87.77497910289874,-0.015047533646821876
-29.751360368070337,-22.023888055442896,88.94622268586508,88.94809982592609,0.0018771400610120281
10.067065712986874,-13.952319737885553,87.42553195238972,87.37936719872282,-0.04616475366690054
-23.55363249720063,-13.539048489150254,87.93783314703533,88.01018934779891,0.07235620076357918
1.7994417001897318,-13.653475390466284,87.53556541050222,87.51380345333168,-0.02176195717053986
19.387751421222838,6.823001699280724,87.66989266067259,87.50325045175666,-0.16664220891593118
25.400128192137466,-31.707544193646484,86.72908124073484,86.7693844456645,0.040303204929657
27.627637597940627,2.675185486975394,87.31910951276278,87.32311495449815,0.004005441735372983
-28.50525388032996,3.6358450190593032,88.77672181916263,88.7244341202107,-0.052287698951928974
-28.653430793510346,25.32322976404253,88.75548255260281,88.89029013237636,0.1348075797735504
-3.059437335473639,-10.368113787714336,87.62586514737939,87.63827007374664,0.01240492636725321
-26.026696905647285,23.99681327219586,88.71034399727857,88.80800632084247,0.09766232356389537
-23.50834341806882,3.4294576362631233,88.12740740251186,88.1491053202363,0.021697917724438298
12.85267831494977,28.311165671620884,87.60032292860339,87.59764235922694,-0.002680569376451558
13.81536286497878,-31.015201168512355,86.8777626997219,86.89242260901123,0.01465990928933536
-15.0685600949651,3.4390711847530184,87.92347528343245,87.96002441422134,0.036549130788884554
30.2286962339997,3.4796692315562936,87.28738040577325,87.24843931382347,-0.03894109194978057
-19.354943579854286,-3.3996590632740507,87.77131389091565,87.77149115910701,0.00017726819136498762
-20.4546792956529,-7.201147542823982,87.7115773665682,87.8673380272401,0.15576066067188776
-25.75049218211877,-1.8868482467042824,88.12729609155373,88.14323249877253,0.01593640721880263
23.193800878408155,9.831264853217021,87.52643366943646,87.42877591886618,-0.09765775057027781
-16.414605033127827,4.506943096387502,88.00518346139663,88.02186049666751,0.01667703527088804
1.839339205943574,-16.497910211338905,87.48721030840139,87.47243758797735,-0.014772720424033992
-15.783990483529081,6.599257815438534,88.08256957557664,88.10032435234058,0.017754776763936775
-18.09376342150572,19.7103860102764,88.59079198387622,88.56791416016235,-0.022877823713869816
31.10691434068682,7.298730774523712,87.2644052975071,87.17202406319062,-0.09238123431647693
3.705772978816114,0.30041753162666396,87.75359931289366,87.6895811018152,-0.06401821107846217
-16.96551261052933,-1.398757155938803,87.80041181672777,87.8026659437844,0.0022541270566307503
16.64752761275406,-16.106670968761748,87.22471495996652,87.24410931060139,0.01939435063486883
28.631703085556566,20.79559685727299,87.18561725426397,87.10384960113647,-0.08176765312749978
-16.716378844151095,-31.727564812730286,87.87855508352045,87.79741140306079,-0.08114368045966103
2.321302985268389,22.461812889571412,87.9289181331493,87.90418640100779,-0.024731732141503926
21.538718723513682,-3.777278255308957,87.44608843753909,87.36081150368055,-0.08527693385853752
19.006498606317557,-19.50934315556573,87.06373627199974,87.14420610098954,0.08046982898979138
-12.244177835461663,19.64718352805499,88.37309269006268,88.3950269577715,0.021934267708829225
30.43250187651072,-0.6668998869999996,87.26565745100672,87.24362361162422,-0.022033839382501696
21.912105780178855,11.545698602676794,87.61201906424273,87.4551190147271,-0.15690004951562742
-8.140066205184596,30.622514951326494,88.30997458780598,88.27076215977033,-0.03921242803565406
-6.877352758396839,-6.733166842208618,87.7551535300692,87.75004633719895,-0.005107192870241306
30.59679901151955,4.066162065418773,87.27945945906941,87.22826418963044,-0.051195269438977675
-4.11140621014556,16.831025892310414,88.1103824646278,88.05129276946883,-0.05908969515897411
10.441649071377135,15.411153241054663,87.76289822307847,87.70396230463817,-0.058935918440297996
-3.2984598648917256,29.61542713244973,88.11927528924667,88.12894887382738,0.009673584580710326
22.61278177066044,21.536407005982696,87.381346494218,87.31299733578042,-0.06834915843757017
10.220635848550408,27.71643323602094,87.70531231883794,87.70124061025925,-0.0040717085786923235
25.84116160041907,-5.455648287591501,87.37076433547219,87.2494103470688,-0.12135398840338496
10.881281870373158,-18.036694246951136,87.34338366417153,87.30656149620953,-0.03682216796200066
20.397259597695488,-7.953086639597139,87.39785006987618,87.310938934172,-0.08691113570418452
21.805847721970608,24.7352445525092,87.33849555937738,87.30682713470259,-0.03166842467479114
-25.475848072490564,26.11869919958695,88.66395110364273,88.78203652644898,0.11808542280624579
20.017039578933584,28.06379760389946,87.3407651792037,87.33617743175743,-0.0045877474462656664
-4.5345592910383345,20.332075619039664,88.17778537751198,88.10020785850615,-0.07757751900582832
-31.75379997755322,-17.30201114736952,88.7394208104168,88.77649482134605,0.03707401092924556
16.598845406429966,17.98059222019407,87.5719538173988,87.5731322990859,0.0011784816870914483
28.454613734030858,-16.14208482330779,87.13852624810087,87.03842037987813,-0.10010586822274092
19.408316133342822,14.365027211770645,87.60394928382179,87.51277243458468,-0.09117684923711522
-0.7896779695898744,-22.796850790689355,87.3983829737607,87.40910275028057,0.010719776519863444
-20.722879066992725,10.135985637633034,88.35765246174287,88.37894731421956,0.021294852476685833
20.550221650621374,-14.08078492432061,87.2456665667705,87.207449852308,-0.03821671446249297
27.988068724272487,8.292051794788932,87.36758521761593,87.27327590023174,-0.09430931738418735
14.347027879457038,15.268240274361865,87.69496794771031,87.63771217192075,-0.05725577578955665
-24.70201962401979,-11.967873237662786,88.08799635346678,88.0724467348375,-0.015549618629279394
28.29291659187394,-7.6792510846093975,87.29608451300358,87.17134853056079,-0.12473598244278605
16.514556251352268,-3.178991115358251,87.46812188014044,87.46749605526252,-0.0006258248779289488
-3.0458627862637897,9.716128318150119,87.98417625749033,87.9438552864893,-0.040320971001037265
-0.5416353621786314,-30.22488860775774,87.29912604998994,87.29465176873532,-0.00447428125461613
11.361904944047858,-8.54214296542954,87.43500656667881,87.4440295111553,0.009022944476498651
26.680920994974024,11.061526330316632,87.32958140103253,87.28820925808444,-0.04137214294809155
2.6373141231239217,-6.074644147414993,87.63593469016055,87.60765795397856,-0.028276736181993556
-12.085589425391873,-3.9290396588117105,87.75377118489841,87.78467134034746,0.03090015544904645
-21.446239568381912,-8.011359659084832,87.73142000057604,87.90990661122981,0.1784866106537777
-9.802080898243162,-7.43954868899646,87.77922382054228,87.76487390963776,-0.014349910904527974
-15.269996584400012,-19.982278517467996,87.52032342174732,87.52013662747002,-0.00018679427729750842
-7.598504358885606,-28.27523592188149,87.36674016196771,87.36613259003754,-0.0006075719301747995
-21.668496714770924,-8.568928239374088,87.74032982033647,87.90126211181388,0.16093229147740828
-14.184139922903505,12.091204824353937,88.2877135104059,88.329751817013,0.04203830660711105
-18.182384448838775,26.040116679525653,88.49921250369869,88.56778619924752,0.06857369554883519
-31.24859637382643,21.847324131494098,88.85689363651014,88.99456566263031,0.13767202612017115
10.849254248577694,20.70800171940887,87.72970736943245,87.74618324488051,0.016475875448065835
31.138734437180204,-16.990809733924927,87.05189169952835,86.97873521072137,-0.07315648880698689
-14.142419202314997,-29.257345992787727,87.51253653879084,87.58698944945654,0.07445291066569837
2.9726301751849533,-20.25545306086847,87.40884588650825,87.39728807522076,-0.011557811287488562
-19.38225131490362,-6.308649333153106,87.7762220184471,87.82016222684881,0.04394020840170754
-9.628731044208905,-5.827166282611323,87.76836014795768,87.76663543391399,-0.001724714043689346
1.0152676338773006,-22.472976567977582,87.39176214269972,87.39430068771513,0.0025385450154118416
-31.146995945712185,-28.7216547468638,88.83234843021785,88.78146372879701,-0.05088470142084134
-10.804589008417189,-6.9454640930417995,87.7830136226072,87.77225782752062,-0.010755795086581088
-26.0024092773807,3.5537808496488665,88.31037345497691,88.39803273812784,0.08765928315092708
-14.757731985236596,-3.39504044764287,87.759473244288,87.80337513414135,0.043901889853344755
-4.072785030487466,11.144266281314046,87.99569825965308,87.99717983819346,0.0014815785403783366
14.967518012969087,7.880069246394669,87.72091515091938,87.58696691273741,-0.1339482381819721
25.71499142620182,-21.238535596727566,87.14805089167737,87.00766093806251,-0.14038995361485718
24.878377167691603,-0.8080317407111224,87.36167010255086,87.3477675875316,-0.01390251501925377
0.011821712956098906,11.264644449638212,87.95959204268627,87.83900494168836,-0.12058710099790915
18.045797187522922,-31.060056160737396,86.77691020016806,86.81909376137202,0.04218356120395583
10.539193091489864,-0.2997260643745463,87.55950756042873,87.59613884558718,0.0366312851584496
-6.544016526600686,-14.291936361390512,87.53986938409989,87.57176546210029,0.03189607800040051
-0.27583169042009814,-29.593440299937733,87.30594440557265,87.30301855946084,-0.002925846111807573
28.369167411810587,-28.008882476823644,86.91912578406436,86.85744926072768,-0.06167652333668627
-15.506937405222715,18.847844835159762,88.51147921622638,88.49228464384672,-0.019194572379660713
-7.261431093941319,16.210859928267105,88.2368522953222,88.16860290314006,-0.06824939218213899
-12.259377995531864,25.998448293600013,88.31168009583256,88.39378440122263,0.08210430539007518
-30.529424581957706,30.6527405595509,88.93748993054969,88.92855546131537,-0.008934469234318954
-23.491121137722878,30.19236093841625,88.6654828869457,88.72196658923417,0.05648370228847455
-18.153574488688164,-7.9639092338930055,87.80853514585858,87.8461188102318,0.0375836643732157
-25.522326060846353,8.606137351949357,88.49314852815283,88.51507571366464,0.021927185511813718
31.389571442276072,13.959429340411752,87.23892371742768,87.08394867149872,-0.15497504592896405
16.249619396623054,-25.66051971030506,87.00575430640802,86.98061430582065,-0.025140000587370537
17.20141651657967,-19.675643836391252,87.14385195836002,87.14713813046738,0.0032861721073658146
22.596447266092653,21.975297768440335,87.37918741924754,87.30845889466916,-0.07072852457838508
-2.4520438578731785,-7.221165125843697,87.68779538887256,87.67284982034272,-0.014945568529839193
24.115221926454623,-9.050607906321723,87.40469139907353,87.22284963016003,-0.18184176891350035
-12.16754571406777,-5.714890326748581,87.77320231410782,87.78299446427442,0.00979215016660362
28.335177780817908,-16.795507744750118,87.12903793074867,87.03044896062964,-0.09858897011902457
-21.11478952009265,11.028987402132039,88.40456953608538,88.42896663353605,0.024397097450673755
25.91426847727719,24.640854229145894,87.19834518753889,87.15724362209319,-0.04110156544570032
-1.313272755530292,24.563117457288413,88.04847074638715,88.01351581906928,-0.03495492731786953
-15.84565817586499,22.498083899688453,88.43550198139921,88.50066105964214,0.0651590782429281
-11.610090787757208,29.84288998273636,88.37147030848887,88.37304902328951,0.0015787148006438656
9.730878981433776,11.154418201753998,87.77761721387559,87.67640295015589,-0.10121426371969733
6.927222649609618,-11.173209352243312,87.620787481971,87.4680746611682,-0.15271282080280457
8.765589081357128,-26.472470835096935,87.18458319877045,87.16833701934722,-0.016246179423234253
-31.235156999585264,15.262430561230097,89.05678290377169,88.98484709589829,-0.07193580787340181
-18.27516868152079,-26.551170372982035,87.69298638010936,87.61213128790541,-0.08085509220394727
-28.182268065619056,-15.084981830274216,88.41555185379036,88.46884908213497,0.053297228344604264
9.530286083653941,-8.638069563097147,87.43874195406056,87.46561823233323,0.02687627827266681
-24.63577967749054,-30.323798331185756,88.08141475192531,88.06307205923122,-0.018342692694091056
-22.615133798264736,-26.307299488427567,87.54975355729886,87.54161996309105,-0.008133594207805572
19.805787533121936,-28.949286283239694,86.83863986047609,86.87177074391191,0.03313088343581683
13.56303430242756,10.758314675431038,87.7455066900581,87.62007430195095,-0.12543238810714286
29.938347437916235,-24.53111254107528,86.99911074778042,86.88365704770807,-0.11545370007235078
7.981378587942935,-27.043114439922462,87.20189032109975,87.17481627105025,-0.02707405004950658
1.0305755750209755,30.938344150622115,87.99430047422756,88.00405571063621,0.009755236408651058
11.422170887100414,10.328396020262772,87.77118615844397,87.64495149433685,-0.12623466410711615
18.98687961986201,-11.450825648231643,87.28437696772649,87.27788102469889,-0.006495943027601925
-14.901474060710584,-2.8745959109509656,87.7609017698972,87.804995298266,0.04409352836879066
-30.601916218927137,-22.80605220318153,88.96033336983878,88.95397350589379,-0.006359863944993549
-23.540317731991195,-27.64818952121209,87.53437173295926,87.53558126635048,0.0012095333912185424
24.893936497137837,-28.29593457628517,86.88504368063928,86.86876663446304,-0.016277046176242038
22.07456512262933,-24.489919345242967,86.9650238905688,86.9892203968894,0.024196506320592448
-31.63113825198524,-6.085723040732866,89.15106329694243,89.12810914669238,-0.02295415025004388
-30.557232427150474,-26.14954838775835,88.89425855175332,88.89278098830532,-0.0014775634480059807
28.806341230636676,25.94582323651,87.08932068711927,87.0373367216029,-0.051983965516370745
-29.863539054967397,23.439266421842902,88.83245290775523,88.94017666519728,0.10772375744205931
22.407833375519857,-17.977738676056013,87.2155623965285,87.11525754736059,-0.10030484916791238
-0.0627080540236733,6.660326763699061,87.85804261075548,87.79905961768036,-0.05898299307511934
-8.894673172800154,16.835628992547306,88.28759378248232,88.23818022054226,-0.04941356194005664
17.384215365586655,20.67950824049123,87.5583094096755,87.51448539244123,-0.04382401723427165
6.452544918235006,14.394651352197883,87.81252380650541,87.76087944765044,-0.05164435885497198
-18.631276753945308,-29.87064355612023,87.78717115660197,87.72564440063705,-0.061526755964919744
-27.22420388982747,18.18553027865441,88.83974719556758,88.87632360403128,0.03657640846370214
-8.465915209786097,-14.5521581695524,87.54799258002923,87.57191618056572,0.023923600536491563
-30.211407359823134,15.96573441916108,89.0078183733379,88.98590030336406,-0.02191806997383594
0.6755102435601259,14.118238243245209,87.94213317419559,87.85436754680333,-0.08776562739225824
-24.79902043016746,22.780530060255508,88.68074937733232,88.77241191956635,0.09166254223403314
14.834415165445904,-19.734479444693918,87.17395917111766,87.18437002451881,0.01041085340115444
14.56337002191502,-17.250713043392423,87.23499719815581,87.26055432993876,0.025557131782946385
10.329209888328052,18.52892106405087,87.75626789711558,87.73467196785876,-0.021595929256818636
27.63665794269582,20.650296802020797,87.22754991429107,87.1415553697363,-0.0859945445547794
18.023571155123776,26.189909016462387,87.46152006085536,87.43029818316687,-0.031221877688494715
29.30201215601437,30.73646168354056,86.96728345810637,86.96439643351657,-0.002887024589796283
-30.96887064635557,-18.920691282180563,88.9108516164127,88.7424833487245,-0.16836826768819435
-8.92668271394971,-18.142008338452037,87.4875605881061,87.5054834773537,0.017922889247600438
18.144315071778188,-11.496931660817637,87.270647902539,87.29325525605766,0.022607353518665718
5.629827869151782,-15.971963034633667,87.48721957413699,87.42072623319666,-0.0664933409403261
7.365084414842848,-1.5555697604461827,87.55939811789627,87.61482276717567,0.05542464927940216
18.290741948580973,-18.848833586790846,87.104297566651,87.166072589495,0.06177502284400305
30.289504172889927,-15.328547744613068,87.09945901763285,87.0190481187215,-0.080410898911353
-12.265940976425455,1.2874437078137575,87.8414107345644,87.8527782665561,0.011367531991695046
-0.5883035225061448,-12.871917028465319,87.54958977636603,87.56274483959305,0.01315506322701765
-28.03824287153423,29.10711793500146,88.8857511142925,88.85603079693274,-0.029720317359760884
3.1101620853251575,15.882912828846528,87.90114531575041,87.8302144904829,-0.07093082526751004
-13.677818649020928,8.38040137518982,88.10968770174836,88.16669631638763,0.05700861463927254
-15.470475690167682,-25.930085793320586,87.54183551272136,87.56267436120615,0.0208388484847859
24.744539532637,6.79154861052583,87.41200759944803,87.40030000499306,-0.011707594454975379
-3.9850887647728612,14.517520214718438,88.12097436603621,88.02495788324491,-0.09601648279129904
-22.12943854423878,-3.803706670563713,87.73083833703988,87.84620631678249,0.11536797974260082
-25.660830269800805,27.73803472607112,88.69585212541116,88.78677251672474,0.0909203913135741
-11.482005247670685,0.32447504705140773,87.79810979210129,87.80716119735132,0.009051405250033895
30.906812382189614,-8.802587388002621,87.22030819082731,87.10866126133922,-0.11164692948808863
0.6762894856673611,31.95884037697416,88.00095880800919,88.00652455534453,0.005565747335339211
9.047432343801134,-4.904190277545041,87.50985599362528,87.535922521269,0.02606652764372086
-10.144044487778935,22.906683279272528,88.29025994402434,88.33296953156214,0.042709587537800076
-20.838858741835544,18.761274921525228,88.66283270979889,88.65805391131998,-0.004778798478909607
-2.6603068153305145,12.390950174721759,88.01376598160763,87.95353756491608,-0.060228416691558095
-11.707767308848616,-28.78187687964843,87.38408650895565,87.41113700052432,0.027050491568672896
11.387026317935423,6.754214789852298,87.63807479105931,87.6264117651695,-0.011663025889816936
18.89597116512607,-4.641437911387982,87.49552817487921,87.39666593826847,-0.09886223661074212
-22.182408634476623,4.067498664407232,88.10989634574862,88.14810953120467,0.03821318545604413
31.64195185823676,18.62630395408626,87.15097580830337,87.02027171588658,-0.13070409241679215
7.8335085975851015,-24.567133656675892,87.28641670835165,87.2496700455119,-0.03674666283974659
-0.44379088550788026,16.637206471542335,87.99157217907502,87.90623480176929,-0.08533737730573421
19.82173714846636,-14.463765849363185,87.21667139463754,87.21421859147746,-0.0024528031600823397
-29.064756963768616,-25.37905789929578,88.99483338408177,88.95263681882741,-0.042196565254357665
-8.137579294926297,-23.047156971950386,87.43821654834673,87.43800896314916,-0.00020758519757180238
2.0152617520644043,1.5629578614344197,87.76670525097927,87.71773486284948,-0.04897038812978849
-14.222183447939472,-2.2226569870789348,87.76527149465457,87.80122419536099,0.03595270070641732
-18.418501809180057,8.341846258540443,88.22585021714443,88.240572835899,0.014722618754575478
2.193983998582418,-28.16829560417522,87.30489760404767,87.2888858492434,-0.016011754804267753
15.887244640979247,23.2494493212777,87.57652988844626,87.54141844223565,-0.0351114462106068
-20.73254018316669,24.980316282402484,88.55069955688354,88.64316794175461,0.09246838487106857
1.8160766769122532,-7.799315051931735,87.61979168421908,87.5962314672301,-0.02356021698898303
12.777648623981015,-8.558718812906008,87.42844773564151,87.42578324031756,-0.002664495323955407
-20.01357582606476,-19.91015787593632,87.57319077208247,87.58153004643636,0.008339274353886594
-0.9128632502345937,-25.078616157848167,87.3684581648385,87.374892307627,0.006434142788492636
-13.292155479917689,-4.48090407380046,87.76253826381006,87.79212652052728,0.029588256717218542
-7.200903430596135,22.862959823185953,88.22481516853054,88.22777256301475,0.0029573944842127275
4.461939550915936,12.462454715820883,87.85674548732808,87.77610046124836,-0.08064502607972202
18.09502824271332,-9.511300722492393,87.30020652066985,87.32833021986215,0.028123699192306617
17.01082912293046,5.803664056077125,87.72172617442007,87.54344305421165,-0.17828312020841963
8.597208787785178,27.716507678832762,87.76376575794573,87.76110366430055,-0.002662093645184882
17.305682024118987,-5.531152161207807,87.4006230901621,87.41188709142136,0.011264001259263523
-19.81940108244497,10.736832095295327,88.36791003174444,88.38110469167101,0.013194659926568875
10.748598538812097,-6.152761998432474,87.48926769045026,87.4928794315886,0.00361174113834295
-26.71327739926666,25.165929970458187,88.68196714906517,88.82556519095459,0.14359804188941894
-2.372642976715916,10.266141848619242,87.99289494211231,87.92264564509608,-0.0702492970162325
10.686216133838087,25.186376428172146,87.70129547486286,87.71190138084009,0.010605905977229213
23.709504690668822,-23.54518657883483,87.03618054455463,87.00704016369946,-0.02914038085516779
-3.497187928209037,-31.034222247930813,87.30650702724112,87.30172779278016,-0.004779234460968951
5.182522167544732,-11.61345012220277,87.55363033270643,87.48933529288506,-0.06429503982137419
-5.898536050921059,-14.29294084180276,87.54257961846514,87.57028487876282,0.0277052602976795
-28.71767307030327,-26.84829917535626,88.97451296336784,88.9272223826509,-0.047290580716946806
-5.343045600758387,-26.955775088895813,87.3706311431127,87.36794258518232,-0.002688557930383695
17.424797314713892,30.262257553510473,87.40153101709376,87.40758467984229,0.0060536627485276995
13.176536919123556,29.906947601549888,87.57284672919363,87.56814746933252,-0.004699259861112637
-13.140337308334196,-3.8524491541043204,87.75644087688225,87.79188653095007,0.0354456540678143
30.95669754908485,-18.374314556520012,87.04634228323404,86.96062622577284,-0.08571605746119815
-4.873371302507657,-14.347499579357589,87.54001276244576,87.56644372538673,0.02643096294097802
-22.898549542661662,23.39307947433025,88.62970680855125,88.7074909654995,0.07778415694825469
-24.05038414592815,-17.04758185098001,88.18194235648716,88.15284592737939,-0.029096429107767108
3.1666414311957425,-14.17935452286028,87.5266996305048,87.48484201482327,-0.04185761568152202
12.542904141934827,-31.665925115697036,86.88929009089983,86.91077907477143,0.021488983871591927
-15.478428236909338,12.6719488614579,88.34620143269946,88.36142133120741,0.015219898507950802
14.574345650274033,11.437535668236478,87.75618729416364,87.6108518583059,-0.14533543585773145
-17.975760005276072,-19.337277110274613,87.49596909858657,87.55032938183776,0.05436028325118514
-7.425840201861732,-13.990967847026475,87.54519431232775,87.58221468104675,0.0370203687189985
8.502237004414923,8.651702950493714,87.7383837187041,87.67367860880178,-0.06470510990232015
-22.016672394188184,6.08672137337031,88.19659638209461,88.23794043379498,0.04134405170036359
-13.00167645679958,24.141850537606146,88.34208411207459,88.41639459995203,0.07431048787744032
-23.65953094967724,-31.298582027602976,87.84404155770822,87.92772882631334,0.08368726860511799
22.394277653033576,25.20158790730291,87.30918366362567,87.2799992955565,-0.029184368069181232
9.344023662796673,-18.92769235658602,87.39626523817493,87.31718614868073,-0.07907908949420062
-30.58002179232792,-29.659443315620948,88.88861179902328,88.79994680316733,-0.08866499585595022
27.676247506106,13.034959125344464,87.29126219225117,87.22912700625001,-0.062135186001157194
23.693529250867314,29.96051222858523,87.1878646058714,87.17974419967997,-0.008120406191423513
26.70058527546602,13.79361915838411,87.37239241515232,87.25556633429626,-0.1168260808560575
12.975188081099489,-27.380702796244385,87.04638468064448,87.0203714064626,-0.026013274181877932
-20.285314920770617,-21.13911675904653,87.61985329872196,87.56190452241239,-0.057948776309572736
24.29396097021406,6.4658837301409875,87.4268176183978,87.40721559002306,-0.01960202837474867
7.172548393497635,-1.5185134927791992,87.56661466437272,87.61790237537217,0.05128771099944629
-0.1680688690240828,-11.91797892523411,87.55796077361575,87.56938987688879,0.011429103273044916
1.8062667011139482,4.0741038428813425,87.7859217938333,87.74265698533974,-0.043264808493560736
-11.597626623855959,-30.274937560989066,87.36401550996723,87.46747643000687,0.10346092003963747
4.675062708908669,-21.41224825209477,87.38359264088837,87.3528343591454,-0.030758281742961913
2.9954605776163135,31.188502736522338,87.93286166068347,87.92947835391287,-0.00338330677060128
6.682959556035399,15.878763535983438,87.81314526135337,87.7707772337775,-0.042368027575875544
-26.480382258973698,28.530614767670585,88.74946291740062,88.81050916245243,0.061046245051812775
-13.11108729332279,27.999126295041066,88.37065614236167,88.41794446895089,0.047288326589224994
-27.438568274029876,-1.5855894739071275,88.52496547708307,88.5248946860026,-0.000070791080474919
-0.8563268844098602,-30.789213004414478,87.2936584660447,87.28754076243744,-0.006117703607259273
1.4582057030401216,-11.185708363711,87.56460227937113,87.5540351295397,-0.010567149831430811
15.55569355285514,-26.5602762368556,86.98436613401196,86.96891729190835,-0.015448842103609195
11.804565609927089,2.63649007979442,87.60152144547078,87.59924165742017,-0.002279788050614684
-2.8346799073480256,17.108686303679626,88.09049781585078,88.00398949281681,-0.08650832303396783
16.961378285269383,1.3367156290482995,87.614046542614,87.52066402048344,-0.09338252213056819
0.31648938477093225,8.056869499328755,87.90708525771664,87.80426682571576,-0.10281843200088758
31.17404562373688,4.415435292712175,87.26596634392529,87.20329330778596,-0.06267303613932995
7.010285863204736,-1.414282709776984,87.57160023092135,87.62175251153828,0.05015228061692767
2.768576466006621,18.826875758090132,87.90837398551656,87.8631260352335,-0.045247950283055616
-26.902855777678518,21.01312369997777,88.76482930970647,88.85190212233213,0.08707281262566369
-5.974107195355131,13.707626498553878,88.15808443120264,88.09516152415496,-0.06292290704767822
-23.494454248263132,-28.36145421552412,87.50757290994422,87.55116583991,0.0435929299657829
-10.65480440221566,-16.038728272744386,87.53088922564761,87.55029631830826,0.01940709266064289
8.08195870104899,15.951203594981948,87.77662297782835,87.74818852898767,-0.028434448840684468
-7.6012761096591674,29.822500042549848,88.2567655126911,88.25527759482596,-0.0014879178651483471
7.44892745116443,-6.76822159757576,87.59111960339362,87.52416334969618,-0.06695625369744107
23.521023053906987,-18.579138714156798,87.22754592742568,87.08666951104706,-0.14087641637861736
8.606209642653262,7.828814080339718,87.72044600467535,87.66739977583288,-0.053046228842475784
2.155082023559025,-14.943566528927803,87.51951833814161,87.48997958090784,-0.029538757233765978
19.86197654373838,-12.781045598630627,87.26896783120141,87.23939179426452,-0.029576036936887817
30.872091169332784,-0.020169582460809465,87.25637878662826,87.2463050733839,-0.0100737132443669
7.563386121660166,29.59296735309165,87.8152565714455,87.77858599148438,-0.03667057996112533
-17.99898700288381,-15.22716553149776,87.73559664787756,87.67943626337403,-0.056160384503527894
10.532118749944232,-25.430634957448447,87.17495908503685,87.14679887739011,-0.028160207646735103
-6.477082819589725,-27.137442935411265,87.3750788367336,87.37335492766108,-0.0017239090725240658
11.208370685400489,-16.263952299960827,87.31219619911852,87.32844305410073,0.016246854982213677
-2.0298578873049564,-3.324021382837074,87.72462525775009,87.72103592595849,-0.003589331791602035
-21.406181545986435,8.853319806927097,88.31418055152196,88.34149411992499,0.027313568403030786
23.32669010803506,-0.733981184293981,87.42598343456275,87.37881337320879,-0.04717006135396673
-29.225621187993013,-1.5916128009760655,88.97049779660458,88.97077334836477,0.00027555176019689043
-11.906542034427126,21.771589913425757,88.36362322863381,88.38524212399383,0.02161889536002093
-2.1649810205220703,-19.201077278172427,87.45005165359161,87.4704678789155,0.020416225323884873
18.473326307825182,5.397113871154957,87.69720017121384,87.51322184571295,-0.18397832550088822
-19.302983215159536,-10.387330276623196,87.72423289726763,87.81396657301732,0.0897336757496987
11.60210603046675,19.934412561771715,87.68502748313182,87.72651090728567,0.041483424153852866
-15.032812347765876,-19.371330288908638,87.51793276144717,87.53023021772603,0.012297456278858476
-6.542348104759654,-15.354502784596747,87.53148346934664,87.54187569929044,0.010392229943803954
-26.91719744122397,-13.652926576426928,88.4687316661838,88.4743522860907,0.005620619906906654
14.109117079654695,-14.896317468235694,87.32464717231734,87.30237092175662,-0.022276250560722133
-15.799164761591868,-16.871222405773857,87.56285655536986,87.58151810130299,0.018661545933127854
13.34114804791708,27.96350263564026,87.58008572412982,87.58345411393017,0.003368389800357363
14.425683534414738,25.19931832398506,87.58011964547306,87.57386616767857,-0.006253477794487594
-21.346577596297443,-6.9002821004092425,87.71827233698377,87.87540647498417,0.15713413800040144
-4.81878379814485,-0.03182777771817058,87.75389825100562,87.75930163866578,0.005403387660152248
24.25823672043466,-11.046147568788577,87.39222624296426,87.18968274689018,-0.20254349607407107
-6.335033224232987,24.135111769318712,88.1756384519693,88.20571758171234,0.030079129743029398
16.163532903381544,20.77098218445441,87.56981221603836,87.55849190202267,-0.011320314015691224
-29.25024305645573,17.934252579581717,88.89780965005984,88.94590887295766,0.048099222897818095
19.39982420357402,31.190097237860286,87.30706725716155,87.32454990668752,0.01748264952597367
16.53505602822937,1.3027414319224135,87.60310681620149,87.52866361210205,-0.07444320409943828
-13.610204039977042,5.56036267054413,87.98191428060255,88.04438734345342,0.062473062850870065
27.45211578666607,-19.845099871112033,87.11916279651506,86.9989034548808,-0.12025934163425234
28.617657924295315,-7.000353434801461,87.28971107379581,87.17614451491295,-0.11356655888286582
20.63606637613848,6.66644220605567,87.6173179549049,87.47846678410113,-0.1388511708037754
18.25562406499637,20.767396806829545,87.53747343612854,87.48138547735114,-0.05608795877739681
14.105853544975218,-31.267092153269175,86.86083588724935,86.87681930466908,0.01598341741973286
-25.76404254900413,7.548139044894555,88.45864197854468,88.53452703456249,0.07588505601781037
6.506514865550528,-30.515502098498594,87.11026584864322,87.11862519252003,0.008359343876804814
-16.227444466114143,-26.350110014236073,87.638551526584,87.61282340624678,-0.02572812033722016
-8.092465572886233,-27.134634455604335,87.38479402517464,87.384404960722,-0.00038906445264785816
14.572019386455366,26.39817783312219,87.5566143371518,87.55528332782126,-0.0013310093305420878
12.990951451120168,1.2479406526290546,87.54329291210377,87.57681432756274,0.0335214154589778
-27.701745222115427,9.497601502642517,88.66361436104785,88.7181241461228,0.05450978507495563
-1.2715746578781548,-7.106434812430287,87.67383246929441,87.65528628593326,-0.018546183361152657
29.642808145011415,13.269447193555628,87.25533575336505,87.1552227429328,-0.10011301043223853
19.286425796541643,21.571590731081237,87.4805459921094,87.43452903295484,-0.0460169591545565
30.46560057590124,23.170307144088248,87.09081457747199,87.0097321554134,-0.08108242205858573
11.69864950283641,-3.8685232989100413,87.50523664319309,87.52008803406163,0.014851390868543035
-10.878167277021376,23.43328938895499,88.30977819600076,88.35431102507422,0.04453282907346079
9.380336740420674,23.282852134306623,87.75598112382173,87.7809932610022,0.02501213718046813
22.359443171873103,-23.036223250300267,87.02934934815356,87.029440003886,0.0000906557324356072
-9.87674676457894,4.735582331997421,87.90113814437377,87.98981496635457,0.08867682198079763
27.004967150026282,23.954770454624246,87.1791382786992,87.12579324967447,-0.05334502902472593
-20.03453102255849,13.571565282737822,88.49985517666785,88.52122591444996,0.02137073778210663
8.392471718906727,30.25901461264845,87.76975128533809,87.7406873565103,-0.029063928827781638
6.851330591875417,-24.36381133368453,87.30832209652328,87.27354864772137,-0.03477344880191424
27.622166978741966,-9.425716400150236,87.30750332388727,87.15615014548285,-0.15135317840442042
3.7475290453799914,1.8741698708295615,87.74999510508846,87.69741092352501,-0.052584181563446464
15.370524686943824,30.548853001467023,87.46107613109852,87.48018361218594,0.019107481087417
7.950733063433567,2.6273460542032794,87.6263092365933,87.64808617728751,0.021776940694209657
-4.9375622911457455,18.0860740780125,88.1406633957754,88.09517382112944,-0.04548957464596981
-1.5132132213808944,10.396153455999674,87.98961229824143,87.89027708684701,-0.09933521139441837
-13.194815994747465,19.288958678249195,88.41055316389597,88.42416342607609,0.013610262180122845
11.829513687100707,-11.765393483704585,87.37190386177106,87.38269538466888,0.010791522897818595
-10.063165567928266,-25.79334668698619,87.4140689739024,87.41560740132554,0.0015384274231422523
-10.827282947685553,-0.3456362548510228,87.77470820448652,87.78879824546935,0.014090040982836172
-19.980965263498817,-1.5076098274635612,87.82568544356154,87.85322360593871,0.02753816237716933
-27.87847070580387,-27.184182356547417,89.01010240667766,88.86764191146398,-0.1424604952136832
20.104470718455538,8.516864001535552,87.65264026169214,87.49849598505779,-0.15414427663435504
29.106864812936607,-16.811252741139334,87.10583308094932,87.01679905535899,-0.0890340255903368
-9.789544250736434,-1.6120344650260563,87.75481776582482,87.77982623157142,0.025008465746594766
-18.353594887003588,-20.034682855068432,87.55353106866394,87.55937925970956,0.005848191045615181
3.2159184293346215,10.26531045525941,87.87945687587013,87.77649168075847,-0.1029651951116648
-16.117410082558067,16.353199727079918,88.52710211992125,88.51129711715897,-0.01580500276227781
-7.601648914795845,-22.924712790462294,87.43659351693789,87.43781362197988,0.0012201050419946569
11.288884180247315,-26.507253487288025,87.11880941543532,87.09416857883251,-0.024640836602813465
19.5147547799588,0.8304613557447595,87.64847242157542,87.46898194957357,-0.1794904720018451
-11.13101645022428,-27.162531777112754,87.40168018174496,87.40188653146461,0.0002063497196473918
-21.51012710957847,29.65787503676463,88.59651827342931,88.66399502969858,0.06747675626927219
-14.936751117410687,-25.919201048442652,87.48668335218022,87.52560121763317,0.03891786545294451
21.551157699745573,-15.426243734278628,87.25923211891741,87.169372051588,-0.08986006732941121
9.544096617822646,30.375179509724546,87.71003560899496,87.69694344709801,-0.013092161896949506
-21.518901608887774,-11.91749003474657,87.78415033265003,87.84842823267589,0.0642779000258571
-3.042334190496682,-19.15637709832533,87.45496939577214,87.47531640793221,0.020347012160073064
5.1517260885852565,-21.560710086644647,87.37863162099823,87.34306296072727,-0.035568660270968167
-1.5725291121784792,-17.46107837298714,87.47338424800895,87.49390944124681,0.02052519323785873
28.454638779647667,-9.420071067530898,87.28459440947957,87.14177300684275,-0.14282140263681242
29.474468553214315,15.60625979700881,87.22708035865377,87.13400292939586,-0.09307742925790308
0.4687512911226577,-7.522726752274217,87.64307924942986,87.62135865178894,-0.021720597640921824
-10.599253750852974,28.836383864482144,88.32982321822601,88.34378468555535,0.013961467329338006
23.520165817081008,-13.272284225463245,87.36164732355122,87.16827895142472,-0.19336837212649982
0.5583145217075227,11.66234174536637,87.9427460237234,87.83359815222975,-0.10914787149364713
20.787723644164892,-0.6738914705084866,87.56072775528517,87.42856262174605,-0.13216513353911807
-30.680905055913883,-28.736651480661266,88.86238184262024,88.81272154076042,-0.049660301859816514
9.476145788428447,-25.213977843686926,87.21105367376092,87.1835974809994,-0.02745619276151956
-20.514139894996063,19.388790646579317,88.62504394546289,88.64408179036423,0.019037844901333756
-15.938004314068607,3.523770294681121,87.94902466663763,87.96808921208493,0.01906454544730707
13.386864256092998,25.60592176166943,87.61547031087476,87.6077002448793,-0.007770065995458708
11.661352648043412,1.757681253150217,87.596755214193,87.59639045972993,-0.0003647544630638322
5.340884541584018,1.718359029899247,87.67369174618675,87.67636857380344,0.002676827616696187
20.065177403464773,22.931961612874034,87.42407738271318,87.39084933798162,-0.03322804473155827
29.41858554845104,20.164733419732052,87.19336505762658,87.08274800023828,-0.1106170573882963
-10.049278534066765,-17.261292141045125,87.51207406330344,87.52589761683375,0.01382355353030107
-13.983317922387634,-21.703763508263314,87.49075819539519,87.51582090618422,0.025062710789029552
-14.576528643902314,-9.98246376918219,87.81110931064372,87.74510531831875,-0.06600399232496557
18.36973719155312,26.55898148404477,87.42995374707851,87.41347374410041,-0.01648000297809915
-16.95194168419227,-18.532454372425498,87.49545224699916,87.54319303949862,0.04774079249945373
19.128933388371244,15.544234370011843,87.59010431158501,87.50910043939217,-0.08100387219283789
3.6895263633618214,29.002457783146184,87.9240925804746,87.92792980627254,0.003837225797937549
-8.098696501506822,-13.020985329246663,87.59669907396437,87.61167690326747,0.014977829303091994
4.481581709320558,17.64703237120932,87.86129380097837,87.82373286771956,-0.03756093325881693
-17.087641748445584,-9.403238840117616,87.82317791294618,87.79349063915484,-0.029687273791338953
5.5973435448701565,-16.17209807567739,87.48162269480358,87.41821745107552,-0.0634052437280559
17.90053505811961,10.745230891956012,87.65725635694321,87.55262080691654,-0.10463555002667135
-2.3325595491657296,-3.2034418480225426,87.72390562934686,87.72765839227006,0.0037527629231988158
-31.879881209700464,8.508291538917533,89.15645684700837,89.14752658790847,-0.008930259099898308
-12.541754087691189,8.538507465359373,88.088240819535,88.16778307794573,0.07954225841072571
30.61360504323069,-4.182983567330211,87.24670704177214,87.18478349959538,-0.061923542176756996
6.63126424871696,-11.080119057743993,87.60553832476481,87.47405090639208,-0.13148741837272837
-26.258016994754634,19.49133074085151,88.79349982034128,88.83744532185345,0.04394550151216947
14.048160538326641,-15.566876197405847,87.29820185479629,87.293859345233,-0.004342509563286967
-17.550815537771037,-7.972288056322853,87.8093653910982,87.83484138356265,0.025475992464450314
5.845191948189054,12.658943281957171,87.81962742018356,87.75492103851676,-0.06470638166680942
-12.008022023349731,-24.401638312064534,87.4438285183021,87.47032801235561,0.026499494053510375
15.52235144550415,-27.877927930590502,86.9923156682753,86.9323311605889,-0.059984507686394295
30.169787104584167,0.9742224738770915,87.27931683359672,87.26530215793422,-0.01401467566250858
14.03081178438277,-13.439840262984816,87.35059893007633,87.32598719032279,-0.024611739753538586
4.1827487166291775,-22.26764689699349,87.37542843139391,87.34754400981325,-0.02788442158066573
19.358099462307877,22.340143745444898,87.47081273993479,87.42343246371735,-0.04738027621743868
-12.823504226902386,-16.502548160865302,87.53594016994907,87.5626286991142,0.02668852916512776
-21.779264726322054,-7.118036237129672,87.72017429031301,87.89018756556575,0.17001327525274235
-23.608600951791963,27.475237067353795,88.6377062053866,88.72659079165457,0.08888458626796591
11.348875619641419,29.44639645093538,87.63841129543566,87.6406082545632,0.0021969591275450284
1.172188157951993,4.703411313936172,87.7922783597641,87.75902003003519,-0.033258329728909075
-1.6290999039850433,9.780815067477079,87.98725772566344,87.88911180178457,-0.09814592387887444
15.705033464625338,-29.171344040016727,86.96207674522103,86.89017090873948,-0.07190583648154814
-13.861617813860093,-9.12893491486215,87.80975022208104,87.7623647293215,-0.04738549275953119
8.129996918437548,-10.741696225424086,87.53129501502704,87.45522608935049,-0.07606892567655166
10.957489947381589,-22.77174755416825,87.25295043491428,87.21024113780094,-0.04270929711334759
14.287945959671816,-7.270865025733379,87.41015491989909,87.42875807868246,0.01860315878337815
-5.57911170554862,-0.3648429003542333,87.75294039225267,87.76217298304317,0.009232590790503536
8.312741568384908,-28.041470318956875,87.1333190819218,87.1367533949631,0.0034343130412963774
-8.451690069356886,-30.26421038759093,87.34527901041648,87.34544318347073,0.00016417305425875384
-10.878676409363635,7.603210697604879,88.00511346795385,88.11891216199382,0.11379869403997134
-21.247187502604284,-24.103885280724924,87.60679698036992,87.53802003535094,-0.0687769450189819
-16.131272302568696,-1.6220025912653782,87.79290013315725,87.81239909254296,0.019498959385714443
0.31928505680282626,-8.370674895235773,87.63160558063856,87.61173547746014,-0.01987010317841964
-29.23283067549969,-1.7654045515947985,88.9726850602272,88.97300742778555,0.0003223675583399199
16.781949443512914,-16.767107561146858,87.20731291442416,87.23161935430443,0.024306439880263042
19.19610594943643,14.351410082086588,87.60674805273054,87.5206108081866,-0.08613724454393434
18.929582646664706,4.743175406101081,87.6759799304569,87.50099378782741,-0.17498614262949275
6.9609772590572945,30.328504584379374,87.82597840895913,87.79270936845944,-0.033269040499689595
12.364219469085882,-12.631187559649788,87.33999356789198,87.36184801908185,0.021854451189867063
14.470488041826407,12.729580510337769,87.72483317114573,87.6190326674977,-0.10580050364802673
10.44885639738667,27.413205230282827,87.71203996201963,87.69616029606652,-0.015879665953107747
-29.55418464003833,6.403052262580957,89.01282088195144,88.87634933994737,-0.13647154200407385
9.186998400170374,-29.285028785781833,87.06844443499284,87.07595798412629,0.00751354913344926
31.992360675182297,-31.180864499833703,86.73558485451338,86.74572719517633,0.010142340662952165
-24.174335445858368,-10.192993367296019,88.00504193435236,88.0212746740733,0.016232739720933864
13.15571461545575,17.756151678579656,87.67075649631458,87.6805320851815,0.009775588866915541
21.56798705771844,15.32475099375938,87.52883791850076,87.42340392110115,-0.1054339973996008
-2.3140150812889146,25.910354084383485,88.08366985865979,88.06506936324934,-0.018600495410453277
-11.348177735031186,-2.9389399089184067,87.74512390620797,87.78382068747604,0.0386967812680723
12.002015406598481,13.59432911726936,87.76293407633942,87.66121453579808,-0.10171954054133892
-16.358323889250855,21.24169591283882,88.49619260983587,88.51626554845002,0.02007293861414894
29.68400242600122,-22.61610681241853,87.03189604218775,86.91752002432469,-0.11437601786306573
-15.276259563933152,-10.413343339682179,87.80970283322631,87.73867949314227,-0.07102334008403943
0.21962678241339972,24.09899585471669,88.01093478493037,87.95427187870135,-0.056662906229021814
21.806698649692137,-16.995769361309762,87.20576271642197,87.14080016044687,-0.06496255597510014
23.61057818583155,0.4706527597059633,87.43729910495122,87.38848207968732,-0.04881702526390086
4.248960866034729,4.06325975244183,87.72489171621812,87.70267749251023,-0.02221422370789128
-24.25560002522043,0.25857838711852565,88.03282373753927,88.04261895519726,0.00979521765798097
-2.418082854673351,-18.23113395994489,87.45969388034982,87.48599372843373,0.026299848083908728
8.734260103272362,-19.007168786978248,87.39960596864016,87.32557795885253,-0.07402800978762514
-31.288745780964014,27.5058445130582,88.96764747419365,88.96875273413922,0.001105259945560988
16.71727814485037,17.568381528984062,87.5872512814073,87.57329915182828,-0.013952129579024586
-29.72332991496817,14.91943571182341,89.01568475251446,88.91645881754124,-0.09922593497321941
24.043327433303624,17.712039743703436,87.41108615077634,87.30592765108244,-0.1051584996938999
26.274657227800866,-1.5740076086602102,87.35506323993667,87.30781077491297,-0.047252465023703394
24.912318650205833,24.291033804996893,87.24824006649119,87.19758958144894,-0.050650485042254445
31.878923188098177,-5.5648709456099965,87.20613320260168,87.14155204195936,-0.06458116064231945
21.159601350344396,28.81952843614704,87.29061749001794,87.2857328996137,-0.0048845904042309485
10.168043841448004,2.6999692005434923,87.62819506755595,87.62034119768617,-0.007853869869776986
-8.624198366685256,21.466464458433244,88.26536655509845,88.2704515581473,0.005085003048847625
-13.13264607763741,-9.444188139622412,87.79923872471568,87.74928699291132,-0.04995173180435586
27.270464347771934,-21.786512829553544,87.10322904426667,86.97220976093793,-0.13101928332874024
10.65054697261239,16.409765390793503,87.76328560603083,87.70972678620092,-0.053558819829916615
-3.094057098128964,11.1321294501575,87.99606394330645,87.95883631470723,-0.03722762859922568
7.0033928206039135,1.8044796842158703,87.60518594865201,87.65573400123169,0.05054805257968553
28.580245109510237,16.566375642972403,87.27305379066522,87.15514072742556,-0.117913063239655
-14.332905957764325,-8.780741654432099,87.8103302980978,87.77455542490648,-0.03577487319131478
-6.536565239494173,6.651482889629214,87.93519942275925,88.05186083230856,0.11666140954930881
8.438345161917617,3.8918866486544985,87.63731551658132,87.64861698511572,0.011301468534398396
3.3436251210935595,24.40797956220179,87.90654293079939,87.90519262592295,-0.0013503048764391679
-16.44198836753462,29.431236174360457,88.48776129747606,88.51518933849803,0.02742804102197738
-28.63802317505621,-9.954433238520814,88.83232298575112,88.79650714493707,-0.035815840814052535
-7.494851850737696,-10.15665770050932,87.70549641302841,87.6902147230152,-0.015281690013210891
-3.9209122188944363,14.06898402673157,88.12197761299217,88.01830190707027,-0.10367570592190134
17.63778266907373,12.635489397038725,87.67700253096896,87.56770318527805,-0.10929934569091415
-10.810399403137495,-10.260470379350423,87.74953350932452,87.71249052490549,-0.0370429844190312
1.788510993008913,30.141273630548724,87.97022347771092,87.98408164606212,0.01385816835120579
1.0573994576601962,11.340210510952886,87.93334346280326,87.82232089462117,-0.11102256818209355
-12.30406989666217,23.785299545735313,88.33310983751213,88.39605257525056,0.06294273773843884
7.593387129186745,-30.69531421490708,87.05631703084482,87.08198057226178,0.02566354141696081
-18.593248894730202,-21.711953462864216,87.55224261172515,87.56480662855871,0.012564016833565006
17.04690211064151,9.728215163747493,87.69692959381877,87.563597628675,-0.13333196514376766
-24.306382606572768,-26.433614319022354,87.74463192837906,87.6083454577542,-0.1362864706248672
15.132620794111737,-1.2118977831321374,87.48552829654234,87.522184080979,0.036655784436661065
-6.572277567054186,-20.742171815673885,87.4589006092663,87.46332493387602,0.004424324609729524
20.480004535134945,-18.578113644906722,87.10760124345593,87.13952201825249,0.031920774796560636
22.177100482025928,-13.48539063725805,87.40081772850046,87.18833771423628,-0.21248001426417318
-15.659808399507007,-5.1373796865587025,87.77478675055897,87.80728840381309,0.03250165325411558
-2.102359382867732,-6.140056438707013,87.70019698439702,87.6824376707241,-0.017759313672925714
-17.356649821486528,-11.540934385137227,87.79299588892569,87.74406164600504,-0.04893424292065163
8.461002167599773,-30.264702385769525,87.05041165635899,87.06909163101882,0.01867997465983251
-5.533712132981442,24.07919725497743,88.1673836020054,88.17389900026723,0.006515398261825567
31.18564192146996,12.311313620315616,87.27277291144145,87.11059059605556,-0.16218231538589123
-9.280072053139051,-17.888254573278246,87.4922238433449,87.51092840470295,0.018704561358049432
-31.616919729424467,7.737118650142712,89.15255683825224,89.12110203519764,-0.03145480305460069
-16.126495942498657,-17.715276487222717,87.52651837701295,87.56573775441635,0.039219377403398425
-10.721450483934802,6.255035178667882,87.94126114739406,88.0598076145523,0.11854646715823947
12.17290812640973,-12.921263769012349,87.3172904776809,87.36076384627175,0.0434733685908526
-13.816420251617124,7.202497498219969,88.06052962805978,88.11645364432182,0.0559240162620398
16.096101039155528,-26.510188452776426,86.97802989371384,86.95705119967947,-0.020978694034369028
-16.809798768509197,20.86229830068047,88.52497202427278,88.52969375527051,0.004721730997729878
25.27361251721618,9.037345725590583,87.39344774731904,87.36279296487322,-0.030654782445822093
7.250069988385576,-31.841879147909054,87.0225747542844,87.05925988332767,0.03668512904326349
-26.909537531299407,1.2543705010797268,88.390912825062,88.4776268999426,0.08671407488060368
4.8762360095792445,-17.74465418313681,87.43965127165885,87.40559439696516,-0.034056874693689565
-9.611704058508948,-12.947762538805272,87.62393545171474,87.62735534504958,0.003419893334836388
24.115040117597687,-6.35816104810857,87.40125187292675,87.26701780087858,-0.13423407204817295
-30.806179222819075,25.22712370387221,88.85200341411428,88.96340682108693,0.11140340697265572
-20.396094464848325,31.54559354149668,88.59928906841557,88.630449733944,0.03116066552843222
29.241510418037777,1.8059666527001923,87.30770584988845,87.28753158796722,-0.020174261921226844
0.04670933317755299,17.55210936704944,87.9923943969723,87.89658593941864,-0.09580845755365885
5.882412285940504,2.0980031899777103,87.62387334921607,87.67151490132457,0.04764155210850163
13.414632977831587,31.851004364648468,87.55732592202705,87.53798426780905,-0.01934165421799605
31.27485450281233,23.398121235018372,87.03829662230925,86.97778520752927,-0.06051141477998101
8.73634671008596,-3.3026141764003825,87.53729834514682,87.56739731604173,0.03009897089491176
-21.31871883015456,-10.644334149802013,87.77258030197538,87.84657365957716,0.07399335760177905
-29.891394429858536,-31.465513230735063,88.91869001911256,88.80153059480631,-0.11715942430625148
30.667124254824294,8.568337353660773,87.2723630119901,87.1731001651603,-0.09926284682978803
29.91476666404826,-8.815899563812565,87.24704062961194,87.12569306681452,-0.12134756279742476
-19.481358934278198,9.014705787067726,88.28270076781097,88.29770686718226,0.01500609937129127
-5.891893462826445,-19.719856111722457,87.46703698132683,87.47482859486689,0.007791613540064191
9.865005709512445,-31.133647039709167,86.98608616082866,87.00360972816387,0.017523567335203438
-20.35034269655869,21.460289541425325,88.55605100676614,88.63345797170177,0.07740696493563348
26.179203309674108,3.5735960056135596,87.37705987275396,87.35567903177795,-0.021380840976007676
-19.58275858472507,-7.756070126867158,87.73751288391982,87.86724224314835,0.12972935922853424
28.48563159447405,-18.064245255920525,87.10932302855849,87.00832763691947,-0.10099539163901738
-4.1741185351733066,0.279791773157541,87.75505920026221,87.76823246927339,0.013173269011176103
-17.86933361863577,12.456147917492693,88.39626385210005,88.40403207162308,0.007768219523029529
20.193994217908894,5.613329346338155,87.63267630187491,87.48135503976546,-0.15132126210944818
-31.243870707018928,-14.914154164213258,88.59304513490261,88.74369201794264,0.15064688304002516
18.694034947933794,17.67783680701327,87.60426084601517,87.49990157641153,-0.10435926960363417
-9.183389806967952,-6.641465891354329,87.77590500283108,87.76198990667429,-0.013915096156793538
14.702789431189458,7.984483183998179,87.71934971348142,87.59088012494819,-0.12846958853323542
-3.174955873111635,-28.287091946913826,87.3403204772537,87.3367085832919,-0.003611893961803503
-17.98273156601224,4.747720745549607,88.05521759957153,88.07363346729859,0.01841586772705739
18.89937299672865,31.628416831041832,87.32700954579833,87.33818280336469,0.011173257566355232
17.441484284348448,-28.426976744102895,86.90828276269538,86.89670485458458,-0.01157790811079451
-0.8303512600428533,21.100817744933202,88.0637091227604,87.96262449475682,-0.10108462800357643
-23.584321372566855,31.8129927241514,88.66779123634421,88.72400543735392,0.056214201009709086
22.81156273471423,11.210365050553328,87.55343187958168,87.4264896892359,-0.1269421903457868
-17.42053506705382,29.124657675165636,88.495325943486,88.54407165410932,0.048745710623322225
-10.26044044770758,23.82858470208712,88.27426248792197,88.33599142315579,0.06172893523381617
-26.488714242181764,-14.671580993464978,88.39237473088124,88.3882071759292,-0.004167554952047681
-0.17314084735939872,-6.551290080619296,87.66752991305384,87.6452767828069,-0.022253130246937758
16.426241306754477,11.599953802919437,87.73800515970554,87.58544899953353,-0.15255616017201135
8.162924471111644,-3.1978007232796415,87.54501380196807,87.57647379904374,0.03145999707567171
-24.78719020356303,-0.6751114578796376,88.0393389347145,88.0755369638449,0.0361980291304036
30.16014227950076,-23.229992052958714,87.01178114572828,86.89980856575137,-0.11197257997690713
30.80418390339196,22.88794705562924,87.08652218745706,87.00077996639827,-0.08574222105879414
22.96302749743011,4.148408021035266,87.47021519115007,87.4204427347498,-0.04977245640027661
-30.166540310861805,-7.160944166672834,89.05237003015736,89.02174433197874,-0.030625698178624816
17.89072436198869,14.394434065787323,87.66295342211525,87.56734564570938,-0.09560777640587048
-17.71240605490948,7.899673993857277,88.18865867315995,88.20282560993256,0.014166936772610939
-28.090601299768956,-26.724467231187816,88.96805502804318,88.84754627322154,-0.12050875482164258
7.276729958812602,22.667790329818033,87.77927485815198,87.82370623469193,0.04443137653994711
-0.47752913830762367,28.569924745109418,88.0340586761392,88.01793406473102,-0.01612461140817345
23.62460762943205,2.478909492447997,87.48071762806006,87.39888049847048,-0.08183712958958722
27.857188376149537,-10.89521169715156,87.2914413458317,87.12947277273841,-0.16196857309329005
25.255243152215684,22.92002626210366,87.26012149985819,87.20120386601783,-0.05891763384035187
11.618192979015113,-7.248527277710814,87.46042404452189,87.46301284503416,0.00258880051227095
26.088705403758738,-24.25009551539265,87.09928426453504,86.95486409962612,-0.1444201649089223
17.316751355355137,17.279828424967015,87.60329318363291,87.55439288858088,-0.04890029505203586
-25.737011108639273,25.235188049739904,88.6630365212868,88.79228367829276,0.12924715700596323
-30.777101394618292,-13.666712153689566,88.61449234341691,88.76001527166294,0.14552292824602375
-25.862226857478035,2.2777373883361776,88.2476756523861,88.3224723723554,0.07479671996929937
-18.133851564295767,-14.034059498381282,87.71446716926589,87.69883916704842,-0.015628002217468406
9.300672523851183,-26.522927974278645,87.16462973041804,87.15138123662106,-0.013248493796979233
6.4395970889443035,23.664745400469428,87.82533230772009,87.84684597620948,0.021513668489390625
-27.067846046257834,23.506462246966606,88.7750580109185,88.84549940219796,0.07044139127945925
-14.814036283945796,-11.067745538843454,87.78517986218337,87.71862682909907,-0.06655303308430405
22.165041687836144,-28.919891452671628,86.77622534193333,86.86258166642556,0.08635632449222896
23.20522067939939,-2.603927705491486,87.39459759773096,87.34900319332107,-0.04559440440989704
20.727515312406105,-9.620535982329258,87.41444498022291,87.27594182491194,-0.13850315531097124
21.734997874370848,11.654411032130099,87.6162689589442,87.46025741985686,-0.15601153908734489
-16.439905020749876,-14.552711834823434,87.69574263216498,87.6460804038403,-0.049662228324677926
12.994149840987475,-31.566906937729463,86.88006422141521,86.90051468554243,0.02045046412722229
22.58974922270965,26.532627148577056,87.28581805746069,87.2581506816702,-0.02766737579048595
10.492151319323021,14.158440333457271,87.77804319364813,87.69153470311605,-0.08650849053208276
29.616232841475885,5.936387538104988,87.28672122815524,87.24188955484301,-0.044831673312231146
-14.344336140004856,27.53870068957361,88.39986142188974,88.45437640788204,0.05451498599229865
22.03149667737071,-25.075069647725066,86.94477405455174,86.97272665416101,0.02795259960926444
13.825807423644761,21.63541521151312,87.63708448044545,87.63518730606097,-0.0018971743844815592
-13.234548159562841,-15.45038945037868,87.57783854344382,87.58957596034256,0.011737416898739639
31.906043996922044,-25.30198076851226,86.93132191154889,86.83761659500736,-0.09370531654153069
12.950145066023353,-9.886893351037578,87.42108623828739,87.4007659695362,-0.02032026875119186
-17.670779433306663,16.79585382596747,88.5847918183693,88.56056771269218,-0.024224105677120633
-13.094206196383716,22.010519047865785,88.38445091794323,88.42003295536259,0.035582037419359835
-12.624428832862748,31.53330225648792,88.43199051517108,88.40212107348844,-0.029869441682635056
19.962335712758602,-26.57470473017886,86.87860079816596,86.93878098841068,0.0601801902447221
-24.94214296157626,-14.475783344693177,88.21758664550399,88.24201094195544,0.02442429645145694
-15.244639762162855,25.337820860009458,88.38845696899023,88.48177742684737,0.09332045785714627
18.143819013234754,30.98865505961554,87.35423436123122,87.37308083614062,0.018846474909395283
-30.93135806999502,30.938805676402836,88.94660114390412,88.94024093782114,-0.006360206082973718
-6.826357985782792,29.231104536661626,88.2087632727529,88.23276548230757,0.024002209554666365
-19.117497179056883,-12.206355948810625,87.71676620367032,87.76535799687345,0.048591793203129896
5.722748424809659,11.22794626426829,87.82110239875529,87.74371953075634,-0.07738286799894922
6.971958440330155,-10.709775699342032,87.63652154458461,87.4739160728116,-0.16260547177300566
-21.766859614821406,-29.641937437406483,87.63192204948514,87.63473239469297,0.002810345207834075
7.698706594350611,-0.679141610362521,87.54426226969292,87.62565430088418,0.08139203119125682
25.94043974646506,26.314702581993657,87.17584977701719,87.13699100263628,-0.038858774380912564
31.290168231817674,-5.643510530385228,87.22230092076941,87.15057236714803,-0.07172855362138364
-10.26487555850165,16.143105965302837,88.35663404404785,88.28529726863002,-0.07133677541783356
-21.338274207069176,-10.625942519175574,87.77234148348111,87.84737300859797,0.07503152511685585
1.1571204415200853,-9.448777362715575,87.593595696554,87.58331137279771,-0.010284323756295066
15.219497948504795,-2.338715593249738,87.46481638512687,87.50171399600833,0.03689761088146781
14.279321072059588,11.909939939906515,87.72357678150495,87.6171041506922,-0.10647263081274616
-23.891798985102632,-23.31292461091629,87.44604488000012,87.44538622926164,-0.0006586507384724882
4.64382935324582,17.76549767184283,87.85996909064052,87.82213129098818,-0.03783779965233691
10.037276690750112,10.601158711543945,87.77364236541024,87.66619116931119,-0.10745119609904918
-13.040065362187256,-28.80112736213526,87.39518345605279,87.49534626964798,0.10016281359519041
26.278596005215235,2.4004122130513323,87.3534578561772,87.34754012877413,-0.005917727403073059
9.703046367677338,25.498129015298062,87.72298402041795,87.74472668235425,0.021742661936301033
-27.50289589046193,20.173726882576325,88.78749820805015,88.87618363010812,0.08868542205796359
0.4074218454752625,-24.210575242927035,87.37269739008961,87.37737696508864,0.004679574999030933
3.075722726839963,-8.407332166624073,87.59339777099018,87.5678038001987,-0.025593970791476295
-15.85275610666627,15.963655080804557,88.50268645803934,88.50191212957002,-0.0007743284693191299
16.300343300214628,-28.71018049801001,86.9648099706281,86.8934833967808,-0.07132657384730123
-10.368127341097008,8.477663235096998,88.031703329246,88.15414757958226,0.12244425033625816
6.888020018439086,-29.74790729654422,87.12361841755992,87.12943775650126,0.005819338941336127
11.077582756587468,23.189165211183052,87.6955365459158,87.71943781175608,0.02390126584027996
-11.241869686197987,14.05940349588085,88.30266713655408,88.30418589743333,0.0015187608792501806
-2.395862470546696,-20.475478288247707,87.43819678315084,87.45213060259921,0.013933819448368467
-10.546894102667906,-19.65601842688961,87.49312896428869,87.49631022043408,0.0031812561453961052
-20.229264358528646,17.88232591501552,88.69843981871068,88.64170015480087,-0.056739663909809224
-2.9964816159268963,9.164735179658457,87.97947336285615,87.93682579111322,-0.042647571742932655
-26.29990576680354,28.664746173417996,88.74122388336349,88.80514882062877,0.06392493726528414
-17.697671428855763,2.1079865457503075,87.93019888062823,87.95194650203977,0.02174762141154929
24.263012916635844,-26.294815265730676,86.9597324577494,86.92847996003097,-0.03125249771842675
10.9460847383869,26.69672648250924,87.71793327348583,87.68570581941843,-0.03222745406739591
13.523726861205546,4.205992295823101,87.59655935273545,87.58576787310413,-0.010791479631322431
-0.7642433810678355,31.416582117748668,88.05204088394744,88.05371549064164,0.0016746066941948357
-29.630418326058766,-7.320895874820621,89.00735043621461,88.99342058871058,-0.01392984750403059
9.759719152801274,18.628976918285936,87.76575506032452,87.74506547722187,-0.020689583102651454
23.834237334071226,9.72796057473547,87.49779032549068,87.40680789365442,-0.09098243183626664
17.187475171161807,-29.676981097206657,86.87679332906453,86.86215926925217,-0.014634059812351552
-5.95936987178397,-21.153797383958498,87.44979475349412,87.45669766556604,0.006902912071922174
-2.973571311974368,23.852993589034924,88.1251055207018,88.07180184489202,-0.053303675809772244
25.290098246479424,-16.618667561984005,87.22492832958132,87.08607523902401,-0.13885309055730488
-31.314765241194827,-19.93369040179777,88.9738847570554,88.83169786488902,-0.1421868921663787
-4.2873748632546835,15.95212124794827,88.1003527270249,88.05003634737265,-0.050316379652244336
-31.34769951891451,20.663277441524272,88.83673308532377,89.00359529794724,0.1668622126234709
26.754077684172394,4.425142159777543,87.36565580012096,87.34917193644492,-0.016483863676043597
-13.249190500220287,28.24704509106423,88.38015172265415,88.42189499187138,0.04174326921723548
20.28833759463334,27.290105441328215,87.3477497357303,87.33468344765919,-0.01306628807111565
10.328580390484035,21.066344571440823,87.75175677378604,87.75815439384533,0.006397620059289011
5.059844877786119,-22.169988683518874,87.37125233251062,87.33521897199414,-0.03603336051648398
-9.568108690162092,16.780095733779305,88.31534569021169,88.26397238499287,-0.05137330521881722
3.670763579181134,-21.5701376884818,87.38756763615106,87.3662443552146,-0.021323280936456968
-2.5399726851177746,-23.029257748709753,87.40531207068116,87.41387149538964,0.008559424708479924
12.783448739553194,-15.667824195693171,87.27640500641418,87.31235266558788,0.035947659173700686
-17.9794856693276,11.758328519702701,88.36761764977257,88.37675664300565,0.009138993233079873
-25.82397274707025,-31.631282884613462,88.53490870885275,88.44738583987765,-0.08752286897509975
30.1432136479916,28.259493440758284,87.00161803256319,86.96191846603298,-0.0396995665302029
-30.540876376319346,-30.875401288654167,88.93943443413607,88.77533796943399,-0.16409646470208372
17.924351087862455,-3.153638034392401,87.48581932346441,87.44088138876175,-0.04493793470265928
-31.63274734562968,10.43268723673372,89.12478439090714,89.09437045148246,-0.030413939424676073
10.204379859898829,11.660878478609504,87.77524469228193,87.67321576591215,-0.10202892636978333
-27.494537812504824,1.772151120187388,88.52982921750248,88.57272658713825,0.04289736963576729
-30.436065770632254,-23.857972721157182,88.94771323836129,88.96078880333124,0.013075564969952325
26.13950956714907,12.231879590417456,87.38421528032721,87.29412274201927,-0.0900925383079425
20.845824299189545,-1.64353500334132,87.53966300975452,87.41078146118001,-0.12888154857451184
27.023206166103066,20.114426688997064,87.25464984630582,87.17001725444035,-0.08463259186547134
-24.186931235376356,3.569514981373999,88.17573676676577,88.18862504157093,0.012888274805163746
-23.292462490337655,-18.008853820467316,88.11975511029087,88.086060385257,-0.03369472503386817
2.9349870723263365,-7.28257390616254,87.61332873952891,87.5859075971863,-0.027421142342603844
20.60972199743199,-7.001257286975388,87.432291883939,87.32322247376858,-0.10906941017042016
-16.432772107806286,-14.162603226641089,87.70236895561891,87.65601844943866,-0.0463505061802465
17.507515397380068,-20.966522369357413,87.09806889039993,87.10904717203445,0.010978281634521636
-4.671960588259346,21.31579832588939,88.17282041454688,88.11467479619265,-0.05814561835423149
30.468276604288697,16.320263399444052,87.20504932864387,87.08969520457418,-0.11535412406968248
-26.344117505796035,-18.493003824722955,88.35782964226979,88.34714665229541,-0.010682989974384327
17.27578525190328,14.710066229935364,87.66506192327566,87.58566890353426,-0.07939301974140278
7.12545008097748,2.3105977481912916,87.61200307818415,87.65687391191757,0.04487083373342671
-23.00945976603338,17.56583408031269,88.75762102881151,88.73705130622552,-0.020569722585989325
-0.3657722923427542,29.74719116901956,88.03796569958163,88.02445868017647,-0.013507019405167853
25.399970976121345,29.421529976307077,87.13187000222263,87.12274762897238,-0.009122373250249893
-13.439426459466404,17.849924452888004,88.44873100973649,88.42509077554274,-0.023640234193749166
23.47009850488793,10.98563222087219,87.52048084738428,87.4052859025845,-0.1151949447997822
-13.402433738430915,-2.774580629688387,87.75532016941396,87.7950016701731,0.03968150075913002
-5.806657333893291,-14.244759020922146,87.54292603846216,87.57143332558906,0.028507287126899428
-26.12742757081373,19.63847911509447,88.78734470071674,88.83233143266362,0.04498673194687797
4.3936258680280815,6.142883402363367,87.75043587761925,87.71877818805888,-0.03165768956037596
-16.381277746293122,3.1552351808994175,87.94352051024634,87.96252012213239,0.01899961188604493
-17.18774168153319,29.379525047404883,88.49789857782851,88.53712212049444,0.03922354266593686
6.706778229074693,23.782184536899436,87.82274607556636,87.84349035497243,0.02074427940607393
-19.490817198403498,11.620317190351628,88.39918788606802,88.4106490220906,0.011461136022575147
-23.173690265161923,-30.635418064048366,87.62495758484563,87.80545250000252,0.18049491515688487
14.206294877265869,-30.18194167846542,86.90259237018398,86.90483323178873,0.002240861604747124
27.58718597493879,13.58158562734414,87.30678818861129,87.22596116750354,-0.0808270211077513
1.2645708721968774,23.55888695015117,87.96992176646302,87.93190318051239,-0.03801858595062413
-8.113174109107618,30.79144318965743,88.31741452978665,88.26989915849096,-0.04751537129568817
-31.030296728582826,-17.02090747971718,88.56868899623522,88.66890563753208,0.10021664129685348
-0.5271242628734925,-6.186161860365232,87.67797617652533,87.65618689189937,-0.021789284625967298
-25.868704442940015,-10.923448419906954,88.63452872660467,88.52344487967014,-0.11108384693453388
-0.513379708353682,-19.071915044715148,87.4428172841908,87.46459344826737,0.021776164076570126
23.74165941297734,15.967453506900704,87.46889327697191,87.33723392566812,-0.1316593513037958
-20.488670590601366,1.9214846498778826,87.98685424844135,88.0091527526094,0.022298504168048794
19.680815726149802,-9.098913238877458,87.34014188713792,87.30499109014053,-0.035150796997385214
-11.67448107464304,3.024856069899762,87.8759862554372,87.92492708546355,0.04894083002635341
-8.655948902043122,17.771593730381248,88.27053445255443,88.2375130946311,-0.03302135792333161
-1.2525000774367285,-16.918282258430438,87.48734104642875,87.50011002637925,0.01276897995049353
-0.35991951762444074,27.378015124599685,88.03076681528921,88.00231443921463,-0.02845237607458273
-4.925959672528236,10.436769374549861,87.989308825751,88.02396213855076,0.03465331279976169
-8.163673645098449,19.013319500535545,88.24850874148005,88.22977009765593,-0.018738643824121937
12.371285668281374,1.0265880975326453,87.56008127014397,87.5835001527878,0.0234188826438384
29.923505404743686,-14.877642832218704,87.11974697025529,87.03234003687928,-0.08740693337601613
17.414095746824827,-31.61952656382448,86.72405787497686,86.805833586007,0.08177571103013292
-21.11764658990389,4.422735674502455,88.10879202426122,88.14000365489453,0.03121163063330812
5.010757101497028,-25.093394343569713,87.32206953901914,87.29141199528345,-0.030657543735685522
19.08163473283011,-0.12330623639200411,87.66491739097611,87.47076173055945,-0.1941556604166692
-6.247832263924678,-24.59027585270006,87.40681620741812,87.40767696052721,0.0008607531090945031
2.736573323728713,-25.813812194469826,87.33800912298595,87.31624446781824,-0.021764655167714864
4.916463238198837,-14.134171509899772,87.52448649584531,87.45792053142102,-0.06656596442428508
22.143223107192647,-31.78681110522278,86.66219975572587,86.7809671852956,0.11876742956972919
-23.725717963869485,4.0114737499743,88.16808664880921,88.18119540009356,0.013108751284349296
23.824951519095393,31.092689933341994,87.15362702576083,87.1624447563978,0.008817730636977217
0.3258444596362935,-20.15774846066096,87.42600064875259,87.44046488432843,0.014464235575843531
13.08176016612498,-1.2517446650500617,87.50703097108364,87.54751820022143,0.040487229137795566
15.909674659004295,-13.407837650970158,87.28110609831995,87.30270035678596,0.02159425846600982
21.58430214652453,-8.396118437899673,87.42908660235469,87.28054766933813,-0.1485389330165532
-7.668331933843227,-4.729955791088635,87.7523697635832,87.75993259772349,0.007562834140287578
21.77881845424281,25.795969341120127,87.3159772160119,87.29615652922831,-0.01982068678358928
-29.893526987615516,21.4126561484847,88.81964086909048,88.95091902049911,0.13127815140863675
-21.027313581549812,29.087031829623122,88.59253098233717,88.65005617188746,0.05752518955029018
-11.726751682082345,-30.402085928652753,87.36313684386973,87.48075767622795,0.11762083235822729
-12.723177209489393,12.370851432293755,88.26377074661639,88.33445040906973,0.0706796624533439
-16.842182054233064,5.874692211514059,88.07654709301394,88.09229298982838,0.015745896814436833
16.835860018462213,16.261362717568417,87.61894282287993,87.58369816123283,-0.035244661647098496
-7.127379202132936,24.025384292599725,88.18661477176875,88.23565333541646,0.04903856364771286
8.778617094868714,-8.678688497945693,87.48566579058172,87.47445639950578,-0.011209391075936992
25.226218430019067,8.250973947669202,87.38943905985366,87.37369872893683,-0.01574033091682736
-24.64553822763957,-1.0584992949072358,88.01224593029247,88.04529701647789,0.03305108618542363
26.94273384449739,30.127538680095306,87.07362201462182,87.05809259371479,-0.015529420907029134
17.349686811985222,6.630330600596565,87.70692598594005,87.54133237165408,-0.1655936142859673
27.391020569850326,14.21549836646291,87.33072354841002,87.22565092535837,-0.10507262305165455
-31.78601772209729,-6.109676674902268,89.15011431996446,89.13340569214628,-0.016708627818175614
14.782193794818454,-0.22625845105211795,87.51342598032053,87.54357119656038,0.030145216239844785
3.035801764176931,9.722712342900607,87.88048523710455,87.77446697450195,-0.10601826260260339
-3.6543889418281097,15.769199232025898,88.07902595704584,88.02361844681461,-0.055407510231233914
12.357155161136355,7.057915653059389,87.64785133573228,87.61571708282464,-0.03213425290763894
-5.102707183337465,26.248353071488552,88.13442643303706,88.17712837327473,0.04270194023766294
12.053401877981578,16.56256113483152,87.70815812239486,87.68781729338802,-0.020340829006840977
18.589072087279455,-10.881088978578681,87.29192119033533,87.29530666182539,0.0033854714900627414
-11.746940034533594,28.521894800442553,88.3495136325112,88.37763978890854,0.028126156397334512
21.739960049205884,5.840676774592566,87.57474917506387,87.45289946149789,-0.12184971356597885
-29.89463851196816,-13.054359938557077,88.63211616244953,88.72408990887634,0.09197374642680245
-5.512267892487003,-17.296662372534485,87.49374906515855,87.50487015750828,0.011121092349725359
8.285284604751062,17.819327995925313,87.76354536910502,87.76208890679689,-0.0014564623081270156
-30.178592344080982,10.044987378025283,89.07987763928405,88.95581126990812,-0.12406636937592452
-9.436271217017506,21.837056746669425,88.28628815157165,88.3056009945669,0.019312842995248047
-16.710794272372397,18.251869169528007,88.5721463881557,88.52791153555702,-0.04423485259867732
4.225377211978845,-6.519624996193976,87.61848962089049,87.5763606058401,-0.04212901505039213
22.77881924746569,9.97346709066197,87.54269560069129,87.44213081862226,-0.10056478206902852
-16.17674345690083,19.5322570795065,88.52399141762857,88.51166838830021,-0.012323029328356938
-11.577584616565503,-28.25973843393004,87.39009389661564,87.39011009536927,0.000016198753627350015
-26.606062131137676,-8.967455981727838,88.81612533730903,88.73444683722312,-0.08167850008591415
18.317993747902094,-10.007601645506675,87.3063236018049,87.31552158692897,0.009197985124060892
18.20817090687421,17.117249605769025,87.63673011280316,87.52403534064689,-0.11269477215627433
-27.629695298880158,-12.409693196113409,88.58120142120377,88.59067285416616,0.009471432962385506
-12.125232335588848,17.15816173886791,88.41069163412772,88.3673564569839,-0.04333517714381685
11.71084576028531,-6.29324490152846,87.47507326387446,87.4782568836719,0.003183619797439974
15.610322070754854,-25.280847008329637,87.04161779153941,87.00379676375942,-0.03782102777998375
23.374297777314645,14.687274248878282,87.50481675649904,87.36548969033578,-0.1393270661632613
5.701696535385317,-29.818025242301985,87.17475155640403,87.16184351750789,-0.01290803889614267
20.367256964659703,13.880401618295323,87.59686147258462,87.48373542421315,-0.11312604837146978
-26.452920462940426,-6.861151984816459,88.3885908308635,88.36461582133235,-0.023975009531156388
9.065631419145603,-2.9486318713383497,87.54770699267132,87.56930401420568,0.021597021534361716
-23.39820627850485,-26.101745102859894,87.56134247547153,87.51271532757829,-0.048627147893242295
-5.409928173043234,23.829415481283647,88.1675082926478,88.16675316855115,-0.0007551240966421346
3.9034455163492936,-22.621397683316516,87.37250541818068,87.34654855682048,-0.025956861360199923
-1.3697006594967363,18.98103156800704,88.04221412810094,87.96408397755657,-0.0781301505443679
-25.943569794444976,-8.706020985999288,88.75142796843288,88.53471034396344,-0.21671762446943887
-9.270991387500992,-7.331291069725729,87.77641050197155,87.76142424214231,-0.014986259829242954
7.101535911442866,-31.455430379717853,87.03968274591281,87.07458125428626,0.03489850837344477
5.970894783676279,23.6903894371223,87.83817352819935,87.85487551385684,0.016701985657491036
30.26608014036192,-19.807329914662944,87.05331614903204,86.95059242848272,-0.10272372054932077
19.78680272106405,-20.10668591396076,87.04189871064236,87.1238655398876,0.08196682924524623
-13.77490435695627,-28.283156160457544,87.44893000672279,87.52786878837753,0.07893878165474177
26.61072310829779,-17.31845586933195,87.1707017859409,87.05237033083586,-0.11833145510505005
11.564783946648014,7.29345202240043,87.64210488779936,87.62702093712836,-0.015083950670998547
6.21130928595305,-31.87460841945937,87.06318686658749,87.08845180868447,0.025264942096981713
-6.624431362747231,-4.038220674802979,87.74265468007786,87.75667895831752,0.014024278239659793
0.18147228021844342,28.474645759068615,88.01690258120928,87.99538233822946,-0.02152024297981825
30.727321315454454,15.966424993976148,87.1947555242314,87.08445667235571,-0.11029885187568311
11.960487039950756,-2.7637149223701627,87.52069264162691,87.53575571843497,0.015063076808061737
11.93113445152185,16.246898559476378,87.72225224560329,87.68693005009489,-0.035322195508399545
30.3092786747956,0.3967026742571136,87.27324169136969,87.25955795044517,-0.013683740924520293
3.812338939987413,-9.182233453075305,87.57276401239494,87.54525661417051,-0.02750739822442938
11.188358944181218,11.06621831118489,87.79831365188767,87.65183705701178,-0.14647659487589237
15.035029529125886,25.16736421246268,87.55288836373666,87.55174800937903,-0.001140354357630713
-14.219051227053718,12.338552875815026,88.29971672700356,88.34062635871595,0.04090963171239537
17.63594010662318,-8.286019093747939,87.30789903019436,87.35819926726845,0.05030023707408304
14.99436646259636,-29.474733261565817,86.91962325276856,86.90213410315104,-0.017489149617517796
-22.64755820502551,3.0734046860172697,88.07310647147999,88.11264256908291,0.03953609760291954
16.122929473386733,-16.47390343253013,87.24198288007936,87.242971301911,0.0009884218316358329
26.40093573431877,-1.003764142246098,87.35003000414619,87.31518922205031,-0.03484078209588404
13.155559363412841,15.761467670670037,87.70237461584107,87.66208321588331,-0.040291399957752105
-28.620028151261593,28.71279410966799,88.88239734737995,88.87329400563492,-0.009103341745031912
-23.076224040061717,-2.3290271949243646,87.86079085863865,87.9144213550285,0.053630496389843074
21.22262980285354,13.342638932315623,87.59434553107957,87.45906725563142,-0.13527827544814386
1.7560311840679645,7.125714000584672,87.85919072403598,87.77172051409615,-0.08747020993983767
29.378804623310565,14.703843509757988,87.2305143336992,87.14801169842654,-0.082502635272661
-6.9321457335788566,-17.600499772090366,87.4909180465761,87.5041909558064,0.013272909230295227
28.780552572304053,-31.3410495561118,86.7862264682704,86.76546273921852,-0.020763729051878954
-26.002742063106062,8.053451955645869,88.49577801563522,88.57097948853567,0.07520147290044576
12.129169976198448,15.284423725463341,87.73529247970261,87.67473445462304,-0.06055802507957253
-11.966644589047988,5.635429818568802,87.9447666884478,88.03931347788516,0.09454678943735928
-15.982217712610193,15.832764694348967,88.50003336800762,88.50067705020068,0.0006436821930577707
31.61855283666513,22.360709285937354,87.05652829592704,86.97747259103932,-0.07905570488772184
8.03659994409167,5.0557313315352275,87.67199622248428,87.659896073951,-0.012100148533278343
1.1661961172263418,-8.6894077462645,87.61476403544344,87.5938945267377,-0.020869508705743556
-14.5409946528247,-3.333815268201249,87.75850141856394,87.80198861209041,0.04348719352647379
-24.912996321597973,-2.5168999730871775,87.97775222888352,88.04069685277499,0.06294462389146815
4.602958329913967,10.685329566561876,87.84257803977118,87.7573170169969,-0.08526102277429004
3.4751991675073626,31.74089364936046,87.9264152252809,87.90571203861371,-0.020703186667191176
4.125749881620202,-28.662684143236774,87.26502506213288,87.24047417675709,-0.02455088537578831
6.136290952990443,7.887003361442289,87.7429643223024,87.70593949109751,-0.03702483120488864
-4.841202127353796,5.964815242288267,87.90455000484705,87.97928435022001,0.07473434537295987
28.46866368660485,-25.984087364850673,87.01471131963656,86.88685240164077,-0.12785891799579474
-20.319348640486844,-5.109274131856928,87.74167568073881,87.80224988062386,0.060574199885053304
20.392543243102878,31.051423512423042,87.26411438811486,87.28946871641362,0.02535432829876072
-13.787696116523023,-7.764117515849705,87.7982187991776,87.7913715070386,-0.0068472921389997055
18.79395341309911,-3.1579079832944714,87.57151917818544,87.42412250173079,-0.1473966764546475
-10.386797217574497,-14.56242204775058,87.56913496155275,87.58891783533416,0.019782873781409194
20.107785187030196,19.33705691221318,87.50346126616233,87.4293502382486,-0.07411102791373025
-10.92166603938255,-10.948107245648536,87.72752811683054,87.69538944501907,-0.03213867181146668
-25.519627493939275,-11.990835147114034,88.31155021831393,88.20883665100958,-0.10271356730434889
-8.019715404096779,27.445485456104763,88.22090431099588,88.26859730241628,0.04769299142040495
5.274445319346519,30.077201585184085,87.89204280053839,87.85766440966306,-0.03437839087533234
13.15414427166386,22.913055607054844,87.64337357656127,87.64590163896455,0.002528062403271747
-22.768055877001018,20.119962037039024,88.66638526072262,88.71664091811846,0.05025565739583726
8.787755457309693,30.843412856246303,87.73563751387186,87.71968325322602,-0.0159542606458416
-2.3504363451600625,27.207067307467256,88.07530899571589,88.07848706002406,0.003178064308173134
29.36531719385882,-8.593687950663643,87.26276435825184,87.13865615264938,-0.12410820560246805
2.983074822572199,5.077518428160204,87.76815949046627,87.73237408104885,-0.03578540941742858
-17.96444082241532,-13.299783464858436,87.70012227682942,87.71184533473507,0.01172305790565531
-22.648022367433,-26.447787221545973,87.54220747066557,87.54305288177682,0.0008454111112428109
11.427793138119007,25.0641526255339,87.6840850850803,87.68590011424638,0.001815029166081672
-15.333535412235364,-18.308058636961277,87.51669985110749,87.55189762519221,0.0351977740847218
-29.889805126944225,11.633688576984134,89.04111397251683,88.90351486141226,-0.13759911110456358
-0.9975859498157718,14.421017357841535,87.99762857376265,87.90736680654702,-0.09026176721563672
25.21222096336863,-15.586914577798645,87.24789930075872,87.10329185703607,-0.14460744372264855
-17.513685018584226,12.981072939832906,88.41099323120514,88.41735484701293,0.006361615807790599
-29.313019246271637,15.623515693942949,88.97635480186833,88.93825488156753,-0.038099920300794565
-30.44821607169932,-29.100369788333786,88.8742179038992,88.82075662368045,-0.05346128021874108
-31.016151411017077,5.157396700451656,89.1521761305445,89.05936203471342,-0.09281409583108768
-15.320816183770802,-1.4023308416518958,87.79205311440543,87.80966434860196,0.01761123419652222
-7.968839364266621,21.79809702831914,88.2392686017101,88.24791950682163,0.0086509051115371
25.674193131601626,23.967862453602514,87.22911934717146,87.1737967899944,-0.055322557177063914
2.7011309086845543,26.708432721502135,87.95109636948226,87.93715420359882,-0.01394216588343511
6.55802140410978,24.572673993968927,87.81637568243441,87.85327575817982,0.036900075745407435
27.660211702630093,9.191452589878892,87.3476661104607,87.27462827449918,-0.07303783596151447
-21.63621706238623,-16.42628137807847,87.90842806430456,87.92290974716744,0.014481682862879097
28.703339494710846,-30.52685751532855,86.79937235724915,86.78899536796061,-0.010376989288545246
28.62748133251136,4.311018087854478,87.30224959706037,87.29666588755377,-0.005583709506595369
-5.966020432404449,13.563299007366993,88.1508121917595,88.0935105631085,-0.057301628651003966
15.954902985381779,-25.124380319425867,87.03635019051903,86.99826300250594,-0.038087188013093964
-20.815105691248917,15.876481970246402,88.62496460883736,88.66425671682337,0.03929210798601446
10.655054621109628,24.302064836223302,87.71057445540364,87.72277733643864,0.012202881034994562
-18.48614557901687,0.6276674004142819,87.88339920335567,87.90268097373175,0.019281770376082363
12.40194016225643,12.958992473390204,87.74560764024105,87.6486885992602,-0.09691904098085047
-8.756887961753698,-14.03099868304399,87.56519756419794,87.58919356105677,0.02399599685882947
10.030077098744279,-30.64944131958817,86.99982519829189,87.01262241772997,0.01279721943808454
-5.6603320946151285,-9.072595062883565,87.70267787730185,87.69883706668938,-0.003840810612473433
-24.206043358136796,2.8417081108839,88.14380203276859,88.1569951361711,0.013193103402514339
27.646281262564976,23.697032760887446,87.16704803859395,87.10559840534384,-0.06144963325010622
0.9336116160336019,16.020509800565847,87.95140777449848,87.86767313719436,-0.08373463730411856
-13.034408826771717,22.47996951317478,88.3810395380873,88.41807349274028,0.037033954652983425
-4.327627405788398,-5.534213666992677,87.73933867412558,87.72715858683205,-0.012180087293529596
12.786548016485987,18.545858331449402,87.68518525967562,87.6939746285763,0.008789368900679051
3.8527081774681236,23.421120610407456,87.89390601534427,87.88760020732475,-0.006305808019519077
7.767984708718728,6.01903689038366,87.69452349854129,87.66842092058069,-0.026102577960600115
22.25357799251622,9.015390599111093,87.56191032436485,87.45990810020726,-0.1020022241575873
22.120432551633733,-11.565095199751866,87.44581528505259,87.2188474442621,-0.22696784079049337
14.088551306950897,28.209979406601057,87.55643259778371,87.55318252832069,-0.003250069463021532
-8.718592025710777,-26.36385123373011,87.3985864976651,87.39819823728234,-0.00038826038274919483
26.786322050697777,5.3272266950775204,87.37844074264265,87.35141475024292,-0.027025992399728693
-9.835924468682904,4.541915998329458,87.8993415998908,87.98123223455045,0.08189063465964352
-11.014985739697806,27.016372028115732,88.28850918172505,88.35678447016198,0.06827528843693642
-5.411049661769134,5.160266795744427,87.8843656935747,87.98557497782865,0.10120928425395448
-31.485854786367604,-14.984719678690482,88.62908675174222,88.75726692131028,0.12818016956805423
-1.1493295890510424,-31.235194520993716,87.28984528803421,87.28294875682984,-0.006896531204375833
14.27771972609839,-27.261816903734875,87.01385427993829,86.98598542261188,-0.027868857326410534
-25.058750703408812,-29.62214721577506,88.19909442716663,88.12919840629577,-0.069896020870857
19.045712610124873,20.336141720128524,87.50477615653091,87.4569944986688,-0.04778165786210309
10.367438362106,-18.086282496188865,87.3719253723228,87.31389834165651,-0.05802703066629533
26.072755711991128,25.692802166012086,87.18088894095423,87.13921382282938,-0.041675118124857136
-6.306812581436979,28.643502029959436,88.19257640563447,88.21775466317673,0.025178257542265214
11.105702818753763,-8.983266589709189,87.42509010291873,87.43969782749909,0.014607724580358195
-7.159881810833689,-20.385790080977053,87.46694766842961,87.46919091054191,0.0022432421122999813
-24.859551768648195,26.66370960197807,88.65718703136758,88.7636943423977,0.10650731103011424
-25.579263185700015,0.3185778095758849,88.14280219323761,88.2607083885062,0.11790619526858848
-7.79172297430452,-11.028561814092122,87.67446907265122,87.66635928996857,-0.008109782682652167
28.068610633335794,19.07028536237317,87.2571955370498,87.14439073541507,-0.11280480163472362
12.615879979343141,-26.427974856666964,87.0904334166516,87.05794431225905,-0.03248910439255326
-5.234700635000159,30.39087748814245,88.1822047842866,88.18550157743428,0.0032967931476832746
27.43775734694303,18.359459311797565,87.28646249171906,87.17552712389922,-0.1109353678198488
-12.155441014556487,4.84107974933287,87.91374037862951,88.00591361929483,0.09217324066531773
-30.882308138302967,22.54840638644881,88.85230577837869,88.9788373635048,0.1265315851261022
-19.8044014979479,-30.10959082750756,87.73722796199777,87.72813299833231,-0.009094963665461364
11.672257243279695,-18.53990072869327,87.27430335147062,87.28643004974373,0.012126698273107195
-21.487248661503052,25.78421613915306,88.58989125921698,88.66499457966262,0.07510332044563484
26.32936544803062,-29.874914373483698,86.84465036970009,86.81766513720159,-0.02698523249850382
-25.938950123656987,-15.131147610670908,88.3352114295666,88.32831198755818,-0.006899442008418077
-26.960409913287748,-6.359049284931942,88.41392355944105,88.41968409193743,0.005760532496381643
7.4587990823232815,28.40669933043889,87.81872977540507,87.79549084539158,-0.0232389300134912
24.300875151286313,20.476207825239804,87.33366198961896,87.26430158955232,-0.06936040006664257
-22.71733262511139,-25.52178992282341,87.55125097301806,87.52438100063871,-0.02686997237934463
1.3851225386411556,19.887169589530444,87.95798155852184,87.89593443838794,-0.06204712013389724
27.459420476266217,22.79383239558021,87.20582566140561,87.12291646752956,-0.08290919387604845
-18.169532394226053,25.935581273968694,88.49781516207015,88.56745371542769,0.06963855335753522
11.709962835851861,16.312820711311545,87.73030858122806,87.69121689782668,-0.039091683401380806
-27.84965482098429,26.477365091685172,88.75467532241971,88.85762140106178,0.10294607864206284
-0.6250489538376272,17.74870013614982,88.01489659912022,87.92359680215966,-0.09129979696055557
4.769875131908719,24.192561559974386,87.87821860119136,87.8794880899513,0.0012694887599309368
9.431855271980098,6.643748514847644,87.69622417830824,87.65062999278861,-0.0455941855196329
-17.692541131409605,-29.799444081581278,87.8243189781794,87.72719365259216,-0.09712532558724263
25.479574508569627,-3.8632782397754326,87.3756833948511,87.28371815482178,-0.09196524002931028
-11.642376994767567,-5.763877709894416,87.77241653059455,87.77938840242446,0.00697187182990433
-21.562990242824633,-20.1608527490065,87.55372506452034,87.6220663989767,0.06834133445636326
24.893932500931996,11.222685222985632,87.45264467748453,87.3509912427867,-0.10165343469782329
-8.4099770782436,14.325235321205462,88.24543984047057,88.19602500485824,-0.04941483561232474
11.144195377839551,2.148530216219818,87.61014405517042,87.60502771020806,-0.005116344962360131
20.043705593296146,-22.420413491344895,86.98404664371012,87.05683246672517,0.0727858230150531
0.3390882528786321,-18.361793623831964,87.44654495448412,87.46764348337474,0.021098528890618695
-0.3851726463760272,4.611972358431764,87.79936347318915,87.79270787168946,-0.006655601499687691
-22.324524198119235,-29.118749393792143,87.57971604518258,87.60536828574166,0.025652240559082884
-16.812336034454695,-14.965773847866785,87.72706785195649,87.64353842160006,-0.08352943035643534
-24.637916980400973,-31.21685670453978,88.18558262282167,88.17929449168719,-0.006288131134482455
-10.253598891549792,-2.6458338839396873,87.74426899213393,87.77914001464676,0.03487102251283147
-23.724733614332592,8.531241339383499,88.38132654886913,88.39060385229001,0.009277303420887506
-20.83538001681363,8.218153465004669,88.27384202756598,88.29896828530491,0.025126257738932622
15.891133229827588,16.326304293709413,87.6292307627347,87.61742531885949,-0.011805443875203991
-1.8928830207869751,16.486605238999758,88.02187774361254,87.96144640199843,-0.06043134161410535
7.269651298972633,16.286214502667328,87.79839726478781,87.76479234898025,-0.0336049158075582
12.035884676265077,2.19614455673878,87.59666099300608,87.59396788096514,-0.0026931120409443565
-9.131500923126794,-10.070357268095371,87.7331171587576,87.70396353657253,-0.029153622185063455
-2.355106399108635,-25.528386952077554,87.3712672596997,87.37488333767692,0.0036160779772131946
11.000567563677606,26.37403340263736,87.71433259725472,87.68724618743126,-0.027086409823468216
8.314465972255668,-9.652301520762599,87.52639746498141,87.46770840195622,-0.05868906302519861
-12.768830029742816,13.951100272357593,88.33602344726297,88.36283047001558,0.026807022752606713
-13.300732379604142,18.720864033624345,88.42511231356195,88.42752045090712,0.0024081373451707577
8.57742962587335,-29.24767645222456,87.08391309468135,87.09470040106775,0.010787306386404794
-1.210283981403201,-15.08020467404539,87.52445945218363,87.53759353224478,0.013134080061149689
-3.8483542769678394,-11.142703147350026,87.60658583139526,87.64014988548726,0.03356405409199681
6.895861863634607,-3.5489672212172962,87.61677343140065,87.58651297029962,-0.03026046110102243
-0.9653301354236064,20.319598756406755,88.06007572133942,87.96067054512069,-0.09940517621872402
-31.538975124914366,19.304394371488748,88.84075453077536,89.01657518698975,0.17582065621439824
28.945512917235966,-8.16034633768217,87.27588612451781,87.15261288348572,-0.12327324103209492
-31.08324347272095,3.273315421025295,89.17509903817593,89.08852117150067,-0.08657786667525613
0.6963544145555147,-7.491499793382722,87.64039241472295,87.61821498338921,-0.022177431333744835
15.506758856846915,-11.018253485081438,87.32162470970746,87.34888457054478,0.027259860837318683
1.5105172666629727,-22.745142503523304,87.38525398713989,87.3823501455854,-0.002903841554484643
28.91058156059723,8.193681195985313,87.33212275384403,87.24104274991129,-0.09108000393274551
28.509016797268373,30.98092214474174,86.99083937276245,86.99094922508492,0.00010985232246696341
19.34967974520933,25.09618022374916,87.42025374074578,87.39342826204681,-0.02682547869896723
-16.419734555744036,28.23257664251392,88.47440473881161,88.51505281105753,0.040648072245915046
-10.414486789823485,25.12463310447862,88.27284755378703,88.33995802693799,0.06711047315096152
20.6903474800274,-15.936219138147955,87.19560647049741,87.1764873289506,-0.019119141546809715
-17.91564874896124,-27.70507582316761,87.74797747123971,87.65357770204648,-0.09439976919323101
-15.292769653640256,3.6675185798947894,87.93936232191297,87.971039824952,0.031677503039034605
7.169696486011311,8.234492476065256,87.74422451464508,87.69197318407241,-0.05225133057267328
-15.861195719748572,3.9240255292284445,87.9651181409495,87.98501140747035,0.019893266520853103
-5.888882262009751,4.938874574394681,87.88325194519328,87.97841879179398,0.09516684660070496
-0.6107494255272812,7.113394883352967,87.88402555303722,87.82465833418237,-0.059367218854845305
-22.32323587468293,6.172631739424375,88.20863706103773,88.24925239374045,0.04061533270271411
-19.03390290142272,30.87737653343092,88.5650511527899,88.59071649752825,0.02566534473834281
-8.460193180510842,-26.085573184110388,87.40065273534651,87.40033251861905,-0.0003202167274594103
-31.860127553460764,15.083151290317218,89.08411946369809,89.04775675545784,-0.03636270824024734
21.731860898261502,26.266620107307673,87.31004537889399,87.2927112248338,-0.017334154060193896
5.209593282688111,-4.139325035783429,87.6999771113681,87.59775930509103,-0.10221780627706778
-11.65101663370828,7.501267976925277,88.019835357945,88.11841311171015,0.09857775376515576
-5.043854409781133,27.224596302343812,88.11820588239017,88.18126090392214,0.06305502153196585
-22.5246299518128,-22.900004486663583,87.4933176662342,87.46194232011457,-0.03137534611963133
5.572737693868142,1.6948729583214472,87.65301549270919,87.67330232676558,0.020286834056392422
18.53455944571222,25.989707121240208,87.44863453552422,87.41365758567267,-0.034976949851554195
-28.245073627576126,18.844277204801465,88.84519294514433,88.90761514900115,0.062422203856812075
21.711267554132597,24.34033462133877,87.344572235316,87.31465854081578,-0.029913694500208976
3.9352695958202233,-22.20736945868498,87.37769714767522,87.3523609992268,-0.02533614844841736
-14.205745100786785,-4.867690210672414,87.76895991897732,87.79781025127974,0.02885033230242584
3.980601969644546,3.3298088924694085,87.73612015270757,87.70218612899706,-0.033934023710514793
-24.82964740970703,20.753742495727543,88.6939462542405,88.78317669392,0.08923043967949695
8.408607263544802,-10.004038629636185,87.51949031682022,87.46125738995556,-0.05823292686466175
7.50651327020131,29.399235244322426,87.81738411359945,87.78281410999581,-0.03457000360363338
12.50985118432044,-0.017306736720080096,87.54023764418665,87.57599161140185,0.03575396721520008
-7.473565025926803,6.291404900517797,87.92849320701801,88.04493818489115,0.11644497787314378
10.051537896458122,31.632231344454404,87.68737434917193,87.6644047654237,-0.022969583748235323
2.7206187902308088,10.259353681025232,87.89136549974239,87.78467109001656,-0.10669440972583288
22.234260909091383,12.966135337543868,87.60195379774407,87.42685987300779,-0.17509392473628793
2.530586448513958,-25.909691869253265,87.33799950506555,87.31802665598721,-0.019972849078342847
-13.030139720812109,10.186094236914464,88.17412973144403,88.24151365808316,0.06738392663913828
-0.6922317961903062,-1.3474781372823799,87.72160634526576,87.72721650328872,0.005610158022960832
-29.356539732035834,21.334337588175465,88.82535266983406,88.93317172761098,0.10781905777692202
-11.556803495848605,-16.175272692097167,87.53164898636793,87.55629916983037,0.024650183462441078
-18.29686081031503,-15.017209031780432,87.73164209545114,87.69258200597484,-0.039060089476294024
24.207845242166137,18.20999866302617,87.3928332528078,87.29415437082828,-0.09867888197952368
-22.285502475298557,7.796632981354172,88.2857206661799,88.31898450422956,0.033263838049663264
-22.945413287717955,-10.060713431673953,87.78639839566247,87.91042405274494,0.12402565708246982
8.386318898571254,-28.64919860199548,87.10974831478637,87.11729935033526,0.0075510355488859204
-20.923078997687476,-31.38901114384654,87.7253055788164,87.73491799584932,0.009612417032911935
-2.5201172855665277,-20.967590972817497,87.4325451453099,87.44521632444203,0.012671179132127008
31.597882204659548,30.020312432757635,86.91902529616367,86.8886989848374,-0.030326311326263067
-6.623142381020912,-31.815673933136765,87.31413941596541,87.31296315308951,-0.001176262875901557
30.960946921382828,4.707148739269606,87.27254345760949,87.20759528298407,-0.06494817462541391
17.399730971058595,-5.982249433150564,87.38677574533669,87.40232901095463,0.015553265617938905
-28.519345387215907,-2.9775220415252903,88.79825614846084,89.03311704586388,0.2348608974030384
5.378594734068159,-20.982479953400798,87.38495848616354,87.34830742769903,-0.03665105846451411
26.34681030014245,-15.974529870340191,87.20577118499695,87.07761901561618,-0.128152169380769
1.999634730579828,-3.049300980649825,87.69322385263048,87.66043437664169,-0.03278947598879256
-19.082569524048424,-28.818445290759357,87.72970325463245,87.68789133813871,-0.041811916493742274
31.71260682082098,18.869610392243956,87.14991838531762,87.01487128959145,-0.1350470957261649
21.23485406779063,-25.105897549549255,86.90189408479375,86.97523379004974,0.07333970525598943
-0.2845833681644194,-31.52584389250677,87.27718962670704,87.27359217742588,-0.0035974492811590153
-0.7117227477625221,16.539933126504025,87.99402963506554,87.91580099757037,-0.07822863749517239
-1.4059641904343394,24.68608923503833,88.05105390646986,88.018274076652,-0.03277982981785499
23.551344352785783,25.417173327201276,87.26250973819896,87.23496115612515,-0.027548582073805505
-9.132193113621838,-3.5046203653939756,87.74281966590607,87.77094128608982,0.02812162018375375
-0.4262371655333439,-6.964374863880941,87.66452683949296,87.64355509178405,-0.020971747708912858
13.59925726761805,-26.701534531637336,87.05068606682848,87.02162930555163,-0.02905676127684842
6.379300345121685,-8.87456144126677,87.63733008440722,87.50917283920644,-0.1281572452007822
-4.815893558401903,19.03817947190256,88.16776190736427,88.09922844670453,-0.06853346065973653
0.1817991409581552,-23.599746356999475,87.38211789156905,87.39024528142714,0.008127389858088918
7.789556508093298,28.851664969333633,87.80637056145068,87.77839982139199,-0.02797074005869149
14.86972279522189,2.9796330710416328,87.60296530995953,87.5621771240316,-0.04078818592792288
24.401510626191403,-17.704395690953895,87.22987179786277,87.08482076196992,-0.1450510358928483
11.210351231253249,17.93661465682343,87.7463004956299,87.71454369831335,-0.03175679731654668
10.366867116731797,13.313613582615147,87.76816266055343,87.68580268068179,-0.08235997987164012
9.356229709859669,-24.072339061931352,87.25938825723611,87.21961182750546,-0.039776429730650875
-23.49512373814867,-0.782481733981605,87.93704286268125,87.96472178309257,0.027678920411318586
-3.15042921868465,19.505999977701727,88.10721258418849,88.03849925226446,-0.06871333192403029
22.991606062306175,-19.868348224879412,87.17085386445184,87.07604596672799,-0.09480789772385378
-31.88921693267484,0.8995536725373299,89.23782396058118,89.226082475822,-0.011741484759184573
6.2768543643081784,-27.23475179386685,87.24969348852571,87.21878687427588,-0.030906614249829545
-28.45848979137054,-1.0475588037581929,88.77774546327572,88.7780150453014,0.0002695820256803927
14.941993183941591,5.438365530504022,87.68418365592085,87.57432071812683,-0.1098629377940199
-25.23939526153881,-16.567888050822262,88.27859745090495,88.25017619321783,-0.028421257687128332
8.990761703676888,6.626461778170373,87.70383292764339,87.65613426676859,-0.04769866087480068
9.092612070347364,-29.384710955459084,87.06702669989846,87.0758543048468,0.008827604948336898
-5.4100905324668105,12.081345211274197,88.0688367799208,88.05808618939587,-0.010750590524935433
-28.959857686933233,-20.506695655679216,88.49223230837326,88.61414892269221,0.12191661431894829
-8.87189899943921,7.904468492650949,87.96881005152643,88.12178225099181,0.1529721994653812
8.670806193487351,-8.536279845809155,87.49622126802359,87.47827192064925,-0.01794934737434062
12.436671843236404,-11.745186776341477,87.37824199552966,87.37533976044874,-0.0029022350809242425
-15.526952085668448,-28.976323130970236,87.65361343763219,87.67241400207115,0.018800564438961942
-31.476639733539898,18.04321561961394,88.92956238118067,89.0205266020133,0.09096422083263178
-31.98895973975455,-15.906706706662398,88.74705205655478,88.755835983368,0.00878392681322282
11.053740662368043,-13.45157042372351,87.34352252558409,87.37090015233261,0.027377626748517514
9.976283659911736,23.822888878930293,87.73898531046156,87.75307765167807,0.014092341216510818
10.29220321509856,26.506389807562755,87.72166549002719,87.71191128505367,-0.009754204973518199
26.931325844126604,-11.332882342153546,87.30936367152833,87.13883002196128,-0.17053364956704797
18.748609503799756,10.778156773894516,87.63627624838776,87.53652327665917,-0.09975297172859143
10.388321606006421,-8.166194976940517,87.43464563899494,87.46284308228677,0.028197443291830382
-29.1901480249864,10.134972018504477,88.91914316173727,88.85636830167465,-0.06277486006261768
-3.607467467501351,21.10587083430729,88.13649032133524,88.07115147141766,-0.06533884991758043
15.91487618473618,3.919225102329662,87.62258343567669,87.55390838904421,-0.06867504663247814
-28.9092217082881,3.18917927978287,88.87875579217484,88.78557962434982,-0.09317616782502114
-24.38609932600321,-26.78201167948673,87.80457130851717,87.64292859219952,-0.16164271631764393
9.711517388697324,-8.148517400441406,87.44331400371757,87.47173345718582,0.028419453468245592
28.59894313553253,-15.493520594540144,87.14716673364866,87.04588457932361,-0.10128215432504817
-1.9211531085492695,-3.7207193313717326,87.72814693914583,87.71366597889968,-0.014480960246146424
3.599300876950778,-21.044426524635952,87.39483067865552,87.37538665945391,-0.019444019201614537
-28.267632807545745,9.268050549762776,88.72369254217213,88.77770405369901,0.05401151152688044
5.957627788963521,26.532913359756037,87.8448113762912,87.8714570113955,0.026645635104301846
-16.89708020993345,-5.303884042609575,87.77913845676,87.79861069093234,0.019472234172340563
-3.4521073710549643,7.000124078220523,87.92133473431977,87.93460020066058,0.013265466340811827
2.581410774981002,14.719336426671454,87.90244671371497,87.82824170091442,-0.07420501280054737
6.071747130698903,-17.878751829073437,87.43110950691845,87.38472019151801,-0.04638931540043245
11.887987249347695,15.890367159499597,87.73186616835731,87.68434935894868,-0.04751680940863423
8.667439723642275,-30.291802403270268,87.04448104162896,87.06233246237136,0.01785142074240298
-18.11958038437905,24.509430195115094,88.488609845762,88.56660158309334,0.07799173733134523
13.954925046127045,-24.129691691265855,87.09646919167079,87.0846122386331,-0.011856953037693074
-7.157976325395651,-26.61818458605041,87.3859160069056,87.38485068727591,-0.001065319629688588
27.861895461052214,-13.804413716139585,87.20330886785347,87.08466109844161,-0.11864776941185085
-4.3545458525288225,10.484474943038833,87.98689537095208,88.00208275619036,0.015187385238277784
25.645706244917164,-30.98303505678102,86.75790737470109,86.78898924934084,0.031081874639752982
-23.923259980853523,-11.633253860186272,87.9246747326268,87.94153259569225,0.01685786306545367
8.910368440545867,17.351782198212447,87.75210269347849,87.74737174795119,-0.004730945527299468
20.973555197421774,-5.2341215458130534,87.44117188556231,87.34661517425484,-0.0945567113074759
-23.042112129944968,28.731212074692117,88.64589885612725,88.70940514132684,0.063506285199594
4.805909450320499,-19.981487118158817,87.40142249828182,87.37259173603498,-0.02883076224684089
-1.4332344497754264,-2.736378165173612,87.71904328942895,87.71964050976884,0.0005972203398840747
10.172599366298726,18.906161516522957,87.7549833028886,87.7407652588013,-0.014218044087300541
6.98329403990968,20.73142108931637,87.80117612637942,87.81067267795238,0.009496551572965473
18.090980112264724,-5.2604965782112245,87.42137985397044,87.40147124634755,-0.019908607622880936
-30.06327976843211,11.88974597441021,89.06034070821447,88.91692326256478,-0.14341744564968906
24.52827923999609,-13.660612687890207,87.31343153628922,87.14479262427456,-0.1686389120146572
22.437912121504844,-14.035802469702418,87.37186392710481,87.17534343957645,-0.19652048752836038
6.170562234441142,-7.519588416615278,87.68015890119749,87.53159945842286,-0.1485594427746264
29.557130439648937,-30.05125856447539,86.78423770539253,86.79892132654395,0.014683621151419857
31.938993074597334,-3.6220653575921133,87.21222635779456,87.1703795894958,-0.04184676829876821
-6.865048564898764,16.77499947241538,88.21513853478712,88.15833780154585,-0.05680073324126056
-0.4216056542641198,12.211078563152753,87.96913468631912,87.86442513178913,-0.10470955452998965
-8.244687784357914,12.23046369210006,88.14626255784364,88.17019115128338,0.023928593439734414
-15.464051707867085,19.16976850825887,88.50300331421747,88.49088571847145,-0.01211759574601956
-2.3006456370616064,-28.051469563866682,87.33813936869737,87.33614925019204,-0.0019901185053328163
17.56084381912047,1.6482981768104352,87.67555111291261,87.51081686309857,-0.16473424981404605
19.0021451016824,17.030565734000078,87.62495378336824,87.49631701345744,-0.12863676991079842
15.28237096524996,-15.009784733028724,87.27160819053876,87.28312441364587,0.011516223107108203
3.141954515628484,-2.5411676252605773,87.6951437543887,87.6514605090156,-0.04368324537308865
-6.446295050684974,1.5478700151497549,87.78131981574022,87.83457974684933,0.053259931109110425
-23.66757819487743,31.4368611282952,88.67295199151218,88.726613873103,0.053661881590826965
-26.950816574105268,2.9588336568442557,88.39738751366917,88.48014539643316,0.08275788276398544
18.964920390245226,9.50521039469809,87.65729101498206,87.5256110794775,-0.13167993550456458
-21.61134700599664,-5.5886411502550075,87.69999258066211,87.84168750462783,0.1416949239657157
-15.379335998619652,29.815055468613792,88.48646978938835,88.48380263780628,-0.002667151582073757
7.304844320179548,28.02451991709048,87.82848504225403,87.80537166193034,-0.023113380323692923
-0.8949180092233391,-25.87001676617286,87.35806195820382,87.3627387142964,0.004676756092578671
-9.107292934591086,-15.730759372170304,87.53122903549544,87.54453974973599,0.013310714240546417
5.607691601309227,-13.496652915590722,87.53032387768688,87.45603863484666,-0.07428524284021876
-4.685175342425197,12.727242998024636,88.07936342578417,88.03574417269135,-0.04361925309281389
20.195957707710008,-25.250308135579715,86.91192329636402,86.97553339787821,0.06361010151418611
-26.211921748576543,-2.416274082656898,88.24181407179454,88.25390725523967,0.012093183445131217
-22.397414798566444,17.955312781968345,88.74217563862989,88.71452480395719,-0.027650834672698466
2.7641860733147965,-5.895899395353936,87.63697065371254,87.60818449038592,-0.028786163326614655
-0.915040704983042,31.12540425257565,88.06372997880071,88.05827162458986,-0.005458354210844618
1.1682180455070608,2.4083230548008387,87.76147372965556,87.73785575078317,-0.023617978872394474
16.10730338693545,1.9406626859651581,87.63318558859812,87.54025967386819,-0.09292591472993195
-3.669662281936567,18.089663687054205,88.13734965674037,88.04568007824383,-0.09166957849653556
30.221961103476275,26.130504801681376,87.03173992792124,86.98395139642399,-0.04778853149724682
18.658781380025374,8.913470315354076,87.66805712975777,87.52834187240214,-0.13971525735563262
-31.321326838690922,-26.568166648002254,88.79848925277474,88.82144693303898,0.022957680264241276
-9.431126595928312,29.541063109134633,88.30702349870705,88.3091606315674,0.0021371328603407846
2.7489108955548076,-22.066621871435203,87.38664309277551,87.3731924614943,-0.013450631281216374
6.186374497495315,-5.533180114412701,87.67927188491785,87.56140924859305,-0.11786263632480143
-3.708891985625961,25.269101578954192,88.14590898023863,88.11362452035934,-0.032284459879292626
8.764466102293333,9.461650811479124,87.7527007547328,87.67681123892578,-0.0758895158070203
1.2377811518578596,29.50253618954183,87.97695989068141,87.98732918083957,0.010369290158152467
26.37012041001588,1.9387165713144796,87.3430169035639,87.34333153472006,0.0003146311561579296
-16.58986267611293,-13.37600677479216,87.72608011240973,87.67980759608554,-0.04627251632419416
-10.007557341985695,24.61876186434074,88.26559069440518,88.32822062765213,0.06262993324695287
13.609496643433637,8.197683502622496,87.71430856288286,87.60588308732734,-0.10842547555552073
22.355663908954632,-4.276069758325789,87.40535477900801,87.3365630772321,-0.06879170177590765
3.5056748101981796,-2.0972142222681924,87.7148499318957,87.65447676168824,-0.06037317020745547
-15.5080989785124,-7.201872615034304,87.7962426982262,87.80368632967694,0.007443631450740895
3.686918934517891,-6.907165346041786,87.60884376937354,87.57936731626852,-0.029476453105019118
17.448989578622765,-13.502536563775344,87.21886689850392,87.27212422618494,0.05325732768102398
0.0374185169565493,20.19870364339245,88.00509659219956,87.92122222625858,-0.08387436594098574
3.3064843911900184,10.248180079906781,87.87806855298865,87.77482753201551,-0.1032410209731438
-22.105391634625455,-20.2515076438673,87.6169389539644,87.65190233296154,0.03496337899714774
7.33703939716181,-22.221351750322924,87.34174341838931,87.29856990364712,-0.04317351474219322
-30.002787674132733,-0.43082990541789457,89.16043661566565,89.00143683694516,-0.1589997787204851
-6.794643738845572,23.917389513939256,88.18120245041317,88.22165697491064,0.040454524497476996
-9.493396146064768,3.803913856398978,87.88779584125052,87.94757959227871,0.059783751028192
-15.918487643819567,8.285550569951177,88.16152952524361,88.17393740584723,0.012407880603618082
-10.90308548421821,18.090874870959254,88.34322489108041,88.32824461546782,-0.014980275612586524
23.27361830056836,-4.435433393167841,87.39080448633048,87.3162106652669,-0.07459382106358703
19.79546240643249,-11.761653680374444,87.28576887497185,87.2570237914116,-0.028745083560252738
-0.30087864386027974,22.436777188192664,88.0275432065311,87.95430017848486,-0.07324302804624949
-3.852509813589542,30.044545465079757,88.1366044689486,88.1450418430803,0.008437374131702313
8.017943632301943,-21.1842732421147,87.35123365084175,87.30366046101977,-0.04757318982197489
-13.042043324600535,-28.09021520058785,87.4031928662656,87.47077806189503,0.06758519562943377
25.428991813752646,-24.647267092387295,87.09321725167624,86.96021977997958,-0.13299747169665466
27.09712679539942,-3.3100259277118695,87.34614208046615,87.2621907402145,-0.08395134025164452
28.480397703480442,-20.253204760773393,87.08996474101339,86.97476263770294,-0.11520210331045178
-24.08083274433342,-18.70024039805932,88.2082120499977,88.13354960047893,-0.07466244951876888
1.3261855779296,-10.957163868764532,87.56685139719896,87.5593426375013,-0.007508759697657297
16.742616227380708,5.940971967365357,87.70697915317982,87.54931875160628,-0.157660401573537
-23.832728473666535,-3.6360135636590982,87.89569988809768,87.91300155830942,0.017301670211736564
17.676164490298298,20.34967955597596,87.55840730349777,87.50734767785424,-0.05105962564353206
-25.402758877683304,8.430578813556934,88.47757967630169,88.5058201739835,0.028240497681807142
16.44700664775405,27.271705182193585,87.48868000095631,87.47653491767568,-0.01214508328062891
9.436719301327635,0.85745028105665,87.58965267535405,87.61983219052566,0.03017951517161066
20.556890392632305,-21.74579378254095,87.01999756749629,87.07387809302891,0.05388052553261957
30.02647727910533,17.64899254487866,87.21618584515834,87.09015301964241,-0.12603282551592088
3.380882997248378,24.14085370631588,87.90583315781606,87.90210220444501,-0.0037309533710470077
7.871084087568654,17.161023828241404,87.76962419872686,87.76288560056157,-0.00673859816528477
24.79758890902273,-17.15024841926646,87.2290722615536,87.08645921305342,-0.14261304850018064
13.783112230289063,-20.79161943388941,87.14102149163983,87.18472997701062,0.043708485370785866
16.909246354892154,10.486650493707522,87.71930020008696,87.57026761215678,-0.14903258793017926
12.715258519908012,25.81014134578271,87.63199833136488,87.63021941861312,-0.001778912751760231
-14.473758846817404,7.951364483773375,88.11066156329964,88.15216991808522,0.04150835478557724
10.95031710397513,-0.009581448217936384,87.57309909453224,87.59591000856186,0.022810914029619767
-0.7323251630910406,-10.653553795248094,87.57692327706404,87.5964197519488,0.019496474884761028
5.500360992772642,-15.606223170009947,87.4972407467564,87.42793141208743,-0.06930933466897216
-29.90304442792924,14.358117054791038,89.02778255544919,88.8941074253414,-0.13367513010778964
7.056067050336452,-6.2627771451403405,87.61743624221275,87.53783516292295,-0.07960107928980165
30.62390410661464,-22.14674626651989,87.01449898227291,86.90840609141165,-0.10609289086126239
3.9982592254683027,-22.29186876320764,87.37622088528653,87.35008035097793,-0.02614053430859542
-8.198073405913604,-29.924944952494513,87.34816572243807,87.34840593734768,0.00024021490960990377
-9.413265626184959,-6.666848699925367,87.77677624480614,87.76321431566272,-0.013561929143421025
-22.84262589564627,18.423541335281463,88.73521394704676,88.72730259614204,-0.007911350904720393
3.6103151593278255,26.976485863243184,87.91697021020317,87.92451830663951,0.007548096436337914
-5.307908617883847,5.24443906674238,87.88586806298852,87.98869327701463,0.10282521402611167
-17.41571947943838,2.809635804558525,87.9540213197251,87.97485634981734,0.0208350300922433
7.993586166085734,-20.471538729982207,87.36513886680055,87.31491284696362,-0.050226019836927094
18.99734893112459,26.331749261039043,87.41022972013155,87.39282997363664,-0.017399746494916712
14.788540521599273,-3.580010177894188,87.44929622744847,87.48584597253112,0.03654974508265241
25.00212928491247,-13.569265718607738,87.30058142615928,87.13796411602091,-0.16261731013837277
-3.6991325285692653,8.955347311983765,87.97318595298748,87.9623359696002,-0.010849983387274165
8.741295867275497,18.455226096029115,87.77457209218184,87.76038983319802,-0.014182258983822749
-12.747995121004024,18.119854875969345,88.41540449371915,88.4005788957231,-0.014825597996050988
14.508423406370468,-3.5695706601907915,87.45843187448911,87.48957921909262,0.031147344603510874
-31.040522630183396,-11.934991521172947,88.838774662892,88.84396932250155,0.005194659609543351
13.674027289132582,-18.772980788757778,87.20352526017138,87.24542470986852,0.04189944969714077
-13.56920710810629,22.20145487040019,88.39030004672253,88.43390622984587,0.04360618312334452
-4.658036762386516,0.7918564305960984,87.76313881411002,87.79282910173286,0.029690287622841538
-31.28220872474916,15.538179609792863,89.05122059315768,89.00039488720604,-0.050825705951638156
-4.251429577872749,-29.873092249670357,87.32616328777138,87.32215158393626,-0.0040117038351183965
-9.163901745469097,-31.783575175264737,87.32980052698737,87.38215449200285,0.052353965015484505
0.14102504955231865,-29.302394455921082,87.30701369408774,87.3039256540133,-0.0030880400744450753
1.3747075433254068,12.929609302953246,87.91960917879071,87.83174798405133,-0.08786119473937504
15.384299783172438,15.884747555908397,87.65424157412984,87.62617008738685,-0.028071486742987872
-31.98340193981771,15.1533719639893,89.08552224749721,89.05894727210004,-0.026574975397167577
20.78171915111809,-15.319150614475014,87.21455000803758,87.18438739610444,-0.030162611933135963
28.07237779766961,-30.247139911243117,86.82287532023328,86.79964890688949,-0.023226413343792274
3.384543353824789,-9.754991156092991,87.57156860498687,87.54390419209746,-0.027664412889407686
-12.310479299969607,11.494601288254927,88.21452686506302,88.29446330717313,0.0799364421101103
-26.90471314059485,1.0663761846994504,88.38974628407335,88.47734787190738,0.08760158783402971
11.133671218198366,-20.750037510141823,87.2698192430262,87.26120957505717,-0.008609667969039947
27.173107162881706,14.829290676907874,87.35369912074414,87.22636283294884,-0.12733628779530193
-11.197861606754998,21.507726328776158,88.35061312039502,88.36453474519445,0.013921624799422716
16.501916297737203,22.881817885752547,87.55768216056754,87.52279614091385,-0.03488601965368332
17.48201648090106,-3.4631036054020896,87.46633353530939,87.4440495511151,-0.022283984194288564
8.87935914731856,0.8669545358263164,87.59211763101627,87.62695383454285,0.03483620352658079
-25.717827662722037,10.969714487761294,88.61664054830473,88.5813184795598,-0.03532206874493227
-6.358156554740425,12.636070757096455,88.11694258946272,88.10025110677088,-0.016691482691840065
22.13722866722609,15.312827631057651,87.50552062311425,87.40294420043469,-0.10257642267956157
24.350972918145466,3.5583072459052474,87.46208112077686,87.39067699043493,-0.07140413034193216
10.819973638648506,0.21155739982830823,87.57641167639876,87.59885211340638,0.02244043700761722
1.649632696284229,-0.2854210002529598,87.72498177072572,87.70916546435636,-0.015816306369359268
12.134271771664302,-20.098189957933776,87.21209489008059,87.25231012090077,0.040215230820180636
-27.09168312010525,6.959602809925393,88.54022645488581,88.64864019807563,0.10841374318981423
-22.82663536960107,-24.96418738411475,87.53948948038504,87.51027844275956,-0.029211037625486824
-10.545525729264043,9.41248913500035,88.07779464814791,88.19547687909316,0.11768223094524899
-7.64869817287682,2.164505152260766,87.809844560857,87.86733638233547,0.057491821478464544
8.785057226169421,29.995236876707096,87.75764397791733,87.72911215616426,-0.028531821753063014
6.84819212636156,25.281861417034165,87.80749738495038,87.85237824091642,0.04488085596604208
22.58709499802586,25.653672198102107,87.29600705688141,87.2679165113138,-0.028090545567607705
12.296058055983053,-11.887523446448824,87.37268339907696,87.37467720951301,0.0019938104360477382
14.640831594631344,-3.515786490043652,87.45798930954724,87.48882382199868,0.030834512451434648
26.05186516966655,22.416441654779916,87.26452705771858,87.17826224974819,-0.08626480797039449
-29.37742041836615,6.146072108956723,88.97589114273345,88.8510955441572,-0.12479559857624167
22.810315463795483,20.41101676530996,87.39189695401238,87.3190022071565,-0.07289474685588004
28.761112298207337,10.888928690433723,87.30944990986237,87.21495087033436,-0.09449903952800298
14.112739492526856,15.54117914342666,87.6925998038286,87.64413205940083,-0.04846774442776791
20.41297636996984,30.097156170639984,87.29373888740913,87.29921158920294,0.005472701793806323
-15.439131326440908,9.78652770983625,88.21638042395107,88.23642792579052,0.020047501839457027
-21.6467232654963,-30.94434685065182,87.69060419064516,87.69270311656543,0.00209892592026506
-7.9735775712746815,-9.475873691074348,87.72799558654692,87.71043975713178,-0.01755582941514433
21.579518624420572,-13.251862786463583,87.35895274599272,87.20231107595127,-0.15664167004145213
-17.400206267372972,28.740821814777554,88.49017380354253,88.54364003678543,0.053466233242900785
22.594685475315075,-6.433866061886306,87.40932568364063,87.29488837833743,-0.1144373053031984
17.133352275496506,-27.916246058316915,86.92260036516461,86.91257024016711,-0.010030124997499001
-30.9143503334385,18.42727973602583,88.88501737148195,88.99970534692096,0.11468797543901132
-3.869000438328733,-26.78199758327078,87.36405471392115,87.3629566095604,-0.001098104360750085
15.37192861774799,-27.28544703205933,86.97963040638831,86.95357922221623,-0.026051184172075637
19.672935794896276,-20.69765713504649,87.02237444343038,87.10750679452288,0.08513235109249706
-7.769449078117823,-21.25498841735307,87.45930699701104,87.45948015810451,0.000173161093471208
9.678669114985098,-11.764022946252176,87.42799362417166,87.41639413732317,-0.011599486848496099
-18.530167372468135,-26.382422319231118,87.67449752287031,87.60734254242854,-0.06715498044177082
-1.3353224669759527,-0.7630020909834556,87.73118917246137,87.73951970509941,0.008330532638041177
-14.933677442467314,25.63762852616844,88.38639983993332,88.47251187097305,0.08611203103973253
-12.59614824499824,15.965363289507422,88.42348441193045,88.37471770412789,-0.04876670780255665
-31.84797775084715,-4.210472127719825,89.22712076943068,89.21950646028975,-0.007614309140933528
-31.419910499890506,17.597489351256975,88.9611831640818,89.02075203362358,0.05956886954177776
24.0999546886573,-10.629555264683425,87.39872360539108,87.1988380845899,-0.19988552080118893
-4.1877446135508976,-4.324377000391621,87.739549270791,87.74197425952043,0.0024249887294303107
-19.674832944860107,-11.88103089668877,87.76006711249778,87.78596610913463,0.025898996636854577
27.699473789525335,-27.83114530083369,86.94859636589969,86.87008959532075,-0.07850677057894018
25.751936945084708,16.875399823944846,87.37618982555819,87.25387664131799,-0.12231318424019832
-31.442630591797666,24.9828633105351,88.87146428052881,88.98605981000347,0.11459552947465568
-31.38786266808107,-5.752563026621175,89.16796807419722,89.13279244728423,-0.03517562691298792
18.053489312986557,-27.308792509620673,86.92953399675203,86.92597208389562,-0.003561912856412164
1.7560918525119575,-10.740558657250041,87.56563903252682,87.55563116228927,-0.010007870237544125
25.5712979146454,9.549896585314578,87.38153235563611,87.34603022243411,-0.03550213320200157
-25.41753909441993,21.310592331627774,88.6995940491785,88.80034446300444,0.10075041382593497
30.733603123141435,-8.181900389240667,87.22746629900544,87.12121397465795,-0.10625232434749421
30.10238141894053,27.368663204902802,87.01797041677885,86.97380763518318,-0.04416278159567355
-25.354308227071655,25.91939939865719,88.66410028131594,88.7785516581297,0.11445137681376139
-31.178017664207964,4.705622604017108,89.1644326685295,89.08672687627505,-0.07770579225444862
-1.964938776865182,3.3646244339193956,87.78498785196088,87.8428786343868,0.05789078242592893
31.922875311655943,9.620289405133171,87.24521372584788,87.11536376903403,-0.12984995681384248
-13.66208284208463,-14.891278232936486,87.60805250927771,87.6091500087832,0.0010974995054908732
1.1233953707357216,12.92678185517753,87.92156241246417,87.83589997268018,-0.08566243978398802
4.004580126635496,-25.239088863960113,87.33439380035227,87.30503753226064,-0.029356268091632387
2.0988218211488743,-19.31469484512529,87.42632283943682,87.42539653161303,-0.0009263078237893296
16.595950091978487,-11.12460049084222,87.29105341704187,87.3293641837985,0.038310766756637804
2.300631104501413,-20.565816056566504,87.4088459225492,87.4031392188765,-0.005706703672700542
3.5852858002516186,26.72594633164892,87.9156819888261,87.92261685859498,0.0069348697688838
31.336649946917028,-2.9921041617142663,87.23161035243284,87.19053096335652,-0.04107938907631592
14.166231775093422,9.862449751554593,87.75441958241498,87.6076628885224,-0.14675669389258417
19.734097942523356,-26.97214881078971,86.8766347743099,86.92842384263678,0.051789068326868914
-10.166438413747088,31.42940460611704,88.3725075649779,88.32994938518256,-0.042558179795335604
-30.242864912744388,1.728054825650986,89.15991465199583,88.98707603102153,-0.17283862097430358
-24.996103045246585,-23.41044616253911,87.5395984759791,87.6086762801348,0.06907780415569675
-30.91973483470605,22.834333364639626,88.84891392704947,88.97872770760435,0.12981378055488335
-21.761507815981226,16.28601851262553,88.6478804829344,88.70107764240562,0.05319715947122461
22.4392799475318,-25.22496198822534,86.9480177257312,86.96672164355857,0.018703917827366467
22.87755990825982,1.9928062157625206,87.5109918639345,87.41063235677761,-0.10035950715689523
12.938761112241956,-3.5361436675671456,87.50037449845968,87.51006787573803,0.009693377278352955
-24.307964908891243,-6.221358269912159,87.87157781892097,87.96753521870934,0.09595739978837514
-1.6207428089029818,27.361081706572982,88.05860596296513,88.05140831561448,-0.007197647350650982
-13.871878345941546,19.592195154851886,88.43084573673005,88.44392486404422,0.013079127314171046
21.712817036542134,18.03549242423967,87.4679235591604,87.38648118629247,-0.08144237286792588
17.388879199124155,13.964751710610244,87.69740648473092,87.5795398958596,-0.11786658887132262
-13.60854345391688,17.276549033775673,88.46753886290665,88.42639295348279,-0.04114590942386087
13.50992358068983,-23.184569477966647,87.11322887906417,87.12445354233571,0.011224663271548252
27.956515763644468,-20.816492301761045,87.0985551596831,86.97520420072445,-0.12335095895865322
-0.3776353028334256,3.2780037765138417,87.77557191730055,87.78007382031484,0.004501903014286768
-10.812161269828927,0.03570607696686068,87.7802555391978,87.79128085425734,0.011025315059541185
-27.086548622175272,7.459441150418861,88.55819395515749,88.66312636775068,0.10493241259318609
24.653634475368264,13.92374489103885,87.49156515298861,87.32811824253015,-0.16344691045846105
-3.946361252115487,4.374937999098634,87.8363755302391,87.92962304683265,0.09324751659355002
8.280312719619552,-25.320337721949514,87.24929177968448,87.21524613086004,-0.03404564882444561
-5.28606273386189,-21.68294242101635,87.43906985840891,87.44744417411515,0.00837431570623437
5.736093940233317,-21.249461621523523,87.37897672452289,87.3386055116266,-0.04037121289628942
21.274014508605006,27.17832935985831,87.31903031722196,87.29956607849259,-0.019464238729369754
31.97739350875925,-18.10213659615937,87.0235464494467,86.94707677363714,-0.07646967580956243
-15.305253440360246,-22.619270616474218,87.48886120065546,87.52525203355796,0.036390832902498005
-2.362441080262549,-21.01323870866976,87.43100496193384,87.44377136157254,0.012766399638707071
8.851293002547187,-24.0082082677768,87.27811092757909,87.23608303523638,-0.0420278923427162
29.822398505125335,-6.4273683812954445,87.25909111525394,87.16402234805794,-0.09506876719599688
-26.71488310184285,19.36991598014795,88.80526185058247,88.85344749558752,0.04818564500504863
-0.9088158502330685,20.012526574151963,88.05096312316924,87.95562245987024,-0.09534066329899815
-9.89576560891468,-21.087263726447944,87.47424522510032,87.47399066195752,-0.0002545631428034767
-31.670824482084058,24.429225470334245,88.85559135958985,88.99641950748091,0.1408281478910567
2.6550200633699177,24.77708013551007,87.92535180150176,87.9200551958437,-0.005296605658060116
-22.25231232344457,16.848209156435964,88.68620898054104,88.7149430767039,0.028734096162864375
23.59126407088857,-14.385526557863166,87.32381200267221,87.14992719273414,-0.1738848099380732
4.881824731355529,-18.41510199647157,87.42505461396308,87.39528246447371,-0.02977214948937501
-13.86479314269311,-2.14933152729931,87.76467237928861,87.79890337596846,0.03423099667985241
5.433979282581575,22.58188296431871,87.83749941613334,87.85354787056693,0.016048454433587267
22.58899787504066,21.693935147721056,87.3810146620607,87.31201689048164,-0.06899777157904907
-13.438900144417104,20.95441725157854,88.42927638088591,88.43061594520414,0.001339564318229236
23.79647430929981,28.94898794263873,87.19420705483701,87.18707423559302,-0.007132819243992117
17.37021807152187,-2.367211613774984,87.50532730814827,87.46503101163367,-0.04029629651459743
-0.23907423766999614,23.05920740496869,88.02779243833696,87.95764363719655,-0.07014880114040523
-26.060612046318568,4.905144059798957,88.36796343984562,88.4676063359469,0.09964289610127253
-12.97206978638792,2.8093005302240996,87.85483454698891,87.92217335122578,0.06733880423686855
-4.129252387140568,14.898006480409357,88.12377272004204,88.03410884655212,-0.08966387348992555
-0.16271145131933906,7.269553262381692,87.88217720047706,87.80860150463225,-0.07357569584480927
-10.878451092079729,-29.322215907250566,87.37208774645623,87.38317205701098,0.011084310554750232
-22.332888880977833,16.170766144853538,88.66088163882881,88.72091510878003,0.06003346995122172
-31.615475013616738,30.176556671792504,88.96920980713517,88.96695708898912,-0.002252718146053212
28.027099370398076,-0.5856476718225991,87.33190216280313,87.29117384544124,-0.040728317361896416
-2.9006412482632555,-5.635813457019445,87.7194438820726,87.70253318100545,-0.01691070106714676
-7.62272487584238,-20.902772934315863,87.46300582878864,87.46364077605811,0.0006349472694751057
-8.151348212601228,28.042412049259823,88.23919211852805,88.27220710433252,0.0330149858044706
-21.87247875397479,-23.08299221248037,87.56602058201376,87.48698596657542,-0.07903461543834567
6.164932433784017,-0.6085728027663748,87.64683528615363,87.64632604742359,-0.0005092387300464907
-29.5193128296466,-1.7226078317179017,89.04413066917358,89.04437608705113,0.00024541787755083533
-26.791418916785275,-10.516636975004694,88.7582680377321,88.73295773995939,-0.025310297772705326
-8.292218635163216,6.341105701923183,87.92457948687753,88.05123217844869,0.12665269157115233
-3.883482447183482,14.213941466842925,88.11681998168476,88.01818071992984,-0.09863926175491144
-21.905013992569117,20.169200226402538,88.63325494718056,88.68727684966218,0.05402190248162242
7.379859527701647,21.370240952368277,87.78492410089297,87.80998893615556,0.025064835262597285
4.803442219743339,8.922105687560098,87.81891756122872,87.73767353778904,-0.08124402343968029
-29.39937169565406,30.470300778747642,88.90655466308534,88.89543288854215,-0.011121774543198626
-3.4955996705669605,-1.5758577734172547,87.73007702646112,87.74806936094504,0.017992334483921013
12.27717420976495,-13.654348912358927,87.30805835792081,87.34876682780914,0.040708469888329546
-30.785318623536163,-19.805680181454157,88.94846256810668,88.75630679190884,-0.1921557761978363
2.8275515812179393,-13.6162195623845,87.53395500576768,87.49813696127714,-0.035818044490540046
6.760826256311418,13.38470938031513,87.809135113064,87.74641189522022,-0.06272321784378221
-17.112653023698606,31.961196939872245,88.49649709791971,88.53380183948597,0.037304741566259736
-6.556586168477182,-13.875502428901761,87.54545462514605,87.58350646868817,0.03805184354212088
-19.733632251786098,24.18789830750969,88.5347445364562,88.61416169245422,0.07941715599801569
17.99568809895036,-7.003755494643258,87.33200748689075,87.37333630969003,0.04132882279928651
-3.847201384871447,-3.789723020393538,87.73356600906288,87.74334888279228,0.00978287372939235
-30.306974433310906,-7.147941448276114,89.05607259103274,89.02792113234626,-0.02815145868648017
30.993276586008896,9.065901852491223,87.26584974941655,87.15548244644069,-0.11036730297585962
27.00395829323486,21.131542299669142,87.23461819621873,87.15882623611012,-0.07579196010861722
6.6762949338167275,30.094854803804495,87.84797292123056,87.80577703075791,-0.04219589047265515
5.508252385671952,-3.055085562114158,87.69433503342891,87.61260629798723,-0.08172873544168624
16.72415335145118,-23.80390608462777,87.00668817001403,87.03151102484445,0.02482285483041835
-10.209350196206728,12.322010503979577,88.19926660187963,88.24778199940748,0.04851539752785072
-6.356669517413323,27.36170324589554,88.16815107034256,88.21977265182377,0.05162158148121421
2.240692274713034,27.84572583039911,87.96017784182582,87.95532945643707,-0.00484838538875465
-29.144988340719927,-31.49063214489378,88.92981309679797,88.84828498314035,-0.08152811365762602
-4.785170534433377,29.346324367887384,88.1657382553571,88.17274503255742,0.00700677720031706
-26.879123953971572,6.446694015344029,88.49448838824335,88.61215553016446,0.11766714192110328
21.68350696170713,-1.9050167590671805,87.48203145185407,87.3902140439903,-0.0918174078637719
-17.453202387486378,-2.1349368816318446,87.79058049485343,87.79589375241625,0.005313257562818308
13.683807898477603,24.595494274383817,87.61490910326856,87.60786451890935,-0.007044584359206851
0.08813170239729118,-18.772470812205157,87.4430846992933,87.46533347859537,0.022248779302074695
15.377258826048141,1.293429408411889,87.58321672530758,87.54678117477009,-0.03643555053749026
25.95865182437398,-5.267205028595605,87.36878974469565,87.25039498968769,-0.11839475500795515
-23.206194259485684,13.633170648640032,88.59033954510775,88.63138832034505,0.041048775237300106
28.839996853611716,-10.569398571131494,87.26301366077261,87.11740626119932,-0.1456073995732936
-31.74463438560398,-13.587378011103787,88.69715846248157,88.82811881509312,0.13096035261155237
-7.7432785063111,-23.44410551469157,87.43069046866552,87.43151003132688,0.0008195626613627383
10.804209608274604,-18.97516276085267,87.33745768833384,87.2934643260434,-0.043993362290436266
-28.842303299549705,26.33796372803934,88.79132047747844,88.89179258801056,0.10047211053212379
20.883178552993343,18.97863932813172,87.49959135656758,87.40548018095262,-0.0941111756149553
-28.41122249187712,-19.224008319974672,88.41498028582595,88.43369102213033,0.018710736304385023
-10.22176474661373,-2.0628721252748505,87.75113901467398,87.78069057575189,0.029551561077909128
25.537542590897573,10.974082440732161,87.404920442741,87.33060654992995,-0.07431389281104828
8.648130648435533,29.183505081360657,87.7700547642475,87.74308986613465,-0.026964898112851188
-22.856404025104112,8.501782156335814,88.33264132395811,88.36453973442364,0.03189841046552999
-22.862479213149754,-7.378688923164262,87.7565193179871,87.91869169325334,0.16217237526623762
21.46637605765899,18.35249838792297,87.47214351985913,87.39169410798965,-0.08044941186948051
-11.575721499517151,6.832825885300444,87.98804127681309,88.08912180963056,0.10108053281746265
9.313755460946197,2.4211816989469526,87.6237412497052,87.6296985632235,0.005957313518294427
-0.8411892208549929,-9.78718448266411,87.61233970496876,87.61042639550779,-0.001913309460974233
16.746169739891606,28.319428307988993,87.45489652592809,87.45397897909632,-0.0009175468317721425
-0.21048515046838645,14.436367445266058,87.97856983339808,87.8767629206471,-0.10180691275098752
30.007711001017327,9.472622633236462,87.30537742874921,87.18639343594411,-0.11898399280509864
-7.654333288527681,-11.487905648276929,87.6529786400778,87.65313054365933,0.0001519035815249481
25.43051907136219,-7.439949916009503,87.37519089738613,87.2247611232293,-0.15042977415683367
-17.52940701018261,-11.387363832562684,87.7977838420022,87.75181391566267,-0.04596992633953789
-23.53887773538319,29.622442117822708,88.6649892400233,88.72361564858838,0.058626408565075394
25.23202520588208,3.9782800721243703,87.43780874892585,87.37600264282025,-0.06180610610559256
-0.07442727773587876,23.08972862684746,88.02433306811011,87.95149449761657,-0.07283857049354481
0.7609223015420099,30.880145076874356,88.00542544906342,88.00800042095507,0.0025749718916472375
25.528988853498916,-27.02059618908107,86.99662918759941,86.90241480598381,-0.09421438161560047
-1.0991240851364878,16.2847435622485,87.99076840339994,87.92857315803252,-0.062195245367419716
2.2498688441584775,-30.943375791061158,87.24803318429305,87.22987618730613,-0.018156996986917306
20.560331536047187,-21.883925684106828,87.01937633018858,87.06992670897476,0.05055037878618407
-28.39342925814624,0.593427425773541,88.75718790984948,88.71739987372884,-0.03978803612064041
-21.566629546348373,-22.914537684562113,87.58067220232829,87.49021355267067,-0.09045864965762007
23.82657280919109,-15.788483417233309,87.28560919113721,87.12426787680327,-0.1613413143339386
12.584146897668155,-0.6100728989838942,87.52974306456814,87.5648604920808,0.03511742751265956
19.097313492718385,30.3205757655116,87.3350701451601,87.34526918189523,0.010199036735130562
6.062539051489324,-14.089108833794832,87.52280766733513,87.4405063476617,-0.08230131967343368
-8.471912464407502,-23.715702888102413,87.4315325728467,87.43291194572785,0.0013793728811464234
8.32089619714177,17.149077900717607,87.76005071074373,87.75529683011095,-0.004753880632776486
-10.612656493768107,-22.52012918741177,87.4599170522213,87.4682736695841,0.008356617362792917
-8.21193637439503,29.84750551048632,88.28179876668437,88.27320819281296,-0.00859057387141604
5.904436800257777,-12.08334281522756,87.5461955208586,87.47132790313084,-0.07486761772776163
-31.606165700324077,-3.3562913678134336,89.24099812937001,89.22221592152722,-0.018782207842789944
-9.479179387275238,-2.6136335883475468,87.7421980019264,87.7753140640243,0.03311606209790341
28.244823927091552,-3.4387344598193934,87.31439584287975,87.23795704316174,-0.07643879971800516
6.030787177760892,-28.52263826222876,87.21071754829147,87.18921821212943,-0.021499336162037253
-20.83059342034496,30.279398230407814,88.57312074024244,88.64376189145138,0.07064115120893177
29.420600628365023,11.700332736925596,87.29077137395356,87.18160276377361,-0.10916861017994961
-30.449702901813694,3.0358023895693265,89.1549569713848,89.00247617969524,-0.15248079168956963
27.5288374366993,-7.148437693000133,87.3191338693443,87.19278558888239,-0.1263482804619116
-3.682399059469809,23.587806318216643,88.14491884483628,88.0970371421438,-0.04788170269247871
12.355497905738005,-29.501008224835786,86.98015288097328,86.97791410413959,-0.0022387768336926683
-9.620921015047962,0.5463832752222331,87.78582788361626,87.80733698929204,0.021509105675775686
-9.424340626866808,18.878144252296927,88.28694607262045,88.27776409438435,-0.009181978236100008
-4.084087724767485,-17.57567765498912,87.48022010087351,87.49809930727962,0.017879206406107073
-22.659482544794656,16.190993081732238,88.67999095070607,88.73184053035315,0.05184957964708303
2.5913965368421046,-2.2917867469939637,87.69963685781198,87.66273175898098,-0.03690509883099935
-6.555609384812577,29.023525517616825,88.20107531865438,88.22490038712253,0.02382506846815602
27.470559212113862,22.693179470430685,87.20905409867582,87.12368977255048,-0.08536432612534384
20.196441614894724,-29.560546912819923,86.80363561598811,86.85268953612133,0.0490539201332183
4.21194649750111,-21.74443474544178,87.38205475845515,87.3550628030681,-0.026991955387060784
14.579268780347512,0.4057086365995133,87.52157790142036,87.55218971295636,0.030611811536005007
-30.746850693775066,17.377757164468164,88.96432987431609,88.999091254329,0.034761380012909626
28.305216075272234,12.072328207153959,87.28335867133121,87.21761734811503,-0.0657413232161872
30.800113641769343,-3.1525100433979816,87.24579225585202,87.19738682343313,-0.04840543241888895
7.381714832336506,-13.021773681493997,87.54743539730896,87.43480543813959,-0.11262995916936802
26.95413903807399,27.852956201042353,87.11536257055354,87.08269101285718,-0.032671557696360765
-17.52343110496829,1.7836698465872374,87.91135601236131,87.93332421625844,0.02196820389713139
-0.9437384751452242,-9.835039415554554,87.6123997561557,87.6114169981495,-0.000982758006202289
21.433704423247654,21.3393976518919,87.42642719849002,87.3579670071925,-0.06846019129751824
-28.815179985487006,-8.616310004265294,88.91033013261948,88.89124093209007,-0.019089200529407435
15.728593497907049,17.878324365233716,87.6155448040173,87.60634772069983,-0.009197083317474153
28.478805563067773,-3.9490808957982324,87.30580147376199,87.22547130010776,-0.08033017365423234
-2.097158422744684,-30.89500001969001,87.29995183171636,87.29392970764796,-0.006022124068394419
-2.3637346511842097,16.565957664841704,88.0480574085262,87.98057293140636,-0.06748447711984795
-23.853798780476573,6.924703176878005,88.3134831240769,88.31961895589285,0.006135831815953452
27.49193212161945,-7.317560500961257,87.31945291869036,87.19082649117571,-0.12862642751464648
-4.7132950732199035,26.21529061425298,88.13514316897073,88.16161124635309,0.026468077382361344
17.724654978315094,0.7155869532952366,87.65491598402289,87.50271929105111,-0.15219669297178484
16.280509977047977,-13.418603211405802,87.26370424338958,87.29598708549236,0.03228284210277366
-12.86974836147023,-24.051671297729072,87.45350408207938,87.48907318641534,0.03556910433596272
-17.238342047492708,-18.835614003895245,87.49827544176227,87.53675920755198,0.03848376578970658
-22.797375514493083,13.737463992179784,88.57375773466055,88.62287053821824,0.049112803557690654
-24.215296567346456,-12.152268398652275,87.99200888642994,87.98869064926082,-0.003318237169125382
15.970153285929008,10.667210380394124,87.76792139760872,87.58905154966993,-0.1788698479387847
30.47703061901123,23.9871757189889,87.02612067131236,86.99977138640298,-0.026349284909372273
20.314645243827222,21.696196977565393,87.44733991375739,87.39524285000377,-0.05209706375362089
19.560053602255124,-26.509996432399873,86.89696377160178,86.94233487386703,0.045371102265249874
-21.395339841496224,-30.821284528842632,87.69103457721268,87.69321241837244,0.002177841159763716
9.72218118638201,-30.26915598526569,87.02070366674788,87.0323897236516,0.011686056903727149
15.164349620225337,23.71269940333317,87.57500950468345,87.56297973475465,-0.01202976992880167
-22.72905044004645,7.4737722594637646,88.28075537053876,88.31671935557803,0.035963985039273894
-27.940966646689375,-2.9259016616087337,88.65403020829426,88.87627065261161,0.22224044431735024
-0.9841638775385064,10.94783202649996,87.9682483631606,87.87471446135777,-0.09353390180282872
-6.125270641060432,-17.100253338610514,87.50169915819714,87.5087536288751,0.00705447067795717
28.739744224718848,-1.473551263455164,87.30839536921106,87.26223857437803,-0.04615679483302415
14.050514673883939,23.19302368846708,87.6023843169553,87.60976850646719,0.007384189511896011
1.2795616412971569,-20.47407789675323,87.41616390849208,87.42062001252278,0.004456104030694519
-20.736048850795136,4.246688793347431,88.09481761960392,88.12299277026537,0.02817515066145404
-19.35927498008528,16.78688625531784,88.62660948081343,88.61759749294454,-0.009011987868888127
-14.356773546708908,12.868387876373426,88.32700234719613,88.36423894173336,0.037236594537233714
10.842650430651027,-29.856089287738243,87.00896345352433,87.01166781615406,0.0027043626297285073
11.137281633383878,-28.674388732181498,87.04424602724684,87.03680179296367,-0.0074442342831702035
-12.503123228111754,3.6365516982183834,87.8768959019266,87.95557792229026,0.07868202036365801
-20.324309188283706,-14.604296231090956,87.83427759474401,87.792230913236,-0.04204668150801183
-1.1164506850410092,20.15663139521515,88.06092507330798,87.96506614534663,-0.09585892796135909
24.100940671739814,-26.65157501037298,86.93122029970176,86.91900111434948,-0.012219185352279283
17.901421561375308,-7.113897995169545,87.33129331251953,87.3732519058129,0.041958593293358604
30.302533850861693,-30.430226281767034,86.76487356251532,86.78495278210349,0.02007921958816894
19.15499831480485,0.6658271182280231,87.67045397793612,87.47501026025832,-0.19544371767780433
-12.617668321482775,8.489289745591115,88.08797327463014,88.16603872737431,0.07806545274416976
-1.9070371603414316,-11.236299716356477,87.57450633836339,87.60727900415846,0.03277266579506488
11.632048164730278,-4.421405850772921,87.49936938588198,87.51142998250127,0.012060596619292596
17.689565277912244,18.454757168254112,87.5593670505292,87.52769648574943,-0.03167056477977326
13.595667189822137,-26.887704783379668,87.04788046606781,87.01642756787685,-0.0314528981909632
11.344790815321922,-31.794785368795466,86.91901021809142,86.94185259285074,0.02284237475932116
2.9228486578410298,3.066249850353593,87.76111090428336,87.71477049699203,-0.046340407291324937
-27.168615194050872,-13.08642948029209,88.50391407606008,88.52303413500155,0.019120058941467732
19.35326509406331,30.486553166447976,87.3203871498429,87.33400531892121,0.013618169078313258
-1.7522594062380676,16.843609701468672,88.03313444346709,87.95925573884172,-0.07387870462537194
-11.208400827320993,7.675884765962827,88.01662672318099,88.12372454531621,0.10709782213521635
-19.718069361179346,-28.70202326650398,87.69396900233154,87.68104140554733,-0.012927596784209072
27.20449907615653,-27.06392109435344,87.00153060139189,86.89221408565672,-0.10931651573517343
28.66989274042404,-17.25705695432606,87.11251344583786,87.01753692947355,-0.09497651636431215
-4.700257061988552,1.5441402395239479,87.77233556788876,87.82557911673574,0.05324354884697868
7.132805775772731,16.140271476413716,87.80608303720706,87.76571742996764,-0.04036560723942273
-22.61556508006963,7.828328216963222,88.2949610856348,88.32906072437049,0.03409963873569666
-2.86119344162919,31.552843651952635,88.1115741738955,88.11526573334946,0.003691559453955051
19.615603484886613,17.37331306114625,87.57551014794583,87.47011201224069,-0.10539813570514411
28.58529875465038,-15.158147544444013,87.15428238359624,87.05127811162689,-0.10300427196935402
14.694938103602027,20.4653427650319,87.61788380799285,87.61600817785354,-0.001875630139309692
9.30951844638323,-10.019794683003965,87.46645511223336,87.44684548457204,-0.01960962766132468
8.546604329073432,2.578997354258732,87.62743477668147,87.64026961077374,0.01283483409227415
-30.108447192191846,11.090646549047435,89.06866156947558,88.93329378865877,-0.13536778081680723
4.009428456912822,-10.6485699715681,87.56685098148566,87.52144045095523,-0.045410530530432425
-12.225174825536335,21.56544823697694,88.37874096012362,88.3946926179866,0.015951657862984803
-0.2370600253943138,-11.052527871032908,87.55498875095078,87.58273556555935,0.02774681460856243
22.50253070682725,28.542717777193843,87.24889156313245,87.23925712383522,-0.009634439297229846
27.133035731744442,-8.59367555704555,87.3240364116933,87.17744153602142,-0.14659487567188023
-11.672686216454196,-1.5878664286704733,87.7626401800928,87.78943060116961,0.026790421076810844
-5.979810337647706,8.41527202159007,87.95544816002439,88.04642836859584,0.09098020857145173
8.177877169715401,18.396646063615123,87.76201868707876,87.7692149615072,0.007196274428437732
-21.675766921220884,6.014607770054198,88.1881443981686,88.22583013860205,0.03768574043344586
5.2959542180014125,-21.07603597619132,87.38419280129423,87.34818234495205,-0.036010456342182806
25.472375088284743,18.832036576889003,87.35102822272101,87.24112491923474,-0.10990330348627708
31.438734703360794,-13.066777972081866,87.11003091613509,87.03385601444482,-0.07617490169026553
0.4988780406945921,-12.751636455216861,87.54886371989022,87.54702580592912,-0.0018379139610971151
15.786672239993102,0.6422651041893914,87.55657043751917,87.53812809457555,-0.01844234294361513
-21.88539362609545,-21.22219268965435,87.44364360518804,87.52350183353411,0.07985822834606893
-11.898678850251123,26.671102919884603,88.3161797932872,88.38289665510365,0.06671686181644532
17.47091065276831,8.484166651417546,87.67659732617524,87.54885373458151,-0.1277435915937275
-23.731253619308347,25.433103505555543,88.63313163797791,88.73107567362041,0.09794403564249876
-24.818397267047146,22.928706847774095,88.68396864501565,88.77235445400996,0.08838580899430326
-15.176878344290664,11.519869211134825,88.28729794368633,88.31006728999955,0.02276934631322547
-23.40206396797918,14.852161308071658,88.6600912182254,88.69971032514043,0.039619106915026236
-21.75600940584247,13.035600580147403,88.50491828023519,88.55219259681715,0.04727431658196224
31.274901686943053,-24.48089750207194,86.96578775971797,86.86120690722132,-0.10458085249665316
-28.157206910490622,0.8707803612032521,88.69753681377969,88.68179376632133,-0.01574304745835775
-27.700899935316976,-27.615368334594805,88.95589610304692,88.8779586736356,-0.07793742941132109
-26.043041381784768,-16.99971292806739,88.30807622538124,88.30903683268373,0.0009606073024883699
26.300244929077785,-6.5264151439608895,87.35479424789854,87.22369579084068,-0.13109845705785972
22.02337809527524,-1.423483543285748,87.47500623691958,87.39196941971947,-0.08303681720011014
-12.7880514124546,22.905814416037494,88.37200637729471,88.41065165623006,0.038645278935348415
-0.40220215813231164,16.381648983938298,87.98626536836528,87.90224626848061,-0.08401909988467082
-14.6490505800285,-24.314720786284695,87.46082970020372,87.50744785320299,0.04661815299927241
22.346341246452802,-12.694771554315182,87.420664510188,87.19755322431082,-0.22311128587718088
-29.400412145596185,0.2854386996106584,89.00885066060543,88.86677933608188,-0.1420713245235561
30.242181981404705,-26.781941541135808,86.92118222549612,86.84377081820328,-0.07741140729284268
-7.457081262891421,2.495680419546794,87.81875175630087,87.88068965203878,0.06193789573791264
-27.328498566475332,10.48550656513791,88.69157674214914,88.66638262630626,-0.025194115842879228
3.9434655337675792,20.978029257110997,87.89018923052112,87.86349197943056,-0.02669725109055321
3.4519791509387616,6.072617230077611,87.78327214316995,87.73378337494327,-0.04948876822668069
-13.751916482474122,28.465588879961338,88.39518558664359,88.43657092302799,0.04138533638439412
-30.87006607850838,23.224117060320097,88.83881704931906,88.9751799381138,0.13636288879473568
25.571902705054598,4.988140536113548,87.4296972089316,87.37484549585703,-0.054851713074569375
30.45896884659321,-31.224580844557174,86.75976378548077,86.76164882833211,0.0018850428513417228
17.64401462013003,-5.156002110118685,87.41654483602429,87.41184346070727,-0.00470137531701198
14.845432971138415,9.415071639845458,87.7385313947277,87.5966695312412,-0.141861863486497
-28.65551642589385,-22.36795659520891,88.65666511415155,88.67436453314792,0.017699418996372174
2.7438519493884144,20.52256379328739,87.92583696124592,87.87922273227677,-0.046614228969147575
2.806135230119594,-15.048961005824047,87.51719929817648,87.47823679591835,-0.038962502258129916
-0.6683744031845009,-25.234563549470018,87.36496464532934,87.37135303815393,0.006388392824590028
30.83462392397894,2.2496089283555776,87.26646660324421,87.2408890140408,-0.025577589203408024
-13.133363495966876,10.256544897769672,88.17988095332719,88.24508321952688,0.06520226619969094
9.240516798594015,-29.016631172385004,87.07687652091792,87.0820552491048,0.005178728186876924
-23.380828912014678,7.675847185483917,88.3199992814189,88.34264975332657,0.022650471907667225
-29.553628663795976,-17.473038384544672,88.43590356407346,88.53552016838742,0.09961660431396524
25.28271487937839,3.4718726680083805,87.4216584963527,87.37234006188031,-0.049318434472397144
-26.196424848168455,21.46252181850855,88.7281151289713,88.82590240574457,0.09778727677327481
15.502457583248919,-31.03167091523502,86.8486534591299,86.8430264199656,-0.005627039164309622
-30.23917578649558,8.586339467907884,89.09590459035078,88.98352346326996,-0.11238112708082326
2.9962324091783543,10.710393662868285,87.89836707228416,87.78426118825433,-0.11410588402982569
-18.861517592940586,31.82103068529978,88.5340965500517,88.58524451754973,0.05114796749802508
-9.78824181580972,-14.754541278953148,87.55279965806291,87.5781264949974,0.025326836934496555
-4.761382241377454,-11.95645190500607,87.58701592119682,87.63344295464992,0.0464270334530994
9.29857121891122,13.977366734796547,87.76910232610419,87.70970335790606,-0.05939896819812418
-6.953858619088784,21.564511787838455,88.22029588873909,88.20611140217478,-0.014184486564303711
9.247850637363207,-5.384903758304297,87.50146031311432,87.5251172760344,0.023656962920071578
-5.169380818118448,6.03307909600337,87.91146092045852,87.99273518975149,0.08127426929296178
-1.156502920123863,-5.916482277783977,87.69053130738764,87.67022430590696,-0.020307001480688314
-26.69395453059653,-7.939557804298346,88.74230368912652,88.5830164015541,-0.15928728757241117
-11.466220170166132,-18.170248032173838,87.49850572909426,87.52456418261805,0.026058453523788216
15.637307699117223,-17.223064595198316,87.2301894428563,87.23266096244514,0.002471519588837623
16.704296572400303,-12.583308463498092,87.25620179977581,87.30221283073291,0.04601103095710357
-16.40327151955949,0.8059179011000666,87.84201668266904,87.86149223555097,0.019475552881928593
-28.32614198989083,13.28621700292706,88.87477574489562,88.786622027932,-0.08815371696361751
-21.552027126178338,-27.60642326973666,87.59993569174632,87.59896725815075,-0.0009684335955739698
9.80802973452547,31.92584164441074,87.6969635167145,87.67015459910188,-0.026808917612626715
19.338506336638424,-21.912331760162814,87.02437764467047,87.07430989290465,0.049932248234185295
11.036932298155058,21.638770516653096,87.72264319589549,87.73799017005393,0.015346974158447324
-17.401600275730196,0.9784349830397829,87.87207366278658,87.89390976204423,0.02183609925765495
4.98173865198676,-11.007152220451374,87.56095530723884,87.50106159111732,-0.059893716121521834
-26.72692774812277,20.628373087922114,88.76824680264538,88.84781183521075,0.07956503256536962
-19.715058593277178,3.5467994193387113,88.04448658691757,88.06683711329276,0.022350526375191748
-24.00577252207374,-29.92995413127977,87.7641409276839,87.77859155891208,0.01445063122818624
30.270902398448527,-14.335924416629574,87.11988590819892,87.0346332126019,-0.08525269559702053
-21.430490141702336,20.8042701566196,88.60082606469182,88.66821254019298,0.06738647550116639
7.126663330929823,22.313437133286435,87.76793149096933,87.82292326147301,0.05499177050367621
-0.20412570360680604,-10.883471312606545,87.55904599583829,87.58458826555017,0.025542269711877452
-0.38695010242236805,0.49368481042429835,87.74247524269538,87.7546818562269,0.012206613531517974
10.999039259511342,-9.571167114949667,87.41315603417388,87.43094614702684,0.017790112852964057
27.414438384513637,15.439227125376242,87.33177879244619,87.21050117795657,-0.12127761448961394
12.166957731325482,4.097778053727609,87.59382485456088,87.60240621293154,0.008581358370662429
-5.969318322733216,-26.258623518136446,87.38345475610168,87.38139745307265,-0.002057303029033619
-14.1003440540687,-7.0354874826794,87.79156019211224,87.79439175737096,0.0028315652587167506
24.249675923702476,14.898091682030824,87.46727617949648,87.33134856202474,-0.13592761747173654
-31.551008154349276,-31.387121051071205,88.79230260889227,88.69745175272797,-0.09485085616429956
25.158477363265334,-2.3873299420326077,87.3664073285668,87.31524799013245,-0.051159338434345614
19.031455772880904,10.284853212567889,87.64154083467491,87.52847579701637,-0.11306503765854359
18.439637394290813,-20.502385335610533,87.07038650957946,87.11831355900937,0.04792704942990156
28.417788565182654,20.95684603975384,87.19051557479061,87.10970589932568,-0.08080967546493412
-24.605060314127506,-4.886267811116241,87.90589980769835,87.98032979252407,0.07442998482572705
0.28763132064798214,7.228084154335015,87.88380592121793,87.79708007661333,-0.08672584460460087
-29.675904773415326,23.818838577096137,88.8161505599646,88.93202158738448,0.11587102741988531
-5.595691001282006,1.4054898530881843,87.7742536744963,87.82411562184005,0.04986194734375715
30.974411271430043,-26.926273729700824,86.8914072764624,86.82882941060774,-0.06257786585466363
3.2892820550273,-28.972874264172255,87.27317689275942,87.25589184807401,-0.01728504468540848
25.113863289924147,9.08423569395353,87.40303982952778,87.36802576368734,-0.035014065840442754
21.82172099599307,31.950942979232146,87.20456849423935,87.22687363484056,0.022305140601204698
-4.6568210947413675,24.40104943139159,88.15828729685006,88.14262295132507,-0.015664345524996293
0.440561007424499,-17.302050820414514,87.46978469483328,87.48220570290351,0.012421008070234052
-9.886228816854931,-19.895898594597107,87.48864698261167,87.48912093859627,0.0004739559846029806
-7.0765829223622845,0.4189035494112332,87.76833451322528,87.78894277955649,0.020608266331208824
7.892810537379276,-12.563502104650333,87.54561025733011,87.43322876680809,-0.11238149052202573
25.95578262502277,-30.526820698490972,86.79399917017214,86.80067353393666,0.006674363764517466
17.236391836444838,-4.168691187481535,87.44061528954366,87.43663474642139,-0.003980543122267477
-31.968507114757998,18.570334927638704,88.8871084799379,89.03459629455175,0.14748781461385363
28.500792860940173,-8.870956929949742,87.28549735083813,87.14941389556692,-0.1360834552712049
-0.6673183560752705,23.504336497278423,88.03331716287691,87.97848937245219,-0.0548277904247243
-29.198655017866898,0.28794500717405214,88.95860551017992,88.83701276300317,-0.12159274717674862
-26.623241243844717,14.128890724101986,88.82045599215712,88.77180948488743,-0.04864650726969444
14.873054423023333,-23.559599694090338,87.10578405881967,87.07423353479173,-0.03155052402793501
-8.783164561823455,-25.524232826974895,87.40988966196434,87.409596462282,-0.00029319968234631233
7.288349209211255,24.068356795764743,87.82073428586446,87.83646873851005,0.015734452645588703
-9.841392553163871,4.344282438770371,87.8973277983311,87.97271226527721,0.07538446694610457
3.725924057521169,19.85604461351975,87.87955391280931,87.85672996588143,-0.02282394692788614
11.884896629252069,30.11157447647824,87.60996792913873,87.61352593728911,0.0035580081503781003
27.618140802693596,-31.952229543961934,86.79489307734612,86.75298435958565,-0.04190871776046379
24.804569206093767,12.645117738294218,87.47220935823023,87.33760034114393,-0.13460901708630502
-23.567815877191272,-13.823618397253945,87.95685671210569,88.02631206455222,0.0694553524465249
17.408713608575184,-20.13533841079112,87.1251153918605,87.13315582245602,0.00804043059551418
0.7433755547287078,17.385042803355113,87.97293720363929,87.88345822785467,-0.0894789757846155
-26.11665318634801,-6.8384551734300345,88.30747875917581,88.28218938703539,-0.025289372140420596
14.304571770279416,-22.672974135464095,87.1148676401491,87.1159887154438,0.001121075294705065
-8.73127701750969,3.9176679177906806,87.88636134135402,87.94864122734558,0.06227988599155765
20.355410275592135,-29.113423097949003,86.81926896354736,86.86475694803718,0.045487984489824385
14.062732357021666,27.70442349438496,87.55815754417907,87.55969540116128,0.0015378569822104282
-7.4426462028683815,-26.473373630900042,87.38950570105285,87.3887082554562,-0.0007974455966603955
-30.510411229843122,-7.593242279464604,89.02826246597661,89.01691229031051,-0.011350175666095197
-23.158347642460797,-31.570193168496658,87.71771918615671,87.89289406567691,0.17517487952019906
6.779571816417182,24.960281267184513,87.7972723667948,87.85317790174521,0.05590553495041206
-16.63198605389261,-26.67906241961323,87.69377530224563,87.62273747137945,-0.07103783086617455
-19.37816061851948,0.29914984410460477,87.89091630791619,87.9080342808176,0.017117972901417033
4.084071033821743,-19.553764418370015,87.41133984417904,87.39048319493993,-0.020856649239107128
16.632200274956475,-16.021310699628124,87.22691994186972,87.24568805911885,0.01876811724912386
8.060227529173893,-21.39913303628245,87.34651784977748,87.29971801207036,-0.04679983770712681
28.37316467507172,26.0855668090786,87.09857804409278,87.05137877446766,-0.047199269625110674
-14.374832696111596,25.743525809266522,88.38603261159886,88.4560471363899,0.0700145247910342
10.396267176115032,-6.779897051412753,87.46853181680751,87.48657013986322,0.01803832305570552
-18.034778775881286,-23.191862484095573,87.59235153064503,87.55478220030653,-0.037569330338499185
-31.63643889951718,14.361930353962727,89.08514403466502,89.03628443989756,-0.04885959476746393
-27.541840049561756,-30.162312327215496,88.7852273037789,88.85589963176122,0.07067232798232226
-10.928137810290359,-8.977387573493651,87.77642704059276,87.74648502675531,-0.02994201383745576
19.032040191203627,-19.313146248290337,87.07071959989037,87.14968916111111,0.07896956122074528
-20.36306189274675,-24.5213003946007,87.58250617022111,87.57242760574223,-0.010078564478874341
-14.776256383653227,17.732045558229018,88.5052492691622,88.47129854422062,-0.03395072494159024
4.192037082008724,21.896337597717633,87.87451591246217,87.8678540388844,-0.006661873577769484
23.589467730539972,4.89945859239856,87.45823884916547,87.41241239953077,-0.045826449634702726
11.891271796472807,-0.4563921299829232,87.54154520636729,87.57629239614795,0.03474718978065994
16.38954057145083,-8.870643230768472,87.32091859317427,87.37206596560443,0.051147372430165206
-31.63284402102454,1.4838605951308352,89.21979285907423,89.18411849779935,-0.03567436127488577
14.843040180829554,-13.900878405257266,87.32431675443745,87.30775816896649,-0.016558585470960452
-21.62544788744239,21.324763054161274,88.592335721867,88.6722933475874,0.07995762572039666
-8.440988051532408,-4.837767313900422,87.75517251149536,87.76352760773544,0.008355096240080684
10.804652557546618,-2.479511571720117,87.54134265093515,87.5553045687503,0.013961917815151992
-16.40913858237279,-8.292356361946695,87.81004027893383,87.80707330362696,-0.002966975306861741
11.164911794431944,30.828419152556087,87.63004837315297,87.63219053466418,0.0021421615112018344
14.563499907879255,11.714508323720906,87.74773005437171,87.61246070100829,-0.1352693533634266
11.00411613472906,23.037955794534362,87.69712357772852,87.72381010251436,0.026686524785844767
-6.023167225318893,-23.770827548535188,87.4161204716768,87.4191060164928,0.0029855448159992193
-19.91759066946934,31.987100289685777,88.58867256346126,88.61620060514733,0.02752804168606815
23.937113906785264,30.04972923986567,87.1798821557331,87.16978068412955,-0.010101471603547907
27.28215562684504,13.064852443485663,87.31935663885332,87.24303858166758,-0.07631805718574469
1.7427608280458315,-7.627323773250801,87.6235697626345,87.59981556866111,-0.023754193973388738
6.827168355357507,11.2503229402257,87.80436268908227,87.72556519552508,-0.07879749355718957
-25.09770377655922,29.478807213061657,88.71693971554035,88.76947643224985,0.052536716709497
26.90242698436856,17.2327114783077,87.32253994860952,87.20806792211731,-0.11447202649220856
-21.445001294941555,4.0557971082125235,88.09719058143685,88.13051195698263,0.03332137554578196
-12.662130679342745,-16.04291901063351,87.54465565990682,87.56829981276138,0.023644152854558342
-17.787842681001337,-11.049585624682173,87.81371948417578,87.76620656100155,-0.0475129231742244
-6.677983527552271,21.636496481346782,88.21766347283534,88.19600099853275,-0.021662474302587498
-2.85834589216595,23.606863453576743,88.12314308277216,88.06502410727006,-0.058118975502097214
-21.62287876955267,-29.970957958256164,87.64872308648708,87.65070846094662,0.001985374459536615
-6.033216993860847,-11.957976958206174,87.60729975037536,87.63626168881545,0.028961938440090762
1.1599142711353352,2.71481311828056,87.76463325917722,87.74082893249236,-0.02380432668485355
6.331610474697051,6.22335756776647,87.69960116910624,87.68772934683912,-0.011871822267124799
17.3958608046392,30.724122394391017,87.39346929004549,87.40357148906713,0.01010219902164522
10.921207400767543,-6.243295538523697,87.49499370717606,87.48913346272931,-0.0058602444467510395
-3.1952912863758627,5.65728503149009,87.87074266994458,87.91214672178839,0.041404051843812795
3.491582932530818,7.683386275940428,87.82098118763253,87.74802506673767,-0.07295612089485815
7.8044258409332485,18.842722898572333,87.76069130710304,87.77955005667411,0.01885874957106637
-20.95432403493347,14.45913199609793,88.5609734498683,88.59720199348146,0.036228543613162856
25.763212549195224,10.659334349292507,87.38370479301739,87.32611887767648,-0.0575859153409084
20.653047833950374,24.46491136540586,87.38729635611736,87.35231012667322,-0.034986229444143646
-0.43444264293746926,24.077295129663653,88.02678936821601,87.97469278408053,-0.05209658413548368
-2.049485569925416,-29.684562880959184,87.31540222556157,87.31005274444584,-0.005349481115729304
18.067505935045375,-9.601137560869653,87.3002474664711,87.32731417733291,0.02706671086180279
29.271543339285294,-18.962947436055536,87.08255914720914,86.98085483908679,-0.10170430812235054
15.007674350176778,13.188443416754978,87.70799653922555,87.61465487435298,-0.09334166487256823
-0.9383363154586064,-15.623525597565653,87.51731845658578,87.52170006987126,0.004381613285474373
1.2710669540084751,-9.391414259676573,87.5940728830475,87.58232696905644,-0.011745913991063617
-28.027477210785975,0.10564876699603332,88.66752818117517,88.66476242317472,-0.0027657580004500915
15.976264304364882,-10.281304464360325,87.31405217611416,87.35559478550708,0.04154260939291987
-28.06356536108241,-9.041377441233301,88.8548751636437,88.83333255095593,-0.02154261268776736
11.628517565746762,-23.56559501892712,87.20668424346898,87.16815626473044,-0.038527978738542856
15.802969141978686,20.090933275713965,87.58198522254631,87.57926780368999,-0.002717418856320819
-23.729427030274422,1.224974097756828,88.03692968806254,88.05171242618695,0.014782738124409889
10.843063973538378,-9.358649976761534,87.4162136401534,87.4365777571189,0.020364116965495782
13.226634432319614,8.206708329890901,87.7062182229556,87.6107883510963,-0.09542987185929519
23.63248532344732,-24.84999590875639,86.99716194667536,86.97233705397579,-0.02482489269957
-27.92567898839905,-26.605811301865366,88.90711774210692,88.80252642848605,-0.10459131362087248
-6.69182015188666,6.802884230561681,87.93673449489941,88.05932593852329,0.1225914436238753
-17.933678222958143,-14.851336308802338,87.74459563006835,87.68172187293663,-0.06287375713171173
6.509045765433314,29.83642572431505,87.85936742320699,87.81478690219826,-0.04458052100872578
-2.839217590209735,30.121807715369577,88.1124928972284,88.1152376574137,0.002744760185294126
-5.049629946926174,-30.996424922727478,87.31535030968918,87.31289687430547,-0.002453435383714009
29.953067846537884,-17.45560166239749,87.07738460044648,86.99218947606522,-0.08519512438125787
25.369742387044703,20.25686559823633,87.31717813664963,87.22818618677843,-0.0889919498712004
19.78758445928375,11.54784910335929,87.62127352023197,87.52067645414341,-0.10059706608855379
-28.40777805576358,12.598026814576933,88.85265428431151,88.75453761686998,-0.09811666744153058
26.684739279340405,-17.688509297041485,87.16100631440183,87.04539463590132,-0.1156116785005139
7.129083529619109,-7.473999796381044,87.61223503982731,87.51714668728462,-0.09508835254268888
20.32595077116607,1.8446652934158578,87.61111374109593,87.45880445103371,-0.15230929006222027
-7.672647797578286,31.34547959944942,88.3100273338262,88.25671725645564,-0.053310077370554154
-31.330055524542516,-17.256903086904536,88.65909071670477,88.7186210197188,0.05953030301402862
-8.81004901852679,-12.042609575031179,87.64822005450937,87.6455980061683,-0.0026220483410668294
12.793872106004159,-17.245144022155955,87.24758756235619,87.28850884620758,0.04092128385138949
1.0399192315478274,-18.864368542568414,87.43743828170503,87.4489414420593,0.011503160354266129
-21.88142338227201,-11.539408994367797,87.78741059735435,87.86380795987195,0.07639736251759643
-7.468183434452364,-9.468089647247382,87.72057222603767,87.70952155628663,-0.011050669751043074
-29.715740002468237,-18.172707919376172,88.46936510022479,88.54973303758923,0.08036793736444281
2.3046947400487667,22.772503548303767,87.93154562212824,87.90733650395876,-0.024209118169480348
-7.164963743692105,2.1998490820556,87.80430920569661,87.86641610175135,0.06210689605474329
-24.82399800993654,-8.112846528581848,88.34496110264368,88.17166239452243,-0.17329870812125137
11.509629260124377,-18.568825863770464,87.28778778248416,87.28855035024672,0.0007625677625640037
-3.6669568705557296,8.421927264715073,87.96552864392795,87.95614481588294,-0.00938382804501714
-8.685527581067227,-31.796053342319702,87.32676963640905,87.35338130818673,0.02661167177767254
-12.069028969446805,2.173500781102284,87.86526011635102,87.89010336794051,0.024843251589487636
-12.502690256011618,-4.682299325303511,87.76267625300255,87.7865461379456,0.02386988494305342
-28.597892881790003,-31.082444158397237,88.96632500863336,88.89343297069941,-0.07289203793395416
30.370175851676855,-14.552257328775717,87.11248278283989,87.02958218124674,-0.0829006015931526
-26.1077257301518,0.75099802707836,88.2181479893475,88.34671423158626,0.12856624223876167
-7.599755277561911,15.647758671729108,88.25562496551481,88.17660972324431,-0.07901524227050061
-8.636171228641267,18.795599531359706,88.26266740398916,88.24621290910521,-0.016454494883944903
8.435213987220607,-14.193521643250193,87.50518873612076,87.40166188649037,-0.10352684963038428
15.873609499135924,20.346426136081313,87.57807230646496,87.57385267873882,-0.004219627726143926
29.19297599041615,15.798450500891171,87.24312542334233,87.14194303672764,-0.10118238661469547
-14.370581044395657,18.475522488112787,88.47351130158219,88.45905881921715,-0.014452482365044261
-15.575391714489491,-30.069153264063353,87.69710269387842,87.71372019477664,0.016617500898220783
11.076616454001488,9.724826497587792,87.75085664148075,87.64612941437701,-0.10472722710373716
-15.393726548647123,-3.5233600283068895,87.7616887865276,87.80750785836803,0.04581907184042677
-16.700519169838216,-11.229048621539775,87.80859433012066,87.73778047245995,-0.0708138576607098
-17.105693261486408,-22.821475194258696,87.59776598699898,87.54623816723195,-0.05152781976703125
19.05744506633961,15.06865745349004,87.59801473904058,87.51724568357734,-0.08076905546323587
31.452641468368917,-9.323040006153335,87.20259908962929,87.09117552989294,-0.11142355973635176
-31.053678804871822,9.368985025469982,89.10941736685062,89.0527210749969,-0.05669629185372571
-19.767921009087466,-18.440800591338544,87.50731034745377,87.5468473343448,0.03953698689103646
12.75384130116558,12.826402960987224,87.73299538103217,87.64161163843278,-0.09138374259939042
3.700074025767101,-19.797841385517962,87.41043258739337,87.39280912661589,-0.01762346077748589
29.73391755057377,-19.33101871023655,87.06856045217097,86.96716202079477,-0.10139843137619664
-26.907288869156574,-29.277501252805173,88.74074576577435,88.74140084556912,0.0006550797947681986
20.468935989133023,28.710433243763404,87.31748722521158,87.3124011637401,-0.005086061471473613
-24.73824554975525,0.3803242290968569,88.07787502855648,88.12177277846573,0.04389774990924877
19.976169855242034,-17.144373925646867,87.15560501158583,87.17032018459457,0.014715173008738702
-16.237609994622296,22.484742325709966,88.44599822467299,88.51218248428519,0.06618425961219998
-15.51476770106219,-8.139817342252805,87.80650360862589,87.79911690825138,-0.007386700374510724
3.9248889065680146,-16.235839144766516,87.48645955550998,87.44358660016333,-0.042872955346652475
-0.5150222133860609,19.07790614657378,88.01250810020325,87.93159448796743,-0.08091361223581828
2.982261649831365,-23.55577736052755,87.36588222854037,87.34680849662797,-0.019073731912399694
-7.501814004483897,21.04002655685862,88.23674700205292,88.2226640858925,-0.01408291616041879
20.66682365462922,13.682936582996561,87.5915369105374,87.47520291444911,-0.11633399608828654
-19.38176105615345,24.57528123891609,88.5189776017109,88.60365642682045,0.08467882510954894
23.704949494606446,5.28882169170695,87.45140142291942,87.41226484129588,-0.039136581623537836
9.408732825742526,-24.142247167127728,87.25483140991409,87.21609682333232,-0.03873458658176787
-20.17631006657367,-12.306459092524513,87.78961132240086,87.80480251062346,0.015191188222601681
-26.17184432624017,-30.547116487625132,88.52983340929913,88.55017147442263,0.020338065123496563
-12.494545678987173,-29.00704691143398,87.38601344993506,87.46884117246333,0.08282772252826476
13.704538209169755,-18.696933301867936,87.20512271006075,87.24670722749447,0.04158451743371927
-0.7961329003224122,11.552835260762123,87.97564613064262,87.87296602905037,-0.10268010159224161
15.256006405639404,22.837083161991167,87.59112254374274,87.56923112218712,-0.021891421555622514
-21.96224422221814,-12.022383602423666,87.78997986700739,87.86628134373255,0.0763014767251633
4.095195433342077,-21.500574858255774,87.38592606838603,87.36062034319575,-0.02530572519027885
-21.467278056651615,30.618472460360586,88.6013848969388,88.66232155330765,0.06093665636885248
5.823805671619027,12.962781095001269,87.8209322930235,87.75808718676792,-0.06284510625557971
-5.535014762434599,26.859703552855613,88.1346905379986,88.19584882259791,0.06115828459931549
9.591023399879312,26.894973557600018,87.74451051523889,87.73349311235432,-0.011017402884561989
1.1150149766963438,-13.930180791995035,87.53361276008832,87.52067471043011,-0.012938049658202999
-27.977236467601394,13.642650434203219,88.88093711191476,88.7928909090131,-0.08804620290166554
20.55042411563464,29.029341136448224,87.31055827827706,87.30588850157325,-0.0046697767038068605
20.313577590874893,31.03758150160065,87.26555962168464,87.29253282830733,0.026973206622685097
11.945700547318424,21.551616569915602,87.70230958534623,87.70543797980892,0.0031283944626920857
-3.2576206607048235,1.1291317535767007,87.7615823171584,87.80032665293702,0.0387443357786168
-27.998148763280668,-18.064466179879965,88.36821369208356,88.39742419032702,0.029210498243458005
-10.566189062515619,5.437075171452314,87.90961963370391,88.0236448332943,0.1140251995903867
24.348382055515856,-20.850470813351286,87.18578858227951,87.03737196612741,-0.14841661615210455
7.372121989058357,-1.750357849903338,87.56343389220352,87.6113854403212,0.04795154811768043
30.126613461527505,-29.87262246924174,86.77497798344032,86.79825860001357,0.02328061657324554
1.5561280437720129,2.5114624604769986,87.7658121877147,87.7323606975737,-0.03345149014100457
11.898370768141191,-20.13582776708232,87.22768822175645,87.25807871988033,0.03039049812387873
4.367997587472999,-25.060783324796873,87.33233006488254,87.30203275528373,-0.030297309598807942
-6.3020182352515945,2.7933982800188204,87.81328813843696,87.88771844292677,0.07443030448980892
24.22923691631094,31.01070118048675,87.13612931771537,87.14843855741393,0.012309239698552688
17.749076509921238,31.761728523854714,87.33967850077326,87.37913364101458,0.03945514024131569
11.583356914818104,22.2851149657335,87.69602025447642,87.71073137733987,0.01471112286344578
-29.08327122093361,-6.955048771674896,88.9677808309712,88.98726384745531,0.019483016484116433
22.884316183207588,-31.191515469627667,86.66560769451871,86.79478346533698,0.12917577081826437
0.6865971469993184,14.154886580161637,87.94296658457688,87.85452223213807,-0.08844435243881321
-23.335748239074256,-3.492210271530226,87.86190929000023,87.89784922321064,0.035939933210414665
-20.811914325775817,4.874749182826136,88.12419358734888,88.15374714249957,0.029553555150684474
15.717370653644586,1.1981844253481597,87.58202022037251,87.54196028908294,-0.04005993128957641
-2.825048765585926,-11.348447686287805,87.58218217560307,87.62061375018291,0.03843157457984603
-5.43449837363422,2.268192679499819,87.78822820799886,87.86061148140489,0.07238327340603234
9.147437639562675,23.243630260199723,87.7609661369941,87.79001283144784,0.029046694453739974
21.686758240003783,0.1277764384724449,87.53190453004007,87.42357405873904,-0.10833047130103068
-10.922945237415142,-11.396514459156109,87.70911868335881,87.68278894601144,-0.026329737347367654
9.992450996942246,-26.334995091987103,87.15512271627924,87.13667531568518,-0.018447400594055807
24.69657822869828,-20.70530518850245,87.17853660081992,87.03355413327597,-0.14498246754395439
2.420409920164616,5.022495888952946,87.78123528586602,87.74121958520195,-0.04001570066407112
9.29567642657338,-20.179392327673185,87.34786102669494,87.29885997540465,-0.049001051290289865
14.67798886781349,-26.453464103699574,87.00833756299201,86.99741542213494,-0.010922140857076101
-11.441085011120116,-3.68460938611873,87.75032558409858,87.78210155855881,0.03177597446023128
26.05093436205403,17.192751049222643,87.35805632329567,87.23934781671936,-0.11870850657631138
-3.370721147732226,22.328909680388485,88.13966647435838,88.07321713381079,-0.06644934054759233
-19.73637175725387,12.21881353755883,88.43225919532316,88.44301049059699,0.010751295273834671
0.08872672521714975,21.29684510579431,87.99942118349179,87.93052736295886,-0.06889382053293502
8.637213425703308,-6.383126406877643,87.51751902045518,87.51570677834756,-0.0018122421076185447
-28.647620419480916,-27.95059130741621,88.98329795128393,88.96779275548418,-0.015505195799747185
19.60769595171989,-7.413501978577742,87.40056541298702,87.33536313523084,-0.06520227775618537
-18.056874866074217,16.264165438326337,88.5710511857525,88.57615120241924,0.0051000166667449776
9.560045850076548,30.149100819842232,87.71282008663836,87.69884204344818,-0.013978043190178369
11.881758250668106,7.476261158047919,87.64681007954557,87.62397058303246,-0.022839496513114455
-4.1397662617047715,-5.460657422549524,87.73876812885074,87.72514459036702,-0.01362353848371356
23.985373100242256,-4.094632148152201,87.38483186079834,87.30841160444764,-0.07642025635070127
-10.432302579864903,-19.754818586560276,87.49222763899395,87.49433403490195,0.002106395908000991
3.1791376716885154,12.078172455913034,87.88290873038868,87.79387271237374,-0.08903601801493721
-17.559371797015167,-9.747663903699944,87.82718054221637,87.79489655612197,-0.03228398609439864
0.21866321741900663,-4.326658336359671,87.69718803786395,87.67044200532457,-0.02674603253937846
9.695869397964017,-5.983399951884223,87.47224271597896,87.50914629063374,0.03690357465477234
7.92747983927444,-4.483483134902613,87.54785999990996,87.557362385656,0.009502385746046116
-11.794733524930948,24.90032608285741,88.26465489444809,88.38060690984156,0.115952015393475
-25.17935265227991,11.178525180404876,88.59415570364217,88.57371598927244,-0.020439714369729245
23.836011317062734,-7.203922553113394,87.40894437873864,87.25783461152062,-0.15110976721801705
-18.97031119960105,25.753262324350693,88.51391121068404,88.59105952899468,0.07714831831063407
-18.99027162886466,-16.26469652726533,87.6665168987442,87.68848194766923,0.0219650489250256
5.915936217381557,-26.08149522746001,87.28948357221742,87.262087503292,-0.027396068925426675
-1.0304605880181938,8.96541451310334,87.95722364017587,87.85818493063877,-0.0990387095370977
-20.356397313273312,5.486874747481558,88.14397156123825,88.16820731196617,0.024235750727925165
5.185169862786886,-0.2676034065043851,87.6904661465218,87.66461679729564,-0.025849349226163554
-6.996685443770957,21.404341918958238,88.22019836926775,88.2063026902903,-0.013895678977448256
-6.8417696557471785,-0.22707986517951895,87.75964417892934,87.76896969562809,0.009325516698751812
2.1718816814160604,-2.4850554297913874,87.6978264676235,87.6656914555719,-0.0321350120515973
26.523801564260147,-8.206228964938028,87.34203492955365,87.19398390172648,-0.14805102782716517
20.700652447262883,-8.56489943165893,87.410066892872,87.29460166912436,-0.11546522374763413
11.801502374096202,9.389526710140252,87.74796174688444,87.63515180676107,-0.11280994012336976
21.493688683131722,19.576907003589348,87.44694381636887,87.37639547373014,-0.07054834263873033
26.028401544545467,-20.44929629017026,87.14829369179753,87.01435033617254,-0.13394335562499293
3.7578303812280254,25.762669364601912,87.89914808946341,87.91083763804683,0.011689548583419196
25.673804923449552,18.30393726201722,87.35852249380358,87.24000796371091,-0.11851453009266777
12.944182111010605,27.539062956007918,87.59875418713298,87.60276080405475,0.004006616921770956
-30.612568654789385,-23.922911899650067,88.92486326189042,88.94346816380471,0.018604901914287097
-22.47158015303718,-30.696600124289603,87.6274837720638,87.7429176428306,0.11543387076680744
5.716910231592998,-0.3101184636481875,87.67337109997547,87.65713991958756,-0.016231180387904942
8.043260901510024,6.696664305378306,87.68894556320028,87.66852799805729,-0.02041756514299209
-4.224684009606371,19.284360944709952,88.16918710505598,88.07841176401286,-0.0907753410431269
-25.25493773206511,-0.8799045191036825,88.07833985460269,88.1359216176412,0.057581763038513145
26.057349882361123,-3.277611534346285,87.36753505486854,87.28269860237842,-0.08483645249012284
0.812053151563326,-2.470581862771965,87.70866875857965,87.68731319405123,-0.021355564528420246
-0.5509365249369367,6.202136099897878,87.85306577927354,87.81389248292928,-0.039173296344259256
12.966012099403443,-18.24819017541168,87.22086198922497,87.27050181437824,0.04963982515326393
-29.083961819400272,-10.117080515290795,88.84089592640254,88.80369240892901,-0.03720351747352879
-12.26315062987549,1.485997880864133,87.84739546015047,87.86135160841113,0.013956148260660939
12.553999286966842,-17.064374481377243,87.25356670480818,87.29504346562332,0.04147676081514362
-26.016773130962534,28.23884770541695,88.71430130312456,88.7970140971164,0.0827127939918455
31.045600911493324,-14.809694948648307,87.08644308628695,87.01388869804795,-0.07255438823899851
26.91281926653504,-1.0005696917282307,87.34744744700602,87.30542236339072,-0.04202508361530022
27.589437601424613,-1.140539674731123,87.33764500094011,87.29003392752593,-0.047611073414188354
7.360270315687487,-7.737305623831446,87.5988073892692,87.5097863005913,-0.08902108867789593
-20.812915329486273,-4.888605835896293,87.70481808610619,87.80509632653842,0.10027824043223177
-0.7890662141933475,-17.18768140228689,87.47790283164859,87.49463617226704,0.016733340618444004
17.63537260739148,9.1568092937705,87.66930276145534,87.54927111446302,-0.12003164699231661
-29.12073019466888,19.302635257900498,88.83862034524267,88.93496786653807,0.09634752129539947
4.632169491296388,-6.413124830094411,87.6356178257156,87.57145794228701,-0.06415988342858725
-25.22189567760254,-0.2767597673560971,88.09288410136995,88.17992612304144,0.08704202167149333
23.737617394934112,2.5378513726547354,87.47815178904013,87.39702521549482,-0.08112657354530484
0.4703800612807143,2.6765619051246006,87.76524164371223,87.75193881853544,-0.013302825176793931
16.64345278039562,12.782435622800087,87.69448868992367,87.58756245000002,-0.10692623992365213
17.17878306672766,-20.253607448454375,87.13258999817722,87.13076235968546,-0.0018276384917612631
23.102486264512095,15.14021311775889,87.47286808223363,87.37003197654307,-0.10283610569055668
-31.600296081065565,-15.648464494309607,88.66502813420453,88.73853952439977,0.073511390195236
-18.68746948079476,-13.768599932307517,87.69699054607928,87.72174309872375,0.024752552644471848
-9.403292647368893,-10.800369182659054,87.70908297930197,87.68587750421837,-0.023205475083599936
16.764644579983006,-6.851432360471492,87.36423718437091,87.39957510628075,0.03533792190984286
16.85644958100648,14.612388547106484,87.67737366261068,87.59319605507811,-0.08417760753256687
12.90293058669878,26.314482202669325,87.61820921708438,87.61775157693751,-0.0004576401468767699
-9.711362688656138,14.056851264585276,88.26439597771709,88.24437733718823,-0.020018640528860487
-0.3545286188729193,-26.444516052092872,87.34735263169607,87.35141144738738,0.004058815691308837
-27.737826017147768,8.222954614275139,88.62575266517081,88.74066717590382,0.11491451073301562
-4.314698653253032,29.80495472309753,88.15020054581964,88.15872449400322,0.008523948183579932
-0.5449251461227718,-18.40837617605247,87.44991330625732,87.47486182241617,0.02494851615885807
-30.96496823901836,-27.557960680069804,88.84825626993523,88.82404853617643,-0.024207733758800032
-4.083380965738172,-19.786277632677688,87.45598194628465,87.46991256735627,0.013930621071622795
6.422624609135724,-5.094106231934198,87.66495905812948,87.56595882973421,-0.09900022839526912
-9.378697427289652,-3.6423055400800664,87.7448274555104,87.77178493608359,0.02695748057318781
-4.6765647422970105,-11.248630598684898,87.61538730483122,87.65211311556183,0.03672581073061565
18.103603293251403,-19.4373890837917,87.10243679536876,87.15009409711563,0.047657301746866665
-5.080874432924979,-18.045580426463445,87.47206478806912,87.49435081703668,0.022286028967556604
7.8183176334080144,8.71082723301361,87.75130371430872,87.68559590015921,-0.06570781414950488
-30.953211424751395,-14.635272234160688,88.56891039199098,88.73481168838646,0.16590129639547513
-3.1413586985469095,13.946542455167155,88.06333716667504,87.9867182184922,-0.07661894818284054
-26.80661037798759,-10.293493207021719,88.77110274605779,88.74758877226617,-0.02351397379162279
25.389907786626395,-2.9770934786962044,87.3698788868062,87.30067048949559,-0.0692083973106179
-0.827884963863319,-25.215181704017063,87.36617315641747,87.37240617465255,0.006233018235079157
-24.636934673263077,27.27137863856295,88.6575154803118,88.75689153539885,0.09937605508704905
19.687941885818148,24.548119614843152,87.41960524151898,87.38698316977195,-0.0326220717470278
-13.212732721776781,-11.014204826311072,87.7618095622919,87.7092033959912,-0.05260616630070558
28.143846711183187,27.954827542823693,87.0754125550636,87.03783009013651,-0.03758246492708395
12.081948677499547,16.350358648395172,87.71380929587302,87.68537975461234,-0.028429541260678093
-5.0774403910575785,-26.48666310878575,87.37513843715112,87.37319961021274,-0.0019388269383853185
8.44849452887911,-27.19420578037016,87.17225191076483,87.15696351361288,-0.01528839715194863
25.08711484449718,-7.4852386611919925,87.38462477282387,87.23003133574734,-0.15459343707652806
-14.547636334844519,-2.0806388703245133,87.7682716488496,87.80359834747088,0.03532669862127591
-5.099211268092752,0.25317486363848474,87.75843987094866,87.77176456989707,0.013324698948409264
7.665010329527185,15.569397234367685,87.79067193280326,87.75158859781041,-0.03908333499285277
26.690052229393594,-8.753221524262067,87.33535932221575,87.18268516683835,-0.15267415537739737
-10.681834645599338,-5.892961270953656,87.77126199009233,87.7727435484707,0.001481558378372938
-18.885857477216625,2.7585566947560025,87.98852959756086,88.01100849959278,0.02247890203192071
9.050110156960464,-16.2973587481804,87.47598457555563,87.36192622996734,-0.11405834558829042
-7.35037945384709,-29.9467067628172,87.34280261937751,87.34249076586669,-0.00031185351082285706
6.191164634757001,-2.709205648952725,87.66017759738575,87.60988730282952,-0.050290294556234016
-28.18278197973263,-6.390062619223194,88.73628499642751,88.72649996908049,-0.009785027347021469
-2.860792366025926,-8.271014753355708,87.6767591730738,87.66466336854722,-0.012095804526580878
-17.801891677598448,14.448404944001076,88.48322738815277,88.490264344409,0.007036956256229132
-23.655570014791017,5.10306107573647,88.21518193349155,88.23033058724995,0.01514865375840202
-18.58297698529133,9.36208150774273,88.27587106562397,88.28903604319693,0.01316497757295565
15.766098146994523,-7.427736324702622,87.35731989888839,87.40730862315533,0.04998872426693879
-0.6850927777962781,0.9433325886520976,87.74906567283853,87.77048734377765,0.021421670939119508
19.79981240809815,-25.46729607895795,86.91740439424083,86.9710328590153,0.05362846477446226
7.412814239973478,-20.10659014653462,87.38078706616886,87.32962524260462,-0.051161823564243036
4.150103756104947,-26.118185102848635,87.31539165249504,87.2893398668886,-0.026051785606441058
-30.41102221044725,2.1994056486610063,89.16184203362847,89.00585262215458,-0.15598941147389667
-26.527441271862834,9.70843497889809,88.60950952818888,88.59843659967915,-0.011072928509733515
25.054716979615982,18.517630670754876,87.36442800449896,87.25991328003381,-0.10451472446514742
-9.652727136551555,14.681203507555594,88.2916864862835,88.24786235761529,-0.04382412866820573
-20.443822246211653,4.205074933062598,88.08822086786165,88.1142996722652,0.02607880440355359
-10.81980780140303,14.772476358658295,88.32362835516005,88.29429538376881,-0.029332971391241358
-20.654529839343688,-6.554564567391125,87.72185284324429,87.85184188603968,0.12998904279538692
22.09863812767719,-19.688644119106996,87.1387700207439,87.09432401232347,-0.044446008420436556
-30.921881420440833,9.493390082567124,89.10366505462547,89.03778933911474,-0.06587571551072813
-30.505500636524523,30.03522290516411,88.94061250203895,88.93017403250929,-0.01043846952966021
12.730302544426067,-7.2681503684163715,87.4424930514711,87.44856636585554,0.006073314384437367
19.95707009973723,16.448028847351416,87.54795935795961,87.46856966178115,-0.0793896961784668
-24.7066897282512,2.053588451440902,88.14525921110159,88.17829774868935,0.03303853758775688
-8.684242530545916,-11.112674964715673,87.68522083395635,87.67062116385175,-0.014599670104601614
24.90449721266974,12.843752429132245,87.46915808354494,87.33166271591179,-0.13749536763315007
17.8551642652273,-7.388286393815278,87.32366646612127,87.36942324558827,0.04575677946699841
31.55806556017575,24.879919343803593,87.01226947792712,86.9502181690014,-0.06205130892571731
16.280977004762335,-15.039484022498392,87.22461183072969,87.26811822240693,0.043506391677240686
12.770197615370776,-0.942506575200774,87.5192866616832,87.55678617830063,0.03749951661743012
24.72869448297599,17.295039346034606,87.41659665045091,87.28600005147459,-0.13059659897632514
7.327618804103672,7.123305659409262,87.70387861645062,87.67987352543426,-0.024005091016363167
3.544365071160648,24.241320412410474,87.90047151496734,87.9003136123053,-0.00015790266203907777
26.016328028475364,-18.04835098430827,87.17487251031018,87.05147539411432,-0.12339711619586069
28.02779554159715,29.66731496587075,87.046107135135,87.02314311685089,-0.022964018284113763
18.674435311623583,25.20190214314148,87.4388466417094,87.41716502549816,-0.02168161621123943
-11.525694906684379,-11.34587625745479,87.72088615076072,87.68923389245849,-0.03165225830223051
16.553028853834462,-6.0474382451441855,87.37061393877144,87.41745463437974,0.046840695608295846
30.805022527720276,-28.691650863195186,86.81015666833426,86.80462926198788,-0.005527406346374164
-20.57052558434787,-10.928338645014769,87.77165141415892,87.82569614978807,0.05404473562914802
6.893608910992938,18.561575539674173,87.80176661792211,87.7920919718363,-0.00967464608581281
-21.19589118560949,0.3961597473123035,87.9306908119966,87.95458241158154,0.02389159958494247
-3.7713799993428623,-24.17536643672561,87.39735016076129,87.40224246932833,0.004892308567036707
9.012561274330515,13.858973042144711,87.76791760211054,87.71336318395777,-0.05455441815277595
-14.531320758880206,-15.481400775785303,87.59728698487422,87.60037630241094,0.0030893175367197045
18.457575839451053,27.702649358214643,87.40076182959041,87.39765506213574,-0.003106767454667647
-27.503054238527234,-13.38430680411384,88.50025462444049,88.52496786852731,0.024713244086825625
-31.13814023964899,-21.559673325783095,88.95774174355817,88.94519310154031,-0.012548642017861766
-13.195458848184565,-26.284343612438725,87.4254783981165,87.44737831398196,0.02189991586546114
16.370893850949372,7.6086101708940035,87.71083532187393,87.56530946038643,-0.14552586148749924
22.65375030751725,-13.218394513186027,87.39347981381587,87.18416122131535,-0.20931859250052298
5.854097728155104,16.244282381305652,87.82299452656237,87.7879384842292,-0.03505604233316717
