x,y,source_reference_height_m,native_height_m,difference_m
-10.286861355834859,-6.211632919940179,32.12494663401377,32.12694882640378,0.0020021923900159777
-20.031647597615446,-3.3168529445482733,31.784134137881672,31.797409532244927,0.013275394363255089
8.188229386262442,16.720211234426827,33.9704618958222,34.08176618986977,0.1113042940475708
1.3124926600730618,-0.18094883152345886,32.92312424805475,32.91833249191846,-0.00479175613628513
-13.44968046183304,-17.28140903309731,31.498777175381687,31.517510928806786,0.01873375342509931
6.6497893686412795,-28.99697292137823,31.917526756503822,31.891223370189426,-0.026303386314395993
-16.688210176673714,21.83967915187371,33.7669827710045,33.69871282239602,-0.06826994860848146
-26.239465816590396,29.694025137358878,33.64906575213591,33.67749776893023,0.02843201679431928
-30.84400254020985,23.98483915840481,33.38959785671481,33.40054359165902,0.010945734944215246
7.679517903303925,-18.21381149617492,32.428490939933056,32.41200939349444,-0.016481546438612327
22.778757932154107,-9.897621470090549,33.42338704790188,33.26804195741449,-0.1553450904873941
-2.8425557158610744,13.026850501734195,33.23989521929653,33.24927706740659,0.00938184811005982
-10.5245007851249,22.837691278736692,33.62751217597575,33.57472024659606,-0.052791929379694125
-31.954366232675056,17.35955199274931,33.116443740123174,33.114685792608135,-0.0017579475150384383
-22.81179507247723,14.367273306464305,32.417869564164775,32.39618570276647,-0.021683861398301474
-28.197976036391246,8.103707984489041,31.863006699638238,31.96590863557405,0.10290193593581165
9.897260587953689,-27.642489543654428,32.09383376363823,32.06800062360268,-0.025833140035551594
-10.887431225584557,8.227785262916584,32.66205844756182,32.661837945284894,-0.00022050227692460567
-16.578475864876488,0.7482906369157902,32.10410158359479,32.106386107256796,0.0022845236620057108
25.74436981135174,-14.336408076074676,33.290498171298836,33.154265313611056,-0.13623285768778004
-19.215424649167446,3.5331412526143637,32.08491871512153,32.09786975259257,0.01295103747104065
-9.708911205077158,-0.580965989670176,32.38160451395588,32.3801245399964,-0.0014799739594764105
1.724131930798542,12.132004269627132,33.42429011339376,33.432787407945625,0.008497294551865764
2.019133773831996,13.090580511209552,33.48092471672502,33.48469589928186,0.003771182556839392
-25.312491439720226,15.982609027612277,32.7793102333279,32.73211297368377,-0.04719725964412902
-11.578806174449944,-28.340591455192595,31.136945054493133,31.031848798268783,-0.10509625622434982
-22.347282091662642,-1.2509144094685212,31.758099458080398,31.833594303742732,0.07549484566233389
13.515639117865476,-14.059402713908156,32.86340693685959,32.84236561522827,-0.021041321631322774
-2.34044728459439,-6.151468686731228,32.486696715567604,32.494747286478066,0.008050570910462795
-12.761682412435697,-26.51077508948797,31.15302063738948,31.07466597977379,-0.07835465761569083
11.723406049442602,-13.164159755538975,32.820545824042114,32.80323431248019,-0.017311511561921122
15.146180097583887,25.18785751919077,34.96845585911876,34.95450231815317,-0.013953540965594868
-23.306042792826155,26.121949459770143,33.58426006197932,33.60926776884076,0.025007706861437384
8.425322183185386,-30.40483071828651,31.92252022399482,31.877871047140342,-0.044649176854477446
28.66187073091053,29.15681267778409,35.15025422519291,35.134474950169704,-0.015779275023206196
-9.982283438056008,20.958217062900893,33.3853162641453,33.443177885328154,0.057861621182851763
-31.817171124190438,-29.486279419383372,30.89505271076987,30.96107172779743,0.06601901702756052
-4.6405549067625245,-19.483480736395414,31.812352154112233,31.81201730323378,-0.0003348508784526416
-11.878099607232457,-31.487733954392517,30.59865794600296,30.596975752669525,-0.001682193333433446
22.033835833603824,-30.58695322596224,32.38040926964227,32.318707045675886,-0.06170222396638536
-23.292188578956818,11.728253347019688,32.06173430545896,32.17061180288474,0.10887749742578023
3.7943054198160056,-2.867469413609811,32.91157681050642,32.908875966943256,-0.0027008435631614702
22.57131028213132,-24.657266220508788,32.675408992592025,32.64010116340838,-0.035307829183643946
-5.2678572678834,-17.68896462518645,31.85720341715352,31.85993723389124,0.0027338167377202183
-5.224615823750199,21.040450420353956,33.4758469307873,33.443297237080905,-0.03254969370639316
-4.929971596568514,-24.086828919584867,31.61066131696732,31.610412032690054,-0.0002492842772667814
30.580597566801735,17.61430845944679,34.60782605491832,34.64017178641794,0.032345731499617614
26.060961124602066,-8.566035763502803,33.613477258777905,33.396565750890964,-0.21691150788694102
-7.299915297953838,23.670554583511176,33.514784327279905,33.49885586207681,-0.01592846520309621
-4.374997634615845,29.764486487739006,34.064634734534216,34.0675351287197,0.0029003941854810478
10.115475607431037,16.30736996240728,34.08503490151658,34.18685982218267,0.10182492066608972
-9.83144313417965,27.969769355448307,34.052857511480205,34.139353925396776,0.0864964139165707
16.06211476635908,-24.15269179293299,32.4758367625337,32.45061651612178,-0.02522024641192644
-6.69890489437455,5.816010752969262,32.769461741772325,32.769589702594686,0.0001279608223612172
-16.662949268075437,-22.376093842665178,31.143084079785538,31.148896644034302,0.005812564248763863
-17.46549636413181,31.829358838144657,34.5233822684868,34.5371428181516,0.013760549664802113
4.149454831306208,18.295253845134766,33.8179857124345,33.89305730691695,0.07507159448245204
1.1853791783126724,18.918878413705542,33.696515876951295,33.688738606985055,-0.007777269966240397
-17.622428977800496,22.63098479615349,33.7904082966201,33.776332232113866,-0.014076064506234331
-12.729964195607216,26.19653673820065,34.023643590885996,34.04352530763064,0.01988171674464212
0.21337026215481814,-24.61439493391464,31.824624666429443,31.82267592526602,-0.0019487411634244722
-4.677870408035204,-14.689726583703155,32.00653983851571,32.01820579710893,0.011665958593226833
13.450242295331833,-6.820065527427978,33.16398538842557,33.16741801674817,0.0034326283225993848
-3.0971117465825273,0.4650950803594682,32.737012176831406,32.73690280092443,-0.0001093759069732414
-25.53138127501505,-23.261060656680797,30.943302398174932,30.931377671414467,-0.011924726760465632
31.621521948308278,4.490886091018282,34.038607028110654,34.07374660231865,0.03513957420799585
-12.131859703273726,28.42768056625514,34.21843509519545,34.2958959301228,0.07746083492735067
21.22996422064233,31.144604504705676,35.2392745355145,35.26044642429735,0.021171888782852477
-3.3783279426928488,-1.8183819106657921,32.63674079476564,32.63283591544037,-0.003904879325276056
-28.397460668041525,25.96398048153126,33.634521151140376,33.60068175684989,-0.033839394290488656
-27.745978473441497,20.025292381247098,33.297460208258215,33.316858370977464,0.019398162719248546
-13.194452776543102,-20.328657904818343,31.38577546180924,31.393535230007256,0.0077597681980172695
-18.84197462620409,-16.141864255045782,31.341928580490404,31.31115419444731,-0.030774386043091795
16.804171277796883,2.457488003870182,33.75025789941725,33.77352892145165,0.023271022034400346
-6.767664761009193,-27.476121834471968,31.387933990176496,31.330549493697006,-0.0573844964794894
-29.48754374630652,-9.230645000315945,31.33803719287966,31.37580005726837,0.03776286438871068
2.3518826932284966,4.286078956743246,33.14351006503364,33.14596347527936,0.0024534102457209883
-2.2722379542996762,-11.972386937112297,32.24003961534752,32.24308758664001,0.0030479712924886826
1.3823304740842985,10.854625370656663,33.351573555026974,33.36594350234484,0.014369947317867116
13.31324180384518,6.220059471555544,33.74054851347581,33.79172301237063,0.05117449889482373
11.020773563694057,0.6430654913352996,33.40506844207222,33.39291079488566,-0.012157647186562315
6.6286120650808655,31.325956028842647,34.663954066561814,34.74393103327783,0.07997696671601773
11.484533918826806,-28.59654643791012,32.11002070286305,32.071656535214,-0.038364167649056924
21.199006271677547,25.706439629132,34.99941445651423,35.05642367188422,0.05700921536998749
-30.23583151943358,27.815873136335043,33.805784998878195,33.78403943748387,-0.02174556139432582
-2.6938403597829605,21.109802556365636,33.6028331118153,33.55250458306538,-0.05032852874992244
27.850092214421807,21.8742519210902,34.75026431877684,34.814765495525776,0.06450117674893363
14.774596880221871,-0.4671836057566807,33.51572351415949,33.5161696783535,0.00044616419400966834
30.266631761770583,-13.488669426907684,33.42771119988018,33.291130285058436,-0.13658091482174228
-4.009993329662201,8.147476794262559,32.98712464862355,32.99518018010183,0.008055531478284195
-16.6641040053431,8.780265274857229,32.407291726425214,32.395927425417995,-0.011364301007219524
-17.823553575951756,18.783255514517734,33.39116922907724,33.30978489581859,-0.08138433325865435
-18.05260754518836,27.6571508523164,33.91998537314739,34.04015774478259,0.12017237163519923
-15.448451380524872,-11.980793949354627,31.67059459824262,31.649355888983916,-0.021238709258703636
-4.726376477942409,21.228439573496296,33.508459152914185,33.470136157215386,-0.038322995698798934
17.57822741430988,21.357742822408667,34.91937956829153,34.89124685561552,-0.028132712676011806
-31.21134701930962,-9.497809931728497,31.49855874875976,31.36448980878451,-0.1340689399752506
8.242628576560577,-17.790069734328178,32.471717043204265,32.45393073554783,-0.017786307656436406
-12.227745377146206,27.62418077477718,34.13638307287518,34.21110328739782,0.07472021452264244
8.971395441183475,-2.9506069009826987,33.13620955790581,33.140008867080304,0.003799309174496557
-31.446139798467833,12.93752968852479,32.97930283302864,32.913919957668206,-0.06538287536043441
-13.94427632802983,-2.276470389703107,32.11416981744557,32.109959710349095,-0.004210107096476179
1.8401679677497,1.0163628679159444,32.99394928141927,32.991342704291014,-0.002606577128254628
13.815499305140534,-15.342572716582104,32.81448307762201,32.799327069542855,-0.015156008079152627
10.785981736558888,12.141813431380648,33.86875385865648,33.98291895192876,0.11416509327227686
25.74979610100393,-10.235329748906317,33.51478448334942,33.321503185572766,-0.19328129777665737
-23.757577541301444,-1.9282848210194032,31.686817245233026,31.752440682754088,0.06562343752106159
12.963541342216153,19.544311597683183,34.593127289770415,34.536922289880096,-0.05620499989031913
19.386712157858298,1.3173254065407818,33.80788239338786,33.819819866769585,0.011937473381728125
27.767193059052914,-25.86691473725414,32.784403703994045,32.73017624939403,-0.05422745460001721
25.813845987992828,-4.568073118752871,33.80079040628024,33.60364527335673,-0.19714513292350944
8.132607805507384,11.094246364838021,33.6926440394598,33.746404188368736,0.053760148908935435
-19.221221068197885,-24.206077973055308,30.98159615134337,30.942763255207506,-0.03883289613586527
30.403404343650656,-22.998025812208887,32.98066447217952,32.90672753526836,-0.07393693691115999
29.45287382983021,-23.40525642195786,32.93872263103965,32.86862662570224,-0.07009600533741178
6.097342259842641,-22.651309249787047,32.16278446589448,32.15789291608495,-0.004891549809535434
-8.679935676659667,15.581244641616514,33.06625862857709,33.067050202799855,0.0007915742227666556
-23.808554901187136,-30.123382491931082,30.697146437470828,30.73608847663623,0.038942039165402065
6.2211732330982485,-2.257948201708082,33.04925494596722,33.04669021403672,-0.0025647319304979987
-15.21509694367736,-23.568664283086143,31.16079044261954,31.16072531335727,-0.00006512926227131288
25.58708828617948,22.26516298573435,34.86457271026791,34.833148222253726,-0.031424488014181406
11.706902817377951,-14.447528478077324,32.767168564459695,32.74636594591831,-0.020802618541381435
-0.260025602515249,-4.776383913667189,32.638516286199696,32.64657582566623,0.008059539466536592
8.131611020074466,1.1514700688491786,33.29909213776494,33.282246553427754,-0.016845584337183084
22.39793015904256,14.748402193458972,34.58146541887329,34.59051227268563,0.009046853812336053
-4.42808727263332,28.593337675622614,33.88436269813262,33.88536125105219,0.0009985529195688514
21.630141158778613,12.648595963327637,34.555922595079245,34.52885733019301,-0.0270652648862324
12.505994459470692,-5.009229941269297,33.21681246542532,33.20685261314206,-0.009959852283259352
-20.770575208193925,6.937658793334634,32.15196144188856,32.10468535669546,-0.04727608519309712
-21.611555121290102,-13.335605101494515,31.33551085785649,31.298039804783144,-0.03747105307334664
16.940311451933695,-2.9062382026333395,33.49982877818241,33.50232150555293,0.002492727370515979
20.776248174156237,-22.80401716238041,32.70249031637447,32.6756126156892,-0.02687770068527584
28.029400890198296,5.731509001877967,34.13075124109646,34.144208122686884,0.013456881590421688
-7.822337283514344,9.334692406122798,32.850520500117796,32.85418871085246,0.0036682107346663884
-7.8949892977671965,13.088801066893573,32.994141997738865,33.00383878112089,0.009696783382025842
17.35543827941212,22.489269850438234,34.95454195065167,34.94195957404531,-0.012582376606353307
5.8638713860202145,10.688190262569485,33.563610131995794,33.57364604328947,0.010035911293677202
4.904612472515417,31.94667652189944,34.508026016751245,34.69489946516217,0.18687344841092823
-13.836032135361044,6.863726445639443,32.468691966116964,32.46886700208221,0.00017503596524903742
-24.954102609349448,21.793821762736442,33.4528764583462,33.52708539844472,0.07420894009851509
29.27829377938356,3.2444569174878595,34.02560508864184,34.033412978922094,0.007807890280254526
-11.296962623642457,8.67875825871377,32.6595386851502,32.65953253811687,-0.000006147033332126739
-18.02175273422843,-6.47825706688112,31.758793284507746,31.75210687458013,-0.006686409927617376
-30.493565337485492,6.348174241349341,31.76485245262368,31.950646059526434,0.18579360690275593
-18.289374113474565,-27.771753110958564,30.825992279127213,30.82141966358322,-0.004572615543992242
14.102849856450327,-20.85085183017278,32.53929158234054,32.55486771813579,0.015576135795249968
28.66848727640992,-27.320434083664615,32.7410473467595,32.69133932533322,-0.04970802142628372
-22.521169935155108,-29.743990723779554,30.729151901124737,30.757646069004576,0.028494167879838272
-31.853656481636484,-2.600016457303745,31.510638197198833,31.52952369308436,0.018885495885527348
17.429867758229776,14.293172832685663,34.51851355375076,34.50975011631734,-0.008763437433415788
-2.853404216300035,2.5965692969118095,32.830215553846344,32.83006872427855,-0.000146829567796658
-2.307216343728278,-11.650440269503044,32.25799180196167,32.25563151806371,-0.002360283897964166
13.087560764855837,17.883169600925008,34.485908156450144,34.460934746049276,-0.02497341040086809
16.79455348087913,2.097629194570068,33.73184206276585,33.75185157746298,0.020009514697129305
15.223310085400072,17.938411853731374,34.65903527339762,34.60335599692818,-0.05567927646944071
3.509162970162947,-26.834582551671083,31.854162393124554,31.86329165754346,0.009129264418906047
30.62267370861956,9.461104463984263,34.269977714677566,34.28592524528972,0.01594753061215215
30.82071967644098,-25.604709694353446,32.87804507659147,32.80994976147461,-0.06809531511685663
6.880902074327757,7.896903759762175,33.49747251826902,33.49657775146806,-0.000894766800961122
30.489358824153115,-15.152406443824844,33.357469953439384,33.228373969965546,-0.12909598347383877
7.292677294642665,-31.77688594851078,31.824694855585214,31.770151204204847,-0.05454365138036721
16.86499938425473,-7.891196623522731,33.27125008112229,33.2725037263259,0.0012536452036115975
15.387853064802755,24.175001081159976,34.91691302768658,34.921771967465325,0.0048589397787424105
18.476500944040225,4.024224695687813,33.90193318475379,33.93964681262683,0.03771362787304611
-5.814397254354915,-24.796281670431142,31.540890332468294,31.539387813956328,-0.0015025185119661444
-31.383681295277448,-23.186740353201458,31.05810119539911,31.038900262608948,-0.019200932790162994
5.498055818395713,-6.007104072581647,32.85715652030048,32.844385510390715,-0.012771009909762654
-22.962839076005388,28.943408565154733,33.7615214096912,33.746652451484955,-0.014868958206243121
17.323276950391566,5.341492417718328,33.89849373371921,33.96676051443189,0.06826678071268333
17.71454764013655,-10.794428433713165,33.185588285387595,33.17796825420917,-0.007620031178426245
23.4479912049497,18.93914388117406,34.675284877534594,34.728210746090916,0.05292586855632209
19.311776517113053,26.24648218079252,35.07043703459149,35.11260013822717,0.04216310363567999
28.460153612260356,-15.170240126408956,33.345251781865535,33.18173459382036,-0.16351718804517645
22.61518872182109,-17.032068888442055,33.0404690711733,32.9736190069312,-0.06685006424209661
13.677545031839962,-27.598345843952764,32.23252000333282,32.195310338112634,-0.03720966522018898
30.10165737260983,5.596009192902962,34.120489162285565,34.12188753087284,0.00139836858727449
-9.05717276297981,-15.656170264799009,31.766603989042768,31.78296087604625,0.016356887003482257
25.634015207616656,-20.186569905981877,32.98897460350109,32.91337982720211,-0.07559477629898481
18.84734434383771,-18.3321886420442,32.84071828508978,32.8353893344282,-0.005328950661578347
-31.955826044469582,-12.880625213324755,31.477671272148594,31.280574116902635,-0.1970971552459595
-19.639429155740288,-2.235597135576171,31.84427018293202,31.867580459048142,0.023310276116120576
-24.263090330356995,31.21660242135526,33.81052299204963,33.78627495978467,-0.024248032264956976
16.103568035165146,2.1783850096049875,33.70547731795688,33.728202485154625,0.02272516719774842
8.099125633154948,-3.954700546194225,33.050773344425934,33.0548061195367,0.004032775110765385
13.369921780001043,-17.833114400789626,32.6761293668256,32.67506899663859,-0.0010603701870053328
-2.163655749521716,-16.10140527358506,32.06431419271013,32.06716405952136,0.0028498668112320047
28.945990844090886,29.777801236570284,35.18738981526721,35.16256951202302,-0.02482030324419071
-21.744173462024555,13.46199257741786,32.20845133420612,32.22442197578117,0.015970641575052014
-15.123672255635661,-1.7332493348973514,32.079200498132415,32.075406348314075,-0.0037941498183400313
19.11549018334867,-29.332746276733168,32.3432693307061,32.28638852684938,-0.05688080385672123
5.230226861172703,-18.40822943431992,32.30785238555454,32.297059157869654,-0.010793227684885665
-1.7639578002208225,26.06733752811852,33.45196816478744,33.654151025659516,0.20218286087207815
8.995122213743187,20.445222076372076,34.3611222084756,34.323095482339795,-0.03802672613580427
21.052154823077437,-5.474353807959403,33.56194908250253,33.566553861066254,0.00460477856372421
-4.422246007922169,17.4223009669074,33.35589151553894,33.355792585401105,-0.0000989301378382379
4.19107813420537,-18.13203488379571,32.27218569465657,32.26295080011295,-0.00923489454362425
19.69119845239817,31.5177739897063,35.22379707787904,35.303723475767136,0.07992639788809441
-4.809615689032839,-18.01205470150537,31.865073412294556,31.865791381322687,0.0007179690281304829
25.832929909757205,-11.12389196030098,33.469628753505916,33.28717608884649,-0.18245266465942223
-7.476675078575553,-23.415664079590016,31.52150704947092,31.521359553709516,-0.00014749576140360432
-30.628759716268718,4.932849033577611,31.684967853372733,31.87321933187851,0.1882514785057765
15.978172155004842,16.715531266973578,34.61437975180341,34.590796775023975,-0.023582976779437104
24.12625452062833,-12.06405062897533,33.360834525446265,33.21025037380955,-0.15058415163671413
-7.826146497928207,15.418896623435344,33.100951011233576,33.102313405889355,0.001362394655778587
28.97033642247351,29.141025899782058,35.155602291482225,35.13498402321824,-0.020618268263987716
-27.79462145125118,31.686764586518166,33.653241771859484,33.72512045578977,0.07187868393028651
19.228949713664456,-2.841695221007555,33.60512769632448,33.60595426079671,0.0008265644722271759
28.181897054806974,27.10041244059955,35.01463720026412,35.04322590436469,0.028588704100570794
-28.144798084113695,-22.43679590489264,31.020197598547632,31.0109898464072,-0.009207752140433456
-17.080891760220396,14.50581166530938,32.60785523513753,32.54534884320714,-0.0625063919303912
-24.416477976539234,-23.497970710617437,30.920914542220245,30.895342933857695,-0.02557160836255079
10.099861904895135,17.50435800313454,34.21092643905777,34.2464365959412,0.035510156883425736
-0.5925365467602504,-25.60716839486107,31.746849258968066,31.743746178472517,-0.003103080495549193
18.45798223972963,-31.260879075469703,32.233699602370905,32.16591335538962,-0.0677862469812851
30.5148630557169,-15.155094601098028,33.356656245937124,33.228841487226155,-0.1278147587109686
13.197272067355556,-11.863719942893184,32.94066101804361,32.92676844515105,-0.013892572892565624
25.651181568846873,10.305470075275707,34.328132595585956,34.34863364186194,0.020501046275981594
-31.566603870416493,14.668172640289768,33.037778073898075,32.98866092855334,-0.04911714534473788
29.332052139752506,10.738740838121217,34.35498829040042,34.33646134284863,-0.018526947551791295
15.27023694481187,18.289866453837398,34.68564599348959,34.624216229492596,-0.061429763996990516
-8.102428288091424,19.64942939271159,33.27355509664536,33.273505684068915,-0.00004941257644475172
11.163086696046506,24.176742922272062,34.521098220307465,34.603399005144254,0.08230078483678938
-10.641406943815554,24.5360647676955,33.77115910193885,33.71665419529786,-0.05450490664098595
-14.393694331888803,22.668152792699857,33.73049353083658,33.733967550372604,0.0034740195360214443
-0.36445643308417885,-7.475712567622573,32.53222109658802,32.523878713583734,-0.00834238300428325
-9.780388554891388,-0.777592789938069,32.370773544564564,32.36883413535704,-0.0019394092075231129
-23.108558827622588,6.539179106997274,31.9754592129675,31.955087464113646,-0.0203717488538544
-14.592592052696865,-8.105047222268531,31.84642841652944,31.845495275141595,-0.0009331413878470585
26.072622198679248,-9.75265491556938,33.5518979098819,33.348475975632965,-0.2034219342489365
-19.051347426641975,-7.928466728239762,31.65249605879948,31.64748303985851,-0.005013018940967839
-30.891560769118215,-0.07516467532472149,31.53244462062438,31.623393561183036,0.09094894055865765
9.583282876118986,4.101323898880416,33.481848662517365,33.46666341469016,-0.015185247827204762
-14.974708488472025,-28.17453937362913,30.948851441612213,30.827608456232685,-0.12124298537952782
-6.289147503563235,-12.0544737018187,32.07749333306454,32.06250121366968,-0.014992119394861447
1.1812589268209166,19.67158960509883,33.72943262260523,33.71147982326528,-0.017952799339951753
-13.661275567755595,24.166368793303995,33.856789408800985,33.815943676055646,-0.04084573274533909
-6.076400002168164,-28.89803536746841,31.36157198192226,31.35856922300078,-0.003002758921478943
-0.7134872334193929,21.015496562388726,33.69584052999561,33.6334101536591,-0.06243037633650772
-25.75537872591319,-5.060261107479306,31.480932331970305,31.521662421648657,0.04073008967835179
15.010210810636785,-17.47226361785126,32.75433325791262,32.75787481434108,0.003541556428459103
-8.151486417520239,-23.400718457221892,31.49160213113265,31.49105566155841,-0.0005464695742425363
-18.851090569624567,-18.901636554409862,31.186530566568983,31.195813759371838,0.0092831928028545
-3.031347936865423,6.08662225306184,32.95490141503451,32.96098603118192,0.006084616147404631
-29.581258451641432,-16.470705085566983,31.12189560075694,31.17617594940856,0.0542803486516199
9.982526503682955,30.422584842909473,34.911305337745056,34.86798871211144,-0.04331662563361505
29.34793451921005,22.276940057815033,34.780969041008355,34.83807398440009,0.05710494339173522
-8.38931788502655,-19.738828590881553,31.630086296291065,31.631435161970646,0.001348865679581479
-12.848011837596573,21.55769282562354,33.524276712452604,33.582225383430696,0.05794867097809231
26.293991820032524,-4.936063488345205,33.79135569284671,33.573432777045554,-0.21792291580115375
17.409204184935632,-21.249126321073945,32.65927222159329,32.643847203230266,-0.015425018363025345
-11.793515991547395,-12.757214646084272,31.811856276730047,31.789220060856255,-0.022636215873792054
27.511508985365417,1.0909155496361294,33.945540155978016,33.96061697814324,0.0150768221652271
-30.37788865000875,21.300834960400024,33.18665841408338,33.256961464261146,0.07030305017776328
28.050214168192618,30.72349921055303,35.21528779493834,35.20020668621048,-0.015081108727862613
14.988745658049773,18.022735425201333,34.64661576204731,34.592290228295816,-0.05432553375149496
-20.666966237229722,-25.05308124848728,30.83790511977019,30.892354287311303,0.05444916754111162
-31.84400573846319,28.03219555533733,33.833147359539474,33.83194009507542,-0.0012072644640568342
-24.017537925172228,-30.619158527063618,30.691110412234707,30.722810133859483,0.031699721624775634
30.40519788853222,-2.3736369729419025,33.85178337725969,33.74719262573834,-0.10459075152135
-23.745415262983556,-20.457570548231963,30.9663848057805,30.956210292860327,-0.010174512920173129
25.39057216951756,-4.616381660111102,33.781757495764346,33.60363031242473,-0.17812718333961897
1.7669870054706323,17.049401731300556,33.64275645314824,33.67532457355843,0.03256812041018975
-7.124661101438058,30.45678199116759,34.307423745836864,34.30775037042942,0.00032662459255305976
-25.938029617504284,-2.86413541918197,31.572149259391384,31.632909959555818,0.060760700164433246
-22.473418041664935,-16.692215142728124,31.122116538162928,31.10304222455903,-0.01907431360389822
17.959594096947967,-30.6425678489568,32.245399913319915,32.181086067694515,-0.06431384562539932
9.337817211653942,-10.47132176600541,32.82121579291421,32.816825562171395,-0.004390230742814083
-2.6410097109565953,6.271481535852544,32.98072154125219,32.98780999420891,0.007088452956722335
-12.464495175677833,7.457751108329582,32.55709806821639,32.55707933525499,-0.000018732961400758086
-7.486551080046176,1.6163544565202486,32.57136696431114,32.571342743889694,-0.000024220421444454132
-12.071516899787312,-25.45535472321197,31.228040546031316,31.20416262764659,-0.02387791838472708
29.192949393333755,-11.434589291802986,33.51662521066303,33.350539054700725,-0.16608615596230436
-13.298237068903262,21.852314895859244,33.6064193002061,33.62361361990918,0.01719431970307994
-3.4086770694661084,-9.03111122120498,32.335683534303996,32.32169405069893,-0.0139894836050658
-26.29300999393007,16.02867896940024,32.86809280811978,32.788028623682855,-0.08006418443692809
-21.9874695528811,-29.30412261301211,30.73407988107242,30.77110052310744,0.037020642035017204
26.856820668018848,2.384295037420685,34.0048619765245,34.018277771867965,0.013415795343462378
5.150319503845182,29.84469089399434,34.41408599864426,34.51211329581131,0.09802729716705016
21.424890829910396,-15.94049735732451,33.05226759987935,32.99116791776717,-0.061099682112178755
16.717705109510284,-3.156132187496837,33.479477382307095,33.48117226854907,0.0016948862419710053
9.12974913368884,15.12473403090518,33.92315287059845,34.05417727910002,0.13102440850156682
2.575022319811197,7.922026783692317,33.29303130706738,33.30220808913107,0.009176782063690325
22.754762839453242,-16.91970913298956,33.05065503528753,32.98135555689078,-0.06929947839674355
19.201828226345853,-17.72149260894868,32.885793505493425,32.8682951554197,-0.01749835007372269
21.036015507249573,4.709420811089238,34.04837267806417,34.09273484897394,0.04436217090977124
-17.652988658610518,-18.393824393294842,31.262002933504377,31.27805463803997,0.016051704535591682
10.423740776947213,24.800521179184685,34.49727017986904,34.572310047640194,0.07503986777115301
-26.74276285127292,-7.822059299576843,31.30895406901524,31.41758992017228,0.10863585115703955
5.039092595073974,-1.6194610636233122,33.02874615748187,33.0220645644231,-0.0066815930587722505
30.0982124888044,-11.307300050738185,33.50970687902666,33.376208398159626,-0.13349848086703275
16.5986684814025,-11.332498231761228,33.11531580563124,33.10442102477606,-0.010894780855181807
-14.327908577812629,-1.2906216525005831,32.134021259739114,32.13113683545615,-0.002884424282967757
-4.364727600809097,-26.0076198230702,31.55791035992838,31.553713264395917,-0.004197095532461503
-21.707438357797052,2.5683604759226384,31.938738662644116,31.958923049527208,0.02018438688309132
15.240216779980464,-22.10625519735207,32.54049779011555,32.52821131420385,-0.012286475911700734
18.07026036698968,29.016633854550626,35.21437580406669,35.24041590180467,0.026040097737975998
17.313227866027944,-30.611054934121903,32.22471807861039,32.161318216776415,-0.06339986183397173
19.597716985547116,2.273852366946585,33.86471825166599,33.88559895278686,0.020880701120866263
5.897861912979501,-17.100915452958617,32.392164907532575,32.37966292318361,-0.012501984348965323
-5.965384368476478,13.698135658522688,33.11641286648681,33.12337849098508,0.006965624498270984
-8.837461453974768,-14.638000383442517,31.824481254463592,31.837186837908625,0.012705583445033142
29.47688979454923,-16.101269477184466,33.322390183574484,33.166800629930734,-0.15558955364375038
5.571123342966146,22.76895056656396,34.1582385272059,34.13722253307709,-0.021015994128809723
14.040976385641017,-6.758271327419017,33.192361305783315,33.19703035005887,0.004669044275551926
-29.013680333873367,-27.387243235932786,30.9077986754545,30.924581632452444,0.016782956997943188
-6.386946441524657,5.392695484245962,32.76834901939527,32.7682939096896,-0.00005510970566291462
-21.19675793094556,10.28774730798446,32.18363337488523,32.18436973105803,0.0007363561727942169
17.199502300450533,30.133978064497178,35.2986270988594,35.299000380968145,0.00037328210874676415
1.1201609485119945,-17.97620398070371,32.137503281908245,32.135159693726855,-0.0023435881813895776
0.02339622408666031,8.502888027051576,33.19323220186288,33.209771416255066,0.016539214392189194
-11.492172836622778,26.531775324757525,33.97032646791523,34.02758275881933,0.05725629090409967
-9.746477664993918,-23.757864114316675,31.40358953695677,31.403386796299774,-0.00020274065699510402
10.40232508615695,13.8371138072892,33.92522030687102,34.059873289783724,0.134652982912705
18.461837309426727,-18.557174770430912,32.8150770127813,32.816502298364526,0.0014252855832239675
1.6812097864461748,26.07101783695233,33.77090131004961,33.91369466799196,0.14279335794235237
-8.879801944442562,27.68175403840644,33.96042512304675,34.05355657768212,0.09313145463537609
-0.27097084273950145,28.917555881243146,33.89425887161076,33.89903904959531,0.004780177984549994
-16.09263943611849,13.102572436075086,32.59945920629003,32.59675106872653,-0.0027081375634949723
-29.39106459550142,8.568124734472903,32.03588109245445,32.015185141268766,-0.020695951185686567
30.985487636006354,28.159832187584335,35.138322167240034,35.10014146999358,-0.03818069724645312
0.08192297192680797,-18.895591929705525,32.05286983230902,32.05222168970934,-0.000648142599679602
-29.761229850729727,1.958968123524805,31.53463593046185,31.725069267743113,0.190433337281263
-17.402961613757384,-27.622240300151745,30.809140668177925,30.795864359019916,-0.013276309158008814
-28.829750389129025,20.67666729674103,33.21632140723894,33.279285394717434,0.06296398747849707
-16.65803801909918,-7.976645483618547,31.756183300778318,31.753700547324488,-0.0024827534538296447
-11.213342132020735,8.009769420428896,32.638129573513396,32.637936593527414,-0.00019297998598233335
-9.373228210750746,27.547911689513832,33.96413576997905,34.059884243067806,0.09574847308875434
9.004331517508085,14.96345549994983,33.90565575532892,34.036271150860316,0.13061539553139312
14.17111932147894,19.680083288007154,34.67421035357563,34.62274114209705,-0.05146921147858308
19.260089293359897,20.43393402789897,34.92986977740591,34.894885071225865,-0.034984706180047453
-15.51663538486956,9.122481322624374,32.47491804036219,32.47501557096286,0.00009753060066941543
4.012913850788159,4.009709170806829,33.21198737237565,33.21022615328131,-0.0017612190943410155
-27.082408245362096,-19.970536129379504,31.01056862320788,31.039803147906834,0.02923452469895338
-0.9811222834888795,9.101651579680407,33.16875316443018,33.18402310939755,0.015269944967371885
19.86243371125036,16.82764143681421,34.78766838167373,34.747753768546374,-0.03991461312735822
30.528007364003066,17.385955764079753,34.585816082641124,34.63004179315535,0.04422571051422608
23.768528165803133,-17.100644897815656,33.08359892986002,32.996919985015055,-0.0866789448449623
-9.4846042797518,27.626031826261745,33.98189146871779,34.07591012490151,0.09401865618372085
17.84192752460362,10.134463692463676,34.15190893839915,34.275724170712,0.1238152323128503
-21.588807705502084,-10.106120109138942,31.44961214615354,31.445579314935248,-0.004032831218292898
23.124412692858733,-10.86549385860058,33.38910181861731,33.236422827975346,-0.15267899064196655
-14.095171313481934,-7.509883688639562,31.89523249489894,31.893090854505115,-0.0021416403938268047
-17.30697110779056,-19.84054993434421,31.217417273441672,31.232108411259006,0.014691137817333555
13.900110287926871,-16.416954286107682,32.76567439948544,32.757218061759154,-0.008456337726286733
-5.388980669589557,-21.968210363139313,31.676410474435258,31.676166724481106,-0.00024374995415143985
-4.137993596533924,-23.499631027317207,31.67116725896679,31.6708807501172,-0.00028650884959091627
-4.255145429628641,-26.47292481053438,31.543873846942084,31.538725383152162,-0.005148463789922175
-8.382828065302647,17.981493562847007,33.18642845820857,33.186150901506714,-0.0002775567018531433
2.4717472222021115,-29.866825035397746,31.699296843126813,31.708477744393473,0.009180901266660157
-20.511089687568962,-26.698470498552723,30.786735385201837,30.84764126084553,0.06090587564369443
18.099943834165423,27.867386441031144,35.183812005913104,35.19661148199466,0.012799476081553962
16.760086430939253,7.927108482321586,33.97605548216631,34.10013625580183,0.12408077363551939
28.25647298665497,-26.05577576700344,32.78902699478364,32.73355075655089,-0.05547623823274961
-18.12249815077297,-13.833956222535974,31.481054885645133,31.4528667436466,-0.028188141998533922
-6.759012985286589,-11.129270378837454,32.10371073752137,32.08227541126167,-0.021435326259698684
-18.18409194580861,-30.54994832467314,30.763176783778025,30.7429594156593,-0.02021736811872543
4.533435420200384,29.362754618553026,34.31420150620781,34.403572566989055,0.08937106078124657
16.61993434060976,1.2297449246164547,33.68153532501714,33.69290892059699,0.011373595579854623
17.70322139305538,22.64206189549011,34.96886312518928,34.96618926870007,-0.002673856489209925
27.979041440454097,0.5462673741615447,33.920808892315584,33.93477704609441,0.01396815377882632
-26.196023505129254,-9.743742188864886,31.255441653788104,31.372646919698656,0.11720526591055247
-22.43184833437701,11.770006247492702,32.05003623455565,32.217418178950204,0.16738194439455611
-8.237938557056594,-5.795064386598057,32.23577769381626,32.24147366691246,0.005695973096202067
23.369522524744923,-23.464788432840813,32.758883085413,32.72756336943445,-0.031319715978547435
-31.065207416710834,26.042551104525636,33.773585018872566,33.63097941144818,-0.142605607424386
-9.18496113137602,17.5462577999101,33.12797263332153,33.12759146991289,-0.00038116340863325604
26.42809253212951,-7.136726770759722,33.69350254245951,33.46311544464907,-0.23038709781044275
-14.080762452367097,-7.251854543850094,31.907304502639484,31.904116170236478,-0.0031883324030062
-24.494055870236167,22.375623903744604,33.462980815114356,33.54089173857531,0.07791092346095496
27.074597806666922,22.17217970719914,34.8070619826678,34.82471100314815,0.01764902048035566
-9.779909279174504,9.186293021484914,32.751644387539514,32.75212588594596,0.00048149840644384767
0.8348349201890315,-31.252461921103944,31.56441927269358,31.5833816358727,0.0189623631791207
-7.872762605148331,15.54167120794515,33.10406875629161,33.10503704085917,0.000968284567562705
-29.619432598336743,-29.811564475257434,30.83655855319517,30.888663008938067,0.052104455742895794
-26.538932361170936,-13.063086032181168,31.200448327489642,31.247774037024804,0.04732570953516202
-22.420189742167437,-11.345555535507643,31.367156487077608,31.34809296295805,-0.01906352411955936
-23.248400426581597,-18.273301513262297,31.01812082690477,31.012289216318976,-0.005831610585794067
28.225076574605275,19.631666437057753,34.66466553826164,34.71873617216245,0.0540706339008139
3.5695256950789656,-11.101733903397474,32.53102674241349,32.53724279553012,0.006216053116631315
23.808788972503585,4.539781765345673,34.16866001650494,34.13452732827653,-0.03413268822840365
-1.7754250905279605,30.558452090293926,34.151592649323455,34.1658220236958,0.014229374372348502
31.386621862545688,-1.7747732495689377,33.83343435490797,33.79380139852808,-0.03963295637989006
16.889406819044268,10.176388700273755,34.09061161209139,34.24062296424997,0.15001135215858596
17.69787980556579,-17.274789509786935,32.857450990799066,32.852469644954596,-0.004981345844470297
15.763207069836149,-28.393112512313515,32.27084573472908,32.22360869445403,-0.047237040275049935
14.352489057196124,10.678536123131934,33.97912840316776,34.128008365025195,0.1488799618574319
-5.14782024514507,-8.098889074303493,32.28750732586232,32.285847773447514,-0.0016595524148073082
23.991052413358183,25.56615464912815,35.01409610076976,34.97990210390115,-0.03419399686860913
-21.00256521695932,0.6914757684444481,31.890860020087686,31.953516275438975,0.06265625535128905
4.855343452807176,-21.82020855427988,32.15171808302308,32.14069004684187,-0.011028036181208734
-5.101085900089892,-11.516665146309485,32.15439351088686,32.13837930237625,-0.01601420851061164
-28.996946142112776,29.019679487541495,33.72938371569549,33.72009729491213,-0.009286420783361393
-14.272274632687385,-14.191798264488774,31.637433180160603,31.616939968318096,-0.020493211842506298
-28.45767565054375,-15.586913860345959,31.181349797811272,31.17775366829242,-0.003596129518850688
-5.879910569291091,-10.961194961002931,32.150614492855986,32.12836416099674,-0.022250331859247297
-30.17369285017736,11.724256844099997,32.71570253791819,32.671387890462775,-0.04431464745541547
-22.116621258775332,-7.097753301033599,31.5396872909263,31.542251435246428,0.0025641443201287473
-24.988721975053103,-24.915665544365346,30.88767758409645,30.87891569227617,-0.00876189182028142
28.58460322295163,-4.290292439044428,33.79225288856594,33.62789805124291,-0.1643548373230317
-19.890085311286448,5.102301973342271,32.112254881077945,32.12845807877547,0.016203197697528537
3.8414494677684488,-16.052295395261396,32.340764007750614,32.33268574934183,-0.008078258408787065
-6.242316496650361,28.393986445491144,33.94133503940889,33.94350394947009,0.0021689100612007906
7.03137869950428,29.520282127575825,34.56172122749246,34.598868836905595,0.03714760941313244
16.50763637525936,8.86413217465249,34.00489612481174,34.14656159208464,0.14166546727290097
-14.968088009766653,-26.107738146853798,31.094245806402498,30.98456448135547,-0.10968132504702766
18.492799926120014,27.21752872032362,35.13793168465592,35.16469631950589,0.026764634849975266
-21.69555109625753,-14.432089202406395,31.29318635668366,31.243454801930472,-0.04973155475318691
-22.158223947789686,7.105623171512285,32.08608642097005,32.01437869048092,-0.07170773048913048
-28.55816256596735,22.787565064661344,33.225188213213976,33.30429540128538,0.07910718807140427
-18.264014733698552,-5.829868367414086,31.7721815354884,31.76713573275147,-0.005045802736930227
20.15334071975738,-9.861520842801745,33.324612395033704,33.271155366391646,-0.05345702864205748
-11.767105084359976,20.431045853747506,33.328068975697384,33.441976801238,0.11390782554061474
26.29959582013599,-2.180710977994835,33.89387314215871,33.77039494903477,-0.12347819312394392
-19.208682587506686,11.39712701880699,32.386049188130286,32.35836827361273,-0.02768091451755339
-24.3230407275926,31.45245054530318,33.80743410635465,33.79475025362273,-0.012683852731917966
23.62634174606753,-25.057264956615946,32.69133500008763,32.6545200095552,-0.03681499053243442
19.675854292857387,22.14345651041235,34.96289959043989,34.951306319639976,-0.011593270799913569
25.433305336921016,20.61173170993567,34.79614764930386,34.767485411773976,-0.02866223752988617
-0.9814367926242156,3.7634771831477636,32.96390281882068,32.96947959866423,0.005576779843551094
10.526074866187479,-31.376526808000584,31.955134616543564,31.897609363890037,-0.05752525265352659
-10.727128235405026,-19.333863036041237,31.539863831565846,31.546395739903137,0.0065319083372905595
19.7536594849877,10.110000686451365,34.28385677625467,34.35528293288299,0.07142615662831986
10.644603069896782,16.531939409285407,34.1573080097765,34.23282035828957,0.07551234851307242
21.055516201808572,15.47193535958283,34.6713030214209,34.660568579453184,-0.010734441967713337
4.313239347597481,-14.222183709615571,32.4372990523595,32.433214106702486,-0.004084945657012895
-1.7405533519678045,30.42318531533632,34.12985380435685,34.14400814614425,0.014154341787403268
-2.007338656889303,29.712357674856776,34.01330304073335,34.0311611164931,0.0178580757597544
-31.982098456290622,-11.908070822248035,31.530455273420504,31.304023885078553,-0.22643138834195042
-2.636802569174158,25.74346233809819,33.41387756665107,33.628791753131765,0.21491418648069782
10.417770199515964,14.649528402087412,33.974563258524974,34.109780217493984,0.13521695896901065
26.819006471077763,-23.201293702516168,32.87923632578201,32.81734419706202,-0.061892128719989614
25.396928575424994,21.588711669760613,34.84377913745137,34.8073181307103,-0.03646100674107089
16.923871903707862,-29.71571232918901,32.25189853374259,32.19428234461942,-0.057616189123173456
5.337576360389363,-15.548467877134364,32.43004188761328,32.419939897619884,-0.010101989993394511
-13.148369029551127,13.61186282982365,32.760931691661234,32.767442296229824,0.006510604568589429
25.729524139416597,-19.109253242234892,33.05120596783595,32.95944045038702,-0.09176551744892691
-23.750159080142453,-8.810692089954678,31.39764618407053,31.396551387286063,-0.0010947967844678885
14.482518175222069,-19.22164817651818,32.63812560809269,32.65084620890431,0.012720600811618965
7.138412243187815,-21.336905286832653,32.26675135698492,32.25878789453208,-0.007963462452842407
-18.490126909687703,-2.624383049463802,31.88393122707998,31.885338044349346,0.0014068172693662007
15.235706779563579,22.501077809386203,34.78011753868372,34.83515139481414,0.055033856130421555
19.76821022651319,-20.57624959927582,32.7738806622754,32.75633461905474,-0.017546043220662
-8.455733128312012,9.956528515341475,32.844449111878845,32.84849141342456,0.004042301545716498
-28.315153241021925,13.077649736453715,32.77611624316433,32.69664122065859,-0.0794750225057399
11.689996643742319,-19.76223676598027,32.51581839134428,32.518920723256,0.0031023319117196024
29.27581696624882,22.625609069235267,34.79241663845421,34.85295073497254,0.06053409651832453
-1.1266871981786508,-0.4270098397523512,32.79681880609248,32.79609360458189,-0.000725201510590523
-5.932942694376621,9.589917586884802,32.950636066731285,32.957601722896094,0.00696565616480882
16.98941010163179,15.640322298307154,34.60295626606677,34.57343359734382,-0.029522668722947287
15.769630174005627,-22.123819639755986,32.55911641471225,32.54482463503264,-0.014291779679609817
-10.020481856464926,5.710926251433172,32.607032063257705,32.606964920471114,-0.00006714278659103456
-8.300637893129341,-11.47053401933173,32.01977339249329,31.999417279488227,-0.020356113005064458
11.729068662181184,1.774003310008034,33.49214978697434,33.47049924856742,-0.021650538406916553
14.385116931867216,13.190171311281524,34.140281215844276,34.28131045521857,0.1410292393742978
4.999978054671402,-19.82463508909229,32.24001479135242,32.229104581996815,-0.010910209355607492
1.6185640597129947,0.15594237503552932,32.950617727512736,32.94670927840622,-0.003908449106518219
4.882475549339354,4.111708409192758,33.25760280231368,33.25378160974571,-0.0038211925679689784
-1.4133200098822556,28.23685154795605,33.7773037420429,33.79542993173948,0.018126189696573647
-21.861140425653005,-6.850230399243344,31.561356353385715,31.563712361646118,0.002356008260402831
-3.9170513393476654,-0.008315511281026033,32.67966427684448,32.67962765837545,-0.0000366184690250293
-14.774711946089589,16.869140456878448,32.84098484889263,32.86306315417414,0.02207830528151078
26.25530161384207,8.539129291593973,34.25549498364292,34.27224356290672,0.016748579263804686
-30.49315802753363,17.602385745072723,33.18215111239527,33.124644079298996,-0.0575070330962717
2.140195737100896,-19.68583040868146,32.114330959188294,32.109841483309744,-0.004489475878550309
19.413987691841818,-12.412106774644649,33.171537909949556,33.09479571561669,-0.07674219433286567
-31.919484621077252,-14.17218298689523,31.465084250344503,31.249436773507693,-0.21564747683681063
0.1223332126026051,-2.068754913752869,32.789943477450606,32.78183640474889,-0.008107072701719176
-4.627472248250207,-12.675247626335612,32.10601331260398,32.10855992040929,0.0025466078053142382
-1.5912920604476213,-14.426498475961651,32.15890546125536,32.1657243852632,0.0068189240078453395
16.64752223532635,-31.92384376059259,32.14247099844014,32.072079020691454,-0.07039197774868455
13.702082683290712,-9.087915412596118,33.077692032711866,33.07579984519448,-0.0018921875173845137
28.091375063669382,23.410559429034365,34.80446809062303,34.88248183355256,0.07801374292952801
-2.6894403708355483,-6.950561343392749,32.44232561060068,32.444409474886626,0.0020838642859430934
-13.323723722485255,5.944270823622581,32.45834507120093,32.45816055125489,-0.0001845199460390745
-12.337468263030523,24.711137038155066,33.87475943457127,33.82398821137853,-0.05077122319273997
7.174254442886301,17.856077426811282,33.992771006237014,34.07298080393601,0.08020979769899839
-26.46919000252207,21.749657808735456,33.31543187949799,33.365088744083366,0.04965686458537277
-11.408093659588097,-3.4796690918627533,32.189396393010426,32.18285928476192,-0.006537108248508616
-15.531642130529256,-21.627812899014017,31.225803784755577,31.232902821229807,0.007099036474230047
-24.659026127626277,15.215874544217357,32.65383843307597,32.62879627220091,-0.02504216087505995
-16.728630576550202,19.7595657808469,33.4549914298569,33.49819021164905,0.04319878179214953
2.18565517402309,2.4169791266441294,33.06375743154615,33.06330645217331,-0.00045097937284310774
-3.3597678046637753,8.919024104217513,33.04765457092335,33.05849481839401,0.010840247470660813
9.925649824197542,-30.941166861077498,31.952610307248914,31.90003919644899,-0.05257111079992427
-27.949919513543662,-11.593553308140109,31.236843014995802,31.32297178072752,0.08612876573171846
-12.230296388716077,5.4779535605730985,32.49270595138113,32.492535071130725,-0.0001708802504083451
15.03146499161575,-9.723452063293223,33.112753027838956,33.10724337086868,-0.0055096569702755005
16.712140984910555,27.688960762974276,35.202993965704074,35.192501246411126,-0.010492719292948038
13.951192482877268,12.198508496065912,34.035748024477826,34.19325693867506,0.157508914197237
3.8679724107111255,31.021350394387056,34.3433088586667,34.54302705378909,0.19971819512238653
14.737217821190882,-5.252171602719258,33.300038680793946,33.297055711437984,-0.002982969355961984
8.348746607635775,-22.74039685334367,32.238628390375666,32.24790970565977,0.009281315284106029
20.882396258335746,-12.428162976061948,33.22617267470116,33.122017802719604,-0.1041548719815566
-28.459128814440596,13.004646287120643,32.781905283946195,32.700757479595985,-0.08114780435020919
-23.515072244703433,1.0322756753953044,31.8167589832196,31.87834248085629,0.0615834976366898
24.338620176478962,19.42171343708423,34.71582398115305,34.72822117672311,0.012397195570059694
10.103162898553528,16.807365241318337,34.13920253957604,34.21136713983467,0.07216460025863114
-15.167026931305578,27.245398626177234,34.08221801969562,34.22437316343492,0.14215514373930205
10.89656609560592,-11.990237981061405,32.83064161743304,32.81847081963034,-0.012170797802696143
-8.09693044909968,-29.482645391998403,31.244752538442654,31.243007990185685,-0.001744548256969125
-13.26567464635015,-27.19704048616071,31.111814493337942,30.987343160792935,-0.12447133254500642
5.053547036241383,14.521770594879875,33.69258084763285,33.75140470517361,0.0588238575407658
-20.329523548751354,-28.18201385177108,30.75886958140822,30.80597887616782,0.04710929475960057
0.44760983280035305,-2.1674362926311943,32.79932247899565,32.791729616767846,-0.007592862227802755
-6.853465520892847,16.54720892389261,33.19825646634029,33.19789744164796,-0.0003590246923295126
-7.0629309300366,17.62512647695616,33.235422081433754,33.23518365704077,-0.00023842439298249474
26.472667535210036,-20.903689812286387,32.97964898175272,32.90313315846847,-0.07651582328424666
-31.4926434647952,16.82378203439987,33.11409115559168,33.0945573955748,-0.01953376001687701
14.683394885860544,20.792028958739714,34.728461360552714,34.712523406699326,-0.015937953853388365
-2.33811393449502,7.682014727010454,33.04947631039596,33.059545930721505,0.010069620325545259
-0.6808512076323012,8.954986052474617,33.17725932624485,33.19304870760459,0.015789381359738286
-0.0793531334470643,29.486509115932478,33.987338104810306,33.99011504665304,0.002776941842732583
-24.95560863122929,6.430287736909911,31.82830904554124,31.913176159086255,0.08486711354501608
-23.398358198875073,-31.59071735413633,30.68892347790675,30.703715893288123,0.014792415381371882
-23.672656636460573,-20.22097426452573,30.964362979210556,30.962533028020026,-0.001829951190529755
-30.86332215639181,12.32782118331729,32.88713352016495,32.839441215348764,-0.047692304816187914
7.4326559100993705,-6.075070509486821,32.94476980925108,32.92822074564595,-0.01654906360512598
-4.381119565389106,29.225495134124202,33.980851743722496,33.98280615632947,0.0019544126069703793
9.556547167850333,-2.8698969375166143,33.165993080580506,33.170227385642804,0.004234305062297494
24.048858242712804,-17.349038898459007,33.082308493205126,32.993140893157744,-0.08916760004738222
-31.73320160093749,-16.779037216029614,31.082402894774095,31.120770583592588,0.03836768881849295
1.0146560477986313,-19.73384434578017,32.06058646488937,32.05870689845444,-0.0018795664349298136
-6.5627624019222495,23.986956136926857,33.46558774105986,33.51939084732281,0.053803106262947153
6.90119006840073,-1.175088861319061,33.13305572429256,33.126748399217504,-0.006307325075056269
-21.718034028463087,-21.312434469935177,30.934394280941426,30.963424946339767,0.029030665398341426
14.607403338162953,28.968508809785305,35.20814188574953,35.11370215023427,-0.09443973551525886
21.07777194007428,-19.12235545926434,32.89156196369573,32.8536562927986,-0.03790567089713193
-24.745963650641222,-12.946224080350177,31.17377785575409,31.211435625191342,0.03765776943725285
28.207254416327167,-5.064698151940711,33.75568016792533,33.58780387393335,-0.16787629399197357
-3.991058538490634,12.042144225397713,33.14029290988474,33.152658701654346,0.012365791769603618
31.044842277268877,28.85033113692117,35.18630939094237,35.130386595432455,-0.055922795509914636
-17.45224890480108,-30.73031989080721,30.759865661599274,30.73922485139502,-0.0206408102042559
-15.091984858002768,20.03859674448946,33.417796160890106,33.49722525671905,0.07942909582894231
-25.181162798867163,31.386509095292354,33.7717492036628,33.77236765570437,0.0006184520415715156
21.128721252803878,10.240460861213244,34.39554589567659,34.42349095473878,0.02794505906219058
31.935448051131836,30.99804882629941,35.26757088962563,35.22719629611634,-0.0403745935092914
-10.79153688398629,-5.6384672701304694,32.13039082174393,32.12581301878006,-0.004577802963872557
-24.627680551935,15.702140535256454,32.695063034772275,32.68715181352823,-0.007911221244043531
20.313468387521155,-27.04486451995347,32.488025793914275,32.44316216275854,-0.044863631155735106
17.866810063019706,-25.624180893196908,32.471376652813596,32.434970787944486,-0.036405864869109905
24.41854732779766,-13.803621281483892,33.27683429516592,33.14597789935402,-0.13085639581189668
-19.80139037912231,-29.075577503134944,30.744581172784656,30.78167010498164,0.03708893219698339
0.5962828077195397,-12.496190733993394,32.33808486971482,32.34634176055004,0.008256890835220076
-17.113617117187225,12.339179287482445,32.52154818312958,32.47897990725174,-0.04256827587784073
16.394734854911427,3.2408947948875735,33.76986645686795,33.8036533822363,0.03378692536834649
-17.88657858457082,30.964421862659727,34.33960748251059,34.39840356061614,0.05879607810555143
24.549822306022513,-26.557931047233943,32.65043370912045,32.608230313798295,-0.042203395322154336
-17.85827794567495,22.193861385069567,33.78327141304691,33.733830624017116,-0.049440789029794985
13.255901495955825,-10.167031090883263,33.012922920131366,33.00652205518699,-0.006400864944374973
-17.365741677677093,22.1215631036234,33.78774535206424,33.72653527344212,-0.0612100786221248
-2.317270978242661,25.083317174626977,33.46503238377038,33.62414950804378,0.15911712427340063
-27.15977360211827,19.728323456755113,33.29839088628546,33.28051504370301,-0.017875842582448342
15.978273747374466,-12.709518816942143,33.0260710964995,33.01452541004231,-0.011545686457189674
-11.159724445700263,-19.1438271177855,31.527756152761704,31.5357673132596,0.008011160497897407
0.5764264202783451,-18.519441996662827,32.090438115544785,32.08920043762232,-0.0012376779224680945
-8.741804659238845,-20.400940607185788,31.58717991699814,31.5866276267299,-0.0005522902682386643
-28.100364377767484,18.14048539645941,33.21263689743844,33.1992228034393,-0.013414093999145393
10.037727977164849,5.0209361700509305,33.53860587029538,33.52424077929778,-0.014365090997600305
2.115250172506734,12.770466827184691,33.47154893233271,33.47619261219498,0.004643679862269323
9.973490294607075,-20.153915674328495,32.43245206315121,32.4305016498115,-0.0019504133397134638
3.6470822771818163,20.576868951674427,33.965479700042955,33.92506543828761,-0.04041426175534468
10.818099512040007,-17.533598118683095,32.59260187369304,32.57692989933107,-0.015671974361971763
28.031052212001377,14.528699999147463,34.49727448795256,34.50020602886799,0.0029315409154335725
-5.0746716455328595,18.434210279143812,33.36844644192801,33.368433450958264,-0.000012990969743498226
-24.728763903066415,-9.00667788844217,31.318634457314666,31.39215690629199,0.07352244897732518
19.803586664999592,-2.9078664212506595,33.6273696053717,33.62823163274441,0.0008620273727117933
21.448891490018603,-11.952067497873976,33.27140636449194,33.15423573282236,-0.11717063166958042
-21.53252211797635,24.059937367068166,33.61302331561676,33.617354890260216,0.00433157464345868
24.55160870533836,8.249935799385277,34.31990585087939,34.2743827686505,-0.04552308222888968
24.79494636829603,-5.974547104389316,33.69223088412324,33.51136094279376,-0.1808699413294832
-31.048631372485723,-11.274437012801457,31.49152057076669,31.321975279017746,-0.16954529174894262
31.919767614903563,22.201324135949058,34.8778020798849,34.84475290804229,-0.033049171842613134
11.354946594587894,23.606760981268955,34.4970493642532,34.59883615461842,0.10178679036521743
15.742870372990112,22.18739805890867,34.80455734998304,34.85242717736648,0.047869827383436814
-1.831856354936697,-12.836236342424428,32.21459029714509,32.224698489379534,0.0101081922344477
19.459620704377606,-25.493483909020455,32.531522022007515,32.49435198078625,-0.037170041221266104
28.797362956416507,30.519921211418897,35.22259479770567,35.19425260661498,-0.028342191090686697
-19.972902446114745,18.86567886871881,33.67843515464634,33.45067026232855,-0.2277648923177864
25.626838370138366,3.6066929110780066,34.124558845603104,34.077740291987816,-0.04681855361528875
17.738741088687327,-24.48202687058332,32.519570680802794,32.48921548765956,-0.030355193143236647
-5.134127046537223,-6.413640653745375,32.34745469121148,32.36018074841059,0.01272605719911013
-20.431941630332247,14.899375402189769,32.37732984791195,32.43042361257064,0.053093764658690645
-10.163994453035585,13.872354779084453,32.91736875819039,32.92449450156932,0.007125743378928462
12.720043640212744,31.669705108253837,35.27365332910226,35.1562824285112,-0.11737090059106237
10.462635660306155,12.91741170753118,33.88703530003089,34.00846152343954,0.12142622340865472
16.3964128596429,22.884994451840015,34.91686704135514,34.9202111520803,0.003344110725159055
7.319346050917737,-14.731534569192519,32.55461119969959,32.5422592931973,-0.012351906502296117
9.886484991238106,21.394298740012204,34.44489317195361,34.420394205127444,-0.024498966826165258
12.970109992038864,-29.837458272153206,32.10828808285216,32.05726067503797,-0.05102740781418902
-26.10280512661356,17.298373062987018,32.96883590239054,33.01296716060994,0.04413125821940156
-11.043755370494218,-2.006649886946562,32.2636395287037,32.259269269963106,-0.004370258740593158
-14.747385744784907,-31.91709510554157,30.661887632321207,30.66280327420911,0.0009156418879037176
-7.136492822592551,-0.6579472593613644,32.501445923673856,32.49987345564304,-0.0015724680308153438
13.46900904003735,-15.612435384801621,32.788100402163835,32.772383284351555,-0.01571711781227947
15.811639266661643,22.90944904759518,34.86385513330615,34.89347677509251,0.02962164178635618
15.820789464217093,-18.810846209179296,32.71016514359849,32.71614947445738,0.005984330858893827
-31.211412777968683,21.56369458534906,33.17497232172524,33.278932869871355,0.10396054814611233
14.574903809367008,-12.459261921058776,32.97882394857731,32.96221854681192,-0.01660540176538916
11.162706307702905,-25.347920940765327,32.23760612794511,32.22734842599783,-0.010257701947274711
-29.623502645929563,-23.092082680253377,31.081678531105613,31.027481643334976,-0.05419688777063669
29.515921847666718,2.472017842878074,33.99202212709994,34.00022260706668,0.008200479966738783
-22.155945147287156,5.23852989559942,32.03532990693082,32.021527557748065,-0.013802349182753915
-9.11565594195725,18.175243980384103,33.15904488943218,33.158745770982165,-0.00029911845001606707
-26.030653470764904,25.35302235506073,33.41435139429107,33.55808637347588,0.14373497918481348
8.028925281904804,-22.369613340384248,32.24810999241071,32.25116564459923,0.0030556521885216625
1.3562652308548522,-8.494175628871623,32.57359856220431,32.55463165350984,-0.01896690869447326
-13.054095704241256,-29.6165764789367,30.81339598030687,30.920000086062565,0.10660410575569657
26.348365927948052,-21.798660324771987,32.93232783149817,32.863851508722476,-0.0684763227756946
29.972094195671936,8.968463936656782,34.28201106582969,34.261989781754785,-0.02002128407490744
-23.74006699952819,24.949348391165337,33.50556615628288,33.53764347253811,0.032077316255225696
31.63187220981765,-14.709376637684215,33.36088989640875,33.272277455682286,-0.08861244072646457
-8.658040691496403,-24.266010791724533,31.432823575255544,31.431915046776666,-0.0009085284788774572
-3.018113910888111,-16.361536855188916,32.014343094079635,32.017971157852486,0.0036280637728509646
-8.9749151870218,30.72856084247657,34.44141959103486,34.46881001088292,0.027390419848060787
7.532043854293626,-24.64213086742909,32.1109471890819,32.143386597433086,0.03243940835118764
1.018438295708087,10.996171072711967,33.33974328965003,33.35512026265236,0.015376973002332761
-26.19879550770107,-16.20717061459814,31.11769732639157,31.100641931013364,-0.01705539537820755
-17.640539431474657,-19.42402352975696,31.21915041313139,31.23541441173494,0.016263998603548657
-31.210598664373208,-24.824480525558577,31.03900589349937,31.055909712087665,0.016903818588296815
-8.188239501126255,2.7458666815332577,32.58130630635102,32.581040964389864,-0.0002653419611533536
-26.752659304846937,-1.7737922033368392,31.563758974966408,31.665021646611056,0.10126267164464764
-3.3064684915068128,-14.578958368046806,32.07416518550737,32.08347930349093,0.009314117983564074
-26.516106833598776,-27.58919419769854,30.836102743607913,30.860263094563678,0.024160350955764187
4.670097190660627,18.134561356755114,33.8360390622483,33.92336977252516,0.08733071027686634
21.670183780203992,-16.382870797156862,33.03630011951759,32.97869159778164,-0.057608521735950546
11.63008800693462,-24.269564868932157,32.29581375762669,32.298023647262895,0.0022098896362052756
-11.789159273283616,-29.806749446340675,31.073521683674148,30.993417079209884,-0.08010460446426393
-10.995898477106934,-21.999180971348352,31.418221523982375,31.418033878813674,-0.00018764516870106718
17.98197231858132,-6.436803148375567,33.38226258831418,33.387734538963265,0.005471950649088342
-11.836923333220348,-22.969525777376568,31.33975057977537,31.339841583646578,0.00009100387120852815
6.876988877428879,4.5843638913650295,33.370937663919264,33.36327749419757,-0.007660169721695809
16.623267264032584,2.0489301894055387,33.72187077566486,33.7414386989292,0.01956792326433998
-4.388983030637149,11.537663466543393,33.0999551508881,33.112592256226925,0.01263710533882545
26.705738211677705,-22.776999262176588,32.895447519689164,32.8320709971719,-0.06337652251726666
-29.09948905051518,-27.77946454024915,30.896360734404976,30.91845956584161,0.02209883143663305
-0.6410165358668323,16.42087820817035,33.497108355438364,33.495766382951345,-0.0013419724870189498
23.74996415619308,12.405380865585293,34.44891608401933,34.454625095659786,0.0057090116404552305
-15.574704699348707,-15.213148897614126,31.52579750592088,31.51383107289543,-0.011966433025449419
25.593132514252588,9.922144967141591,34.32204047961972,34.33359260246071,0.011552122840988943
-6.023677525216279,-27.298034573498434,31.42871443178629,31.38785575514779,-0.04085867663849996
-25.598696490913852,-9.068336421578586,31.281691948784058,31.390663278922375,0.10897133013831706
11.145995815082983,22.77902551395365,34.45510911241303,34.557737090926715,0.10262797851368788
19.647930657398724,9.068770380891827,34.19779528179149,34.28913319954697,0.09133791775547451
-20.505500293104376,-2.655470093893804,31.78682832516306,31.817535835008265,0.030707509845203873
-11.449849317225805,24.779014918351066,33.84356664908104,33.78930857028583,-0.05425807879520761
27.65540869346988,-15.34227499301808,33.3085494971042,33.15651622605273,-0.15203327105147224
-24.85463113562571,14.898030897373424,32.64208977900624,32.60618131250999,-0.035908466496252345
24.083606446904234,14.088862777520404,34.44740320478,34.514479363146684,0.06707615836668168
-24.923490832721768,24.86885586667097,33.44595612073679,33.5287214114456,0.08276529070881367
6.299260656433923,-31.974054734450092,31.775420517522612,31.727194067936242,-0.04822644958636957
-24.087074492168213,-11.180237510182721,31.276213894892855,31.277131086163276,0.0009171912704211138
4.628691280014991,7.299831442192534,33.36757066105693,33.3703888429138,0.002818181856866886
6.262551992287072,-26.643054868918775,31.983793022332407,31.998940288884047,0.015147266551640115
-15.742173859170727,-5.99781314459711,31.88645939029021,31.875023809119178,-0.011435581171031828
15.869294636520003,-30.057901273851314,32.19935539023448,32.14187665829257,-0.057478731941913
15.327370705931088,22.808955943201326,34.8113698910456,34.85673025452481,0.045360363479211685
19.29055195089674,21.540296697629756,34.95756250566793,34.93593317618128,-0.021629329486650306
18.8048549748857,-20.490839883472326,32.74278131400064,32.728840620401364,-0.013940693599273857
30.036082507903444,26.290948167179444,35.03075292442508,35.015224472860204,-0.015528451564875922
-21.154400253396723,-26.071126137377384,30.776695969253794,30.86285982243242,0.08616385317862552
30.485403132659663,-28.84416004726679,32.706501427262154,32.670358345415785,-0.03614308184636883
-25.09649529166653,20.764137846261967,33.63560002369885,33.58377130306197,-0.051828720636876824
30.855308156093777,-29.531536086927503,32.68192928667249,32.65071786415581,-0.03121142251668374
0.3052365853616976,13.66530193764087,33.422229849966655,33.430024431679726,0.007794581713071125
25.42536077366462,-8.562160729211442,33.58961769508418,33.38234260109021,-0.20727509399397093
-28.118724678099404,19.879034738723107,33.28472168753022,33.28068216839612,-0.0040395191341033865
3.8586205181602367,-11.21433650938571,32.53970877084967,32.544946261601496,0.005237490751824225
22.15717739001321,13.36233485833639,34.56050350487542,34.541732725576644,-0.018770779298776574
26.394736371510675,-11.07052835732457,33.49200583385728,33.30206200353014,-0.18994383032713813
-7.757792071628835,-25.44563057657757,31.42573679896459,31.422434035925665,-0.0033027630389241835
0.6253278458116043,-2.7031509021178195,32.78035719996406,32.776056158296235,-0.004301041667822858
12.208759878140448,-31.727534005083818,31.99898844092614,31.93529908639866,-0.06368935452747948
3.296091178623513,14.010970685469914,33.583991344740404,33.60576725893423,0.02177591419382452
-30.29372444776059,-29.746044782986864,30.854281165127905,30.904703959936406,0.05042279480850098
-2.73985437804901,-15.293550261880682,32.0709305490128,32.077182342509936,0.006251793497135338
10.790583970481094,4.615541486472232,33.55903392355038,33.54210982114819,-0.016924102402192887
28.67075501459056,20.111485824961044,34.66746658420375,34.74132032513532,0.07385374093156827
-8.15519353957756,11.60033661558385,32.921363125156844,32.93032455508799,0.00896142993114779
10.573710871447588,27.41445555548941,34.70543932588427,34.69694579687589,-0.008493529008383405
10.341531071914204,13.645300617811586,33.9135687591771,34.04435412476093,0.1307853655838258
-12.977713417414364,-12.353610296173748,31.7726557840441,31.752397671828003,-0.020258112216097857
2.639710886323371,-25.57567686499751,31.886927041456765,31.88476357133464,-0.0021634701221238117
31.745333807879817,17.125097854607013,34.59158625509224,34.62341976587299,0.03183351078074992
-2.975922653739488,-9.623676011852439,32.334594596575585,32.31483758255106,-0.019757014024527564
-20.979091692391677,-15.352575323941025,31.292807262805002,31.23776693070223,-0.055040332102773704
17.542469017413808,-20.946843155107373,32.67749990325305,32.66373317440353,-0.013766728849518017
0.3990449099934068,0.04827427439032306,32.88798920497761,32.887046685193006,-0.0009425197846013589
7.798643836200256,20.404474273342466,34.272652048799486,34.2327098037747,-0.03994224502478261
-23.981672838177964,16.61320715685511,32.734168370509764,32.7635407483301,0.029372377820337192
8.258703756159633,13.60310824542399,33.809212876322135,33.90564983558039,0.09643695925825568
-21.489447346117906,-13.421532407946785,31.338242355839704,31.30032538613343,-0.03791696970627356
23.602195999325303,4.885772685664712,34.172815174643475,34.15480440989349,-0.018010764749988084
23.497190744779246,20.27387436673849,34.75050928498447,34.78073118440628,0.03022189942181086
-18.68323187019292,-20.82628997003917,31.11463877538815,31.12426085461728,0.009622079229128389
9.840817031119734,25.831192597067535,34.51771258213059,34.56908369130482,0.051371109174226603
28.549556097477335,-28.886720100982373,32.66434992903894,32.621299186261446,-0.04305074277749554
15.48451854876646,-22.680951901796995,32.52127075420701,32.50686675601734,-0.014403998189671086
22.273648440886426,-7.329412227140203,33.52925756670896,33.43497363217727,-0.09428393453168837
-20.330179974017426,3.1662847196201795,32.01758015448909,32.035206289158964,0.01762613466987517
22.48702633122783,-17.779083611067044,33.00245433471955,32.940279063071124,-0.062175271648428065
29.64202998577941,28.27854317850511,35.119441886550106,35.10009578998554,-0.019346096564568427
1.9337535708855427,28.15381732714549,33.969011741340296,33.960641320554565,-0.008370420785730914
-31.801858366864067,-8.77537104060844,31.51651212611914,31.380302986298474,-0.1362091398206644
-4.384416259437899,13.768175013399258,33.196963411819894,33.20380322000568,0.006839808185787888
15.354109294944742,-21.74904159879312,32.55657424402018,32.55026903669626,-0.006305207323926254
-16.9464940079232,-4.944287797399987,31.86873839796515,31.862149772133638,-0.006588625831511763
-8.576592956933773,-19.248501386127543,31.641431050787965,31.644941623825694,0.003510573037729614
-1.5979079951405453,-27.385910014261867,31.627773059183973,31.62120170935936,-0.006571349824611161
19.701973985535112,-1.877164472913691,33.66589118077192,33.67059319462553,0.004702013853609799
23.48922882831109,1.0895101484477365,33.97700109413698,33.98687526158839,0.009874167451407345
18.729262581883127,-20.681210693962697,32.73091424025599,32.716592609861955,-0.014321630394036333
30.634612573538618,4.848450801806756,34.07617844181861,34.08730451622562,0.011126074407009412
7.46559455164617,-22.24023018895278,32.23445341090147,32.23389106963895,-0.0005623412625226365
-7.800210920672974,24.507921696476657,33.56455369600198,33.563961958762484,-0.0005917372394961262
0.48337984805054646,-16.702762303746162,32.16042247141639,32.15939224794609,-0.0010302234703019053
-20.00783819475503,-30.462343440225915,30.688002040911087,30.74202020473344,0.05401816382235225
30.504162163898236,-1.0365453620599823,33.871258960393874,33.81804068903104,-0.0532182713628373
-23.128540142598325,-9.010433251979116,31.418550789124446,31.41909082729294,0.0005400381684950162
-2.4834564121037843,13.017381921987429,33.25707436697637,33.26673929551346,0.009664928537091555
21.438845841177148,15.44183538448214,34.65529082452339,34.64770683329001,-0.007583991233381937
-26.991912272640242,-7.771001265791369,31.307597680369895,31.41812415361687,0.11052647324697418
-3.606734417939734,-1.143716257733665,32.65141586097535,32.64895829896792,-0.0024575620074287485
-21.63103479875398,-8.93279229351485,31.489777349773107,31.490677623772367,0.0009002739992602926
8.130927105991262,26.361214638118263,34.39659314435969,34.461136608819764,0.06454346446007264
27.946991350398974,-14.970035812091211,33.33925797926848,33.178281954673025,-0.16097602459545612
9.810330422534257,12.398100710191187,33.83222346446532,33.93456103786781,0.10233757340248673
0.923471064486975,-3.7809400310287344,32.73958487154633,32.74192801577227,0.0023431442259393975
15.869316366437033,21.77358029618547,34.80343512759194,34.839744059950206,0.03630893235826704
-14.352140463805938,-29.826789513870587,30.69519116469054,30.828564640247727,0.13337347555718537
20.097981807220933,4.240293445346438,33.983217759848074,34.023753531133494,0.04053577128541974
-17.90600769340223,-25.210586169987835,30.997336138327793,30.91646888587374,-0.08086725245405191
22.22437432041852,-13.06198256491998,33.24128121615937,33.12655376043856,-0.11472745572081067
-6.381330050682941,1.5200847986521993,32.62045978064129,32.62043473362833,-0.000025047012961465498
31.858852474831252,16.57844581990429,34.56664576402147,34.60009737007394,0.03345160605246633
-4.799073205790833,-13.914942782981186,32.033546564040655,32.04676209011442,0.01321552607376475
25.719196826431663,26.26512594957247,34.96853856998987,34.9973740813229,0.028835511333035413
9.047074095850583,-5.709819316655285,33.03320160604943,33.018071071898696,-0.015130534150735286
-30.81702331101846,-3.474607783069473,31.45654426353613,31.511285046184767,0.054740782648636355
2.0101779011283583,-29.317671755228922,31.696929753231,31.70841365208379,0.011483898852791441
11.992400170617785,-7.059607085215347,33.09260141277312,33.09038426080731,-0.002217151965808739
27.36221665214544,20.725400062248966,34.73502305766699,34.762935823482955,0.02791276581596236
-28.13683340111742,3.831609768863345,31.70672300410969,31.845763600945084,0.13904059683539316
-3.4711354973167303,28.22049712654369,33.782298874780714,33.80313909919885,0.020840224418137154
-2.1599682095121864,-28.763186176481447,31.54570896129759,31.537584838637127,-0.008124122660461808
-0.026013874726039887,-31.320167758921507,31.53841714878593,31.53802984660185,-0.0003873021840767876
-31.101142578743676,1.4888744209843523,31.560105600961847,31.68300285646602,0.1228972555041743
30.81226984775393,14.561987267387806,34.40380846811367,34.50838892968931,0.10458046157564382
28.563793270592953,28.308272442181725,35.10811303099007,35.09720991664464,-0.010903114345431675
-20.922199300508737,-6.470446942183486,31.620857654522467,31.621355838487037,0.0004981839645701314
17.41080580497949,-17.080585902802454,32.85836474300119,32.853887941478185,-0.004476801523004781
9.539450175855201,18.568727223517378,34.264452895219605,34.2636833709371,-0.000769524282503653
-11.10141337691168,3.5524406463293303,32.473124606156944,32.47278836597456,-0.00033624018238498365
24.639062768496338,26.146831285056777,35.01575700666864,34.99793719357311,-0.017819813095535153
8.055766010330153,-16.242534622684218,32.52656575673387,32.50902267487408,-0.017543081859791698
-20.25936555134856,-21.180396422385854,31.059263877234017,31.029138355799414,-0.03012552143460212
9.901631903489132,-5.821387505132641,33.06592507899718,33.051777252856354,-0.014147826140828101
20.968833712360748,-0.5625636897644881,33.783500693346504,33.7860671956902,0.0025665023436971524
28.300949393105952,24.997255084638,34.89193272966024,34.952265610858646,0.06033288119840563
30.739028917113238,16.355740645852165,34.5194051064085,34.5860773382532,0.06667223184469862
3.927620939630174,26.87915347381343,34.044898579529445,34.127699598878316,0.08280101934887085
8.941607535978491,23.52956412306255,34.30035969764552,34.41456656929317,0.11420687164765297
11.880343364011686,3.164954390157689,33.55552471629989,33.53326218469649,-0.022262531603402635
7.607168531695265,-27.47726033189342,32.017425775145114,32.000705958404374,-0.01671981674073919
-17.19660405488228,-25.336554712085913,31.036873184550025,30.93794494894149,-0.09892823560853614
6.841409351050345,12.25803271836746,33.680581323702285,33.73203748056166,0.051456156859373436
-0.46811560711966393,-18.786635468906347,32.03210056629317,32.03165072895728,-0.0004498373358856611
-19.60006034248736,-25.178576170874756,30.90225342986582,30.892381449019947,-0.009871980845872486
0.5194007378761683,-8.84226151875324,32.5229018773059,32.50284237829052,-0.020059499015381732
-6.75170939899818,-28.208700666567736,31.35866860770723,31.29758955428469,-0.06107905342253872
-17.55944029854237,0.5848914129517127,32.05119070582996,32.061895635232965,0.010704929403004826
6.331608185044075,-11.738762932311381,32.63187767974584,32.63004125429549,-0.0018364254503495658
-9.164070075150072,-4.380801563672222,32.261000254015954,32.25390979126696,-0.007090462748990944
6.020447293845457,-8.604408564671623,32.76438355907121,32.753575416445486,-0.010808142625727157
22.679209384745107,7.803322076640882,34.307451442093786,34.300909705227426,-0.0065417368663602815
3.758746837738485,-23.870504346297537,32.0132474100984,32.005784897067805,-0.007462513030596085
-23.718240173641483,17.87353580093535,32.99390613449198,32.99997950721941,0.00607337272742825
1.4650718839309746,24.912929605073735,33.69984782197297,33.89418456929583,0.19433674732285766
-21.305328432545558,-0.486489634400165,31.83163336443251,31.90762509455162,0.0759917301191102
-4.432852913514402,5.095316516444328,32.85033215199999,32.85151065336436,0.0011785013643645925
-4.268513567462236,-19.625810688851253,31.823258462591777,31.82324371028384,-0.000014752307937015985
29.175624921008577,11.425549521858088,34.38375494719475,34.36570990234718,-0.018045044847575298
-16.655127340715005,29.17809206911531,34.20344348785512,34.35695948680463,0.15351599894950851
20.366623702346708,4.722240893799565,34.01769172978003,34.06403879569329,0.046347065913259655
-2.145698456211967,-2.1283809725739147,32.68243091364825,32.679274636002134,-0.003156277646112926
-22.099778636920675,15.019509313497132,32.41666276140433,32.44365530124254,0.02699253983821137
-5.38686633791017,4.804184813879246,32.79386890330933,32.79353720149567,-0.00033170181366415363
-4.729740255679637,11.835869690631014,33.09502404285631,33.107998550454596,0.012974507598286777
20.216859533852407,11.366241499562186,34.44500299644691,34.4498604580574,0.004857461610491498
-1.8888266751708542,0.5446969364244652,32.79798470698347,32.79764318407882,-0.0003415229046481727
4.138485237183765,9.72636460867679,33.43780354999217,33.445662045348406,0.007858495356238393
21.660803127674058,6.276489112186695,34.146467522847175,34.212780475806184,0.06631295295900941
5.859114761921177,0.05301336377306143,33.1476251579099,33.134987806878804,-0.012637351031095534
20.76322848399228,-17.75950871404092,32.93725486286335,32.90207417941928,-0.035180683444067995
14.341674801986741,-6.83046545857097,33.20186240393899,33.20739421986633,0.005531815927341199
-26.3472985422369,12.276527687103659,32.439450786148775,32.40831813460664,-0.03113265154213707
-0.32249845903140795,-5.147864154389303,32.619048687284916,32.6275708548944,0.008522167609484654
4.594600037605019,9.531346981439924,33.45211155975941,33.458520983522945,0.006409423763535926
-17.52070366080128,-5.947174516599489,31.803041128432277,31.79602452425628,-0.007016604175998253
-6.089191043162167,13.223892647438213,33.08941109744319,33.09794918311842,0.00853808567523373
4.689838708034067,-17.909349350150798,32.303759195650294,32.293842673869825,-0.009916521780468202
-20.17726653797221,23.703981834292883,33.68244687643049,33.68996889228587,0.007522015855379038
-21.925397288012988,-30.434562332949994,30.71041239424561,30.739211334033328,0.028798939787719746
-20.73951060843875,-22.821796532231637,30.941277724177777,30.942024414439235,0.0007466902614581272
-14.547471555842932,-18.12018564394088,31.414490684490616,31.431918796620792,0.017428112130176032
30.795079198398483,9.65608408656717,34.272772831555045,34.295068837031764,0.022296005476718506
16.787953319544144,-15.557863468741317,32.91716720322617,32.90184483170672,-0.015322371519452815
-4.86303228256385,25.973369143167744,33.49667247192275,33.69125921429441,0.19458674237166207
-26.24682991037659,20.32092311956071,33.363521557152296,33.47666905449354,0.11314749734124518
-24.58995781836409,10.648518352161744,32.005275716603805,32.07359301798434,0.0683173013805316
-10.203897598006762,-5.710846428683503,32.15330913693555,32.15097310464604,-0.0023360322895058516
9.92485011243464,3.8442939022072053,33.488332807771364,33.47183263504668,-0.016500172724683182
-28.698753822982802,30.63357319672579,33.661852803328415,33.660467687262575,-0.0013851160658404638
29.44692091839105,-14.184536773621524,33.40440341304117,33.24422761674511,-0.16017579629606615
17.846311258056083,12.6289448847823,34.37390336601908,34.426033914946046,0.05213054892696789
-15.912982479673289,11.011832784211357,32.528624800318084,32.52835769059168,-0.0002671097264013156
-15.796911416597176,0.044774466252704315,32.114450310147475,32.11441010319165,-0.0000402069558234075
0.5931705764910831,-2.009841229718731,32.81360715332757,32.80498358576026,-0.008623567567305201
-26.96301824425109,21.270908061499775,33.27627040822647,33.34103440593633,0.06476399770985353
22.03478407755339,-20.42282554131689,32.859965573494705,32.822316652955,-0.037648920539702146
22.786947689731797,25.103462262661353,34.98012943078316,34.99775220236647,0.017622771583312158
-4.942619386463427,-21.714782729186915,31.7073337742972,31.706974505302128,-0.0003592689950728811
19.316245758755286,-27.603576956996818,32.429240139388924,32.3815671879054,-0.047672951483527015
-6.6794261343487875,23.757868435948645,33.498406433551125,33.506295202906195,0.007888769355069769
14.701381254362467,3.5864732856266315,33.706128026138295,33.7239636603826,0.017835634244306675
14.978337067549887,-22.75666937768402,32.498171830226255,32.48624566492301,-0.011926165303243863
22.714083899329033,-3.5286403175317744,33.7215410692186,33.70315028561443,-0.018390783604175454
-16.066999151225183,21.03830932759464,33.675855466846855,33.62026865901609,-0.055586807830763973
-22.37365669066508,-30.88132833987246,30.702351255934815,30.725721785082364,0.02337052914754878
17.636234723645515,17.82398283729129,34.8387517452772,34.712970402721865,-0.12578134255533513
-27.561163752799075,-1.902320708508661,31.500196038851474,31.632347859872613,0.13215182102113943
16.108645159422807,-5.894157583498632,33.32238751787189,33.32996460181438,0.007577083942493346
6.578066645954841,-30.558437753510248,31.84823698311641,31.80889992428242,-0.03933705883398986
22.12410591566504,10.43910343528119,34.43984063660269,34.42443774995821,-0.015402886644480418
-15.693323464199047,-8.553147259814885,31.77905381069387,31.774983342488163,-0.004070468205707556
-26.664420466195153,29.549668961991593,33.620439910057314,33.66175006099894,0.04131015094162649
5.013364468492618,10.492195399248317,33.513311951952815,33.51613651536515,0.0028245634123322816
-18.411045738516087,-18.13374823649346,31.241754442594782,31.25021939699164,0.008464954396856683
-19.7296550312063,1.3581606452412842,31.976848229489192,32.00408678203881,0.027238552549619044
2.801748902093294,19.012056473230622,33.780001341520276,33.813426052987964,0.03342471146768844
26.19530202411316,7.55679565825244,34.18630950527536,34.232977245348984,0.046667740073623065
-24.14338802551088,-19.034480655383895,31.012783679495442,30.989098390832524,-0.02368528866291797
11.191442841850282,-14.981837841741822,32.72155231467761,32.70047075357713,-0.021081561100480428
19.68700421244978,15.02406601264726,34.6936693738275,34.64289763952797,-0.05077173429952353
-25.874720787493445,25.370509562641516,33.420008240509866,33.55767757188111,0.13766933137124227
-15.11382784646851,-15.147150574505453,31.547732166619213,31.53835912288037,-0.009373043738843734
-24.30810197980462,-22.559116553164728,30.94524220756845,30.9136628476447,-0.03157935992375016
-17.64501193108954,27.113781246446145,33.90872558680357,34.03262646123074,0.12390087442717146
30.48722144405592,31.180875199501195,35.295315948676475,35.229531651924034,-0.06578429675244024
8.407670605047606,29.14976361698455,34.65392367855327,34.64979367489064,-0.004130003662631054
-11.28998425036729,-17.773554883300896,31.57794506702157,31.590833571021715,0.012888504000144962
14.892484570765404,-23.148337982170432,32.47650556089599,32.463351306265984,-0.013154254630002526
30.503811611937238,4.284948426227537,34.06153689062409,34.06556303727691,0.004026146652819307
-4.588843770163486,28.224171813182316,33.834367446367025,33.83492202638244,0.0005545800154180824
-23.48997802953697,-19.579234656257057,30.973498584249903,30.979490152098496,0.005991567848592894
26.95830631865895,26.026212752668968,34.92580360836955,34.99179037257739,0.06598676420784244
-27.814682576020722,15.325982051203624,32.93627619745521,32.82955773872637,-0.10671845872883523
-3.245024590776879,31.655523224519975,34.31998008263078,34.34511540752314,0.0251353248923607
-31.501083047935587,23.471701741143384,33.28983213389831,33.390118520227325,0.10028638632901732
14.9311786696681,-15.74646198969986,32.837789897457895,32.830398156081756,-0.007391741376139294
-28.039438449420437,-10.406605951291489,31.26292395668948,31.35142929791414,0.08850534122466058
0.260183912129186,31.435031125250248,34.30445517744596,34.32806133998133,0.023606162535372732
17.46745466985108,24.485442289695243,35.06398651340597,35.05465611817048,-0.009330395235494393
21.463063242353257,13.22738650690571,34.57835942465563,34.55735525171486,-0.021004172940770616
-30.536370632058556,-21.496807285893226,30.85660862969195,30.922123662943303,0.06551503325135144
-13.469081729740203,-27.26791875140559,31.104578155215954,30.96977284933665,-0.13480530587930417
-14.526424508497591,8.280682982825411,32.490397962957374,32.49009935381231,-0.00029860914506230074
16.27635714191419,19.884698033123946,34.808467247899884,34.763578945032506,-0.04488830286737766
-10.766476263538806,-2.573351482578637,32.254749119719826,32.24980586464522,-0.004943255074607578
-10.376378205509354,2.354872077497113,32.461552669519115,32.46160179765119,0.00004912813207624822
20.189404511849474,-16.451516492082618,32.987395815228254,32.94239033089167,-0.0450054843365848
-4.231699711074604,-27.69160701141491,31.49498617887619,31.45535366509546,-0.03963251378073096
27.865571090336744,-7.628906850690221,33.680588863704045,33.475583867826316,-0.20500499587772936
7.4512523422502355,8.135027512412272,33.533926504171134,33.53202699318467,-0.0018995109864619053
3.3561677613635723,3.0260314580943515,33.14308532064558,33.140894751394036,-0.0021905692515460373
-2.8725453637384035,15.147721678616684,33.3317450586088,33.33428213410013,0.0025370754913254245
16.115760028923823,-10.130184331417446,33.14507284960868,33.13780319071387,-0.007269658894813347
4.061473984234958,16.512700381450728,33.731571653469665,33.801474318530296,0.06990266506063136
-20.38493052395458,-17.058383086190318,31.22712222363983,31.194313347315642,-0.032808876324189384
25.388313167613425,18.744184525775268,34.70707007451439,34.69227367304061,-0.014796401473780918
-2.7022208101617338,14.93570224322967,33.3307623419452,33.33398563930325,0.0032232973580477164
17.565794692059725,1.8170551387263956,33.75239207468353,33.76921478558165,0.016822710898125592
21.1436899928172,22.657380618853345,34.88633547045659,34.942753835920826,0.05641836546423917
-15.999797399597632,27.830580213014635,34.07553992640932,34.29684303028634,0.22130310387701968
21.85429963109346,-28.355858254600307,32.47816373617135,32.42700574057813,-0.05115799559322198
-17.311105907755476,1.4434646082926932,32.09591943865172,32.101015526041365,0.0050960873896457315
10.980339041048829,27.011364276858536,34.71106320267345,34.70880149249234,-0.002261710181109322
-24.989107096413235,12.713074745504073,32.38710822359204,32.33696270923287,-0.05014551435916559
12.44464147564701,5.600900483485013,33.67551012721244,33.69767263432018,0.02216250710773693
-4.707018236702503,-26.833244986264866,31.508314684032175,31.502102712054096,-0.0062119719780788785
-18.214840171107483,-12.748778461953066,31.514695785001237,31.492168972636087,-0.022526812365150306
26.272915163026255,31.456836227759837,35.155494796053404,35.225196896032166,0.06970209997876253
31.636802390451216,14.68833467284481,34.44067351546096,34.51707615707323,0.07640264161226895
28.423929227419443,1.598630525016219,33.947552570254004,33.97375015408647,0.026197583832463067
11.894510565056862,-14.80263238252433,32.76123922243456,32.73902626357548,-0.022212958859078924
20.905885690908732,2.675683467182317,33.942579726741116,33.96689152518044,0.02431179843932796
14.93638477690397,13.686340643432118,34.23061412879588,34.347212782266666,0.11659865347078835
18.885400023011805,-8.744770536622717,33.32853499278682,33.32261708975472,-0.005917903032099048
4.5907193370536845,-9.869653314185761,32.63437348207923,32.635759718541905,0.001386236462671775
14.193496704955734,13.569309848834422,34.157860062886186,34.2916026836132,0.1337426207270127
-27.16002115412202,-2.359084617145207,31.514845913127168,31.620808125738673,0.10596221261150518
-14.750305029374012,0.8125686357841815,32.19386256407331,32.193753685166136,-0.00010887890717015125
-7.163806434076797,-2.699038648237803,32.42198888146145,32.416798006927806,-0.005190874533646195
17.150895307035128,29.167128229468062,35.25168179343112,35.26354618880007,0.011864395368952785
22.253445511896203,10.250950885534913,34.42885723763385,34.41289476122515,-0.01596247640870274
11.602087318344196,7.615296284301124,33.71228132571733,33.763832103548125,0.051550777830797756
-17.06908078258241,-22.259544245802665,31.129769577664376,31.135589548485008,0.005819970820631681
3.7239083599965497,19.299785527545907,33.856601562043295,33.89174552441583,0.03514396237253692
-1.9231605371655789,10.224036749707366,33.1662187017657,33.18232143768845,0.016102735922750355
-6.3346637550271225,25.511566851296777,33.54317185819704,33.65163926582189,0.10846740762485041
31.484244943119137,22.77827805876874,34.88185140875146,34.86814472352169,-0.013706685229770699
17.61288357740726,23.448306358963002,35.00491910942991,35.00547014964987,0.000551040219953336
1.935248269885129,-4.3831250621557984,32.75567154496744,32.75978443732129,0.0041128923538451545
18.730916348214834,6.168359959921595,33.997942411558924,34.07747907945433,0.07953666789540392
-12.266539556159238,-10.929064686861608,31.855954860292,31.843427082176003,-0.0125277781159987
6.747554941821079,23.706396374548376,34.12615139252789,34.25460534271031,0.12845395018242556
5.767417359351256,4.191975444878722,33.30313061529006,33.29716157587163,-0.005969039418431521
-1.277736265044986,-23.706784730333332,31.79324588855294,31.793448881505253,0.00020299295231396286
-0.8211189020325733,9.194439846104054,33.179831611626675,33.19570220587056,0.015870594243885705
1.6269175845905366,6.723061410290249,33.201837906597646,33.21100441582683,0.00916650922918194
2.2972288099819167,-13.949731402565767,32.35671859569308,32.35705943477384,0.00034083908075643876
25.112864000923686,17.22478869048699,34.63268959641908,34.633023647310644,0.00033405089156701706
26.5780989448889,-28.664357863917942,32.615444853541355,32.56747011825783,-0.047974735283524694
8.477525879523164,-10.16819753460966,32.79407004348444,32.792503269722495,-0.0015667737619438071
-2.9592725880797914,18.08035952658787,33.45653156427681,33.44849678911863,-0.008034775158179741
1.988322263204637,-2.880898613508485,32.83144138662929,32.827825514532755,-0.0036158720965318025
-1.4191115968801,-30.46087566676956,31.499645195329272,31.499477630862636,-0.0001675644666363496
-6.687480640337711,-11.069813200326912,32.109720771107206,32.088028556770816,-0.021692214336390236
-24.09815921315122,31.233678793390673,33.817670332583816,33.79076069762323,-0.026909634960588846
-15.411141126682153,-3.1961869457040137,32.00914034436167,32.00307077168866,-0.006069572673006007
31.50661022975268,-24.06883315862666,32.96507987722935,32.8880542072123,-0.07702567001705063
-0.7432373549382163,-14.6819231915985,32.18685146436119,32.191916964415604,0.005065500054413974
23.045095132133945,26.197441385586608,35.03485365457245,35.03418294143439,-0.0006707131380636611
-2.6628900416064596,-21.939266736279848,31.80199738140775,31.802238822123464,0.00024144071571186032
20.54522864420425,16.717980086453203,34.75030297682498,34.726494436555946,-0.023808540269037337
-21.134331210260513,6.196545996700912,32.107941423070315,32.083956798049286,-0.02398462502102916
-23.15113936321292,-29.67413457073947,30.728524606259842,30.75490936778418,0.026384761524337108
-27.31549630602983,4.423846042295111,31.730101958330557,31.88781762239916,0.15771566406860416
-8.86590542563897,6.826644550697743,32.70485013654589,32.70477216998992,-0.00007796655597047675
-0.08884275484922455,-11.735779583323108,32.34207098251542,32.34964500934407,0.007574026828649494
18.899480623682095,2.4683658260683785,33.843527660788965,33.86636500404418,0.022837343255211806
-7.6917521085376706,25.773584318465353,33.65648172327359,33.72447755695294,0.06799583367934758
9.627885500243949,-22.36834532770696,32.297555888762076,32.32906681805972,0.03151092929764587
24.879453804421914,-2.6927022820491686,33.85365073149019,33.74532622467255,-0.10832450681763817
22.551937295595906,-30.117518953582874,32.41880485172559,32.35988172655667,-0.05892312516891707
25.631514958731238,-4.355146881535944,33.80176338792612,33.620350938930486,-0.18141244899563702
-1.8869010917935967,5.7223776376655024,32.99587908634471,33.00321265331518,0.007333566970473271
14.447627316730632,20.33628090209377,34.704663316442684,34.67403785649976,-0.030625459942925204
-30.933497957441645,-4.5916962623263515,31.445499225927204,31.483937883649677,0.038438657722473124
-5.66576309158409,-2.753658338620106,32.49140425229183,32.48614137518589,-0.0052628771059417545
-3.0847780679218957,-27.124536805377808,31.570994118056348,31.56432352213208,-0.0066705959242661095
20.45556065170775,-10.810793193998109,33.28958206586744,33.20082685633401,-0.08875520953343141
-29.50725629091245,30.504820537287976,33.68690626564227,33.65911485831638,-0.027791407325892692
-4.28959916786399,7.138114906040272,32.93534750461515,32.94072353413325,0.005376029518096459
17.169155333837914,8.64772580532049,34.02778880959212,34.15966663259432,0.13187782300220618
-26.887416275129254,2.680990762435968,31.674353816066038,31.799979375316816,0.12562555925077845
-19.6367591754738,5.201581461084977,32.12822434328559,32.14330687185645,0.015082528570864895
23.18580759002581,-31.071609795350476,32.39482428632421,32.33199792340188,-0.06282636292232979
0.10730326309665372,-30.717456262722443,31.56042240881143,31.56313441327961,0.0027120044681794298
18.679622365166686,-19.624144381270312,32.77363082581213,32.76907498039374,-0.004555845418387605
-0.34732614880558543,29.00976378493081,33.90849798058543,33.91401418072524,0.005516200139808802
-24.509844978041798,7.572044487931031,31.876830428617364,31.901762352818928,0.02493192420156376
24.691120649798734,-23.3095138158302,32.810704919646625,32.76478891730143,-0.04591600234519433
-11.090200212177507,-6.869543538528504,32.05655458511444,32.062231851856225,0.005677266741784592
-21.274811684141113,-29.434673351644236,30.719045024020385,30.768740538823806,0.04969551480342105
5.245805657003785,2.675525743142032,33.21997849728048,33.21255112248907,-0.007427374791411978
-17.909028271622113,-31.772148265328454,30.73311104643948,30.708871624228596,-0.02423942221088282
22.97380499158011,-2.71950791522071,33.771355056064735,33.758893018505134,-0.012462037559600958
30.60054037457482,-8.304641148013133,33.632100743035146,33.5099295728009,-0.12217117023424606
-9.712722232647351,-22.88834691353979,31.440792794536193,31.440474732625905,-0.00031806191028849184
-27.54375835511067,9.741957945738875,32.07661948121616,32.0619274001548,-0.014692081061362217
26.832806951199267,-27.385705714926083,32.68450189845798,32.64136588657282,-0.04313601188516003
0.2953635102981593,25.7524354446807,33.63273879386037,33.78149170022758,0.14875290636721417
13.394185920982139,1.430292241679119,33.54885877871443,33.53224105562705,-0.016617723087385627
1.0999379032981906,30.644390984027083,34.18089054302178,34.281267412685246,0.10037686966346371
24.7424163530373,6.649791465575873,34.26711693944357,34.2080766155041,-0.05904032393947034
-21.498962640736273,10.447361124496751,32.115126283750165,32.179256637754555,0.06413035400439071
14.452093330239812,13.217711680682982,34.14765763902709,34.28734662324553,0.139688984218445
-13.48989010861822,-5.451153348419581,32.014379816609406,32.00447091629242,-0.009908900316986546
-10.625948577586769,-16.597427087291322,31.656560942607438,31.672283313801533,0.015722371194094364
12.302207761485619,-2.4508318550104065,33.3080279881687,33.31385300476538,0.005825016596674004
-23.743839316192123,-5.67267590619123,31.52836545259165,31.553256597590295,0.02489114499864442
-17.208191742462027,-1.2995146116716114,31.995770034855077,31.996343031507408,0.0005729966523304597
13.672502911622772,1.5905768053174114,33.56911928056736,33.551311124978575,-0.01780815558878146
-2.1221292644413197,0.3490651119775521,32.77940229076788,32.779020068156065,-0.00038222261181175554
-16.832373541565637,-29.09433395149685,30.760006388547275,30.757434151963736,-0.0025722365835392225
25.657554429283813,-29.609389856570125,32.541648565419905,32.48863108041816,-0.05301748500174597
22.24602929025407,-25.225025227952834,32.63785692890446,32.60027039091905,-0.037586537985411894
29.072675807692562,23.780725156425838,34.864421487695004,34.9023750153982,0.03795352770319482
26.74159354283558,25.866102564461784,34.925530991444084,34.98399082082744,0.05845982938335226
-8.398762822982775,27.188790749145973,33.859503678576964,33.96337846783219,0.10387478925522942
-25.53152799798586,-17.803903418431887,31.077460316339945,31.05059861452958,-0.026861701810364735
-0.9055303072875205,-3.6661806560229024,32.66484826498891,32.66670466713414,0.0018564021452291968
28.17441469534652,23.66599928998562,34.81953520246772,34.893907263581035,0.07437206111331562
-30.65391418027454,21.60899386867537,33.180856736107394,33.266616643152915,0.08575990704552083
-0.17020089870072042,-25.605563722718777,31.76634229115004,31.763163431251368,-0.0031788598986715044
7.419986562819325,6.049453771586542,33.45303851555855,33.44679431373356,-0.00624420182499108
-9.063894618438205,-22.540165263355163,31.484914133045276,31.48443107265316,-0.00048306039211709617
7.232480526236991,-5.764305458529627,32.946944227612896,32.93325817460606,-0.013686053006836119
9.010267620981274,31.58103965878191,34.92750484772525,34.916528430698904,-0.010976417026348884
18.7560388768582,4.47598886162892,33.93279257575547,33.97862880272172,0.04583622696625156
-31.916609804980382,31.596132978746887,33.67141947401589,33.65982266167253,-0.011596812343363183
3.3559845377312314,29.002352656791885,34.173800577946245,34.23304421099984,0.05924363305359748
29.08002804849508,-7.951856122738491,33.643056335050545,33.489902214987026,-0.15315412006351892
0.06995218552823701,25.178677865814905,33.61574465512046,33.76051049987532,0.14476584475486476
10.528512721195554,28.572914530415474,34.79846699855936,34.75562610186984,-0.042840896689526176
0.9575091974117527,7.843203119234204,33.21300250131547,33.225645705186786,0.012643203871313347
-24.861161513657926,12.2583321355498,32.287457054441695,32.26627402776977,-0.021183026671927507
13.369097654224916,9.448364196725137,33.876813858083906,33.98967817923535,0.11286432115144152
6.9006085677190185,-23.234914549281953,32.16386194244338,32.16580600165469,0.0019440592113042499
19.93179333342197,-15.701782641783552,33.019785457243735,32.96711258799347,-0.05267286925026582
-18.77289245459002,7.88100790431605,32.27235158420585,32.230248045480934,-0.042103538724916234
-30.14794499894692,23.346667688561077,33.27982247864488,33.34747726457653,0.06765478593165142
1.767458471886279,-22.36036386077027,31.987761051513854,31.98423596918155,-0.0035250823323025315
-23.56002872753163,4.219684179588157,31.92395108777003,31.934596666630682,0.01064557886065387
-6.10286900923208,10.464467717180398,32.97576019429453,32.98465907794197,0.008898883647439959
-10.32020062943132,0.2974596011078674,32.38593371591988,32.38558824968703,-0.0003454662328508107
-18.685552748361623,-7.513943358752186,31.685889090754536,31.6806192293734,-0.005269861381137275
25.820601023568422,11.657424489176215,34.3606206342556,34.40196901397986,0.04134837972425487
19.29971041509686,8.947383436736224,34.1653538486646,34.2666420924965,0.10128824383189539
5.2108233072452705,29.248497118073345,34.37003430767138,34.44998089048562,0.07994658281423739
-8.145489780403878,0.21203686361760532,32.486105021020556,32.48616327301909,0.00005825199853148888
-27.42814399341257,17.352017586769996,33.085651948473256,33.10286670002553,0.01721475155227381
28.514464390482708,2.4608120483417792,33.983173898126836,34.00790596440866,0.02473206628182112
-22.434715062781926,-20.02865636020295,30.963255154282795,30.983144223628884,0.019889069346088917
19.4697154191786,21.84986510365689,34.96353092254415,34.9441765815607,-0.019354340983454676
16.27032153051492,25.164406660653952,35.065672592595796,35.036167199246414,-0.029505393349381848
-21.981633156531274,21.055471011463723,33.790212253106525,33.739926321339226,-0.050285931767298564
-13.144903389289887,22.019847370239397,33.626547023977466,33.635635526422114,0.009088502444647872
12.401710264388505,-23.252705045422402,32.36534791469687,32.37561419438881,0.010266279691940383
-27.206293469958148,-3.3762152095408453,31.461318342132074,31.565104528944566,0.10378618681249208
-13.107375410502293,-30.410650824885707,30.648244282548177,30.791275380893435,0.14303109834525785
-6.730416248139839,-26.34533752167078,31.435972049888232,31.42961878949683,-0.006353260391403381
22.910355069868345,16.29705944304247,34.57941676513417,34.637619589088374,0.058202823954204064
8.748650199074582,28.387941959964287,34.61862734737152,34.59926058589391,-0.01936676147761318
-12.903602181077794,-1.6123053520504627,32.189358474114876,32.186260012687015,-0.0030984614278608547
27.240467226019156,-0.14566212126798206,33.93561818204296,33.90825636211794,-0.027361819925019404
-23.90777060037029,29.41992202159306,33.74336241677164,33.72166264088392,-0.02169977588771843
8.116731622728501,21.78721829570315,34.34395643974276,34.29903220636907,-0.04492423337369189
5.0624273737278,28.744129231403306,34.312670253646395,34.3547133915608,0.04204313791440484
17.381519883883747,-12.866492705299692,33.07203904069395,33.06916561259383,-0.0028734281001234763
-15.781962356964577,-28.606285023469646,30.766060220293927,30.763866898582446,-0.002193321711480678
-26.048825786876556,11.1700384196661,32.1983596167503,32.16116811471261,-0.03719150203769317
19.781101684159758,-10.494415464481804,33.279455445618936,33.22892784310576,-0.05052760251317778
-14.738041551213755,-29.35611290655897,30.72518644778549,30.814900292668575,0.08971384488308587
-6.746716026862934,31.894031074621196,34.51305799152608,34.51580539776017,0.0027474062340857586
-24.82550246082397,-8.463383263656993,31.34129718933681,31.40747019163923,0.06617300230242051
2.382667679938855,10.41648169647496,33.38143709224503,33.393725904154316,0.012288811909286323
-4.250644477989333,17.661553920515153,33.37482738407061,33.374768822041375,-0.000058562029238373725
25.363071395574018,-11.748430369464124,33.419930205157776,33.25109574480211,-0.16883446035566863
-27.511273532770836,-30.87260821666014,30.784399769196252,30.81313772323572,0.02873795403946744
20.794687061554853,13.477458681406318,34.60051023246025,34.58777728651843,-0.012732945941820617
-18.33205188533666,24.460141868927842,33.79005038853594,33.80253761687713,0.012487228341193202
1.29308563072437,-11.246866275895712,32.42583953038367,32.43144127892183,0.005601748538161644
-30.578514824633224,-19.264611951116443,30.85657608244974,30.913252437081958,0.05667635463221643
2.824050661585403,-21.259313636414106,32.081273269322274,32.075401268389584,-0.005872000932690469
-17.98684329850557,-30.68201915420415,30.776418539786874,30.739590001511896,-0.03682853827497823
-4.850232594086442,24.127437819358747,33.50039856163199,33.538393953122245,0.03799539149025577
-28.747557956648976,-26.506256117154024,30.929373497579302,30.936461426412347,0.007087928833044543
28.699760787819137,-13.058800520841132,33.45929536063659,33.27319511525136,-0.18610024538522651
-9.695794797276946,-14.651086415744466,31.789449744571407,31.798794011056163,0.009344266484756503
16.546284607101768,18.780207745750886,34.799979809821735,34.718326259109155,-0.08165355071258062
9.532915635184708,-27.886275319644653,32.069979000374246,32.04346587908553,-0.026513121288715524
-12.531929588759688,21.504851172417503,33.50209013192623,33.568183508994565,0.06609337706833429
20.19992714678917,7.527140462952779,34.13226262049241,34.222368528051874,0.09010590755946168
24.702858787789317,14.054635314294217,34.46683616135473,34.50806279522456,0.04122663386983305
-29.555787520779752,-14.323861922311515,31.29286012429801,31.24718343049146,-0.045676693806548485
23.98640218936474,30.321388534391332,35.17233892605458,35.17248172574919,0.00014279969461483688
-31.701223574066155,-28.8601215269291,30.905118917109597,30.97191395458309,0.06679503747349358
11.808352436412314,-31.39564356983621,31.999464132894143,31.93904747849171,-0.06041665440243449
-12.030411621822438,3.986817718196704,32.445037925161614,32.445043622779004,0.000005697617389444076
27.664684244254474,-28.984222890719835,32.63461664035478,32.58703579181021,-0.047580848544569676
3.2296767396601638,-2.9403999401111705,32.883085247714774,32.879942159783276,-0.0031430879314982008
-0.9040636684768302,27.557071208216293,33.6774696741155,33.72894459083536,0.051474916719861596
1.001559603597812,-18.894654969629556,32.09439108078732,32.09243661329857,-0.001954467488751277
29.90325049789041,-10.437853978037445,33.54773038821726,33.407226312695194,-0.14050407552206678
-6.123291225947106,20.795655528562897,33.42096790590165,33.39777519056435,-0.023192715337295056
25.260260552421194,5.7250766750166875,34.212661711324586,34.16644707970366,-0.046214631620927094
22.76447262301857,-28.416602977606445,32.50485730288118,32.454003412613176,-0.05085389026800158
6.554772209937859,19.904372065126623,34.142283260912016,34.123637349818566,-0.018645911093450707
-5.141297274533592,-30.610395645899438,31.33361493796859,31.32732734707591,-0.006287590892679162
25.617434048069782,-22.679129030044606,32.8709055954725,32.81143521539115,-0.05947038008135053
-21.07809956422721,-8.781207851587872,31.5217818014696,31.521736236387245,-0.00004556508235609158
-30.292759471753016,-4.588178101802178,31.420619048181212,31.485825056148354,0.06520600796714149
-30.603024690374788,-21.631390153687477,30.859567716811494,30.93216613688803,0.07259842007653461
-25.139824600675908,13.40713929679918,32.50917149066314,32.44066448175063,-0.06850700891251194
19.97232261764691,-1.3027199616777665,33.70414414853926,33.70858985691773,0.004445708378476354
-18.766590861387762,30.374288435914465,34.14546487330455,34.23750804544685,0.09204317214230429
11.107691887899357,30.524095657317062,35.023019434359156,34.94773829720986,-0.07528113714929674
-5.421875179566825,-22.496455318474624,31.653239479704766,31.653067732193442,-0.000171747511323872
21.43662847974715,16.322713240860892,34.69445333663341,34.68342221139377,-0.011031125239640005
-1.8152484068829864,30.8398978113294,34.196987610294975,34.21114406998496,0.014156459689985468
17.290205748297375,6.433956625698102,33.93898007557925,34.03120689146695,0.09222681588769888
-6.577678279884694,4.951515755791476,32.742428293791384,32.74231133979453,-0.00011695399685152097
-24.224388105411613,-6.266644309972158,31.486499092902818,31.506243130108025,0.01974403720520712
-17.929670128955458,-24.38343391602993,31.05381602239411,30.98632055083296,-0.06749547156114843
14.523629101804154,-27.660373342738893,32.259887714073216,32.22012230733791,-0.03976540673530593
-10.860949963210913,-15.40042809965854,31.70161704606224,31.714670662885958,0.013053616823718528
-12.716894024864843,-16.551972679241217,31.564767238992832,31.582168069388064,0.017400830395231992
0.9830967904333292,2.231827629503364,32.99924347965248,33.00129958972657,0.0020561100740934535
-27.36437745826059,-0.1916560529133946,31.584468003299293,31.729832531605854,0.14536452830656188
12.04403795033381,19.4018467292666,34.518660536304594,34.469597471672195,-0.04906306463239929
-31.850151765450086,-21.980060296884858,30.800520608143145,30.95532805255594,0.15480744441279626
29.018603609258875,23.636380191403397,34.848727234579485,34.89589099043095,0.04716375585146437
20.12187718320329,-11.367813993666054,33.249608794682494,33.16371104733935,-0.08589774734314659
-18.725974733249913,-12.488849477210195,31.499769483025453,31.479485484560538,-0.020283998464915243
24.23939950453608,-28.89196119951479,32.52989462465425,32.47845354266721,-0.05144108198703634
13.158074021425016,-16.915786193930956,32.71229124120333,32.704410598134075,-0.007880643069256621
-15.835729159541444,28.22148091095862,34.14860696591286,34.33381714264228,0.18521017672942008
-14.892638073510497,-26.90702664871209,31.071680899796682,30.920288413719597,-0.15139248607708566
23.85109915847829,28.65864599838521,35.126345639667925,35.10930244330837,-0.01704319635955187
8.821781371031896,-12.210162330601818,32.726184985442984,32.718206971683124,-0.007978013759860403
-1.0507367524691062,8.98716004625021,33.161065957788175,33.17596301197037,0.014897054182192448
-23.14738312363599,26.434509348548595,33.6096915469385,33.63040045828916,0.020708911350659776
-31.61172714775055,12.267367175753563,32.90946071217343,32.89545687315639,-0.014003839017036057
17.94407185933313,7.324918412276887,34.00755514876842,34.11116715553577,0.10361200676734938
-5.6898433065137795,1.017294278554651,32.63454432402457,32.634221488268686,-0.00032283575588110125
-26.917245900378433,-0.14745540254057232,31.613168356225763,31.74646924290872,0.1333008866829566
-8.04385919921615,-16.02527140107265,31.79794687443587,31.81144603561194,0.013499161176071084
-20.835558741556014,0.8438533660218823,31.904664775823402,31.96111666151113,0.05645188568772852
2.7256121270281355,9.423018727323871,33.357904395889264,33.36936221536823,0.01145781947896296
17.47136236968671,28.360209501677502,35.20741683140747,35.22709699747657,0.019680166069100835
-0.8907402994773648,8.856930257394225,33.16357210393596,33.17867922608874,0.015107122152777208
-8.523319936686853,20.053220247981635,33.27314448709247,33.313907347397524,0.04076286030505116
-13.3496507963292,-15.405403800900217,31.601039701085163,31.60479459549736,0.0037548944121965633
-7.272970273525139,-3.9363093791698063,32.369335908361904,32.362017274936186,-0.007318633425718701
-14.669938946860611,29.62648928032273,34.46847456860823,34.45756732041409,-0.010907248194136798
15.438001441266614,-22.459669070367163,32.53038462425569,32.516658233350725,-0.013726390904963637
0.6520619481221885,-4.813293139894704,32.676838425169734,32.68490538148819,0.008066956318458551
-28.87120256304874,-25.516814055685664,30.962696839835054,30.9605781675529,-0.0021186722821546766
-13.45639229816694,-8.980249648858724,31.868249382464963,31.864686016205123,-0.003563366259839995
-20.979603302434498,14.473404959957897,32.29540006921231,32.315518809909946,0.020118740697633086
-16.973842678880324,-14.300057392264392,31.51467224840919,31.486098434670506,-0.02857381373868506
-22.27442774937174,23.144482031157537,33.588718752052706,33.58401232601084,-0.004706426041863665
-7.938876697365799,-10.157315385980006,32.084367838754034,32.07281069738569,-0.011557141368342627
1.3958142226415973,21.28958357893523,33.847474424850915,33.7772029941365,-0.07027143071441344
-16.6022968613119,-5.219009350002352,31.87476782590509,31.866697148495,-0.008070677410088933
27.535221816336424,10.36601434005155,34.340832346072354,34.335775965566235,-0.005056380506118785
-17.01025221059519,12.384362919906565,32.52812318992239,32.48082081083414,-0.047302379088250746
-7.552717049788889,-9.670750585688474,32.1195464680592,32.111113066869805,-0.008433401189392953
10.472679166962777,19.271066902602257,34.395619042457305,34.36024916248443,-0.035369879972876106
-24.923108076828818,-19.939809881598038,31.003748785338185,30.990001035424033,-0.013747749914152507
31.247587079739617,22.435306661183965,34.8642681153001,34.85231913636233,-0.011948978937766697
30.14766124979728,3.4244381008901428,34.03810684170768,34.033632981740794,-0.004473859966886096
18.459960397789537,-10.092002546517278,33.24896962284991,33.24268289179536,-0.006286731054551353
-21.070734584898794,18.18559212209199,33.40601044598719,33.32820794539229,-0.07780250059489902
-21.278907242122877,-25.921950644330003,30.785375298217517,30.8646100872039,0.07923478898638336
-31.251371816578512,-29.80172934739482,30.878069250753185,30.935493223413836,0.05742397266065069
31.099435880984608,-8.295672252774729,33.63674284733239,33.52158302542059,-0.11515982191180285
20.45923343151732,19.889043364120127,34.85203361690789,34.85159982137619,-0.0004337955316984221
22.693057144265254,26.44127776824439,35.04291690731169,35.054743848926584,0.01182694161489195
-26.303793561333762,27.41552160593274,33.51578372355066,33.66673433856942,0.15095061501875762
-27.21601300111302,-28.063078598780606,30.835511655475322,30.867908227577246,0.03239657210192348
-5.497427925934126,18.157795428933802,33.335569575381086,33.33549516568556,-0.00007440969552874321
19.434074497710675,21.033855564912386,34.93066664155226,34.914151400173324,-0.0165152413789329
10.976637520260809,-9.99101680700101,32.91628465501581,32.911098101313726,-0.005186553702081653
11.20136175607103,-30.999607214156462,31.995215940122826,31.939246657656884,-0.05596928246594146
-0.6787984796750095,1.2648914888147544,32.8832480004267,32.88410502724789,0.0008570268211940402
13.981263944284386,-1.0592458410898757,33.45121492852153,33.45327036856738,0.002055440045850787
15.264654374721466,-16.786762713129697,32.79908830348597,32.801391008487776,0.0023027050018029627
16.666279528169632,14.383231078464625,34.460516837747875,34.48500876189779,0.024491924149913302
-25.616476937220092,-12.039726829422058,31.208403971709984,31.27326062049063,0.06485664878064412
-12.963280694886599,-3.502498552062306,32.11464995659472,32.10768449857717,-0.006965458017546666
-8.62562685796886,10.92465464207325,32.87310714959964,32.879667649860515,0.006560500260874846
25.43335490400444,-19.257492635401988,33.03294765370435,32.94669872748003,-0.08624892622431446
8.718775652748512,31.43643883658965,34.8859243105377,34.88471799168876,-0.0012063188489435106
-6.16925717466502,-6.944942151904613,32.280164311665445,32.291325886595494,0.011161574930049767
-7.09347850384782,-21.31768727565578,31.624674936762247,31.62466954865004,-0.000005388112207072027
-14.052068774294497,-2.3884189785745207,32.10477345256166,32.10032768069829,-0.004445771863366588
-17.300524925604364,13.805572629850289,32.56904997478473,32.49268190846562,-0.07636806631911242
5.947623190389763,-26.65326619724088,31.968938449472375,31.98799979540937,0.01906134593699349
1.791439312761156,-28.42933340640645,31.71586039046801,31.720580025558036,0.004719635090026486
-6.444792759686678,24.6859461535889,33.502530450937755,33.579858229787575,0.07732777884982056
13.608194515607586,-1.0117586502040012,33.43717344649415,33.43850004247705,0.0013265959829027452
-6.547221858097764,8.089154970861657,32.864121933076134,32.86676782931727,0.0026458962411339826
30.459417952709167,18.61122089706241,34.66808671058766,34.683036752935934,0.014950042348274906
9.429588734250999,-11.24170312419303,32.793852178068185,32.78713064614415,-0.006721531924036128
20.547788498743977,28.1461483575385,35.083585176246395,35.160590850476254,0.07700567422985927
28.976509709543826,-4.915325941542136,33.780687121913644,33.61129577365651,-0.1693913482571361
24.92547646965692,12.3445114848707,34.37918151343865,34.4370474528374,0.05786593939874507
-12.181595227406575,20.912421288776905,33.39521380343722,33.50056844142655,0.10535463798932909
-4.349247439518464,-1.2145549772518578,32.61308297266066,32.61066532598684,-0.002417646673826823
10.831849445149082,-24.745629716054196,32.24657639276256,32.247242704203366,0.0006663114408027582
25.47516840241012,14.39198449381476,34.49629698008461,34.51543987921448,0.01914289912987499
2.0371869607437745,23.94678478289194,33.854215023827784,33.90692325114213,0.052708227314347766
-5.395598699519184,-4.430038213341206,32.42909108633988,32.431881756175976,0.0027906698360951054
-20.618745623899812,31.916437306679228,34.17218914620274,34.1939975310372,0.021808384834457684
-7.10520188797171,31.42892530431582,34.45817318931708,34.459695593782314,0.0015224044652342172
-25.401688695103438,-4.752715879757524,31.510319481530477,31.54935440196056,0.039034920430083275
-19.011059486206534,4.732969101569864,32.14032240552865,32.15267859804929,0.012356192520641684
-26.126207655740977,-2.071262528555046,31.589149700801265,31.669170059441182,0.08002035863991708
6.142803321979663,16.40982568098822,33.82967385346608,33.93233319227444,0.10265933880835831
28.297258512981116,25.234469507439663,34.90178220054738,34.96256272313932,0.06078052259194067
21.527759617229016,7.760606461835238,34.23215374572443,34.29458224231022,0.062428496585788196
3.1555626094583715,19.541962811789467,33.83478115160641,33.85632314279898,0.02154199119257072
6.426664824188208,-1.9684700571539722,33.072761998584994,33.06916755817561,-0.0035944404093868343
-6.506976316327567,-15.59511551471926,31.886279390477608,31.898000052292847,0.011720661815239453
-16.55937350305821,13.075025533487072,32.576041423824435,32.54434612684108,-0.031695296983357935
1.4991339460116677,-30.116508641248316,31.64717282691934,31.656135413479564,0.008962586560222974
-23.618074491992196,-8.967080463126827,31.39730303029035,31.396113384662453,-0.001189645627896141
27.839342557591777,16.540362874722994,34.57043934820622,34.583173151806015,0.012733803599793703
12.276401492754452,20.41460085492399,34.57243006036417,34.53605891586935,-0.03637114449482226
5.801687684137576,-13.833867762831574,32.52168784858863,32.51522951607688,-0.0064583325117482104
9.254320915877273,-25.201187581415738,32.15784106639845,32.17173334480921,0.013892278410764902
3.7187165719674553,15.854631377894066,33.685821866267894,33.74436172194937,0.058539855681473796
-5.1930844238521345,-2.33567329265572,32.52997552985254,32.52545730747404,-0.004518222378500525
5.029353159207865,9.061440233646643,33.453930598988975,33.45936352898873,0.0054329299997561975
-9.342236650309665,14.616109841305061,32.99095618448123,32.995166497242444,0.004210312761216528
-1.8986288883072149,-21.49465840416525,31.855382137383955,31.85542490178417,0.00004276440021300232
-3.608030220554596,-25.288568470571434,31.622199315558646,31.61929867128627,-0.0029006442723762405
10.206067840059063,23.408843198279477,34.38588771861514,34.50617818639176,0.12029046777661989
31.794910113977075,11.51276149157411,34.30517427788955,34.379650627778524,0.07447634988897534
21.94675008212323,-22.967634760920888,32.73481446109865,32.70595445715179,-0.028860003946860502
-8.495635577733594,-1.9532225174870845,32.38698718272663,32.3830824240564,-0.00390475867023099
12.768652001516777,-22.15897827259161,32.426995041080175,32.4437539428003,0.01675890172012373
-15.682839127934677,-20.415229015124595,31.268564616856537,31.280049113379224,0.011484496522687238
4.852704605521595,-19.361350970112056,32.25186439644756,32.241607311550396,-0.010257084897162372
16.1573899745621,-27.93690487841217,32.30552032449961,32.260006989952885,-0.045513334546726014
-21.253431655113324,2.7259686297813985,31.960199388901106,31.97808734413482,0.017887955233714337
-2.9264976131156075,4.248940508170534,32.88998728132843,32.89234394652042,0.0023566651919892934
20.499374916738667,-18.693592272152884,32.88530812693792,32.858041215807724,-0.02726691113019797
-23.816859944860504,15.369316896894787,32.5951279771867,32.57721016685974,-0.017917810326956385
-12.892697014361111,-14.933233514883227,31.64719067503723,31.645586571528575,-0.0016041035086544753
-10.311321359474078,-26.899453990092496,31.24880184028108,31.179782163539283,-0.06901967674179588
3.6661265104196943,-17.453201184243532,32.27606129936562,32.26776430351801,-0.008296995847615563
-7.6313542972485,-24.378517968080104,31.475070203240367,31.47411230862986,-0.0009578946105079922
-18.752161002468675,1.3274017647006673,32.02233716634002,32.03484795923358,0.01251079289355772
-15.724583645093901,-9.019248866712495,31.761271129030355,31.754817473224097,-0.006453655806257785
-16.583760005983393,23.725272598181178,33.86235663736061,33.88066634184987,0.01830970448925484
-29.025482398810404,7.155863639917584,31.799414448038362,31.97557322973128,0.17615878169291577
21.725998572763004,-27.88269149126547,32.49597824219242,32.446988942956374,-0.04898929923604811
16.341905273415506,15.107895754083344,34.50714486803548,34.5158117339988,0.008666865963320447
19.168281526261133,-19.660748939312548,32.79368329555179,32.78336527514762,-0.010318020404170625
-20.25655928264632,-4.33593148288616,31.73409069362867,31.73694847238229,0.002857778753622142
-12.926491951300576,2.729836354765318,32.354262664212804,32.35417624989517,-0.00008641431763578566
9.280390694982273,-30.686734961459955,31.940658088747643,31.891721977081676,-0.048936111665966564
19.491057475415552,21.469639222923284,34.94683197502939,34.929465083729596,-0.017366891299793963
-29.90976966640259,17.511602585437217,33.20009359917486,33.123296502361754,-0.07679709681310953
28.27623824960282,1.2905466315148857,33.937149114319865,33.9624823732161,0.02533325889623228
6.454220179401176,17.59071647168988,33.91761967701021,34.012474665607655,0.09485498859744723
-0.6874985173647872,2.8946932510345533,32.944996817129336,32.94917040244439,0.004173585315051298
-8.200634849470589,5.8694282177042965,32.70030340447861,32.69992531526497,-0.00037808921364046455
-5.137680156392236,5.063568945981345,32.81580674908441,32.81535728471605,-0.0004494643683585764
5.640113186936972,26.530536530625334,34.17581160027295,34.28007972442507,0.10426812415212083
23.69667222781328,-10.916539591179216,33.40728648827001,33.247290670699805,-0.15999581757020565
5.882915260377999,-22.133196143721023,32.17982253744843,32.17103182879361,-0.008790708654821344
-26.781683171476757,-12.059154810869245,31.222205335076403,31.300776591878783,0.07857125680238042
-9.15985874486821,12.419995943540243,32.90515242193476,32.914485514775635,0.009333092840876134
-12.189098772167405,-9.114074426865201,31.923120250358927,31.91983792690272,-0.0032823234562080472
16.523462263502452,9.829866709861577,34.050335155210334,34.205311862008145,0.15497670679781095
6.473123436042734,-25.389656960515737,32.034046040544084,32.067446635410214,0.03340059486613001
19.120606512061144,-28.078933654339593,32.40091344105022,32.35075611260359,-0.050157328446630345
-28.950263149252066,8.3769727274437,31.957137977496387,31.995707437671875,0.03856946017548779
6.383680048942487,28.348944274881532,34.39808760051124,34.417532196867334,0.01944459635609519
-25.51366613445809,-4.850688158076956,31.50141592824402,31.540554975403264,0.03913904715924588
28.75945218616034,-16.05967331051383,33.30805616228064,33.15226293623859,-0.15579322604205004
-9.116871173294477,2.042835888007538,32.51001778912796,32.50980787419147,-0.00020991493648381265
-14.172495198477378,-1.9990996608645943,32.113929176852594,32.11017442410932,-0.0037547527432764127
-14.212865975131756,-14.144107574385707,31.642687262983003,31.621687339988632,-0.02099992299437048
-31.022586692527142,-11.264992903773525,31.489645396359222,31.322276959067242,-0.16736843729198014
-7.7040961752634445,19.20234132576725,33.27340198318535,33.273321092400614,-0.00008089078473716427
-30.459394818088427,-7.888162651250582,31.3899762094899,31.405538017947002,0.015561808457100312
28.599367209158267,17.083654913591246,34.56326837946772,34.60942767246066,0.04615929299293953
29.912417661038404,-22.70977210210379,32.97785520908499,32.90736456972317,-0.07049063936182165
-21.31889703144114,-28.5912870982989,30.738915764864757,30.792536252095463,0.053620487230706004
-23.56965050775638,-15.604968879143826,31.092191996350603,31.094069876773702,0.0018778804230983326
4.405456391830938,-24.05085754538186,32.02987328099318,32.02559570425038,-0.004277576742801159
-23.438445252617896,-12.115755163774068,31.281738913882062,31.260829023978353,-0.020909889903709455
-13.589795323348156,24.18372943359318,33.858611311487984,33.814753685267,-0.04385762622098355
-26.349390560496794,10.800121590970967,32.15789246694333,32.11159815238106,-0.0462943145622674
-30.85323206203413,-30.133023050732994,30.86660312948761,30.913415233894934,0.04681210440732286
24.87426573046242,25.43525554317126,34.98568732073359,34.96722958870271,-0.018457732030881857
-2.2199885015207244,-9.623911449286389,32.367472846838574,32.34813563074546,-0.01933721609311334
-27.82474689000474,18.495455824753186,33.225254547265074,33.20742843632616,-0.01782611093891262
-13.272456733592136,-21.537167789015115,31.33310652809714,31.33647055453855,0.003364026441410317
-18.81684095839438,-29.986777374277224,30.73333125716827,30.757717788793787,0.02438653162551674
-22.79211202616731,23.08340964812745,33.578077163551214,33.5764898791679,-0.0015872843833122374
7.267881480782734,-30.164621222620838,31.891462924329343,31.85188295880712,-0.03957996552222198
-3.315433813796986,-30.58278187662318,31.413737972173127,31.41032231852881,-0.0034156536443177288
10.358604124931581,18.753061276009277,34.344499140873936,34.326567471765365,-0.017931669108570247
0.5449800081069753,27.394501422801547,33.77016460564992,33.803719211852425,0.03355460620250739
25.73890069958606,24.867195527115122,34.92312830877662,34.93721575080381,0.014087442027189923
11.824773794879015,30.044407709957135,35.04583810660348,34.94725569211904,-0.09858241448444005
7.258076366840115,7.779108465964974,33.51099402369134,33.50895813662134,-0.002035887070000797
6.877294187631335,8.485519874650741,33.52010913064288,33.520069053726296,-0.00004007691658358681
-11.676976778460997,30.28489314182041,34.42424183484161,34.476717436967384,0.0524756021257744
-0.8351865621091008,-9.731955035644582,32.42389218346742,32.40442655929761,-0.019465624169811235
23.830762091140613,25.347207757963425,35.00235621906505,34.975910415436694,-0.02644580362835569
2.8349986707948034,15.820212890045504,33.641005377246984,33.68451710142282,0.043511724175836264
12.317909838429486,-28.993324687566165,32.12246043997049,32.0789080514465,-0.04355238852399168
27.700885307259988,-0.6365233041137373,33.88615885581508,33.86941889063438,-0.01673996518070453
21.247864860061597,3.3637890668591695,33.991732573927905,34.02257984560408,0.03084727167617274
12.891610402446155,1.542484276148059,33.53235496320309,33.513945408858696,-0.018409554344394508
13.042448406452323,5.905830230571972,33.71545831003234,33.75510722157437,0.039648911542030874
-21.47685782634627,-9.280685550324833,31.484106878689914,31.48370702211209,-0.00039985657782537487
7.010474471529321,-18.465104861416187,32.38741235670015,32.372508942264545,-0.014903414435607942
-0.5660761850278817,-7.751240817014626,32.51310125292542,32.50294048235282,-0.010160770572603894
13.979355082638016,-19.022968998675452,32.63566798633672,32.64437475888206,0.008706772545338026
23.27267766414706,-11.02666344280209,33.38639520429694,33.23320995248943,-0.15318525180750697
11.028884058313722,-2.3114055808470653,33.258699705771754,33.262411123066244,0.0037114172944896495
-16.177662029523376,-29.53954161011702,30.732436861059895,30.729938009336948,-0.0024988517229473928
-19.09280804939494,-0.2932097137275278,31.94440295087409,31.988591700059352,0.044188749185263276
15.663005887886811,-3.204807072333786,33.42944902238083,33.4320904708137,0.0026414484328682875
5.908324137256876,10.549401545881906,33.55968178166682,33.568198796015935,0.008517014349116891
14.693094738269572,19.614986434904374,34.70527125424524,34.65356975678141,-0.05170149746383146
11.006098695643885,11.30017861777766,33.8425060199799,33.946653202785214,0.10414718280531332
25.76392729763994,14.253806906000023,34.49115177224913,34.50750183893386,0.016350066684729825
-2.5919303472508943,24.596447739990325,33.50470737282551,33.60925545281396,0.10454807998845439
-13.258575322649428,27.429249295572326,34.18424442832995,34.212691374423756,0.02844694609380838
3.662673174886102,9.445906601686772,33.40368177297111,33.41280116686574,0.009119393894629013
1.6801806272372488,11.511323321907298,33.39482697811791,33.405849501960034,0.011022523842122212
0.38638591452667015,19.22431456188334,33.67080267050685,33.637868471765124,-0.03293419874172798
12.895022387270224,-6.945133296548676,33.13395410222667,33.13654214666045,0.0025880444337857966
-29.680123319249773,7.968014685318728,31.95110475819422,31.983001918038052,0.03189715984383312
25.525103343099772,-8.480535565570214,33.59740771048025,33.38792551912712,-0.20948219135312485
25.846358728037117,-12.301476656472587,33.40649754254902,33.23949445606626,-0.16700308648275808
9.766396416002245,10.688819862426215,33.75486072638235,33.828811511165924,0.07395078478357675
-11.32545440457362,-31.74925858059843,30.617304310584824,30.673442982763625,0.05613867217880042
-14.002486488836887,29.006031298583352,34.39472434894718,34.38415014199185,-0.010574206955325849
-23.802085809180703,3.519917731791736,31.898915885389123,31.90617966072969,0.007263775340568657
-21.303545835795596,16.80153128325759,32.93725224559712,32.9555362583608,0.018284012763679414
-24.451580210356745,31.4583283164851,33.801289167105175,33.79205530990134,-0.00923385720383152
-0.5525693614945837,11.750858946350242,33.29596196609042,33.31178185375719,0.01581988766677256
-6.8701160604695275,-30.958417437967825,31.240679301687432,31.23929781084522,-0.0013814908422133954
31.374949703980363,9.420562708386875,34.23242691344998,34.287078015333115,0.05465110188313815
-22.135936436450805,27.43352971732353,33.71432108739938,33.72190156197217,0.007580474572790763
-10.316159738105036,-13.584845537751754,31.82844775785037,31.818107219263105,-0.010340538587264803
25.95174877357318,21.651821560434456,34.82243746419548,34.80536419498855,-0.017073269206932196
-1.6461929480867354,-21.513458707063457,31.86622325192252,31.86622116091456,-0.0000020910079605584997
-7.1014310673215135,-25.30433542559097,31.461231687339897,31.458579265927924,-0.0026524214119731937
-0.022548030712115974,-23.738237985403337,31.84969528104185,31.84966654068964,-0.0000287403522101215
-17.00781391455034,31.435649068669605,34.51505592226644,34.54655559632798,0.03149967406153564
31.458723367873823,-16.832782414259327,33.256748711345494,33.18183300610375,-0.07491570524174307
-9.807594045045668,3.0111219491498105,32.513668033179705,32.51386279890405,0.0001947657243448475
13.055516181709457,10.259251389782229,33.89712648497182,34.01798306340177,0.1208565784299509
-10.561079320215661,-18.74978525467334,31.571449406051446,31.57963072177687,0.008181315725423133
-10.711370346543895,14.528315152690439,32.91954093574939,32.92441025454187,0.00486931879247976
-26.88795026544848,0.018795896926711464,31.619847983706173,31.755545677364026,0.13569769365785334
-15.517715514724628,12.006773994499248,32.58540749144526,32.58590798005434,0.0005004886090773653
-1.7744245071156826,-29.123689237535466,31.544310529218617,31.53801381369689,-0.006296715521727947
20.61687798738798,-23.406742432149258,32.66845340965761,32.639479708891926,-0.02897370076568251
-16.090508611815793,-8.185172947509884,31.773486652691055,31.77099165089396,-0.002495001797093721
-9.739172622036719,13.30061583653928,32.91300823489602,32.92200322706008,0.00899499216406241
-27.072988943233057,2.620733466912597,31.667631145874793,31.794412755071505,0.126781609196712
-27.773974676982228,-17.124545116314287,31.035109304912606,31.117426623099536,0.08231731818693078
-1.9631611720513504,30.225957800142886,34.09679037890358,34.11274903871707,0.015958659813492204
-1.081974168171513,9.665227360049045,33.18534411916865,33.20166073305095,0.016316613882302988
10.432294425461144,-15.713911718613161,32.65661588792794,32.63527722502301,-0.021338662904931027
-1.0185814919241878,-28.18339640063453,31.6176278178754,31.614618857239655,-0.003008960635746405
12.840803743319874,-25.406638760140986,32.29805342706107,32.279852341210564,-0.018201085850506615
-23.568448613995805,24.097414891867572,33.50613659060441,33.51061575641096,0.004479165806543506
-17.79778766576559,-0.7863929709293416,31.98762025864033,32.00365858116194,0.01603832252161297
13.197469441252252,5.701140982301993,33.71512154885859,33.75292198759417,0.037800438735580144
-0.5396103021482901,31.691793768706482,34.341515172396285,34.345535068923866,0.004019896527580613
20.210497185010638,-0.6374365311325008,33.7463912731871,33.74929835375714,0.002907080570039966
16.013518341769213,24.281290375253597,34.98300908677473,34.97677636268817,-0.006232724086558505
13.139335747606559,25.601598241386824,34.81001363072891,34.811102512916484,0.0010888821875738586
12.046085434837103,-30.899983366280047,32.029403462643415,31.97229057906906,-0.05711288357435507
4.237579385800444,2.7998659611893686,33.176751207785514,33.17179977794599,-0.004951429839522348
-9.488190086960678,-28.819268611754275,31.20795311278248,31.174930983817625,-0.03302212896485557
2.257510980382527,-25.793862708594908,31.8613969011317,31.859090309069224,-0.0023065920624780745
-0.421690766906444,-6.156516008119482,32.57570386385517,32.57907167522796,0.003367811372790186
-18.560018135643418,-30.197937491137083,30.743014963148788,30.75222086077785,0.00920589762906232
-22.816462197465704,-11.065142581206004,31.358345741586533,31.340747012016422,-0.01759872957011055
23.729617208581345,27.263052361056722,35.070333059125005,35.05651452752586,-0.013818531599142148
15.05589999703406,-19.205720117818544,32.65807775169147,32.670628877631785,0.012551125940312602
18.990895273644043,24.535890208341407,35.03450888926338,35.05433585888961,0.019826969626230095
-3.3777627839943634,21.502879862148696,33.58661595676275,33.53560410798054,-0.05101184878220977
-13.779105007761558,26.99682692577486,34.132871153715556,34.17717201823292,0.0443008645173677
16.692539452382142,-22.315716336453463,32.58288138015738,32.56552830653038,-0.01735307362699956
-9.582242620253922,12.566495484724712,32.890635014775896,32.899741318414115,0.009106303638219515
-11.69451118374807,-2.6353443014894893,32.208326146912285,32.20300860989761,-0.005317537014676077
24.69622413645684,21.485600086018387,34.845835770163546,34.80883855737235,-0.036997212791199274
-15.016134142164084,22.42350463483448,33.723829548196676,33.72762047464473,0.0037909264480546767
10.374824877282443,3.9366149351209643,33.51316849524489,33.495960391511865,-0.017208103733025837
-28.89443182238208,-24.0236633281336,30.9938518400131,30.993165780621517,-0.0006860593915831714
13.187309853723406,-26.935878884425357,32.24451911940691,32.21301362931272,-0.031505490094190236
-14.156666378834892,-6.164356157422027,31.953989336479523,31.944059661853913,-0.009929674625610119
7.338051252367933,11.509964843166088,33.67200231640624,33.71948110962161,0.04747879321536885
-9.271497375866517,30.6126088533927,34.43814186226142,34.46782922592808,0.02968736366666036
-15.38574895607475,26.00026891334229,33.968185507441184,34.10177599215359,0.13359048471240698
-24.690337062107048,-15.078619832352715,31.10018423627546,31.11231865188481,0.012134415609349247
-7.144596817432074,8.174214533188064,32.83867984470878,32.840504092186336,0.0018242474775576056
7.656504560640045,5.056104333058769,33.42602416405514,33.41760608732384,-0.008418076731302904
16.23689891890848,-5.6782807922306375,33.33955986678741,33.345416668935,0.005856802147590656
-26.407630605564144,25.988491783274746,33.45764301826574,33.58855662211418,0.13091360384844108
-23.587255992384208,25.140510099207447,33.52124737422452,33.553217529677276,0.03197015545275406
-3.4133035412687036,-3.953409277245555,32.54014443038234,32.543639656833356,0.0034952264510152986
4.065313817677804,11.260080543169536,33.5006436346931,33.503978101305755,0.0033344666126566835
-14.244253715498495,-7.856010494180751,31.872961265979875,31.87210546466183,-0.0008558013180461899
20.03680848706049,-5.093404811728377,33.53086441734512,33.539187992297755,0.008323574952633805
-13.275427298816986,15.82558026135527,32.85083085884639,32.85155584256835,0.0007249837219589494
19.334875121366608,13.778155744402511,34.61550673760206,34.554000316160206,-0.06150642144185525
31.87369739561379,10.827016090385229,34.262529150393085,34.35014743308694,0.08761828269385319
-29.670650341402407,22.290750619836878,33.19596849464607,33.27927276215786,0.08330426751179232
-7.204049883966448,9.1060413689518,32.87125584988615,32.875191615938235,0.003935766052087786
-31.334022245368047,-1.098844395652847,31.53938967735074,31.56729476361505,0.02790508626430821
-18.30782275131964,-12.208394032080896,31.52923889403018,31.5096164735145,-0.01962242051567742
-22.630510739319618,2.3353437247751927,31.900799470955267,31.925976301169012,0.02517683021374495
-1.887025395672893,-1.1825149902907341,32.7322129700033,32.7295200305581,-0.00269293944520399
-28.30481394814155,1.4006974899274311,31.587689548192053,31.730850379693898,0.1431608315018451
21.289455602804985,-9.226870943299275,33.39888152865778,33.30730190078131,-0.09157962787647023
4.083261177635144,-6.344257851156144,32.77977936079691,32.76782619170985,-0.011953169087057347
13.937941502434704,-5.00049201666571,33.27830617546697,33.27222423966573,-0.006081935801240945
-1.8721585739486883,28.13907704783712,33.75916971244832,33.782300197166045,0.023130484717725608
22.10580972691919,9.01418546994232,34.35855764283891,34.36732884778156,0.00877120494264716
-18.3728066212921,-2.9684867098263368,31.8763140787876,31.876853801987945,0.0005397232003439001
22.13058211458631,15.199851164562851,34.61620875750335,34.616902545085345,0.0006937875819943429
10.120086066705348,-19.076821913537927,32.49080047542976,32.483065326311184,-0.007735149118573759
-26.843191247983924,30.2534033235436,33.651971729229,33.68704158896032,0.035069859731322595
12.521864603281252,6.29047924471277,33.70571657109008,33.74422511798066,0.03850854689058281
-27.64246806147591,-4.938002040525092,31.36803702086995,31.484817634221898,0.11678061335194911
1.635339994313476,-7.644664281381154,32.61966236194517,32.60398985369115,-0.015672508254020556
-15.631711807520183,-9.573212598497207,31.746247364365523,31.73705893146362,-0.00918843290190452
20.09875966797533,29.58847319275415,35.12893263455205,35.22338987018584,0.09445723563379005
-11.885698765190284,-3.8162649029588565,32.15363028628868,32.14656877128738,-0.007061515001304031
-30.47110717267391,19.047552406576266,33.237276795727624,33.206709285548605,-0.030567510179018598
23.22952939821794,-9.464853317543266,33.46194436384579,33.295875980928585,-0.16606838291720294
-24.54796339957491,-10.566555787493613,31.26425788786097,31.315999402288845,0.051741514427874336
-5.026017647210509,17.49079788991576,33.32931959908203,33.329192466076265,-0.00012713300576194797
-5.084373869654129,23.100443959341405,33.59025582367867,33.476915828817745,-0.11333999486092239
14.165216446318013,11.28852120123819,33.99885107248004,34.15247889497756,0.15362782249751916
27.405629740360858,15.938801037741264,34.56263503559279,34.56235261285566,-0.0002824227371291954
8.815196797611954,2.33957266135355,33.37749500077132,33.36101113101979,-0.016483869751532154
-28.74386765539205,6.843442051574449,31.77425695533602,31.97223897479287,0.19798201945684823
8.456979865494795,10.89634042685487,33.69983023397684,33.755698548148054,0.05586831417121374
0.744414517724266,-4.843689532840472,32.67941240309942,32.68761019218131,0.008197789081890505
-20.419422708509394,19.193324582290877,33.72081432161134,33.55539758672101,-0.1654167348903357
15.086199379151118,-25.65257885427627,32.37048593506441,32.341535877801626,-0.02895005726278299
21.87682177517626,-18.034209311447135,32.96934702851076,32.91607647981354,-0.05327054869722048
13.362829100706563,-31.199744309755594,32.06194888243848,32.00049912686293,-0.06144975557555199
-24.053082869204054,-10.066612653576158,31.324627238031823,31.327428321226186,0.0028010831943632297
12.688808672594021,12.033272766411024,33.95751427449812,34.10078347159919,0.14326919710106978
-17.799868044227573,-28.21550548373544,30.804825143726056,30.805281809132698,0.0004566654066415765
-21.593019542629698,17.29477200820463,33.08974910003178,33.10714392853027,0.017394828498488835
-0.10358905418294029,-28.47379745625097,31.639397659446004,31.641634449996634,0.0022367905506293084
-27.90083998311215,-15.158321125352629,31.160798204794958,31.183869486967566,0.023071282172608676
-17.751505639800335,-4.554028218260953,31.845736626211647,31.841408083407444,-0.004328542804202584
-29.118071521796928,-26.011459608057834,30.953724814869897,30.956393023360093,0.002668208490195667
-12.191649242310696,-3.206148578463349,32.162800617902214,32.15640242125498,-0.0063981966472326235
-7.234722165463381,-31.434881029316088,31.204372411593134,31.203844616480897,-0.0005277951122373281
-0.3762990447387864,-9.469411708851169,32.455864320542226,32.436132561078956,-0.019731759463269327
-19.284537359443362,27.991877383527864,33.88116396735753,33.930528982707045,0.04936501534951532
6.975083489065142,30.67519753611098,34.65712992931604,34.7042082004089,0.04707827109285745
23.176918088287714,-24.42935814504149,32.70629871580376,32.67180375436527,-0.03449496143849018
-2.6170841927620643,-0.3528246600054956,32.7289724089209,32.727899191854135,-0.0010732170667679952
-16.08921319974037,-6.20403269724622,31.86159321063335,31.850419618603308,-0.011173592030043977
6.256421892604386,6.844467854776859,33.42739923646518,33.42594719529077,-0.0014520411744101125
8.170740273951395,-24.987479612538408,32.115325559513394,32.146831556688646,0.03150599717525182
16.901677850514375,30.28917366133429,35.31386532186334,35.310498279847934,-0.003367042015405275
-9.532657468424482,25.24991310140672,33.73970770413017,33.75810075291801,0.01839304878784276
-24.18978985100538,-8.641330636047655,31.379139119933424,31.39599157110719,0.016852451173765104
3.920102498275405,4.033227636117992,33.20842879869746,33.206959986485735,-0.0014688122117263447
-25.289526027423648,-9.937534140470895,31.24759742945321,31.362658429618577,0.11506100016536536
-4.6181778895828245,-7.4957414610262205,32.33321367235033,32.33557284782036,0.002359175470026287
-31.259973936183954,10.758060435019708,32.61788208411966,32.559968906140654,-0.057913177979003194
-0.8057129198073483,-14.52937557300001,32.190232006994016,32.19583809315224,0.0056060861582238886
-2.6589735372765446,-27.675065503064523,31.56800904683614,31.54563112825609,-0.022377918580048117
26.37806208646365,-10.080056593678684,33.54490828896785,33.3420455280001,-0.20286276096774714
24.472937078614102,10.770601537857672,34.39729872538799,34.37703016722144,-0.020268558166549155
20.644626085055762,-3.8546753239717972,33.61804944456073,33.622216737709486,0.00416729314875397
17.90926423944564,-17.192036975804953,32.86945241292957,32.860624504123294,-0.00882790880627482
-18.595366962913808,6.942671133207874,32.24480602634456,32.245239393272165,0.00043336692760220785
26.081376224500772,-28.026398846952176,32.62998559118557,32.58370393768527,-0.046281653500301445
-20.475683106676264,-16.735107941426506,31.24272734144259,31.20314129349763,-0.039586047944958125
-20.934449127870124,14.046476455478327,32.23323708700421,32.258119592842014,0.024882505837801716
26.73047404233583,5.152925205815791,34.14492904308108,34.13134734032888,-0.013581702752198055
10.98839610170728,31.206930167863554,35.07399278292063,35.00465437516513,-0.06933840775549527
-11.097031717083652,-24.618259828957598,31.306248107875312,31.30503206181593,-0.0012160460593833022
-19.406722544163188,-27.212152676741745,30.8317342338998,30.835168322569444,0.0034340886696426765
22.745307990179107,-20.575154163915407,32.876922639743626,32.83218567403152,-0.04473696571210439
14.421801175149774,-8.232893623363964,33.14585471308151,33.14730712431082,0.0014524112293088365
11.046174502298662,28.129653728291345,34.80752793523055,34.77448487695773,-0.033043058272824055
-8.815743141238073,-30.124978226353427,31.185351327736008,31.143952743804725,-0.04139858393128293
28.35682422302208,-27.096585401141404,32.743304910013045,32.69340928052088,-0.04989562949216264
23.657946322597837,31.406493133616166,35.23057975242245,35.22416832402295,-0.0064114283995024834
16.630945481637326,-25.139965648749474,32.45045230382434,32.41888219106154,-0.031570112762800306
19.6546649607805,-17.510380327073833,32.91208823218186,32.88714363863936,-0.024944593542500115
-15.492523678494159,31.317231946108798,34.65448286405606,34.64181354793961,-0.012669316116443952
2.089711495961275,21.986430202665346,33.96715338985904,33.85084642896471,-0.11630696089433457
11.200264446349877,17.682426144418542,34.31912948698532,34.32739011174131,0.008260624755990875
28.084079589302412,4.077324079724754,34.085327767041505,34.07682106218829,-0.008506704853218139
-16.05288426829749,-6.545264861152219,31.849708688220744,31.838390618626395,-0.011318069594349112
30.176177735425505,-5.5328443043037865,33.76804940128046,33.61327609307179,-0.15477330820866797
-5.587069457541553,29.488795576566197,34.08043137046753,34.08249890364826,0.002067533180728276
18.387430314289965,-4.378600867447986,33.49628082776795,33.49909425691409,0.0028134291461441308
12.216499427429994,-0.3316756434645498,33.409418640204976,33.40625314946972,-0.0031654907352560713
-15.973979669242425,20.405474022446285,33.57778613855197,33.55780189538596,-0.019984243166014437
25.249864653107586,19.36668883423779,34.73224878974493,34.718590538454066,-0.013658251290863177
31.541996689343392,-28.072529250028822,32.76144474496766,32.725707996775796,-0.035736748191865786
-20.04001543871147,-14.269016198203694,31.375742913107977,31.33536809453312,-0.040374818574857585
-26.788779149636987,26.666980207875625,33.47380676244522,33.62275523370001,0.1489484712547906
5.661893024629144,-15.854784104249575,32.43240184185611,32.420707146952566,-0.011694694903546576
16.61144990221716,-3.0023977457112636,33.48102731428559,33.4834823481268,0.002455033841208376
3.220805410083898,-6.311766465118168,32.74046655782614,32.73156915350412,-0.008897404322020463
-0.6363887976834377,-5.164261751727992,32.604444167228735,32.61302266696397,0.008578499735236278
-30.930550229978948,23.086042890733594,33.20442453379686,33.35407740791674,0.14965287411988015
-9.572100718555149,-0.07083760320296761,32.40741921756675,32.40709425921067,-0.00032495835607448953
11.819565452795047,19.455913980928244,34.50540593393676,34.45765973676097,-0.04774619717579043
-26.237942515386003,-30.983924746928686,30.752887739250596,30.77559562647717,0.022707887226573575
-2.6445717499811607,-18.656896190690404,31.937416501218078,31.937244924909518,-0.00017157630855990647
31.107562592561635,27.874598366972897,35.120074661501796,35.088215752810534,-0.0318589086912624
-1.8640276309452162,-26.10565237530632,31.668014481217188,31.66406118201915,-0.003953299198037996
-19.314611338149227,20.306149146668155,33.81655128723414,33.69980964319513,-0.11674164403900988
12.234882599629422,24.87121478584811,34.672343651278624,34.71161725998807,0.03927360870944341
7.411843198065739,-6.925319990594488,32.908408054172604,32.88864315803959,-0.01976489613301169
-21.72547049752952,28.227176463901273,33.77885098851537,33.775524768735224,-0.003326219780149131
-17.92274689293891,21.51707937260641,33.75736660557067,33.66787661227559,-0.08948999329507501
21.732948753625095,8.20344443406831,34.27842594049798,34.32976568204666,0.051339741548680706
18.526653746586234,22.22539767767494,34.98157021313669,34.97622416643738,-0.005346046699308715
14.035166447647597,14.55991536675888,34.243065625876305,34.34087391265176,0.09780828677545372
-0.13223674774113192,17.71311600566272,33.578897472322765,33.55686891028462,-0.022028562038144628
-13.809736743999458,30.93674719268988,34.62663750226675,34.576575224070844,-0.05006227819590947
-27.59843684949361,-30.16564607463898,30.784457915303364,30.83133156038666,0.046873645083294946
-18.056950674616935,19.02040421567063,33.4816437258687,33.38338827721374,-0.09825544865496028
0.07269463292843881,-29.621144620724444,31.594666906756867,31.596362393251162,0.0016954864942952952
-11.771981259695153,-12.741645307760251,31.81337190543415,31.79085009353017,-0.022521811903978062
-19.67718884559308,-19.211661608754042,31.13517079733998,31.140777954410364,0.00560715707038284
31.614114605604513,-2.3116129017188882,33.82685931497287,33.777072922576295,-0.04978639239657667
21.916265489055306,-29.283125354371073,32.43703288151426,32.381577138754835,-0.05545574275942755
29.37339661531695,-22.465024371108072,32.97320789503212,32.90514195381857,-0.06806594121354692
-1.027163071713467,-0.36294511305388966,32.80393094801284,32.80341247473396,-0.0005184732788805491
-26.673305773147675,-31.64184185483529,30.765128707663404,30.772641621679984,0.007512914016579941
28.079502067337543,-8.291914993094728,33.65390551952004,33.4534072965084,-0.20049822301163545
19.186436949463285,-31.53608422930514,32.24510625512721,32.175918990014154,-0.06918726511305806
-7.05854340708148,10.530399042425842,32.93290260556755,32.94046212500907,0.007559519441521445
26.631985821167156,-13.624398245798659,33.357625554939695,33.203362191047674,-0.15426336389202078
22.535850532302142,22.525393005600165,34.8496501166441,34.9010480382767,0.051397921632599264
13.169123816862253,26.718158286367576,34.89492077125121,34.87371656280774,-0.021204208443464267
27.910244817171254,-27.328046104354613,32.72059325566012,32.67387319613379,-0.046720059526329294
9.488519189180153,-24.68888824709498,32.18777203190916,32.20571148398171,0.017939452072546658
12.094249466695913,-9.798955528987186,32.974579253950985,32.97053652770297,-0.004042726248016493
-4.980903596703371,-4.166645548107979,32.46050664448919,32.46223561598634,0.0017289714971440162
-9.653871644045687,6.243587643326741,32.64487057955091,32.64484485635406,-0.000025723196849014585
-27.08240330748376,21.08179711320311,33.26414570489965,33.334522141929824,0.07037643703017693
-21.037209702883438,-23.113207622315628,30.893867910345598,30.931505724718367,0.037637814372768474
-3.3943116640869277,12.874921189484034,33.20617449826932,33.21592430502655,0.009749806757227475
-22.084476503339665,14.574643838801876,32.373981837679466,32.385479595127435,0.011497757447969548
-9.791790519165438,-6.6664644373597,32.1249200032659,32.132366771188124,0.007446767922225206
19.314803306872,29.988746971728403,35.14108860958294,35.25334534198072,0.11225673239778189
-28.611583382719537,22.643668205799642,33.21691703074429,33.30195345122047,0.08503642047617888
-12.017814972527766,8.407334552501197,32.614630135559125,32.61472988169497,0.0000997461358451801
31.76422315255735,28.902018026030483,35.143785420897665,35.135420960785176,-0.008364460112488814
18.191604213150114,-12.881211594931173,33.10210192348593,33.071186586730576,-0.030915336755356293
19.595917395213093,-9.433140977250083,33.324421166596245,33.30631359129051,-0.018107575305734258
-20.556727892675298,28.225531124555395,33.834131542166034,33.830971349548115,-0.003160192617919222
-5.4662741621419215,-20.9432324556661,31.71487835152554,31.714521688321522,-0.00035666320401972484
-22.02536340890189,29.049621674556533,33.81144413607988,33.795616942989895,-0.015827193089982927
-29.405148114882827,-27.060036433690655,30.929075476246318,30.941304284724982,0.012228808478663922
-14.966826238271125,20.76893840667936,33.59076412565634,33.56491348260261,-0.025850643053729527
-29.765506194294808,11.370224924961711,32.607411633283874,32.554777290680256,-0.05263434260361777
-8.878007829483956,-10.722758322267893,32.02131541369091,32.00669210341414,-0.014623310276768109
9.697365706059145,-5.180766461388522,33.08181932635194,33.07161689282309,-0.010202433528853305
21.224536515342194,-5.4056057255080034,33.57269758415509,33.577262396522286,0.004564812367199522
31.69407873857309,11.255572924729101,34.29364993873733,34.368080240683796,0.07443030194646383
5.701169904756313,-15.037288739790355,32.467726243996395,32.45818847784821,-0.0095377661481848
-7.0721111944827015,7.628078053683396,32.821405557291484,32.822157861806545,0.0007523045150605867
-1.1408657619100495,-24.924985319613015,31.74959611019633,31.747959718539136,-0.0016363916571933146
-5.324061928285467,20.007399561324995,33.42544727099413,33.407452241225,-0.017995029769124926
-23.248846416302342,25.343825906341422,33.54889209192308,33.578136222151485,0.029244130228406107
-24.119524918569567,30.479080177831896,33.79031468993732,33.758767464912204,-0.031547225025114756
-12.466791914643672,30.63202191226283,34.49912869924843,34.52440254026158,0.025273841013152776
-2.375942625002402,-13.921511242244698,32.14392511388188,32.153243911237624,0.009318797355746256
0.6174575767737878,-13.212146296236206,32.30970441844479,32.31594377742498,0.00623935898018857
21.538980731352268,-19.5099005886662,32.8879975899438,32.848299473384934,-0.039698116558867014
21.425905623021507,-12.176629803840733,33.259126971570694,33.14456495259131,-0.11456201897938456
-0.15849245040597992,-17.49725241053364,32.09848004969252,32.09853887233521,0.000058822642692746285
26.418964982785944,-15.117586401588895,33.275026478379104,33.137696377387705,-0.13733010099139875
18.512489325916178,1.2966370214141776,33.7683814461293,33.780132154417586,0.011750708288289502
16.602899748445218,-18.743997707119064,32.740510219183605,32.74544400426746,0.00493378508385689
8.021398140437746,18.687645684303476,34.150854848041256,34.17046096619898,0.01960611815772495
24.190778954851076,29.589637628963573,35.14222688782657,35.14090556878896,-0.0013213190376077932
1.3785845429897847,18.062351431345277,33.66829354177579,33.677070322512805,0.0087767807370156
17.356082048139065,-2.173952169850395,33.54624311325039,33.553888658400545,0.007645545150154476
-26.912836393482287,-0.20865847569274365,31.611496878623804,31.74334718269779,0.13185030407398557
-5.579328009602854,26.81524645714103,33.66190723478439,33.76745476869474,0.10554753391035376
-9.413154893954335,6.730259720962373,32.674919583547975,32.67495428814049,0.000034704592515311106
12.46812098657751,2.912106501599297,33.573877805730035,33.549771269798974,-0.024106535931061046
12.602011621515679,1.0636251649128,33.49566869881501,33.48156071364121,-0.014107985173801296
23.01980438464851,-10.170448233851445,33.419392070350334,33.26237842453506,-0.157013645815276
-9.726052558075871,-27.20478924160259,31.263205797041696,31.18666735300129,-0.07653844404040555
-21.17745292098131,-11.962539588454433,31.40397030091469,31.383168397409605,-0.020801903505084596
20.7749725362389,-4.24786393521628,33.60467553187654,33.61008647403813,0.005410942161589105
21.825627969564067,10.958696954246193,34.47261365895831,34.45453131779164,-0.01808234116666796
2.151365785486526,-31.28830488302379,31.62065410535518,31.625096404807252,0.004442299452072973
-7.40886069512495,-14.292092569796857,31.903782308688697,31.915268025692445,0.011485717003747453
-25.834577839035127,-10.529233068858595,31.235797367860016,31.34862280000674,0.11282543214672458
20.257615621532096,21.392904624053138,34.90465449631855,34.912013339670885,0.007358843352335498
22.118454485300624,15.653146271560615,34.630649290334006,34.63561520818621,0.004965917852203461
-2.828943318541029,2.9807714522881668,32.84629386315689,32.84622663159882,-0.00006723155807009107
-5.441072908645218,24.661025881869925,33.454004588715506,33.58197155068477,0.12796696196926405
1.134681425394497,2.497614289082321,33.01680468814762,33.01885904391977,0.0020543557721453
-6.172671546470681,-21.997002395650924,31.6391794525468,31.639087011855082,-0.00009244069171643332
29.85972482287942,29.819204613679382,35.21963567360008,35.167909984239536,-0.05172568936054489
-7.420077994622716,22.815915596117705,33.56547265435367,33.451340026309325,-0.1141326280443451
-30.571917537093178,-17.127819250089757,31.024259878094682,31.10046250835926,0.07620263026457863
15.734083509316484,-1.804757001956368,33.491062046706446,33.49893039295885,0.007868346252401182
23.755220612866772,12.040050349248865,34.44436270287774,34.43968096145534,-0.004681741422402297
1.5098458493162497,-3.635166693622672,32.77299868074009,32.773922847696014,0.000924166955925898
27.96800112599834,22.574783121158774,34.7697956120043,34.845673608161114,0.07587799615681234
4.169329692181407,-19.794453501376026,32.20318224631218,32.19404930405843,-0.009132942253749832
-19.04766221101589,-23.881179030124393,31.01741355918997,30.97360404993701,-0.043809509252959344
-28.2774090857721,-2.1727070464783367,31.443688497152124,31.595057802907775,0.15136930575565088
23.38472602509114,0.9708748460383632,33.966471430131634,33.97527024069815,0.008798810566517545
-16.03322170102011,2.110759964710681,32.18261433160609,32.18228727194318,-0.00032705966290791366
-24.802971451765075,7.481178954777867,31.869470506028147,31.906793122147825,0.037322616119677576
2.3601092644031283,-28.34734465763153,31.743362389013413,31.75534589364164,0.011983504628226171
-29.87913647144058,-19.748197678160544,30.881799780914594,31.108736773416798,0.22693699250220334
-24.814929192239333,20.275051927346887,33.62966784081157,33.65286232424996,0.023194483438388147
23.50504048629329,25.551121285663562,35.00911929959059,34.994056334758035,-0.015062964832551984
-8.87169021877196,9.658500633085403,32.813138285544866,32.815920255729296,0.002781970184429383
-25.597797122473267,-23.58360263424879,30.937490212570374,30.925886436103493,-0.011603776466881044
-24.51576895576155,-14.678419013322,31.110199418870135,31.126619155985306,0.01641973711517153
-8.684374211702703,23.59424564774283,33.537099933753666,33.52547448732868,-0.011625446424986308
-3.2917657740314965,4.726672175194743,32.89060905256139,32.89339352614344,0.0027844735820536926
-27.239995970823593,-21.572399919207108,31.018572754329355,31.008826758068793,-0.009745996260562606
-9.030863060342242,29.330896477870688,34.22616276897593,34.28323716399747,0.05707439502153733
0.4407260746440613,31.196563988920182,34.266937706872376,34.30699209210675,0.04005438523437732
-24.696118825420918,-7.458709304125492,31.401289187849738,31.432134634509968,0.030845446660229925
-1.254531060729306,-2.134246017680084,32.72434116236231,32.71834896186311,-0.005992200499200351
-5.237020668408583,4.02700335832008,32.7709057022383,32.77096514153923,0.000059439300926555916
-28.473551929295418,11.638971633800693,32.52975941858487,32.49272661242372,-0.03703280616114313
10.94041864676175,31.369345693110645,35.0846168793251,35.016969444667446,-0.06764743465765122
5.321032644513529,-18.962661032868866,32.28929768325391,32.27836384393867,-0.010933839315242722
-15.619286007947174,-30.359594354670875,30.702848499718748,30.724074122408393,0.021225622689645007
4.747840901175799,4.793673038725267,33.27705632351409,33.27507901613462,-0.0019773073794695506
-18.236060944792456,-15.539957562640751,31.401266274384966,31.36906533862944,-0.03220093575552596
-17.39766315816926,9.635455476516555,32.40505972474036,32.38123219038007,-0.023827534360293612
-29.15240281219949,25.902938983662395,33.688124945852124,33.60082394564799,-0.08730100020413545
-8.858141157648802,-25.767275717638384,31.362067510918322,31.358193552356763,-0.0038739585615594763
21.28516233958584,-5.668052476125261,33.564726046141324,33.56179230394791,-0.0029337421934130248
-18.83063332947637,-27.54952112268427,30.84330025651253,30.826696745721232,-0.01660351079129896
-12.810110114840555,-7.662983046858315,31.946887302361123,31.9483189837016,0.001431681340477553
22.34196798515096,21.570730208306777,34.79739968478907,34.868303210568456,0.07090352577938575
17.0631192861928,11.831125549969691,34.22291921471478,34.34707908084342,0.12415986612864316
17.667722709373777,-24.626549489280748,32.51045503783347,32.4794663246745,-0.030988713158969006
-30.655207178585044,20.495902997212873,33.22320527980338,33.244253547464346,0.02104826766096579
17.604390961862954,14.296118748777864,34.534116981869644,34.51682109018566,-0.017295891683986042
-15.824973233407349,-25.99377943755706,31.07404559602926,30.945922425541966,-0.12812317048729582
3.188657958872291,-25.437273914177496,31.91450013888532,31.9141137671873,-0.00038637169802058224
-14.513369493902431,-8.170399343671342,31.847824453692418,31.846659982960325,-0.0011644707320925818
0.07316546627664167,-2.2164335644591873,32.78039615220693,32.77322744786287,-0.0071687043440604725
-13.391174394760114,-17.005435575824606,31.512783439605037,31.532335174553666,0.019551734948628052
-6.871528611722383,-25.386652526234634,31.46839416241951,31.465572036847377,-0.0028221255721341265
6.571791039529508,-0.527402912379273,33.15078875685646,33.141231148587416,-0.009557608269041395
5.366363794400321,4.337871434619274,33.289424251009436,33.28482696544968,-0.004597285559754027
-14.125449125158774,-25.24294075382148,31.14306187057166,31.106329954788336,-0.036731915783324354
30.837840907736165,30.722371428313885,35.28859289278458,35.21095971654199,-0.07763317624258548
31.051123834882453,-30.18362259179849,32.65631611350123,32.628576463723206,-0.027739649778020237
-29.460714895265774,14.576299252439448,33.01048830252293,32.881030693238216,-0.12945760928471373
-27.96098540315461,-7.5783827562090025,31.33244661909742,31.42005759563782,0.08761097654040029
-12.23578471697953,-24.592649034833016,31.255544420469803,31.253964204155558,-0.0015802163142453196
27.925712979508468,-19.36640901808152,33.09310267314415,32.998652425038934,-0.09445024810521829
17.56128830838947,-30.167359217535882,32.253373206150634,32.19224223110045,-0.06113097505018317
7.705128087153007,-15.260593097662593,32.55075181956978,32.53596683528476,-0.014784984285022063
7.345903269904888,22.565750866832374,34.259779728509386,34.26477357926582,0.004993850756434881
-5.121663803965141,-26.0151803187061,31.522780477985933,31.518711023276484,-0.004069454709448195
10.88002956639395,-9.203873011684422,32.943422272514425,32.94248036160671,-0.0009419109077128951
-14.063335356266862,3.6454369964098134,32.33515503934255,32.33491370185093,-0.0002413374916230282
-2.341060587149059,19.120652924046063,33.53259585661675,33.50651386970517,-0.02608198691158492
-11.434324224336912,7.072365914005502,32.591902676218325,32.591529014498626,-0.00037366171969921425
-2.556197241920856,23.77554623226223,33.64350994622714,33.61112347970728,-0.03238646651985988
-12.520454246790244,-23.112438317275867,31.302969095851196,31.30268577360027,-0.00028332225092597696
-23.618184781952785,24.31008611155807,33.50578263732338,33.51602844493402,0.01024580761064442
5.880167463705092,-9.022706648304542,32.7351076834596,32.72914640020729,-0.005961283252311489
-16.699086739839125,29.070429976083744,34.181593001465195,34.34093742988722,0.159344428422024
26.223600162321,-14.254528106449598,33.309485173150065,33.168444881579944,-0.1410402915701212
11.47559979831152,-2.5158135501683816,33.26813518581637,33.27339306266261,0.005257876846243903
-24.704429330010257,15.131834228386538,32.650190329966144,32.622222972482824,-0.027967357483319688
-16.197781873512646,-8.685372073734442,31.75090325487728,31.746105012886666,-0.0047982419906134055
13.835727261752197,-27.225101747658073,32.25484572077696,32.219653938254766,-0.03519178252219746
18.19962009011997,-22.419162417858736,32.63131709699405,32.6100848941182,-0.021232202875850703
-14.743232154026082,15.184531266051074,32.7507004317698,32.753378854738806,0.002678422969005112
-25.64999492888242,0.740906448687852,31.695954142907617,31.80582427038305,0.1098701274754319
-1.089764518615695,2.760581423106572,32.92059216648502,32.92379319142238,0.003201024937354191
-15.932017138282909,5.401354992417723,32.31288808079947,32.31284801010697,-0.00004007069249922779
-16.609546207909858,30.340159687270038,34.38996775842442,34.479929035114594,0.0899612766901754
-30.965621916229672,-13.90556813016368,31.412438803746024,31.258568259212268,-0.15387054453375626
-1.9544037849505003,-30.918055783199087,31.452465668110015,31.463099125133454,0.010633457023438098
31.422750528861407,14.378791684748379,34.41175143209603,34.50279125934574,0.09103982724970905
-27.092972216030233,-4.274621850333396,31.400711230466296,31.520827422454634,0.12011619198833756
-11.320736607410872,13.530659640850494,32.84625310449111,32.85379640679111,0.007543302300000221
3.9205719788042757,-4.939994536585601,32.82180318324891,32.82215522734839,0.00035204409947908744
22.52378240316643,6.012293039675193,34.178241948230934,34.233150093453176,0.05490814522224241
-12.449233009259729,10.312706869684341,32.66731947187439,32.66723038748591,-0.00008908438848465039
-31.877907974039957,9.624406988160032,32.38058379061733,32.36751729394312,-0.013066496674206007
18.05971358006328,4.885493995556395,33.91648715615691,33.97217688663533,0.055689730478420074
-13.304753052942552,-23.481513730508063,31.252239201053875,31.25166912702755,-0.0005700740263243631
6.999643253753391,-3.307958944707451,33.03189515496491,33.03430342808892,0.002408273124011373
-30.394714927269973,-13.614648389120816,31.371126640319964,31.267210556355195,-0.10391608396476926
-12.277612774355617,29.899670809582936,34.39899315443377,34.447248772263166,0.04825561782939758
-16.095673506375384,-2.0285006572032884,32.02132503880519,32.017409945851455,-0.003915092953732824
-19.972415427663073,-16.436160775879358,31.280342598858446,31.241251620893205,-0.03909097796524108
-26.20668345767678,-11.197677705167287,31.229652883651838,31.326675653725346,0.09702277007350801
-10.770195957068509,-21.880591554327694,31.43346632082949,31.433221217933657,-0.0002451028958319057
21.54643492338998,-8.954594966601938,33.421988803691654,33.32468167613542,-0.09730712755623472
22.32537495714741,-31.14721014027714,32.36386193851022,32.29966442301555,-0.06419751549466923
-29.03085296782362,2.484273398143955,31.61496101731682,31.762394108081928,0.1474330907651087
22.75633959635202,-27.91278547627119,32.528138015620655,32.4795310927863,-0.04860692283435242
15.234683781459466,7.080465525305101,33.86566422749241,33.969122971017214,0.10345874352480422
-20.57343755251707,6.060731383081112,32.122690644022235,32.12071385548203,-0.001976788540204666
-19.752276028024525,6.818454289031912,32.18494708779089,32.170939958105045,-0.014007129685843722
-4.505044932239599,-19.536977523913798,31.816256725425,31.8160386727518,-0.00021805267319763288
4.879157780158124,-8.342809614543874,32.73188053555551,32.71516028488436,-0.016720250671149017
5.197865960113496,27.105516160224987,34.17948946251025,34.24894041627563,0.0694509537653829
-16.901267491397967,14.623863975450085,32.62134189365391,32.56989569138224,-0.05144620227166996
31.446809534443204,-4.549057231231977,33.803726725166264,33.682113729669176,-0.12161299549708815
9.642014969731719,-29.993906426313274,31.983177419360747,31.939158835146063,-0.04401858421468319
17.618433341002813,19.918144012648582,34.89170542201857,34.818284157609945,-0.07342126440862273
22.14572266874169,31.436931567546445,35.269600143169015,35.254045819522844,-0.015554323646171042
17.18532556490061,21.25610637255153,34.893995554869726,34.868910744923994,-0.02508480994573148
17.416820590261217,-2.9370512299486933,33.52090475407832,33.521887840710704,0.0009830866323810028
-25.395721543815135,-4.00912784117363,31.53713985863066,31.589187515161832,0.05204765653117249
-26.05510083789128,23.89599873760298,33.354014782311,33.40183550491052,0.047820722599524856
13.397894937467292,-1.8913600570936921,33.383939007445164,33.38899081019339,0.005051802748226919
5.290142979319285,-18.834636362583517,32.29312577271486,32.282247360088405,-0.010878412626453837
8.842796327090689,-17.060693125994668,32.528487200612474,32.509963833014744,-0.0185233675977301
-24.332973766841846,25.014814573032993,33.475480312245324,33.53064173717825,0.055161424932926195
27.39878048603935,-11.046617904813075,33.5280397568872,33.3257537714365,-0.20228598545070042
-15.76726540153858,30.683996461665366,34.53672094440569,34.58205997999304,0.04533903558735375
-17.270151111065687,22.586179165145865,33.794286362820145,33.771787544157256,-0.022498818662889164
30.030233815813318,-0.7271731756289768,33.88714936077422,33.844011468189045,-0.043137892585171755
10.94260477639883,-16.758615619075464,32.634396198113194,32.61404663273921,-0.02034956537398358
11.371618998806674,-26.043970935130005,32.217727552223515,32.198619627412654,-0.019107924810860766
20.745233364983335,2.182568464532814,33.91087111021377,33.93069821799573,0.01982710778196406
-15.597257374941073,0.2650241170126293,32.13240286133072,32.1323681328223,-0.00003472850841745867
-5.220710464633427,-25.115815875012892,31.55509862456352,31.552846119213427,-0.002252505350092804
-21.829404125275758,11.573558571753573,32.06187711857814,32.2355243457436,0.17364722716546055
13.15190451560266,-9.488743688318266,33.03594894177097,33.03262287605751,-0.0033260657134590588
30.47258021025126,-18.751659462980783,33.19288757644539,33.081328151865165,-0.1115594245802285
-12.487633926393656,4.0592497621279335,32.4258724906516,32.4259817834161,0.00010929276449900271
-9.05995794197954,31.50585038466388,34.567385601472935,34.55879418377614,-0.008591417696791837
15.94624289796807,-5.0120730237397595,33.36309333307278,33.36282470347913,-0.00026862959365558936
-4.976899969665638,-26.620121632837147,31.504637904565698,31.499330539927698,-0.005307364637999967
-3.594652430177412,-6.034679478255079,32.43183783663645,32.44459340012165,0.012755563485200128
-5.907208317912719,25.168279311855684,33.485681503404905,33.623804490210404,0.13812298680549873
3.0505136198095784,-6.655384330630433,32.72043676972397,32.709096249300345,-0.01134052042362299
-24.73172474572214,-22.57056498953856,30.95412529570507,30.925052737307205,-0.029072558397864157
14.491440992266838,-25.63722399070074,32.34929925332089,32.32264784948971,-0.026651403831181142
13.335956187539132,-19.998141904609938,32.555349069653005,32.57316023484039,0.017811165187382016
22.802049018986544,-8.132179949168737,33.51010605134229,33.37328248535517,-0.13682356598712175
30.170278489717084,19.921343820904575,34.69237433865269,34.7388657433626,0.04649140470991142
4.17780357804584,11.781666772958339,33.5291047344944,33.530043570792095,0.0009388362976920916
1.880085382583033,7.5505238976970475,33.24576870793482,33.2557455533734,0.009976845438579574
-21.879554804817566,7.497303914929439,32.1292040402899,32.03091888105768,-0.09828515923221914
-23.745126961368896,-19.120398014352496,30.997377669411463,30.98655117868141,-0.010826490730053706
-14.148200763563167,26.8742748604815,34.10907783791851,34.17062301674532,0.06154517882680466
26.45974817336262,5.807476622369549,34.16067013903724,34.16003586565295,-0.0006342733842856774
25.037859880006295,-3.535649676956119,33.81911238198124,33.683768436572585,-0.1353439454086569
-14.592666147044746,7.390759970246513,32.45315251809728,32.452896760340536,-0.00025575775674724355
13.080100522562418,-11.123075501345312,32.965637652256476,32.95510481811889,-0.010532834137585212
4.168235929184824,-23.297004780345027,32.05666940083389,32.04789985092667,-0.00876954990722112
21.137678171517663,12.489102714708501,34.570030323757244,34.53736140102601,-0.0326689227312329
-16.088499409751265,-29.484312113475916,30.731020136020263,30.729814624685034,-0.0012055113352289482
0.8602295614589579,-19.145828584252065,32.077731257993754,32.07599553558494,-0.001735722408817253
21.768273415192198,-17.62305672755044,32.983738511090124,32.93037455374305,-0.053363957347073665
-18.498579575204673,18.58263041654658,33.44636363584828,33.296157882745305,-0.15020575310297346
17.04709467988254,-21.553671736829592,32.63182697046557,32.61627536047132,-0.015551609994247428
28.47501447158266,0.12819220733628356,33.9081533382975,33.91382828580903,0.005674947511529638
-15.653955083869448,4.894144269919963,32.306586663255096,32.30672466306967,0.0001379998145765171
-25.98017246147817,22.090189986580548,33.322716577076456,33.387639992644125,0.06492341556766945
4.672844109127908,3.087248492097636,33.208612364406356,33.20309910022785,-0.0055132641785036185
-4.192434942047058,-10.924854678687822,32.22422699787593,32.20430844317346,-0.01991855470247117
24.40052905565844,-29.044398453218,32.52797078867074,32.47597843902963,-0.05199234964111099
-16.529174208337956,-28.404525775435154,30.768050298644567,30.76289046227505,-0.005159836369518445
-16.29780067147685,5.041905673840695,32.28162482154201,32.282861337731234,0.00123651618922338
20.82097554185254,2.5037823306757687,33.930221522860975,33.95300256774705,0.022781044886073687
14.852525132743082,9.038143491964568,33.93145230242311,34.061967091975696,0.1305147895525849
5.042150973910331,29.976379025146905,34.414268132016936,34.517777890117756,0.10350975810082019
12.695267718962086,-24.709178414448907,32.320728209879356,32.31074981383512,-0.00997839604423234
16.07225910910836,-14.709242570597588,32.931993683496486,32.92782819149924,-0.004165491997248694
-29.358442549522813,18.134471538002117,33.250018130502,33.18164157723016,-0.06837655327183967
5.073293789653185,-28.706666019394326,31.866089339703304,31.853938320895068,-0.012151018808236103
-4.530477845639204,-5.242263103133446,32.42677383214681,32.438026809164434,0.01125297701762662
3.8090278616026794,-12.59237018878666,32.48092755200953,32.482490708944354,0.0015631569348215635
-26.24574403948447,-16.612070662036977,31.104621811682115,31.092977520851463,-0.011644290830652437
24.200316532956926,-7.735856134335087,33.58334403460473,33.39025871456477,-0.19308532003995538
-8.294588037295775,7.858886440998511,32.77149760064049,32.771535827587314,0.00003822694682753536
12.560993542921999,-26.522582456625067,32.24039359875554,32.21345728754355,-0.02693631121199047
2.5930842121646833,3.836222108968343,33.137584223172716,33.138829372131134,0.0012451489584179853
-3.9627517144077373,10.753740031085094,33.089420509734055,33.1022667016896,0.01284619195554626
-19.04312870714451,-1.7743812345795291,31.890504122961953,31.91121337734705,0.020709254385096187
15.222014475959803,30.026361800490484,35.33437034476501,35.22143781217286,-0.11293253259215419
18.540240419328143,-10.05681919292347,33.25374409593134,33.24781385637198,-0.005930239559361894
18.30031242827023,-26.302895868034845,32.45495798437661,32.41455887174885,-0.0403991126277603
28.383884471443338,29.16058203776933,35.14488982977945,35.133561602781135,-0.011328226998315927
-29.966239841134957,7.667233863064979,31.92236528264773,31.988707710471665,0.06634242782393684
-11.964045992913164,1.5508992438356728,32.35519051665364,32.35503869991511,-0.00015181673852993072
-6.359009335901455,-17.06252162973381,31.83292168992822,31.839656753817405,0.006735063889184545
-13.40509837105055,26.357627107380914,34.06293258474434,34.0985669847902,0.03563440004586482
16.083077736932097,-11.357401065542987,33.09272781897549,33.0806035095094,-0.012124309466088334
-25.271279322442865,8.567363927280155,31.89501490154909,31.949219124432297,0.054204222883207365
-26.084364162768964,15.986475562333936,32.846121323021144,32.77037788413949,-0.07574343888165203
25.552563238505456,-22.75816896373037,32.86512129571602,32.80674664931061,-0.05837464640541157
-11.837864466095247,31.34100479551516,34.54890929689462,34.58620283394517,0.037293537050551606
18.517241724341503,1.193858713707776,33.76345172672595,33.77427091614939,0.010819189423443731
-17.926131014804632,16.16188269853521,32.80672266207168,32.754726051890735,-0.05199661018094304
-0.94402492568166,4.635086195364565,32.99942057127132,33.0063662879814,0.0069457167100779316
-16.73400874352685,27.257705238979106,33.9651113825473,34.15333063682576,0.18821925427845798
-12.807322253479427,-25.469986525004067,31.193593938582133,31.16133494815931,-0.032258990422821654
-8.630243887131513,-1.9251837060113601,32.38159136303957,32.37777818216739,-0.0038131808721786342
25.773264181824047,2.106902965341135,34.05875557023032,34.01585595790132,-0.04289961232899486
26.157104466077215,-9.172974935168362,33.58615799062353,33.374008881886326,-0.21214910873720783
-6.198090247950567,6.622363156500548,32.82426487060089,32.82516861015682,0.0009037395559303718
-18.043003284332677,21.129614426247088,33.74235038297514,33.63015890820125,-0.11219147477388702
17.47365036516416,-21.67652850642417,32.64081912861994,32.62409498219797,-0.016724146421971398
9.715178683787428,-22.472607752106434,32.29641470141816,32.326688340445784,0.030273639027626587
26.23164904714659,-28.763362338338396,32.59978800773569,32.55094049557019,-0.04884751216550143
-11.489803020507523,11.655650456861302,32.76440331571102,32.768977773577,0.004574457865977877
28.84761067389929,-10.119362801670064,33.575055858147564,33.396319688866555,-0.17873616928100944
25.62359659378854,24.57033177463662,34.92012063291756,34.926138891680296,0.00601825876273665
-3.616674421446568,22.248467350076005,33.608021457795516,33.54677375128674,-0.06124770650877309
0.5166208116759634,-28.961403771433318,31.63612777238794,31.644633991785486,0.008506219397546033
-3.840504028067926,0.6305711853436904,32.70761752305304,32.70773528049915,0.0001177574461124209
0.40237594502345075,9.777019536397994,33.260305133499735,33.27817178112443,0.017866647624693144
9.525162752865931,29.854957769628243,34.818508522181325,34.785961796497475,-0.03254672568385075
-24.771247080131396,18.401629740692343,33.066559359579784,33.03692544109177,-0.029633918488016775
13.549449146714046,-31.95029877619318,32.035326377065054,31.968242136279553,-0.06708424078550124
-17.0282473432583,-22.24241314032701,31.13198807567003,31.138207662779738,0.006219587109708158
22.12382384668406,24.148251948562795,34.90860699195259,34.97923842170037,0.07063142974778458
-0.22669272074691094,31.081464247644796,34.244775578950204,34.24679876325039,0.0020231843001852212
-7.1793239830085085,2.3151213978580927,32.612805290007465,32.61274067327942,-0.00006461672804647378
-22.213560839583756,-21.752116007945823,30.899637274643098,30.94694588205019,0.04730860740709275
-8.655521186075674,8.523007460324926,32.77975243300516,32.780192015890535,0.00043958288537737644
-31.737174593524998,-16.68994071864809,31.096317851419663,31.130297526658413,0.03397967523875067
18.036232393876084,9.666945058523737,34.13245869990037,34.255260435268006,0.12280173536763783
-4.252755805685062,-3.3122885734158842,32.53456927828706,32.53123234930606,-0.003336928980999687
-0.49289605022155314,24.35689508574491,33.681823775735346,33.72704092610185,0.0452171503665042
20.31768800583238,21.589765868345758,34.90711431443934,34.9182788686857,0.011164554246356317
7.766698610784154,1.58299100208432,33.29863531331467,33.283030400360595,-0.015604912954074734
-2.563911338345818,-25.066846491486345,31.678883948542435,31.676666412678117,-0.0022175358643181653
-29.510843211780866,8.7751001445598,32.08723834781169,32.03055500078489,-0.05668334702680511
-8.312117553132495,-3.6945995815055284,32.329145925022665,32.32208149110386,-0.007064433918806401
15.609522498406136,15.227212134917565,34.45644812491283,34.48396036370365,0.027512238790819765
2.8516412657562284,-13.520858245732612,32.3994119210683,32.40004352954693,0.0006316084786277543
-14.27057947663549,20.416054062513318,33.41354816922799,33.510925318875415,0.0973771496474285
-13.017050535170569,1.3187631042973393,32.296295056003416,32.29587852568498,-0.0004165303184393565
1.3573953952412836,20.83896386857957,33.806631885811676,33.76050694639156,-0.04612493942011753
-16.22790959063731,2.252168466288211,32.17864251599773,32.17920288794397,0.0005603719462428103
19.506916429418283,3.733763079856807,33.93299181665265,33.967829704798454,0.0348378881458018
8.74497955743967,-28.576532886061045,32.01176930278793,31.982058533049337,-0.0297107697385961
-6.990657443809482,8.27251836959418,32.84980435510282,32.85210354023878,0.002299185135960613
6.251085377385834,29.291972458297757,34.47024180421926,34.528679854609,0.05843805038973926
27.542084242364055,15.68227204466222,34.550448015873165,34.55086251233822,0.00041449646505498094
-28.040684799492347,-19.74955208445919,30.96884393410113,31.0668110017624,0.09796706766126917
24.061365439250864,-24.787845042274107,32.71865789642092,32.68270529459998,-0.03595260182094506
13.120612884177717,-29.590077455479737,32.124459822573,32.07490573291134,-0.04955408966166175
-18.895674426026417,9.907457906246925,32.343490283590064,32.29482730513199,-0.048662978458075656
3.624628885121524,6.7926469343289,33.300102736876,33.30444703433573,0.0043442974597311945
-31.42034420452658,-18.596847113162156,30.848583565515533,30.937140193750007,0.08855662823447474
-19.96968139224972,-9.69353781634193,31.539151500480077,31.535272663320516,-0.003878837159561499
23.329826329065384,-29.256407589383194,32.483753179235606,32.42970486422864,-0.05404831500696616
-30.478279076245904,-2.431926957703091,31.464283248615953,31.537457606808616,0.07317435819266294
-23.715861525422312,-4.4204938957783,31.581579075703473,31.620907091713143,0.0393280160096694
-3.523453156282528,-26.384552340834098,31.581154905531626,31.57604605162194,-0.005108853909685962
-17.087483362596558,-21.494360092102326,31.159794312451226,31.168707277914816,0.008912965463590439
-10.471689723676391,-13.910174511236463,31.80295142911109,31.797021036683915,-0.0059303924271745245
9.403534566381914,-15.63569229062712,32.61249848402534,32.593755378653874,-0.018743105371463287
3.8985219211770996,-1.0846707495620223,33.00530152790879,32.99461070499018,-0.010690822918611786
-21.6294106808012,7.6320802208014555,32.14518713553569,32.04657903392521,-0.0986081016104805
9.865266894735,-2.5261095510806797,33.19676666104692,33.19985638262137,0.003089721574447424
-30.656469349096675,21.68816116065249,33.17996309956576,33.270979180716466,0.09101608115070547
30.17506402074291,15.255853130635359,34.453623887571325,34.53608123885269,0.08245735128136289
15.496041049445992,13.605641971722847,34.27106425920992,34.3789432597806,0.10787900057067645
4.66189409095513,17.19048945266649,33.79081396082067,33.87503985473743,0.08422589391675928
0.16118914465118905,30.357802602689134,34.12976998224542,34.14543048033955,0.015660498094128172
-7.018772128244052,-12.433650579147262,32.02622839707071,32.01376314026155,-0.012465256809157665
1.5941217754966246,-12.172928703038153,32.3972392150515,32.40407756430909,0.006838349257591858
10.449777103999864,-3.9884801813314326,33.159151124203966,33.15993206785475,0.0007809436507812961
5.6604704908262065,6.05981753822708,33.36899537534548,33.36737276583874,-0.0016226095067395363
12.790728002721885,-13.059449715206917,32.87314418407294,32.8544440045786,-0.018700179494338443
23.040365348083675,16.802989407714925,34.57945369324787,34.654144880145424,0.07469118689755305
14.121110405545771,2.6141907649422294,33.637880110185115,33.62750919942752,-0.010370910757593776
-2.3680011666158833,29.7868522602582,34.020342272436906,34.04471594988881,0.024373677451904996
-15.82821935113293,11.80804373001505,32.562951078579346,32.56286019865647,-0.0000908799228724888
-6.689509385852141,-11.060388561438309,32.110081405155,32.088351493122964,-0.021729912032036225
1.1500986506387534,30.539112354454687,34.164086394072015,34.26914049444592,0.10505410037390561
18.392853774904083,-19.544627755799404,32.76365209457491,32.7636603046739,0.000008210098989991366
17.305523583056328,26.24393872901811,35.150916431840514,35.14194628384644,-0.008970147994077138
-10.088124734875962,-27.951270721769973,31.21602841036067,31.102199488087734,-0.11382892227293695
-19.638800783223495,7.948956188619867,32.233396615369955,32.17403391367686,-0.05936270169309665
-27.578998424447597,3.531228653078699,31.694408522441663,31.83673587783106,0.14232735538939778
-1.0271261777465028,-17.37418996646238,32.064411512996735,32.06377476710284,-0.0006367458938925097
-26.006559082838343,10.19426598808409,32.008561563502084,32.066732234550884,0.05817067104879925
20.007771105569198,21.681909519183186,34.93462315187944,34.92763419465345,-0.006988957225992465
-23.237241239826076,-28.334440530025205,30.757757090407782,30.784173589202336,0.026416498794553434
13.580745741285071,-16.738712874980983,32.73745261222751,32.73011394080754,-0.007338671419965692
-16.351067299805734,-22.5106012660969,31.151916039391374,31.15711850667579,0.005202467284416201
13.790558611368212,13.488209646162112,34.120503306089006,34.260379387296574,0.1398760812075679
6.219600144978877,-18.345620361296035,32.355931422436626,32.34284154906579,-0.013089873370837779
-31.23026917302061,12.594605942160442,32.94062011146593,32.889630126618776,-0.05098998484715622
-10.208851732072858,-16.336394389717995,31.686075496004445,31.702244969511803,0.016169473507357424
0.8393360480388381,25.774902409995377,33.67817939561972,33.83348660718372,0.15530721156400062
-25.178812182913518,-27.497591957741214,30.80605569860912,30.825565717488864,0.019510018879742574
-0.9861860855933884,-11.606015324604591,32.31221008325484,32.31578300515209,0.0035729218972520016
-12.042360705293625,-11.934487922547838,31.831301377262317,31.813851853925154,-0.017449523337162987
16.54655661059308,-1.9192038196244638,33.52108773667317,33.52984466731191,0.008756930638746496
22.0980669589147,30.324678304745504,35.207797165291566,35.213102748996675,0.005305583705109029
10.861901262380577,14.118047462447898,33.9643996839479,34.10682677667421,0.14242709272630805
5.674692933766238,-23.546497398427938,32.102797064366854,32.10138439816938,-0.001412666197474266
10.692521945571826,-12.062104101149849,32.81830953499049,32.806412498071865,-0.011897036918625759
14.942008413008999,-25.027712632020332,32.39278568923989,32.36876084350606,-0.0240248457338339
-4.683151372741804,-14.52467978667162,32.013063885684815,32.025193901971676,0.012130016286860723
-8.886960110201372,30.912624755894967,34.465821091702324,34.48926984129804,0.023448749595715412
29.776203796474753,7.5700162339838215,34.216509488032536,34.20441743862268,-0.012092049409858419
21.60545355195074,20.48738537211844,34.77325814263707,34.846833225137416,0.07357508250034783
-15.601486256721444,-29.369812245873554,30.721014229277642,30.757476227373328,0.03646199809568529
-23.30146940811177,26.861632420959253,33.62664177638061,33.64166121342642,0.015019437045808104
20.174055449988202,17.184351210637665,34.79227260530656,34.75525416075047,-0.03701844455608949
-17.046558839831377,-19.93428509886366,31.22555302603723,31.239797671525597,0.014244645488368235
-28.749878495163067,-24.74687293690753,30.979610572967868,30.97434619963296,-0.00526437333490648
6.05721215441622,22.209420085987816,34.21082596058054,34.1567258562725,-0.05410010430804135
-20.79476711992215,-28.285521999865338,30.7482893698614,30.80217597002896,0.05388660016755864
28.40789344541391,-8.388745740310789,33.64398948697416,33.45689169713406,-0.18709778984009517
-23.80171612313592,-10.299172638805864,31.330756077879037,31.325637932914848,-0.005118144964189497
-15.059617548560752,-9.826894263903121,31.76425639008196,31.754213310608606,-0.010043079473355476
3.699501712816641,6.425131970488287,33.28973071094221,33.29307488128305,0.0033441703408385592
7.992785082909499,26.088360569736928,34.363773645450806,34.43994641812891,0.07617277267810607
-4.803046245301907,31.07219948909978,34.289951592939296,34.29424806631278,0.004296473373486265
-23.056671261725924,-18.51435480228192,31.00413142103578,31.009336765113076,0.005205344077296559
-7.957500517797968,1.220894808457011,32.5336446375751,32.53372857669863,0.00008393912352744337
-29.28862232009432,25.900524777782643,33.69364784455658,33.60172034568128,-0.09192749887530027
-22.804147974263913,-29.32798766559631,30.73640888391705,30.76731683767457,0.03090795375752009
16.222023368475234,4.975861322705256,33.83173856613537,33.9012545764151,0.06951601027972742
17.318235029631822,-16.64773014077776,32.87884201410774,32.86943190740107,-0.00941010670666742
26.13943299532712,-19.88562315865969,33.01860370009863,32.93707867629404,-0.0815250238045877
8.801234916915654,-3.704926869179289,33.094816385793436,33.098013419736716,0.003197033943280303
-25.915291217414634,17.11816143339116,32.935460242249604,32.972508383563984,0.03704814131437928
7.526302222637156,28.211152626859402,34.49078975167893,34.50464543480732,0.013855683128390694
-10.821300101714286,-10.297176586491737,31.944998080885952,31.937752283146818,-0.007245797739134474
17.338691532700643,16.733179013444925,34.722343076775694,34.645995503097325,-0.07634757367836897
29.466022333216195,21.52813010726687,34.74362086882408,34.80598174214147,0.062360873317388155
-12.097251372209278,-30.72029992079893,30.7103295624367,30.72185927767797,0.011529715241270111
-14.123324222656088,-14.707552298239627,31.612665336341387,31.601235613391232,-0.011429722950154542
9.043033069833342,-20.642874275400054,32.37313441356397,32.36981569075944,-0.0033187228045292727
-19.499975977898252,10.267075548913738,32.33318441933449,32.269986141812105,-0.06319827752238893
16.292313433700294,-19.107783289944756,32.71111911537976,32.71654327178751,0.005424156407748626
-16.412217607548627,-5.16972250326382,31.885764599334536,31.87726090907189,-0.008503690262646302
-26.787751476295377,11.869326556594515,32.40581665354344,32.38516980777916,-0.020646845764282773
20.262784695265452,-28.327485757971615,32.42712081933925,32.375812163956404,-0.051308655382847235
-27.134815807347366,-14.885339249432086,31.16061177277508,31.178019529453127,0.017407756678046837
-23.268323512258057,-16.194685129356145,31.080207324192834,31.08321173236539,0.003004408172554207
18.060518669064543,-0.8031292042884957,33.64350665225365,33.64717063821899,0.0036639859653391227
2.4512931128338025,-31.835314684991097,31.622117743675037,31.607009543956085,-0.015108199718952164
29.929311354761566,-7.871327324375926,33.644342965404924,33.51239951903192,-0.13194344637300048
-29.7340591566305,8.13204788217093,31.986858457588042,31.9923280588472,0.005469601259157741
20.9602902962081,1.6003010029088713,33.89126637848507,33.90577055101747,0.014504172532397774
-17.979037543767006,18.676949563339242,33.38887735836346,33.291291956498185,-0.09758540186527398
-19.089633824740133,-26.049571492710108,30.883432224458673,30.86867844369126,-0.01475378076741407
-11.236559359071286,16.672865483641417,32.989014532169534,32.988396495911246,-0.0006180362582881571
-20.01059090969344,11.607772543858765,32.34770970193416,32.330962431229025,-0.01674727070513171
12.414634196989098,-3.880704000256813,33.254732302360544,33.25398453867671,-0.0007477636838331136
-1.312438423928377,-15.156014090904272,32.141650576502556,32.14609506546859,0.004444488966036886
-22.995669308926118,-11.331230564440482,31.340609809936446,31.31940066310106,-0.02120914683538544
-28.189961675495155,-26.70314498117512,30.909085470763046,30.919723646642982,0.01063817587993654
19.66219035722674,23.549450760957484,34.98362149468775,35.00446646809372,0.02084497340596414
18.595169887636963,-7.0503203486965305,33.38531396998021,33.38683854421213,0.0015245742319223154
-17.65591368399153,-20.18877563765789,31.187212544499644,31.200779008457317,0.013566463957673136
31.141994777575043,-10.45104795092977,33.55206897185154,33.43471642131981,-0.11735255053172722
5.311173047908582,9.15070819164145,33.471163135312494,33.475738562500446,0.004575427187951675
-7.1153317468227755,-18.14176928903165,31.75388183029869,31.758439682704847,0.004557852406158247
-9.056392928785996,-3.0749985263003268,32.31744488700135,32.31136510919056,-0.006079777810789722
-3.507288031908246,5.662204814992826,32.91614925439415,32.92028148191708,0.0041322275229305205
18.993381269988006,31.050914128336764,35.17710872723309,35.2994163999489,0.122307672715813
-13.051761488811522,-1.4401918856127693,32.1888164834983,32.18608070149189,-0.002735782006411114
-22.473826413921955,30.77659790849409,33.848384346413376,33.8658692765446,0.017484930131224985
-18.499923092047332,-1.1716065297617533,31.939396954860086,31.960697433129816,0.021300478269729695
29.295931683816086,-22.668717945678345,32.96461072871717,32.89508891491898,-0.06952181379818967
5.310715020632273,17.86612125355851,33.85771544188317,33.95166038293523,0.09394494105205808
-12.289275900823448,-11.010409849080986,31.852039207071638,31.839082531156873,-0.012956675914765015
21.002950783210387,-9.575467180202615,33.37091262730652,33.28470512150193,-0.08620750580458747
-9.200349846659023,-16.885655810161154,31.709649982825713,31.722308608305685,0.012658625479971874
11.507958839303683,21.519532056894484,34.54579376318725,34.54175911949976,-0.004034643687489847
-23.82962437169889,-23.06745834697911,30.914195599611794,30.89589321887436,-0.01830238073743473
6.215066965661144,8.927945373332072,33.50557067618076,33.507800468257656,0.002229792076896331
-31.9599758831474,20.757468832946522,33.19198667769391,33.25503204509076,0.06304536739684607
-14.626965848086158,-23.7259321739647,31.181396153698277,31.181104649473745,-0.00029150422453128044
-30.344506179701476,-0.329544993561278,31.482321378911145,31.627303466416546,0.14498208750540087
21.629600402131643,-7.012907610988364,33.52029285943026,33.462836602547014,-0.05745625688324907
1.6095355845315922,-2.296162484420641,32.84401161860919,32.83685947715582,-0.007152141453367733
-25.119342608298446,9.746440800552357,31.935996304024947,32.023428133768675,0.08743182974372843
-15.31135929153676,25.42787438300087,33.96080879204634,34.04264011003198,0.08183131798563892
22.02295960215158,23.470579170753766,34.87532700795417,34.95487760290109,0.07955059494692307
13.753523471277255,-13.565918855755037,32.89518053709275,32.87466468950084,-0.020515847591909164
6.869853084446994,-27.03688884510241,32.007132101496886,31.998864145283974,-0.008267956212911542
-5.021456943883308,29.386501758340636,34.037325219980886,34.039261314156576,0.001936094175690073
-16.322884472236474,-22.46036525658355,31.155272093483003,31.160630048252347,0.005357954769344531
1.0574654456584156,9.626056281948927,33.285548631223655,33.30182963142757,0.016281000203917984
-23.472072200565492,-7.7617684948002434,31.45278765300818,31.45439988711401,0.0016122341058313339
7.352581534876208,12.935655995118658,33.73544587862277,33.80623981304874,0.07079393442597137
-14.226929716374109,-19.6510383194653,31.366868819452964,31.378111083945996,0.011242264493031229
-21.081422281519338,-19.461343096939395,31.070349504182772,31.05876905723241,-0.011580446950361534
0.5649411952427954,-12.009410766540562,32.35660138707527,32.36626914743102,0.00966776035574668
18.94706414378136,-4.363763032374813,33.51991849183031,33.52439233954285,0.004473847712539225
23.190735877146217,21.923971781754823,34.8425750270587,34.85681713077457,0.014242103715872645
-7.108798854630592,17.318138102552247,33.21966629686436,33.219387399969804,-0.0002788968945566239
20.623382171776015,6.282138919251928,34.09350007893899,34.167467645476464,0.07396756653747616
0.5729730763100847,-2.4542926366526245,32.790496180902984,32.78465645841774,-0.005839722485241339
29.5737365799407,-31.654352805400777,32.56530281915922,32.513468722960546,-0.051834096198675184
13.53556201863271,27.978012115773154,35.02361362405905,34.97184524190064,-0.05176838215841428
-31.457350935800513,-25.11087777873926,31.03240923274833,31.0616051625537,0.02919592980537189
26.110989643751935,-13.751860139876882,33.33295673928982,33.18638021141158,-0.1465765278782385
-16.116542103967525,-21.984236937189152,31.18428458571777,31.19114682018171,0.006862234463941519
9.122742848369015,-13.85762636736748,32.672483016250666,32.65927867461579,-0.01320434163487505
31.59585415961127,-2.9315539243063853,33.83148108149196,33.7513977473908,-0.08008333410116109
-0.8792992085445448,-1.798481592768006,32.756161704753254,32.749572308939904,-0.006589395813350052
-29.661170056588062,-13.593233494280732,31.325207385119985,31.26979162407293,-0.0554157610470547
-31.866916685399303,-29.959850651431225,30.892034724468374,30.950784524782602,0.05874980031422794
-31.076303682626275,27.157593040602933,33.7928433996169,33.74397033870304,-0.04887306091385568
16.900724599125624,19.88687184346616,34.84666982139214,34.78835150874094,-0.058318312651202575
-5.278870698726685,-13.68717544096549,32.02404965921236,32.03558583429512,0.01153617508276028
13.098419015532222,-6.476308852335528,33.16846047630261,33.16707347935178,-0.0013869969508348845
28.774750406290188,-7.328133199382307,33.678490217995176,33.508411146520864,-0.17007907147431212
26.767630239144104,26.501529486457102,34.94256931084851,35.01171292704112,0.0691436161926049
17.26056324773934,-31.077363561168987,32.20177870380721,32.13569993664243,-0.06607876716477534
25.247607310236475,8.949569689467062,34.320875989577196,34.29704108897495,-0.023834900602246023
9.523104915263737,0.4639968166133741,33.33021582934572,33.31775775759775,-0.012458071747971644
-26.631225163473545,14.225882624959247,32.734613757537886,32.68647402398626,-0.04813973355162915
15.950185512694311,25.64685000593346,35.077538519132034,35.045611235461486,-0.03192728367054798
6.3333689840335765,-19.612055903932102,32.30924117936324,32.29604627241674,-0.013194906946502272
-31.406774006099212,-29.887962404736506,30.881178246063985,30.937330243039987,0.05615199697600204
-3.5356868378758364,10.272632169187759,33.09130832617408,33.10415196554227,0.012843639368192328
30.240278633383596,-11.570220640924404,33.497884243810276,33.36870901030571,-0.1291752335045686
-14.037258828984896,16.41658216406612,32.8403095963617,32.839678676692344,-0.0006309196693550234
-21.281632293120502,-5.699298145460972,31.63299312769356,31.636008108802084,0.003014981108524495
-15.346608919594082,-19.76969734546328,31.31049808225264,31.32350972477545,0.013011642522812394
-20.248711387055046,-24.337254277048274,30.895196939918613,30.91408420663437,0.018887266715758244
-20.962137914517463,-0.8368605579296045,31.83401692266011,31.89990659186048,0.0658896692003701
-17.50632457319073,26.417795708865874,33.87694713186026,33.97831500274595,0.10136787088568866
-9.1738742014224,-0.7844099179156032,32.39901939678439,32.397522084545585,-0.001497312238804227
1.6814290274926336,28.552718603938708,33.965137706778805,34.00063616633713,0.03549845955832609
-21.090776461590195,-13.83435922691573,31.342530604164224,31.30171917092414,-0.04081143324008352
16.08618468420338,10.948758181058082,34.09090962210313,34.25538267804846,0.16447305594532935
23.64190154749395,-16.83363664565462,33.09041335539099,33.00493527501868,-0.08547808037231164
19.90966456632043,20.627253639597058,34.90741079030752,34.88981679142975,-0.017593998877771355
-8.17659075644847,9.918575765617028,32.85636237623228,32.86063788944599,0.004275513213706006
-7.175172954014478,-19.806848241639436,31.68286165026245,31.682682467167197,-0.00017918309525200016
-25.057191109001614,7.084602174251025,31.847616850523313,31.912347799590584,0.06473094906727184
-30.46148324454537,5.787993700599664,31.728195425570043,31.921081437019698,0.19288601144965511
-23.08511321943309,21.15071298641869,33.732573234306386,33.708678213244504,-0.02389502106188246
-24.37445751958203,22.466635781880022,33.48127975389358,33.54880313716058,0.06752338326700169
-18.628401468022922,12.018442409435934,32.43757116985733,32.425883580441976,-0.011687589415352306
23.608488153376335,-9.023610079434746,33.49796626961447,33.32243052632527,-0.17553574328920263
-17.36367604158462,9.882604966383099,32.416082353358775,32.39288207577675,-0.023200277582027695
5.225226522079836,-11.757459432670565,32.5803055092655,32.58088823350403,0.0005827242385265663
28.083955749804225,-29.57899426384504,32.61933463921976,32.57045124993665,-0.048883389283105316
-28.10637546203595,-2.7576155622711767,31.42429867419725,31.569337254017643,0.14503857982039392
-28.183403776287086,-15.479859645848151,31.167756629827664,31.175901655963774,0.008145026136109124
-11.171398943307125,5.500844399688063,32.54389072167315,32.543972998745154,0.00008227707200347822
6.205671914926683,-26.006668259894504,31.99188232006495,32.02964331682358,0.03776099675863165
5.384964439905609,11.294471366370168,33.56681938541527,33.57882804562223,0.01200866020695912
-6.822145299464744,-18.087789898059093,31.76958168066956,31.773753546015964,0.004171865346403791
-10.576078576230628,5.9548130737694365,32.589630494320325,32.58976384805667,0.00013335373634504322
-14.914615272579802,-10.041601981118909,31.76347127364666,31.752535441365737,-0.010935832280921431
19.729258135365264,24.445683805950246,34.992744923833776,35.03691294862694,0.04416802479316573
8.690921063756946,-10.352822930293215,32.79631681920263,32.79374861077255,-0.0025682084300768793
29.683259267273648,-5.646440563788325,33.75928909971353,33.597494409541284,-0.16179469017224335
-25.056836476070828,14.086607595694097,32.58582285759458,32.5205150085952,-0.06530784899938169
-21.893546080378428,-25.675629622998827,30.808658009352605,30.86213136062325,0.05347335127064312
-30.484235434245214,-2.722355736278324,31.457792069622073,31.530416108469954,0.07262403884788071
14.813647985206124,-29.441018480349733,32.1902748164825,32.13854246808052,-0.051732348401976935
-2.7573143467973438,-4.859907950462635,32.52368287207537,32.532884863761495,0.00920199168612612
-12.003977436450327,-24.164156810190455,31.28325485532134,31.28300904085443,-0.00024581446690774555
-20.48650419898138,-9.485621998054533,31.522624615800602,31.52024836021147,-0.002376255589133791
12.024471904148157,-26.45631164288767,32.223985836389275,32.199102718399324,-0.02488311798995113
11.322934362288287,31.0090934888365,35.08622324708045,35.006875092170574,-0.0793481549098729
2.152746430324875,-15.993750067334105,32.26628167526085,32.26132154422895,-0.0049601310319005165
8.069464599526746,-14.75404778833633,32.587981931954026,32.57404514395211,-0.01393678800191367
-19.10757881260477,-10.811231467848536,31.540550333106204,31.52945132172474,-0.011099011381464408
27.088060437252274,-18.727753227728606,33.10465328209266,33.0057243756882,-0.09892890640445984
-3.979576601562556,11.439882875760041,33.11602479001562,33.12900508067946,0.012980290663840321
-2.6218075481635665,20.470425612776303,33.57823093819275,33.5359715525096,-0.04225938568315257
27.898850277044673,6.927503366522728,34.17047036532323,34.19366924336298,0.02319887803975007
3.7071034946752306,30.361814466948942,34.28889274875844,34.470831593990304,0.181938845231862
-6.4202011899866775,13.962002690911135,33.10572079286496,33.11183311393909,0.006112321074134286
6.886135101747563,-0.08333053862786244,33.186822772574466,33.17567204889289,-0.011150723681573993
-19.2529078845061,-19.40184058864977,31.146890555320145,31.154500083387642,0.007609528067497706
-11.168514288283696,-16.426979737924697,31.638838163384037,31.65594011330209,0.017101949918053805
-25.81231456648326,20.712564038145054,33.44642898699787,33.50103654636024,0.05460755936236694
-27.70513295174662,-5.819063390745612,31.34977336055745,31.46333071780955,0.11355735725210181
-27.987599023272452,-7.568166750754301,31.33316038647218,31.420229844463176,0.08706945799099586
22.23470600623814,-31.615379981505875,32.33933212326643,32.272693684492054,-0.06663843877437614
-12.711384798492169,17.595928187384665,32.95990580199209,32.95676801459233,-0.003137787399765557
-9.33123760875533,-24.69325711031864,31.384338927738646,31.382702621305192,-0.0016363064334541377
18.874627185467816,9.461258177160282,34.173819555439245,34.27828915724911,0.10446960180986764
-19.60394471974103,23.208381855249748,33.70748712393862,33.725258713675075,0.017771589736454985
-3.2741887577900997,-6.451183289612246,32.432321120536166,32.44049178893933,0.00817066840316727
12.242847372360956,20.8697194591995,34.57945227610613,34.55690569459007,-0.02254658151606037
30.239774515564186,-14.094703926426774,33.400589750421304,33.26582727698629,-0.13476247343501058
17.360966360978864,28.202672578977776,35.20115676413989,35.22326719492544,0.022110430785552637
-23.312403313582152,-2.6301461108789397,31.669589896192406,31.729240454636237,0.05965055844383116
-31.73005218207507,15.601753508639106,33.058395025956145,33.03384102845836,-0.024553997497783087
22.55548396919955,6.452852252260207,34.2130695494784,34.250016039019215,0.03694648954081714
2.0295586227772304,26.758467725014633,33.859926826883054,33.94631807557806,0.08639124869500847
29.65867651918034,-29.9057983113805,32.644658639345366,32.605808844543205,-0.038849794802160886
-4.980767586004575,25.076114756857486,33.40748400356303,33.619781149883046,0.21229714632001873
20.979327724842037,-19.277797259307256,32.88021465911428,32.845094792512455,-0.03511986660182487
20.75233231919264,2.683686924625441,33.936117691558024,33.96060788103017,0.02449018947214654
20.373232484903333,-21.09678679784917,32.76951276035649,32.749695571313424,-0.019817189043067174
15.376473170292172,-0.07084744140455967,33.562021805311815,33.56148833948319,-0.0005334658286244576
-14.43081934518245,-27.387001693661773,31.06495506845389,30.905223311765695,-0.1597317566881955
-8.657000450218419,-22.032201473310003,31.524126001616153,31.52383493165282,-0.0002910699633318359
23.527266311095758,-23.629403111172287,32.75630410007821,32.724352752229805,-0.031951347848405476
0.10065063229473026,2.9715784409093686,32.985746880593545,32.99098733103442,0.005240450440872735
-3.6144316776152934,25.56621283774472,33.40671955044438,33.62304492865276,0.21632537820838138
-6.698408681119659,15.26349918581063,33.14937263526976,33.15130088460346,0.0019282493336945095
29.429188300314244,-31.776088844300155,32.55585073937193,32.502453966681436,-0.05339677269049048
8.802627909912289,20.142621421952512,34.33485364523667,34.295192009096866,-0.03966163613980456
-29.751360368070337,-22.023888055442896,30.934136847840477,31.05422370098201,0.12008685314153311
10.067065712986874,-13.952319737885553,32.712040503785715,32.69639094480362,-0.015649558982097744
-23.55363249720063,-13.539048489150254,31.203987746214814,31.189660893202998,-0.014326853011816354
1.7994417001897318,-13.653475390466284,32.34598126970617,32.348273560944136,0.0022922912379641502
19.387751421222838,6.823001699280724,34.056673947695685,34.145044600397576,0.08837065270189015
25.400128192137466,-31.707544193646484,32.43497076343157,32.3726848339406,-0.06228592949096878
27.627637597940627,2.675185486975394,34.000716053133786,34.02378685719277,0.023070804058981764
-28.50525388032996,3.6358450190593032,31.68918061035475,31.830638878280507,0.14145826792575633
-28.653430793510346,25.32322976404253,33.57443442697762,33.52526000858388,-0.04917441839373993
-3.059437335473639,-10.368113787714336,32.29896950548623,32.27858856419319,-0.020380941293034027
-26.026696905647285,23.99681327219586,33.35764550823672,33.403915198312795,0.04626969007607329
-23.50834341806882,3.4294576362631233,31.909356790407692,31.914215464424842,0.004858674017150122
12.85267831494977,28.311165671620884,34.989518683427406,34.93341330393661,-0.05610537949079486
13.81536286497878,-31.015201168512355,32.08564112953658,32.02491773114095,-0.06072339839563057
-15.0685600949651,3.4390711847530184,32.27939352213884,32.27902072828222,-0.00037279385662003506
30.2286962339997,3.4796692315562936,34.03926543266139,34.0352097073133,-0.0040557253480884015
-19.354943579854286,-3.3996590632740507,31.81298846238677,31.815199645762917,0.002211183376147119
-20.4546792956529,-7.201147542823982,31.61542244116207,31.613208205893297,-0.0022142352687737343
-25.75049218211877,-1.8868482467042824,31.614551556082816,31.691001058781158,0.07644950269834183
23.193800878408155,9.831264853217021,34.406154388122026,34.367347297846976,-0.038807090275049916
-16.414605033127827,4.506943096387502,32.25557313040221,32.25730342886662,0.0017302984644089747
1.839339205943574,-16.497910211338905,32.23119435575026,32.22700405167118,-0.004190304079081386
-15.783990483529081,6.599257815438534,32.36605291383534,32.36573606585201,-0.00031684798332776154
-18.09376342150572,19.7103860102764,33.65031636324542,33.561730936374566,-0.08858542687085702
31.10691434068682,7.298730774523712,34.16481993179574,34.19380599642524,0.028986064629499708
3.705772978816114,0.30041753162666396,33.05538047513136,33.047222478466026,-0.008157996665332234
-16.96551261052933,-1.398757155938803,32.00350164333879,32.00333319035191,-0.00016845298687684362
16.64752761275406,-16.106670968761748,32.884311250912184,32.87630417732269,-0.008007073589496372
28.631703085556566,20.79559685727299,34.69277805408784,34.77090645034612,0.07812839625827905
-16.716378844151095,-31.727564812730286,30.733205404232425,30.71237011090679,-0.020835293325635718
2.321302985268389,22.461812889571412,33.99218753708332,33.88286123225773,-0.10932630482558636
21.538718723513682,-3.777278255308957,33.658599166741084,33.665073543109,0.0064743763679189215
19.006498606317557,-19.50934315556573,32.79299743257488,32.7857659519125,-0.007231480662376555
-12.244177835461663,19.64718352805499,33.2163918469641,33.34333343194127,0.12694158497716757
30.43250187651072,-0.6668998869999996,33.88365837016888,33.84505258033285,-0.038605789836033466
21.912105780178855,11.545698602676794,34.50000412486841,34.475659777254144,-0.024344347614267292
-8.140066205184596,30.622514951326494,34.38365116484333,34.41329965857223,0.02964849372889944
-6.877352758396839,-6.733166842208618,32.25560507405101,32.26885890917057,0.013253835119556356
30.59679901151955,4.066162065418773,34.05272641958365,34.055953504116324,0.003227084532674951
-4.11140621014556,16.831025892310414,33.345107186573166,33.344953150312925,-0.0001540362602412415
10.441649071377135,15.411153241054663,34.03175547834998,34.157181593737256,0.12542611538727755
-3.2984598648917256,29.61542713244973,33.99607747537194,34.0223259294684,0.026248454096460705
22.61278177066044,21.536407005982696,34.80466672572902,34.85868822473955,0.054021499010531215
10.220635848550408,27.71643323602094,34.69717166985562,34.68406408783657,-0.013107582019053154
25.84116160041907,-5.455648287591501,33.761213476254234,33.539961709433804,-0.2212517668204299
10.881281870373158,-18.036694246951136,32.57069057887535,32.5591261243678,-0.011564454507549726
20.397259597695488,-7.953086639597139,33.427169060680896,33.40562657103753,-0.021542489643366025
21.805847721970608,24.7352445525092,34.94207242337803,35.00835246957072,0.06628004619268779
-25.475848072490564,26.11869919958695,33.48140212760572,33.58723227572571,0.10583014811999192
20.017039578933584,28.06379760389946,35.08956641624411,35.16757663284698,0.07801021660286978
-4.5345592910383345,20.332075619039664,33.47841928900382,33.45080127583103,-0.027618013172784117
-31.75379997755322,-17.30201114736952,31.00059943195248,31.065025509928518,0.06442607797603728
16.598845406429966,17.98059222019407,34.77828648893686,34.67992187470131,-0.09836461423554965
28.454613734030858,-16.14208482330779,33.2935970666651,33.14200748858756,-0.15158957807754092
19.408316133342822,14.365027211770645,34.65857018762841,34.59222356257549,-0.06634662505292255
-0.7896779695898744,-22.796850790689355,31.853003391519113,31.853001601948737,-0.0000017895703763315396
-20.722879066992725,10.135985637633034,32.25669276666736,32.19879151426277,-0.057901252404590764
20.550221650621374,-14.08078492432061,33.12834402072231,33.04715924574791,-0.08118477497439613
27.988068724272487,8.292051794788932,34.24911695339294,34.24816591268565,-0.0009510407072923499
14.347027879457038,15.268240274361865,34.349861774682466,34.403894159132655,0.05403238445018843
-24.70201962401979,-11.967873237662786,31.210287490438212,31.25529577148068,0.04500828104246679
28.29291659187394,-7.6792510846093975,33.67100508004795,33.48320148010052,-0.18780359994742923
16.514556251352268,-3.178991115358251,33.46932065474142,33.47119506625541,0.00187441151398815
-3.0458627862637897,9.716128318150119,33.09304377659307,33.10612559959318,0.013081823000106851
-0.5416353621786314,-30.22488860775774,31.54508462398868,31.545494455861952,0.00040983187327370274
11.361904944047858,-8.54214296542954,32.992419804469655,32.99441281584447,0.0019930113748145573
26.680920994974024,11.061526330316632,34.344095150217875,34.37086366059584,0.026768510377962684
2.6373141231239217,-6.074644147414993,32.72134203818694,32.71645197930457,-0.004890058882367043
-12.085589425391873,-3.9290396588117105,32.13973785205407,32.13250595360639,-0.00723189844767802
-21.446239568381912,-8.011359659084832,31.537102041845834,31.535942953161655,-0.0011590886841794656
-9.802080898243162,-7.43954868899646,32.092917259335344,32.10090371775597,0.007986458420624842
-15.269996584400012,-19.982278517467996,31.305306307530465,31.317452166287232,0.012145858756767325
-7.598504358885606,-28.27523592188149,31.317184067717807,31.25327200758268,-0.06391206013512729
-21.668496714770924,-8.568928239374088,31.50320868642085,31.503562117111365,0.00035343069051307907
-14.184139922903505,12.091204824353937,32.65262778703879,32.65469374037015,0.002065953331360504
-18.182384448838775,26.040116679525653,33.82171353129573,33.87033024539247,0.048616714096745284
-31.24859637382643,21.847324131494098,33.16909655038933,33.29530513803996,0.12620858765063048
10.849254248577694,20.70800171940887,34.4905662969686,34.45761258354584,-0.03295371342276354
31.138734437180204,-16.990809733924927,33.255029999037845,33.168153491431426,-0.0868765076064193
-14.142419202314997,-29.257345992787727,30.783933109498758,30.856656226420014,0.07272311692125655
2.9726301751849533,-20.25545306086847,32.12926622449557,32.12292513691539,-0.006341087580175042
-19.38225131490362,-6.308649333153106,31.70073307455421,31.697424254798346,-0.0033088197558654997
-9.628731044208905,-5.827166282611323,32.17297755281367,32.17377724344191,0.0007996906282414784
1.0152676338773006,-22.472976567977582,31.949295244180334,31.946771587538933,-0.002523656641400862
-31.146995945712185,-28.7216547468638,30.899456983523628,30.95853559840479,0.059078614881162395
-10.804589008417189,-6.9454640930417995,32.06551009398388,32.07282821962059,0.007318125636707862
-26.0024092773807,3.5537808496488665,31.72510849802036,31.85784685832928,0.13273836030892028
-14.757731985236596,-3.39504044764287,32.03261684747088,32.02630448977126,-0.006312357699613358
-4.072785030487466,11.144266281314046,33.099400397223974,33.11249369497796,0.013093297753982824
14.967518012969087,7.880069246394669,33.8863767697287,33.99978315786523,0.11340638813653214
25.71499142620182,-21.238535596727566,32.94287862353393,32.87234537438275,-0.07053324915117543
24.878377167691603,-0.8080317407111224,33.94581292173675,33.88008891605166,-0.06572400568509096
0.011821712956098906,11.264644449638212,33.302224193515954,33.32023430904522,0.01801011552926468
18.045797187522922,-31.060056160737396,32.22925598526322,32.16256116676986,-0.06669481849336023
10.539193091489864,-0.2997260643745463,33.337038463643815,33.33159708347633,-0.0054413801674826345
-6.544016526600686,-14.291936361390512,31.939609361223873,31.95338205598582,0.01377269476194698
-0.27583169042009814,-29.593440299937733,31.579866274876977,31.58253067286308,0.002664397986102074
28.369167411810587,-28.008882476823644,32.701461883738055,32.65651330618343,-0.04494857755462789
-15.506937405222715,18.847844835159762,33.19101013364017,33.2764298143011,0.08541968066093375
-7.261431093941319,16.210859928267105,33.16346731571562,33.16304023128829,-0.00042708442732930507
-12.259377995531864,25.998448293600013,33.96463376250968,33.99359769609199,0.028963933582311086
-30.529424581957706,30.6527405595509,33.689584325389454,33.6747747727432,-0.014809552646255497
-23.491121137722878,30.19236093841625,33.799977920878526,33.77370281513704,-0.026275105741483173
-18.153574488688164,-7.9639092338930055,31.690807901686682,31.686631239109566,-0.004176662577116019
-25.522326060846353,8.606137351949357,31.88914663614098,31.95575614485025,0.06660950870926996
31.389571442276072,13.959429340411752,34.38971368832522,34.484433533479844,0.0947198451546214
16.249619396623054,-25.66051971030506,32.412775829594466,32.37961449316128,-0.03316133643318864
17.20141651657967,-19.675643836391252,32.711364026124265,32.71753995395031,0.006175927826042482
22.596447266092653,21.975297768440335,34.82981441150591,34.876945745859004,0.04713133435309658
-2.4520438578731785,-7.221165125843697,32.44401236571323,32.4430308432568,-0.000981522456427797
24.115221926454623,-9.050607906321723,33.515892560172695,33.3327957168689,-0.18309684330379383
-12.16754571406777,-5.714890326748581,32.06469747396066,32.057046898437896,-0.007650575522767156
28.335177780817908,-16.795507744750118,33.25595537428177,33.112678766710125,-0.14327660757164296
-21.11478952009265,11.028987402132039,32.153663022767304,32.236751218233834,0.08308819546653012
25.91426847727719,24.640854229145894,34.90824570116962,34.92752492262264,0.019279221453018636
-1.313272755530292,24.563117457288413,33.615503352013064,33.68089360823302,0.0653902562199562
-15.84565817586499,22.498083899688453,33.78784160947365,33.758222316415825,-0.02961929305782718
-11.610090787757208,29.84288998273636,34.372117159138966,34.4309028020077,0.058785642868734556
9.730878981433776,11.154418201753998,33.77360669888973,33.8545127589293,0.0809060600395739
6.927222649609618,-11.173209352243312,32.681785086180795,32.680805130344176,-0.0009799558366196948
8.765589081357128,-26.472470835096935,32.10187595690452,32.090473520384066,-0.011402436520455694
-31.235156999585264,15.262430561230097,33.064801260115935,32.99591749166342,-0.06888376845251543
-18.27516868152079,-26.551170372982035,30.87644619036037,30.835743402123143,-0.04070278823722617
-28.182268065619056,-15.084981830274216,31.17702554391182,31.194333801075157,0.01730825716333584
9.530286083653941,-8.638069563097147,32.90823171858438,32.90694444527257,-0.001287273311810111
-24.63577967749054,-30.323798331185756,30.70812590788098,30.746512766492213,0.03838685861123281
-22.615133798264736,-26.307299488427567,30.809919638382873,30.838329511754072,0.028409873371199268
19.805787533121936,-28.949286283239694,32.38352287688646,32.328857242060884,-0.05466563482557518
13.56303430242756,10.758314675431038,33.943954483178246,34.081199432048706,0.13724494887046035
29.938347437916235,-24.53111254107528,32.903827570125216,32.83373333985277,-0.07009423027244566
7.981378587942935,-27.043114439922462,32.04970910611081,32.03531394821741,-0.01439515789340362
1.0305755750209755,30.938344150622115,34.228163702481545,34.321887611573885,0.09372390909233985
11.422170887100414,10.328396020262772,33.82013513466841,33.91536475721375,0.09522962254533951
18.98687961986201,-11.450825648231643,33.20240956284298,33.16699756924006,-0.03541199360292069
-14.901474060710584,-2.8745959109509656,32.04560717065785,32.040291114918595,-0.005316055739257308
-30.601916218927137,-22.80605220318153,31.047961834703642,30.98834322504938,-0.05961860965426169
-23.540317731991195,-27.64818952121209,30.78268802983884,30.795765030005114,0.013077000166273223
24.893936497137837,-28.29593457628517,32.57938176717942,32.53062327047277,-0.04875849670664678
22.07456512262933,-24.489919345242967,32.66692497003319,32.63223772237857,-0.03468724765462383
-31.63113825198524,-6.085723040732866,31.425116755710782,31.445838997618562,0.02072224190778016
-30.557232427150474,-26.14954838775835,30.98637821066181,30.992038776856866,0.005660566195054173
28.806341230636676,25.94582323651,34.97827271918024,34.99545707608076,0.01718435690052189
-29.863539054967397,23.439266421842902,33.298186977100706,33.34496398834162,0.046777011240912714
22.407833375519857,-17.977738676056013,32.99085782065134,32.93039224054566,-0.060465580105685035
-0.0627080540236733,6.660326763699061,33.11908150046247,33.13154607538185,0.012464574919377469
-8.894673172800154,16.835628992547306,33.110927840787596,33.11047722675564,-0.000450614031954899
17.384215365586655,20.67950824049123,34.89058394171279,34.847576611615544,-0.043007330097246665
6.452544918235006,14.394651352197883,33.755538361247936,33.83521320229002,0.07967484104208467
-18.631276753945308,-29.87064355612023,30.74937601397465,30.7613537604037,0.011977746429050029
-27.22420388982747,18.18553027865441,33.14636933662221,33.159081391899555,0.012712055277347645
-8.465915209786097,-14.5521581695524,31.845555068583817,31.85731369115088,0.011758622567061394
-30.211407359823134,15.96573441916108,33.15560764764933,32.97332618155292,-0.18228146609641271
0.6755102435601259,14.118238243245209,33.460303073791955,33.465027976701954,0.004724902909998718
-24.79902043016746,22.780530060255508,33.44561970710828,33.47501525123395,0.029395544125669915
14.834415165445904,-19.734479444693918,32.621135159592676,32.636228498396534,0.015093338803858103
14.56337002191502,-17.250713043392423,32.749558623546434,32.75046326463877,0.000904641092333236
10.329209888328052,18.52892106405087,34.32328224733578,34.31329872531702,-0.00998352201876429
27.63665794269582,20.650296802020797,34.721387708529676,34.76073463864079,0.03934693011111534
18.023571155123776,26.189909016462387,35.12235331794013,35.13494747479705,0.012594156856920335
29.30201215601437,30.73646168354056,35.250650973398464,35.20562086591096,-0.04503010748750569
-30.96887064635557,-18.920691282180563,30.846111284145294,30.927918099096317,0.08180681495102249
-8.92668271394971,-18.142008338452037,31.670550502289412,31.678616422897782,0.008065920608370192
18.144315071778188,-11.496931660817637,33.16813444231712,33.16495803081984,-0.003176411497278764
5.629827869151782,-15.971963034633667,32.42612241965431,32.414179722268344,-0.01194269738596887
7.365084414842848,-1.5555697604461827,33.13484035517832,33.13050950433322,-0.004330850845100542
18.290741948580973,-18.848833586790846,32.79333998854525,32.79590891021768,0.0025689216724344988
30.289504172889927,-15.328547744613068,33.35482152454376,33.21667447824233,-0.1381470463014267
-12.265940976425455,1.2874437078137575,32.33063479086188,32.33054604019956,-0.00008875066232150175
-0.5883035225061448,-12.871917028465319,32.2684154892255,32.27793150604421,0.009516016818714945
-28.03824287153423,29.10711793500146,33.60396380710325,33.69438368491926,0.0904198778160108
3.1101620853251575,15.882912828846528,33.65724728190134,33.70627966221433,0.049032380312986845
-13.677818649020928,8.38040137518982,32.534720173479265,32.53443451211026,-0.000285661369005652
-15.470475690167682,-25.930085793320586,31.085204467479677,30.971413266728284,-0.11379120075139326
24.744539532637,6.79154861052583,34.272247968564955,34.213796099129546,-0.05845186943540881
-3.9850887647728612,14.517520214718438,33.24950261296484,33.25397787624153,0.004475263276688679
-22.12943854423878,-3.803706670563713,31.665890613230772,31.704455944618946,0.03856533138817397
-25.660830269800805,27.73803472607112,33.56500864075752,33.67597212097151,0.11096348021398938
-11.482005247670685,0.32447504705140773,32.33119334559359,32.33114541997344,-0.000047925620151545445
30.906812382189614,-8.802587388002621,33.61528738207025,33.49656842164822,-0.11871896042202934
0.6762894856673611,31.95884037697416,34.39140449772039,34.432304262198315,0.04089976447792765
9.047432343801134,-4.904190277545041,33.06158244366263,33.05469309686402,-0.006889346798608642
-10.144044487778935,22.906683279272528,33.62304041298189,33.559729776944074,-0.06331063603781217
-20.838858741835544,18.761274921525228,33.60696365266357,33.464512673945045,-0.14245097871852863
-2.6603068153305145,12.390950174721759,33.22084647473267,33.23277731525989,0.01193084052722071
-11.707767308848616,-28.78187687964843,31.1211133758297,31.02905884159082,-0.09205453423887988
11.387026317935423,6.754214789852298,33.66923748228056,33.697946148199264,0.0287086659187068
18.89597116512607,-4.641437911387982,33.50347547869243,33.50952739616686,0.006051917474430013
-22.182408634476623,4.067498664407232,31.986066867835945,31.988874247234534,0.00280737939858966
31.64195185823676,18.62630395408626,34.6768470116251,34.68827471345485,0.011427701829752834
7.8335085975851015,-24.567133656675892,32.125548036470775,32.157198907409295,0.03165087093852037
-0.44379088550788026,16.637206471542335,33.516291361712995,33.51073654634793,-0.00555481536506619
19.82173714846636,-14.463765849363185,33.08270434614968,33.01507048728156,-0.06763385886812046
-29.064756963768616,-25.37905789929578,30.971892936564473,30.96843251333477,-0.0034604232297041904
-8.137579294926297,-23.047156971950386,31.506737431610805,31.506144607322717,-0.0005928242880877121
2.0152617520644043,1.5629578614344197,33.02312555252775,33.02125387105632,-0.0018716814714352381
-14.222183447939472,-2.2226569870789348,32.10304797176368,32.098845544816044,-0.004202426947635729
-18.418501809180057,8.341846258540443,32.30690179505412,32.26577993997091,-0.04112185508320465
2.193983998582418,-28.16829560417522,31.741076504343923,31.750555361775877,0.009478857431954424
15.887244640979247,23.2494493212777,34.89572339891736,34.915631990293704,0.0199085913763426
-20.73254018316669,24.980316282402484,33.66791917642787,33.694713281965264,0.026794105537391033
1.8160766769122532,-7.799315051931735,32.62256375520863,32.60511981630059,-0.017443938908037637
12.777648623981015,-8.558718812906008,33.05686399442853,33.057899020251725,0.0010350258231923704
-20.01357582606476,-19.91015787593632,31.091345060501375,31.09454731128485,0.0032022507834739145
-0.9128632502345937,-25.078616157848167,31.75378521740911,31.751798957561157,-0.00198625984795342
-13.292155479917689,-4.48090407380046,32.061362667163486,32.052783356377304,-0.008579310786181793
-7.200903430596135,22.862959823185953,33.57563293951459,33.45485895069519,-0.12077398881940127
4.461939550915936,12.462454715820883,33.572982897485765,33.5887832913496,0.015800393863834472
18.09502824271332,-9.511300722492393,33.26046150070128,33.25301151610114,-0.0074499846001430114
17.01082912293046,5.803664056077125,33.90105958625974,33.982235780730896,0.08117619447115487
8.597208787785178,27.716507678832762,34.54718559644631,34.55003390173862,0.0028483052923107266
17.305682024118987,-5.531152161207807,33.39366279285278,33.399128282736356,0.005465489883576424
-19.81940108244497,10.736832095295327,32.339988726993916,32.28414978071889,-0.05583894627502417
10.748598538812097,-6.152761998432474,33.08778037591776,33.075151535394824,-0.012628840522936002
-26.71327739926666,25.165929970458187,33.43516687687207,33.53714091366697,0.1019740367948998
-2.372642976715916,10.266141848619242,33.146325388348735,33.161679877635805,0.015354489287069839
10.686216133838087,25.186376428172146,34.55011076850716,34.60733541000085,0.05722464149368989
23.709504690668822,-23.54518657883483,32.76650464647121,32.73297549181193,-0.03352915465928419
-3.497187928209037,-31.034222247930813,31.385965470598798,31.389619302807684,0.003653832208886598
5.182522167544732,-11.61345012220277,32.58424564507606,32.58532299434824,0.0010773492721796174
-5.898536050921059,-14.29294084180276,31.966920615974214,31.981779593427422,0.01485897745320841
-28.71767307030327,-26.84829917535626,30.91825322419667,30.928452324514872,0.010199100318203591
-5.343045600758387,-26.955775088895813,31.474033462212095,31.455660209684332,-0.018373252527762673
17.424797314713892,30.262257553510473,35.292560778967804,35.299546291471266,0.006985512503462132
13.176536919123556,29.906947601549888,35.15814702921696,35.046124631418635,-0.11202239779832723
-13.140337308334196,-3.8524491541043204,32.09287219858245,32.08521014929074,-0.007662049291710105
30.95669754908485,-18.374314556520012,33.2104310272588,33.1076582116937,-0.10277281556509621
-4.873371302507657,-14.347499579357589,32.011577949463366,32.02456397038636,0.012986020922994612
-22.898549542661662,23.39307947433025,33.563089597811995,33.551916139085414,-0.011173458726581487
-24.05038414592815,-17.04758185098001,31.031367439961553,31.031618550768915,0.0002511108073619539
3.1666414311957425,-14.17935452286028,32.38714599575303,32.384995887150225,-0.0021501086028052896
12.542904141934827,-31.665925115697036,32.01323719212121,31.94950689896364,-0.06373029315756895
-15.478428236909338,12.6719488614579,32.61256874124127,32.61493893249585,0.002370191254584597
14.574345650274033,11.437535668236478,34.029919634084806,34.18819452491864,0.1582748908338374
-17.975760005276072,-19.337277110274613,31.20728653055535,31.22232208001574,0.01503554946038932
-7.425840201861732,-13.990967847026475,31.917925332985806,31.927694072798058,0.009768739812251681
8.502237004414923,8.651702950493714,33.60485234923881,33.623558115496465,0.018705766257653522
-22.016672394188184,6.08672137337031,32.07410424368467,32.02734734137545,-0.04675690230921958
-13.00167645679958,24.141850537606146,33.85304612246709,33.78007213499691,-0.07297398747018491
-23.65953094967724,-31.298582027602976,30.69141637264031,30.711382076534242,0.01996570389393071
22.394277653033576,25.20158790730291,34.97514092143902,35.01365057691277,0.03850965547374585
9.344023662796673,-18.92769235658602,32.46847409734883,32.455547608692974,-0.012926488655857327
-30.58002179232792,-29.659443315620948,30.86243178975819,30.913604248081327,0.05117245832313699
27.676247506106,13.034959125344464,34.44651952560749,34.442638991116674,-0.003880534490818377
23.693529250867314,29.96051222858523,35.16976251043182,35.16677352825546,-0.0029889821763617874
26.70058527546602,13.79361915838411,34.4836037108348,34.4812682699527,-0.002335440882099249
12.975188081099489,-27.380702796244385,32.21714888789754,32.18322067730551,-0.03392821059202333
-20.285314920770617,-21.13911675904653,31.05829301993996,31.029533203945384,-0.028759815994575888
24.29396097021406,6.4658837301409875,34.26940585209087,34.204277799321154,-0.06512805276971534
7.172548393497635,-1.5185134927791992,33.12818476621953,33.1234569265268,-0.004727839692733937
-0.1680688690240828,-11.91797892523411,32.32842212555161,32.33818288747963,0.009760761928021111
1.8062667011139482,4.0741038428813425,33.10951767837165,33.112687399748836,0.003169721377183521
-11.597626623855959,-30.274937560989066,30.980106300462406,30.914445815093533,-0.06566048536887337
4.675062708908669,-21.41224825209477,32.160151432011475,32.150016154791075,-0.01013527722039953
2.9954605776163135,31.188502736522338,34.27851560413036,34.504358236446045,0.22584263231568258
6.682959556035399,15.878763535983438,33.832131015338305,33.93960156129781,0.107470545959508
-26.480382258973698,28.530614767670585,33.56712805055235,33.68763108312059,0.12050303256824435
-13.11108729332279,27.999126295041066,34.24878946418637,34.26805004815441,0.019260583968033984
-27.438568274029876,-1.5855894739071275,31.525591551213427,31.6531489869205,0.12755743570707168
-0.8563268844098602,-30.789213004414478,31.527833781594236,31.51626989999032,-0.01156388160391586
1.4582057030401216,-11.185708363711,32.435365357034875,32.44133062073921,0.005965263704332813
15.55569355285514,-26.5602762368556,32.34661836064029,32.31059007640238,-0.03602828423791493
11.804565609927089,2.63649007979442,33.531513243792844,33.50858610963218,-0.0229271341606605
-2.8346799073480256,17.108686303679626,33.4198842026396,33.4198443001956,-0.000039902444001427284
16.961378285269383,1.3367156290482995,33.70179996260613,33.71425041139252,0.01245044878638879
0.31648938477093225,8.056869499328755,33.1903528709846,33.20514614883825,0.014793277853655695
31.17404562373688,4.415435292712175,34.04928988588852,34.06873287967207,0.01944299378354941
7.010285863204736,-1.414282709776984,33.126152708965755,33.12083025041742,-0.005322458548334907
2.768576466006621,18.826875758090132,33.77004385595483,33.80525452121676,0.0352106652619284
-26.902855777678518,21.01312369997777,33.27937450316935,33.34778853937191,0.06841403620256159
-5.974107195355131,13.707626498553878,33.11640303462976,33.12333787220012,0.006934837570355512
-23.494454248263132,-28.36145421552412,30.755621091098337,30.780184795476842,0.024563704378504525
-10.65480440221566,-16.038728272744386,31.677958899351076,31.69580411392434,0.01784521457326349
8.08195870104899,15.951203594981948,33.906379311804436,34.03542111645405,0.12904180464961712
-7.6012761096591674,29.822500042549848,34.23170152938282,34.26169992087707,0.029998391494252985
7.44892745116443,-6.76822159757576,32.91654268544607,32.897464014256734,-0.019078671189333818
23.521023053906987,-18.579138714156798,33.00140939638605,32.93107271289442,-0.07033668349163236
8.606209642653262,7.828814080339718,33.57759316178074,33.58082770284891,0.0032345410681671183
2.155082023559025,-14.943566528927803,32.30944702556299,32.30736911026364,-0.002077915299345534
19.86197654373838,-12.781045598630627,33.170484465081444,33.08455021399114,-0.0859342510903005
30.872091169332784,-0.020169582460809465,33.901653586024416,33.88772213410323,-0.013931451921187943
7.563386121660166,29.59296735309165,34.61671724049404,34.63890338236744,0.022186141873397958
-17.99898700288381,-15.22716553149776,31.42963753007167,31.395505444095466,-0.03413208597620354
10.532118749944232,-25.430634957448447,32.21054181815943,32.20225381926518,-0.008287998894246584
-6.477082819589725,-27.137442935411265,31.41489558652779,31.376009088981665,-0.03888649754612672
11.208370685400489,-16.263952299960827,32.66765470903673,32.64587664405754,-0.021778064979194767
-2.0298578873049564,-3.324021382837074,32.63248568213769,32.6321334513415,-0.000352230796188735
-21.406181545986435,8.853319806927097,32.16225800608622,32.092265000205586,-0.06999300588063306
23.32669010803506,-0.733981184293981,33.87891607602822,33.882024094692184,0.003108018663965595
-29.225621187993013,-1.5916128009760655,31.440201382637625,31.595753865856437,0.15555248321881265
-11.906542034427126,21.771589913425757,33.52141755841582,33.57660151127727,0.05518395286144795
-2.1649810205220703,-19.201077278172427,31.937166144294395,31.936972773252037,-0.00019337104235717106
18.473326307825182,5.397113871154957,33.95581021620106,34.020593395559395,0.06478317935833644
-19.302983215159536,-10.387330276623196,31.546203002966344,31.537604026757762,-0.008598976208581632
11.60210603046675,19.934412561771715,34.518437604040855,34.46766731768145,-0.05077028635940195
-15.032812347765876,-19.371330288908638,31.34126577132902,31.355013924356246,0.013748153027226095
-6.542348104759654,-15.354502784596747,31.894517514991417,31.906968289807917,0.012450774816500143
-26.91719744122397,-13.652926576426928,31.195633563311475,31.229655618582637,0.03402205527116209
14.109117079654695,-14.896317468235694,32.84732567550519,32.8316781631821,-0.015647512323091917
-15.799164761591868,-16.871222405773857,31.417559499552347,31.432188808436145,0.014629308883797876
13.34114804791708,27.96350263564026,35.00462567384599,34.95501224020127,-0.049613433644722704
14.425683534414738,25.19931832398506,34.90156497613078,34.89563377151481,-0.005931204615968966
-21.346577596297443,-6.9002821004092425,31.58415357193971,31.584958973219663,0.000805401279954765
-4.81878379814485,-0.03182777771817058,32.63548739232671,32.63562797329375,0.0001405809670416147
24.25823672043466,-11.046147568788577,33.42028960764108,33.25471519023197,-0.16557441740911116
-6.335033224232987,24.135111769318712,33.4694216014459,33.53274638787192,0.06332478642601558
16.163532903381544,20.77098218445441,34.81939435673168,34.80399052277158,-0.015403833960100144
-29.25024305645573,17.934252579581717,33.24631499098554,33.17082614271567,-0.07548884826987035
19.39982420357402,31.190097237860286,35.195173839777695,35.296930748706586,0.10175690892889122
16.53505602822937,1.3027414319224135,33.681377601328435,33.693485631065016,0.012108029736580761
-13.610204039977042,5.56036267054413,32.430004636722295,32.42979662923941,-0.0002080074828825218
27.45211578666607,-19.845099871112033,33.059272977015375,32.96843064106519,-0.09084233595018532
28.617657924295315,-7.000353434801461,33.696720062970506,33.518213499954676,-0.17850656301583
20.63606637613848,6.66644220605567,34.11073415117734,34.19072366334525,0.07998951216791284
18.25562406499637,20.767396806829545,34.930911856086546,34.89060220995777,-0.04030964612877597
14.105853544975218,-31.267092153269175,32.08450496791974,32.02162953313155,-0.06287543478818947
-25.76404254900413,7.548139044894555,31.855399113338038,31.921919159365714,0.06652004602767647
6.506514865550528,-30.515502098498594,31.84721103721301,31.808731448982247,-0.03847958823076425
-16.227444466114143,-26.350110014236073,31.020570964696816,30.895129343071062,-0.1254416216257539
-8.092465572886233,-27.134634455604335,31.341226397554458,31.284980790563857,-0.05624560699060055
14.572019386455366,26.39817783312219,35.00283672681233,34.97230418135368,-0.030532545458655136
12.990951451120168,1.2479406526290546,33.52199797770835,33.50661603707211,-0.015381940636245872
-27.701745222115427,9.497601502642517,32.04616374231947,32.04857202122562,0.002408278906145256
-1.2715746578781548,-7.106434812430287,32.502782981096644,32.500064718593414,-0.002718262503229596
29.642808145011415,13.269447193555628,34.407687168957665,34.447672164256794,0.03998499529912891
19.286425796541643,21.571590731081237,34.95908174225495,34.93718901112264,-0.021892731132311383
30.46560057590124,23.170307144088248,34.87846785211884,34.881238490901204,0.0027706387823656087
11.69864950283641,-3.8685232989100413,33.22168726936578,33.222050193796974,0.0003629244311937896
-10.878167277021376,23.43328938895499,33.69722442089975,33.624940425695456,-0.07228399520429463
9.380336740420674,23.282852134306623,34.32666935905174,34.440080228422346,0.11341086937060396
22.359443171873103,-23.036223250300267,32.74541918142346,32.716094184500086,-0.029324996923371316
-9.87674676457894,4.735582331997421,32.57683650201948,32.576521366190256,-0.00031513582922571004
27.004967150026282,23.954770454624246,34.85408602077589,34.9019281759058,0.04784215512991352
-20.03453102255849,13.571565282737822,32.23414936153094,32.23500554096444,0.0008561794334980277
8.392471718906727,30.25901461264845,34.75254466349702,34.75339255070892,0.0008478872118971026
6.851330591875417,-24.36381133368453,32.10228347220693,32.11887512601617,0.016591653809243212
27.622166978741966,-9.425716400150236,33.61460271654006,33.39685831697858,-0.21774439956148228
3.7475290453799914,1.8741698708295615,33.11800514451847,33.112362332118074,-0.005642812400395769
15.370524686943824,30.548853001467023,35.366345321548835,35.261848399919835,-0.10449692162899993
7.950733063433567,2.6273460542032794,33.347473522531594,33.3333509823066,-0.014122540224995817
-4.9375622911457455,18.0860740780125,33.35984722437298,33.35979886878297,-0.00004835559001037382
-1.5132132213808944,10.396153455999674,33.192612622975844,33.20960763507562,0.01699501209977683
-13.194815994747465,19.288958678249195,33.17273756902143,33.29896249748473,0.12622492846330147
11.829513687100707,-11.765393483704585,32.88194779893445,32.86917411713637,-0.01277368179808036
-10.063165567928266,-25.79334668698619,31.30556651232685,31.288651667002984,-0.016914845323864114
-10.827282947685553,-0.3456362548510228,32.337155975092706,32.33615018678804,-0.0010057883046670213
-19.980965263498817,-1.5076098274635612,31.855624995396106,31.895483472970355,0.03985847757424921
-27.87847070580387,-27.184182356547417,30.885471132187835,30.9023165004496,0.01684536826176597
20.104470718455538,8.516864001535552,34.188939574771155,34.276623991702735,0.08768441693158024
29.106864812936607,-16.811252741139334,33.28134868031142,33.12949731542647,-0.15185136488494777
-9.789544250736434,-1.6120344650260563,32.3381509799336,32.33496713127223,-0.003183848661372224
-18.353594887003588,-20.034682855068432,31.16168945470046,31.174022986920594,0.012333532220132781
3.2159184293346215,10.26531045525941,33.41525483328158,33.425459462651794,0.01020462937021449
-16.117410082558067,16.353199727079918,32.77513494856068,32.79496338322216,0.019828434661484096
-7.601648914795845,-22.924712790462294,31.535966750450623,31.53570182378077,-0.0002649266698533381
11.288884180247315,-26.507253487288025,32.19439557060645,32.1721615864471,-0.022233984159349518
19.5147547799588,0.8304613557447595,33.78917295972433,33.796698334141865,0.00752537441753276
-11.13101645022428,-27.162531777112754,31.200581201095027,31.110910470674906,-0.08967073042012075
-21.51012710957847,29.65787503676463,33.85371129089088,33.85497804940166,0.001266758510780619
-14.936751117410687,-25.919201048442652,31.09960994015181,31.002502071962336,-0.09710786818947525
21.551157699745573,-15.426243734278628,33.08672793492186,33.014980177098735,-0.07174775782312537
9.544096617822646,30.375179509724546,34.8674853353131,34.83617369532823,-0.031311639984870965
-21.518901608887774,-11.91749003474657,31.389499289165112,31.367821162602723,-0.021678126562388655
-3.042334190496682,-19.15637709832533,31.89864071697653,31.898606151003825,-0.00003456597270456996
5.1517260885852565,-21.560710086644647,32.17541428197271,32.16448179080023,-0.010932491172475522
-1.5725291121784792,-17.46107837298714,32.03575973924017,32.035236931552475,-0.0005228076876946375
28.454638779647667,-9.420071067530898,33.611355234519685,33.415923813928124,-0.19543142059156082
29.474468553214315,15.60625979700881,34.48389196399256,34.54859817119493,0.06470620720237008
0.4687512911226577,-7.522726752274217,32.56973541357652,32.55835927661892,-0.011376136957593985
-10.599253750852974,28.836383864482144,34.22476979507084,34.29404087968733,0.06927108461648857
23.520165817081008,-13.272284225463245,33.27450205183434,33.147302662345744,-0.12719938948859522
0.5583145217075227,11.66234174536637,33.34650039566951,33.36101388031439,0.014513484644879782
20.787723644164892,-0.6738914705084866,33.76996577838075,33.77303989665203,0.0030741182712787918
-30.680905055913883,-28.736651480661266,30.886974174342456,30.937273400353646,0.05029922601119097
9.476145788428447,-25.213977843686926,32.16989198421657,32.17841627954871,0.00852429533214405
-20.514139894996063,19.388790646579317,33.736241559377554,33.60974351531833,-0.12649804405922538
-15.938004314068607,3.523770294681121,32.240878644530056,32.24074450777478,-0.00013413675527829128
13.386864256092998,25.60592176166943,34.83359679924866,34.831772015053616,-0.0018247841950440602
11.661352648043412,1.757681253150217,33.48821370102718,33.46677069176595,-0.02144300926122611
5.340884541584018,1.718359029899247,33.18765992921287,33.178399189588454,-0.009260739624416203
20.065177403464773,22.931961612874034,34.956476453609795,34.97357668501855,0.017100231408754496
29.41858554845104,20.164733419732052,34.67178727497553,34.74653277483923,0.07474549986370249
-10.049278534066765,-17.261292141045125,31.656020693450095,31.66823382583381,0.012213132383713798
-13.983317922387634,-21.703763508263314,31.293908370529007,31.29775554836561,0.0038471778366044873
-14.576528643902314,-9.98246376918219,31.781092927037268,31.771048302500805,-0.010044624536462265
18.36973719155312,26.55898148404477,35.11881838542888,35.14225667169767,0.023438286268792297
-16.95194168419227,-18.532454372425498,31.287380100510607,31.30630899059287,0.018928890082264616
19.128933388371244,15.544234370011843,34.746079129019996,34.65216147498575,-0.09391765403424301
3.6895263633618214,29.002457783146184,34.20816727373756,34.264956047137225,0.056788773399667036
-8.098696501506822,-13.020985329246663,31.94891114440031,31.940483077247812,-0.00842806715249722
4.481581709320558,17.64703237120932,33.80206599588681,33.8863644180393,0.08429842215249295
-17.087641748445584,-9.403238840117616,31.68385488745991,31.677134932459904,-0.006719955000004774
5.5973435448701565,-16.17209807567739,32.4164224841698,32.4044994372732,-0.011923046896598066
17.90053505811961,10.745230891956012,34.20054001507045,34.31479971910533,0.11425970403487895
-2.3325595491657296,-3.2034418480225426,32.62519560818872,32.6240710140139,-0.0011245941748185828
-31.879881209700464,8.508291538917533,32.135095818337874,32.12104126381262,-0.014054554525252172
-12.541754087691189,8.538507465359373,32.59475004273641,32.59472915286274,-0.000020889873667329084
30.61360504323069,-4.182983567330211,33.821653374786706,33.67817885553621,-0.14347451925049626
6.63126424871696,-11.080119057743993,32.67217314033219,32.67194814808952,-0.00022499224267136242
-26.258016994754634,19.49133074085151,33.26413127168167,33.29436807496483,0.030236803283159475
14.048160538326641,-15.566876197405847,32.81264186520727,32.79967817988164,-0.012963685325630081
-17.550815537771037,-7.972288056322853,31.717032673208262,31.71353273263054,-0.0034999405777220716
5.845191948189054,12.658943281957171,33.649407964065034,33.69103957239566,0.041631608330625625
-12.008022023349731,-24.401638312064534,31.273570803489086,31.272612043636517,-0.0009587598525691021
15.52235144550415,-27.877927930590502,32.28560525573036,32.24202007948157,-0.04358517624878999
30.169787104584167,0.9742224738770915,33.94989487959781,33.93429604551497,-0.015598834082837243
14.03081178438277,-13.439840262984816,32.912904456417266,32.892975342766995,-0.019929113650270835
4.1827487166291775,-22.26764689699349,32.10213912639342,32.092780847475595,-0.009358278917822815
19.358099462307877,22.340143745444898,34.9791452380906,34.96474401863852,-0.014401219452082614
-12.823504226902386,-16.502548160865302,31.562469880243736,31.579663770363716,0.017193890119980182
-21.779264726322054,-7.118036237129672,31.555109763994302,31.556683148429315,0.001573384435012315
-23.608600951791963,27.475237067353795,33.64687637745777,33.65376426721977,0.006887889761998167
11.348875619641419,29.44639645093538,34.949933436504075,34.87041615214079,-0.07951728436328409
1.172188157951993,4.703411313936172,33.10299424625255,33.10920637984588,0.006212133593329838
-1.6290999039850433,9.780815067477079,33.16347402494543,33.179120604044975,0.015646579099545477
15.705033464625338,-29.171344040016727,32.233630456231204,32.18183694815494,-0.05179350807626548
-13.861617813860093,-9.12893491486215,31.843990436826974,31.839379794361513,-0.004610642465461723
8.129996918437548,-10.741696225424086,32.754569556459735,32.75223003051194,-0.002339525947796517
10.957489947381589,-22.77174755416825,32.32973788068298,32.35246651488586,0.022728634202884734
14.287945959671816,-7.270865025733379,33.17913923607497,33.18494561831335,0.005806382238382923
-5.57911170554862,-0.3648429003542333,32.58691761921851,32.585980897364614,-0.0009367218538969269
8.312741568384908,-28.041470318956875,32.01909149260642,31.9951569116123,-0.02393458099412271
-8.451690069356886,-30.26421038759093,31.196389754785166,31.173466359898494,-0.02292339488667139
-10.878676409363635,7.603210697604879,32.638696990376516,32.638366010636275,-0.0003309797402408776
-21.247187502604284,-24.103885280724924,30.846858280397974,30.90627376672187,0.05941548632389626
-16.131272302568696,-1.6220025912653782,32.03506253358911,32.03208665401511,-0.0029758795740022492
0.31928505680282626,-8.370674895235773,32.53206899298305,32.51473173925251,-0.017337253730538293
-29.23283067549969,-1.7654045515947985,31.43518036818215,31.58625834014433,0.15107797196218087
16.781949443512914,-16.767107561146858,32.85400934542192,32.852433425283685,-0.0015759201382365973
19.19610594943643,14.351410082086588,34.65501497484166,34.58302167931833,-0.07199329552333467
18.929582646664706,4.743175406101081,33.95190532963878,34.00204543387609,0.05014010423731463
6.9609772590572945,30.328504584379374,34.626800274964175,34.67065251361146,0.043852238647282604
12.364219469085882,-12.631187559649788,32.87127645194514,32.854547382321016,-0.01672906962412668
14.470488041826407,12.729580510337769,34.1095956264237,34.259169782700354,0.14957415627665682
10.44885639738667,27.413205230282827,34.6937050145102,34.68657013809072,-0.007134876419478076
-29.55418464003833,6.403052262580957,31.753273765418683,31.9654417149676,0.21216794954891682
9.186998400170374,-29.285028785781833,31.99728019062457,31.960403478799645,-0.0368767118249238
31.992360675182297,-31.180864499833703,32.62402511497875,32.609236156806375,-0.014788958172374578
-24.174335445858368,-10.192993367296019,31.309131598918484,31.324449728391503,0.015318129473019582
13.15571461545575,17.756151678579656,34.48045567510537,34.458960021713516,-0.021495653391852443
21.56798705771844,15.32475099375938,34.64562182742992,34.6390459099005,-0.006575917529417552
-2.3140150812889146,25.910354084383485,33.42195706432693,33.637191320469455,0.2152342561425229
-11.348177735031186,-2.9389399089184067,32.212996480482424,32.20738323305122,-0.005613247431206503
12.002015406598481,13.59432911726936,34.00535978996522,34.14984044095202,0.14448065098680019
-16.358323889250855,21.24169591283882,33.70745030771907,33.640244513446405,-0.06720579427266671
29.68400242600122,-22.61610681241853,32.975451948466414,32.90601323363463,-0.06943871483178299
-15.276259563933152,-10.413343339682179,31.733548808673774,31.720374038276173,-0.013174770397601065
0.21962678241339972,24.09899585471669,33.750848064485986,33.77546470498572,0.024616640499736775
21.806698649692137,-16.995769361309762,33.014250028077036,32.95680533278967,-0.05744469528736573
23.61057818583155,0.4706527597059633,33.951397913043394,33.95566336879673,0.004265455753333924
4.248960866034729,4.06325975244183,33.22535273830849,33.22308885059758,-0.0022638877109102395
-24.25560002522043,0.25857838711852565,31.75999862326076,31.843183127702908,0.08318450444214776
-2.418082854673351,-18.23113395994489,31.96529129064725,31.965023978607533,-0.0002673120397176376
8.734260103272362,-19.007168786978248,32.4407586814193,32.425659964093974,-0.015098717325322752
-31.288745780964014,27.5058445130582,33.80573930169571,33.781010002862715,-0.024729298832994573
16.71727814485037,17.568381528984062,34.74963346436736,34.663731801626405,-0.08590166274095878
-29.72332991496817,14.91943571182341,33.06395614502719,32.907636984096534,-0.15631916093065712
24.043327433303624,17.712039743703436,34.62292974297374,34.66143207298241,0.03850233000866865
26.274657227800866,-1.5740076086602102,33.91410747281,33.813976866004914,-0.10013060680508801
24.912318650205833,24.291033804996893,34.93746910558685,34.920615185263046,-0.01685392032380406
31.878923188098177,-5.5648709456099965,33.75795210996026,33.650497249654116,-0.1074548603061416
21.159601350344396,28.81952843614704,35.08831110539591,35.17430233175349,0.08599122635757794
10.168043841448004,2.6999692005434923,33.45566516442701,33.436880001552545,-0.0187851628744653
-8.624198366685256,21.466464458433244,33.437516836017195,33.405475339568916,-0.03204149644827936
-13.13264607763741,-9.444188139622412,31.867218938813757,31.86155836244919,-0.005660576364565628
27.270464347771934,-21.786512829553544,32.954024904737736,32.88520984898014,-0.06881505575759661
10.65054697261239,16.409765390793503,34.14400422851219,34.227023881243454,0.08301965273126655
-3.094057098128964,11.1321294501575,33.14602267730621,33.16063649021492,0.014613812908706336
7.0033928206039135,1.8044796842158703,33.27073264896791,33.257296476544326,-0.013436172423581638
28.580245109510237,16.566375642972403,34.545121762023996,34.586868091029814,0.041746329005817984
-14.332905957764325,-8.780741654432099,31.834506010578515,31.83082527798607,-0.0036807325924463896
-6.536565239494173,6.651482889629214,32.80935060951267,32.80952088328961,0.00017027377693779044
8.438345161917617,3.8918866486544985,33.41893261705897,33.40629510641482,-0.012637510644154304
3.3436251210935595,24.40797956220179,33.88259415984207,34.023140936209394,0.14054677636732293
-16.44198836753462,29.431236174360457,34.26744473045883,34.407421017836214,0.13997628737738665
-28.63802317505621,-9.954433238520814,31.281991036486605,31.36068270586343,0.07869166937682337
-7.494851850737696,-10.15665770050932,32.10525899228816,32.092404315929585,-0.012854676358571737
-3.9209122188944363,14.06898402673157,33.23291223263788,33.23882065485147,0.005908422213593667
17.63778266907373,12.635489397038725,34.35591478029579,34.418190933512676,0.06227615321688518
-10.810399403137495,-10.260470379350423,31.94679511422388,31.939743333927456,-0.007051780296425392
1.788510993008913,30.141273630548724,34.1028297621931,34.26623609981718,0.16340633762407464
1.0573994576601962,11.340210510952886,33.35678208948888,33.37071421030025,0.01393212081136852
-12.30406989666217,23.785299545735313,33.80324218606718,33.71470492616314,-0.08853725990404371
7.593387129186745,-30.69531421490708,31.88076711361235,31.835477674277765,-0.04528943933458507
-18.593248894730202,-21.711953462864216,31.09519167588848,31.090539240375175,-0.004652435513303743
17.04690211064151,9.728215163747493,34.073663540472715,34.21986958353839,0.14620604306567486
-24.306382606572768,-26.433614319022354,30.831076913593712,30.825712896817933,-0.005364016775779135
15.132620794111737,-1.2118977831321374,33.494240966780744,33.49857706301176,0.004336096231014608
-6.572277567054186,-20.742171815673885,31.67224627793432,31.672071260993658,-0.0001750169406626867
20.480004535134945,-18.578113644906722,32.889529652287095,32.86230858856327,-0.027221063723821715
22.177100482025928,-13.48539063725805,33.216809489194,33.108230663522995,-0.10857882567100319
-15.659808399507007,-5.1373796865587025,31.92310896466544,31.913427875230784,-0.009681089434653956
-2.102359382867732,-6.140056438707013,32.49828648459835,32.50573732049896,0.007450835900606023
-17.356649821486528,-11.540934385137227,31.596661625457653,31.57933770238702,-0.01732392307063435
8.461002167599773,-30.264702385769525,31.929720723297162,31.88622623967048,-0.04349448362668085
-5.533712132981442,24.07919725497743,33.48236970111602,33.53132238633351,0.04895268521748619
31.18564192146996,12.311313620315616,34.33588635788388,34.41200177637879,0.07611541849490777
-9.280072053139051,-17.888254573278246,31.664978675352287,31.67430552846934,0.00932685311705228
-31.616919729424467,7.737118650142712,31.97071408531569,32.010772236198655,0.04005815088296316
-16.126495942498657,-17.715276487222717,31.361385219560688,31.380129040495806,0.01874382093511784
-10.721450483934802,6.255035178667882,32.5942453604387,32.594305834976154,0.000060474537455945665
12.17290812640973,-12.921263769012349,32.85094382965248,32.833498633878236,-0.017445195774243416
-13.816420251617124,7.202497498219969,32.48267189604966,32.48276146229219,0.00008956624252931533
16.096101039155528,-26.510188452776426,32.36839125250348,32.33103103805883,-0.037360214444646545
-16.809798768509197,20.86229830068047,33.68440812345937,33.6034789837006,-0.0809291397587728
25.27361251721618,9.037345725590583,34.32271434644286,34.30038198313011,-0.022332363312749237
7.250069988385576,-31.841879147909054,31.820466386112095,31.76541396685124,-0.05505241926085347
-26.909537531299407,1.2543705010797268,31.642853351581017,31.773235406297687,0.13038205471666942
4.8762360095792445,-17.74465418313681,32.31889929507691,32.30871782093278,-0.010181474144133063
-9.611704058508948,-12.947762538805272,31.893772650268016,31.87701967884922,-0.016752971418796392
24.115040117597687,-6.35816104810857,33.64693676566835,33.48945678410476,-0.1574799815635899
-30.806179222819075,25.22712370387221,33.667949981568164,33.54624802600818,-0.12170195555998475
-20.396094464848325,31.54559354149668,34.14016596109158,34.17956935895185,0.03940339786026925
29.241510418037777,1.8059666527001923,33.96482902806612,33.975497940829904,0.010668912763783567
0.04670933317755299,17.55210936704944,33.580581706330165,33.56105406535414,-0.019527640976022553
5.882412285940504,2.0980031899777103,33.2280911287421,33.218227960671776,-0.009863168070324946
13.414632977831587,31.851004364648468,35.35323343868792,35.21669489336037,-0.1365385453275536
31.27485450281233,23.398121235018372,34.9037411976404,34.894277143633104,-0.009464054007295886
8.73634671008596,-3.3026141764003825,33.10984375027803,33.11334920032996,0.003505450051925152
-21.31871883015456,-10.644334149802013,31.443468398982507,31.436221755985947,-0.007246642996559416
-29.891394429858536,-31.465513230735063,30.847095863334992,30.860554996385194,0.013459133050201189
30.667124254824294,8.568337353660773,34.2305757201016,34.24729002082939,0.016714300727791453
29.91476666404826,-8.815899563812565,33.60618676333101,33.473579998548324,-0.13260676478268607
-19.481358934278198,9.014705787067726,32.28388989280367,32.22282967522761,-0.06106021757606328
-5.891893462826445,-19.719856111722457,31.74545894313703,31.745028512167607,-0.0004304309694234121
9.865005709512445,-31.133647039709167,31.94222778812299,31.888177660691394,-0.05405012743159787
-20.35034269655869,21.460289541425325,33.72955638645062,33.72555622051152,-0.004000165939096689
26.179203309674108,3.5735960056135596,34.104980079829154,34.07191293646107,-0.03306714336808625
-19.58275858472507,-7.756070126867158,31.634808686856022,31.630376536995122,-0.004432149860900125
28.48563159447405,-18.064245255920525,33.19224414959012,33.064383061155766,-0.12786108843435073
-4.1741185351733066,0.279791773157541,32.678322280703505,32.678387875268754,0.00006559456524968255
-17.86933361863577,12.456147917492693,32.49047480177175,32.431301336356725,-0.05917346541502155
20.193994217908894,5.613329346338155,34.046111762148605,34.10907301010609,0.0629612479574817
-31.243870707018928,-14.914154164213258,31.364568943521704,31.2333905097896,-0.13117843373210292
18.694034947933794,17.67783680701327,34.87456017189166,34.74735486879843,-0.12720530309322697
-9.183389806967952,-6.641465891354329,32.15407065461835,32.162419409444894,0.008348754826542404
14.702789431189458,7.984483183998179,33.877791207813324,33.9887609407009,0.11096973288757539
-3.174955873111635,-28.287091946913826,31.519180795130364,31.503830866355624,-0.015349928774739396
-17.98273156601224,4.747720745549607,32.190238729009664,32.19810365394999,0.007864924940328422
18.89937299672865,31.628416831041832,35.21232828323853,35.32293109633011,0.11060281309158171
17.441484284348448,-28.426976744102895,32.32843071097817,32.27739112245864,-0.05103958851952939
-0.8303512600428533,21.100817744933202,33.69421016403056,33.63107830574802,-0.06313185828253864
-23.584321372566855,31.8129927241514,33.85204443665087,33.8516293153757,-0.00041512127516796227
22.81156273471423,11.210365050553328,34.46371718753115,34.43476824257264,-0.028948944958514744
-17.42053506705382,29.124657675165636,34.10666542096781,34.26237925429875,0.15571383333094246
-10.26044044770758,23.82858470208712,33.6781324599222,33.616181405720354,-0.061951054201848876
-26.488714242181764,-14.671580993464978,31.160366640247943,31.172803828055518,0.01243718780757419
-0.17314084735939872,-6.551290080619296,32.573568897743236,32.57275204038613,-0.0008168573571083471
16.426241306754477,11.599953802919437,34.161207461277925,34.30800875113001,0.1468012898520854
8.162924471111644,-3.1978007232796415,33.0889680116857,33.09209262751267,0.0031246158269695457
-24.78719020356303,-0.6751114578796376,31.701266284471814,31.786367233275495,0.08510094880368158
30.16014227950076,-23.229992052958714,32.96440391301883,32.89177109616658,-0.07263281685224854
30.80418390339196,22.88794705562924,34.86813605223591,34.87027666120003,0.0021406089641189396
22.96302749743011,4.148408021035266,34.105792564422885,34.144378926866835,0.03858636244395086
-30.166540310861805,-7.160944166672834,31.365201598886344,31.4239512683443,0.058749669457956344
17.89072436198869,14.394434065787323,34.56768120587236,34.53404861263312,-0.03363259323923984
-17.71240605490948,7.899673993857277,32.32363270478234,32.29871198122451,-0.024920723557833924
-28.090601299768956,-26.724467231187816,30.90587261098502,30.91707662472048,0.011204013735458318
7.276729958812602,22.667790329818033,34.248941836027875,34.26268459949618,0.013742763468307828
-0.47752913830762367,28.569924745109418,33.83736163441044,33.84357046105295,0.0062088266425064376
23.62460762943205,2.478909492447997,34.054820506867216,34.056720911778505,0.0019004049112893995
27.857188376149537,-10.89521169715156,33.55144259787543,33.34229534072653,-0.20914725714889926
25.255243152215684,22.92002626210366,34.90578703234604,34.86234596218276,-0.0434410701632828
11.618192979015113,-7.248527277710814,33.06752187308848,33.064820548241826,-0.002701324846654529
26.088705403758738,-24.25009551539265,32.81101289837902,32.758082760133654,-0.0529301382453653
17.316751355355137,17.279828424967015,34.76857042053348,34.67280299255048,-0.09576742798299875
-25.737011108639273,25.235188049739904,33.4187670319848,33.55075826347848,0.13199123149367864
-30.777101394618292,-13.666712153689566,31.39776400564523,31.264875802110268,-0.13288820353496078
-25.862226857478035,2.2777373883361776,31.708861798329924,31.821906473390793,0.11304467506086979
-18.133851564295767,-14.034059498381282,31.47342917164427,31.443361090732676,-0.030068080911593853
9.300672523851183,-26.522927974278645,32.11967909423554,32.105590214565666,-0.014088879669877485
6.4395970889443035,23.664745400469428,34.10712278836124,34.230117458468555,0.12299467010731746
-27.067846046257834,23.506462246966606,33.31071904648782,33.358131472519,0.04741242603117968
-14.814036283945796,-11.067745538843454,31.73218299160443,31.716228211791673,-0.015954779812755504
22.165041687836144,-28.919891452671628,32.461997694517365,32.408404983777146,-0.05359271074021876
23.20522067939939,-2.603927705491486,33.786753575275206,33.76527675103724,-0.02147682423796482
20.727515312406105,-9.620535982329258,33.358238202414924,33.283720615350155,-0.07451758706476852
21.734997874370848,11.654411032130099,34.50986885791722,34.4854388860225,-0.02442997189471896
-16.439905020749876,-14.552711834823434,31.526285255510125,31.50010377399225,-0.026181481517873806
12.994149840987475,-31.566906937729463,32.03319151508877,31.96950380291712,-0.06368771217164593
22.58974922270965,26.532627148577056,35.046197044964984,35.06108486123373,0.01488781626874669
10.492151319323021,14.158440333457271,33.947375720686445,34.0850855200707,0.13770979938425398
29.616232841475885,5.936387538104988,34.14089483193264,34.1396062913457,-0.001288540586941167
-14.344336140004856,27.53870068957361,34.1821428839185,34.2410097810419,0.05886689712340143
22.03149667737071,-25.075069647725066,32.63786358891669,32.60085188676436,-0.037011702152327075
13.825807423644761,21.63541521151312,34.669374758670585,34.69915505540363,0.029780296733044054
-13.234548159562841,-15.45038945037868,31.602829538041796,31.607898183265192,0.005068645223396118
31.906043996922044,-25.30198076851226,32.92047673687543,32.84684216163671,-0.07363457523872086
12.950145066023353,-9.886893351037578,33.010343604393896,33.00537711573303,-0.004966488660862467
-17.670779433306663,16.79585382596747,32.92780482756707,32.88088851016291,-0.046916317404161134
-13.094206196383716,22.010519047865785,33.622244029807604,33.6333001564402,0.01105612663259592
-12.624428832862748,31.53330225648792,34.61875116559642,34.6181596611911,-0.000591504405321075
19.962335712758602,-26.57470473017886,32.49812906347323,32.45562026997125,-0.042508793501980335
-24.94214296157626,-14.475783344693177,31.127169620045212,31.145828262918847,0.0186586428736355
-15.244639762162855,25.337820860009458,33.96217893957862,34.03246301830029,0.07028407872167008
18.143819013234754,30.98865505961554,35.267914316407875,35.31321558536658,0.04530126895870268
-30.93135806999502,30.938805676402836,33.69112895239773,33.6698223600915,-0.021306592306231664
-6.826357985782792,29.231104536661626,34.100735699492915,34.110329450000066,0.00959375050715039
-19.117497179056883,-12.206355948810625,31.491255036068313,31.473110961022144,-0.01814407504616966
5.722748424809659,11.22794626426829,33.58044370929242,33.59690669405258,0.016462984760160282
6.971958440330155,-10.709775699342032,32.70263871957415,32.70303474751571,0.00039602794155513266
-21.766859614821406,-29.641937437406483,30.7233281531717,30.76194978452564,0.0386216313539407
7.698706594350611,-0.679141610362521,33.19278563292729,33.18547031479782,-0.007315318129471393
25.94043974646506,26.314702581993657,34.95783028261301,35.00038643187859,0.042556149265578824
31.290168231817674,-5.643510530385228,33.75460043320501,33.63397162745552,-0.1206288057494902
-10.26487555850165,16.143105965302837,33.01331809102955,33.01269409363,-0.0006239973995434411
-21.338274207069176,-10.625942519175574,31.443193030472223,31.436074912093588,-0.007118118378635074
1.1571204415200853,-9.448777362715575,32.52058619302736,32.504167689670105,-0.01641850335725792
15.219497948504795,-2.338715593249738,33.44431632935224,33.45131932964512,0.007003000292883144
14.279321072059588,11.909939939906515,34.03819176235024,34.197340125219014,0.15914836286877687
-23.891798985102632,-23.31292461091629,30.91158955681759,30.88950816121036,-0.022081395607226995
4.64382935324582,17.76549767184283,33.81522841716567,33.902968663605485,0.08774024643981448
10.037276690750112,10.601158711543945,33.76427682369855,33.84124420360884,0.07696737991028613
-13.040065362187256,-28.80112736213526,31.058517037806464,30.94049862123412,-0.11801841657234391
26.278596005215235,2.4004122130513323,34.04524983124804,34.02362808920454,-0.021621742043500092
9.703046367677338,25.498129015298062,34.480448964501456,34.54554321606795,0.06509425156649229
-27.50289589046193,20.173726882576325,33.298870409236365,33.33556041740187,0.03669000816550749
0.4074218454752625,-24.210575242927035,31.8501077026851,31.84831162071752,-0.0017960819675799655
3.075722726839963,-8.407332166624073,32.65364206266841,32.633549854339016,-0.020092208329394623
-15.85275610666627,15.963655080804557,32.73061426357984,32.73074082650202,0.00012656292218338194
16.300343300214628,-28.71018049801001,32.275516296189124,32.22514215170718,-0.05037414448194255
-10.368127341097008,8.477663235096998,32.6964810745812,32.696192538205075,-0.00028853637612513694
6.888020018439086,-29.74790729654422,31.895059938553548,31.860654173846147,-0.034405764707400976
11.077582756587468,23.189165211183052,34.4402753846835,34.56514098487026,0.12486560018675874
-11.241869686197987,14.05940349588085,32.872762084206684,32.879245173696546,0.006483089489861982
-2.395862470546696,-20.475478288247707,31.874295989752184,31.874304375535957,0.000008385783772268951
-10.546894102667906,-19.65601842688961,31.534946027415348,31.54004166090797,0.005095633492622653
-20.229264358528646,17.88232591501552,33.34045462251112,33.21159506395805,-0.1288595585530672
-2.9964816159268963,9.164735179658457,33.07442931728885,33.08642011474116,0.011990797452305912
-26.29990576680354,28.664746173417996,33.58568478853544,33.6770540155781,0.09136922704266226
-17.697671428855763,2.1079865457503075,32.10261508839437,32.10956956929112,0.006954480896744997
24.263012916635844,-26.294815265730676,32.65346598680597,32.61221502425567,-0.041250962550300585
10.9460847383869,26.69672648250924,34.68479413917201,34.68902226045825,0.004228121286239173
13.523726861205546,4.205992295823101,33.673966027624274,33.68426180485617,0.010295777231895897
-0.7642433810678355,31.416582117748668,34.295803476006384,34.30174406219024,0.00594058618385418
-29.630418326058766,-7.320895874820621,31.352146068075317,31.421590279485734,0.06944421141041701
9.759719152801274,18.628976918285936,34.286914110717106,34.28113359610261,-0.005780514614492915
23.834237334071226,9.72796057473547,34.37889822766807,34.34371344548641,-0.0351847821816591
17.187475171161807,-29.676981097206657,32.262796004329914,32.20498531186033,-0.057810692469587366
-5.95936987178397,-21.153797383958498,31.68356295487484,31.683324899679594,-0.00023805519524700003
-2.973571311974368,23.852993589034924,33.6112823237844,33.5880022356938,-0.023280088090601225
25.290098246479424,-16.618667561984005,33.160239621283864,33.0509870591437,-0.10925256214016343
-31.314765241194827,-19.93369040179777,30.81124653421574,30.816439135894854,0.00519260167911284
-4.2873748632546835,15.95212124794827,33.29781126539356,33.29769661920345,-0.00011464619011292143
-31.34769951891451,20.663277441524272,33.2043025506847,33.23369683845393,0.02939428776922881
26.754077684172394,4.425142159777543,34.12162756133438,34.1017030905946,-0.019924470739780986
-13.249190500220287,28.24704509106423,34.28019997110447,34.29534421466125,0.015144243556775905
20.28833759463334,27.290105441328215,35.08320356685339,35.13331180293194,0.050108236078550306
10.328580390484035,21.066344571440823,34.46569924039689,34.44171463695708,-0.023984603439807017
5.059844877786119,-22.169988683518874,32.145384834362154,32.13436637452432,-0.011018459837835337
-9.568108690162092,16.780095733779305,33.07548625209152,33.07498639164193,-0.0004998604495938253
3.670763579181134,-21.5701376884818,32.10747870683877,32.09968710584878,-0.007791600989989433
-2.5399726851177746,-23.029257748709753,31.76297728069412,31.76331659088453,0.0003393101904087814
12.783448739553194,-15.667824195693171,32.75875958744252,32.740009608247654,-0.01874997919486532
-17.9794856693276,11.758328519702701,32.45854358081835,32.44484271322764,-0.013700867590713983
-25.82397274707025,-31.631282884613462,30.742070999006256,30.749524520099765,0.0074535210935096075
30.1432136479916,28.259493440758284,35.12464766730953,35.10120980838893,-0.023437858920601684
-30.540876376319346,-30.875401288654167,30.8610904011325,30.88815445847382,0.027064057341320336
17.924351087862455,-3.153638034392401,33.535271253917415,33.53437801967824,-0.0008932342391716475
-31.63274734562968,10.43268723673372,32.55542810504824,32.52310212980734,-0.03232597524090153
10.204379859898829,11.660878478609504,33.81909367580857,33.915950456772194,0.09685678096362693
-27.494537812504824,1.772151120187388,31.633071760953058,31.762253946525913,0.129182185572855
-30.436065770632254,-23.857972721157182,31.044812260925724,31.029747995639543,-0.015064265286181211
26.13950956714907,12.231879590417456,34.3971501701149,34.42262536194162,0.025475191826721755
20.845824299189545,-1.64353500334132,33.728890735393286,33.73153814745002,0.0026474120567314685
27.023206166103066,20.114426688997064,34.72886445567876,34.73506390903099,0.0061994533522309325
-24.186931235376356,3.569514981373999,31.86710003016799,31.894626419018106,0.02752638885011649
-23.292462490337655,-18.008853820467316,31.030027495865824,31.017710558762463,-0.012316937103360459
2.9349870723263365,-7.28257390616254,32.69279050732972,32.676609639327644,-0.016180868002074078
20.60972199743199,-7.001257286975388,33.478990618499004,33.471956112752125,-0.0070345057468799155
-16.432772107806286,-14.162603226641089,31.545696771891738,31.516054818611195,-0.02964195328054231
17.507515397380068,-20.966522369357413,32.675717778990254,32.66156930553119,-0.014148473459066224
-4.671960588259346,21.31579832588939,33.5149691930184,33.47511399133964,-0.03985520167876189
30.468276604288697,16.320263399444052,34.512529622871114,34.58348602148621,0.0709563986150954
-26.344117505796035,-18.493003824722955,31.062099492408908,31.05458952430012,-0.007509968108788456
17.27578525190328,14.710066229935364,34.54421628457214,34.52875562866441,-0.01546065590772372
7.12545008097748,2.3105977481912916,33.29582471531642,33.28317444442979,-0.012650270886631176
-23.00945976603338,17.56583408031269,32.99485585686942,33.07947892061613,0.08462306374671158
-0.3657722923427542,29.74719116901956,34.02784960769233,34.03259252500458,0.004742917312249517
25.399970976121345,29.421529976307077,35.08963142218671,35.13334201869007,0.04371059650335951
-13.439426459466404,17.849924452888004,32.96410702499922,33.02019387307076,0.056086848071537077
23.47009850488793,10.98563222087219,34.434015493532556,34.40567056185245,-0.028344931680102547
-13.402433738430915,-2.774580629688387,32.12124889119475,32.115877152513036,-0.00537173868171692
-5.806657333893291,-14.244759020922146,31.97305672068445,31.987935954059985,0.01487923337553454
-26.12742757081373,19.63847911509447,33.291324119429504,33.36914324597712,0.07781912654761669
4.3936258680280815,6.142883402363367,33.31198503241111,33.31322790049425,0.0012428680831391148
-16.381277746293122,3.1552351808994175,32.20559629436689,32.207054503987365,0.001458209620473383
-17.18774168153319,29.379525047404883,34.17342857549603,34.31530500515113,0.14187642965509895
6.706778229074693,23.782184536899436,34.1147182598458,34.25385281045905,0.13913455061324953
-19.490817198403498,11.620317190351628,32.377886924399874,32.35841623595468,-0.01947068844519606
-23.173690265161923,-30.635418064048366,30.70613786030419,30.73118405681445,0.025046196510260188
14.206294877265869,-30.18194167846542,32.13604935839668,32.08051448681403,-0.055534871582651135
27.58718597493879,13.58158562734414,34.46765927224875,34.46548390731021,-0.002175364938544533
1.2645708721968774,23.55888695015117,33.87053412107615,33.83680794234022,-0.033726178735925316
-8.113174109107618,30.79144318965743,34.40882619031828,34.43473494144353,0.025908751125250262
-31.030296728582826,-17.02090747971718,31.041838788722757,31.103610750663194,0.06177196194043688
-0.5271242628734925,-6.186161860365232,32.56971079593004,32.57312900577615,0.0034182098461101873
-25.868704442940015,-10.923448419906954,31.230066021262065,31.33104639744285,0.10098037618078592
-0.513379708353682,-19.071915044715148,32.01843551472241,32.01791626465832,-0.0005192500640944786
23.74165941297734,15.967453506900704,34.540285599137846,34.5990299794382,0.05874438030035378
-20.488670590601366,1.9214846498778826,31.962520251197162,31.988225167179603,0.02570491598244118
19.680815726149802,-9.098913238877458,33.344024785321224,33.32952107564529,-0.014503709675935283
-11.67448107464304,3.024856069899762,32.42556990032211,32.42524427335946,-0.00032562696264903934
-8.655948902043122,17.771593730381248,33.16380947125704,33.16348908034658,-0.0003203909104598779
-1.2525000774367285,-16.918282258430438,32.072736373339005,32.072085052889086,-0.0006513204499185576
-0.35991951762444074,27.378015124599685,33.69000873627098,33.73146649188843,0.04145775561745069
-4.925959672528236,10.436769374549861,33.03115183822131,33.041669048010974,0.010517209789661308
-8.163673645098449,19.013319500535545,33.242566067306086,33.24243248474849,-0.00013358255759499116
12.371285668281374,1.0265880975326453,33.483665119034185,33.46960309636786,-0.01406202266632306
29.923505404743686,-14.877642832218704,33.380465005706334,33.22676736544589,-0.15369764026044663
17.414095746824827,-31.61952656382448,32.18244420865931,32.11301859461091,-0.06942561404840575
-21.11764658990389,4.422735674502455,32.03339373244016,32.04891230706516,0.015518574624998394
5.010757101497028,-25.093394343569713,31.999334739985134,32.004013178168734,0.004678438183599809
19.08163473283011,-0.12330623639200411,33.722425391398644,33.72298920112846,0.0005638097298188427
-6.247832263924678,-24.59027585270006,31.52939864734349,31.52838932274285,-0.0010093246006412926
2.736573323728713,-25.813812194469826,31.879321376559933,31.878652513561732,-0.000668862998200126
4.916463238198837,-14.134171509899772,32.46865674896636,32.46341798416069,-0.005238764805667984
22.143223107192647,-31.78681110522278,32.32848588728374,32.260889785256325,-0.06759610202741584
-23.725717963869485,4.0114737499743,31.919271757895984,31.919404424762714,0.000132666866729636
23.824951519095393,31.092689933341994,35.214164581980334,35.20859939334741,-0.005565188632921547
0.3258444596362935,-20.15774846066096,32.01219607397913,32.01128736150085,-0.0009087124782851674
13.08176016612498,-1.2517446650500617,33.40200983279707,33.40370871931971,0.0016988865226394978
15.909674659004295,-13.407837650970158,32.98949370989589,32.97968286438637,-0.00981084550952005
21.58430214652453,-8.396118437899673,33.45079394409609,33.36430507674966,-0.08648886734643213
-7.668331933843227,-4.729955791088635,32.31337401741361,32.311343296278494,-0.002030721135113822
21.77881845424281,25.795969341120127,34.99913156827811,35.04877579582903,0.049644227550921016
-29.893526987615516,21.4126561484847,33.18964639462804,33.26686336588663,0.0772169712585864
-21.027313581549812,29.087031829623122,33.85660288801354,33.84842308120186,-0.00817980681168251
-11.726751682082345,-30.402085928652753,30.913399772299563,30.867655855964948,-0.045743916334615164
-12.723177209489393,12.370851432293755,32.732380440244334,32.73767651260099,0.005296072356657078
-16.842182054233064,5.874692211514059,32.28779385105287,32.29096678497449,0.0031729339216255426
16.835860018462213,16.261362717568417,34.64315047011701,34.60224795830616,-0.04090251181084881
-7.127379202132936,24.025384292599725,33.47398415921269,33.519901206664244,0.04591704745155312
8.778617094868714,-8.678688497945693,32.87327303843836,32.87099184205426,-0.002281196384103623
25.226218430019067,8.250973947669202,34.29623568848064,34.26894357720084,-0.02729211127980591
-24.64553822763957,-1.0584992949072358,31.692238982173706,31.77045187919502,0.07821289702131295
26.94273384449739,30.127538680095306,35.12609174460873,35.170009540647825,0.0439177960390964
17.349686811985222,6.630330600596565,33.94958773986527,34.04537565209682,0.09578791223155037
27.391020569850326,14.21549836646291,34.497781509149576,34.492731407387765,-0.0050501017618103106
-31.78601772209729,-6.109676674902268,31.426996221511565,31.444824020582402,0.017827799070836647
14.782193794818454,-0.22625845105211795,33.52810384258841,33.527461425070214,-0.0006424175181933833
3.035801764176931,9.722712342900607,33.38419850185348,33.39548100732985,0.011282505476366111
-3.6543889418281097,15.769199232025898,33.32077910608064,33.321286986198615,0.0005078801179720926
12.357155161136355,7.057915653059389,33.72736511478347,33.7796473170278,0.052282202244334997
-5.102707183337465,26.248353071488552,33.549998511418565,33.71938248268118,0.16938397126261862
12.053401877981578,16.56256113483152,34.28412447304338,34.326470805223884,0.04234633218050732
18.589072087279455,-10.881088978578681,33.215210567976186,33.210965927322476,-0.004244640653709553
-11.746940034533594,28.521894800442553,34.21188660473848,34.29932452159303,0.08743791685454738
21.739960049205884,5.840676774592566,34.12873115010754,34.190523214164436,0.06179206405689541
-29.89463851196816,-13.054359938557077,31.370256893778233,31.282168998171237,-0.08808789560699637
-5.512267892487003,-17.296662372534485,31.86192917709227,31.866576303206074,0.004647126113802358
8.285284604751062,17.819327995925313,34.087812692868134,34.14375396082932,0.055941267961188146
-30.178592344080982,10.044987378025283,32.39623579181425,32.300729890887204,-0.09550590092704425
-9.436271217017506,21.837056746669425,33.51498102747843,33.46595401240705,-0.04902701507137408
-16.710794272372397,18.251869169528007,33.15988923168769,33.17110753731084,0.011218305623145852
4.225377211978845,-6.519624996193976,32.78017907890004,32.76636257336484,-0.013816505535203305
22.77881924746569,9.97346709066197,34.41751969585335,34.38570711168346,-0.03181258416989152
-16.17674345690083,19.5322570795065,33.41046375341646,33.425932100960914,0.015468347544455696
-11.577584616565503,-28.25973843393004,31.139232648325603,31.02763260616234,-0.11160004216326413
-26.606062131137676,-8.967455981727838,31.289269871032065,31.390270108698132,0.10100023766606725
18.317993747902094,-10.007601645506675,33.247710771889956,33.240271325139986,-0.007439446749970102
18.20817090687421,17.117249605769025,34.81766645600742,34.69978351211359,-0.11788294389383225
-27.629695298880158,-12.409693196113409,31.222467147303355,31.298818292116003,0.07635114481264793
-12.125232335588848,17.15816173886791,32.966941011427956,32.96620967526272,-0.0007313361652379058
11.71084576028531,-6.29324490152846,33.12086043499434,33.11243031115975,-0.008430123834592962
15.610322070754854,-25.280847008329637,32.40654428657497,32.37790712870528,-0.02863715786968868
23.374297777314645,14.687274248878282,34.511933782055806,34.55838133477336,0.0464475527175523
5.701696535385317,-29.818025242301985,31.844038842561524,31.817821120361245,-0.02621772220027907
20.367256964659703,13.880401618295323,34.62764387887801,34.60497052702559,-0.022673351852418477
-26.452920462940426,-6.861151984816459,31.34097695780532,31.44164704756523,0.10067008975990888
9.065631419145603,-2.9486318713383497,33.14045482055274,33.144374564989796,0.003919744437055783
-23.39820627850485,-26.101745102859894,30.830690638443162,30.83271520057349,0.002024562130326757
-5.409928173043234,23.829415481283647,33.511947890798695,33.51562565673517,0.0036777659364730653
3.9034455163492936,-22.621397683316516,32.07508059379617,32.065664264751774,-0.009416329044398708
-1.3697006594967363,18.98103156800704,33.57404866460479,33.54333863261525,-0.03071003198953548
-25.943569794444976,-8.706020985999288,31.2864848567273,31.398456827354266,0.11197197062696773
-9.270991387500992,-7.331291069725729,32.1216679365153,32.13060031276594,0.008932376250641028
7.101535911442866,-31.455430379717853,31.831365442203012,31.78028769547308,-0.051077746729930595
5.970894783676279,23.6903894371223,34.06864638294555,34.195574370831466,0.12692798788591375
30.26608014036192,-19.807329914662944,33.11740216590501,33.0336383129751,-0.08376385292991273
19.78680272106405,-20.10668591396076,32.797892303266195,32.78099248175152,-0.01689982151467717
-13.77490435695627,-28.283156160457544,31.019172257136336,30.904338701545285,-0.11483355559105135
26.61072310829779,-17.31845586933195,33.17061952493644,33.052351717255256,-0.11826780768118539
11.564783946648014,7.29345202240043,33.69826080211958,33.74202239411034,0.04376159199076568
6.21130928595305,-31.87460841945937,31.77587227456469,31.729376591513656,-0.046495683051034575
-6.624431362747231,-4.038220674802979,32.39461460219357,32.38890218664452,-0.005712415549048444
0.18147228021844342,28.474645759068615,33.83708402607326,33.84465259256616,0.00756856649289972
30.727321315454454,15.966424993976148,34.497728588480285,34.569108906554284,0.0713803180739987
11.960487039950756,-2.7637149223701627,33.27707471076981,33.28413080265258,0.00705609188276668
11.93113445152185,16.246898559476378,34.23998946225397,34.30249715434173,0.06250769208775608
30.3092786747956,0.3967026742571136,33.921453439558334,33.90979117211613,-0.011662267442204666
3.812338939987413,-9.182233453075305,32.64443940908963,32.631828843868654,-0.012610565220974479
11.188358944181218,11.06621831118489,33.841141887121296,33.94448698058029,0.10334509345899079
15.035029529125886,25.16736421246268,34.956511879194515,34.944221372444886,-0.01229050674962906
-14.219051227053718,12.338552875815026,32.66035081331626,32.66306251956383,0.002711706247566781
17.63594010662318,-8.286019093747939,33.29052607927767,33.28848537211925,-0.0020407071584216396
14.99436646259636,-29.474733261565817,32.195086866507495,32.142794241278324,-0.05229262522917111
-22.64755820502551,3.0734046860172697,31.93099662008054,31.936410504531505,0.005413884450966577
16.122929473386733,-16.47390343253013,32.84620443078508,32.845801389644585,-0.0004030411404940537
26.40093573431877,-1.003764142246098,33.92327633496229,33.85372326098807,-0.06955307397421961
13.155559363412841,15.761467670670037,34.298526888260284,34.355688028811564,0.05716114055127974
-28.620028151261593,28.71279410966799,33.680510081046066,33.72662441703816,0.04611433599209391
-23.076224040061717,-2.3290271949243646,31.689021511943523,31.75283683239112,0.06381532044759908
21.22262980285354,13.342638932315623,34.586471349581245,34.569322539030466,-0.017148810550779103
1.7560311840679645,7.125714000584672,33.22340516869873,33.23304454637558,0.009639377676847971
29.378804623310565,14.703843509757988,34.45787270006504,34.50900056548012,0.05112786541508285
-6.9321457335788566,-17.600499772090366,31.78450038717059,31.790530151227674,0.006029764057085885
28.780552572304053,-31.3410495561118,32.55733624307469,32.50327260134965,-0.05406364172503686
-26.002742063106062,8.053451955645869,31.861371793511008,31.927518250126678,0.06614645661566954
12.129169976198448,15.284423725463341,34.150307799462965,34.2598757401703,0.10956794070733622
-11.966644589047988,5.635429818568802,32.51136076765168,32.51114791143321,-0.00021285621846800495
-15.982217712610193,15.832764694348967,32.71851166330774,32.719056493376826,0.0005448300690886754
31.61855283666513,22.360709285937354,34.87346391754644,34.850513974015165,-0.02294994353127322
8.03659994409167,5.0557313315352275,33.44392700123616,33.43483792534923,-0.009089075886933529
1.1661961172263418,-8.6894077462645,32.55703486284164,32.53778660397225,-0.01924825886938919
-14.5409946528247,-3.333815268201249,32.04534698524786,32.03910653114531,-0.006240454102552917
-24.912996321597973,-2.5168999730871775,31.626973224983402,31.684158950163756,0.057185725180353586
4.602958329913967,10.685329566561876,33.50169979464901,33.50527591617605,0.003576121527046894
3.4751991675073626,31.74089364936046,34.38343502765319,34.58634477452549,0.2029097468723009
4.125749881620202,-28.662684143236774,31.824098719278926,31.824846142646237,0.0007474233673114838
6.136290952990443,7.887003361442289,33.462013668463676,33.4623931495799,0.00037948111622654324
-4.841202127353796,5.964815242288267,32.864280799870414,32.866163781846566,0.0018829819761521094
28.46866368660485,-25.984087364850673,32.798072336218695,32.74127300524588,-0.0567993309728152
-20.319348640486844,-5.109274131856928,31.70151940075783,31.703129138400485,0.0016097376426529308
20.392543243102878,31.051423512423042,35.213159743734295,35.27285148803596,0.05969174430166646
-13.787696116523023,-7.764117515849705,31.898044916453635,31.8975875524573,-0.00045736399633611313
18.79395341309911,-3.1579079832944714,33.57259373190202,33.57244650618542,-0.00014722571659575578
-10.386797217574497,-14.56242204775058,31.76751431630234,31.772225783011535,0.004711466709196088
20.107785187030196,19.33705691221318,34.87630519767132,34.83750884776845,-0.03879634990287428
-10.92166603938255,-10.948107245648536,31.91749851067719,31.90678439814258,-0.010714112534611075
-25.519627493939275,-11.990835147114034,31.207179212785917,31.27325177686023,0.0660725640743145
-8.019715404096779,27.445485456104763,33.880918533731034,33.97925261328739,0.0983340795563592
5.274445319346519,30.077201585184085,34.44384587698681,34.54176977619784,0.0979238992110254
13.15414427166386,22.913055607054844,34.62248361484102,34.71320595244272,0.09072233760169723
-22.768055877001018,20.119962037039024,33.90777690407459,33.760508898626746,-0.1472680054478417
8.787755457309693,30.843412856246303,34.842279412415365,34.83312790835091,-0.009151504064455196
-2.3504363451600625,27.207067307467256,33.60459762131251,33.71517622017383,0.11057859886132348
29.36531719385882,-8.593687950663643,33.620757356662864,33.47020310408884,-0.15055425257402533
2.983074822572199,5.077518428160204,33.204133106513055,33.206409791905905,0.0022766853928501973
-17.96444082241532,-13.299783464858436,31.50714407750255,31.481409255276215,-0.025734822226333165
-22.648022367433,-26.447787221545973,30.80595089793888,30.834710533838617,0.028759635899735514
11.427793138119007,25.0641526255339,34.61089669343056,34.65840393649431,0.047507243063748206
-15.333535412235364,-18.308058636961277,31.37102717972374,31.388945993883222,0.01791881415948282
-29.889805126944225,11.633688576984134,32.67005554348363,32.62468685744626,-0.045368686037370765
-0.9975859498157718,14.421017357841535,33.391643610687105,33.39697708318678,0.005333472499678749
25.21222096336863,-15.586914577798645,33.20835673977348,33.09126797944049,-0.1170887603329902
-17.513685018584226,12.981072939832906,32.5271372161948,32.43566258088125,-0.09147463531355271
-29.313019246271637,15.623515693942949,33.08969349771304,32.915365074118895,-0.17432842359414735
-30.44821607169932,-29.100369788333786,30.864742778765443,30.92156045980227,0.05681768103682572
-31.016151411017077,5.157396700451656,31.706407334172376,31.880341811910075,0.1739344777376992
-15.320816183770802,-1.4023308416518958,32.08231183031432,32.07925014788127,-0.003061682433049384
-7.968839364266621,21.79809702831914,33.476628932529806,33.39302776925942,-0.08360116327038725
25.674193131601626,23.967862453602514,34.90038374928786,34.90134661447497,0.0009628651871054217
2.7011309086845543,26.708432721502135,33.91800485495172,34.01058721042146,0.09258235546974447
6.55802140410978,24.572673993968927,34.11863777870341,34.27193148609655,0.1532937073931393
27.660211702630093,9.191452589878892,34.291018539105735,34.287227376912796,-0.0037911621929396233
-21.63621706238623,-16.42628137807847,31.207464830068847,31.156808967455785,-0.05065586261306265
28.703339494710846,-30.52685751532855,32.59361473757426,32.54240710896924,-0.05120762860502026
28.62748133251136,4.311018087854478,34.08362776995287,34.08186322741621,-0.0017645425366623613
-5.966020432404449,13.563299007366993,33.110449059664674,33.11784426327333,0.007395203608652423
15.954902985381779,-25.124380319425867,32.42654815407956,32.39731713563666,-0.02923101844289988
-20.815105691248917,15.876481970246402,32.68636849428994,32.67753597433733,-0.008832519952605367
10.655054621109628,24.302064836223302,34.48262584970165,34.570056303096955,0.08743045339530653
-18.48614557901687,0.6276674004142819,32.00851631261174,32.032935278151314,0.024418965539574344
12.40194016225643,12.958992473390204,33.98890144363481,34.13774619759969,0.14884475396488028
-8.756887961753698,-14.03099868304399,31.862940530023085,31.86729343180205,0.00435290177896519
10.030077098744279,-30.64944131958817,31.968848282997694,31.91843066246206,-0.050417620535633034
-5.6603320946151285,-9.072595062883565,32.22908399798996,32.220665583079864,-0.008418414910096317
-24.206043358136796,2.8417081108839,31.842643101241247,31.883189898398903,0.0405467971576563
27.646281262564976,23.697032760887446,34.82685847046217,34.89320973271727,0.0663512622550968
0.9336116160336019,16.020509800565847,33.55664757445327,33.572073168051844,0.015425593598571652
-13.034408826771717,22.47996951317478,33.67825869089015,33.67738977578749,-0.0008689151026572972
-4.327627405788398,-5.534213666992677,32.42159307567835,32.43419206950151,0.012598993823161209
12.786548016485987,18.545858331449402,34.520994943719785,34.4748046546074,-0.04619028911238843
3.8527081774681236,23.421120610407456,34.01099404766812,34.027669697570396,0.016675649902275325
7.767984708718728,6.01903689038366,33.468586664092136,33.46136235119041,-0.007224312901726648
22.25357799251622,9.015390599111093,34.36242282159541,34.362889156785094,0.0004663351896851964
22.120432551633733,-11.565095199751866,33.31573567045818,33.18519873727309,-0.1305369331850912
14.088551306950897,28.209979406601057,35.09441528629544,35.029998657810765,-0.06441662848467189
-8.718592025710777,-26.36385123373011,31.344027271262494,31.315699307254985,-0.028327964007509365
26.786322050697777,5.3272266950775204,34.146563482335495,34.1379473386545,-0.008616143680995947
-9.835924468682904,4.541915998329458,32.57139372851341,32.57106289355649,-0.0003308349569195457
-11.014985739697806,27.016372028115732,33.97935067326193,34.069321051686174,0.0899703784242405
-5.411049661769134,5.160266795744427,32.80635963411394,32.80600258358775,-0.0003570505261905055
-31.485854786367604,-14.984719678690482,31.36038712134955,31.231003126185012,-0.12938399516453813
-1.1493295890510424,-31.235194520993716,31.501459846070702,31.488585571143837,-0.012874274926865326
14.27771972609839,-27.261816903734875,32.26901498848427,32.23239486495102,-0.036620123533253945
-25.058750703408812,-29.62214721577506,30.72438142785426,30.774063179385845,0.049681751531583274
19.045712610124873,20.336141720128524,34.93752592357458,34.895278792627465,-0.04224713094711774
10.367438362106,-18.086282496188865,32.54873563713605,32.53465066641279,-0.014084970723260426
26.072755711991128,25.692802166012086,34.93641256882031,34.973865922537804,0.037453353717495474
-6.306812581436979,28.643502029959436,33.98341971228118,33.98376429182938,0.0003445795481979985
11.105702818753763,-8.983266589709189,32.962548886422496,32.96274408973104,0.00019520330854305712
-7.159881810833689,-20.385790080977053,31.659828355000393,31.659718744981244,-0.00010961001914822077
-24.859551768648195,26.66370960197807,33.541433579635054,33.60631800595091,0.06488442631585656
-25.579263185700015,0.3185778095758849,31.694994290823693,31.801801126924147,0.1068068361004535
-7.79172297430452,-11.028561814092122,32.06060925750015,32.04117762707818,-0.019431630421969714
28.068610633335794,19.07028536237317,34.649562615278995,34.693727333049836,0.04416471777084041
12.615879979343141,-26.427974856666964,32.246576783872236,32.220117042193195,-0.02645974167904086
-5.234700635000159,30.39087748814245,34.20433391379739,34.20761376517291,0.0032798513755167846
27.43775734694303,18.359459311797565,34.64764011563896,34.660384056679106,0.01274394104014931
-12.155441014556487,4.84107974933287,32.47163076632902,32.471748991966905,0.0001182256378839952
-30.882308138302967,22.54840638644881,33.180167343149215,33.32363221212988,0.14346486898066502
-19.8044014979479,-30.10959082750756,30.700201006633844,30.75238895688754,0.05218795025369616
11.672257243279695,-18.53990072869327,32.576091773214294,32.57231423366098,-0.003777539553311726
-21.487248661503052,25.78421613915306,33.655458319869226,33.68506710112808,0.029608781258851025
26.32936544803062,-29.874914373483698,32.550255604458656,32.49725864995915,-0.05299695449950548
-25.938950123656987,-15.131147610670908,31.138009183986433,31.138939193735496,0.0009300097490623216
-26.960409913287748,-6.359049284931942,31.325894614152133,31.452364342539585,0.12646972838745185
7.4587990823232815,28.40669933043889,34.50159244193157,34.520574004653774,0.018981562722203194
24.300875151286313,20.476207825239804,34.7785818044766,34.77120192482347,-0.007379879653129251
-22.71733262511139,-25.52178992282341,30.82978554254274,30.85480940042136,0.025023857878618827
1.3851225386411556,19.887169589530444,33.748907139032326,33.73344818002945,-0.015458959002877748
27.459420476266217,22.79383239558021,34.80629596337207,34.853224656290905,0.04692869291883284
-18.169532394226053,25.935581273968694,33.81911706209875,33.86705373230831,0.04793667020955894
11.709962835851861,16.312820711311545,34.227292460295864,34.29137536890396,0.06408290860809274
-27.84965482098429,26.477365091685172,33.58130644305199,33.63260301958546,0.051296576533466975
-0.6250489538376272,17.74870013614982,33.55631543563197,33.53710655781033,-0.019208877821640158
4.769875131908719,24.192561559974386,33.97270868863019,34.12213551968661,0.14942683105641663
9.431855271980098,6.643748514847644,33.57155700047623,33.56347815214309,-0.008078848333141764
-17.692541131409605,-29.799444081581278,30.77605891455577,30.765129724818838,-0.010929189736931022
25.479574508569627,-3.8632782397754326,33.816118690188766,33.65675406297393,-0.1593646272148348
-11.642376994767567,-5.763877709894416,32.08622732030791,32.080161147747205,-0.006066172560707628
-21.562990242824633,-20.1608527490065,31.007956532089835,31.005092001938547,-0.0028645301512888466
24.893932500931996,11.222685222985632,34.39081645590133,34.391904841047634,0.0010883851463034944
-8.4099770782436,14.325235321205462,33.02394468189457,33.029034166145365,0.005089484250795806
11.144195377839551,2.148530216219818,33.4814438984193,33.459011923333804,-0.022431975085495992
20.043705593296146,-22.420413491344895,32.695082111381566,32.671022031919655,-0.024060079461911243
0.3390882528786321,-18.361793623831964,32.08600294170531,32.0852756036735,-0.0007273380318082445
-0.3851726463760272,4.611972358431764,33.02500237389128,33.033205373287664,0.008202999396381472
-22.324524198119235,-29.118749393792143,30.738563465799785,30.775716924916786,0.03715345911700041
-16.812336034454695,-14.965773847866785,31.491091863814116,31.466726250662916,-0.02436561315120045
-24.637916980400973,-31.21685670453978,30.708861582321713,30.72631028047678,0.017448698155067888
-10.253598891549792,-2.6458338839396873,32.2763761354711,32.271391932953165,-0.004984202517931635
-23.724733614332592,8.531241339383499,31.923221907495257,31.940638089325383,0.017416181830125055
-20.83538001681363,8.218153465004669,32.20206077560036,32.104857936449854,-0.09720283915050487
15.891133229827588,16.326304293709413,34.5748088783416,34.565401989769015,-0.009406888572584649
-1.8928830207869751,16.486605238999758,33.438659320945185,33.4386018829635,-0.0000574379816811188
7.269651298972633,16.286214502667328,33.88361421122606,33.999743062867864,0.11612885164180398
12.035884676265077,2.19614455673878,33.52525592088609,33.50138582655947,-0.02387009432661813
-9.131500923126794,-10.070357268095371,32.032357212796704,32.02406511009555,-0.008292102701155102
-2.355106399108635,-25.528386952077554,31.669356858833254,31.666386049151498,-0.0029708096817557816
11.000567563677606,26.37403340263736,34.66635842482806,34.67794209951637,0.011583674688310452
8.314465972255668,-9.652301520762599,32.80772097936353,32.80795004062956,0.00022906126602606491
-12.768830029742816,13.951100272357593,32.7933114712079,32.799908556531335,0.006597085323434726
-13.300732379604142,18.720864033624345,33.0879922533881,33.1891746088508,0.10118235546269716
8.57742962587335,-29.24767645222456,31.977111630392685,31.942151857585348,-0.034959772807336975
-1.210283981403201,-15.08020467404539,32.14931147939148,32.15391290757994,0.004601428188458101
-3.8483542769678394,-11.142703147350026,32.22689769138264,32.20993862697454,-0.016959064408098357
6.895861863634607,-3.5489672212172962,33.015462129644675,33.01864353394836,0.003181404303681745
-0.9653301354236064,20.319598756406755,33.65276178919555,33.60144218055984,-0.05131960863570839
-31.538975124914366,19.304394371488748,33.20654638310107,33.19698069008689,-0.00956569301418142
28.945512917235966,-8.16034633768217,33.63788559894705,33.478362903234974,-0.15952269571207722
-31.08324347272095,3.273315421025295,31.6031740950788,31.77869642618175,0.17552233110295035
0.6963544145555147,-7.491499793382722,32.58152552238958,32.5696688675254,-0.011856654864182303
15.506758856846915,-11.018253485081438,33.081533641852786,33.06997729040104,-0.011556351451744717
1.5105172666629727,-22.745142503523304,31.96042261241272,31.957283023255826,-0.0031395891568948286
28.91058156059723,8.193681195985313,34.26272030478003,34.23668956072018,-0.026030744059852395
28.509016797268373,30.98092214474174,35.240195131424365,35.21317439956866,-0.02702073185570697
19.34967974520933,25.09618022374916,35.02682770069934,35.06859986575959,0.041772165060244504
-16.419734555744036,28.23257664251392,34.087844474168975,34.28864930931036,0.20080483514138336
-10.414486789823485,25.12463310447862,33.79508158324651,33.78475959607603,-0.010321987170478053
20.6903474800274,-15.936219138147955,33.033562789531054,32.97472251926229,-0.058840270268760264
-17.91564874896124,-27.70507582316761,30.81996996725558,30.812736275721267,-0.007233691534313635
-15.292769653640256,3.6675185798947894,32.2773128492018,32.27705283471965,-0.000260014482151405
7.169696486011311,8.234492476065256,33.524291007838336,33.52324864443464,-0.001042363403698232
-15.861195719748572,3.9240255292284445,32.2597759879325,32.25972188087499,-0.00005410705750819034
-5.888882262009751,4.938874574394681,32.77500357744359,32.77471782445963,-0.00028575298396305016
-0.6107494255272812,7.113394883352967,33.10999344368026,33.12252294479386,0.012529501113597519
-22.32323587468293,6.172631739424375,32.05721356663382,32.007213512575774,-0.05000005405804586
-19.03390290142272,30.87737653343092,34.192992573331594,34.26096326330969,0.06797068997809674
-8.460193180510842,-26.085573184110388,31.367322997856107,31.354161184763672,-0.013161813092434471
-31.860127553460764,15.083151290317218,33.033615866296365,33.019649061742236,-0.013966804554129908
21.731860898261502,26.266620107307673,35.02502471166352,35.06737622447048,0.04235151280695959
5.209593282688111,-4.139325035783429,32.91273677158316,32.91530471388857,0.002567942305404358
-11.65101663370828,7.501267976925277,32.59779887396317,32.59758745585782,-0.00021141810535141303
-5.043854409781133,27.224596302343812,33.70015055237448,33.77510271701502,0.07495216464053556
-22.5246299518128,-22.900004486663583,30.873294720992774,30.916820380091277,0.0435256590985027
5.572737693868142,1.6948729583214472,33.19789652992166,33.18797567987181,-0.009920850049844887
18.53455944571222,25.989707121240208,35.093482565045676,35.117706100968135,0.024223535922459405
-28.245073627576126,18.844277204801465,33.274442430164584,33.230311266246495,-0.044131163918088134
21.711267554132597,24.34033462133877,34.922287637238206,34.99529100659935,0.07300336936114604
3.9352695958202233,-22.20736945868498,32.09351967825759,32.08482397979839,-0.008695698459206369
-14.205745100786785,-4.867690210672414,32.003151572826525,31.99366383237237,-0.009487740454154903
3.980601969644546,3.3298088924694085,33.18460136780519,33.181436509238736,-0.003164858566456985
-24.82964740970703,20.753742495727543,33.669335172030486,33.61673905120943,-0.05259612082105747
8.408607263544802,-10.004038629636185,32.79763026351836,32.79667433977953,-0.0009559237388288011
7.50651327020131,29.399235244322426,34.593925379636374,34.617096687006196,0.023171307369821648
12.50985118432044,-0.017306736720080096,33.43808589052467,33.43384812263882,-0.004237767885847177
-7.473565025926803,6.291404900517797,32.75096924526673,32.7507835074568,-0.00018573780992880984
10.051537896458122,31.632231344454404,35.02880270738733,34.9863024805064,-0.04250022688092514
2.7206187902308088,10.259353681025232,33.39092997534022,33.40274585366292,0.011815878322700257
22.234260909091383,12.966135337543868,34.549162614973405,34.52335761432758,-0.025805000645824805
2.530586448513958,-25.909691869253265,31.866556477554745,31.865749496990016,-0.000806980564728832
-13.030139720812109,10.186094236914464,32.63462614664813,32.634428932893194,-0.00019721375493730875
-0.6922317961903062,-1.3474781372823799,32.78224660362517,32.77754636797426,-0.004700235650908269
-29.356539732035834,21.334337588175465,33.18389298550218,33.27591935697801,0.09202637147582493
-11.556803495848605,-16.175272692097167,31.631659574299878,31.65000062025236,0.018341045952482204
-18.29686081031503,-15.017209031780432,31.42894383221372,31.389945634341004,-0.03899819787271497
24.207845242166137,18.20999866302617,34.65290210306633,34.68024714080174,0.027345037735408084
-22.285502475298557,7.796632981354172,32.07704648828161,32.00356202885375,-0.07348445942785986
-22.945413287717955,-10.060713431673953,31.387439793191596,31.38024869364834,-0.00719109954325603
8.386318898571254,-28.64919860199548,31.995812346363422,31.96647359629675,-0.029338750066671082
-20.923078997687476,-31.38901114384654,30.68383575181756,30.714067848869178,0.030232097051616336
-2.5201172855665277,-20.967590972817497,31.8484038906399,31.84849684584107,0.00009295520116836542
31.597882204659548,30.020312432757635,35.24090585558196,35.18338724960449,-0.05751860597746372
-6.623142381020912,-31.815673933136765,31.216892730184835,31.215942787457337,-0.0009499427274981542
30.960946921382828,4.707148739269606,34.06376230844869,34.08058754108048,0.016825232631795473
17.399730971058595,-5.982249433150564,33.37431080119183,33.3827697041078,0.008458902915968736
-28.519345387215907,-2.9775220415252903,31.41919718810441,31.544424262856975,0.12522707475256567
5.378594734068159,-20.982479953400798,32.209755740905436,32.19831848934934,-0.011437251556095873
26.34681030014245,-15.974529870340191,33.231532858851295,33.101144167080776,-0.13038869177051993
1.999634730579828,-3.049300980649825,32.82356838664978,32.820952124388775,-0.002616262261007307
-19.082569524048424,-28.818445290759357,30.782856742583036,30.790297949847787,0.007441207264751171
31.71260682082098,18.869610392243956,34.68377513574723,34.699124728168535,0.01534959242130185
21.23485406779063,-25.105897549549255,32.60949047900206,32.57292098149792,-0.03656949750413929
-0.2845833681644194,-31.52584389250677,31.522746504194814,31.519443269448782,-0.003303234746031336
-0.7117227477625221,16.539933126504025,33.49888248412786,33.49642068323448,-0.002461800893378552
-1.4059641904343394,24.68608923503833,33.59399313955875,33.67557991610064,0.08158677654189006
23.551344352785783,25.417173327201276,35.003395769059736,34.98722914836931,-0.01616662069042718
-9.132193113621838,-3.5046203653939756,32.29747995747086,32.29053392543596,-0.0069460320349037374
-0.4262371655333439,-6.964374863880941,32.54721524241393,32.54352752459889,-0.003687717815033409
13.59925726761805,-26.701534531637336,32.26979713714495,32.23863960902086,-0.03115752812409056
6.379300345121685,-8.87456144126677,32.763417228621364,32.757433620772076,-0.005983607849287864
-4.815893558401903,19.03817947190256,33.40770052891053,33.39927175013714,-0.008428778773392764
0.1817991409581552,-23.599746356999475,31.864773373017172,31.864302717628256,-0.0004706553889164411
7.789556508093298,28.851664969333633,34.57073462395202,34.58314301055201,0.012408386599986443
14.86972279522189,2.9796330710416328,33.69074072108478,33.698444793200956,0.007704072116176519
24.401510626191403,-17.704395690953895,33.07586805786696,32.98663952779838,-0.08922853006858134
11.210351231253249,17.93661465682343,34.342094092091855,34.340917828744864,-0.0011762633469913908
10.366867116731797,13.313613582615147,33.90000545804781,34.02604705525999,0.1260415972121791
9.356229709859669,-24.072339061931352,32.20524940353643,32.232904290340045,0.027654886803617273
-23.49512373814867,-0.782481733981605,31.742994270885685,31.821908428169984,0.07891415728429862
-3.15042921868465,19.505999977701727,33.50989321300043,33.48406871300152,-0.025824499998911676
22.991606062306175,-19.868348224879412,32.91996748605818,32.86656007820299,-0.053407407855189604
-31.88921693267484,0.8995536725373299,31.60057153034691,31.641524757705728,0.040953227358816235
6.2768543643081784,-27.23475179386685,31.97106997515599,31.969117040611874,-0.0019529345441178236
-28.45848979137054,-1.0475588037581929,31.49011663128228,31.649259003562744,0.15914237228046346
14.941993183941591,5.438365530504022,33.788874280101346,33.8511544297674,0.06228014966605144
-25.23939526153881,-16.567888050822262,31.091655054305186,31.070535360731746,-0.021119693573439235
8.990761703676888,6.626461778170373,33.54999152145416,33.541256745014564,-0.008734776439595748
9.092612070347364,-29.384710955459084,31.98962055843901,31.952177261707654,-0.03744329673135738
-5.4100905324668105,12.081345211274197,33.07194381298102,33.08463733468597,0.012693521704953525
-28.959857686933233,-20.506695655679216,30.913779253426974,31.071849137748384,0.15806988432141011
-8.87189899943921,7.904468492650949,32.745518849592855,32.745712742620675,0.0001938930278200246
8.670806193487351,-8.536279845809155,32.87635037641491,32.87257061553554,-0.00377976087937526
12.436671843236404,-11.745186776341477,32.91053436894847,32.897642060736835,-0.012892308211633008
-15.526952085668448,-28.976323130970236,30.73162047763502,30.77184853819189,0.04022806055687056
-31.476639733539898,18.04321561961394,33.16105387173181,33.148227337785684,-0.012826533946125096
-31.98895973975455,-15.906706706662398,31.21950953243838,31.20728758226454,-0.012221950173838536
11.053740662368043,-13.45157042372351,32.777956313069595,32.761404089149295,-0.01655222392029998
9.976283659911736,23.822888878930293,34.38811937214775,34.501538352783086,0.11341898063533762
10.29220321509856,26.506389807562755,34.609433187003276,34.629777214736784,0.02034402773350763
26.931325844126604,-11.332882342153546,33.49662004496261,33.303512164475784,-0.1931078804868278
18.748609503799756,10.778156773894516,34.261458787350435,34.35052370262533,0.08906491527489635
10.388321606006421,-8.166194976940517,32.966210949982546,32.967318608607805,0.001107658625258523
-29.1901480249864,10.134972018504477,32.31476881349379,32.22770273043821,-0.08706608305558206
-3.607467467501351,21.10587083430729,33.557892587977776,33.51372632708201,-0.04416626089576425
15.91487618473618,3.919225102329662,33.776549408699644,33.82332339142359,0.04677398272394839
-28.9092217082881,3.18917927978287,31.667154828554395,31.801642167401244,0.13448733884684927
-24.38609932600321,-26.78201167948673,30.81898141622747,30.82000084148673,0.001019425259261908
9.711517388697324,-8.148517400441406,32.93961717717452,32.93741184212958,-0.002205335044941137
28.59894313553253,-15.493520594540144,33.33254002940316,33.17170146089866,-0.16083856850450218
-1.9211531085492695,-3.7207193313717326,32.61743273878803,32.619567720407034,0.002134981619001053
3.599300876950778,-21.044426524635952,32.125745670274206,32.11805352286729,-0.0076921474069138185
-28.267632807545745,9.268050549762776,32.0569603772438,32.042705410655316,-0.014254966588481466
5.957627788963521,26.532913359756037,34.20549669231279,34.30410627230349,0.09860957999070052
-16.89708020993345,-5.303884042609575,31.857392878829774,31.849976333556583,-0.007416545273191133
-3.4521073710549643,7.000124078220523,32.97030398900288,32.976790901394196,0.006486912391316935
2.581410774981002,14.719336426671454,33.58013934230751,33.60167979059467,0.02154044828716195
6.071747130698903,-17.878751829073437,32.36827202698932,32.35546547175903,-0.012806555230284289
11.887987249347695,15.890367159499597,34.197479816840556,34.28057863983848,0.08309882299792548
8.667439723642275,-30.291802403270268,31.935840017729884,31.891667476354815,-0.044172541375068874
-18.11958038437905,24.509430195115094,33.802163992935434,33.815691960719846,0.013527967784412454
13.954925046127045,-24.129691691265855,32.39119637133726,32.38208965987569,-0.009106711461569716
-7.157976325395651,-26.61818458605041,31.405387094685924,31.382065009361323,-0.023322085324601005
27.861895461052214,-13.804413716139585,33.39386771443903,33.22385458803848,-0.17001312640055488
-4.3545458525288225,10.484474943038833,33.060391508855645,33.071978339725845,0.011586830870200515
25.645706244917164,-30.98303505678102,32.476606739812595,32.41790508152063,-0.05870165829196594
-23.923259980853523,-11.633253860186272,31.26850118001007,31.258238220140424,-0.010262959869645982
8.910368440545867,17.351782198212447,34.09137910651086,34.16094931058519,0.06957020407433134
20.973555197421774,-5.2341215458130534,33.56818309858747,33.574011030948675,0.005827932361206933
-23.042112129944968,28.731212074692117,33.74565839343625,33.73402777794601,-0.011630615490240359
4.805909450320499,-19.981487118158817,32.22481733182012,32.21421488315614,-0.010602448663981079
-1.4332344497754264,-2.736378165173612,32.68739887226527,32.68413156233042,-0.0032673099348485835
10.172599366298726,18.906161516522957,34.342738020916926,34.322158110345754,-0.020579910571171922
6.98329403990968,20.73142108931637,34.238281074610235,34.18126555911851,-0.05701551549172734
18.090980112264724,-5.2604965782112245,33.44095039617581,33.44597931166718,0.005028915491372743
-30.06327976843211,11.88974597441021,32.736269238835696,32.697582158577276,-0.038687080258419826
24.52827923999609,-13.660612687890207,33.288287809968224,33.15428815285957,-0.13399965710865303
22.437912121504844,-14.035802469702418,33.19595455590057,33.091703005216104,-0.10425155068446657
6.170562234441142,-7.519588416615278,32.82782558295912,32.807594444390226,-0.0202311385688958
29.557130439648937,-30.05125856447539,32.636379200713215,32.59500183508951,-0.041377365623702644
31.938993074597334,-3.6220653575921133,33.81881764270344,33.73102389348317,-0.08779374922027472
-6.865048564898764,16.77499947241538,33.20771139182554,33.20738040650498,-0.0003309853205593072
-0.4216056542641198,12.211078563152753,33.32262823302605,33.33678418881045,0.014155955784396212
-8.244687784357914,12.23046369210006,32.94164788345247,32.95165080501377,0.010002921561302003
-15.464051707867085,19.16976850825887,33.25737976201167,33.33912550317314,0.08174574116147681
-2.3006456370616064,-28.051469563866682,31.569023280721563,31.540741408390954,-0.028281872330609303
17.56084381912047,1.6482981768104352,33.74380655031404,33.75902973910917,0.015223188795125964
19.0021451016824,17.030565734000078,34.85717627472722,34.72675712180021,-0.13041915292701134
15.28237096524996,-15.009784733028724,32.88725011695887,32.87843048874122,-0.008819628217644038
3.141954515628484,-2.5411676252605773,32.899186558813035,32.894101882173864,-0.005084676639171448
-6.446295050684974,1.5478700151497549,32.61839733302365,32.61839543940927,-0.0000018936143817427364
-23.66757819487743,31.4368611282952,33.83284445775077,33.81727898784965,-0.0155654699011194
-26.950816574105268,2.9588336568442557,31.67790612514914,31.814043541393087,0.13613741624394748
18.964920390245226,9.50521039469809,34.183051344020605,34.284857986107646,0.10180664208704115
-21.61134700599664,-5.5886411502550075,31.621538392454486,31.62584317367301,0.004304781218525733
-15.379335998619652,29.815055468613792,34.450145565534015,34.48792132517523,0.037775759641213824
7.304844320179548,28.02451991709048,34.45417845237294,34.453467314789464,-0.0007111375834796263
-0.8949180092233391,-25.87001676617286,31.722162975246253,31.718590847757024,-0.003572127489228194
-9.107292934591086,-15.730759372170304,31.76130491330518,31.777489182537128,0.016184269231946047
5.607691601309227,-13.496652915590722,32.52659042278983,32.5215074617751,-0.005082961014728937
-4.685175342425197,12.727242998024636,33.13623801893708,33.14656418961915,0.010326170682070313
20.195957707710008,-25.250308135579715,32.567475375120324,32.53116075618546,-0.03631461893486687
-26.211921748576543,-2.416274082656898,31.572520398572607,31.64803913712319,0.07551873855058489
-22.397414798566444,17.955312781968345,33.246171179895434,33.24673344694069,0.0005622670452538614
2.7641860733147965,-5.895899395353936,32.73356117117668,32.72981478053121,-0.003746390645474662
-0.915040704983042,31.12540425257565,34.24781567363696,34.255238815011495,0.007423141374538034
1.1682180455070608,2.4083230548008387,33.01493064186713,33.016792376579694,0.0018617347125626793
16.10730338693545,1.9406626859651581,33.693815038551854,33.71404211919548,0.02022708064362888
-3.669662281936567,18.089663687054205,33.42213199216846,33.41872336511159,-0.0034086270568707278
30.221961103476275,26.130504801681376,35.02392391733569,35.00897047987406,-0.014953437461635133
18.658781380025374,8.913470315354076,34.121498876692144,34.23643822122172,0.11493934452957433
-31.321326838690922,-26.568166648002254,30.992988467537486,31.01404839330794,0.021059925770455123
-9.431126595928312,29.541063109134633,34.278962113740846,34.33132012962985,0.05235801588900557
2.7489108955548076,-22.066621871435203,32.04471727599434,32.039119875754636,-0.005597400239700789
6.186374497495315,-5.533180114412701,32.906098909888854,32.89629287137522,-0.00980603851363071
-3.708891985625961,25.269101578954192,33.38695544453433,33.60569055466538,0.21873511013104974
8.764466102293333,9.461650811479124,33.65177248971389,33.68945007965333,0.0376775899394346
1.2377811518578596,29.50253618954183,34.01001537482105,34.11089551511526,0.10088014029420833
26.37012041001588,1.9387165713144796,34.01060754354462,34.004200207914,-0.0064073356306195706
-16.58986267611293,-13.37600677479216,31.568116129837925,31.540469308908037,-0.02764682092988835
-10.007557341985695,24.61876186434074,33.7109203366518,33.69650130498046,-0.01441903167134484
13.609496643433637,8.197683502622496,33.83356381453273,33.93011891887857,0.09655510434583903
22.355663908954632,-4.276069758325789,33.67104245496978,33.652621243019446,-0.01842121195033286
3.5056748101981796,-2.0972142222681924,32.93738850450274,32.93077782328843,-0.006610681214311853
-15.5080989785124,-7.201872615034304,31.845847850130816,31.83796325213622,-0.007884597994596731
3.686918934517891,-6.907165346041786,32.7415336579259,32.72588378706242,-0.015649870863477133
17.448989578622765,-13.502536563775344,33.043437011797124,33.03279559536375,-0.010641416433372797
0.0374185169565493,20.19870364339245,33.69663650618924,33.64140571979449,-0.055230786394751874
3.3064843911900184,10.248180079906781,33.41893883150666,33.4288804662115,0.00994163470484466
-22.105391634625455,-20.2515076438673,30.96231357380629,30.982410655125303,0.020097081319011778
7.33703939716181,-22.221351750322924,32.23064916434095,32.22922317904013,-0.001425985300819832
-30.002787674132733,-0.43082990541789457,31.452514570178806,31.632817349324792,0.18030277914598614
-6.794643738845572,23.917389513939256,33.475814875829464,33.51457918737656,0.03876431154709792
-9.493396146064768,3.803913856398978,32.55926210271939,32.55919003903267,-0.00007206368671575092
-15.918487643819567,8.285550569951177,32.42376342470208,32.42381452430825,0.00005109960616778153
-10.90308548421821,18.090874870959254,33.06782798178362,33.06732722211162,-0.0005007596720005836
23.27361830056836,-4.435433393167841,33.70562720029286,33.63376836369638,-0.0718588365964763
19.79546240643249,-11.761653680374444,33.21790678012265,33.13820362980096,-0.07970315032168429
-0.30087864386027974,22.436777188192664,33.80923633360955,33.694395373770064,-0.1148409598394835
-3.852509813589542,30.044545465079757,34.0843889635821,34.09278959618428,0.008400632602182156
8.017943632301943,-21.1842732421147,32.30759902404619,32.30284109791594,-0.004757926130253054
-13.042043324600535,-28.09021520058785,31.098046053455374,30.935905957791228,-0.1621400956641459
25.428991813752646,-24.647267092387295,32.770570648766224,32.7269717522641,-0.04359889650212523
27.09712679539942,-3.3100259277118695,33.839399719143856,33.683168990955984,-0.15623072818787165
28.480397703480442,-20.253204760773393,33.06868860890169,32.97506659179204,-0.09362201710964513
-24.08083274433342,-18.70024039805932,31.01793448134751,30.994961196438197,-0.022973284909312497
1.3261855779296,-10.957163868764532,32.441290629794906,32.44556181317735,0.0042711833824427
16.742616227380708,5.940971967365357,33.89364531230059,33.97990559126734,0.0862602789667477
-23.832728473666535,-3.6360135636590982,31.61150241256836,31.6589972612597,0.0474948486913398
17.676164490298298,20.34967955597596,34.90226059846353,34.84241102488806,-0.059849573575469606
-25.402758877683304,8.430578813556934,31.88834005005811,31.942431764924134,0.0540917148660256
16.44700664775405,27.271705182193585,35.1976190361532,35.15782542248737,-0.039793613665828786
9.436719301327635,0.85745028105665,33.34608734609727,33.329649921467706,-0.0164374246295651
20.556890392632305,-21.74579378254095,32.745076582145046,32.72254007998123,-0.022536502163816863
30.02647727910533,17.64899254487866,34.59660720675055,34.63953224414173,0.04292503739118558
3.380882997248378,24.14085370631588,33.90015068750541,34.01539777731708,0.11524708981166754
7.871084087568654,17.161023828241404,33.983644535534076,34.083348953529516,0.09970441799544005
24.79758890902273,-17.15024841926646,33.117818761648635,33.01818215207903,-0.09963660956960751
13.783112230289063,-20.79161943388941,32.53097934958919,32.5473238440691,0.0163444944799096
16.909246354892154,10.486650493707522,34.11396279874407,34.26008050760826,0.14611770886418896
12.715258519908012,25.81014134578271,34.78565964657242,34.78732489655395,0.0016652499815279498
-14.473758846817404,7.951364483773375,32.480386656903036,32.480017706568795,-0.00036895033424144685
10.95031710397513,-0.009581448217936384,33.36934598576352,33.36343528153947,-0.005910704224049823
-0.7323251630910406,-10.653553795248094,32.37846449424745,32.3686389439592,-0.009825550288255158
5.500360992772642,-15.606223170009947,32.43516222603065,32.424524757183825,-0.010637468846823595
-29.90304442792924,14.358117054791038,33.02889325066128,32.894197971556956,-0.13469527910432078
7.056067050336452,-6.2627771451403405,32.92001012809333,32.9026041058767,-0.017406022216633232
30.62390410661464,-22.14674626651989,33.020055322082264,32.9464053925362,-0.07364992954606464
3.9982592254683027,-22.29186876320764,32.092952739872146,32.08387544266766,-0.00907729720448458
-8.198073405913604,-29.924944952494513,31.221966149728228,31.218400558969254,-0.003565590758974224
-9.413265626184959,-6.666848699925367,32.14231430897582,32.15042594030891,0.008111631333086677
-22.84262589564627,18.423541335281463,33.358342326432236,33.34427397897065,-0.01406834746158836
3.6103151593278255,26.976485863243184,34.023297754342494,34.097259901247476,0.07396214690498226
-5.307908617883847,5.24443906674238,32.814509154678554,32.81414715779894,-0.00036199687961158133
-17.41571947943838,2.809635804558525,32.142811281665075,32.14870780723386,0.005896525568786615
7.993586166085734,-20.471538729982207,32.34164248001919,32.332450444940164,-0.009192035079024663
18.99734893112459,26.331749261039043,35.086702534000345,35.121782436255224,0.03507990225487845
14.788540521599273,-3.580010177894188,33.37575998628206,33.37536331370951,-0.00039667257255615596
25.00212928491247,-13.569265718607738,33.30932522654327,33.16873175772069,-0.14059346882257984
-3.6991325285692653,8.955347311983765,33.03274530530928,33.04309237258706,0.01034706727778456
8.741295867275497,18.455226096029115,34.18987963049694,34.20575803843461,0.015878407937670147
-12.747995121004024,18.119854875969345,32.995556385908614,33.05432855565815,0.05877216974953825
14.508423406370468,-3.5695706601907915,33.36296068404859,33.36312734519164,0.00016666114305508017
-31.040522630183396,-11.934991521172947,31.489702411619707,31.306020922684237,-0.18368148893546987
13.674027289132582,-18.772980788757778,32.63862855798664,32.647074727621074,0.00844616963443201
-13.56920710810629,22.20145487040019,33.67111541584805,33.66527579977951,-0.005839616068541886
-4.658036762386516,0.7918564305960984,32.67502562594855,32.674867253066346,-0.00015837288220410528
-31.28220872474916,15.538179609792863,33.07344502868906,33.00920169527376,-0.06424333341529831
-4.251429577872749,-29.873092249670357,31.404636920683913,31.396266031126054,-0.008370889557859584
-9.163901745469097,-31.783575175264737,31.068986405596284,30.986398640157496,-0.0825877654387881
0.14102504955231865,-29.302394455921082,31.609754339916442,31.613783741403306,0.004029401486864259
1.3747075433254068,12.929609302953246,33.44226295633658,33.448986028640824,0.006723072304247069
15.384299783172438,15.884747555908397,34.49685420847679,34.50881184184613,0.011957633369341636
-31.98340193981771,15.1533719639893,33.03147667941367,33.028527006347076,-0.0029496730665954374
20.78171915111809,-15.319150614475014,33.06959507776654,33.0019348528196,-0.06766022494694113
28.07237779766961,-30.247139911243117,32.58733009775709,32.53585753100536,-0.051472566751726845
3.384543353824789,-9.754991156092991,32.593396018838526,32.58808137469115,-0.005314644147375702
-12.310479299969607,11.494601288254927,32.718891586167345,32.72219151679788,0.003299930630532799
-26.90471314059485,1.0663761846994504,31.638891271779514,31.770593069819654,0.13170179804014026
11.133671218198366,-20.750037510141823,32.444608339430935,32.45957684368369,0.014968504252756532
27.173107162881706,14.829290676907874,34.52936462341714,34.51934136138271,-0.010023262034430047
-11.197861606754998,21.507726328776158,33.47751331234183,33.53094317474566,0.05342986240383141
16.501916297737203,22.881817885752547,34.92655230594528,34.92421772422684,-0.002334581718436368
17.48201648090106,-3.4631036054020896,33.50084937933343,33.50085395508919,0.0000045757557600722976
8.87935914731856,0.8669545358263164,33.32172542217424,33.3047416567181,-0.01698376545613911
-25.717827662722037,10.969714487761294,32.127908488986115,32.11251668430804,-0.01539180467807455
-6.358156554740425,12.636070757096455,33.0503402031659,33.06076258180705,0.010422378641145258
22.13722866722609,15.312827631057651,34.61900281546434,34.621272672427374,0.0022698569630321686
24.350972918145466,3.5583072459052474,34.13797459599758,34.086148591397794,-0.051826004599789144
10.819973638648506,0.21155739982830823,33.37465774063629,33.36645826685928,-0.008199473777004584
1.649632696284229,-0.2854210002529598,32.935336930133154,32.9288832668949,-0.006453663238254137
12.134271771664302,-20.098189957933776,32.51426234152349,32.52828655496569,0.014024213442198175
-27.09168312010525,6.959602809925393,31.806312648105497,31.945368419384465,0.13905577127896862
-22.82663536960107,-24.96418738411475,30.84339280784354,30.86602540949688,0.02263260165334202
-10.545525729264043,9.41248913500035,32.72348958596195,32.72382817151732,0.00033858555536880885
-7.64869817287682,2.164505152260766,32.584820430241855,32.5845669843191,-0.0002534459227518937
8.785057226169421,29.995236876707096,34.76401574503099,34.753019020111964,-0.010996724919024814
6.84819212636156,25.281861417034165,34.19730701619784,34.321816007497354,0.1245089912995141
22.58709499802586,25.653672198102107,35.001070652679914,35.02608903620192,0.025018383522002807
12.296058055983053,-11.887523446448824,32.89823061384816,32.88479428769221,-0.013436326155954248
14.640831594631344,-3.515786490043652,33.37106591873057,33.371579184965036,0.0005132662344635719
26.05186516966655,22.416441654779916,34.85013866093213,34.83549396871334,-0.01464469221879483
-29.37742041836615,6.146072108956723,31.73697913025329,31.953924925047314,0.2169457947940252
22.810315463795483,20.41101676530996,34.74784832800177,34.80714500250835,0.05929667450657661
28.761112298207337,10.888928690433723,34.36631339698897,34.34697729551806,-0.01933610147091258
14.112739492526856,15.54117914342666,34.35850599676947,34.40500506401894,0.04649906724946362
20.41297636996984,30.097156170639984,35.15303101980832,35.236558949890906,0.08352793008258885
-15.439131326440908,9.78652770983625,32.504155317197366,32.50411616406368,-0.00003915313368452189
-21.6467232654963,-30.94434685065182,30.699097303594133,30.725300573668115,0.0262032700739816
-7.9735775712746815,-9.475873691074348,32.106587918114805,32.10109476428121,-0.00549315383359783
21.579518624420572,-13.251862786463583,33.20868192205002,33.104225854749195,-0.10445606730082346
-17.400206267372972,28.740821814777554,34.05956742120112,34.225884178597276,0.16631675739615304
22.594685475315075,-6.433866061886306,33.58533953529419,33.49639675708819,-0.08894277820599683
17.133352275496506,-27.916246058316915,32.34112931644772,32.293348996127285,-0.047780320320434555
-30.9143503334385,18.42727973602583,33.19749193716255,33.17400983050844,-0.023482106654114432
-3.869000438328733,-26.78199758327078,31.54896449352043,31.54312552133842,-0.005838972182008462
15.37192861774799,-27.28544703205933,32.30709901110207,32.267380689560696,-0.03971832154137189
19.672935794896276,-20.69765713504649,32.76453299032663,32.74696663105308,-0.017566359273551768
-7.769449078117823,-21.25498841735307,31.59615128624651,31.59626446254942,0.00011317630291074465
9.678669114985098,-11.764022946252176,32.7838949288608,32.77516085306238,-0.008734075798422225
-18.530167372468135,-26.382422319231118,30.885015861819323,30.84713520494386,-0.03788065687546194
-1.3353224669759527,-0.7630020909834556,32.77424515116026,32.77267058093187,-0.0015745702283851415
-14.933677442467314,25.63762852616844,33.981957935625175,34.05788201767373,0.07592408204855161
-12.59614824499824,15.965363289507422,32.8906558441774,32.8905878659828,-0.00006797819460047094
-31.84797775084715,-4.210472127719825,31.477512719025544,31.490586767986517,0.013074048960973528
-31.419910499890506,17.597489351256975,33.14632870859066,33.12399464009783,-0.022334068492831705
24.0999546886573,-10.629555264683425,33.436403181340644,33.26810965671061,-0.16829352463003744
-4.1877446135508976,-4.324377000391621,32.487521196512446,32.49328600919828,0.00576481268583251
-19.674832944860107,-11.88103089668877,31.476447152045186,31.46095968600554,-0.01548746603964446
27.699473789525335,-27.83114530083369,32.69059533404156,32.64722706352044,-0.04336827052112113
25.751936945084708,16.875399823944846,34.62814863252109,34.61369184894646,-0.014456783574630094
-31.442630591797666,24.9828633105351,33.684031638257565,33.526846941397984,-0.1571846968595807
-31.38786266808107,-5.752563026621175,31.431202729077523,31.45458151803962,0.02337878896209844
18.053489312986557,-27.308792509620673,32.40047450412387,32.354889694568925,-0.04558480955494559
1.7560918525119575,-10.740558657250041,32.471054214401995,32.47381982155193,0.0027656071499322366
25.5712979146454,9.549896585314578,34.320930084222326,34.31870558188046,-0.0022245023418676624
-25.41753909441993,21.310592331627774,33.506307471327766,33.5057971545545,-0.0005103167732656289
30.733603123141435,-8.181900389240667,33.63882592712926,33.517941813084065,-0.12088411404519661
30.10238141894053,27.368663204902802,35.084832168092575,35.06232830668651,-0.022503861406065084
-25.354308227071655,25.91939939865719,33.47575447885834,33.577651185544624,0.10189670668628281
-31.178017664207964,4.705622604017108,31.687145099141173,31.854128336304292,0.16698323716311947
-1.964938776865182,3.3646244339193956,32.90189117136694,32.90458294896264,0.002691777595700273
31.922875311655943,9.620289405133171,34.20996296867713,34.29788309691205,0.08792012823492001
-13.66208284208463,-14.891278232936486,31.61970224905855,31.613521052079676,-0.006181196978875647
1.1233953707357216,12.92678185517753,33.42982341695903,33.437469110752076,0.007645693793044472
4.004580126635496,-25.239088863960113,31.955730479196585,31.956686834870744,0.0009563556741589707
2.0988218211488743,-19.31469484512529,32.12764455155947,32.123204126516946,-0.0044404250425245095
16.595950091978487,-11.12460049084222,33.124845555013295,33.11374776924441,-0.011097785768882318
2.300631104501413,-20.565816056566504,32.08563087036934,32.08088109006575,-0.004749780303590967
3.5852858002516186,26.72594633164892,34.00124394975785,34.09511700831741,0.0938730585595593
31.336649946917028,-2.9921041617142663,33.841434630458394,33.74306564366612,-0.09836898679227346
14.166231775093422,9.862449751554593,33.93409249338343,34.06671359671842,0.13262110333499066
19.734097942523356,-26.97214881078971,32.47215374423628,32.427720176643,-0.04443356759328054
-10.166438413747088,31.42940460611704,34.599297199362965,34.56861942618758,-0.030677773175384004
-30.242864912744388,1.728054825650986,31.524505739899727,31.70663476364893,0.18212902374920148
-24.996103045246585,-23.41044616253911,30.93641599139727,30.913268336431674,-0.023147654965594455
-30.91973483470605,22.834333364639626,33.184266530841796,33.34013555815142,0.15586902730962038
-21.761507815981226,16.28601851262553,32.71514332439673,32.78719622986928,0.07205290547255316
22.4392799475318,-25.22496198822534,32.64420763686029,32.60666623991228,-0.037541396948007844
22.87755990825982,1.9928062157625206,33.99525255985972,34.01331275308191,0.018060193222190435
12.938761112241956,-3.5361436675671456,33.29138488730631,33.2934227575729,0.0020378702665908577
-24.307964908891243,-6.221358269912159,31.485727114836948,31.505988207957593,0.020261093120645057
-1.6207428089029818,27.361081706572982,33.63608805672402,33.720768616438896,0.08468055971487587
-13.871878345941546,19.592195154851886,33.223518944568276,33.3781973167177,0.15467837214942648
21.712817036542134,18.03549242423967,34.73455779373333,34.744347016558486,0.009789222825155264
17.388879199124155,13.964751710610244,34.48375793367444,34.488364221947755,0.004606288273315329
-13.60854345391688,17.276549033775673,32.912788954284835,32.911135267845886,-0.0016536864389493644
13.50992358068983,-23.184569477966647,32.422076384282306,32.415761909651394,-0.006314474630912059
27.956515763644468,-20.816492301761045,33.02363868936904,32.94025983255076,-0.08337885681827828
-0.3776353028334256,3.2780037765138417,32.9744365257495,32.979971022659115,0.005534496909611164
-10.812161269828927,0.03570607696686068,32.352372278902,32.35208505680965,-0.0002872220923535451
-27.086548622175272,7.459441150418861,31.818856209988212,31.943411873640738,0.1245556636525258
24.653634475368264,13.92374489103885,34.45966274354514,34.503165770946865,0.04350302740172651
-3.946361252115487,4.374937999098634,32.84582164272938,32.84673299612429,0.0009113533949047792
8.280312719619552,-25.320337721949514,32.113841815147005,32.133412977361445,0.019571162214440108
-5.28606273386189,-21.68294242101635,31.69284054249445,31.692541979545908,-0.00029856294854369025
5.736093940233317,-21.249461621523523,32.213978572825155,32.202774154476934,-0.011204418348221168
21.274014508605006,27.17832935985831,35.07344656240401,35.11037836650118,0.036931804097172005
31.97739350875925,-18.10213659615937,33.197799559551505,33.14184341140166,-0.055956148149846285
-15.305253440360246,-22.619270616474218,31.195568552757546,31.19888213667808,0.0033135839205336026
-2.362441080262549,-21.01323870866976,31.853785379764066,31.853854535793598,0.00006915602953228017
8.851293002547187,-24.0082082677768,32.1905347454488,32.21948495663529,0.02895021118649055
29.822398505125335,-6.4273683812954445,33.726301612751094,33.56882048879713,-0.15748112395396419
-26.71488310184285,19.36991598014795,33.2532703481244,33.190514173491806,-0.06275617463259664
-0.9088158502330685,20.012526574151963,33.6420201946641,33.59442935567042,-0.047590838993677664
-9.89576560891468,-21.087263726447944,31.506216396614676,31.505708333223037,-0.000508063391638558
-31.670824482084058,24.429225470334245,33.54191472473804,33.4727022339088,-0.06921249082924419
2.6550200633699177,24.77708013551007,33.80398313441651,33.98581680262915,0.18183366821264002
-22.25231232344457,16.848209156435964,32.867514449668626,32.95790582407255,0.09039137440392153
23.59126407088857,-14.385526557863166,33.21145365162883,33.10354774561214,-0.10790590601668981
4.881824731355529,-18.41510199647157,32.29166217145154,32.28155742384532,-0.010104747606220599
-13.86479314269311,-2.14933152729931,32.12281628492098,32.11884853312397,-0.003967751797006258
5.433979282581575,22.58188296431871,34.15908195988335,34.121156354206846,-0.037925605676505825
22.58899787504066,21.693935147721056,34.813072361487094,34.86578562755497,0.052713266067875963
-13.438900144417104,20.95441725157854,33.451653027651005,33.54002474859064,0.08837172093963375
23.79647430929981,28.94898794263873,35.14193573825292,35.12271144865868,-0.019224289594241384
17.37021807152187,-2.367211613774984,33.53974352261859,33.54572941744607,0.005985894827475136
-0.23907423766999614,23.05920740496869,33.8467134498186,33.716072398095754,-0.13064105172284712
-26.060612046318568,4.905144059798957,31.75423735290267,31.929409980114475,0.17517262721180415
-12.97206978638792,2.8093005302240996,32.35509446385638,32.35503941298105,-0.000055050875332085525
-4.129252387140568,14.898006480409357,33.25917948398329,33.26243344423762,0.0032539602543337764
-0.16271145131933906,7.269553262381692,33.13743213752725,33.15106044649453,0.013628308967284397
-10.878451092079729,-29.322215907250566,31.130202752729737,31.070929239762215,-0.059273512967521924
-22.332888880977833,16.170766144853538,32.631410545845426,32.74346378017615,0.11205323433072323
-31.615475013616738,30.176556671792504,33.74507107210093,33.72228911567979,-0.022781956421134453
28.027099370398076,-0.5856476718225991,33.87445688315579,33.870406009080206,-0.0040508740755811345
-2.9006412482632555,-5.635813457019445,32.48194896750643,32.4926236562538,0.010674688747364769
-7.62272487584238,-20.902772934315863,31.617341378455247,31.61738307293531,0.00004169448006408061
-8.151348212601228,28.042412049259823,33.98103786590637,34.06618784163494,0.08514997572856942
-21.87247875397479,-23.08299221248037,30.851074417017088,30.92122833053343,0.07015391351634293
6.164932433784017,-0.6085728027663748,33.12882906709826,33.11908178245725,-0.009747284641008491
-29.5193128296466,-1.7226078317179017,31.44123244817839,31.579390416474702,0.1381579682963121
-26.791418916785275,-10.516636975004694,31.244657956010652,31.352277977463615,0.10762002145296279
-8.292218635163216,6.341105701923183,32.71393534274308,32.713593853269515,-0.0003414894735627172
-3.883482447183482,14.213941466842925,33.24112422502325,33.24657312855059,0.005448903527337734
-21.905013992569117,20.169200226402538,33.886499834842425,33.75361174850289,-0.13288808633953408
7.379859527701647,21.370240952368277,34.28995525442887,34.23072054106679,-0.05923471336208053
4.803442219743339,8.922105687560098,33.43760578273965,33.443513313039674,0.005907530300021335
-29.39937169565406,30.470300778747642,33.69029477905359,33.65838377872632,-0.03191100032726979
-3.4955996705669605,-1.5758577734172547,32.64032811815824,32.6369523136829,-0.0033758044753398053
12.27717420976495,-13.654348912358927,32.8256446313362,32.8059812833734,-0.019663347962804778
-30.785318623536163,-19.805680181454157,30.838199539474974,30.85335608763711,0.015156548162135408
2.8275515812179393,-13.6162195623845,32.39448466628646,32.39481905385014,0.0003343875636829807
6.760826256311418,13.38470938031513,33.72620792867613,33.79458121233407,0.06837328365794093
-17.112653023698606,31.961196939872245,34.58487900490373,34.590547900228145,0.005668895324411949
-6.556586168477182,-13.875502428901761,31.959082333071663,31.97104719068702,0.01196485761535726
-19.733632251786098,24.18789830750969,33.710827099898175,33.7177674350208,0.006940335122621377
17.99568809895036,-7.003755494643258,33.35964828006293,33.362577136065966,0.0029288560030380495
-3.847201384871447,-3.789723020393538,32.5292376693672,32.53147035536787,0.0022326860006742777
-30.306974433310906,-7.147941448276114,31.371563287607003,31.423870800626133,0.05230751301913017
30.993276586008896,9.065901852491223,34.23304035559107,34.270182367921265,0.0371420123301931
27.00395829323486,21.131542299669142,34.76500533425793,34.77920206772503,0.014196733467102263
6.6762949338167275,30.094854803804495,34.580927951499504,34.63087396175539,0.049946010255887074
5.508252385671952,-3.055085562114158,32.978607851233335,32.978121501771305,-0.0004863494620295228
16.72415335145118,-23.80390608462777,32.51531758783133,32.490375038972005,-0.024942548859328895
-10.209350196206728,12.322010503979577,32.851187191474054,32.858995809692274,0.007808618218220431
-6.356669517413323,27.36170324589554,33.78549162019443,33.814981442745164,0.029489822550736733
2.240692274713034,27.84572583039911,33.974851062657685,33.96542047293903,-0.009430589718654403
-29.144988340719927,-31.49063214489378,30.828167728001795,30.84098943411842,0.012821706116625364
-4.785170534433377,29.346324367887384,34.01950059427794,34.02146343995425,0.00196284567631011
-26.879123953971572,6.446694015344029,31.801003274527286,31.943890880706007,0.14288760617872143
21.68350696170713,-1.9050167590671805,33.75444513489577,33.756515107325,0.0020699724292327915
-17.453202387486378,-2.1349368816318446,31.952118608901536,31.951802508295085,-0.00031610060645093085
13.683807898477603,24.595494274383817,34.78774832177996,34.8099390441859,0.022190722405944996
0.08813170239729118,-18.772470812205157,32.058085687715455,32.057525509299595,-0.0005601784158599799
15.377258826048141,1.293429408411889,33.62997734569365,33.630136578271696,0.00015923257804217883
25.95865182437398,-5.267205028595605,33.77692442401899,33.552480794382376,-0.22444362963661746
-23.206194259485684,13.633170648640032,32.36183292515785,32.32179801803807,-0.0400349071197752
28.839996853611716,-10.569398571131494,33.55726888257919,33.377808883347576,-0.17945999923161082
-31.74463438560398,-13.587378011103787,31.46697248275556,31.264073510146915,-0.20289897260864365
-7.7432785063111,-23.44410551469157,31.50834401731658,31.5079832405166,-0.00036077679997958967
10.804209608274604,-18.97516276085267,32.521777214984404,32.51659743583604,-0.00517977914836365
-28.842303299549705,26.33796372803934,33.69098170330641,33.64227311759771,-0.0487085857087024
20.883178552993343,18.97863932813172,34.81579840055579,34.80771526176316,-0.008083138792635225
-28.41122249187712,-19.224008319974672,30.95931229025998,31.086352379257484,0.12704008899750363
-10.22176474661373,-2.0628721252748505,32.30017362326822,32.29626691883037,-0.003906704437852682
25.537542590897573,10.974082440732161,34.35306193139014,34.376614865222344,0.02355293383220669
8.648130648435533,29.183505081360657,34.679024662753335,34.66797250311441,-0.011052159638921921
-22.856404025104112,8.501782156335814,31.962636088369248,31.98509805735749,0.022461968988242376
-22.862479213149754,-7.378688923164262,31.493210275088636,31.497292995571527,0.004082720482891489
21.46637605765899,18.35249838792297,34.75743436862564,34.76466149638487,0.00722712775922929
-11.575721499517151,6.832825885300444,32.57594194261425,32.5756148885108,-0.0003270541034510188
9.313755460946197,2.4211816989469526,33.40435448716049,33.386912893566866,-0.01744159359362385
-0.8411892208549929,-9.78718448266411,32.42116834008823,32.401745778839526,-0.01942256124870312
16.746169739891606,28.319428307988993,35.22469569991387,35.22803300812792,0.0033373082140499832
-0.21048515046838645,14.436367445266058,33.43088676588414,33.436703035792725,0.005816269908585525
30.007711001017327,9.472622633236462,34.29498073376013,34.28404294521744,-0.01093778854268379
-7.654333288527681,-11.487905648276929,32.04771796443311,32.02713506736213,-0.020582897070980266
25.43051907136219,-7.439949916009503,33.644803023524084,33.42818835097686,-0.2166146725472231
-17.52940701018261,-11.387363832562684,31.594089822402765,31.57768365718533,-0.016406165217436097
-23.53887773538319,29.622442117822708,33.77261288292,33.7476402659884,-0.024972616931599134
25.23202520588208,3.9782800721243703,34.15006892625088,34.09598581687099,-0.05408310937988858
-0.07442727773587876,23.08972862684746,33.85335312149868,33.72397373500801,-0.12937938649066894
0.7609223015420099,30.880145076874356,34.217387773666395,34.2867465161925,0.06935874252610574
25.528988853498916,-27.02059618908107,32.66021479472762,32.61693091928429,-0.04328387544332912
-1.0991240851364878,16.2847435622485,33.46867091414244,33.4686385342572,-0.000032379885240629847
2.2498688441584775,-30.943375791061158,31.63415392019188,31.646016056254922,0.011862136063040651
20.560331536047187,-21.883925684106828,32.73860943275962,32.71558121216476,-0.02302822059485976
-28.39342925814624,0.593427425773541,31.552210267164558,31.716012086026335,0.1638018188617778
-21.566629546348373,-22.914537684562113,30.873193654974813,30.929064413485676,0.05587075851086354
23.82657280919109,-15.788483417233309,33.14066269700516,33.0517026496709,-0.0889600473342611
12.584146897668155,-0.6100728989838942,33.41203628884631,33.410285478134114,-0.0017508107121955163
19.097313492718385,30.3205757655116,35.15290126711934,35.26996270681573,0.11706143969639271
6.062539051489324,-14.089108833794832,32.52322197041449,32.51545866333341,-0.007763307081077642
-8.471912464407502,-23.715702888102413,31.463948279890083,31.463501154673146,-0.0004471252169366835
8.32089619714177,17.149077900717607,34.018718745089004,34.11215065761197,0.09343191252296634
-10.612656493768107,-22.52012918741177,31.414492745077556,31.414297393843793,-0.00019535123376357433
-8.21193637439503,29.84750551048632,34.2658071151925,34.31241572602379,0.04660861083128509
5.904436800257777,-12.08334281522756,32.598186227262275,32.596303834545054,-0.0018823927172206822
-31.606165700324077,-3.3562913678134336,31.48232782464492,31.51192736150885,0.029599536863930354
-9.479179387275238,-2.6136335883475468,32.31468231810145,32.30966048862443,-0.0050218294770161265
28.244823927091552,-3.4387344598193934,33.826304998265606,33.6646412917153,-0.16166370655030704
6.030787177760892,-28.52263826222876,31.913933595705014,31.895034284976575,-0.018899310728439644
-20.83059342034496,30.279398230407814,33.914994155802624,33.99679739769968,0.08180324189705601
29.420600628365023,11.700332736925596,34.390127008032636,34.37860366609315,-0.011523341939486897
-30.449702901813694,3.0358023895693265,31.577822071999126,31.77398792870656,0.19616585670743447
27.5288374366993,-7.148437693000133,33.70420770059151,33.487543620961,-0.2166640796305117
-3.682399059469809,23.587806318216643,33.58818115122483,33.5474460232039,-0.04073512802093404
12.355497905738005,-29.501008224835786,32.10148906049153,32.05415677490347,-0.04733228558806246
-9.620921015047962,0.5463832752222331,32.42878711103328,32.428500181808715,-0.00028692922456485803
-9.424340626866808,18.878144252296927,33.17484611684375,33.17461640312695,-0.00022971371680569064
-4.084087724767485,-17.57567765498912,31.915578115997548,31.917124188687293,0.0015460726897451593
-22.659482544794656,16.190993081732238,32.629680711821884,32.74558954766332,0.11590883584143796
2.5913965368421046,-2.2917867469939637,32.88743102555499,32.88045155754267,-0.00697946801231808
-6.555609384812577,29.023525517616825,34.05490816395118,34.05731393159403,0.0024057676428483887
27.470559212113862,22.693179470430685,34.80208730255141,34.84889256205223,0.0468052595008146
20.196441614894724,-29.560546912819923,32.36825678403998,32.31048176254105,-0.05777502149892655
4.21194649750111,-21.74443474544178,32.12522765414947,32.116205642389644,-0.009022011759824977
14.579268780347512,0.4057086365995133,33.55060267375408,33.54483873674161,-0.005763937012467579
-30.746850693775066,17.377757164468164,33.1639747414859,33.115981346902906,-0.04799339458299556
28.305216075272234,12.072328207153959,34.40779471405124,34.39857215152168,-0.009222562529565437
30.800113641769343,-3.1525100433979816,33.85399168407653,33.72438961746127,-0.12960206661526286
7.381714832336506,-13.021773681493997,32.627283832339785,32.61978606817234,-0.007497764167446519
26.95413903807399,27.852956201042353,34.989124057403224,35.07118047863659,0.08205642123336787
-17.52343110496829,1.7836698465872374,32.09865494441239,32.10476568967772,0.00611074526533173
-0.9437384751452242,-9.835039415554554,32.414657539936385,32.3951335490084,-0.01952399092798629
21.433704423247654,21.3393976518919,34.81435996373507,34.88652997686886,0.07217001313378546
-28.815179985487006,-8.616310004265294,31.320983337514377,31.39255030806265,0.07156697054827177
15.728593497907049,17.878324365233716,34.69513664303995,34.633346970915625,-0.061789672124326955
28.478805563067773,-3.9490808957982324,33.803684849087304,33.63940833050419,-0.1642765185831152
-2.097158422744684,-30.89500001969001,31.44611292241877,31.457242351343258,0.011129428924487428
-2.3637346511842097,16.565957664841704,33.419079399373956,33.41900215063742,-0.00007724873653813802
-23.853798780476573,6.924703176878005,31.883178180117397,31.90548061689841,0.02230243678101118
27.49193212161945,-7.317560500961257,33.697724122390476,33.479817007736806,-0.21790711465366996
-4.7132950732199035,26.21529061425298,33.525977022201594,33.69851224790634,0.172535225704749
17.724654978315094,0.7155869532952366,33.70466372954074,33.711149173474865,0.006485443934124646
16.280509977047977,-13.418603211405802,33.00314789440486,32.99563465557186,-0.007513238832999036
-12.86974836147023,-24.051671297729072,31.24875035734931,31.248182787387794,-0.0005675699615146357
-17.238342047492708,-18.835614003895245,31.261893869312672,31.279825065416233,0.017931196103560865
-22.797375514493083,13.737463992179784,32.341402483111715,32.31419769398759,-0.02720478912412716
-24.215296567346456,-12.152268398652275,31.22920053101075,31.235520332402633,0.006319801391882152
15.970153285929008,10.667210380394124,34.06695735273061,34.233081495837574,0.16612414310696266
30.47703061901123,23.9871757189889,34.917632515493025,34.91679103818347,-0.0008414773095566375
20.314645243827222,21.696196977565393,34.911188354527965,34.922341151648176,0.011152797120210778
19.560053602255124,-26.509996432399873,32.48776657377328,32.44562625579914,-0.04214031797413753
-21.395339841496224,-30.821284528842632,30.698947881546356,30.729256119574337,0.030308238027981105
9.72218118638201,-30.26915598526569,31.974234574462262,31.927717217946707,-0.04651735651555455
15.164349620225337,23.71269940333317,34.86231100117036,34.889214271851564,0.026903270681202685
-22.72905044004645,7.4737722594637646,31.99275685467125,31.97610846933901,-0.016648385332239002
-27.940966646689375,-2.9259016616087337,31.422025177904086,31.56564824538684,0.14362306748275344
-0.9841638775385064,10.94783202649996,33.23974164269901,33.25806535689977,0.018323714200761287
-6.125270641060432,-17.100253338610514,31.842126636271118,31.848281520477435,0.00615488420631749
28.739744224718848,-1.473551263455164,33.83765589190075,33.80113066283712,-0.03652522906363487
14.050514673883939,23.19302368846708,34.71983887913593,34.78934389400331,0.06950501486738148
1.2795616412971569,-20.47407789675323,32.04242265547981,32.04002291517438,-0.002399740305428111
-20.736048850795136,4.246688793347431,32.04124270370263,32.0588257152296,0.01758301152697328
-19.35927498008528,16.78688625531784,33.05274252581982,32.88532901837346,-0.16741350744636208
-14.356773546708908,12.868387876373426,32.67387287177398,32.67790490217348,0.004032030399500286
10.842650430651027,-29.856089287738243,32.03203717625621,31.985931687833997,-0.046105488422213625
11.137281633383878,-28.674388732181498,32.09404535529922,32.0561839265718,-0.037861428727424595
-12.503123228111754,3.6365516982183834,32.40903813128136,32.409073968314516,0.000035837033152574804
-20.324309188283706,-14.604296231090956,31.350930785113604,31.305488141796232,-0.045442643317372244
-1.1164506850410092,20.15663139521515,33.63818655953621,33.59005701686767,-0.04812954266854064
24.100940671739814,-26.65157501037298,32.63118724033944,32.58858678486462,-0.04260045547482605
17.901421561375308,-7.113897995169545,33.35079600126855,33.353424808545,0.002628807276451539
30.302533850861693,-30.430226281767034,32.633442877525454,32.60025521951067,-0.03318765801478207
19.15499831480485,0.6658271182280231,33.765111786746694,33.77114534002176,0.0060335532750670495
-12.617668321482775,8.489289745591115,32.58924623594528,32.589221670418056,-0.000024565527226627637
-1.9070371603414316,-11.236299716356477,32.29844630495728,32.29138306253186,-0.007063242425424221
11.632048164730278,-4.421405850772921,33.198955790545654,33.19390655713014,-0.005049233415512333
17.689565277912244,18.454757168254112,34.866471440878165,34.7470099101204,-0.11946153075776778
13.595667189822137,-26.887704783379668,32.26133046065012,32.22898846917632,-0.03234199147379968
11.344790815321922,-31.794785368795466,31.96586664494928,31.903276091830836,-0.06259055311844364
2.9228486578410298,3.066249850353593,33.12381921266039,33.12284917371062,-0.000970038949773766
-27.168615194050872,-13.08642948029209,31.21143615143915,31.262424801647615,0.05098865020846688
19.35326509406331,30.486553166447976,35.161665764481654,35.27134452610041,0.10967876161875267
-1.7522594062380676,16.843609701468672,33.46125894864392,33.46125405095875,-0.000004897685172977617
-11.208400827320993,7.675884765962827,32.625679704832365,32.6254014527935,-0.0002782520388677767
-19.718069361179346,-28.70202326650398,30.76156245886728,30.792402586214894,0.030840127347612878
27.20449907615653,-27.06392109435344,32.71144456049577,32.66866788364705,-0.04277667684871744
28.66989274042404,-17.25705695432606,33.242761149796095,33.10144430887865,-0.14131684091744745
-4.700257061988552,1.5441402395239479,32.701928815757874,32.70162608945184,-0.0003027263060317864
7.132805775772731,16.140271476413716,33.86769115085951,33.98340842108458,0.11571727022507616
-22.61556508006963,7.828328216963222,32.01091591493952,31.982112875886887,-0.028803039052629487
-2.86119344162919,31.552843651952635,34.296716874073454,34.32784200393464,0.031125129861187872
19.615603484886613,17.37331306114625,34.833572688327564,34.770305001474036,-0.06326768685352846
28.58529875465038,-15.158147544444013,33.34987036548347,33.18505888136878,-0.16481148411468638
14.694938103602027,20.4653427650319,34.722534012451185,34.69673955600272,-0.025794456448466008
9.30951844638323,-10.019794683003965,32.83842630882409,32.83534356974494,-0.0030827390791472453
8.546604329073432,2.578997354258732,33.374008266406626,33.35844562760598,-0.015562638800645345
-30.108447192191846,11.090646549047435,32.58815928112311,32.52522692340552,-0.06293235771759242
4.009428456912822,-10.6485699715681,32.57228290467842,32.576286969455275,0.004004064776857774
-12.225174825536335,21.56544823697694,33.49995640096503,33.56546424507346,0.06550784410842425
-0.2370600253943138,-11.052527871032908,32.374763972223285,32.37300644827337,-0.001757523949912354
22.50253070682725,28.542717777193843,35.14069168337187,35.138371672937204,-0.002320010434665676
27.133035731744442,-8.59367555704555,33.64639811792873,33.41969614827295,-0.22670196965578526
-11.672686216454196,-1.5878664286704733,32.24937158193947,32.2460153343657,-0.003356247573769622
-5.979810337647706,8.41527202159007,32.90373789326606,32.90806691821577,0.004329024949711879
8.177877169715401,18.396646063615123,34.135716145940926,34.16595892694066,0.03024278099973543
-21.675766921220884,6.014607770054198,32.08292369711266,32.0496487835784,-0.03327491353426382
5.2959542180014125,-21.07603597619132,32.20208878377352,32.19088402937212,-0.011204754401397565
25.472375088284743,18.832036576889003,34.71293544176592,34.69514593262867,-0.01778950913725197
31.438734703360794,-13.066777972081866,33.42603012447027,33.33484189421934,-0.09118823025093548
0.4988780406945921,-12.751636455216861,32.32313111417398,32.33091063948711,0.007779525313125646
15.786672239993102,0.6422651041893914,33.61572704921272,33.61771002864795,0.0019829794352261843
-21.88539362609545,-21.22219268965435,30.92316975870497,30.96327571201096,0.04010595330599287
-11.898678850251123,26.671102919884603,34.00699685800357,34.0664283866856,0.059431528682033274
17.47091065276831,8.484166651417546,34.03537836262611,34.16174175111654,0.12636338849042517
-23.731253619308347,25.433103505555543,33.52833525968534,33.55910545557452,0.03077019588917551
-24.818397267047146,22.928706847774095,33.450149019275244,33.46204381367627,0.011894794401023034
-15.176878344290664,11.519869211134825,32.583264453411545,32.582939056386024,-0.0003253970255201466
-23.40206396797918,14.852161308071658,32.51227253660376,32.489135103092174,-0.023137433511585925
-21.75600940584247,13.035600580147403,32.14203802192224,32.1877810735693,0.04574305164705805
31.274901686943053,-24.48089750207194,32.93947538193418,32.8660203485194,-0.07345503341478121
-28.157206910490622,0.8707803612032521,31.580021500936933,31.727682062169105,0.14766056123217197
-27.700899935316976,-27.615368334594805,30.865617010164218,30.888863583260505,0.023246573096287193
-26.043041381784768,-16.99971292806739,31.10206994924595,31.079881920057037,-0.02218802918891427
26.300244929077785,-6.5264151439608895,33.71575702022787,33.48509239939779,-0.23066462083007622
22.02337809527524,-1.423483543285748,33.789808487191486,33.793349102694066,0.0035406155025796693
-12.7880514124546,22.905814416037494,33.72571999920052,33.69022983137201,-0.03549016782851311
-0.40220215813231164,16.381648983938298,33.50708402369888,33.50466982131714,-0.00241420238174328
-14.6490505800285,-24.314720786284695,31.156239928418266,31.1553573764922,-0.0008825519260646786
22.346341246452802,-12.694771554315182,33.26505844273554,33.1442768809059,-0.12078156182963795
-29.400412145596185,0.2854386996106584,31.486175145800072,31.67927023775673,0.19309509195665697
30.242181981404705,-26.781941541135808,32.806661904651534,32.7488887096438,-0.05777319500773359
-7.457081262891421,2.495680419546794,32.60662186560103,32.60638414574459,-0.0002377198564360583
-27.328498566475332,10.48550656513791,32.1955817227861,32.13017581614416,-0.06540590664194212
3.9434655337675792,20.978029257110997,34.02753384704391,33.959690860606756,-0.06784298643715658
3.4519791509387616,6.072617230077611,33.26445455447154,33.26767685890759,0.003222304436050649
-13.751916482474122,28.465588879961338,34.31834616785504,34.325452548255356,0.00710638040031597
-30.87006607850838,23.224117060320097,33.2341932809553,33.35996510160284,0.125771820647536
25.571902705054598,4.988140536113548,34.17466911272726,34.134092102842274,-0.04057700988498425
30.45896884659321,-31.224580844557174,32.60089822120083,32.56475705189634,-0.03614116930448574
17.64401462013003,-5.156002110118685,33.42748343025951,33.431060797407206,0.003577367147698851
14.845432971138415,9.415071639845458,33.94768914340305,34.084189804811366,0.13650066140831285
-28.65551642589385,-22.36795659520891,31.011722929959035,31.02371429999827,0.01199137003923667
2.7438519493884144,20.52256379328739,33.88665380713957,33.85532135685458,-0.031332450284985214
2.806135230119594,-15.048961005824047,32.33507519473807,32.33120098886104,-0.0038742058770253607
-0.6683744031845009,-25.234563549470018,31.758637688558565,31.756293865026898,-0.0023438235316675105
30.83462392397894,2.2496089283555776,33.97722269603526,33.980507541937065,0.0032848459018026688
-13.133363495966876,10.256544897769672,32.63234836905263,32.63219473540727,-0.00015363364536113977
9.240516798594015,-29.016631172385004,32.01070239870804,31.97591646277045,-0.03478593593759172
-23.380828912014678,7.675847185483917,31.91791946733626,31.933229504615486,0.015310037279224531
-29.553628663795976,-17.473038384544672,30.984704297453156,31.153433872134915,0.16872957468175898
25.28271487937839,3.4718726680083805,34.133134315111036,34.07508028863851,-0.05805402647252578
-26.196424848168455,21.46252181850855,33.350861579959115,33.40084575910567,0.04998417914655562
15.502457583248919,-31.03167091523502,32.14299155666801,32.07988247778056,-0.06310907888745021
-30.23917578649558,8.586339467907884,32.11735322662649,32.02993887799794,-0.08741434862854902
2.9962324091783543,10.710393662868285,33.42407444639733,33.433377990892986,0.0093035444956584
-18.861517592940586,31.82103068529978,34.36014575078315,34.38025466163067,0.020108910847525863
-9.78824181580972,-14.754541278953148,31.779740513248978,31.790194414036687,0.010453900787709358
-4.761382241377454,-11.95645190500607,32.143732727042966,32.134106824145285,-0.009625902897681726
9.29857121891122,13.977366734796547,33.876633053688266,33.996156853786886,0.1195238000986194
-6.953858619088784,21.564511787838455,33.44123092514286,33.38449424919999,-0.05673667594287224
9.247850637363207,-5.384903758304297,33.05370028725085,33.0419446581524,-0.011755629098445297
-5.169380818118448,6.03307909600337,32.85112831894266,32.85260075677037,0.0014724378277080064
-1.156502920123863,-5.916482277783977,32.55023881647364,32.55719549042899,0.006956673955350823
-26.69395453059653,-7.939557804298346,31.306673955576045,31.41488519849123,0.10821124291518558
-11.466220170166132,-18.170248032173838,31.553573855608732,31.565464917324338,0.011891061715605389
15.637307699117223,-17.223064595198316,32.789977989998214,32.79137840043384,0.001400410435628885
16.704296572400303,-12.583308463498092,33.06005713676361,33.05223497087542,-0.007822165888192956
-16.40327151955949,0.8059179011000666,32.114592966709026,32.116233639676295,0.001640672967269552
-28.32614198989083,13.28621700292706,32.79590118325985,32.724579340427326,-0.07132184283252485
-21.552027126178338,-27.60642326973666,30.75980971544697,30.819983090313997,0.06017337486702701
9.80802973452547,31.92584164441074,35.03301062331431,34.99878642967674,-0.03422419363757001
19.338506336638424,-21.912331760162814,32.69475905067625,32.67370953609981,-0.021049514576439776
11.036932298155058,21.638770516653096,34.520887562338395,34.51459611904594,-0.006291443292454346
-17.401600275730196,0.9784349830397829,32.07389241047851,32.07928032607254,0.005387915594035064
4.98173865198676,-11.007152220451374,32.59986844764289,32.603076797713925,0.0032083500710342605
-26.72692774812277,20.628373087922114,33.318233021080246,33.39663770535576,0.07840468427551173
-19.715058593277178,3.5467994193387113,32.06145510382395,32.07659564665799,0.01514054283403965
-24.00577252207374,-29.92995413127977,30.691908432224455,30.738122910003618,0.04621447777916288
30.270902398448527,-14.335924416629574,33.39207326828253,33.256702065687385,-0.13537120259514523
-21.430490141702336,20.8042701566196,33.78444267517678,33.74191554149129,-0.042527133685489105
7.126663330929823,22.313437133286435,34.26549124128805,34.240521260775736,-0.024969980512317136
-0.20412570360680604,-10.883471312606545,32.3859599525925,32.381853841258284,-0.004106111334216678
-0.38695010242236805,0.49368481042429835,32.86737763409763,32.86761337510481,0.00023574100718093405
10.999039259511342,-9.571167114949667,32.934109741235076,32.9311915006148,-0.0029182406202750144
27.414438384513637,15.439227125376242,34.54626756375503,34.5420639108559,-0.00420365289912894
12.166957731325482,4.097778053727609,33.604728294771206,33.589049878294134,-0.015678416477072687
-5.969318322733216,-26.258623518136446,31.47380750045735,31.469409793059917,-0.0043977073974339476
-14.1003440540687,-7.0354874826794,31.91601352861788,31.911849354143374,-0.004164174474507121
24.249675923702476,14.898091682030824,34.49518906515795,34.545878530877104,0.05068946571915234
-31.551008154349276,-31.387121051071205,30.888661455203838,30.905331078895788,0.01666962369194991
25.158477363265334,-2.3873299420326077,33.87592776803276,33.76489328056814,-0.11103448746462163
19.031455772880904,10.284853212567889,34.245161460795735,34.33383319687405,0.08867173607831802
18.439637394290813,-20.502385335610533,32.72591922496661,32.71616829508317,-0.009750929883438175
28.417788565182654,20.95684603975384,34.704279794672296,34.77708683198063,0.07280703730833693
-24.605060314127506,-4.886267811116241,31.53623017460485,31.567676733537418,0.031446558932568536
0.28763132064798214,7.228084154335015,33.15747237874297,33.17052990312674,0.013057524383768282
-29.675904773415326,23.818838577096137,33.35541099481036,33.36058346930297,0.00517247449261049
-5.595691001282006,1.4054898530881843,32.65381588000234,32.65356574156941,-0.0002501384329320899
30.974411271430043,-26.926273729700824,32.81746782606256,32.759574682422986,-0.05789314363957487
3.2892820550273,-28.972874264172255,31.77951910033394,31.78129380006774,0.0017746997338008441
25.113863289924147,9.08423569395353,34.32526625337578,34.30357752400905,-0.02168872936672983
21.82172099599307,31.950942979232146,35.28370473997209,35.279541530669746,-0.004163209302340931
-4.6568210947413675,24.40104943139159,33.467389952023495,33.562849154983795,0.0954592029602992
0.440561007424499,-17.302050820414514,32.133881694681996,32.13302568172742,-0.0008560129545784889
-9.886228816854931,-19.895898594597107,31.555489306096376,31.55850754262208,0.003018236525704765
-7.0765829223622845,0.4189035494112332,32.5452425206894,32.54511622622218,-0.0001262944672220101
7.892810537379276,-12.563502104650333,32.66907147399195,32.662163943273306,-0.006907530718642363
25.95578262502277,-30.526820698490972,32.507851887514704,32.451521530057136,-0.056330357457568425
17.236391836444838,-4.168691187481535,33.4581576118331,33.45798633497238,-0.0001712768607191606
-31.968507114757998,18.570334927638704,33.16189990796251,33.16124747240594,-0.0006524355565673545
28.500792860940173,-8.870956929949742,33.62933562498981,33.43934397959875,-0.1899916453910535
-0.6673183560752705,23.504336497278423,33.77502106600898,33.711584397287716,-0.06343666872126619
-29.198655017866898,0.28794500717405214,31.49429507432674,31.68575113734859,0.1914560630218496
-26.623241243844717,14.128890724101986,32.725197866268054,32.67321158033056,-0.051986285937495325
14.873054423023333,-23.559599694090338,32.45659489868231,32.44165094131793,-0.014943957364380367
-8.783164561823455,-25.524232826974895,31.37548091661427,31.37207926195154,-0.0034016546627277933
7.288349209211255,24.068356795764743,34.14980624912991,34.307059415077006,0.15725316594709682
-9.841392553163871,4.344282438770371,32.56359195982457,32.56324230886939,-0.0003496509551794702
3.725924057521169,19.85604461351975,33.90430005632828,33.9089328921247,0.004632835796421375
11.884896629252069,30.11157447647824,35.05735229827556,34.95733632165768,-0.10001597661788253
27.618140802693596,-31.952229543961934,32.49239731975031,32.4335268031904,-0.05887051655991371
24.804569206093767,12.645117738294218,34.40539208008145,34.450194983672084,0.04480290359063588
-23.567815877191272,-13.823618397253945,31.18670276038741,31.175882896289217,-0.0108198640981918
17.408713608575184,-20.13533841079112,32.69689550132668,32.70085970074713,0.003964199420451564
0.7433755547287078,17.385042803355113,33.60736748769527,33.608448868290424,0.0010813805951528366
-26.11665318634801,-6.8384551734300345,31.35609885916213,31.443141778406055,0.08704291924392393
14.304571770279416,-22.672974135464095,32.47466922588859,32.46824333563239,-0.006425890256203104
-8.73127701750969,3.9176679177906806,32.59977016100199,32.5999323202694,0.00016215926741125486
20.355410275592135,-29.113423097949003,32.39391384669917,32.338634203612436,-0.05527964308673461
14.062732357021666,27.70442349438496,35.05164078231088,35.00063015598659,-0.05101062632429176
-7.4426462028683815,-26.473373630900042,31.398229717169947,31.378398700688255,-0.019831016481692387
-30.510411229843122,-7.593242279464604,31.388393072319946,31.412527920781514,0.02413484846156777
-23.158347642460797,-31.570193168496658,30.688371505927154,30.704747004087324,0.016375498160169144
6.779571816417182,24.960281267184513,34.167399245271795,34.30394133571623,0.13654209044443633
-16.63198605389261,-26.67906241961323,30.929339817169506,30.84851503206605,-0.08082478510345581
-19.37816061851948,0.29914984410460477,31.953215695150476,31.99955984917709,0.04634415402661318
4.084071033821743,-19.553764418370015,32.209125847073445,32.200162732689215,-0.008963114384229698
16.632200274956475,-16.021310699628124,32.88826445360361,32.87943573287758,-0.00882872072602936
8.060227529173893,-21.39913303628245,32.298334226101694,32.29540447787089,-0.0029297482308052736
28.37316467507172,26.0855668090786,34.94768190180522,34.999852995348036,0.05217109354281746
-14.374832696111596,25.743525809266522,33.997942030376336,34.05973245723901,0.061790426862671666
10.396267176115032,-6.779897051412753,33.042765316372474,33.03066905084265,-0.012096265529827122
-18.034778775881286,-23.191862484095573,31.08378526174664,31.05027866796566,-0.033506593780980864
-31.63643889951718,14.361930353962727,33.028618729619,32.979935902233684,-0.04868282738531349
-27.541840049561756,-30.162312327215496,30.78303290683816,30.830087777076276,0.047054870238117275
-10.928137810290359,-8.977387573493651,31.986190247827988,31.985524829895546,-0.000665417932442125
19.032040191203627,-19.313146248290337,32.80060404516558,32.79665662372181,-0.003947421443768917
-20.36306189274675,-24.5213003946007,30.88025072504442,30.908407809955197,0.028157084910777286
-14.776256383653227,17.732045558229018,32.955398755919944,33.0343932540987,0.07899449817875848
4.192037082008724,21.896337597717633,34.100025964137416,34.00655013398651,-0.09347583015090777
23.589467730539972,4.89945859239856,34.17279973968377,34.15574488259598,-0.017054857087785535
11.891271796472807,-0.4563921299829232,33.388853347743556,33.38582914035886,-0.0030242073846977746
16.38954057145083,-8.870643230768472,33.20922243792059,33.207079933345796,-0.0021425045747918148
-31.63284402102454,1.4838605951308352,31.593854777955578,31.676021886074064,0.08216710811848671
14.843040180829554,-13.900878405257266,32.923814176356,32.90888178566626,-0.014932390689736508
-21.62544788744239,21.324763054161274,33.74563654454225,33.728485216354265,-0.01715132818798537
-8.440988051532408,-4.837767313900422,32.27384454227134,32.27012976752619,-0.0037147747451484747
10.804652557546618,-2.479511571720117,33.24042855998309,33.24459830275865,0.004169742775559371
-16.40913858237279,-8.292356361946695,31.755406741254394,31.752299523558538,-0.0031072176958559794
11.164911794431944,30.828419152556087,35.0555926414385,34.97998987830611,-0.07560276313239456
14.563499907879255,11.714508323720906,34.045557315966136,34.20415577621156,0.1585984602454218
11.00411613472906,23.037955794534362,34.42219426407383,34.55497264986282,0.13277838578898837
-6.023167225318893,-23.770827548535188,31.573330962899107,31.5734310754437,0.00010011254459385555
-19.91759066946934,31.987100289685777,34.264464844783255,34.279841873393494,0.015377028610238597
23.937113906785264,30.04972923986567,35.16140990177199,35.16298514525722,0.0015752434852274178
27.28215562684504,13.064852443485663,34.4508092200672,34.447050732854194,-0.0037584872130054237
1.7427608280458315,-7.627323773250801,32.62521078951198,32.609441448595526,-0.015769340916456542
6.827168355357507,11.2503229402257,33.6355445950208,33.67045494319633,0.0349103481755364
-25.09770377655922,29.478807213061657,33.690698913299,33.69463022725654,0.003931313957536986
26.90242698436856,17.2327114783077,34.61795538657681,34.618804073389775,0.000848686812965127
-21.445001294941555,4.0557971082125235,32.00846375135535,32.0205960578973,0.0121323065419503
-12.662130679342745,-16.04291901063351,31.59054179744964,31.607170335844597,0.016628538394957815
-17.787842681001337,-11.049585624682173,31.59402408952593,31.57953783476342,-0.014486254762509532
-6.677983527552271,21.636496481346782,33.45400076253435,33.38962587648197,-0.06437488605237718
-2.85834589216595,23.606863453576743,33.636234946478226,33.59365493626284,-0.0425800102153886
-21.62287876955267,-29.970957958256164,30.715015062355533,30.75290435511396,0.03788929275842534
-6.033216993860847,-11.957976958206174,32.09288056817534,32.07799988428649,-0.014880683888847557
1.1599142711353352,2.71481311828056,33.02643885372677,33.02873266224366,0.0022938085168888733
6.331610474697051,6.22335756776647,33.407404871723955,33.40439800754399,-0.0030068641799658735
17.3958608046392,30.724122394391017,35.30620070656387,35.317473749800826,0.01127304323695455
10.921207400767543,-6.243295538523697,33.09072785816328,33.07887004477816,-0.011857813385120153
-3.1952912863758627,5.65728503149009,32.93073080748178,32.93558610641121,0.004855298929427931
3.491582932530818,7.683386275940428,33.327564797134116,33.334206661527936,0.00664186439382064
7.8044258409332485,18.842722898572333,34.14874466822711,34.16412718609123,0.015382517864118483
-20.95432403493347,14.45913199609793,32.2935473863306,32.31237571529571,0.018828328965106778
25.763212549195224,10.659334349292507,34.32928707594981,34.36204383498572,0.03275675903591235
20.653047833950374,24.46491136540586,34.953965717413055,35.02008438127834,0.0661186638652822
-0.43444264293746926,24.077295129663653,33.724073702186956,33.73059391686584,0.006520214678886305
-2.049485569925416,-29.684562880959184,31.50078409795342,31.50007655670292,-0.0007075412505024303
18.067505935045375,-9.601137560869653,33.255505895394116,33.24771857321998,-0.007787322174138467
29.271543339285294,-18.962947436055536,33.151139406942164,33.045543779867174,-0.10559562707499026
15.007674350176778,13.188443416754978,34.18585310746332,34.32190614878874,0.13605304132541818
-0.9383363154586064,-15.623525597565653,32.139857576082065,32.14212531120661,0.0022677351245476984
1.2710669540084751,-9.391414259676573,32.528269280203666,32.5116553636924,-0.0166139165112682
-28.027477210785975,0.10564876699603332,31.554226053770833,31.72044397198959,0.16621791821875576
15.976264304364882,-10.281304464360325,33.13267319497123,33.12476622121119,-0.007906973760043456
-28.06356536108241,-9.041377441233301,31.31512473464666,31.384382905562127,0.06925817091546804
11.628517565746762,-23.56559501892712,32.32072139258546,32.334016714294805,0.013295321709343
15.802969141978686,20.090933275713965,34.783601458088484,34.750222604739875,-0.03337885334860857
-23.729427030274422,1.224974097756828,31.81672438581112,31.87436291392474,0.057638528113621135
10.843063973538378,-9.358649976761534,32.93553571831788,32.9337703694802,-0.0017653488376794257
13.226634432319614,8.206708329890901,33.81519958364733,33.905632483618206,0.09043289997087811
23.63248532344732,-24.84999590875639,32.70142708041383,32.66533592867821,-0.03609115173561861
-27.92567898839905,-26.605811301865366,30.90533302831221,30.915921367077438,0.01058833876522769
-6.69182015188666,6.802884230561681,32.80785707527124,32.807891096218825,0.000034020947587976025
-17.933678222958143,-14.851336308802338,31.451305566738842,31.416077357462825,-0.035228209276017
6.509045765433314,29.83642572431505,34.54335558505381,34.59608485413559,0.05272926908178022
-2.839217590209735,30.121807715369577,34.06663228265366,34.0999112550506,0.03327897239694266
-5.049629946926174,-30.996424922727478,31.321912632986493,31.32077607815404,-0.0011365548324526742
29.953067846537884,-17.45560166239749,33.26559828717413,33.122386837912885,-0.14321144926124418
25.369742387044703,20.25686559823633,34.77918859662894,34.75364087278389,-0.025547723845050996
19.78758445928375,11.54784910335929,34.429009111256725,34.441698553875646,0.01268944261892102
-28.40777805576358,12.598026814576933,32.70258669341432,32.64347659632221,-0.059110097092109015
26.684739279340405,-17.688509297041485,33.15503825427307,33.03894707226118,-0.11609118201189261
7.129083529619109,-7.473999796381044,32.870486367674914,32.85146434560856,-0.01902202206635195
20.32595077116607,1.8446652934158578,33.87557428053067,33.89229237782368,0.016718097293008327
-7.672647797578286,31.34547959944942,34.473527669611904,34.47352743739839,-2.322135159715799e-7
-31.330055524542516,-17.256903086904536,31.00598652390021,31.06814581757111,0.062159293670902116
-8.81004901852679,-12.042609575031179,31.974834717849376,31.95194304621355,-0.022891671635825617
12.793872106004159,-17.245144022155955,32.68234967685552,32.67503702572544,-0.007312651130085612
1.0399192315478274,-18.864368542568414,32.09739741326678,32.09535040725076,-0.0020470060160207026
-21.88142338227201,-11.539408994367797,31.385693915158818,31.3666770198875,-0.019016895271317225
-7.468183434452364,-9.468089647247382,32.130612402244765,32.123704245352364,-0.006908156892400541
-29.715740002468237,-18.172707919376172,30.913769742369173,31.14209392583543,0.22832418346625616
2.3046947400487667,22.772503548303767,33.99628970265019,33.89112428719798,-0.10516541545220548
-7.164963743692105,2.1998490820556,32.609008412561046,32.60901720862733,0.000008796066282457105
-24.82399800993654,-8.112846528581848,31.36110063527998,31.41595303018698,0.05485239490700167
11.509629260124377,-18.568825863770464,32.56849425685588,32.564138435070674,-0.004355821785203773
-3.6669568705557296,8.421927264715073,33.014018711505464,33.023254282444995,0.009235570939530646
-8.685527581067227,-31.796053342319702,31.126647850641685,31.05513169560541,-0.0715161550362744
-12.069028969446805,2.173500781102284,32.37427856564019,32.37384027158608,-0.00043829405410633626
-12.502690256011618,-4.682299325303511,32.09110361996868,32.08241192355547,-0.00869169641320866
-28.597892881790003,-31.082444158397237,30.812826030459412,30.8356869828796,0.022860952420188596
30.370175851676855,-14.552257328775717,33.38278585799108,33.25013285727769,-0.1326530007133897
-26.1077257301518,0.75099802707836,31.665780781778782,31.79135560514607,0.12557482336728754
-7.599755277561911,15.647758671729108,33.122113769452824,33.12276115748456,0.0006473880317372505
-8.636171228641267,18.795599531359706,33.20983438706514,33.20964367841603,-0.00019070864911441276
8.435213987220607,-14.193521643250193,32.62719526594307,32.61454683917451,-0.012648426768564036
15.873609499135924,20.346426136081313,34.79309115379688,34.767775044145125,-0.02531610965175446
29.19297599041615,15.798450500891171,34.49768513241807,34.555861677173475,0.05817654475540479
-14.370581044395657,18.475522488112787,33.061959284171834,33.17056380576402,0.10860452159218426
-15.575391714489491,-30.069153264063353,30.704310340241264,30.726996428088714,0.02268608784745041
11.076616454001488,9.724826497587792,33.776646755885416,33.856446795503906,0.07980003961849036
-15.393726548647123,-3.5233600283068895,31.997400868309597,31.990794946168055,-0.006605922141542209
-16.700519169838216,-11.229048621539775,31.63805903590378,31.6214815296125,-0.01657750629128074
-17.105693261486408,-22.821475194258696,31.10708067511387,31.108987994857138,0.0019073197432675215
19.05744506633961,15.06865745349004,34.7113407274106,34.62071390060235,-0.09062682680825418
31.452641468368917,-9.323040006153335,33.597371663764,33.487710360172485,-0.10966130359151549
-31.053678804871822,9.368985025469982,32.3387248800274,32.23359149828682,-0.10513338174057907
-19.767921009087466,-18.440800591338544,31.170641777986795,31.168237703922074,-0.0024040740647208736
12.75384130116558,12.826402960987224,34.003398619852135,34.15277150327811,0.14937288342597554
3.700074025767101,-19.797841385517962,32.18149182687827,32.17341021736765,-0.008081609510618648
29.73391755057377,-19.33101871023655,33.13934536054397,33.04100687051734,-0.09833849002662731
-26.907288869156574,-29.277501252805173,30.77532637813375,30.832717134228787,0.0573907560950353
20.468935989133023,28.710433243763404,35.09240726576746,35.183320267003076,0.09091300123561297
-24.73824554975525,0.3803242290968569,31.74256965176774,31.82957960566251,0.08700995389476773
19.976169855242034,-17.144373925646867,32.941806399957684,32.909332406014535,-0.03247399394314954
-16.237609994622296,22.484742325709966,33.79765811091818,33.761381181754025,-0.036276929164152705
-15.51476770106219,-8.139817342252805,31.80191223306234,31.80006841000028,-0.0018438230620603235
3.9248889065680146,-16.235839144766516,32.33716795841683,32.32882865906336,-0.00833929935346589
-0.5150222133860609,19.07790614657378,33.62019038036265,33.582468998334924,-0.037721382027726236
2.982261649831365,-23.55577736052755,31.994397450275315,31.986220476321378,-0.008176973953936795
-7.501814004483897,21.04002655685862,33.37398398036879,33.35331875110816,-0.020665229260629303
20.66682365462922,13.682936582996561,34.60794358973916,34.59997657133378,-0.007967018405381054
-19.38176105615345,24.57528123891609,33.734864612393636,33.75113272081579,0.016268108422153205
23.704949494606446,5.28882169170695,34.19985603011052,34.16799416193759,-0.0318618681729248
9.408732825742526,-24.142247167127728,32.20446692254073,32.231061590842685,0.02659466830195356
-20.17631006657367,-12.306459092524513,31.438164194996933,31.418449375735182,-0.01971481926175045
-26.17184432624017,-30.547116487625132,30.749562163163553,30.783688013658608,0.03412585049505523
-12.494545678987173,-29.00704691143398,31.08123677896417,30.971629041102556,-0.10960773786161226
13.704538209169755,-18.696933301867936,32.64375640344458,32.65197783123406,0.008221427789486313
-0.7961329003224122,11.552835260762123,33.2753146163673,33.2917217135571,0.016407097189805597
15.256006405639404,22.837083161991167,34.806793445852726,34.85348875384448,0.046695307991754476
-21.96224422221814,-12.022383602423666,31.364991380721758,31.340398696905687,-0.024592683816070604
4.095195433342077,-21.500574858255774,32.12985528241783,32.12107285316293,-0.008782429254900137
-21.467278056651615,30.618472460360586,33.91074206619731,33.9615897579674,0.05084769177009463
5.823805671619027,12.962781095001269,33.66172967446437,33.707928682937485,0.046199008473116976
-5.535014762434599,26.859703552855613,33.66672789029186,33.771483081637555,0.10475519134569566
9.591023399879312,26.894973557600018,34.572255762702284,34.5922748442911,0.020019081588813492
1.1150149766963438,-13.930180791995035,32.30315163593909,32.30626680714464,0.003115171205550382
-27.977236467601394,13.642650434203219,32.79776761665433,32.73776213396675,-0.06000548268758621
20.55042411563464,29.029341136448224,35.09454339581751,35.193770902061814,0.09922750624430421
20.313577590874893,31.03758150160065,35.21053926973216,35.2738310297711,0.06329176003894332
11.945700547318424,21.551616569915602,34.571591360135635,34.572000762132916,0.0004094019972811225
-3.2576206607048235,1.1291317535767007,32.75457518226524,32.75463790302565,0.00006272076041113905
-27.998148763280668,-18.064466179879965,30.997054816702004,31.10231287760637,0.10525806090436518
-10.566189062515619,5.437075171452314,32.57043208621674,32.570432597572925,5.113561840630609e-7
24.348382055515856,-20.850470813351286,32.91845170728084,32.85723783228654,-0.061213874994294315
7.372121989058357,-1.750357849903338,33.125605424651305,33.121978150448534,-0.0036272742027705362
30.126613461527505,-29.87262246924174,32.65477062883377,32.62033151322915,-0.034439115604619985
1.5561280437720129,2.5114624604769986,33.03735701366587,33.03853870761657,0.001181693950698559
11.898370768141191,-20.13582776708232,32.504033586126965,32.51855594728435,0.01452236115738259
4.367997587472999,-25.060783324796873,31.978043278741843,31.979561869653566,0.0015185909117221286
-6.3020182352515945,2.7933982800188204,32.67289171390218,32.67292611347746,0.00003439957527717752
24.22923691631094,31.01070118048675,35.19915988800324,35.198101763452804,-0.0010581245504326375
17.749076509921238,31.761728523854714,35.30926056149214,35.34980258202153,0.040542020529393596
11.583356914818104,22.2851149657335,34.53406471101779,34.57557717328,0.041512462262211614
-29.08327122093361,-6.955048771674896,31.3505546630734,31.431978057526234,0.08142339445283397
22.884316183207588,-31.191515469627667,32.379755927825734,32.31588530580929,-0.06387062201644511
0.6865971469993184,14.154886580161637,33.46245880954281,33.46700384998534,0.004545040442529569
-23.335748239074256,-3.492210271530226,31.632098636919036,31.68253608051361,0.050437443594574916
-20.811914325775817,4.874749182826136,32.063734056239966,32.079539393781126,0.01580533754115976
15.717370653644586,1.1981844253481597,33.640276143773605,33.64663883158266,0.006362687809058798
-2.825048765585926,-11.348447686287805,32.25591603764781,32.24602670249128,-0.009889335156529455
-5.43449837363422,2.268192679499819,32.694336602192145,32.69426107264983,-0.00007552954231471176
9.147437639562675,23.243630260199723,34.31263886031684,34.421324288800655,0.10868542848381679
21.686758240003783,0.1277764384724449,33.84960526684107,33.85076415845745,0.0011588916163844942
-10.922945237415142,-11.396514459156109,31.901744205626176,31.887110217888317,-0.0146339877378594
9.992450996942246,-26.334995091987103,32.15342122862202,32.13809644749951,-0.015324781122515674
24.69657822869828,-20.70530518850245,32.9369274849032,32.87103146025853,-0.06589602464467248
2.420409920164616,5.022495888952946,33.17503403500054,33.17866765366476,0.0036336186642174084
9.29567642657338,-20.179392327673185,32.40544578960601,32.400514337592746,-0.004931452013266835
14.67798886781349,-26.453464103699574,32.31980446825207,32.28702520223455,-0.03277926601752057
-11.441085011120116,-3.68460938611873,32.179951463651804,32.17307352718763,-0.006877936464171341
26.05093436205403,17.192751049222643,34.64437837269011,34.62410530233154,-0.020273070358570067
-3.370721147732226,22.328909680388485,33.6235502369627,33.56080857218826,-0.06274166477444254
-19.73637175725387,12.21881353755883,32.36141595786397,32.35377171181749,-0.00764424604648184
0.08872672521714975,21.29684510579431,33.75679113657452,33.678903658278195,-0.0778874782963257
8.637213425703308,-6.383126406877643,32.9861146195211,32.96888025307879,-0.017234366442316684
-28.647620419480916,-27.95059130741621,30.878567435163227,30.903311167370884,0.024743732207657132
19.60769595171989,-7.413501978577742,33.41639263952326,33.41488762572405,-0.0015050137992105306
-18.056874866074217,16.264165438326337,32.84026838868375,32.77486574592518,-0.06540264275856345
9.560045850076548,30.149100819842232,34.848121743061036,34.815860612168656,-0.0322611308923797
11.881758250668106,7.476261158047919,33.72042182074518,33.77374741408744,0.05332559334225806
-4.1397662617047715,-5.460657422549524,32.4336113220809,32.44568778685709,0.012076464776193063
23.985373100242256,-4.094632148152201,33.75180910007966,33.65235264496765,-0.09945645511201207
-10.432302579864903,-19.754818586560276,31.53616634053173,31.540706592796095,0.0045402522643662735
3.1791376716885154,12.078172455913034,33.49321648663252,33.49664492742487,0.003428440792347942
-17.559371797015167,-9.747663903699944,31.650100703694328,31.6420201017804,-0.00808060191392812
0.21866321741900663,-4.326658336359671,32.681614437939345,32.687261547095254,0.005647109155908936
9.695869397964017,-5.983399951884223,33.05086506456109,33.03507933861888,-0.015785725942208728
7.92747983927444,-4.483483134902613,33.02374112754532,33.022991132764936,-0.000749994780385066
-11.794733524930948,24.90032608285741,33.86179370972456,33.822683907458504,-0.03910980226605432
-25.17935265227991,11.178525180404876,32.11370767471346,32.11747377916279,0.0037661044493333407
23.836011317062734,-7.203922553113394,33.59494688515788,33.43125194550126,-0.1636949396566223
-18.97031119960105,25.753262324350693,33.7775109538948,33.81760702805598,0.04009607416118399
-18.99027162886466,-16.26469652726533,31.328769328712223,31.298478153980483,-0.030291174731740256
5.915936217381557,-26.08149522746001,31.980195519113458,32.01617836486084,0.03598284574738386
-1.0304605880181938,8.96541451310334,33.16119151465772,33.17609658527818,0.01490507062045765
-20.356397313273312,5.486874747481558,32.107713354103126,32.12282512629962,0.015111772196490847
5.185169862786886,-0.2676034065043851,33.10157296912462,33.09011785274091,-0.011455116383707775
-6.996685443770957,21.404341918958238,33.42511447503427,33.37550289240668,-0.04961158262759113
-6.8417696557471785,-0.22707986517951895,32.53196656343389,32.53120811183932,-0.0007584515945708858
2.1718816814160604,-2.4850554297913874,32.85930962293693,32.85316290590349,-0.006146717033438165
26.523801564260147,-8.206228964938028,33.64847438890909,33.42169973947378,-0.22677464943530623
20.700652447262883,-8.56489943165893,33.408944590308394,33.35941688950238,-0.049527700806017094
11.801502374096202,9.389526710140252,33.7974132502366,33.88365535657311,0.0862421063365062
21.493688683131722,19.576907003589348,34.76847542953537,34.81338216155138,0.0449067320160097
26.028401544545467,-20.44929629017026,32.98838568482399,32.911597333962625,-0.0767883508613636
3.7578303812280254,25.762669364601912,33.94273221966175,34.10787190488684,0.1651396852250926
25.673804923449552,18.30393726201722,34.693016643356295,34.67213779606923,-0.020878847287065128
12.944182111010605,27.539062956007918,34.93578359098334,34.899371052295244,-0.03641253868809713
-30.612568654789385,-23.922911899650067,31.049353426660417,31.042388114554374,-0.006965312106043342
-22.47158015303718,-30.696600124289603,30.706864465747223,30.730768296194107,0.02390383044688349
5.716910231592998,-0.3101184636481875,33.12364769155314,33.112313794066516,-0.01133389748662239
8.043260901510024,6.696664305378306,33.50753550321489,33.501085160178405,-0.00645034303648373
-4.224684009606371,19.284360944709952,33.447502278876634,33.43182661177527,-0.015675667101362478
-25.25493773206511,-0.8799045191036825,31.673596093792387,31.760510516507455,0.08691442271506844
26.057349882361123,-3.277611534346285,33.846872803199695,33.69393480750006,-0.15293799569963795
0.812053151563326,-2.470581862771965,32.80020186091588,32.794388615562646,-0.005813245353230911
-0.5509365249369367,6.202136099897878,33.07823621659073,33.08887368593184,0.010637469341105543
12.966012099403443,-18.24819017541168,32.64003336875816,32.640004088194374,-0.00002928056378692645
-29.083961819400272,-10.117080515290795,31.29198863737217,31.35549447241934,0.06350583504717022
-12.26315062987549,1.485997880864133,32.338457862724795,32.338273976366494,-0.00018388635830035582
12.553999286966842,-17.064374481377243,32.681933748242884,32.67194653692307,-0.009987211319810285
-26.016773130962534,28.23884770541695,33.57657842958783,33.69148147316621,0.11490304357837999
31.045600911493324,-14.809694948648307,33.35892599034549,33.254924640804994,-0.10400134954049634
26.91281926653504,-1.0005696917282307,33.9033916571861,33.849792610500835,-0.05359904668526383
27.589437601424613,-1.140539674731123,33.86679940677871,33.834287232745154,-0.03251217403355611
7.360270315687487,-7.737305623831446,32.86694440787423,32.85004468837397,-0.016899719500258925
-20.812915329486273,-4.888605835896293,31.686303957096026,31.689666617248243,0.0033626601522165345
-0.7890662141933475,-17.18768140228689,32.08279790964354,32.0823044267438,-0.0004934828997420482
17.63537260739148,9.1568092937705,34.075809283545716,34.208722677360775,0.13291339381505907
-29.12073019466888,19.302635257900498,33.27998444872052,33.239813816944626,-0.04017063177589364
4.632169491296388,-6.413124830094411,32.80261959678431,32.788793693334384,-0.013825903449927068
-25.22189567760254,-0.2767597673560971,31.696828800381052,31.793720951699395,0.09689215131834317
23.737617394934112,2.5378513726547354,34.06352094050237,34.055673544365995,-0.007847396136376972
0.4703800612807143,2.6765619051246006,32.99213472394695,32.9959078268428,0.003773102895856084
16.64345278039562,12.782435622800087,34.28348491864077,34.38775922887291,0.1042743102321424
17.17878306672766,-20.253607448454375,32.68555897489385,32.687198071728446,0.0016390968345945112
23.102486264512095,15.14021311775889,34.53808344383762,34.584967479324746,0.04688403548712472
-31.600296081065565,-15.648464494309607,31.25824081107503,31.21429878500066,-0.04394202607436881
-18.68746948079476,-13.768599932307517,31.456788193314384,31.42730453458486,-0.029483658729525075
-9.403292647368893,-10.800369182659054,31.994032455600248,31.980151265983974,-0.01388118961627427
16.764644579983006,-6.851432360471492,33.30936955554069,33.31533240364033,0.005962848099642315
16.85644958100648,14.612388547106484,34.49994983268715,34.506312894128726,0.006363061441575724
12.90293058669878,26.314482202669325,34.840214372734636,34.82999093523313,-0.01022343750150867
-9.711362688656138,14.056851264585276,32.947701342134565,32.954231510323694,0.006530168189129881
-0.3545286188729193,-26.444516052092872,31.72346595047541,31.71864396740789,-0.00482198306752224
-27.737826017147768,8.222954614275139,31.86255566220447,31.96629726620225,0.10374160399777921
-4.314698653253032,29.80495472309753,34.06799312203444,34.07099449225141,0.003001370216971111
-0.5449251461227718,-18.40837617605247,32.04392061755763,32.043593240547104,-0.000327377010528096
-30.96496823901836,-27.557960680069804,30.95267606905761,30.980606718755332,0.027930649697722743
-4.083380965738172,-19.786277632677688,31.825010240332222,31.82516601127142,0.0001557709391981632
6.422624609135724,-5.094106231934198,32.932570393108996,32.92696313972602,-0.005607253382976296
-9.378697427289652,-3.6423055400800664,32.280415353706886,32.27324733214746,-0.007168021559422755
-4.6765647422970105,-11.248630598684898,32.186668622271306,32.16881127735007,-0.017857344921232254
18.103603293251403,-19.4373890837917,32.755921302447334,32.75958296762585,0.003661665178519513
-5.080874432924979,-18.045580426463445,31.851411351115967,31.85235133887493,0.0009399877589615357
7.8183176334080144,8.71082723301361,33.574002793928166,33.58240542937106,0.008402635442891437
-30.953211424751395,-14.635272234160688,31.37578124599957,31.240953445704122,-0.13482780029544728
-3.1413586985469095,13.946542455167155,33.26572271246917,33.27207035280405,0.006347640334880111
-26.80661037798759,-10.293493207021719,31.24968023082689,31.35763254136707,0.10795231054018117
25.389907786626395,-2.9770934786962044,33.849460800713224,33.72084481550688,-0.12861598520634487
-0.827884963863319,-25.215181704017063,31.752094940980832,31.74981970682028,-0.0022752341605531967
-24.636934673263077,27.27137863856295,33.586533613235986,33.63108198082696,0.04454836759097702
19.687941885818148,24.548119614843152,34.99626949487768,35.041552104677926,0.04528260980024612
-13.212732721776781,-11.014204826311072,31.80850445119318,31.794835431681072,-0.013669019512107639
28.143846711183187,27.954827542823693,35.082755470194925,35.08021881575795,-0.0025366544369731514
12.081948677499547,16.350358648395172,34.264276127158624,34.31759430136653,0.05331817420790941
-5.0774403910575785,-26.48666310878575,31.50548459792735,31.500463248406884,-0.005021349520465179
8.44849452887911,-27.19420578037016,32.06026127657813,32.04302959723683,-0.01723167934130032
25.08711484449718,-7.4852386611919925,33.62953514237604,33.418573034494585,-0.21096210788145697
-14.547636334844519,-2.0806388703245133,32.09315367953894,32.0889947702688,-0.0041589092701457275
-5.099211268092752,0.25317486363848474,32.6331847038335,32.63319660048274,0.000011896649240838997
7.665010329527185,15.569397234367685,33.86701793196724,33.98518314633634,0.11816521436909966
26.690052229393594,-8.753221524262067,33.62675455739935,33.4031718826455,-0.22358267475384963
-10.681834645599338,-5.892961270953656,32.12313211617344,32.12085563475505,-0.002276481418384435
-18.885857477216625,2.7585566947560025,32.07097646375568,32.082619261130844,0.011642797375166936
9.050110156960464,-16.2973587481804,32.5691118871969,32.55022214865034,-0.01888973854655518
-7.35037945384709,-29.9467067628172,31.260067885332486,31.258443516482146,-0.0016243688503401188
6.191164634757001,-2.709205648952725,33.02571450033284,33.02482456362781,-0.0008899367050290152
-28.18278197973263,-6.390062619223194,31.352373756156602,31.44817628607954,0.09580252992293836
-2.860792366025926,-8.271014753355708,32.3880185407167,32.37908944091267,-0.00892909980402834
-17.801891677598448,14.448404944001076,32.57089330047189,32.46378965339191,-0.107103647079974
-23.655570014791017,5.10306107573647,31.900261914761632,31.925122308760116,0.024860393998483943
-18.58297698529133,9.36208150774273,32.3377765445431,32.294174729996705,-0.04360181454639189
15.766098146994523,-7.427736324702622,33.23993816307903,33.244888934166205,0.004950771087173678
-0.6850927777962781,0.9433325886520976,32.87060921704447,32.8708696310097,0.00026041396522913374
19.79981240809815,-25.46729607895795,32.54407310771241,32.50694619209429,-0.037126915618117096
7.412814239973478,-20.10659014653462,32.335891614368194,32.32299044986924,-0.012901164498956064
4.150103756104947,-26.118185102848635,31.914721856926874,31.9221239244217,0.007402067494826525
-30.41102221044725,2.1994056486610063,31.549010607286284,31.729729046796468,0.18071843951018352
-26.527441271862834,9.70843497889809,31.984269603542202,32.04348733397818,0.05921773043597511
25.054716979615982,18.517630670754876,34.69156777335805,34.68581579074773,-0.005751982610320283
-9.652727136551555,14.681203507555594,32.97867156108715,32.98258969301505,0.003918131927903801
-20.443822246211653,4.205074933062598,32.05274098763664,32.06998237069866,0.017241383062021498
-10.81980780140303,14.772476358658295,32.92495696712446,32.929054871131406,0.004097904006947317
-20.654529839343688,-6.554564567391125,31.630509399770627,31.630081189903553,-0.00042820986707425845
22.09863812767719,-19.688644119106996,32.89827962780206,32.85367861536219,-0.04460101243986969
-30.921881420440833,9.493390082567124,32.35796605584149,32.248696061768776,-0.10926999407271154
-30.505500636524523,30.03522290516411,33.715632875121855,33.70434346011549,-0.01128941500636671
12.730302544426067,-7.2681503684163715,33.111907968960196,33.114390895588414,0.0024829266282182516
19.95707009973723,16.448028847351416,34.75200209416672,34.731672753486585,-0.020329340680135033
-24.7066897282512,2.053588451440902,31.801542780990843,31.855477225019158,0.05393444402831449
-8.684242530545916,-11.112674964715673,32.01624895575515,31.998171033791508,-0.018077921963644883
24.90449721266974,12.843752429132245,34.417316610284644,34.457421566263505,0.04010495597886177
17.8551642652273,-7.388286393815278,33.337418074469184,33.33892196465102,0.0015038901818371642
31.55806556017575,24.879919343803593,34.996578315485316,34.95978649802164,-0.03679181746367277
16.280977004762335,-15.039484022498392,32.92373173912286,32.922006432937266,-0.00172530618559108
12.770197615370776,-0.942506575200774,33.40374971022601,33.403622574286764,-0.00012713593924473798
24.72869448297599,17.295039346034606,34.62538368942043,34.63898798086066,0.013604291440231009
7.327618804103672,7.123305659409262,33.48941187997384,33.485758549423714,-0.0036533305501222912
3.544365071160648,24.241320412410474,33.903703184223204,34.03168867352895,0.12798548930574327
26.016328028475364,-18.04835098430827,33.11394392511729,33.00916042967027,-0.10478349544702326
28.02779554159715,29.66731496587075,35.16066842760502,35.15420880514638,-0.006459622458635295
18.674435311623583,25.20190214314148,35.059796247279714,35.08540729721486,0.025611049935143626
-11.525694906684379,-11.34587625745479,31.8757123201681,31.86210390064154,-0.01360841952655889
16.553028853834462,-6.0474382451441855,33.333771549261265,33.34255279430498,0.008781245043714137
30.805022527720276,-28.691650863195186,32.72013524042686,32.68380464014577,-0.03633060028109014
-20.57052558434787,-10.928338645014769,31.46826379910529,31.458652808191374,-0.009610990913916595
6.893608910992938,18.561575539674173,34.043429481263054,34.09034944425216,0.046919962989107944
-21.19589118560949,0.3961597473123035,31.87106387329701,31.94294910150087,0.07188522820385757
-3.7713799993428623,-24.17536643672561,31.660325988243617,31.659682897000902,-0.0006430912427148883
9.012561274330515,13.858973042144711,33.85740945677517,33.97033313328344,0.11292367650826662
-14.531320758880206,-15.481400775785303,31.550394829675813,31.549402395121234,-0.0009924345545790914
18.457575839451053,27.702649358214643,35.159042666009555,35.183618241153255,0.024575575143700235
-27.503054238527234,-13.38430680411384,31.211318305004035,31.256860012870856,0.04554170786682121
-31.13814023964899,-21.559673325783095,30.826491096041188,30.92695794939057,0.10046685334938132
-13.195458848184565,-26.284343612438725,31.143740315685005,31.06957411031095,-0.0741662053740555
16.370893850949372,7.6086101708940035,33.94319900887575,34.06559353177318,0.12239452289743014
22.65375030751725,-13.218394513186027,33.24743379120727,33.12989515443101,-0.11753863677625986
5.854097728155104,16.244282381305652,33.807599786011245,33.90507843453173,0.09747864852048593
