x,y,source_reference_height_m,native_height_m,difference_m
-10.286861355834859,-6.211632919940179,37.0899049531221,36.98811951236612,-0.10178544075598239
-20.031647597615446,-3.3168529445482733,36.74245708989575,36.86118361570356,0.11872652580780851
8.188229386262442,16.720211234426827,36.94326421698809,36.948948257545474,0.005684040557383696
1.3124926600730618,-0.18094883152345886,36.91944875970512,36.956049577092706,0.036600817387586915
-13.44968046183304,-17.28140903309731,37.18324150727858,37.12680755734738,-0.0564339499312041
6.6497893686412795,-28.99697292137823,37.364062399986565,37.32671581099677,-0.03734658898979859
-16.688210176673714,21.83967915187371,36.881427419857204,36.972256169815644,0.09082874995844037
-26.239465816590396,29.694025137358878,36.7751210631364,36.79577891925034,0.020657856113935225
-30.84400254020985,23.98483915840481,36.807575470678486,36.82873154519151,0.021156074513022816
7.679517903303925,-18.21381149617492,37.09110268435286,37.16886087039621,0.07775818604334717
22.778757932154107,-9.897621470090549,37.18846101046246,37.19041716274862,0.001956152286162194
-2.8425557158610744,13.026850501734195,37.29250693019967,37.22396315932195,-0.06854377087772434
-10.5245007851249,22.837691278736692,36.8764186399957,36.98717987579091,0.11076123579520925
-31.954366232675056,17.35955199274931,36.896767252296996,36.88960620252576,-0.007161049771234218
-22.81179507247723,14.367273306464305,37.12408645359372,37.03939346583091,-0.08469298776280709
-28.197976036391246,8.103707984489041,36.92869058974949,36.969113223896535,0.04042263414704195
9.897260587953689,-27.642489543654428,37.367726144805935,37.33926995643113,-0.028456188374804015
-10.887431225584557,8.227785262916584,37.2634200492556,37.237570376700866,-0.025849672554734582
-16.578475864876488,0.7482906369157902,36.84462379321297,36.898386957916905,0.053763164703937605
25.74436981135174,-14.336408076074676,37.249723697174886,37.31727195082878,0.0675482536538965
-19.215424649167446,3.5331412526143637,36.86022584873163,37.00944867883104,0.1492228300994114
-9.708911205077158,-0.580965989670176,36.953511374867794,36.905312899694316,-0.04819847517347853
1.724131930798542,12.132004269627132,36.947926831804295,37.14139879797312,0.193471966168822
2.019133773831996,13.090580511209552,36.91923090398991,37.15561560692192,0.23638470293200697
-25.312491439720226,15.982609027612277,37.01084580380743,36.974221514742545,-0.03662428906488202
-11.578806174449944,-28.340591455192595,37.261001711453986,37.21068608543713,-0.0503156260168538
-22.347282091662642,-1.2509144094685212,36.720094568145385,36.79753301844126,0.07743845029587249
13.515639117865476,-14.059402713908156,37.179115513687776,37.13655953111023,-0.04255598257754656
-2.34044728459439,-6.151468686731228,37.088640578018826,37.00992506493755,-0.07871551308127778
-12.761682412435697,-26.51077508948797,37.254266406412825,37.19239507827146,-0.061871328141364756
11.723406049442602,-13.164159755538975,37.11343860685747,37.12178354522095,0.008344938363478605
15.146180097583887,25.18785751919077,36.825393470630736,36.852363685155844,0.026970214525107394
-23.306042792826155,26.121949459770143,36.8759081944538,36.86889885779882,-0.0070093366549812686
8.425322183185386,-30.40483071828651,37.42203185529016,37.38030767386769,-0.0417241814224667
28.66187073091053,29.15681267778409,36.89345150954625,36.80577497134809,-0.0876765381981599
-9.982283438056008,20.958217062900893,36.93246496746218,37.02555017815803,0.09308521069584685
-31.817171124190438,-29.486279419383372,37.00203775776715,37.06873052691285,0.06669276914570332
-4.6405549067625245,-19.483480736395414,37.15979067152255,37.15956410783308,-0.00022656368947338024
-11.878099607232457,-31.487733954392517,37.196579099210204,37.227267551985946,0.030688452775741837
22.033835833603824,-30.58695322596224,37.59512292869674,37.56032898376193,-0.034793944934811805
-23.292188578956818,11.728253347019688,37.17677215673584,37.098210653876095,-0.07856150285974195
3.7943054198160056,-2.867469413609811,36.897746852041166,36.99140749676541,0.0936606447242454
22.57131028213132,-24.657266220508788,37.46877409958162,37.43831186707114,-0.03046223251048019
-5.2678572678834,-17.68896462518645,37.146118539052566,37.1386025975021,-0.0075159415504657545
-5.224615823750199,21.040450420353956,37.06704412197409,37.070210536891,0.003166414916904614
-4.929971596568514,-24.086828919584867,37.22777839738876,37.21167395381328,-0.01610444357547891
30.580597566801735,17.61430845944679,36.87442689507369,36.96219711928992,0.0877702242162286
26.060961124602066,-8.566035763502803,37.202195734783885,37.22915033547424,0.026954600690352493
-7.299915297953838,23.670554583511176,36.95166300790901,36.994744179591216,0.04308117168220349
-4.374997634615845,29.764486487739006,36.81054064284788,36.905318388643515,0.09477774579563203
10.115475607431037,16.30736996240728,36.99998059342389,36.945745306190666,-0.054235287233225904
-9.83144313417965,27.969769355448307,36.73080660222083,36.90697145652246,0.1761648543016321
16.06211476635908,-24.15269179293299,37.367680869577676,37.34312465628606,-0.024556213291617723
-6.69890489437455,5.816010752969262,37.225576877338604,37.14360281409845,-0.08197406324015333
-16.662949268075437,-22.376093842665178,37.19413495593967,37.14323324974168,-0.05090170619799039
-17.46549636413181,31.829358838144657,36.79762289744418,36.805364508609344,0.007741611165165807
4.149454831306208,18.295253845134766,36.87809691491389,37.05110380680697,0.17300689189308116
1.1853791783126724,18.918878413705542,37.16518315977396,37.13147572953841,-0.03370743023555178
-17.622428977800496,22.63098479615349,36.88993859070334,36.954618513812626,0.0646799231092885
-12.729964195607216,26.19653673820065,36.75654678773681,36.92122355071784,0.1646767629810313
0.21337026215481814,-24.61439493391464,37.296499644840225,37.222535503670045,-0.07396414117017969
-4.677870408035204,-14.689726583703155,37.119486328270426,37.10500250328259,-0.014483824987834737
13.450242295331833,-6.820065527427978,37.13159268382409,37.10459958911155,-0.026993094712537413
-3.0971117465825273,0.4650950803594682,36.91874453865559,36.94611516034479,0.027370621689200902
-25.53138127501505,-23.261060656680797,37.152112794355716,37.07274034551258,-0.07937244884313799
31.621521948308278,4.490886091018282,37.12484227373568,37.13855344620869,0.013711172473009015
-12.131859703273726,28.42768056625514,36.73468540076548,36.88785592101514,0.1531705202496596
21.22996422064233,31.144604504705676,36.87585967107975,36.80545499609869,-0.07040467498106295
-3.3783279426928488,-1.8183819106657921,37.00213465858265,36.95378076303687,-0.04835389554578029
-28.397460668041525,25.96398048153126,36.80732647164807,36.83262046776057,0.02529399611250227
-27.745978473441497,20.025292381247098,36.87634579126135,36.90437471426357,0.02802892300221771
-13.194452776543102,-20.328657904818343,37.211932910140945,37.153316228740344,-0.05861668140060061
-18.84197462620409,-16.141864255045782,37.02219071949172,37.06993368299969,0.04774296350797158
16.804171277796883,2.457488003870182,37.0977132542693,37.081309801212306,-0.016403453056994977
-6.767664761009193,-27.476121834471968,37.257284333366194,37.23627835292609,-0.02100598044010127
-29.48754374630652,-9.230645000315945,36.96079917581388,36.81332936482486,-0.14746981098902268
2.3518826932284966,4.286078956743246,36.93687256757269,36.995561917826336,0.05868935025364408
-2.2722379542996762,-11.972386937112297,37.085875101318386,37.07619769319964,-0.009677408118747621
1.3823304740842985,10.854625370656663,36.97580595992153,37.12195668794713,0.14615072802560292
13.31324180384518,6.220059471555544,37.024222662191846,37.031233416100285,0.007010753908438971
11.020773563694057,0.6430654913352996,37.0725521130191,37.05294780810425,-0.01960430491484999
6.6286120650808655,31.325956028842647,36.87618409870674,36.85517474224578,-0.021009356460957918
11.484533918826806,-28.59654643791012,37.44900457865869,37.380556042599366,-0.06844853605932144
21.199006271677547,25.706439629132,36.87230172904344,36.84323837620548,-0.029063352837965795
-30.23583151943358,27.815873136335043,36.767835733006905,36.793177396087245,0.025341663080340027
-2.6938403597829605,21.109802556365636,37.19247233749002,37.09342920280844,-0.09904313468157966
27.850092214421807,21.8742519210902,36.78444597994144,36.89455785196462,0.1101118720231824
14.774596880221871,-0.4671836057566807,37.09951597784053,37.094268144238846,-0.005247833601686125
30.266631761770583,-13.488669426907684,37.297420047405666,37.38670758997193,0.08928754256626092
-4.009993329662201,8.147476794262559,37.25798461011087,37.15755243824999,-0.10043217186087361
-16.6641040053431,8.780265274857229,37.284385400724084,37.24811946726834,-0.036265933455744914
-17.823553575951756,18.783255514517734,36.986050001201086,37.01636640444117,0.030316403240085776
-18.05260754518836,27.6571508523164,36.78675494232816,36.87045140102407,0.08369645869591125
-15.448451380524872,-11.980793949354627,37.06052061823498,37.051543692259614,-0.008976925975368033
-4.726376477942409,21.228439573496296,37.07962754396926,37.07112059829664,-0.008506945672621669
17.57822741430988,21.357742822408667,36.84852808589142,36.87997012198111,0.031442036089693204
-31.21134701930962,-9.497809931728497,36.94617286080529,36.791619326924334,-0.15455353388095716
8.242628576560577,-17.790069734328178,37.08445106688223,37.16548377895542,0.0810327120731884
-12.227745377146206,27.62418077477718,36.730947064138235,36.900477590139644,0.1695305260014095
8.971395441183475,-2.9506069009826987,37.049993394253256,37.044460866935744,-0.005532527317512859
-31.446139798467833,12.93752968852479,36.9197848864536,36.88241249519148,-0.03737239126211733
-13.94427632802983,-2.276470389703107,36.97838071670908,36.91121009875597,-0.06717061795310997
1.8401679677497,1.0163628679159444,36.92932220189443,36.958650462756374,0.029328260861944955
13.815499305140534,-15.342572716582104,37.15687606406759,37.15192398162054,-0.004952082447047701
10.785981736558888,12.141813431380648,37.003082804257005,36.96907589533155,-0.03400690892545555
25.74979610100393,-10.235329748906317,37.207675730009825,37.25060114695848,0.04292541694865548
-23.757577541301444,-1.9282848210194032,36.64318836572312,36.788164588737345,0.14497622301422552
12.963541342216153,19.544311597683183,36.93148220936417,36.881557495664936,-0.04992471369923379
19.386712157858298,1.3173254065407818,37.11873353811773,37.10966535891429,-0.009068179203438831
27.767193059052914,-25.86691473725414,37.5558123246515,37.542235602809114,-0.013576721842383677
25.813845987992828,-4.568073118752871,37.18280406832626,37.17978661937478,-0.003017448951482038
8.132607805507384,11.094246364838021,37.00289519360741,36.98889867321887,-0.013996520388538158
-19.221221068197885,-24.206077973055308,37.20218179950538,37.137675423781936,-0.06450637572344675
30.403404343650656,-22.998025812208887,37.49997801075235,37.54404926895534,0.04407125820299029
29.45287382983021,-23.40525642195786,37.50228090346427,37.533183790050316,0.03090288658604834
6.097342259842641,-22.651309249787047,37.190964904288926,37.21528308225717,0.024318177968247312
-8.679935676659667,15.581244641616514,37.09392499155553,37.14634880305721,0.05242381150167574
-23.808554901187136,-30.123382491931082,37.067659254973215,37.14319533464502,0.07553607967180653
6.2211732330982485,-2.257948201708082,36.92537549773906,37.01384550806859,0.08847001032953017
-15.21509694367736,-23.568664283086143,37.23554793078129,37.159469659647186,-0.07607827113410082
25.58708828617948,22.26516298573435,36.78252563648002,36.87960943689863,0.0970838004186163
11.706902817377951,-14.447528478077324,37.104088695192175,37.13633957490766,0.032250879715483904
-0.260025602515249,-4.776383913667189,37.008174183978866,36.99610384461577,-0.01207033936309898
8.131611020074466,1.1514700688491786,37.03071720944258,37.02246588025001,-0.00825132919256788
22.39793015904256,14.748402193458972,36.897822159169344,36.96417911790774,0.06635695873839609
-4.42808727263332,28.593337675622614,36.7853136029608,36.924153987348696,0.1388403843878976
21.630141158778613,12.648595963327637,36.93443760867117,36.98833837226363,0.0539007635924591
12.505994459470692,-5.009229941269297,37.11107222021505,37.08818943083561,-0.02288278937943744
-20.770575208193925,6.937658793334634,37.1176553232575,37.16503722521193,0.047381901954430816
-21.611555121290102,-13.335605101494515,36.9652416800684,36.98874468778103,0.02350300771262681
16.940311451933695,-2.9062382026333395,37.12317907135772,37.121422723039984,-0.00175634831773408
20.776248174156237,-22.80401716238041,37.37778831719362,37.374780084034924,-0.0030082331586953615
28.029400890198296,5.731509001877967,37.088219403463704,37.106705764123454,0.01848636065975029
-7.822337283514344,9.334692406122798,37.25711236330494,37.21405263362757,-0.04305972967737404
-7.8949892977671965,13.088801066893573,37.170643829089094,37.17768024421128,0.007036415122186668
17.35543827941212,22.489269850438234,36.83739964668189,36.872523958531154,0.03512431184926612
5.8638713860202145,10.688190262569485,36.96956763921604,37.06263819011112,0.09307055089508509
4.904612472515417,31.94667652189944,36.86813762272803,36.86571722151358,-0.0024204012144508624
-13.836032135361044,6.863726445639443,37.246374280765686,37.20411271939624,-0.04226156136944326
-24.954102609349448,21.793821762736442,36.932965541598755,36.91417162848498,-0.018793913113775318
29.27829377938356,3.2444569174878595,37.1394691924087,37.14469548084084,0.005226288432140791
-11.296962623642457,8.67875825871377,37.25838737201515,37.22862495634618,-0.02976241566896931
-18.02175273422843,-6.47825706688112,36.8703254759766,36.93721035046995,0.06688487449334701
-30.493565337485492,6.348174241349341,36.77150134696669,36.82379769487735,0.05229634791066218
-18.289374113474565,-27.771753110958564,37.208845603373206,37.16456428955348,-0.04428131381972378
14.102849856450327,-20.85085183017278,37.26851759539984,37.24596164732409,-0.02255594807575534
28.66848727640992,-27.320434083664615,37.60554809972752,37.582490161356084,-0.023057938371437103
-22.521169935155108,-29.743990723779554,37.10167881010673,37.14917348716559,0.04749467705885735
-31.853656481636484,-2.600016457303745,36.72200098831417,36.68338044891092,-0.038620539403254384
17.429867758229776,14.293172832685663,36.904183041236024,36.94813566220167,0.04395262096564778
-2.853404216300035,2.5965692969118095,37.07562737328227,37.03264972519362,-0.042977648088651677
-2.307216343728278,-11.650440269503044,37.08353950306261,37.072504943764834,-0.011034559297776525
13.087560764855837,17.883169600925008,36.95520136572588,36.90374721516901,-0.05145415055686442
16.79455348087913,2.097629194570068,37.10010504966306,37.08541416413795,-0.014690885525105557
15.223310085400072,17.938411853731374,36.936872417587516,36.903008620029375,-0.03386379755814062
3.509162970162947,-26.834582551671083,37.299442022222344,37.2562356066363,-0.04320641558604166
30.62267370861956,9.461104463984263,37.02772936946546,37.069135902346524,0.04140653288106222
30.82071967644098,-25.604709694353446,37.56995610325723,37.59417055125568,0.024214447998446076
6.880902074327757,7.896903759762175,37.02487112544597,37.01600485937571,-0.008866266070256756
30.489358824153115,-15.152406443824844,37.32621612233448,37.417894878270594,0.09167875593611541
7.292677294642665,-31.77688594851078,37.44774459366065,37.395496281879545,-0.05224831178110634
16.86499938425473,-7.891196623522731,37.144754501258966,37.139673858720705,-0.005080642538260349
15.387853064802755,24.175001081159976,36.8158223361816,36.860493009607616,0.044670673426018936
18.476500944040225,4.024224695687813,37.084969875464395,37.07301934500234,-0.011950530462051745
-5.814397254354915,-24.796281670431142,37.22513153592007,37.21897010640359,-0.006161429516481576
-31.383681295277448,-23.186740353201458,37.11526413934348,36.9849894421189,-0.13027469722457852
5.498055818395713,-6.007104072581647,36.9525840047917,37.024419576860254,0.07183557206855085
-22.962839076005388,28.943408565154733,36.80872148787977,36.824611274958635,0.015889787078862128
17.323276950391566,5.341492417718328,37.055804942733694,37.05101324600368,-0.004791696730016781
17.71454764013655,-10.794428433713165,37.16269208141456,37.15555207401223,-0.007140007402334447
23.4479912049497,18.93914388117406,36.831242657509286,36.913867796602375,0.08262513909308922
19.311776517113053,26.24648218079252,36.881472698085716,36.84291243493348,-0.0385602631522346
28.460153612260356,-15.170240126408956,37.29908838903643,37.380835174483764,0.08174678544733638
22.61518872182109,-17.032068888442055,37.25205005824958,37.303564189000966,0.05151413075138578
13.677545031839962,-27.598345843952764,37.44741292316729,37.387217260955396,-0.060195662211896206
30.10165737260983,5.596009192902962,37.09808302202367,37.1174813288427,0.019398306819027766
-9.05717276297981,-15.656170264799009,37.14891925447764,37.11216391059448,-0.03675534388315782
25.634015207616656,-20.186569905981877,37.37226554401978,37.41048868369696,0.03822313967717861
18.84734434383771,-18.3321886420442,37.226823143197706,37.25537987815704,0.02855673495933786
-31.955826044469582,-12.880625213324755,36.975564913210796,36.829008275082,-0.14655663812879283
-19.639429155740288,-2.235597135576171,36.809524060475624,36.85022858763843,0.040704527162809256
-24.263090330356995,31.21660242135526,36.7662847200613,36.78094727820421,0.014662558142909177
16.103568035165146,2.1783850096049875,37.09553326588879,37.08042088553303,-0.01511238035575957
8.099125633154948,-3.954700546194225,37.00621545513668,37.03933996943599,0.03312451429930974
13.369921780001043,-17.833114400789626,37.15243119641882,37.179112100870235,0.026680904451417575
-2.163655749521716,-16.10140527358506,37.13610589075244,37.1232602862062,-0.01284560454624284
28.945990844090886,29.777801236570284,36.86434590929801,36.800951895516384,-0.06339401378162535
-21.744173462024555,13.46199257741786,37.13737361477335,37.07243324402383,-0.0649403707495253
-15.123672255635661,-1.7332493348973514,36.93132875608114,36.89743151057546,-0.03389724550568474
19.11549018334867,-29.332746276733168,37.47773282149599,37.49529388576602,0.01756106427002635
5.230226861172703,-18.40822943431992,37.17380013051664,37.16479606614714,-0.009004064369499076
-1.7639578002208225,26.06733752811852,36.81714196786266,36.998387323357356,0.18124535549469556
8.995122213743187,20.445222076372076,36.90002973271417,36.88231813859862,-0.017711594115546347
21.052154823077437,-5.474353807959403,37.15868346168112,37.15521023636543,-0.003473225315694606
-4.422246007922169,17.4223009669074,37.164598162805014,37.1540147811177,-0.010583381687311544
4.19107813420537,-18.13203488379571,37.229963141144445,37.15899153452207,-0.07097160662237201
19.69119845239817,31.5177739897063,36.84585011483372,36.80565514575144,-0.040194969082286036
-4.809615689032839,-18.01205470150537,37.145957402148795,37.14267870850172,-0.00327869364707567
25.832929909757205,-11.12389196030098,37.212494039621134,37.266598232130114,0.05410419250898002
-7.476675078575553,-23.415664079590016,37.20098703634665,37.201811088211585,0.0008240518649316186
-30.628759716268718,4.932849033577611,36.70638717125028,36.79392064623046,0.08753347498018371
15.978172155004842,16.715531266973578,36.92180844058504,36.914936412292576,-0.006872028292463028
24.12625452062833,-12.06405062897533,37.20607905012919,37.25049169657332,0.04441264644412968
-7.826146497928207,15.418896623435344,37.10741858165709,37.15621555372256,0.048796972065467514
28.97033642247351,29.141025899782058,36.884411989357105,36.80532539805453,-0.07908659130257689
-27.79462145125118,31.686764586518166,36.74283802942429,36.75539938158546,0.012561352161171158
19.228949713664456,-2.841695221007555,37.13658297587759,37.134626436646556,-0.001956539231031229
28.181897054806974,27.10041244059955,36.94794521478836,36.82756908993772,-0.12037612485064386
-28.144798084113695,-22.43679590489264,37.1618607488232,37.02223181976784,-0.1396289290553625
-17.080891760220396,14.50581166530938,37.11427647280563,37.09645298642383,-0.017823486381800535
-24.416477976539234,-23.497970710617437,37.192041356758644,37.09264562576823,-0.0993957309904161
10.099861904895135,17.50435800313454,36.97646628241277,36.9257777284468,-0.05068855396596916
-0.5925365467602504,-25.60716839486107,37.29769551855666,37.23276307101313,-0.06493244754352645
18.45798223972963,-31.260879075469703,37.520168365325404,37.52872426511797,0.008555899792568766
30.5148630557169,-15.155094601098028,37.326610919272085,37.418408082093414,0.09179716282132944
13.197272067355556,-11.863719942893184,37.16317536623065,37.120936158972036,-0.042239207258610634
25.651181568846873,10.305470075275707,36.9933486876933,37.03648507114154,0.043136383448242555
-31.566603870416493,14.668172640289768,36.91079247392267,36.90440683349727,-0.006385640425399686
29.332052139752506,10.738740838121217,36.99895982691636,37.046800713632905,0.04784088671654274
15.27023694481187,18.289866453837398,36.9308719891452,36.90078450753721,-0.030087481607992572
-8.102428288091424,19.64942939271159,37.002493702370145,37.071363306944164,0.0688696045740187
11.163086696046506,24.176742922272062,36.82984465029954,36.841205429027454,0.01136077872791219
-10.641406943815554,24.5360647676955,36.832610165462334,36.958883320823894,0.12627315536155947
-14.393694331888803,22.668152792699857,36.847164821484775,36.9703576800139,0.12319285852912287
-0.36445643308417885,-7.475712567622573,37.07779202996217,37.02671733107776,-0.05107469888440619
-9.780388554891388,-0.777592789938069,36.961461623723196,36.90796411914613,-0.05349750457706648
-23.108558827622588,6.539179106997274,37.07944510241984,37.115727050093426,0.0362819476735865
-14.592592052696865,-8.105047222268531,37.02481625487277,36.996692629441185,-0.028123625431582866
26.072622198679248,-9.75265491556938,37.207446173572365,37.24868461518855,0.04123844161618706
-19.051347426641975,-7.928466728239762,36.858410231634544,36.94488543367632,0.08647520204177539
-30.891560769118215,-0.07516467532472149,36.634813617656675,36.660590435286906,0.025776817630230653
9.583282876118986,4.101323898880416,37.045913715469965,37.03117071375902,-0.014743001710947112
-14.974708488472025,-28.17453937362913,37.26851646594208,37.18806165220606,-0.0804548137360186
-6.289147503563235,-12.0544737018187,37.10782635353092,37.07361663429257,-0.0342097192383477
1.1812589268209166,19.67158960509883,37.17364261194007,37.11578776678097,-0.057854845159099
-13.661275567755595,24.166368793303995,36.80108250321764,36.94962590149746,0.14854339827981988
-6.076400002168164,-28.89803536746841,37.28596798390659,37.24903890777005,-0.03692907613653773
-0.7134872334193929,21.015496562388726,37.203615462594875,37.114718071664,-0.08889739093087456
-25.75537872591319,-5.060261107479306,36.83039072905943,36.80788712457743,-0.02250360448200439
15.010210810636785,-17.47226361785126,37.18231295830601,37.18421633605087,0.0019033777448669298
-8.151486417520239,-23.400718457221892,37.204714227690744,37.20105062183557,-0.0036636058551735573
-18.851090569624567,-18.901636554409862,37.08242110537565,37.1088714123758,0.026450307000146722
-3.031347936865423,6.08662225306184,37.189190186387115,37.103656007023865,-0.08553417936325047
-29.581258451641432,-16.470705085566983,37.06007049565645,36.915564575722236,-0.14450591993421114
9.982526503682955,30.422584842909473,36.88122955150205,36.835501659986626,-0.04572789151542622
29.34793451921005,22.276940057815033,36.79837359563835,36.8957914066858,0.09741781104744973
-8.38931788502655,-19.738828590881553,37.178739241835416,37.15918852207188,-0.019550719763536506
-12.848011837596573,21.55769282562354,36.886584506382945,36.99629707585418,0.10971256947123464
26.293991820032524,-4.936063488345205,37.18744517656758,37.183987440023984,-0.003457736543595047
17.409204184935632,-21.249126321073945,37.30000082884358,37.29740007662596,-0.0026007522176172415
-11.793515991547395,-12.757214646084272,37.148002373873226,37.0767939901066,-0.0712083837666242
27.511508985365417,1.0909155496361294,37.16702144937165,37.16001640424635,-0.007005045125303866
-30.37788865000875,21.300834960400024,36.864491292051305,36.86295290483616,-0.0015383872151417677
28.050214168192618,30.72349921055303,36.84269331289387,36.79601471104694,-0.04667860184692785
14.988745658049773,18.022735425201333,36.94053477725296,36.90135342505252,-0.03918135220043695
-20.666966237229722,-25.05308124848728,37.22386985933353,37.13343494257252,-0.09043491676101212
-31.84400573846319,28.03219555533733,36.774194125986966,36.77402605121829,-0.00016807476867342075
-24.017537925172228,-30.619158527063618,37.059136504675394,37.14477575207352,0.08563924739812734
30.40519788853222,-2.3736369729419025,37.20014781325954,37.2082914506015,0.00814363734195922
-23.745415262983556,-20.457570548231963,37.14601091678237,37.059070014888626,-0.08694090189374748
25.39057216951756,-4.616381660111102,37.18065909864243,37.17748104272133,-0.0031780559210972115
1.7669870054706323,17.049401731300556,37.07321029079503,37.1508910764445,0.0776807856494699
-7.124661101438058,30.45678199116759,36.83075499535967,36.880105146943045,0.049350151583375634
-25.938029617504284,-2.86413541918197,36.70397993314037,36.77198776888486,0.06800783574449554
-22.473418041664935,-16.692215142728124,37.048436517182445,37.024019824488136,-0.02441669269430946
17.959594096947967,-30.6425678489568,37.5088722225131,37.50882809934407,-0.000044123169026022424
9.337817211653942,-10.47132176600541,37.030556504933486,37.08503944169317,0.0544829367596833
-2.6410097109565953,6.271481535852544,37.177337899410006,37.100093497906045,-0.07724440150396106
-12.464495175677833,7.457751108329582,37.26042818171971,37.2257386821583,-0.03468949956140932
-7.486551080046176,1.6163544565202486,36.90460933370779,36.97166199222663,0.06705265851883979
-12.071516899787312,-25.45535472321197,37.2426150207537,37.190594288762725,-0.052020731990978675
29.192949393333755,-11.434589291802986,37.245572563362465,37.333502131678216,0.08792956831575083
-13.298237068903262,21.852314895859244,36.87206509507594,36.98921178809997,0.1171466930240328
-3.4086770694661084,-9.03111122120498,37.07067084549401,37.04174629770542,-0.02892454778858422
-26.29300999393007,16.02867896940024,36.92615580362027,36.96325303196054,0.03709722834027218
-21.9874695528811,-29.30412261301211,37.120436095711696,37.149991601951825,0.029555506240129148
26.856820668018848,2.384295037420685,37.14712563991784,37.141215410054436,-0.00591022986340306
5.150319503845182,29.84469089399434,36.84293652292746,36.85867751250128,0.015740989573821196
21.424890829910396,-15.94049735732451,37.21614981192979,37.263883119436976,0.04773330750718685
16.717705109510284,-3.156132187496837,37.1229309873393,37.12105201322148,-0.0018789741178224517
9.12974913368884,15.12473403090518,36.974611900122866,36.960992188124294,-0.01361971199857237
2.575022319811197,7.922026783692317,36.96997545103622,37.05816557336135,0.08819012232513046
22.754762839453242,-16.91970913298956,37.25112402035387,37.304303867835166,0.053179847481295894
19.201828226345853,-17.72149260894868,37.218236843182574,37.25196170233062,0.03372485914804457
21.036015507249573,4.709420811089238,37.08165513160022,37.080133912976876,-0.0015212186233455327
-17.652988658610518,-18.393824393294842,37.09053477733941,37.113525915611966,0.022991138272558942
10.423740776947213,24.800521179184685,36.81130212403378,36.83350470161423,0.022202577580451077
-26.74276285127292,-7.822059299576843,36.902255798506665,36.83382604899071,-0.06842974951595693
5.039092595073974,-1.6194610636233122,36.89844549806763,36.99940873480091,0.10096323673327845
30.0982124888044,-11.307300050738185,37.25698781774551,37.348092202573135,0.09110438482762362
16.5986684814025,-11.332498231761228,37.16786939635135,37.15101404569734,-0.016855350654012113
-14.327908577812629,-1.2906216525005831,36.95177997480775,36.89443924488885,-0.0573407299188986
-4.364727600809097,-26.0076198230702,37.275054646971036,37.23401753883672,-0.0410371081343186
-21.707438357797052,2.5683604759226384,36.7586058843689,36.92405725070133,0.16545136633243374
15.240216779980464,-22.10625519735207,37.30731084848399,37.287981355133404,-0.019329493350589644
18.07026036698968,29.016633854550626,36.92745586734306,36.825944755718886,-0.10151111162417692
17.313227866027944,-30.611054934121903,37.52571122259684,37.499780330333884,-0.02593089226295575
19.597716985547116,2.273852366946585,37.114231317968105,37.09984516929727,-0.014386148670837429
5.897861912979501,-17.100915452958617,37.136623206018115,37.151636184429414,0.015012978411299116
-5.965384368476478,13.698135658522688,37.1818322321763,37.19070521365139,0.008872981475093411
-8.837461453974768,-14.638000383442517,37.14049170521057,37.10077447558943,-0.03971722962113944
29.47688979454923,-16.101269477184466,37.32724859850198,37.414707796456334,0.08745919795435242
5.571123342966146,22.76895056656396,36.83923440195273,36.92398585157401,0.08475144962127956
14.040976385641017,-6.758271327419017,37.123269223492585,37.11038596440654,-0.012883259086045484
-29.013680333873367,-27.387243235932786,37.104710044736954,37.080214778868786,-0.024495265868168303
-6.386946441524657,5.392695484245962,37.213683339868325,37.12810605139296,-0.08557728847536339
-21.19675793094556,10.28774730798446,37.24136219366369,37.15566497480292,-0.08569721886077275
17.199502300450533,30.133978064497178,36.87365569897441,36.81977142925798,-0.05388426971642701
1.1201609485119945,-17.97620398070371,37.25250043581222,37.149349732711066,-0.10315070310115715
0.02339622408666031,8.502888027051576,37.09589848339261,37.093231042061014,-0.00266744133159591
-11.492172836622778,26.531775324757525,36.769680989621946,36.92202129002949,0.15234030040754476
-9.746477664993918,-23.757864114316675,37.21678501135562,37.19544365655727,-0.02134135479834498
10.40232508615695,13.8371138072892,37.01449806993151,36.96155402813168,-0.05294404179983303
18.461837309426727,-18.557174770430912,37.23188544534025,37.25246857144758,0.020583126107332816
1.6812097864461748,26.07101783695233,36.79324426631178,36.966963692840366,0.17371942652858507
-8.879801944442562,27.68175403840644,36.75506129813263,36.91648738990475,0.16142609177212108
-0.27097084273950145,28.917555881243146,36.82082707076306,36.953089360777184,0.13226229001412548
-16.09263943611849,13.102572436075086,37.150749482318865,37.14414648802167,-0.006602994297196574
-29.39106459550142,8.568124734472903,36.91957731547396,36.91596161563905,-0.0036156998349099467
30.985487636006354,28.159832187584335,36.94297248751012,36.82587540921272,-0.11709707829739813
0.08192297192680797,-18.895591929705525,37.24915373513654,37.15714728581596,-0.09200644932057855
-29.761229850729727,1.958968123524805,36.6655179349271,36.77939547602543,0.11387754109832571
-17.402961613757384,-27.622240300151745,37.219318335937714,37.169336781475685,-0.04998155446202901
-28.829750389129025,20.67666729674103,36.87433113947586,36.88593843175536,0.011607292279499859
-16.65803801909918,-7.976645483618547,36.946254560483496,36.97897389839126,0.03271933790776416
-11.213342132020735,8.009769420428896,37.268350892321806,37.24523471469314,-0.02311617762866547
-9.373228210750746,27.547911689513832,36.75594470286977,36.91617272274787,0.16022801987810453
9.004331517508085,14.96345549994983,36.9696064557088,36.96255782234587,-0.007048633362927603
14.17111932147894,19.680083288007154,36.91439496922664,36.886125154093705,-0.028269815132937026
19.260089293359897,20.43393402789897,36.86627220710488,36.88333067083723,0.017058463732354312
-15.51663538486956,9.122481322624374,37.23761342041009,37.244154966686295,0.006541546276203292
4.012913850788159,4.009709170806829,36.95626944011132,36.97461153469012,0.01834209457879865
-27.082408245362096,-19.970536129379504,37.09754996376422,37.00267012621731,-0.09487983754691243
-0.9811222834888795,9.101651579680407,37.1439661774165,37.12135412886683,-0.022612048549675023
19.86243371125036,16.82764143681421,36.871903536935505,36.925940516369955,0.05403697943444996
30.528007364003066,17.385955764079753,36.8784548592533,36.964958673701474,0.08650381444817157
23.768528165803133,-17.100644897815656,37.26688470477879,37.325909346294374,0.05902464151558462
-9.4846042797518,27.626031826261745,36.75119187414495,36.91433454666787,0.16314267252291614
17.84192752460362,10.134463692463676,36.96781326132262,36.99864158776293,0.030828326440314413
-21.588807705502084,-10.106120109138942,36.89339974865308,36.942592691762115,0.049192943109034104
23.124412692858733,-10.86549385860058,37.195073561151474,37.212537543013276,0.01746398186180187
-14.095171313481934,-7.509883688639562,37.032702582042596,36.98998524298926,-0.04271733905333264
-17.30697110779056,-19.84054993434421,37.12818824830489,37.1242312900521,-0.00395695825278608
13.900110287926871,-16.416954286107682,37.125181178003075,37.16436188761729,0.03918070961421449
-5.388980669589557,-21.968210363139313,37.18587900191017,37.18717303479482,0.0012940328846440252
-4.137993596533924,-23.499631027317207,37.23862577663671,37.20568755853876,-0.0329382180979465
-4.255145429628641,-26.47292481053438,37.280217618204304,37.2394062674689,-0.040811350735403096
-8.382828065302647,17.981493562847007,37.03188889593321,37.103656061543504,0.0717671656102965
2.4717472222021115,-29.866825035397746,37.35903426906917,37.29158167420714,-0.06745259486203281
-20.511089687568962,-26.698470498552723,37.26108645100834,37.14409531742074,-0.11699113358759661
18.099943834165423,27.867386441031144,36.929953579328455,36.83386385836592,-0.09608972096253154
16.760086430939253,7.927108482321586,37.00537045327047,37.01780831595492,0.012437862684450351
28.25647298665497,-26.05577576700344,37.56612628871089,37.55431630511714,-0.011809983593749962
-18.12249815077297,-13.833956222535974,36.99500943851786,37.047520892153365,0.05251145363550336
-6.759012985286589,-11.129270378837454,37.10369978778411,37.06268131419715,-0.0410184735869592
-18.18409194580861,-30.54994832467314,37.13758887642501,37.181557360252924,0.04396848382791063
4.533435420200384,29.362754618553026,36.82986402815692,36.86051371867249,0.03064969051557398
16.61993434060976,1.2297449246164547,37.10279992689812,37.0944231885602,-0.008376738337922518
17.70322139305538,22.64206189549011,36.83061327241014,36.87083360682513,0.04022033441498962
27.979041440454097,0.5462673741615447,37.17268960562787,37.16906065194892,-0.0036289536789553267
-26.196023505129254,-9.743742188864886,36.93851887109076,36.8694287119084,-0.06909015918235895
-22.43184833437701,11.770006247492702,37.18112882023158,37.10618055689871,-0.07494826333287108
-8.237938557056594,-5.795064386598057,37.10110414296147,36.991397203385254,-0.10970693957621336
23.369522524744923,-23.464788432840813,37.442708721759544,37.422702346078175,-0.020006375681369093
-31.065207416710834,26.042551104525636,36.78794139430134,36.80391649488233,0.015975100580988055
-9.18496113137602,17.5462577999101,37.03485368584947,37.104975215170974,0.07012152932150428
26.42809253212951,-7.136726770759722,37.198115600340145,37.212636910905935,0.014521310565790202
-14.080762452367097,-7.251854543850094,37.02860551945709,36.986133966889255,-0.042471552567832305
-24.494055870236167,22.375623903744604,36.940892498791,36.9126099054072,-0.028282593383799792
27.074597806666922,22.17217970719914,36.78253794674774,36.887288306181574,0.10475035943383659
-9.779909279174504,9.186293021484914,37.261804911010074,37.20594816297918,-0.05585674803089091
0.8348349201890315,-31.252461921103944,37.32492550880815,37.30054172356395,-0.024383785244197043
-7.872762605148331,15.54167120794515,37.10353017172128,37.15459468812433,0.05106451640304499
-29.619432598336743,-29.811564475257434,37.02622565280695,37.10431905847774,0.07809340567079204
-26.538932361170936,-13.063086032181168,37.015316383656334,36.91185748323575,-0.10345890042058414
-22.420189742167437,-11.345555535507643,36.93022402187226,36.94828420304609,0.018060181173829903
-23.248400426581597,-18.273301513262297,37.091993704105406,37.035169696589826,-0.05682400751557992
28.225076574605275,19.631666437057753,36.82781589983854,36.92555054396072,0.09773464412217692
3.5695256950789656,-11.101733903397474,37.141920185226084,37.07742913274478,-0.06449105248130138
23.808788972503585,4.539781765345673,37.094979837186955,37.09838540855165,0.0034055713646949926
-1.7754250905279605,30.558452090293926,36.87144113504249,36.90552716075628,0.03408602571379049
31.386621862545688,-1.7747732495689377,37.20333182201493,37.216605535627025,0.01327371361209373
16.889406819044268,10.176388700273755,36.96322545641754,36.992560770714974,0.029335314297433968
17.69787980556579,-17.274789509786935,37.19478229412138,37.21700676687741,0.022224472756029456
15.763207069836149,-28.393112512313515,37.48119344742969,37.43148668860882,-0.04970675882086795
14.352489057196124,10.678536123131934,36.94847224614173,36.98039676230311,0.03192451616137504
-5.14782024514507,-8.098889074303493,37.07357781485352,37.029620520505695,-0.0439572943478268
23.991052413358183,25.56615464912815,36.904331407705726,36.83915101962246,-0.0651803880832631
-21.00256521695932,0.6914757684444481,36.757079980159006,36.83405461472277,0.07697463456376141
4.855343452807176,-21.82020855427988,37.20162730921283,37.20264668990275,0.0010193806899181368
-5.101085900089892,-11.516665146309485,37.097221712739255,37.06853861587669,-0.028683096862565094
-28.996946142112776,29.019679487541495,36.75020141323734,36.79281943851503,0.04261802527769021
-14.272274632687385,-14.191798264488774,37.130210727825755,37.0906366488012,-0.03957407902455401
-28.45767565054375,-15.586913860345959,37.048595617808225,36.91955838405252,-0.12903723375570308
-5.879910569291091,-10.961194961002931,37.09800679046225,37.06153867093328,-0.03646811952896911
-30.17369285017736,11.724256844099997,36.92460081174154,36.927432549963854,0.0028317382223121967
-22.116621258775332,-7.097753301033599,36.83343491507,36.889546719465265,0.05611180439526464
-24.988721975053103,-24.915665544365346,37.16856850614816,37.10446001884825,-0.06410848729991159
28.58460322295163,-4.290292439044428,37.19795984097059,37.20598667684565,0.008026835875057259
-19.890085311286448,5.102301973342271,37.032524116173875,37.0816604253156,0.049136309141722734
3.8414494677684488,-16.052295395261396,37.24607886123718,37.13443857438225,-0.11164028685492866
-6.242316496650361,28.393986445491144,36.765793870808835,36.91822136884363,0.15242749803479683
7.03137869950428,29.520282127575825,36.84333594960387,36.84814496001587,0.004809010412003545
16.50763637525936,8.86413217465249,36.98661143568307,37.005490835435225,0.01887939975215147
-14.968088009766653,-26.107738146853798,37.25548035708988,37.175961400550506,-0.07951895653937413
18.492799926120014,27.21752872032362,36.908596503873774,36.83766019463666,-0.07093630923711203
-21.69555109625753,-14.432089202406395,36.99059368443967,37.00319392609613,0.012600241656457456
-22.158223947789686,7.105623171512285,37.1173828504096,37.15714607526356,0.03976322485396366
-28.55816256596735,22.787565064661344,36.862272533996425,36.86568518532299,0.0034126513265633207
-18.264014733698552,-5.829868367414086,36.850338629248796,36.923986420479174,0.07364779123037835
20.15334071975738,-9.861520842801745,37.1732279158672,37.16638157988908,-0.0068463359781247846
-11.767105084359976,20.431045853747506,36.930026075112934,37.02014759502117,0.09012151990823725
26.29959582013599,-2.180710977994835,37.17470167391299,37.173687791610774,-0.0010138823022174392
-19.208682587506686,11.39712701880699,37.17897628540245,37.15084551441643,-0.02813077098601724
-24.3230407275926,31.45245054530318,36.7637088130726,36.7767965067963,0.013087693723704774
23.62634174606753,-25.057264956615946,37.49086748694612,37.46066130914614,-0.03020617779998247
19.675854292857387,22.14345651041235,36.81935884083453,36.87071728455321,0.05135844371867648
25.433305336921016,20.61173170993567,36.805035125335195,36.900591057980286,0.09555593264509099
-0.9814367926242156,3.7634771831477636,37.11464632869563,37.02627342099528,-0.08837290770034656
10.526074866187479,-31.376526808000584,37.51215638326198,37.428620551655314,-0.08353583160666744
-10.727128235405026,-19.333863036041237,37.18369831613704,37.15253645482898,-0.03116186130805687
19.7536594849877,10.110000686451365,36.974951942657896,37.01015586653721,0.03520392387931537
10.644603069896782,16.531939409285407,36.99855970969509,36.93920584877752,-0.05935386091756811
21.055516201808572,15.47193535958283,36.87925528394116,36.94887424488707,0.06961896094590969
4.313239347597481,-14.222183709615571,37.228901485188686,37.114830015525094,-0.1140714696635925
-1.7405533519678045,30.42318531533632,36.86542831621891,36.907910238199236,0.04248192198032541
-2.007338656889303,29.712357674856776,36.8373215192798,36.91946893692334,0.08214741764354017
-31.982098456290622,-11.908070822248035,36.95671416649579,36.81469943025962,-0.14201473623617034
-2.636802569174158,25.74346233809819,36.848468144010866,36.996678465850486,0.14821032183962046
10.417770199515964,14.649528402087412,37.01275360314425,36.956903109190804,-0.05585049395344299
26.819006471077763,-23.201293702516168,37.47002735400094,37.48138340095237,0.01135604695142689
25.396928575424994,21.588711669760613,36.79256607937506,36.88764071507357,0.09507463569851637
16.923871903707862,-29.71571232918901,37.516466615801455,37.47526933591408,-0.04119727988737765
5.337576360389363,-15.548467877134364,37.17579247148487,37.132541361525895,-0.04325110995897319
-13.148369029551127,13.61186282982365,37.10693849630884,37.12149070507856,0.014552208769714525
25.729524139416597,-19.109253242234892,37.34243348587542,37.39470658304127,0.05227309716585182
-23.750159080142453,-8.810692089954678,36.889836356158824,36.89230379916287,0.002467443004043446
14.482518175222069,-19.22164817651818,37.22602858914088,37.215438426731204,-0.010590162409677362
7.138412243187815,-21.336905286832653,37.16543686390713,37.202999479010884,0.03756261510375225
-18.490126909687703,-2.624383049463802,36.825329082130786,36.87215167375996,0.046822591629172905
15.235706779563579,22.501077809386203,36.85899619754785,36.87141168487914,0.012415487331288944
19.76821022651319,-20.57624959927582,37.296016984099516,37.313284648589764,0.01726766449024808
-8.455733128312012,9.956528515341475,37.25250521708517,37.201969581103214,-0.05053563598195865
-28.315153241021925,13.077649736453715,36.914243093466965,37.01314493504636,0.09890184157939785
11.689996643742319,-19.76223676598027,37.165508871687756,37.19675105961261,0.031242187924853226
29.27581696624882,22.625609069235267,36.8040329182757,36.890912761196844,0.08687984292114237
-1.1266871981786508,-0.4270098397523512,36.94602233840917,36.94320386569978,-0.0028184727093929496
-5.932942694376621,9.589917586884802,37.2477417095998,37.21701771308638,-0.030723996513422946
16.98941010163179,15.640322298307154,36.89759208850667,36.929007280035506,0.03141519152883632
15.769630174005627,-22.123819639755986,37.3109598314046,37.29521266754089,-0.015747163863714775
-10.020481856464926,5.710926251433172,37.18200177524757,37.12382297424586,-0.058178801001709246
-8.300637893129341,-11.47053401933173,37.121517997964,37.06521426631341,-0.056303731650587
11.729068662181184,1.774003310008034,37.0715038923948,37.05783100516908,-0.013672887225723684
14.385116931867216,13.190171311281524,36.93899652735592,36.95137841210396,0.012381884748045024
4.999978054671402,-19.82463508909229,37.2105467013715,37.180317667903516,-0.030229033467982447
1.6185640597129947,0.15594237503552932,36.92087170065352,36.95816749020982,0.0372957895562962
4.882475549339354,4.111708409192758,36.97165899501059,36.983259821064934,0.011600826054340985
-1.4133200098822556,28.23685154795605,36.79900489468805,36.95624624739657,0.15724135270851747
-21.861140425653005,-6.850230399243344,36.82504004485658,36.88934822950597,0.06430818464939136
-3.9170513393476654,-0.008315511281026033,36.912935658361164,36.923765113674385,0.010829455313221104
-14.774711946089589,16.869140456878448,37.01110590207854,37.06469460893118,0.05358870685263639
26.25530161384207,8.539129291593973,37.02877735092241,37.06223724222332,0.03345989130090743
-30.49315802753363,17.602385745072723,36.89317507676723,36.90220156900089,0.0090264922336587
2.140195737100896,-19.68583040868146,37.27399051032395,37.171410572475075,-0.10257993784887276
19.413987691841818,-12.412106774644649,37.180131922324634,37.171602578094486,-0.008529344230147728
-31.919484621077252,-14.17218298689523,36.99904542710336,36.84803200305023,-0.1510134240531329
0.1223332126026051,-2.068754913752869,36.96094428442048,36.965845566001235,0.0049012815807572
-4.627472248250207,-12.675247626335612,37.1028635713178,37.08213190353234,-0.020731667785454988
-1.5912920604476213,-14.426498475961651,37.117198387530685,37.104709039611166,-0.012489347919519389
16.64752223532635,-31.92384376059259,37.5669866446626,37.51972092071242,-0.0472657239501757
13.702082683290712,-9.087915412596118,37.16518328123081,37.115669650133256,-0.04951363109755391
28.091375063669382,23.410559429034365,36.82059521707284,36.8754898979089,0.054894680836056864
-2.6894403708355483,-6.950561343392749,37.07359118498151,37.018709374956615,-0.05488181002489512
-13.323723722485255,5.944270823622581,37.15215082888843,37.153839584588546,0.0016887557001155074
-12.337468263030523,24.711137038155066,36.80417100457801,36.947441143983504,0.1432701394054945
7.174254442886301,17.856077426811282,36.91388111489718,36.958263524680305,0.044382409783125354
-26.46919000252207,21.749657808735456,36.86483726655345,36.89884094706563,0.03400368051217839
-11.408093659588097,-3.4796690918627533,37.044366809470745,36.941372035303345,-0.10299477416739933
-15.531642130529256,-21.627812899014017,37.21090905550221,37.14604918219958,-0.06485987330263043
-24.659026127626277,15.215874544217357,37.0697306336272,36.99958744925464,-0.0701431843725615
-16.728630576550202,19.7595657808469,36.945602184956655,37.00598339090615,0.06038120594949703
2.18565517402309,2.4169791266441294,36.90073126187865,36.963878906195,0.06314764431635211
-3.3597678046637753,8.919024104217513,37.18361900718524,37.15987603892578,-0.023742968259462316
9.925649824197542,-30.941166861077498,37.48042380369512,37.411383473828984,-0.06904032986613373
-27.949919513543662,-11.593553308140109,36.999456399700506,36.86992454892838,-0.1295318507721248
-12.230296388716077,5.4779535605730985,37.138446126831866,37.12302851526236,-0.01541761156950372
15.03146499161575,-9.723452063293223,37.16005080721981,37.13159599483944,-0.028454812380374506
16.712140984910555,27.688960762974276,36.89996594575177,36.837617079171714,-0.06234886658005223
13.951192482877268,12.198508496065912,36.94881325211787,36.96254619034622,0.013732938228343983
3.8679724107111255,31.021350394387056,36.84808942061875,36.86848535497967,0.02039593436091991
14.737217821190882,-5.252171602719258,37.120497626896665,37.11183105006358,-0.008666576833086026
8.348746607635775,-22.74039685334367,37.21072564987976,37.22206567738885,0.01134002750908536
20.882396258335746,-12.428162976061948,37.18900738630772,37.196712634584,0.0077052482762809404
-28.459128814440596,13.004646287120643,36.91489598166028,37.01340796092955,0.09851197926926858
-23.515072244703433,1.0322756753953044,36.726636053896826,36.817162843074534,0.09052678917770862
24.338620176478962,19.42171343708423,36.82153281972917,36.91141782107476,0.08988500134558564
10.103162898553528,16.807365241318337,36.9898985460764,36.937435026990514,-0.05246351908588309
-15.167026931305578,27.245398626177234,36.71980832757592,36.89177636107075,0.17196803349482792
10.89656609560592,-11.990237981061405,37.08521039443097,37.106311407654566,0.0211010132235927
-8.09693044909968,-29.482645391998403,37.266508358908325,37.23959261006498,-0.02691574884334358
-13.26567464635015,-27.19704048616071,37.26216926619792,37.193213936985714,-0.06895532921220848
5.053547036241383,14.521770594879875,36.93484723081091,37.06791629482831,0.13306906401739838
-20.329523548751354,-28.18201385177108,37.17161121275632,37.15396861875586,-0.017642594000456313
0.44760983280035305,-2.1674362926311943,36.95469892701689,36.96780158802523,0.013102661008339567
-6.853465520892847,16.54720892389261,37.10014612230585,37.14868732376954,0.04854120146369212
-7.0629309300366,17.62512647695616,37.073251443132634,37.12400876741606,0.050757324283424055
26.472667535210036,-20.903689812286387,37.401029272077565,37.43760073657625,0.0365714644986852
-31.4926434647952,16.82378203439987,36.89895473909992,36.90028541783496,0.0013306787350373384
14.683394885860544,20.792028958739714,36.8943702536216,36.88074828826549,-0.013621965356115595
-2.33811393449502,7.682014727010454,37.17956373655279,37.119899013299445,-0.05966472325334138
-0.6808512076323012,8.954986052474617,37.12871484784863,37.11346813839375,-0.015246709454878271
-0.0793531334470643,29.486509115932478,36.841299902001474,36.943009615514306,0.10170971351283242
-24.95560863122929,6.430287736909911,37.04751474912068,37.08419213370914,0.03667738458845804
-23.398358198875073,-31.59071735413633,37.07585012877022,37.154430930937714,0.07858080216749386
-23.672656636460573,-20.22097426452573,37.13993277115564,37.05676146773345,-0.08317130342219059
-30.86332215639181,12.32782118331729,36.922178946265525,36.90215557952247,-0.020023366743053828
7.4326559100993705,-6.075070509486821,36.97005817948434,37.04050169649471,0.07044351701036788
-4.381119565389106,29.225495134124202,36.80082301930973,36.914079692824814,0.11325667351508173
9.556547167850333,-2.8698969375166143,37.0685130711839,37.05011943778816,-0.018393633395739073
24.048858242712804,-17.349038898459007,37.27668947941181,37.33511333659546,0.05842385718365506
-31.73320160093749,-16.779037216029614,37.04407153643204,36.88810192144054,-0.15596961499150552
1.0146560477986313,-19.73384434578017,37.26622636292132,37.16907253555573,-0.09715382736559519
-6.5627624019222495,23.986956136926857,36.96880324120846,36.99528698770579,0.026483746497326877
6.90119006840073,-1.175088861319061,36.982578194297574,37.016712457051774,0.034134262754200506
-21.718034028463087,-21.312434469935177,37.143463715360376,37.10133583930434,-0.04212787605603552
14.607403338162953,28.968508809785305,36.89815061125748,36.823677247862484,-0.07447336339499344
21.07777194007428,-19.12235545926434,37.296203379981065,37.30929858959313,0.013095209612068004
-24.745963650641222,-12.946224080350177,36.99202151289436,36.93674324557489,-0.05527826731947272
28.207254416327167,-5.064698151940711,37.199503406580654,37.21164939338681,0.01214598680615353
-3.991058538490634,12.042144225397713,37.29015202365224,37.22568680910844,-0.06446521454380161
31.044842277268877,28.85033113692117,36.91351120393135,36.81709201031783,-0.0964191936135208
-17.45224890480108,-30.73031989080721,37.13720174382435,37.18728254259038,0.05008079876603233
-15.091984858002768,20.03859674448946,36.93608697765842,37.00971721726187,0.07363023960345316
-25.181162798867163,31.386509095292354,36.75877887631943,36.77352793371378,0.014749057394347176
21.128721252803878,10.240460861213244,36.97794533749743,37.01672590865245,0.038780571155015764
31.935448051131836,30.99804882629941,36.83097711140232,36.79283890065275,-0.038138210749572465
-10.79153688398629,-5.6384672701304694,37.07508062522196,36.97704889252142,-0.09803173270054089
-24.627680551935,15.702140535256454,37.0621375524959,36.98815306004266,-0.0739844924532349
20.313468387521155,-27.04486451995347,37.45906395349627,37.461031300572536,0.00196734707626689
17.866810063019706,-25.624180893196908,37.40513012595083,37.398477789617345,-0.006652336333488051
24.41854732779766,-13.803621281483892,37.221705490442154,37.284194095741434,0.06248860529927924
-19.80139037912231,-29.075577503134944,37.14950179702088,37.162585154164006,0.01308335714312392
0.5962828077195397,-12.496190733993394,37.12057250202895,37.08567214429396,-0.03490035773499045
-17.113617117187225,12.339179287482445,37.18496170998356,37.15158432749167,-0.03337738249189215
16.394734854911427,3.2408947948875735,37.08850669872174,37.06984622120671,-0.018660477515027196
-17.88657858457082,30.964421862659727,36.768959257479935,36.81734206428097,0.04838280680103679
24.549822306022513,-26.557931047233943,37.54267800463902,37.50524832636151,-0.03742967827751187
-17.85827794567495,22.193861385069567,36.912060545383255,36.96055510405607,0.04849455867281449
13.255901495955825,-10.167031090883263,37.16710049470754,37.11517086308086,-0.05192963162667752
-17.365741677677093,22.1215631036234,36.888333411475784,36.9642279346289,0.07589452315311718
-2.317270978242661,25.083317174626977,36.9012285075373,37.01365694729496,0.11242843975766448
-27.15977360211827,19.728323456755113,36.876678044569786,36.913741325219625,0.037063280649839214
15.978273747374466,-12.709518816942143,37.202473627009525,37.15243935936491,-0.050034267644612385
-11.159724445700263,-19.1438271177855,37.185351463637154,37.149996274574825,-0.03535518906232937
0.5764264202783451,-18.519441996662827,37.248775163228615,37.154135745414,-0.09463941781461216
-8.741804659238845,-20.400940607185788,37.18625863930957,37.1664116203299,-0.019847018979668007
-28.100364377767484,18.14048539645941,36.88648498706851,36.92129088778328,0.034805900714765414
10.037727977164849,5.0209361700509305,37.034753012027835,37.03390367291664,-0.0008493391111983328
2.115250172506734,12.770466827184691,36.91791564101329,37.148982454313064,0.23106681329977619
9.973490294607075,-20.153915674328495,37.156961943732036,37.19680785967542,0.03984591594338127
3.6470822771818163,20.576868951674427,36.88443747510486,37.02557625126121,0.14113877615634607
10.818099512040007,-17.533598118683095,37.09706655378129,37.16916605859962,0.0720995048183326
28.031052212001377,14.528699999147463,36.92306441120741,36.99152471743204,0.06846030622462962
-5.0746716455328595,18.434210279143812,37.12043523620429,37.12640353559404,0.005968299389749632
-24.728763903066415,-9.00667788844217,36.90516382781635,36.88061326196416,-0.02455056585219495
19.803586664999592,-2.9078664212506595,37.14035997449095,37.13825057073656,-0.00210940375438895
21.448891490018603,-11.952067497873976,37.1900264532246,37.19938825793791,0.009361804713314825
-21.53252211797635,24.059937367068166,36.89326596480884,36.91151387847744,0.018247913668602678
24.55160870533836,8.249935799385277,37.02804343793957,37.05862345344061,0.030580015501037394
24.79494636829603,-5.974547104389316,37.182866411041196,37.1790748615552,-0.0037915494859959153
-31.048631372485723,-11.274437012801457,36.97352124566973,36.81945752754077,-0.1540637181289597
31.919767614903563,22.201324135949058,36.859346575298105,36.90795290267215,0.04860632737404558
11.354946594587894,23.606760981268955,36.84506814720336,36.84603503953025,0.0009668923268932872
15.742870372990112,22.18739805890867,36.86338124609453,36.875901772043086,0.01252052594855968
-1.831856354936697,-12.836236342424428,37.09312238966446,37.086409314084506,-0.006713075579952488
19.459620704377606,-25.493483909020455,37.39980581826919,37.41624211788408,0.016436299614888128
28.797362956416507,30.519921211418897,36.83955827278993,36.79607282623728,-0.0434854465526513
-19.972902446114745,18.86567886871881,37.00986676680305,36.99818946809206,-0.011677298710992545
25.626838370138366,3.6066929110780066,37.11920607688056,37.119855288640224,0.000649211759665036
17.738741088687327,-24.48202687058332,37.38178230512102,37.37197904727008,-0.009803257850940383
-5.134127046537223,-6.413640653745375,37.066706146387716,37.01046280127063,-0.05624334511708895
-20.431941630332247,14.899375402189769,37.110028722592645,37.05136296669294,-0.05866575589970324
-10.163994453035585,13.872354779084453,37.128076814775326,37.14811368368159,0.020036868906267102
12.720043640212744,31.669705108253837,36.8325987167825,36.824901465391605,-0.0076972513908941664
10.462635660306155,12.91741170753118,37.01189938523211,36.96641072192853,-0.04548866330357981
16.3964128596429,22.884994451840015,36.847975740366365,36.871516852682255,0.023541112315889734
7.319346050917737,-14.731534569192519,37.025665494672545,37.128327029980035,0.10266153530749023
9.886484991238106,21.394298740012204,36.899869667004666,36.8617414499008,-0.03812821710386771
12.970109992038864,-29.837458272153206,37.50443569343574,37.42676551544133,-0.07767017799440623
-26.10280512661356,17.298373062987018,36.90595476568823,36.95135101611455,0.04539625042632167
-11.043755370494218,-2.006649886946562,36.99476693635365,36.92070839185881,-0.0740585444948394
-14.747385744784907,-31.91709510554157,37.12763948943494,37.21149834962205,0.08385886018710664
-7.136492822592551,-0.6579472593613644,36.95558844622633,36.91854026389565,-0.03704818233067897
13.46900904003735,-15.612435384801621,37.123469551944815,37.154105788167215,0.030636236222399305
15.811639266661643,22.90944904759518,36.85152242446502,36.87120630138645,0.019683876921433807
15.820789464217093,-18.810846209179296,37.221031592653034,37.22381736874296,0.002785776089922365
-31.211412777968683,21.56369458534906,36.84539709078162,36.851377969602694,0.00598087882107734
14.574903809367008,-12.459261921058776,37.20162091910197,37.137204064761896,-0.06441685434007383
11.162706307702905,-25.347920940765327,37.33215141344175,37.30573479331755,-0.026416620124201984
-29.623502645929563,-23.092082680253377,37.12983900550641,37.0097073004183,-0.120131705088113
29.515921847666718,2.472017842878074,37.15509532789746,37.15582333454676,0.0007280066492967308
-22.155945147287156,5.23852989559942,37.01279995117772,37.05982582333188,0.04702587215415832
-9.11565594195725,18.175243980384103,37.017935085144465,37.09244223097785,0.0745071458333868
-26.030653470764904,25.35302235506073,36.84426400955921,36.86400637239041,0.019742362831202342
8.028925281904804,-22.369613340384248,37.1984746055025,37.21702847278175,0.01855386727925179
1.3562652308548522,-8.494175628871623,37.075330815953144,37.04209667743248,-0.033234138520661816
-13.054095704241256,-29.6165764789367,37.26577975632472,37.208777526699215,-0.057002229625503276
26.348365927948052,-21.798660324771987,37.425645262475115,37.44988404877399,0.02423878629887355
29.972094195671936,8.968463936656782,37.034487945338334,37.07276045949185,0.038272514153518955
-23.74006699952819,24.949348391165337,36.90746194541151,36.885829665184005,-0.021632280227507295
31.63187220981765,-14.709376637684215,37.33474871953812,37.43171118624425,0.09696246670613107
-8.658040691496403,-24.266010791724533,37.21407670073688,37.20536780399309,-0.008708896743790717
-3.018113910888111,-16.361536855188916,37.127176902096934,37.12547163205575,-0.0017052700411852584
-8.9749151870218,30.72856084247657,36.81038187265226,36.866304843122805,0.055922970470547284
7.532043854293626,-24.64213086742909,37.25335805177747,37.243412163731506,-0.009945888045962192
1.018438295708087,10.996171072711967,37.0140894864364,37.128003176243006,0.11391368980660843
-26.19879550770107,-16.20717061459814,37.07988036815205,36.96189547096361,-0.11798489718843541
-17.640539431474657,-19.42402352975696,37.10877997244218,37.119657699361674,0.010877726919495956
-31.210598664373208,-24.824480525558577,37.13065044206298,37.01099338480603,-0.1196570572569513
-8.188239501126255,2.7458666815332577,37.03311773633148,37.013623911267395,-0.019493825064081705
-26.752659304846937,-1.7737922033368392,36.67383261217188,36.74407428002687,0.07024166785499375
-3.3064684915068128,-14.578958368046806,37.11176168866016,37.10494249150646,-0.006819197153696166
-26.516106833598776,-27.58919419769854,37.161336954511725,37.11104633484729,-0.050290619664437486
4.670097190660627,18.134561356755114,36.87892292722912,37.03654912783372,0.15762620060460364
21.670183780203992,-16.382870797156862,37.228543970622184,37.27560043537059,0.04705646474840819
11.63008800693462,-24.269564868932157,37.30826806782625,37.28832729948899,-0.019940768337256998
-11.789159273283616,-29.806749446340675,37.2713193122587,37.21795876263006,-0.05336054962863557
-10.995898477106934,-21.999180971348352,37.20698434520343,37.17714633541512,-0.02983800978831397
17.98197231858132,-6.436803148375567,37.145076196981435,37.14078209917807,-0.004294097803366981
-11.836923333220348,-22.969525777376568,37.21690336421592,37.177485577692806,-0.039417786523117115
6.876988877428879,4.5843638913650295,36.99596274574223,37.002604073662866,0.006641327920632989
16.623267264032584,2.0489301894055387,37.09941651196688,37.084970939861186,-0.014445572105692861
-4.388983030637149,11.537663466543393,37.2607773862379,37.22459614497337,-0.03618124126452926
26.705738211677705,-22.776999262176588,37.45681348585961,37.472390513196004,0.015577027336391325
-29.09948905051518,-27.77946454024915,37.06759686314895,37.08455740467156,0.016960541522607286
-0.6410165358668323,16.42087820817035,37.239291029880626,37.21191164640371,-0.027379383476912267
23.74996415619308,12.405380865585293,36.946852391176485,37.00073095109471,0.05387855991822477
-15.574704699348707,-15.213148897614126,37.11123560526453,37.10004327060432,-0.011192334660215408
25.593132514252588,9.922144967141591,37.000259271233325,37.04125208369527,0.040992812461944084
-6.023677525216279,-27.298034573498434,37.26946954455613,37.239975008896046,-0.029494535660084864
-25.598696490913852,-9.068336421578586,36.91668715484598,36.86860987326218,-0.04807728158380087
11.145995815082983,22.77902551395365,36.868581962791204,36.85082411640327,-0.017757846387937093
19.647930657398724,9.068770380891827,36.99428609463649,37.021573935083154,0.027287840446660994
-20.505500293104376,-2.655470093893804,36.751326495890055,36.844534541715866,0.09320804582581133
-11.449849317225805,24.779014918351066,36.812039721274445,36.950827456975944,0.1387877357014986
27.65540869346988,-15.34227499301808,37.29087918305,37.368823780994255,0.07794459794425279
-24.85463113562571,14.898030897373424,37.06821456018406,37.00523366519168,-0.06298089499237847
24.083606446904234,14.088862777520404,36.916645346328636,36.980137118510584,0.06349177218194768
-24.923490832721768,24.86885586667097,36.86233520642584,36.88085795339175,0.018522746965906833
6.299260656433923,-31.974054734450092,37.442564504562455,37.38693237521691,-0.055632129345546844
-24.087074492168213,-11.180237510182721,36.94592462723596,36.92122735844925,-0.02469726878670997
4.628691280014991,7.299831442192534,36.99026458795942,37.02718780078891,0.03692321282948541
6.262551992287072,-26.643054868918775,37.29489220689247,37.270508209799196,-0.02438399709327399
-15.742173859170727,-5.99781314459711,36.94550288959198,36.95930034716871,0.013797457576728789
15.869294636520003,-30.057901273851314,37.52683790517164,37.469068352066245,-0.05776955310539478
15.327370705931088,22.808955943201326,36.85045882993756,36.86969399698985,0.01923516705229389
19.29055195089674,21.540296697629756,36.83940840609182,36.87560006624919,0.036191660157371075
18.8048549748857,-20.490839883472326,37.27703797608579,37.29896357870311,0.021925602617315576
30.036082507903444,26.290948167179444,36.95987793413434,36.8462221308297,-0.11365580330463843
-21.154400253396723,-26.071126137377384,37.247932672513556,37.136308564441684,-0.11162410807187229
30.485403132659663,-28.84416004726679,37.639514408637524,37.64074093218008,0.001226523542555924
-25.09649529166653,20.764137846261967,36.94669978206379,36.92394757269974,-0.022752209364050202
30.855308156093777,-29.531536086927503,37.649933516554015,37.65874083766339,0.008807321109372879
0.3052365853616976,13.66530193764087,37.14777632875189,37.182456211343535,0.03467988259164656
25.42536077366462,-8.562160729211442,37.1983636706995,37.21738822611274,0.019024555413238886
-28.118724678099404,19.879034738723107,36.87772251633909,36.902083868717554,0.024361352378463152
3.8586205181602367,-11.21433650938571,37.1480862687085,37.07945079287205,-0.06863547583644447
22.15717739001321,13.36233485833639,36.9227447087334,36.98128216723653,0.058537458503131745
26.394736371510675,-11.07052835732457,37.21528373837861,37.27607015615581,0.06078641777720151
-7.757792071628835,-25.44563057657757,37.218421173998024,37.21803715518075,-0.00038401881727168075
0.6253278458116043,-2.7031509021178195,36.96212634691417,36.97435074411648,0.012224397202309945
12.208759878140448,-31.727534005083818,37.551470513722016,37.458024695534014,-0.0934458181880018
3.296091178623513,14.010970685469914,36.91640373798539,37.129005269602324,0.21260153161693296
-30.29372444776059,-29.746044782986864,37.017458543817256,37.09501447257404,0.0775559287567873
-2.73985437804901,-15.293550261880682,37.11785570312465,37.1135667616481,-0.00428894147654546
10.790583970481094,4.615541486472232,37.04384963750864,37.04240951988343,-0.0014401176252150094
28.67075501459056,20.111485824961044,36.82056545683355,36.92120382457404,0.10063836774049406
-8.15519353957756,11.60033661558385,37.20979472229672,37.18928366514107,-0.020511057155651713
10.573710871447588,27.41445555548941,36.85620138687424,36.824199484561426,-0.03200190231281397
10.341531071914204,13.645300617811586,37.01526417423613,36.96295214589726,-0.05231202833886783
-12.977713417414364,-12.353610296173748,37.1296137587298,37.068787424729,-0.06082633400080084
2.639710886323371,-25.57567686499751,37.31070315248855,37.23968758348555,-0.0710155690030021
31.745333807879817,17.125097854607013,36.887542402163525,36.97366204369421,0.08611964153068641
-2.975922653739488,-9.623676011852439,37.072222029938054,37.048865382312805,-0.02335664762524914
-20.979091692391677,-15.352575323941025,37.00471620571775,37.02698093863035,0.022264732912603336
17.542469017413808,-20.946843155107373,37.292905095601526,37.29254953153637,-0.00035556406515269146
0.3990449099934068,0.04827427439032306,36.93090028155868,36.94596570432963,0.015065422770952352
7.798643836200256,20.404474273342466,36.88541643241254,36.89489497884738,0.009478546434841917
-23.981672838177964,16.61320715685511,37.0691380941898,36.98098433647341,-0.08815375771639111
8.258703756159633,13.60310824542399,36.97043485106522,36.97412432139966,0.003689470334435896
-21.489447346117906,-13.421532407946785,36.96587345023766,36.991783243774364,0.025909793536705195
23.602195999325303,4.885772685664712,37.08758011271959,37.09317115481804,0.005591042098444632
23.497190744779246,20.27387436673849,36.81603499282878,36.89660487980816,0.08056988697937584
-18.68323187019292,-20.82628997003917,37.124481635272524,37.1212488504015,-0.0032327848710238527
9.840817031119734,25.831192597067535,36.79695945155881,36.823694829062326,0.02673537750351329
28.549556097477335,-28.886720100982373,37.646762561649915,37.60764604420748,-0.03911651744243727
15.48451854876646,-22.680951901796995,37.324292910459825,37.30364166258875,-0.020651247871072087
22.273648440886426,-7.329412227140203,37.174288923300814,37.16934298044198,-0.0049459428588320975
-20.330179974017426,3.1662847196201795,36.782462842520545,36.97505488513693,0.19259204261638274
22.48702633122783,-17.779083611067044,37.27168448160443,37.313367533451846,0.041683051847414276
29.64202998577941,28.27854317850511,36.92055737730711,36.81848539300718,-0.1020719842999327
1.9337535708855427,28.15381732714549,36.81048227270874,36.91593270177063,0.1054504290618894
-31.801858366864067,-8.77537104060844,36.90773469445474,36.77253247095953,-0.13520222349520594
-4.384416259437899,13.768175013399258,37.23807114091615,37.205454278843185,-0.032616862072963215
15.354109294944742,-21.74904159879312,37.29834924741598,37.2816854437771,-0.01666380363887754
-16.9464940079232,-4.944287797399987,36.88303261200854,36.92889961068758,0.04586699867903832
-8.576592956933773,-19.248501386127543,37.17428215133974,37.153447184429886,-0.020834966909852426
-1.5979079951405453,-27.385910014261867,37.304113905333764,37.25211655691648,-0.05199734841728798
19.701973985535112,-1.877164472913691,37.134721186108905,37.133788463938444,-0.0009327221704609201
23.48922882831109,1.0895101484477365,37.1434432282788,37.1364017582749,-0.007041470003898098
18.729262581883127,-20.681210693962697,37.28230014302301,37.3021261672468,0.019826024223789318
30.634612573538618,4.848450801806756,37.11441759170188,37.129584695680144,0.015167103978264151
7.46559455164617,-22.24023018895278,37.190730363591,37.21411320443793,0.023382840846927877
-7.800210920672974,24.507921696476657,36.918423607982966,36.97372595954031,0.05530235155734431
0.48337984805054646,-16.702762303746162,37.20338231192294,37.13323258206574,-0.07014972985719936
-20.00783819475503,-30.462343440225915,37.10773177688104,37.16941629921976,0.061684522338723013
30.504162163898236,-1.0365453620599823,37.19517267846394,37.194098997820625,-0.0010736806433158108
-23.128540142598325,-9.010433251979116,36.88677049615836,36.90437032505671,0.01759982889834788
-2.4834564121037843,13.017381921987429,37.27218723755206,37.21748781872297,-0.05469941882908813
21.438845841177148,15.44183538448214,36.881360329777024,36.95093345455705,0.0695731247800282
-26.991912272640242,-7.771001265791369,36.903873593498666,36.82940475507815,-0.07446883842051477
-3.606734417939734,-1.143716257733665,36.965183420145856,36.942463623080236,-0.02271979706561922
-21.63103479875398,-8.93279229351485,36.8680940575927,36.92418423545012,0.05609017785742054
8.130927105991262,26.361214638118263,36.801133454026086,36.833822338836626,0.032688884810539776
27.946991350398974,-14.970035812091211,37.28886074518083,37.36813020510889,0.07926945992806367
9.810330422534257,12.398100710191187,37.01511174518982,36.97275644878687,-0.04235529640295255
0.923471064486975,-3.7809400310287344,36.96696875310811,36.9873745874557,0.020405834347585028
15.869316366437033,21.77358029618547,36.866728583802086,36.879349542617085,0.012620958814999028
-14.352140463805938,-29.826789513870587,37.226454548458605,37.20173749293722,-0.02471705552138559
20.097981807220933,4.240293445346438,37.08682587152292,37.0800472501556,-0.006778621367317328
-17.90600769340223,-25.210586169987835,37.223757757110455,37.151961394703235,-0.07179636240721976
22.22437432041852,-13.06198256491998,37.19959521509945,37.2317327934703,0.032137578370850406
-6.381330050682941,1.5200847986521993,36.943201611716546,36.972985912633426,0.029784300916880113
31.858852474831252,16.57844581990429,36.89844428735104,36.981312865483176,0.08286857813213544
-4.799073205790833,-13.914942782981186,37.11276640412513,37.096083285101344,-0.016683119023788606
25.719196826431663,26.26512594957247,36.92458184247542,36.83116964447694,-0.09341219799848233
9.047074095850583,-5.709819316655285,37.03417843131228,37.05557888978893,0.021400458476655615
-30.81702331101846,-3.474607783069473,36.77891248126603,36.71125316610072,-0.06765931516531509
2.0101779011283583,-29.317671755228922,37.357361089387155,37.280639597087365,-0.07672149229978942
11.992400170617785,-7.059607085215347,37.13664016373956,37.090646103307726,-0.04599406043183052
27.36221665214544,20.725400062248966,36.80366663109355,36.90748142151768,0.10381479042413133
-28.13683340111742,3.831609768863345,36.69945345699387,36.90163662905334,0.20218317205947045
-3.4711354973167303,28.22049712654369,36.78526700492264,36.93652598924374,0.15125898432110318
-2.1599682095121864,-28.763186176481447,37.310382143555756,37.26729127057415,-0.043090872981608186
-0.026013874726039887,-31.320167758921507,37.309189320907755,37.29824414611734,-0.010945174790414569
-31.101142578743676,1.4888744209843523,36.64991480383652,36.71392358064741,0.06400877681088701
30.81226984775393,14.561987267387806,36.932571098302425,37.00316977636882,0.0705986780663963
28.563793270592953,28.308272442181725,36.915854304939614,36.81341253472932,-0.10244177021029088
-20.922199300508737,-6.470446942183486,36.80596187896172,36.89666676018357,0.09070488122185338
17.41080580497949,-17.080585902802454,37.18691985271251,37.20856093357791,0.021641080865393292
9.539450175855201,18.568727223517378,36.92825218171557,36.91089170558284,-0.01736047613272973
-11.10141337691168,3.5524406463293303,37.03250545534604,37.032281778189294,-0.00022367715674675992
24.639062768496338,26.146831285056777,36.91312075454759,36.83394805669202,-0.07917269785556869
8.055766010330153,-16.242534622684218,37.044452295478926,37.147401731734504,0.10294943625557806
-20.25936555134856,-21.180396422385854,37.13548757063601,37.11328137359167,-0.02220619704434057
9.901631903489132,-5.821387505132641,37.06838151542664,37.06470307816104,-0.0036784372655986886
20.968833712360748,-0.5625636897644881,37.13662527628641,37.13630151189673,-0.0003237643896767395
28.300949393105952,24.997255084638,36.908388719111926,36.855624440161826,-0.05276427895010016
30.739028917113238,16.355740645852165,36.89845731916232,36.979364677777085,0.08090735861476617
3.927620939630174,26.87915347381343,36.775475456893595,36.88512772241809,0.10965226552449536
8.941607535978491,23.52956412306255,36.86020087129228,36.83555973327916,-0.024641138013116404
11.880343364011686,3.164954390157689,37.06581756139835,37.05650327959117,-0.009314281807178304
7.607168531695265,-27.47726033189342,37.33256577558346,37.306048155097486,-0.026517620485975613
-17.19660405488228,-25.336554712085913,37.232955284759385,37.15722390808363,-0.0757313766757548
6.841409351050345,12.25803271836746,36.9741021456192,37.02142688120564,0.04732473558644301
-0.46811560711966393,-18.786635468906347,37.22902292762295,37.155288377302575,-0.07373455032037413
-19.60006034248736,-25.178576170874756,37.2251292434574,37.14097375032053,-0.0841554931368691
0.5194007378761683,-8.84226151875324,37.065599571240426,37.04391168916663,-0.021687882073798903
-6.75170939899818,-28.208700666567736,37.27086947573496,37.24068396899747,-0.030185506737488765
-17.55944029854237,0.5848914129517127,36.83058660807859,36.876374212865436,0.04578760478684529
6.331608185044075,-11.738762932311381,37.12420610681116,37.09175317432921,-0.03245293248194514
-9.164070075150072,-4.380801563672222,37.080292963727835,36.96557684527101,-0.11471611845682617
6.020447293845457,-8.604408564671623,37.004891172748344,37.055302543613614,0.05041137086526959
22.679209384745107,7.803322076640882,37.02945382454242,37.05401444362422,0.02456061908179663
3.758746837738485,-23.870504346297537,37.27326288994312,37.223158775710836,-0.05010411423228334
-23.718240173641483,17.87353580093535,37.04754521753495,36.96994907036488,-0.07759614717006968
1.4650718839309746,24.912929605073735,36.882682738174985,36.99752452764494,0.11484178946995627
-21.305328432545558,-0.486489634400165,36.75927091432542,36.800445546293844,0.04117463196842408
-4.432852913514402,5.095316516444328,37.18659629346558,37.11061230474276,-0.0759839887228182
-4.268513567462236,-19.625810688851253,37.163857713495155,37.16150864721415,-0.0023490662810061735
29.175624921008577,11.425549521858088,36.98551572752816,37.037128331698796,0.051612604170635734
-16.655127340715005,29.17809206911531,36.76707638510043,36.85271579096019,0.08563940585975871
20.366623702346708,4.722240893799565,37.07874338673304,37.076053003916726,-0.0026903828163113985
-2.145698456211967,-2.1283809725739147,37.009352109811914,36.96426682450747,-0.04508528530444522
-22.099778636920675,15.019509313497132,37.09828454903712,37.03104917895693,-0.06723537008019065
-5.38686633791017,4.804184813879246,37.196952513417635,37.10921671814709,-0.08773579527054665
-4.729740255679637,11.835869690631014,37.25665773968629,37.22044427044612,-0.036213469240166773
20.216859533852407,11.366241499562186,36.9531962204642,36.998351882422696,0.045155661958496296
-1.8888266751708542,0.5446969364244652,36.92269268062418,36.95496804597564,0.032275365351459584
4.138485237183765,9.72636460867679,36.974533754232894,37.075159293856835,0.10062553962394105
21.660803127674058,6.276489112186695,37.05438991627933,37.06568531301542,0.011295396736095142
5.859114761921177,0.05301336377306143,36.946099027779475,37.00158039157429,0.0554813637948115
20.76322848399228,-17.75950871404092,37.25181599117757,37.28132017553396,0.029504184356390795
14.341674801986741,-6.83046545857097,37.12531446915121,37.113720057514875,-0.011594411636338009
-26.3472985422369,12.276527687103659,36.98890094764469,37.05306155803358,0.06416061038889609
-0.32249845903140795,-5.147864154389303,37.01462043589567,37.00027476860453,-0.014345667291145503
4.594600037605019,9.531346981439924,36.99281034701838,37.067266930242596,0.07445658322421878
-17.52070366080128,-5.947174516599489,36.87981081094056,36.936127905698434,0.05631709475787261
-6.089191043162167,13.223892647438213,37.188495972878336,37.194003407178506,0.005507434300170644
4.689838708034067,-17.909349350150798,37.20364856112533,37.1577365605473,-0.0459120005780278
-20.17726653797221,23.703981834292883,36.881066726639645,36.92418138447962,0.043114657839971926
-21.925397288012988,-30.434562332949994,37.09258624664004,37.15702864599499,0.06444239935495233
-20.73951060843875,-22.821796532231637,37.17338074714241,37.11986367449806,-0.0535170726443468
-14.547471555842932,-18.12018564394088,37.180224568083624,37.131715959489654,-0.04850860859396988
30.795079198398483,9.65608408656717,37.02471469804207,37.06733177425956,0.042617076217489114
16.787953319544144,-15.557863468741317,37.204909397972145,37.172304730388305,-0.03260466758383984
-4.86303228256385,25.973369143167744,36.877957857612046,36.97014468323848,0.09218682562643465
-26.24682991037659,20.32092311956071,36.872400708338766,36.91678861619025,0.04438790785148683
-24.58995781836409,10.648518352161744,37.15508731828402,37.110781277627915,-0.04430604065610311
-10.203897598006762,-5.710846428683503,37.08575481248883,36.980902710144974,-0.10485210234385534
9.92485011243464,3.8442939022072053,37.04976561347361,37.03518055434713,-0.01458505912648178
-28.698753822982802,30.63357319672579,36.75368902487451,36.76800239599956,0.01431337112504849
29.44692091839105,-14.184536773621524,37.29712571533058,37.382949377499656,0.08582366216907644
17.846311258056083,12.6289448847823,36.92049267991206,36.96982490341078,0.04933222349872324
-15.912982479673289,11.011832784211357,37.1991772896971,37.19826704821251,-0.0009102414845898466
-15.796911416597176,0.044774466252704315,36.86725442450929,36.869745754788944,0.0024913302796534254
0.5931705764910831,-2.009841229718731,36.947790071473584,36.96638194359031,0.01859187211672264
-26.96301824425109,21.270908061499775,36.8683094332392,36.89892294015297,0.030613506913773847
22.03478407755339,-20.42282554131689,37.34261127026504,37.34808687277203,0.00547560250699064
22.786947689731797,25.103462262661353,36.87455311221089,36.84454338786515,-0.030009724345738675
-4.942619386463427,-21.714782729186915,37.18539520232391,37.18468086158135,-0.0007143407425616033
19.316245758755286,-27.603576956996818,37.443692663611195,37.46028172831858,0.016589064707382306
-6.6794261343487875,23.757868435948645,36.969539169472924,36.99896035803518,0.029421188562253064
14.701381254362467,3.5864732856266315,37.07610855321617,37.06263860224732,-0.013469950968854505
14.978337067549887,-22.75666937768402,37.32332346248934,37.298739794776054,-0.024583667713287127
22.714083899329033,-3.5286403175317744,37.15992851802798,37.1576776440993,-0.002250873928680619
-16.066999151225183,21.03830932759464,36.915678005725646,36.98847339589053,0.07279539016488457
-22.37365669066508,-30.88132833987246,37.07908282500484,37.15679574259376,0.07771291758891863
17.636234723645515,17.82398283729129,36.89307547927564,36.904380443629684,0.011304964354046376
-27.561163752799075,-1.902320708508661,36.68461738224122,36.734757775955835,0.05014039371461365
16.108645159422807,-5.894157583498632,37.131228905261466,37.12774138124973,-0.003487524011738685
6.578066645954841,-30.558437753510248,37.40643602991592,37.35974975837088,-0.04668627154504179
22.12410591566504,10.43910343528119,36.97808344006116,37.01941457446546,0.041331134404295256
-15.693323464199047,-8.553147259814885,36.99213382400911,36.998338470270006,0.006204646260897562
-26.664420466195153,29.549668961991593,36.77441940531305,36.7959823964474,0.02156299113435267
5.013364468492618,10.492195399248317,36.96663063652592,37.08032526226059,0.11369462573466649
-18.411045738516087,-18.13374823649346,37.06949305836349,37.10482565663305,0.03533259826955515
-19.7296550312063,1.3581606452412842,36.78728220230988,36.88725510232133,0.09997290001145132
2.801748902093294,19.012056473230622,36.96724917220148,37.08284631451421,0.11559714231272977
26.19530202411316,7.55679565825244,37.047201052282475,37.074839050017,0.027637997734522912
-24.14338802551088,-19.034480655383895,37.11933609985832,37.0328070692523,-0.08652903060602313
11.191442841850282,-14.981837841741822,37.06139493408105,37.14109647773205,0.07970154365099802
19.68700421244978,15.02406601264726,36.883534358281736,36.948794060194736,0.0652597019129999
-25.874720787493445,25.370509562641516,36.844811005727394,36.865442653439146,0.02063164771175252
-15.11382784646851,-15.147150574505453,37.12612477964653,37.101074238419336,-0.025050541227194856
-24.30810197980462,-22.559116553164728,37.18733297455651,37.080813595091314,-0.10651937946519752
-17.64501193108954,27.113781246446145,36.788717104936346,36.881378570516205,0.09266146557985877
30.48722144405592,31.180875199501195,36.82085033559461,36.78842458943611,-0.03242574615850202
8.407670605047606,29.14976361698455,36.871318357956085,36.84007253809584,-0.03124581986024566
-11.28998425036729,-17.773554883300896,37.18085464982086,37.13429545057848,-0.046559199242381055
14.892484570765404,-23.148337982170432,37.33346882293974,37.30614787024648,-0.027320952693266065
30.503811611937238,4.284948426227537,37.12460064566797,37.13639488823343,0.011794242565464685
-4.588843770163486,28.224171813182316,36.771834642754676,36.929362175711006,0.1575275329563297
-23.48997802953697,-19.579234656257057,37.123622578214864,37.05028249645516,-0.07334008175970297
26.95830631865895,26.026212752668968,36.93324568635694,36.83631941984142,-0.09692626651551706
-27.814682576020722,15.325982051203624,36.9017332129045,36.9639870597493,0.06225384684479707
-3.245024590776879,31.655523224519975,36.87416412856811,36.880191340409205,0.0060272118410935605
-31.501083047935587,23.471701741143384,36.81325979411501,36.82748570789342,0.01422591377841087
14.9311786696681,-15.74646198969986,37.161947111110536,37.159377150473865,-0.0025699606366700323
-28.039438449420437,-10.406605951291489,36.97437910846415,36.85161036564582,-0.12276874281833017
0.260183912129186,31.435031125250248,36.874130214714995,36.89535153590702,0.021221321192022913
17.46745466985108,24.485442289695243,36.8216949642068,36.85847248252614,0.036777518319340174
21.463063242353257,13.22738650690571,36.92306877392962,36.980034088884175,0.05696531495455304
-30.536370632058556,-21.496807285893226,37.09575903694917,36.97335306429198,-0.12240597265719089
-13.469081729740203,-27.26791875140559,37.26395679924995,37.192333626637414,-0.07162317261253293
-14.526424508497591,8.280682982825411,37.24906084864864,37.259413454806776,0.010352606158136268
16.27635714191419,19.884698033123946,36.89009877387457,36.892549010075484,0.0024502362009144463
-10.766476263538806,-2.573351482578637,37.017453769680884,36.93061491815632,-0.08683885152456128
-10.376378205509354,2.354872077497113,36.91093806912586,36.9877027897664,0.07676472064053996
20.189404511849474,-16.451516492082618,37.21101218848004,37.249462479682954,0.038450291202913434
-4.231699711074604,-27.69160701141491,37.29023541233548,37.25328929250765,-0.036946119827824475
27.865571090336744,-7.628906850690221,37.20870865725664,37.24710880754431,0.0384001502876643
7.4512523422502355,8.135027512412272,37.016170400685546,37.01472117049929,-0.001449230186253203
3.3561677613635723,3.0260314580943515,36.9645242452577,36.96994976918657,0.005425523928870746
-2.8725453637384035,15.147721678616684,37.25482047042148,37.20708932675669,-0.04773114366479092
16.115760028923823,-10.130184331417446,37.151186829774744,37.14366828141274,-0.007518548362007493
4.061473984234958,16.512700381450728,36.88594057888558,37.08387594288292,0.19793536399733824
-20.38493052395458,-17.058383086190318,37.04211309517362,37.06019632453502,0.01808322936140172
25.388313167613425,18.744184525775268,36.833868875567426,36.92484881918745,0.09097994362002737
-2.7022208101617338,14.93570224322967,37.261437611942235,37.21076417579024,-0.05067343615199604
17.565794692059725,1.8170551387263956,37.10566383433946,37.09318934377432,-0.012474490565139718
21.1436899928172,22.657380618853345,36.806332164404324,36.86449148384472,0.058159319440399315
-15.999797399597632,27.830580213014635,36.708080729877096,36.87801468593974,0.16993395606264272
21.85429963109346,-28.355858254600307,37.54067196191864,37.50947991851483,-0.031192043403812875
-17.311105907755476,1.4434646082926932,36.81885758282153,36.92522774544437,0.10637016262283794
10.980339041048829,27.011364276858536,36.85185106024971,36.82100701417599,-0.03084404607371738
-24.989107096413235,12.713074745504073,37.10285189093346,37.05667869927431,-0.04617319165915035
12.44464147564701,5.600900483485013,37.032916441089995,37.037795279174205,0.004878838084209747
-4.707018236702503,-26.833244986264866,37.279066771415216,37.24310952076164,-0.035957250653574135
-18.214840171107483,-12.748778461953066,36.97194182632786,37.0297527380061,0.0578109116782457
26.272915163026255,31.456836227759837,36.810463513791866,36.794148539936934,-0.01631497385493219
31.636802390451216,14.68833467284481,36.933469431694576,37.00509697826096,0.0716275465663827
28.423929227419443,1.598630525016219,37.16525384819349,37.15950641876559,-0.005747429427898965
11.894510565056862,-14.80263238252433,37.10993989251437,37.14085962667417,0.030919734159802204
20.905885690908732,2.675683467182317,37.116517274860044,37.10288448834479,-0.013632786515252349
14.93638477690397,13.686340643432118,36.930323119920445,36.946020450844436,0.015697330923991615
18.885400023011805,-8.744770536622717,37.160290732416456,37.15474461464753,-0.005546117768929548
4.5907193370536845,-9.869653314185761,37.0863996452063,37.06603102475007,-0.020368620456231668
14.193496704955734,13.569309848834422,36.93760877195609,36.946862883857506,0.009254111901412898
-27.16002115412202,-2.359084617145207,36.704305191665924,36.74728580278732,0.04298061112139351
-14.750305029374012,0.8125686357841815,36.85596667473803,36.90541147614591,0.04944480140787988
-7.163806434076797,-2.699038648237803,37.02893805364338,36.949411306810376,-0.07952674683300387
17.150895307035128,29.167128229468062,36.90169884689069,36.826567050164066,-0.07513179672662318
22.253445511896203,10.250950885534913,36.98205547041434,37.022440015784824,0.04038454537048608
11.602087318344196,7.615296284301124,36.99122812533158,37.01392457174413,0.022696446412545868
-17.06908078258241,-22.259544245802665,37.17965350803391,37.13995943245513,-0.039694075578779575
3.7239083599965497,19.299785527545907,36.88612247502357,37.04837412798872,0.16225165296515343
-1.9231605371655789,10.224036749707366,37.16964920905952,37.15789116153813,-0.01175804752138987
-6.3346637550271225,25.511566851296777,36.90233744220599,36.96549412451125,0.06315668230526228
31.484244943119137,22.77827805876874,36.85533091144265,36.89850661063967,0.0431756991970218
17.61288357740726,23.448306358963002,36.824118605697855,36.865404023150646,0.041285417452790796
1.935248269885129,-4.3831250621557984,36.952468722327204,36.9968171212736,0.04434839894639708
18.730916348214834,6.168359959921595,37.04572448491119,37.04972247150917,0.00399798659798023
-12.266539556159238,-10.929064686861608,37.12292511070263,37.05048576576222,-0.07243934494041326
6.747554941821079,23.706396374548376,36.828791916797115,36.870330027189404,0.041538110392288274
5.767417359351256,4.191975444878722,36.98274157815885,36.992109614993325,0.009368036834473514
-1.277736265044986,-23.706784730333332,37.28019994533011,37.210546657075625,-0.0696532882544858
-0.8211189020325733,9.194439846104054,37.13817293022161,37.12019686047567,-0.017976069745934353
1.6269175845905366,6.723061410290249,36.94428890612935,37.04599376727007,0.10170486114071764
2.2972288099819167,-13.949731402565767,37.18598297682555,37.10656484352976,-0.07941813329578906
25.112864000923686,17.22478869048699,36.86118167497884,36.94354692608795,0.08236525110910975
26.5780989448889,-28.664357863917942,37.6233831869303,37.57730393863971,-0.04607924829058874
8.477525879523164,-10.16819753460966,36.999855453565175,37.07938690702246,0.0795314534572853
-2.9592725880797914,18.08035952658787,37.18833047828367,37.154459542207874,-0.03387093607579317
1.988322263204637,-2.880898613508485,36.956374480662255,36.97986529752812,0.023490816865866293
-1.4191115968801,-30.46087566676956,37.32009261848981,37.287250738062234,-0.03284188042757563
-6.687480640337711,-11.069813200326912,37.102925851219496,37.062067579593425,-0.04085827162607103
-24.09815921315122,31.233678793390673,36.76705185887061,36.78150368366623,0.014451824795621349
-15.411141126682153,-3.1961869457040137,36.92807153959278,36.91830236520656,-0.00976917438622138
31.50661022975268,-24.06883315862666,37.532979270826175,37.58178923440528,0.048809963579103055
-0.7432373549382163,-14.6819231915985,37.135701278185216,37.10835654361886,-0.027344734566355555
23.045095132133945,26.197441385586608,36.90746570811265,36.8364860154605,-0.07097969265215198
-2.6628900416064596,-21.939266736279848,37.24120861956712,37.189229130338774,-0.05197948922834428
20.54522864420425,16.717980086453203,36.86742515057342,36.93034228516626,0.06291713459284409
-21.134331210260513,6.196545996700912,37.06063375973935,37.122828230959485,0.06219447122013122
-23.15113936321292,-29.67413457073947,37.09500547489065,37.14474702716261,0.04974155227196064
-27.31549630602983,4.423846042295111,36.76663704918754,36.94458358160928,0.17794653242174263
-8.86590542563897,6.826644550697743,37.20222533427379,37.17393351562965,-0.028291818644142097
-0.08884275484922455,-11.735779583323108,37.096157639843504,37.075416755349806,-0.02074088449369782
18.899480623682095,2.4683658260683785,37.10869619293997,37.09349396880022,-0.015202224139756026
-7.6917521085376706,25.773584318465353,36.8670706506392,36.95362891075556,0.08655826011636236
9.627885500243949,-22.36834532770696,37.21322050662259,37.22111138469704,0.007890878074448437
24.879453804421914,-2.6927022820491686,37.16904840670862,37.167264424658654,-0.0017839820499645498
22.551937295595906,-30.117518953582874,37.60786517954054,37.5568217260022,-0.051043453538341055
25.631514958731238,-4.355146881535944,37.180802256387736,37.1779169511883,-0.00288530519943464
-1.8869010917935967,5.7223776376655024,37.15352420898083,37.07706855209554,-0.07645565688529388
14.447627316730632,20.33628090209377,36.90207281348385,36.882834350874305,-0.019238462609543205
-30.933497957441645,-4.5916962623263515,36.843703211771114,36.72551621425994,-0.11818699751117379
-5.66576309158409,-2.753658338620106,37.053242463353214,36.957262921525995,-0.09597954182721935
-3.0847780679218957,-27.124536805377808,37.293362309024914,37.24784242535174,-0.0455198836731725
20.45556065170775,-10.810793193998109,37.178975327195914,37.171716893306275,-0.007258433889639093
-29.50725629091245,30.504820537287976,36.75571344926564,36.766009630012746,0.0102961807471047
-4.28959916786399,7.138114906040272,37.285712633525755,37.14448375714945,-0.141228876376303
17.169155333837914,8.64772580532049,36.99331073679495,37.01187945796228,0.018568721167326885
-26.887416275129254,2.680990762435968,36.71772590087416,36.857851831842446,0.14012593096828851
-19.6367591754738,5.201581461084977,37.04015524029458,37.08974433698921,0.04958909669463196
23.18580759002581,-31.071609795350476,37.65646617815207,37.58577389874483,-0.07069227940723977
0.10730326309665372,-30.717456262722443,37.32456427189473,37.29168602960015,-0.03287824229457925
18.679622365166686,-19.624144381270312,37.25711648303778,37.278492754641974,0.021376271604196972
-0.34732614880558543,29.00976378493081,36.823609304128624,36.950408530565596,0.1267992264369724
-24.509844978041798,7.572044487931031,37.132530752932325,37.148107359670995,0.01557660673866934
24.691120649798734,-23.3095138158302,37.45157721951033,37.44397896127435,-0.007598258235979927
-11.090200212177507,-6.869543538528504,37.08736917523938,36.994345878996825,-0.09302329624255634
-21.274811684141113,-29.434673351644236,37.13001621700226,37.155301781454504,0.025285564452246945
5.245805657003785,2.675525743142032,36.98346447940785,36.98992337328549,0.006458893877642424
-17.909028271622113,-31.772148265328454,37.11189542048251,37.19049131582721,0.07859589534469791
22.97380499158011,-2.71950791522071,37.157720791072165,37.15616925900761,-0.0015515320645533848
30.60054037457482,-8.304641148013133,37.22782218388929,37.3084511349606,0.0806289510713114
-9.712722232647351,-22.88834691353979,37.21038427562579,37.190550433883914,-0.01983384174187819
-27.54375835511067,9.741957945738875,36.94399014021631,37.029018110302,0.08502797008569019
26.832806951199267,-27.385705714926083,37.58951475017896,37.55278853923078,-0.0367262109481743
0.2953635102981593,25.7524354446807,36.81591111678706,37.01367023430185,0.19775911751478503
13.394185920982139,1.430292241679119,37.08264418751596,37.075503291321546,-0.007140896194414381
1.0999379032981906,30.644390984027083,36.832314166464904,36.887707082377695,0.055392915912790386
24.7424163530373,6.649791465575873,37.05862397561554,37.07947348225338,0.020849506637837578
-21.498962640736273,10.447361124496751,37.229775016413456,37.14798618982603,-0.08178882658742737
14.452093330239812,13.217711680682982,36.9384144682903,36.95110602285665,0.012691554566352181
-13.48989010861822,-5.451153348419581,37.01500168806156,36.961555531594975,-0.05344615646658468
-10.625948577586769,-16.597427087291322,37.16959511490083,37.12149802811255,-0.04809708678828173
12.302207761485619,-2.4508318550104065,37.09235823611847,37.07651936102642,-0.01583887509205084
-23.743839316192123,-5.67267590619123,36.820725238659726,36.84522400485585,0.024498766196124677
-17.208191742462027,-1.2995146116716114,36.87732193302837,36.86989720575419,-0.007424727274177201
13.672502911622772,1.5905768053174114,37.08367283634645,37.07800805875119,-0.00566477759526407
-2.1221292644413197,0.3490651119775521,36.917785004183784,36.94603694012153,0.028251935937745998
-16.832373541565637,-29.09433395149685,37.18884287099084,37.181622830637565,-0.007220040353274726
25.657554429283813,-29.609389856570125,37.641038348923516,37.585948839809255,-0.05508950911426069
22.24602929025407,-25.225025227952834,37.481761070145495,37.446452302650634,-0.035308767494861115
29.072675807692562,23.780725156425838,36.85109029121493,36.87490556552272,0.023815274307786183
26.74159354283558,25.866102564461784,36.92459043872332,36.837474516498276,-0.0871159222250455
-8.398762822982775,27.188790749145973,36.78298831577003,36.926964114113204,0.14397579834317753
-25.53152799798586,-17.803903418431887,37.10806388128571,36.994632609206135,-0.11343127207957338
-0.9055303072875205,-3.6661806560229024,37.004038269427866,36.982910465943384,-0.0211278034844824
28.17441469534652,23.66599928998562,36.83959131954938,36.87250593562967,0.03291461608029067
-30.65391418027454,21.60899386867537,36.85406669154507,36.85670140030475,0.002634708759678972
-0.17020089870072042,-25.605563722718777,37.30021851889623,37.23311436155956,-0.06710415733667219
7.419986562819325,6.049453771586542,37.005577330270384,37.005114114704824,-0.00046321556555994903
-9.063894618438205,-22.540165263355163,37.203705722015606,37.19046347207953,-0.013242249936077144
7.232480526236991,-5.764305458529627,36.96311567178024,37.03729704083052,0.0741813690502866
9.010267620981274,31.58103965878191,36.88483388241611,36.84367023750412,-0.04116364491198965
18.7560388768582,4.47598886162892,37.07722512083554,37.06943810718896,-0.0077870136465847395
-31.916609804980382,31.596132978746887,36.72669898996302,36.73428768070547,0.007588690742451831
3.3559845377312314,29.002352656791885,36.82159536541748,36.8655570490503,0.04396168363282271
29.08002804849508,-7.951856122738491,37.217238661911814,37.27472042376595,0.05748176185413456
0.06995218552823701,25.178677865814905,36.84134396641264,37.03222789546076,0.19088392904811968
10.528512721195554,28.572914530415474,36.872250681364875,36.827616887262515,-0.044633794102360014
0.9575091974117527,7.843203119234204,36.992782419291345,37.07243118521143,0.07964876592008352
-24.861161513657926,12.2583321355498,37.116126493211425,37.069013218172586,-0.04711327503883922
13.369097654224916,9.448364196725137,36.96508946463982,36.99394454361264,0.0288550789728248
6.9006085677190185,-23.234914549281953,37.21117787080082,37.22397996245286,0.01280209165204127
19.93179333342197,-15.701782641783552,37.19821837348193,37.232514219679835,0.0342958461979066
-18.77289245459002,7.88100790431605,37.25086798431836,37.2369884312099,-0.013879553108459675
-30.14794499894692,23.346667688561077,36.82789845159215,36.84297664622986,0.01507819463770943
1.767458471886279,-22.36036386077027,37.297694969316794,37.200878251250465,-0.09681671806632863
-23.56002872753163,4.219684179588157,36.82064080946651,36.986066551911875,0.16542574244536468
-6.10286900923208,10.464467717180398,37.256690056020844,37.22008458384677,-0.03660547217407384
-10.32020062943132,0.2974596011078674,36.914962101816464,36.905541034818924,-0.00942106699753964
-18.685552748361623,-7.513943358752186,36.863885022898735,36.94368812333076,0.07980310043202365
25.820601023568422,11.657424489176215,36.96879157247666,37.019518833790976,0.050727261314314376
19.29971041509686,8.947383436736224,36.995199064473425,37.020931677701434,0.02573261322800846
5.2108233072452705,29.248497118073345,36.843741068983874,36.85672789762507,0.012986828641196269
-8.145489780403878,0.21203686361760532,36.92170945146327,36.91231274350304,-0.009396707960235062
-27.42814399341257,17.352017586769996,36.88994596374219,36.936931054713455,0.04698509097126191
28.514464390482708,2.4608120483417792,37.15130268455439,37.15006933898513,-0.0012333455692541406
-22.434715062781926,-20.02865636020295,37.12141244794957,37.07234592728795,-0.04906652066161854
19.4697154191786,21.84986510365689,36.827667987617446,36.87312770164612,0.04545971402867366
16.27032153051492,25.164406660653952,36.81404952700428,36.855931971017654,0.04188244401337471
-21.981633156531274,21.055471011463723,36.96641191710424,36.95327248974082,-0.013139427363419998
-13.144903389289887,22.019847370239397,36.869417285399436,36.98725516636469,0.11783788096525427
12.401710264388505,-23.252705045422402,37.30090537587611,37.27619346128346,-0.02471191459265043
-27.206293469958148,-3.3762152095408453,36.74783830790127,36.76208855325736,0.014250245356087987
-13.107375410502293,-30.410650824885707,37.2343873970649,37.213103055354246,-0.021284341710654076
-6.730416248139839,-26.34533752167078,37.235820564399404,37.229872454357924,-0.0059481100414799926
22.910355069868345,16.29705944304247,36.870997121646866,36.9461272327524,0.07513011110553691
8.748650199074582,28.387941959964287,36.862279221276054,36.83623000811965,-0.02604921315640496
-12.903602181077794,-1.6123053520504627,36.948890510454405,36.90600125231047,-0.04288925814393707
27.240467226019156,-0.14566212126798206,37.17117011256222,37.171583977907616,0.00041386534539356035
-23.90777060037029,29.41992202159306,36.80960043656062,36.812054433358384,0.002453996797761704
8.116731622728501,21.78721829570315,36.87756694864807,36.86445125252765,-0.013115696120415521
5.0624273737278,28.744129231403306,36.83541635375873,36.856101415096006,0.0206850613372751
17.381519883883747,-12.866492705299692,37.18170905332611,37.16136577696269,-0.020343276363419704
-15.781962356964577,-28.606285023469646,37.22740747388657,37.18545191448723,-0.041955559399340814
-26.048825786876556,11.1700384196661,37.04689800780261,37.0829400765738,0.036042068771187985
19.781101684159758,-10.494415464481804,37.17366382058209,37.166568030386244,-0.00709579019584794
-14.738041551213755,-29.35611290655897,37.223633397943736,37.196512148437044,-0.027121249506691925
-6.746716026862934,31.894031074621196,36.880762173680864,36.85857336820925,-0.022188805471614614
-24.82550246082397,-8.463383263656993,36.89427597190294,36.87140441776014,-0.022871554142803063
2.382667679938855,10.41648169647496,36.92823067567941,37.10446148706905,0.1762308113896438
-4.250644477989333,17.661553920515153,37.166412449991114,37.15066358400878,-0.015748865982331495
25.363071395574018,-11.748430369464124,37.21217142613387,37.26811816482762,0.05594673869374844
-27.511273532770836,-30.87260821666014,37.05153909854939,37.12399220450146,0.07245310595207144
20.794687061554853,13.477458681406318,36.916107138743065,36.97385644731397,0.0577493085709051
-18.33205188533666,24.460141868927842,36.861968171364175,36.92118792309359,0.05921975172941529
1.29308563072437,-11.246866275895712,37.110886525194736,37.07324663581705,-0.037639889377686586
-30.578514824633224,-19.264611951116443,37.07112197766392,36.94078050771047,-0.13034146995344997
2.824050661585403,-21.259313636414106,37.286293389552384,37.19106132243452,-0.09523206711786258
-17.98684329850557,-30.68201915420415,37.140588519855385,37.18359073650297,0.04300221664758652
-4.850232594086442,24.127437819358747,37.00616612774443,37.009034038001126,0.0028679102566968595
-28.747557956648976,-26.506256117154024,37.171973397221215,37.0715475884439,-0.10042580877731666
28.699760787819137,-13.058800520841132,37.26997759272407,37.35086856798074,0.080890975256672
-9.695794797276946,-14.651086415744466,37.15007060065819,37.10017228753148,-0.049898313126711
16.546284607101768,18.780207745750886,36.91520134772225,36.89972216791349,-0.015479179808764343
9.532915635184708,-27.886275319644653,37.369102643272925,37.33985858423247,-0.02924405904045102
-12.531929588759688,21.504851172417503,36.89174453936619,36.99875922170684,0.10701468234065459
20.19992714678917,7.527140462952779,37.02558350174369,37.0426420103845,0.017058508640808157
24.702858787789317,14.054635314294217,36.9197737135616,36.98327516171292,0.06350144815132097
-29.555787520779752,-14.323861922311515,37.029644578645076,36.88521517111153,-0.1444294075335435
23.98640218936474,30.321388534391332,36.91608386731275,36.806170013074436,-0.10991385423831446
-31.701223574066155,-28.8601215269291,36.991579858662774,37.06148611516332,0.06990625650054483
11.808352436412314,-31.39564356983621,37.5381982715176,37.44562580729002,-0.09257246422757959
-12.030411621822438,3.986817718196704,37.07039033151461,37.04551992993192,-0.024870401582688828
27.664684244254474,-28.984222890719835,37.64320500725584,37.5983187002832,-0.04488630697263574
3.2296767396601638,-2.9403999401111705,36.909316739262415,36.985928831560706,0.07661209229829069
-0.9040636684768302,27.557071208216293,36.78736509642393,36.97548688385981,0.18812178743587538
1.001559603597812,-18.894654969629556,37.260062880252214,37.159493196763755,-0.10056968348845885
29.90325049789041,-10.437853978037445,37.237916540225,37.33034801455672,0.09243147433171828
-6.123291225947106,20.795655528562897,37.04293688894311,37.06658914444719,0.02365225550408212
25.260260552421194,5.7250766750166875,37.07819236700732,37.09320783169059,0.015015464683273194
22.76447262301857,-28.416602977606445,37.57227044062788,37.52257647932324,-0.049693961304640766
6.554772209937859,19.904372065126623,36.884531195792775,36.94447493845494,0.0599437426621634
-5.141297274533592,-30.610395645899438,37.30556479103312,37.2650603042945,-0.040504486738619505
25.617434048069782,-22.679129030044606,37.44306777010289,37.4507654649677,0.0076976948648095345
-21.07809956422721,-8.781207851587872,36.858123500477475,36.929588581569575,0.07146508109210004
-30.292759471753016,-4.588178101802178,36.84153962045781,36.7349567994067,-0.10658282105110573
-30.603024690374788,-21.631390153687477,37.09648733500535,36.974291968348474,-0.12219536665687514
-25.139824600675908,13.40713929679918,37.07716460813121,37.03831789898911,-0.0388467091420992
19.97232261764691,-1.3027199616777665,37.13404471098846,37.13322259523497,-0.0008221157534933354
-18.766590861387762,30.374288435914465,36.74954314577473,36.82251355365337,0.07297040787864262
11.107691887899357,30.524095657317062,36.88316852854153,36.83001434213214,-0.053154186409393844
-5.421875179566825,-22.496455318474624,37.19260130639302,37.193153038465525,0.0005517320725019204
21.43662847974715,16.322713240860892,36.866796702794744,36.93938982846138,0.07259312566663567
-1.8152484068829864,30.8398978113294,36.884533260776536,36.90073447189284,0.016201211116303682
17.290205748297375,6.433956625698102,37.034915496358344,37.03818733528661,0.0032718389282635485
-6.577678279884694,4.951515755791476,37.196346200051906,37.10953723302944,-0.08680896702246343
-24.224388105411613,-6.266644309972158,36.83933505494504,36.847547251238524,0.008212196293484908
-17.929670128955458,-24.38343391602993,37.20485215930009,37.14695102718458,-0.057901132115510734
14.523629101804154,-27.660373342738893,37.45397106589143,37.39951257170916,-0.054458494182270556
-10.860949963210913,-15.40042809965854,37.173148716008825,37.1076765384158,-0.0654721775930227
-12.716894024864843,-16.551972679241217,37.18006173782011,37.119151406954614,-0.060910330865496576
0.9830967904333292,2.231827629503364,36.90340206500269,36.9722306794932,0.06882861449051347
-27.36437745826059,-0.1916560529133946,36.68794749619701,36.71151976547912,0.02357226928210565
12.04403795033381,19.4018467292666,36.944024109500994,36.88378786804553,-0.06023624145546336
-31.850151765450086,-21.980060296884858,37.10937982374118,36.960809239973436,-0.1485705837677429
29.018603609258875,23.636380191403397,36.84152178212567,36.87656070629654,0.035038924170869734
20.12187718320329,-11.367813993666054,37.17956892759275,37.17184533092757,-0.007723596665179855
-18.725974733249913,-12.488849477210195,36.94880506508929,37.01868112859046,0.06987606350116948
24.23939950453608,-28.89196119951479,37.60625989738314,37.551997387179384,-0.054262510203756165
13.158074021425016,-16.915786193930956,37.11246041020647,37.16813463263586,0.05567422242939557
-15.835729159541444,28.22148091095862,36.71932573541328,36.87246871376981,0.15314297835653434
-14.892638073510497,-26.90702664871209,37.26562522238999,37.18113821384255,-0.08448700854744118
23.85109915847829,28.65864599838521,36.939517802807856,36.81795052616146,-0.12156727664639533
8.821781371031896,-12.210162330601818,37.00909718308466,37.103496411273866,0.09439922818920365
-1.0507367524691062,8.98716004625021,37.14344350936386,37.12053735253907,-0.022906156824795687
-23.14738312363599,26.434509348548595,36.86665227901099,36.86460343918839,-0.002048839822599291
-31.61172714775055,12.267367175753563,36.92372198123525,36.86309809796419,-0.06062388327106305
17.94407185933313,7.324918412276887,37.020621078592804,37.03172705303163,0.011105974438827104
-5.6898433065137795,1.017294278554651,36.958645751159736,36.95608421153531,-0.0025615396244234034
-26.917245900378433,-0.14745540254057232,36.69726899521712,36.71708036418956,0.019811368972440846
-8.04385919921615,-16.02527140107265,37.14544053474936,37.11724908538789,-0.02819144936147211
-20.835558741556014,0.8438533660218823,36.76093758579989,36.844486850944854,0.08354926514496697
2.7256121270281355,9.423018727323871,36.94866756515476,37.083443153599866,0.13477558844510895
17.47136236968671,28.360209501677502,36.91828454937132,36.831584202287054,-0.08670034708426755
-0.8907402994773648,8.856930257394225,37.138355012274424,37.11540769671941,-0.02294731555501528
-8.523319936686853,20.053220247981635,36.98173759327608,37.05878000540969,0.07704241213360774
-13.3496507963292,-15.405403800900217,37.162763200429794,37.10555552378845,-0.0572076766413403
-7.272970273525139,-3.9363093791698063,37.06845242729196,36.96769065053899,-0.10076177675296805
-14.669938946860611,29.62648928032273,36.73793039240521,36.85545132769625,0.11752093529104002
15.438001441266614,-22.459669070367163,37.318039230139654,37.29822694592687,-0.019812284212783027
0.6520619481221885,-4.813293139894704,36.9857429466828,36.99842211820836,0.012679171525562083
-28.87120256304874,-25.516814055685664,37.1759023831176,37.05555471320684,-0.12034766991076395
-13.45639229816694,-8.980249648858724,37.07156794030068,37.015310702644385,-0.056257237656296866
-20.979603302434498,14.473404959957897,37.12468345926745,37.055949908061855,-0.06873355120559665
-16.973842678880324,-14.300057392264392,37.04436755752662,37.07060918930812,0.026241631781502406
-22.27442774937174,23.144482031157537,36.92504229759523,36.92269134638555,-0.0023509512096850926
-7.938876697365799,-10.157315385980006,37.11560224355751,37.05059294540533,-0.0650092981521837
1.3958142226415973,21.28958357893523,37.192208946897885,37.07561460916358,-0.1165943377343055
-16.6022968613119,-5.219009350002352,36.900569944304856,36.93786919199862,0.0372992476937668
27.535221816336424,10.36601434005155,36.99918668760576,37.043876119499664,0.04468943189390728
-17.01025221059519,12.384362919906565,37.18752556245349,37.15165395517658,-0.035871607276909856
-7.552717049788889,-9.670750585688474,37.10903200906183,37.04539616049364,-0.0636358485681896
10.472679166962777,19.271066902602257,36.934748681827294,36.89422806375486,-0.0405206180724349
-24.923108076828818,-19.939809881598038,37.147831236720144,37.034214990542345,-0.11361624617779853
31.247587079739617,22.435306661183965,36.84498875987471,36.901969409782744,0.05698064990803431
30.14766124979728,3.4244381008901428,37.13952549160196,37.14611516717028,0.0065896755683212405
18.459960397789537,-10.092002546517278,37.16412745810325,37.15729727688645,-0.006830181216798792
-21.070734584898794,18.18559212209199,37.016571764565306,36.99416929393474,-0.022402470630566995
-21.278907242122877,-25.921950644330003,37.24478366886819,37.1346384263669,-0.11014524250128943
-31.251371816578512,-29.80172934739482,36.998697691908085,37.081626306251515,0.08292861434343024
31.099435880984608,-8.295672252774729,37.230779813512875,37.31748790554986,0.08670809203698582
20.45923343151732,19.889043364120127,36.84842439385355,36.88844763366921,0.04002323981566036
22.693057144265254,26.44127776824439,36.91398643086766,36.83543246940882,-0.07855396145883731
-26.303793561333762,27.41552160593274,36.821701786226384,36.83262134889897,0.010919562672583538
-27.21601300111302,-28.063078598780606,37.09363950902654,37.10936850388574,0.015728994859202317
-5.497427925934126,18.157795428933802,37.11258126337535,37.12808637371453,0.015505110339184114
19.434074497710675,21.033855564912386,36.85991648899501,36.87885336699132,0.018936877996310386
10.976637520260809,-9.99101680700101,37.096922915443535,37.09129080776391,-0.0056321076796237435
11.20136175607103,-30.999607214156462,37.51641080629925,37.42915907462707,-0.08725173167217548
-0.6787984796750095,1.2648914888147544,36.95134705265599,36.97645227794381,0.02510522528781678
13.981263944284386,-1.0592458410898757,37.09718398850261,37.08840629833648,-0.008777690166127172
15.264654374721466,-16.786762713129697,37.166264829055834,37.17259855498352,0.0063337259276892155
16.666279528169632,14.383231078464625,36.91260372877137,36.94260828288325,0.030004554111876303
-25.616476937220092,-12.039726829422058,36.982271351126755,36.91087452561353,-0.07139682551322579
-12.963280694886599,-3.502498552062306,36.99801853223537,36.93442881850216,-0.06358971373320799
-8.62562685796886,10.92465464207325,37.22448036639875,37.191115919035106,-0.03336444736364541
25.43335490400444,-19.257492635401988,37.343654840849595,37.39166874067197,0.04801389982237225
8.718775652748512,31.43643883658965,36.885489463256334,36.84476648158028,-0.040722981676054815
-6.16925717466502,-6.944942151904613,37.07697338619465,37.01560061695009,-0.061372769244563585
-7.09347850384782,-21.31768727565578,37.18310253869477,37.17828189906971,-0.0048206396250591865
-14.052068774294497,-2.3884189785745207,36.97981841239184,36.91240504085759,-0.06741337153425064
-17.300524925604364,13.805572629850289,37.128695169198764,37.111788467868536,-0.016906701330228202
5.947623190389763,-26.65326619724088,37.291820406596045,37.26665591481566,-0.025164491780387266
1.791439312761156,-28.42933340640645,37.3475142880385,37.26997423073682,-0.07754005730167535
-6.444792759686678,24.6859461535889,36.943026036236034,36.98175840136769,0.03873236513165779
13.608194515607586,-1.0117586502040012,37.09470789170635,37.084427576566014,-0.010280315140335006
-6.547221858097764,8.089154970861657,37.196010486659645,37.20107365680132,0.005063170141674789
30.459417952709167,18.61122089706241,36.85522452822178,36.948617423111166,0.09339289488938363
9.429588734250999,-11.24170312419303,37.03254843307759,37.09403769416922,0.06148926109163
20.547788498743977,28.1461483575385,36.948906829815634,36.8274932291156,-0.1214136007000306
28.976509709543826,-4.915325941542136,37.20343455603716,37.22337653232702,0.01994197628986427
24.92547646965692,12.3445114848707,36.95218129836132,37.00663409116005,0.054452792798734606
-12.181595227406575,20.912421288776905,36.91246969419583,37.01019680188808,0.09772710769225057
-4.349247439518464,-1.2145549772518578,36.97539592511203,36.940058956344274,-0.03533696876775849
10.831849445149082,-24.745629716054196,37.30285675883712,37.288354498520796,-0.014502260316326954
25.47516840241012,14.39198449381476,36.91597750702134,36.98221271578208,0.06623520876074451
2.0371869607437745,23.94678478289194,37.014225682768895,37.00129374606779,-0.012931936701107816
-5.395598699519184,-4.430038213341206,37.09029746910124,36.98398933646112,-0.10630813264011607
-20.618745623899812,31.916437306679228,36.77357912221353,36.7879807167138,0.01440159450026357
-7.10520188797171,31.42892530431582,36.87048071030578,36.86434557141549,-0.006135138890286385
-25.401688695103438,-4.752715879757524,36.81041862777609,36.80814583623581,-0.002272791540278263
-19.011059486206534,4.732969101569864,37.008883615197604,37.07321671391906,0.06433309872145543
-26.126207655740977,-2.071262528555046,36.68051281933106,36.75732328045054,0.07681046111948575
6.142803321979663,16.40982568098822,36.91409271909584,37.01665505980287,0.1025623407070313
28.297258512981116,25.234469507439663,36.914827108789325,36.852502381552725,-0.0623247272366001
21.527759617229016,7.760606461835238,37.02565917297805,37.04774357553625,0.022084402558199656
3.1555626094583715,19.541962811789467,36.92365306929113,37.061501910604306,0.1378488413131791
6.426664824188208,-1.9684700571539722,36.93639517259222,37.01485341061074,0.07845823801851992
-6.506976316327567,-15.59511551471926,37.13399335977003,37.113700834703145,-0.020292525066885503
-16.55937350305821,13.075025533487072,37.1581792215306,37.13930991035558,-0.018869311175023995
1.4991339460116677,-30.116508641248316,37.36831173507747,37.288416816530855,-0.07989491854661424
-23.618074491992196,-8.967080463126827,36.89169164803565,36.89649861071587,0.004806962680213189
27.839342557591777,16.540362874722994,36.884177226129154,36.96435176784364,0.08017454171448435
12.276401492754452,20.41460085492399,36.92262497387534,36.872384788379655,-0.050240185495681544
5.801687684137576,-13.833867762831574,37.15833610862674,37.11422707049281,-0.04410903813393219
9.254320915877273,-25.201187581415738,37.287328213786914,37.277853606744955,-0.009474607041958905
3.7187165719674553,15.854631377894066,36.888831150375566,37.104635212052926,0.21580406167736044
-5.1930844238521345,-2.33567329265572,37.02371278966329,36.9531304548954,-0.07058233476789155
5.029353159207865,9.061440233646643,37.03098739300672,37.054685045432,0.023697652425283877
-9.342236650309665,14.616109841305061,37.11466757776924,37.149060149167084,0.03439257139784502
-1.8986288883072149,-21.49465840416525,37.25192436209773,37.18484043907011,-0.06708392302762434
-3.608030220554596,-25.288568470571434,37.27546610335983,37.22650043990976,-0.04896566345006903
10.206067840059063,23.408843198279477,36.85209680430381,36.84216633483221,-0.009930469471605363
31.794910113977075,11.51276149157411,36.99343794143689,37.04736392002729,0.05392597859039938
21.94675008212323,-22.967634760920888,37.413639534544615,37.3934821352375,-0.020157399307116464
-8.495635577733594,-1.9532225174870845,37.0042954403568,36.931841275213706,-0.07245416514309255
12.768652001516777,-22.15897827259161,37.278124268548765,37.25715221269849,-0.020972055850272397
-15.682839127934677,-20.415229015124595,37.19196326285996,37.13796137102327,-0.054001891836684024
4.852704605521595,-19.361350970112056,37.208899638332944,37.17467042283668,-0.034229215496267784
16.1573899745621,-27.93690487841217,37.471555555366734,37.426663913901365,-0.0448916414653695
-21.253431655113324,2.7259686297813985,36.753649306241115,36.93876775280335,0.1851184465622353
-2.9264976131156075,4.248940508170534,37.163294961572035,37.06908086713213,-0.0942140944399057
20.499374916738667,-18.693592272152884,37.27101790939551,37.29167166874221,0.02065375934670044
-23.816859944860504,15.369316896894787,37.094012074873795,37.00466617188187,-0.0893459029919228
-12.892697014361111,-14.933233514883227,37.16381033540371,37.10058442134423,-0.06322591405947975
-10.311321359474078,-26.899453990092496,37.243133565577324,37.21029961852514,-0.032833947052182566
3.6661265104196943,-17.453201184243532,37.249101119285044,37.14992461265372,-0.09917650663132349
-7.6313542972485,-24.378517968080104,37.20904502273141,37.21257390941751,0.003528886686098076
-18.752161002468675,1.3274017647006673,36.807765347799524,36.8992429373881,0.09147758958857821
-15.724583645093901,-9.019248866712495,36.99924680876045,37.00527085632682,0.006024047566370427
-16.583760005983393,23.725272598181178,36.835557644356484,36.94202620571188,0.10646856135539906
-29.025482398810404,7.155863639917584,36.81760409499963,36.91161136710918,0.0940072721095504
21.725998572763004,-27.88269149126547,37.526779080579246,37.497528646470144,-0.029250434109101775
16.341905273415506,15.107895754083344,36.90854439540128,36.93232364882473,0.023779253423448665
19.168281526261133,-19.660748939312548,37.26040464549463,37.28561093167605,0.025206286181415294
-20.25655928264632,-4.33593148288616,36.76037211923366,36.87352616439445,0.11315404516079042
-12.926491951300576,2.729836354765318,36.89414458135296,36.99077113794106,0.09662655658809882
9.280390694982273,-30.686734961459955,37.448168152428316,37.39750154002809,-0.05066661240022796
19.491057475415552,21.469639222923284,36.842669704147625,36.87572683621678,0.03305713206915328
-29.90976966640259,17.511602585437217,36.892795802692994,36.90928362582871,0.016487823135712176
28.27623824960282,1.2905466315148857,37.16872027328294,37.162200954289524,-0.006519318993419176
6.454220179401176,17.59071647168988,36.9050315665222,36.98655945565653,0.0815278891343354
-0.6874985173647872,2.8946932510345533,37.054497785296995,37.005635916245275,-0.048861869051719964
-8.200634849470589,5.8694282177042965,37.21113446454091,37.138703492114885,-0.07243097242602659
-5.137680156392236,5.063568945981345,37.205942505563826,37.12077635516529,-0.08516615039853548
5.640113186936972,26.530536530625334,36.78632573370079,36.84705339537617,0.06072766167537935
23.69667222781328,-10.916539591179216,37.1987626984344,37.223901783412074,0.02513908497767403
5.882915260377999,-22.133196143721023,37.17904769606304,37.208840076489544,0.02979238042650678
-26.781683171476757,-12.059154810869245,36.99590118431405,36.89389297125306,-0.10200821306099073
-9.15985874486821,12.419995943540243,37.17780155288928,37.1717014157739,-0.006100137115375048
-12.189098772167405,-9.114074426865201,37.09809596853108,37.02328360486348,-0.07481236366759703
16.523462263502452,9.829866709861577,36.968326344663225,36.994417506965306,0.026091162302080306
6.473123436042734,-25.389656960515737,37.26307926160336,37.247394726730725,-0.01568453487263355
19.120606512061144,-28.078933654339593,37.44907205159906,37.468089653731674,0.01901760213261383
-28.950263149252066,8.3769727274437,36.92364253220956,36.935281169102765,0.011638636893202658
6.383680048942487,28.348944274881532,36.83583211338869,36.8482432365051,0.012411123116407907
-25.51366613445809,-4.850688158076956,36.81708375372462,36.80807310465178,-0.009010649072834553
28.75945218616034,-16.05967331051383,37.31681336247337,37.400825222888315,0.08401186041494668
-9.116871173294477,2.042835888007538,36.90281465612783,36.98110577913848,0.07829112301065067
-14.172495198477378,-1.9990996608645943,36.968257349024356,36.90592775485651,-0.06232959416784212
-14.212865975131756,-14.144107574385707,37.130721438584956,37.090190824527554,-0.04053061405740266
-31.022586692527142,-11.264992903773525,36.974217961346795,36.8197081455522,-0.15450981579459722
-7.7040961752634445,19.20234132576725,37.02276589989188,37.08463589445007,0.06186999455818665
-30.459394818088427,-7.888162651250582,36.939348324924616,36.77971954220309,-0.15962878272152636
28.599367209158267,17.083654913591246,36.8768419856907,36.96053939478995,0.08369740909924417
29.912417661038404,-22.70977210210379,37.48699636046991,37.53031891461086,0.043322554140949876
-21.31889703144114,-28.5912870982989,37.1778267865883,37.15006584312707,-0.02776094346123159
-23.56965050775638,-15.604968879143826,37.03714460896101,36.9922206689366,-0.04492394002440392
4.405456391830938,-24.05085754538186,37.251020553522885,37.22686748658278,-0.024153066940101553
-23.438445252617896,-12.115755163774068,36.958808551003344,36.94422477547712,-0.014583775526226361
-13.589795323348156,24.18372943359318,36.801597126467655,36.949704574790054,0.1481074483223992
-26.349390560496794,10.800121590970967,37.016725822144394,37.088750295043205,0.07202447289881064
-30.85323206203413,-30.133023050732994,37.00682567251703,37.09226539249473,0.08543971997769972
24.87426573046242,25.43525554317126,36.89211289633705,36.83845830803279,-0.05365458830426206
-2.2199885015207244,-9.623911449286389,37.06768768090184,37.0495295027968,-0.018158178105039724
-27.82474689000474,18.495455824753186,36.88426128995248,36.92028515625234,0.03602386629986398
-13.272456733592136,-21.537167789015115,37.21633553821097,37.15991894908382,-0.05641658912715286
-18.81684095839438,-29.986777374277224,37.141022422375386,37.17421495596411,0.03319253358872487
-22.79211202616731,23.08340964812745,36.93406335483619,36.92106681298245,-0.012996541853738108
7.267881480782734,-30.164621222620838,37.40339170496105,37.36010872824963,-0.043282976711424226
-3.315433813796986,-30.58278187662318,37.316185864847185,37.2765379529622,-0.039647911884983955
10.358604124931581,18.753061276009277,36.94474007337807,36.90350355197096,-0.041236521407114424
0.5449800081069753,27.394501422801547,36.7865239838704,36.97197917238707,0.18545518851666998
25.73890069958606,24.867195527115122,36.886001714010476,36.84619850848067,-0.03980320552980743
11.824773794879015,30.044407709957135,36.86608181086311,36.82502015550363,-0.04106165535947781
7.258076366840115,7.779108465964974,37.018767628114105,37.01025275474623,-0.008514873367872156
6.877294187631335,8.485519874650741,37.01445397876509,37.02652453532453,0.012070556559443446
-11.676976778460997,30.28489314182041,36.77465576663924,36.859862985683094,0.08520721904385198
-0.8351865621091008,-9.731955035644582,37.062340521287034,37.05197020028861,-0.010370320998426052
23.830762091140613,25.347207757963425,36.897216955203646,36.840960489888936,-0.056256465314710624
2.8349986707948034,15.820212890045504,36.898965852072635,37.134101971523414,0.23513611945077884
12.317909838429486,-28.993324687566165,37.47840053669226,37.39996777048924,-0.0784327662030222
27.700885307259988,-0.6365233041137373,37.17638769012456,37.17612966357058,-0.0002580265539791071
21.247864860061597,3.3637890668591695,37.10735297612147,37.0969373949673,-0.010415581154170184
12.891610402446155,1.542484276148059,37.07922908677294,37.070151907155356,-0.009077179617584363
13.042448406452323,5.905830230571972,37.02895944805711,37.03468052123844,0.005721073181334191
-21.47685782634627,-9.280685550324833,36.87389720264591,36.93161670584085,0.05771950319494579
7.010474471529321,-18.465104861416187,37.09270115971419,37.1700049086319,0.07730374891771419
-0.5660761850278817,-7.751240817014626,37.07748650786171,37.02967504763164,-0.047811460230064995
13.979355082638016,-19.022968998675452,37.21781874236088,37.20460748210282,-0.01321126025806052
23.27267766414706,-11.02666344280209,37.19674259917146,37.21789058743382,0.021147988262363526
11.028884058313722,-2.3114055808470653,37.084394110570585,37.06302452727225,-0.021369583298337602
-16.177662029523376,-29.53954161011702,37.19369586117065,37.18841221152122,-0.005283649649435063
-19.09280804939494,-0.2932097137275278,36.82749409419593,36.8283471103388,0.0008530161428694782
15.663005887886811,-3.204807072333786,37.11686643142787,37.113584899004096,-0.003281532423777378
5.908324137256876,10.549401545881906,36.96972005224936,37.061946379257776,0.09222632700841871
14.693094738269572,19.614986434904374,36.90817885004652,36.88895827635121,-0.019220573695307053
11.006098695643885,11.30017861777766,36.98462691648336,36.97265447712287,-0.011972439360484088
25.76392729763994,14.253806906000023,36.919468821171414,36.985276275023686,0.0658074538522726
-2.5919303472508943,24.596447739990325,36.97278860902232,37.021203276574504,0.04841466755218704
-13.258575322649428,27.429249295572326,36.7229299556047,36.89843883329506,0.17550887769036194
3.662673174886102,9.445906601686772,36.97486203043397,37.07477306496084,0.099911034526869
1.6801806272372488,11.511323321907298,36.95133295078579,37.13076869684511,0.179435746059319
0.38638591452667015,19.22431456188334,37.18897431325636,37.148132500918486,-0.04084181233787376
12.895022387270224,-6.945133296548676,37.14050323079542,37.099412290432376,-0.041090940363041284
-29.680123319249773,7.968014685318728,36.87704087471012,36.8915039647696,0.0144630900594791
25.525103343099772,-8.480535565570214,37.19855391446811,37.21789515308587,0.019341238617762713
25.846358728037117,-12.301476656472587,37.21860587420623,37.286017957151124,0.06741208294489098
9.766396416002245,10.688819862426215,37.00862458462535,36.98260180708984,-0.02602277753550908
-11.32545440457362,-31.74925858059843,37.19649484060302,37.23232712233186,0.03583228172883679
-14.002486488836887,29.006031298583352,36.74601752142498,36.86895152659212,0.1229340051671386
-23.802085809180703,3.519917731791736,36.76277035409601,36.945474053394214,0.18270369929820163
-21.303545835795596,16.80153128325759,37.05724426115024,37.00687749192825,-0.050366769221987795
-24.451580210356745,31.4583283164851,36.762618849424825,36.7760498945224,0.013431045097576089
-0.5525693614945837,11.750858946350242,37.16913434323983,37.16101667439311,-0.008117668846722381
-6.8701160604695275,-30.958417437967825,37.2975103685958,37.256083712562564,-0.04142665603323792
31.374949703980363,9.420562708386875,37.03129135201841,37.072934444813725,0.04164309279531864
-22.135936436450805,27.43352971732353,36.829501959194516,36.85342736827663,0.023925409082110605
-10.316159738105036,-13.584845537751754,37.15911614110213,37.08750097822108,-0.07161516288105219
25.95174877357318,21.651821560434456,36.79001899847861,36.88922437017827,0.09920537169966082
-1.6461929480867354,-21.513458707063457,37.25601535779232,37.18527517396327,-0.07074018382905223
-7.1014310673215135,-25.30433542559097,37.21465231835478,37.22139134757117,0.006739029216390691
-0.022548030712115974,-23.738237985403337,37.28803328953135,37.21200272755709,-0.07603056197425673
-17.00781391455034,31.435649068669605,36.788923618945375,36.814103916624916,0.02518029767954033
31.458723367873823,-16.832782414259327,37.36491399846255,37.46309586567208,0.09818186720953292
-9.807594045045668,3.0111219491498105,37.00724603085514,37.01665997600166,0.009413945146519609
13.055516181709457,10.259251389782229,36.95732660400717,36.98435307318057,0.027026469173399903
-10.561079320215661,-18.74978525467334,37.17861340985499,37.14603786286672,-0.032575546988269366
-10.711370346543895,14.528315152690439,37.10480516102506,37.136545145170636,0.031739984145573885
-26.88795026544848,0.018795896926711464,36.70758779013759,36.7162488999431,0.008661109805515821
-15.517715514724628,12.006773994499248,37.16138374586669,37.17025185279733,0.008868106930641773
-1.7744245071156826,-29.123689237535466,37.31521911621546,37.27172934363324,-0.043489772582219643
20.61687798738798,-23.406742432149258,37.38584387532401,37.38582750686108,-0.00001636846292996097
-16.090508611815793,-8.185172947509884,36.97098437954516,36.99005085036312,0.01906647081796109
-9.739172622036719,13.30061583653928,37.147929273774785,37.15768721648802,0.009757942713235934
-27.072988943233057,2.620733466912597,36.71785238211874,36.852060477875106,0.13420809575636383
-27.773974676982228,-17.124545116314287,37.06768048523006,36.95169305207445,-0.11598743315561677
-1.9631611720513504,30.225957800142886,36.853938150841344,36.910000559951655,0.056062409110310796
-1.081974168171513,9.665227360049045,37.155466387894485,37.13316403367938,-0.022302354215106845
10.432294425461144,-15.713911718613161,37.04991369542186,37.14747850026447,0.09756480484261232
-1.0185814919241878,-28.18339640063453,37.31317254527423,37.261694875251784,-0.05147767002244308
12.840803743319874,-25.406638760140986,37.380722121617715,37.32872229146226,-0.05199983015545229
-23.568448613995805,24.097414891867572,36.923425150398685,36.90059564846805,-0.022829501930637264
-17.79778766576559,-0.7863929709293416,36.84473921509628,36.85388667765437,0.00914746255809007
13.197469441252252,5.701140982301993,37.03346849342951,37.03715381763299,0.0036853242034808886
-0.5396103021482901,31.691793768706482,36.89276235857261,36.893295836993346,0.000533478420734923
20.210497185010638,-0.6374365311325008,37.13244930787787,37.13212705795368,-0.0003222499241886112
16.013518341769213,24.281290375253597,36.80866321718133,36.86252404602722,0.05386082884588461
13.139335747606559,25.601598241386824,36.82926490794476,36.840337131548836,0.011072223604074338
12.046085434837103,-30.899983366280047,37.52757482397281,37.437920868529794,-0.08965395544301913
4.237579385800444,2.7998659611893686,36.968932237042374,36.97939561644789,0.010463379405514672
-9.488190086960678,-28.819268611754275,37.252663730275565,37.22682599128968,-0.02583773898588504
2.257510980382527,-25.793862708594908,37.32195046358254,37.24119006019749,-0.08076040338504953
-0.421690766906444,-6.156516008119482,37.036568730909565,37.01166139017131,-0.024907340738252515
-18.560018135643418,-30.197937491137083,37.13827900483952,37.1770927671457,0.03881376230618372
-22.816462197465704,-11.065142581206004,36.92841474244425,36.93840100689355,0.00998626444930295
23.729617208581345,27.263052361056722,36.94018499384681,36.82785264305461,-0.11233235079220094
15.05589999703406,-19.205720117818544,37.22783421283734,37.222510118774174,-0.005324094063162477
18.990895273644043,24.535890208341407,36.81414886881642,36.85536126399615,0.041212395179734074
-3.3777627839943634,21.502879862148696,37.14496312124073,37.07850633575093,-0.06645678548979816
-13.779105007761558,26.99682692577486,36.721515017488386,36.9028575416715,0.18134252418311547
16.692539452382142,-22.315716336453463,37.32328366568538,37.31132655948306,-0.011957106202324042
-9.582242620253922,12.566495484724712,37.169897437670336,37.166191427347634,-0.0037060103227020136
-11.69451118374807,-2.6353443014894893,37.00620803345748,36.92720627040505,-0.07900176305243178
24.69622413645684,21.485600086018387,36.79580814366406,36.88594714746643,0.09013900380237061
-15.016134142164084,22.42350463483448,36.86698449700764,36.97119740154955,0.10421290454191023
10.374824877282443,3.9366149351209643,37.051341749887655,37.03957426013363,-0.011767489754028304
-28.89443182238208,-24.0236633281336,37.1602994951984,37.033839910014876,-0.1264595851835253
13.187309853723406,-26.935878884425357,37.42644307796994,37.36646618696879,-0.05997689100114911
-14.156666378834892,-6.164356157422027,37.00702199724321,36.969261785490055,-0.03776021175315236
7.338051252367933,11.509964843166088,36.98126662800665,37.0091835000225,0.027916872015850913
-9.271497375866517,30.6126088533927,36.799651719140925,36.866694862613706,0.06704314347278029
-15.38574895607475,26.00026891334229,36.759691864565184,36.910980259260974,0.15128839469578992
-24.690337062107048,-15.078619832352715,37.03832371772879,36.96808712861809,-0.0702365891106993
-7.144596817432074,8.174214533188064,37.212888079070076,37.21308017797856,0.00019209890848514988
7.656504560640045,5.056104333058769,37.01258599205798,37.00957242502459,-0.0030135670333919506
16.23689891890848,-5.6782807922306375,37.13113463802526,37.12768533411945,-0.0034493039058105524
-26.407630605564144,25.988491783274746,36.84066381553318,36.85312122667485,0.012457411141667762
-23.587255992384208,25.140510099207447,36.901212794434095,36.88348494554523,-0.01772784888886747
-3.4133035412687036,-3.953409277245555,37.09731246283731,36.98398338993005,-0.11332907290725558
4.065313817677804,11.260080543169536,36.954165010627136,37.103187457066454,0.14902244643931795
-14.244253715498495,-7.856010494180751,37.03340475180639,36.99454322008897,-0.03886153171741569
20.03680848706049,-5.093404811728377,37.15068903611417,37.147816517905454,-0.0028725182087185885
-13.275427298816986,15.82558026135527,37.04302758291242,37.09922157135366,0.0561939884412368
19.334875121366608,13.778155744402511,36.90455356689242,36.96357813703017,0.0590245701377512
31.87369739561379,10.827016090385229,37.006782494683065,37.05668513112872,0.04990263644565118
-29.670650341402407,22.290750619836878,36.85868313244715,36.85950750215714,0.0008243697099956648
-7.204049883966448,9.1060413689518,37.25090387727053,37.222253120626284,-0.028650756644246655
-31.334022245368047,-1.098844395652847,36.65859654306496,36.66959200590327,0.010995462838309322
-18.30782275131964,-12.208394032080896,36.95921724786035,37.02024970476571,0.061032456905358856
-22.630510739319618,2.3353437247751927,36.751968873002184,36.89879835093221,0.14682947793002654
-1.887025395672893,-1.1825149902907341,36.98414467134597,36.95111401487282,-0.03303065647315151
-28.30481394814155,1.4006974899274311,36.70762701574296,36.770001253343295,0.06237423760033778
21.289455602804985,-9.226870943299275,37.17687126720382,37.17067631770385,-0.006194949499970903
4.083261177635144,-6.344257851156144,36.92169342949458,37.02462928982459,0.10293586033000679
13.937941502434704,-5.00049201666571,37.114197804533475,37.10274462411855,-0.011453180414925157
-1.8721585739486883,28.13907704783712,36.799936487812694,36.953825835899416,0.1538893480867216
22.10580972691919,9.01418546994232,37.00416776317387,37.03664511264944,0.03247734947557035
-18.3728066212921,-2.9684867098263368,36.81648371340535,36.87901289962122,0.06252918621587611
22.13058211458631,15.199851164562851,36.88861969237686,36.957106664874246,0.06848697249738933
10.120086066705348,-19.076821913537927,37.13078727643394,37.18493156981242,0.054144293378477926
-26.843191247983924,30.2534033235436,36.770270901200085,36.78359770259177,0.01332680139168474
12.521864603281252,6.29047924471277,37.020197624253306,37.02987511564776,0.009677491394455728
-27.64246806147591,-4.938002040525092,36.828508422644504,36.7792210960444,-0.04928732660010127
1.635339994313476,-7.644664281381154,37.044002953737355,37.03314861493614,-0.010854338801216556
-15.631711807520183,-9.573212598497207,37.012213941771805,37.01411951724192,0.0019055754701184924
20.09875966797533,29.58847319275415,36.92691726219257,36.81830096532706,-0.108616296865506
-11.885698765190284,-3.8162649029588565,37.05106219268333,36.94424531025185,-0.10681688243148102
-30.47110717267391,19.047552406576266,36.88520811385463,36.88662521443829,0.001417100583658737
23.22952939821794,-9.464853317543266,37.189236511307456,37.191668168562195,0.00243165725473915
-24.54796339957491,-10.566555787493613,36.937492026423655,36.905617121852295,-0.03187490457136022
-5.026017647210509,17.49079788991576,37.13985603047311,37.14668957225146,0.006833541778348717
-5.084373869654129,23.100443959341405,37.03101096368548,37.0283180316247,-0.0026929320607820273
14.165216446318013,11.28852120123819,36.94589892448116,36.97321505991753,0.02731613543636513
27.405629740360858,15.938801037741264,36.89378485728702,36.97034452809677,0.07655967080975046
8.815196797611954,2.33957266135355,37.04570574350492,37.02697944876163,-0.018726294743288463
-28.74386765539205,6.843442051574449,36.79807519044933,36.92086166637001,0.12278647592067671
8.456979865494795,10.89634042685487,37.015936197580245,36.9883089408051,-0.027627256775147657
0.744414517724266,-4.843689532840472,36.98351235196639,36.999004530637734,0.015492178671344448
-20.419422708509394,19.193324582290877,36.99611890515285,36.989945287861126,-0.0061736172917221666
15.086199379151118,-25.65257885427627,37.40310553936905,37.36312129454827,-0.039984244820779224
21.87682177517626,-18.034209311447135,37.27275928138107,37.30628972115133,0.033530439770260045
13.362829100706563,-31.199744309755594,37.54356964263863,37.46147604022757,-0.08209360241105657
-24.053082869204054,-10.066612653576158,36.92104839036797,36.90579210360422,-0.015256286763751348
12.688808672594021,12.033272766411024,36.96020799000089,36.96358883960078,0.003380849599892599
-17.799868044227573,-28.21550548373544,37.19300961197347,37.17029193593499,-0.022717676038482182
-21.593019542629698,17.29477200820463,37.04550928355054,36.998461289684066,-0.04704799386647096
-0.10358905418294029,-28.47379745625097,37.32772568885439,37.26579880564245,-0.06192688321194595
-27.90083998311215,-15.158321125352629,37.0460856854885,36.92167227885676,-0.12441340663173861
-17.751505639800335,-4.554028218260953,36.84702929110132,36.91175269371012,0.06472340260879861
-29.118071521796928,-26.011459608057834,37.173275555453586,37.05897758122371,-0.11429797422987775
-12.191649242310696,-3.206148578463349,37.012199969488094,36.93354502571208,-0.07865494377601578
-7.234722165463381,-31.434881029316088,37.28288102479243,37.2565585722424,-0.026322452550033404
-0.3762990447387864,-9.469411708851169,37.05947089561454,37.04938529652404,-0.010085599090501773
-19.284537359443362,27.991877383527864,36.77274897162441,36.858754529799015,0.08600555817460531
6.975083489065142,30.67519753611098,36.86662703965203,36.851609490342845,-0.015017549309185085
23.176918088287714,-24.42935814504149,37.46822057053764,37.44118991742187,-0.0270306531157658
-2.6170841927620643,-0.3528246600054956,36.931016181891266,36.935090942370266,0.004074760478999906
-16.08921319974037,-6.20403269724622,36.936443146775424,36.95998033761804,0.023537190842617406
6.256421892604386,6.844467854776859,37.00057473180424,37.003307996578606,0.0027332647743634197
8.170740273951395,-24.987479612538408,37.269541263226884,37.25918663386696,-0.010354629359923706
16.901677850514375,30.28917366133429,36.867808543103095,36.81923456662044,-0.0485739764826576
-9.532657468424482,25.24991310140672,36.851089931654556,36.9528517140994,0.10176178244484646
-24.18978985100538,-8.641330636047655,36.89119685252528,36.88336778256042,-0.007829069964863322
3.920102498275405,4.033227636117992,36.95755773545821,36.975865874316305,0.0183081388580959
-25.289526027423648,-9.937534140470895,36.932100640048525,36.88562985310428,-0.04647078694424778
-4.6181778895828245,-7.4957414610262205,37.066560739961,37.023223153465786,-0.04333758649521258
-31.259973936183954,10.758060435019708,36.92668849411778,36.85646730806571,-0.07022118605207339
-0.8057129198073483,-14.52937557300001,37.132108148114916,37.106566648338045,-0.025541499776871035
-2.6589735372765446,-27.675065503064523,37.29977104119868,37.254477268252245,-0.04529377294643666
26.37806208646365,-10.080056593678684,37.21063875504643,37.2596371266948,0.0489983716483664
24.472937078614102,10.770601537857672,36.98025033849868,37.025276756548905,0.045026418050227335
20.644626085055762,-3.8546753239717972,37.14919283701505,37.1467422107146,-0.0024506263004511197
17.90926423944564,-17.192036975804953,37.194384602761524,37.21955024691962,0.025165644158093414
-18.595366962913808,6.942671133207874,37.144118444349715,37.19112407900065,0.047005634650936656
26.081376224500772,-28.026398846952176,37.60055212401303,37.557001979825685,-0.04355014418734271
-20.475683106676264,-16.735107941426506,37.03485902724982,37.05422517639403,0.019366149144204314
-20.934449127870124,14.046476455478327,37.13709655755933,37.06674753796097,-0.07034901959836048
26.73047404233583,5.152925205815791,37.09405752289615,37.10846083730648,0.014403314410330381
10.98839610170728,31.206930167863554,36.88813954052272,36.832503527940375,-0.055636012582347405
-11.097031717083652,-24.618259828957598,37.23087438937558,37.19188869929872,-0.03898569007685637
-19.406722544163188,-27.212152676741745,37.246305412099424,37.154153540756816,-0.09215187134260816
22.745307990179107,-20.575154163915407,37.35413274458445,37.36364505392548,0.009512309341033642
14.421801175149774,-8.232893623363964,37.14268408597685,37.11979545055945,-0.02288863541740227
11.046174502298662,28.129653728291345,36.8788253570176,36.82374490342852,-0.05508045358907765
-8.815743141238073,-30.124978226353427,37.263729917283825,37.23878388455444,-0.02494603272938889
28.35682422302208,-27.096585401141404,37.5962998175293,37.57310907691733,-0.02319074061196602
23.657946322597837,31.406493133616166,36.84719161212461,36.79923742617583,-0.047954185948782424
16.630945481637326,-25.139965648749474,37.39950794544703,37.37195711002898,-0.02755083541804737
19.6546649607805,-17.510380327073833,37.22379642088946,37.25685955663453,0.033063135745074135
-15.492523678494159,31.317231946108798,36.793764152687025,36.82370675275673,0.029942600069702507
2.089711495961275,21.986430202665346,37.17455429789014,37.04094454629815,-0.1336097515919903
11.200264446349877,17.682426144418542,36.98019575661379,36.91701797373765,-0.06317778287613862
28.084079589302412,4.077324079724754,37.11978833610197,37.12860275854714,0.008814422445169612
-16.05288426829749,-6.545264861152219,36.94388174347111,36.96566913558935,0.021787392118241655
30.176177735425505,-5.5328443043037865,37.21272158226306,37.25551189277212,0.042790310509062124
-5.587069457541553,29.488795576566197,36.799863414313286,36.90367948302846,0.1038160687151759
18.387430314289965,-4.378600867447986,37.138217062460335,37.135445906349375,-0.0027711561109597938
12.216499427429994,-0.3316756434645498,37.08362636441688,37.067699371579934,-0.01592699283694543
-15.973979669242425,20.405474022446285,36.935566537471445,36.9992674329333,0.06370089546185653
25.249864653107586,19.36668883423779,36.822424245065775,36.91609651766363,0.09367227259785693
31.541996689343392,-28.072529250028822,37.620730641698,37.64762574341526,0.026895101717258285
-20.04001543871147,-14.269016198203694,36.978267202429414,37.02538256565087,0.04711536322145804
-26.788779149636987,26.666980207875625,36.82740703059083,36.84172202160202,0.014314991011190159
5.661893024629144,-15.854784104249575,37.160785853436,37.136856770061456,-0.023929083374547133
16.61144990221716,-3.0023977457112636,37.12167863641868,37.11985125972194,-0.0018273766967382699
3.220805410083898,-6.311766465118168,36.95231311870414,37.02204965740406,0.06973653869992091
-0.6363887976834377,-5.164261751727992,37.02081529560651,37.000186637227934,-0.02062865837857686
-30.930550229978948,23.086042890733594,36.8158016224174,36.8376587878572,0.021857165439797654
-9.572100718555149,-0.07083760320296761,36.93294865586252,36.89820662398042,-0.03474203188209657
11.819565452795047,19.455913980928244,36.94398224446424,36.88406072219228,-0.05992152227195646
-26.237942515386003,-30.983924746928686,37.05409171946455,37.13276367435262,0.07867195488806544
-2.6445717499811607,-18.656896190690404,37.1714311186552,37.15190819388787,-0.01952292476732964
31.107562592561635,27.874598366972897,36.949991576634346,36.83014045264389,-0.11985112399045761
-1.8640276309452162,-26.10565237530632,37.293555285054055,37.23732077159203,-0.05623451346202302
-19.314611338149227,20.306149146668155,36.96269417928132,36.983975722145594,0.02128154286427275
12.234882599629422,24.87121478584811,36.80559236769512,36.841277599283984,0.0356852315888645
7.411843198065739,-6.925319990594488,36.96647951062084,37.04347810254502,0.07699859192418046
-21.72547049752952,28.227176463901273,36.806047834405554,36.842558989538865,0.03651115513331149
-17.92274689293891,21.51707937260641,36.92997712417843,36.971268736588854,0.04129161241042567
21.732948753625095,8.20344443406831,37.0181204115507,37.04382874765863,0.02570833610793244
18.526653746586234,22.22539767767494,36.82187645702396,36.872231743695444,0.0503552866714827
14.035166447647597,14.55991536675888,36.945855405308265,36.93841585221183,-0.007439553096432405
-0.13223674774113192,17.71311600566272,37.22174936261451,37.1897352555906,-0.03201410702391172
-13.809736743999458,30.93674719268988,36.800684955689334,36.83843251915275,0.03774756346341235
-27.59843684949361,-30.16564607463898,37.034061313708804,37.119283135772974,0.08522182206417028
-18.056950674616935,19.02040421567063,36.983873017385534,37.01131634344162,0.027443326056086903
0.07269463292843881,-29.621144620724444,37.3465319480845,37.27912680005762,-0.06740514802687869
-11.771981259695153,-12.741645307760251,37.14798271337547,37.07663573177354,-0.07134698160192698
-19.67718884559308,-19.211661608754042,37.08947667331237,37.10149854699994,0.012021873687572793
31.614114605604513,-2.3116129017188882,37.20693162616165,37.229533244515515,0.022601618353867536
21.916265489055306,-29.283125354371073,37.5614889188618,37.53044966122223,-0.03103925763956994
29.37339661531695,-22.465024371108072,37.474754148150176,37.51641275949278,0.041658611342604956
-1.027163071713467,-0.36294511305388966,36.9428706919985,36.94269740200585,-0.0001732899926523146
-26.673305773147675,-31.64184185483529,37.07856257758778,37.13385349659334,0.05529091900555727
28.079502067337543,-8.291914993094728,37.21264372093078,37.26184107590825,0.049197354977472685
19.186436949463285,-31.53608422930514,37.52936421412194,37.54413436002107,0.01477014589912784
-7.05854340708148,10.530399042425842,37.25012053002257,37.21014041087791,-0.03998011914465849
26.631985821167156,-13.624398245798659,37.24985308724036,37.32201722296026,0.07216413571990188
22.535850532302142,22.525393005600165,36.811129580983035,36.86294823608261,0.05181865509957362
13.169123816862253,26.718158286367576,36.863630639172726,36.83272690430276,-0.030903734869966115
27.910244817171254,-27.328046104354613,37.59861586819119,37.56865769430259,-0.02995817388860189
9.488519189180153,-24.68888824709498,37.27597366468252,37.26974103638433,-0.006232628298185716
12.094249466695913,-9.798955528987186,37.12798922189549,37.101956249675666,-0.02603297221982359
-4.980903596703371,-4.166645548107979,37.08547363085024,36.981932943652346,-0.10354068719789211
-9.653871644045687,6.243587643326741,37.20205675868012,37.14688120662932,-0.055175552050805265
-27.08240330748376,21.08179711320311,36.86959722717379,36.89974525955248,0.03014803237869046
-21.037209702883438,-23.113207622315628,37.18074959132767,37.11967788292522,-0.06107170840245146
-3.3943116640869277,12.874921189484034,37.28977698594505,37.22359370997505,-0.06618327597000473
-22.084476503339665,14.574643838801876,37.107368518700696,37.041969078645366,-0.06539944005533016
-9.791790519165438,-6.6664644373597,37.09917845215426,36.99734791058381,-0.10183054157045035
19.314803306872,29.988746971728403,36.9072074531394,36.81694498688992,-0.09026246624947731
-28.611583382719537,22.643668205799642,36.863143473947744,36.86670147744193,0.0035580034941844474
-12.017814972527766,8.407334552501197,37.26283401241986,37.24017562254202,-0.02265838987784008
31.76422315255735,28.902018026030483,36.91283222224812,36.81954004579059,-0.09329217645753118
18.191604213150114,-12.881211594931173,37.17396218888212,37.166180218233244,-0.0077819706488782
19.595917395213093,-9.433140977250083,37.16774072984255,37.16150029336156,-0.006240436480986489
-20.556727892675298,28.225531124555395,36.78562910644444,36.84850258857402,0.06287348212958221
-5.4662741621419215,-20.9432324556661,37.173387303750346,37.17544627929132,0.0020589755409758936
-22.02536340890189,29.049621674556533,36.79385137676264,36.82762464417623,0.033773267413593544
-29.405148114882827,-27.060036433690655,37.12353763371928,37.0697330150055,-0.053804618713783725
-14.966826238271125,20.76893840667936,36.91523454482376,36.99843713440979,0.08320258958602977
-29.765506194294808,11.370224924961711,36.92582818763581,36.94244602739588,0.01661783976007314
-8.878007829483956,-10.722758322267893,37.13754231514347,37.056203119064996,-0.08133919607847417
9.697365706059145,-5.180766461388522,37.06231347787899,37.06021978736069,-0.0020936905183006616
21.224536515342194,-5.4056057255080034,37.159374027423,37.15596517349829,-0.0034088539247107974
31.69407873857309,11.255572924729101,36.99792129462695,37.050293496537506,0.05237220191055769
5.701169904756313,-15.037288739790355,37.15625994752683,37.12765840729605,-0.028601540230773992
-7.0721111944827015,7.628078053683396,37.20150073106133,37.202079093184345,0.000578362123015097
-1.1408657619100495,-24.924985319613015,37.28962999808505,37.22452345046892,-0.065106547616125
-5.324061928285467,20.007399561324995,37.08281757731813,37.09093500541139,0.008117428093257217
-23.248846416302342,25.343825906341422,36.892005306340224,36.88188155492027,-0.01012375141995392
-24.119524918569567,30.479080177831896,36.78164164754155,36.79370490969886,0.012063262157312238
-12.466791914643672,30.63202191226283,36.78563766291861,36.85020200848833,0.06456434556972113
-2.375942625002402,-13.921511242244698,37.10340188864506,37.09827824058366,-0.005123648061399422
0.6174575767737878,-13.212146296236206,37.13297307487531,37.09387039916017,-0.039102675715142254
21.538980731352268,-19.5099005886662,37.31166692216597,37.32409743304567,0.01243051087970315
21.425905623021507,-12.176629803840733,37.190911699578066,37.20262132936752,0.01170962978945056
-0.15849245040597992,-17.49725241053364,37.20366595061964,37.14089256527571,-0.06277338534392385
26.418964982785944,-15.117586401588895,37.270697981010024,37.342407277815276,0.07170929680525262
18.512489325916178,1.2966370214141776,37.11359121160351,37.10476850922965,-0.008822702373862512
16.602899748445218,-18.743997707119064,37.2255144358733,37.23248196562535,0.006967529752046175
8.021398140437746,18.687645684303476,36.90011918836103,36.916869594550626,0.016750406189594003
24.190778954851076,29.589637628963573,36.93508292426105,36.810876102093395,-0.12420682216765755
1.3785845429897847,18.062351431345277,37.137926399530144,37.14388399126291,0.005957591732766332
17.356082048139065,-2.173952169850395,37.12200610487517,37.121119302669754,-0.0008868022054144831
-26.912836393482287,-0.20865847569274365,36.6928670415274,36.718071343365416,0.025204301838016363
-5.579328009602854,26.81524645714103,36.805926272694464,36.94733094411927,0.14140467142480873
-9.413154893954335,6.730259720962373,37.20684213954934,37.16909339068316,-0.037748748866178516
12.46812098657751,2.912106501599297,37.07116114310536,37.06301276289121,-0.008148380214144879
12.602011621515679,1.0636251649128,37.07973045369661,37.06818926649155,-0.011541187205061476
23.01980438464851,-10.170448233851445,37.190969886518985,37.19929588476233,0.008325998243343236
-9.726052558075871,-27.20478924160259,37.241994948247886,37.21582455173668,-0.026170396511204785
-21.17745292098131,-11.962539588454433,36.93009742268144,36.97552282646772,0.04542540378627535
20.7749725362389,-4.24786393521628,37.1516412696068,37.14898245340746,-0.002658816199335945
21.825627969564067,10.958696954246193,36.96708672096598,37.01131463324813,0.04422791228215317
2.151365785486526,-31.28830488302379,37.37191775078013,37.318353926055494,-0.053563824724633946
-7.40886069512495,-14.292092569796857,37.129498015361825,37.0980897998732,-0.031408215488625046
-25.834577839035127,-10.529233068858595,36.95165889354596,36.88602496405733,-0.06563392948863367
20.257615621532096,21.392904624053138,36.84443426685687,36.87486979585661,0.030435528999738892
22.118454485300624,15.653146271560615,36.88002299622755,36.95111865267728,0.07109565644972804
-2.828943318541029,2.9807714522881668,37.1153413008994,37.044778308525764,-0.07056299237363817
-5.441072908645218,24.661025881869925,36.96844036380704,36.99206799562144,0.023627631814399308
1.134681425394497,2.497614289082321,36.90218078122235,36.97549652821577,0.07331574699342269
-6.172671546470681,-21.997002395650924,37.18301382494797,37.18681481464736,0.0038009896993926873
29.85972482287942,29.819204613679382,36.857778315366645,36.799257969289016,-0.05852034607762846
-7.420077994622716,22.815915596117705,36.96394830002865,37.01152001203395,0.047571712005300526
-30.571917537093178,-17.127819250089757,37.04813029295619,36.91029538449872,-0.13783490845747082
15.734083509316484,-1.804757001956368,37.11142791378356,37.109058814508494,-0.002369099275064457
23.755220612866772,12.040050349248865,36.95353619578261,37.00553733027666,0.05200113449404853
1.5098458493162497,-3.635166693622672,36.957822231090724,36.98721900112883,0.02939677003810459
27.96800112599834,22.574783121158774,36.78587297754779,36.88589743839838,0.10002446085059091
4.169329692181407,-19.794453501376026,37.231300138758044,37.17784581591437,-0.05345432284367746
-19.04766221101589,-23.881179030124393,37.19436128757528,37.136873080206755,-0.057488207368528776
-28.2774090857721,-2.1727070464783367,36.69913753550452,36.72888159913544,0.029744063630921858
23.38472602509114,0.9708748460383632,37.14345305295682,37.13715952499009,-0.006293527966732881
-16.03322170102011,2.110759964710681,36.80967624540385,36.974518095496215,0.1648418500923654
-24.802971451765075,7.481178954777867,37.120628894938484,37.13171798540659,0.011089090468104246
2.3601092644031283,-28.34734465763153,37.341937561631156,37.27049882547059,-0.07143873616056595
-29.87913647144058,-19.748197678160544,37.08798820059298,36.958061370285456,-0.12992683030752517
-24.814929192239333,20.275051927346887,36.97222481696034,36.93223579610064,-0.03998902085970002
23.50504048629329,25.551121285663562,36.89724588361722,36.840136210199304,-0.05710967341791218
-8.87169021877196,9.658500633085403,37.25632406839708,37.20074526435266,-0.05557880404441562
-25.597797122473267,-23.58360263424879,37.153858651917524,37.07637294282605,-0.07748570909147645
-24.51576895576155,-14.678419013322,37.02759902999209,36.96494504447095,-0.06265398552113766
-8.684374211702703,23.59424564774283,36.90921554184938,36.98415422342445,0.07493868157506967
-3.2917657740314965,4.726672175194743,37.16806821806364,37.08400548452709,-0.08406273353654825
-27.239995970823593,-21.572399919207108,37.132292700339256,37.02326253352582,-0.10903016681343303
-9.030863060342242,29.330896477870688,36.74863649129827,36.88882100696175,0.14018451566347778
0.4407260746440613,31.196563988920182,36.862634974324884,36.895146190827326,0.03251121650244215
-24.696118825420918,-7.458709304125492,36.87074892595963,36.85894151681374,-0.01180740914588796
-1.254531060729306,-2.134246017680084,36.9885575505969,36.96517933377297,-0.02337821682392871
-5.237020668408583,4.02700335832008,37.17662234614351,37.07878328765953,-0.09783905848397723
-28.473551929295418,11.638971633800693,36.92244901423569,37.01254133464636,0.09009232041066895
10.94041864676175,31.369345693110645,36.88270532680568,36.8331960550914,-0.049509271714278213
5.321032644513529,-18.962661032868866,37.16868724350662,37.17133541540045,0.0026481718938313747
-15.619286007947174,-30.359594354670875,37.17066796161992,37.19678966853302,0.026121706913102116
4.747840901175799,4.793673038725267,36.97327496361383,36.98139259227215,0.008117628658318665
-18.236060944792456,-15.539957562640751,37.022806391254974,37.07029398987056,0.04748759861558227
-17.39766315816926,9.635455476516555,37.26007089302245,37.21749420341101,-0.042576689611443896
-29.15240281219949,25.902938983662395,36.79273609650555,36.825408400513865,0.03267230400831522
-8.858141157648802,-25.767275717638384,37.22651980202808,37.21291209496111,-0.013607707066967123
21.28516233958584,-5.668052476125261,37.16105032789752,37.15730552553053,-0.0037448023669881536
-18.83063332947637,-27.54952112268427,37.22063252908975,37.15980814912035,-0.0608243799693966
-12.810110114840555,-7.662983046858315,37.06501583312292,36.99833416386084,-0.0666816692620813
22.34196798515096,21.570730208306777,36.81865552321981,36.874606174770484,0.055950651550674024
17.0631192861928,11.831125549969691,36.933240215332575,36.97444843663486,0.04120822130228419
17.667722709373777,-24.626549489280748,37.38531953810706,37.374203613944374,-0.011115924162687918
-30.655207178585044,20.495902997212873,36.87328241826941,36.8688623360415,-0.004420082227909461
17.604390961862954,14.296118748777864,36.901609583672595,36.9491269238682,0.04751734019560416
-15.824973233407349,-25.99377943755706,37.2555960599641,37.169829249832674,-0.08576681013142462
3.188657958872291,-25.437273914177496,37.29400399063469,37.23951992679338,-0.05448406384131488
-14.513369493902431,-8.170399343671342,37.02881841169527,36.99805652052934,-0.03076189116593042
0.07316546627664167,-2.2164335644591873,36.96451946423198,36.96739941830305,0.0028799540710764404
-13.391174394760114,-17.005435575824606,37.180707900377165,37.123719552079585,-0.056988348297579705
-6.871528611722383,-25.386652526234634,37.217508856326816,37.2233405886919,0.005831732365081166
6.571791039529508,-0.527402912379273,36.975317672780406,37.01092788213663,0.03561020935622139
5.366363794400321,4.337871434619274,36.97918127563948,36.98772297132155,0.008541695682069417
-14.125449125158774,-25.24294075382148,37.246407807514,37.17625253875581,-0.07015526875818523
30.837840907736165,30.722371428313885,36.84120264675723,36.791680820553495,-0.04952182620373691
31.051123834882453,-30.18362259179849,37.66233377346149,37.67296185340852,0.010628079947032631
-29.460714895265774,14.576299252439448,36.90826804205456,36.964939550112284,0.05667150805772536
-27.96098540315461,-7.5783827562090025,36.91125636392732,36.81229350691401,-0.09896285701331209
-12.23578471697953,-24.592649034833016,37.23638635082237,37.1844786855089,-0.051907665313471796
27.925712979508468,-19.36640901808152,37.37188238172435,37.439317001354716,0.06743461963036879
17.56128830838947,-30.167359217535882,37.509351291504046,37.49333923047119,-0.016012061032853353
7.705128087153007,-15.260593097662593,37.02290088404119,37.135333637209236,0.11243275316804358
7.345903269904888,22.565750866832374,36.84863743293818,36.87369062716496,0.02505319422677843
-5.121663803965141,-26.0151803187061,37.26525716087352,37.23344122029681,-0.031815940576706225
10.88002956639395,-9.203873011684422,37.08573328967459,37.087354825001455,0.0016215353268620447
-14.063335356266862,3.6454369964098134,36.992251499814216,37.04102672933765,0.048775229523435826
-2.341060587149059,19.120652924046063,37.22257592742585,37.13864094787033,-0.0839349795555222
-11.434324224336912,7.072365914005502,37.23986728937334,37.19946852428368,-0.04039876508966245
-2.556197241920856,23.77554623226223,37.07546558089874,37.03879060601376,-0.036674974884974176
-12.520454246790244,-23.112438317275867,37.22076637946107,37.173967679290705,-0.04679870017036336
-23.618184781952785,24.31008611155807,36.919568846143775,36.89687465984657,-0.02269418629720832
5.880167463705092,-9.022706648304542,37.01773981174786,37.05970121725021,0.041961405502348725
-16.699086739839125,29.070429976083744,36.76862884582433,36.85424948439469,0.0856206385703615
26.223600162321,-14.254528106449598,37.2547826574308,37.32475967622085,0.06997701879004836
11.47559979831152,-2.5158135501683816,37.08911678446779,37.06834197375843,-0.020774810709362157
-24.704429330010257,15.131834228386538,37.06956349628756,37.001146278468916,-0.06841721781864152
-16.197781873512646,-8.685372073734442,36.97601790170661,36.99615250350776,0.020134601801146346
13.835727261752197,-27.225101747658073,37.438127877761175,37.38114568446048,-0.05698219330069776
18.19962009011997,-22.419162417858736,37.332454061873335,37.33307436750435,0.0006203056310170041
-14.743232154026082,15.184531266051074,37.054218256374575,37.091000439470754,0.036782183096178755
-25.64999492888242,0.740906448687852,36.70955697490465,36.77191015741829,0.06235318251363964
-1.089764518615695,2.760581423106572,37.07532785523549,37.010311845957276,-0.06501600927821727
-15.932017138282909,5.401354992417723,37.110245606384076,37.142710883243915,0.032465276859838355
-16.609546207909858,30.340159687270038,36.75681682156714,36.83399031742386,0.0771734958567194
-30.965621916229672,-13.90556813016368,37.00565244039125,36.85834516922881,-0.1473072711624397
-1.9544037849505003,-30.918055783199087,37.324819219908406,37.28718425359723,-0.03763496631117391
31.422750528861407,14.378791684748379,36.93849450654237,37.00822026898757,0.06972576244520212
-27.092972216030233,-4.274621850333396,36.783166712896374,36.77731251909102,-0.0058541938053551235
-11.320736607410872,13.530659640850494,37.1266153707568,37.140081551489665,0.013466180732862654
3.9205719788042757,-4.939994536585601,36.897168258531835,37.00823890354935,0.11107064501751296
22.52378240316643,6.012293039675193,37.06234418778665,37.073810083347354,0.011465895560704098
-12.449233009259729,10.312706869684341,37.20575272608276,37.19410074689837,-0.011651979184385652
-31.877907974039957,9.624406988160032,36.889688410068004,36.80660804537832,-0.08308036468968538
18.05971358006328,4.885493995556395,37.0673536262346,37.06061229295925,-0.006741333275350314
-13.304753052942552,-23.481513730508063,37.22814752352918,37.171136092454226,-0.057011431074954544
6.999643253753391,-3.307958944707451,36.97097621985897,37.025713711690265,0.054737491831296836
-30.394714927269973,-13.614648389120816,37.01410013754248,36.862637940209105,-0.15146219733337318
-12.277612774355617,29.899670809582936,36.750948251361876,36.8631062052485,0.11215795388662286
-16.095673506375384,-2.0285006572032884,36.9236239396886,36.896474404236166,-0.02714953545243759
-19.972415427663073,-16.436160775879358,37.026991493554966,37.05740114758251,0.03040965402754381
-26.20668345767678,-11.197677705167287,36.97062269817693,36.890080263438364,-0.08054243473856815
-10.770195957068509,-21.880591554327694,37.205374462735634,37.17788847615536,-0.027485986580273902
21.54643492338998,-8.954594966601938,37.17709698583396,37.171165036299676,-0.005931949534286218
22.32537495714741,-31.14721014027714,37.62231618050216,37.57628635905912,-0.04602982144304235
-29.03085296782362,2.484273398143955,36.66952434980684,36.81751477812474,0.14799042831789677
22.75633959635202,-27.91278547627119,37.558684041862726,37.5115132276367,-0.04717081422602831
15.234683781459466,7.080465525305101,37.01540926394187,37.02260596246341,0.007196698521539702
-20.57343755251707,6.060731383081112,37.059835290500075,37.12254532102388,0.06271003052380308
-19.752276028024525,6.818454289031912,37.12347186854292,37.17103519769397,0.04756332915104622
-4.505044932239599,-19.536977523913798,37.16118225211218,37.16029120501881,-0.0008910470933685133
4.879157780158124,-8.342809614543874,37.03930330096702,37.04940230117709,0.01009900021006871
5.197865960113496,27.105516160224987,36.79417383323026,36.850901106395035,0.05672727316477477
-16.901267491397967,14.623863975450085,37.1132147542888,37.095560934168745,-0.0176538201200529
31.446809534443204,-4.549057231231977,37.21587674115464,37.26288217603934,0.04700543488470288
9.642014969731719,-29.993906426313274,37.438487930626785,37.38711103344322,-0.05137689718356597
17.618433341002813,19.918144012648582,36.89188494739391,36.889884465481686,-0.0020004819122263484
22.14572266874169,31.436931567546445,36.87543124894834,36.80176716491305,-0.07366408403528624
17.18532556490061,21.25610637255153,36.8535975320149,36.88138735945404,0.02778982743913616
17.416820590261217,-2.9370512299486933,37.126186878017215,37.12433776308009,-0.0018491149371229199
-25.395721543815135,-4.00912784117363,36.76717669315499,36.7969357600709,0.0297590669159149
-26.05510083789128,23.89599873760298,36.85258173068878,36.87968739881198,0.027105668123198257
13.397894937467292,-1.8913600570936921,37.09784493168444,37.08558365488955,-0.012261276794895082
5.290142979319285,-18.834636362583517,37.170990326824985,37.1697999800089,-0.0011903468160880948
8.842796327090689,-17.060693125994668,37.07041669467156,37.15872504989636,0.08830835522480385
-24.332973766841846,25.014814573032993,36.891404683687185,36.88176015758276,-0.00964452610442379
27.39878048603935,-11.046617904813075,37.220773245465736,37.294161551083896,0.07338830561815968
-15.76726540153858,30.683996461665366,36.76842977837034,36.83264552662379,0.06421574825345289
-17.270151111065687,22.586179165145865,36.873264484123034,36.95713281236879,0.08386832824575663
30.030233815813318,-0.7271731756289768,37.19081833582124,37.19015452307651,-0.0006638127447331499
10.94260477639883,-16.758615619075464,37.078549363070785,37.1606696774065,0.08212031433571809
11.371618998806674,-26.043970935130005,37.36158829363963,37.32357668863614,-0.03801160500348999
20.745233364983335,2.182568464532814,37.12141989485092,37.107642298148114,-0.013777596702809092
-15.597257374941073,0.2650241170126293,36.86424084805275,36.87950538474278,0.01526453669002592
-5.220710464633427,-25.115815875012892,37.24708593079326,37.22312428392171,-0.023961646871548226
-21.829404125275758,11.573558571753573,37.188985682033724,37.117220146488144,-0.0717655355455804
13.15190451560266,-9.488743688318266,37.16465593463912,37.11156781608389,-0.053088118555230324
30.47258021025126,-18.751659462980783,37.38247589118847,37.476186385126596,0.0937104939381257
-12.487633926393656,4.0592497621279335,37.07483539203385,37.05213781036955,-0.02269758166429625
-9.05995794197954,31.50585038466388,36.829267522115614,36.8531947785189,0.02392725640328308
15.94624289796807,-5.0120730237397595,37.12672464248812,37.12324762336207,-0.003477019126052028
-4.976899969665638,-26.620121632837147,37.274427146823776,37.240449096100065,-0.03397805072371085
-3.594652430177412,-6.034679478255079,37.10708785578564,37.00749915818874,-0.09958869759690003
-5.907208317912719,25.168279311855684,36.928388251759785,36.97687085335138,0.04848260159159423
3.0505136198095784,-6.655384330630433,36.97110930603559,37.025521937911684,0.054412631876090245
-24.73172474572214,-22.57056498953856,37.17643660316182,37.074702538616755,-0.10173406454506306
14.491440992266838,-25.63722399070074,37.39915272743234,37.355092639635195,-0.04406008779714199
13.335956187539132,-19.998141904609938,37.22336373240098,37.217493519601554,-0.005870212799429453
22.802049018986544,-8.132179949168737,37.18134033154886,37.175457712795925,-0.005882618752934832
30.170278489717084,19.921343820904575,36.82792055989584,36.930207051534744,0.1022864916389068
4.17780357804584,11.781666772958339,36.95842900871097,37.111388467230995,0.1529594585200229
1.880085382583033,7.5505238976970475,36.95766627145435,37.05828037978396,0.1006141083296086
-21.879554804817566,7.497303914929439,37.186732777902556,37.18047994934356,-0.006252828558999113
-23.745126961368896,-19.120398014352496,37.11659051807113,37.039936003465144,-0.07665451460598405
-14.148200763563167,26.8742748604815,36.72340085035444,36.90298812497285,0.17958727461841306
26.45974817336262,5.807476622369549,37.0809328845915,37.09889288410389,0.017959999512392244
25.037859880006295,-3.535649676956119,37.17388505487099,37.17135611308362,-0.002528941787375061
-14.592666147044746,7.390759970246513,37.250978901717055,37.23588085016626,-0.015098051550793912
13.080100522562418,-11.123075501345312,37.15815984905454,37.11696505720365,-0.04119479185089148
4.168235929184824,-23.297004780345027,37.25301945753547,37.21768453394496,-0.03533492359051138
21.137678171517663,12.489102714708501,36.93567926763208,36.988287600886814,0.052608333254731576
-16.088499409751265,-29.484312113475916,37.19691077677392,37.18865614992951,-0.008254626844411916
0.8602295614589579,-19.145828584252065,37.26070594265424,37.1619881383971,-0.0987178042571415
21.768273415192198,-17.62305672755044,37.26012756729675,37.297597674893815,0.03747010759706626
-18.498579575204673,18.58263041654658,36.995882137927175,37.01622178223061,0.0203396443034336
17.04709467988254,-21.553671736829592,37.3053270191078,37.29933914769702,-0.005987871410781054
28.47501447158266,0.12819220733628356,37.17733685088103,37.17680848762322,-0.0005283632578070296
-15.653955083869448,4.894144269919963,37.09018443120992,37.115007089459326,0.02482265824940555
-25.98017246147817,22.090189986580548,36.86367472079408,36.9002204969551,0.03654577616102017
4.672844109127908,3.087248492097636,36.97747905764402,36.983237149346785,0.005758091702766421
-4.192434942047058,-10.924854678687822,37.088436882436646,37.06260184139578,-0.02583504104086387
24.40052905565844,-29.044398453218,37.61224774105284,37.55739751101507,-0.05485023003777201
-16.529174208337956,-28.404525775435154,37.20869161577175,37.17950310335252,-0.02918851241922482
-16.29780067147685,5.041905673840695,37.0962839333664,37.12123104460132,0.02494711123492266
20.82097554185254,2.5037823306757687,37.1181506131759,37.104373248109944,-0.013777365065955394
14.852525132743082,9.038143491964568,36.976865653846794,36.999707576902914,0.022841923056120095
5.042150973910331,29.976379025146905,36.84084020226268,36.85959401857786,0.018753816315175698
12.695267718962086,-24.709178414448907,37.35658837722848,37.31166965662833,-0.04491872060015112
16.07225910910836,-14.709242570597588,37.23929766731806,37.16058418190575,-0.07871348541231526
-29.358442549522813,18.134471538002117,36.888599459468,36.90822547344246,0.01962601397445951
5.073293789653185,-28.706666019394326,37.33859342414064,37.30000572432546,-0.03858769981518151
-4.530477845639204,-5.242263103133446,37.104404843041166,36.997666574683215,-0.10673826835795097
3.8090278616026794,-12.59237018878666,37.20003967348755,37.094998844792805,-0.10504082869474729
-26.24574403948447,-16.612070662036977,37.08701045824834,36.96699517776553,-0.12001528048281074
24.200316532956926,-7.735856134335087,37.18714527508262,37.182186320134875,-0.004958954947746008
-8.294588037295775,7.858886440998511,37.224486620213526,37.21966356803381,-0.004823052179716569
12.560993542921999,-26.522582456625067,37.40676398012398,37.34937402239314,-0.05738995773084099
2.5930842121646833,3.836222108968343,36.953376378303986,36.98521220301065,0.03183582470666124
-3.9627517144077373,10.753740031085094,37.22490943961879,37.20314682128799,-0.021762618330804173
-19.04312870714451,-1.7743812345795291,36.84160744774807,36.85153480864435,0.009927360896284654
15.222014475959803,30.026361800490484,36.87318984732167,36.81914255605566,-0.05404729126600927
18.540240419328143,-10.05681919292347,37.164468389560625,37.15763698443702,-0.006831405123605805
18.30031242827023,-26.302895868034845,37.41372638064409,37.418848277170504,0.005121896526411263
28.383884471443338,29.16058203776933,36.90190778781867,36.80625267150848,-0.09565511631019064
-29.966239841134957,7.667233863064979,36.842368839791305,36.87206009835707,0.02969125856576227
-11.964045992913164,1.5508992438356728,36.84451073919121,36.948051435364384,0.10354069617317663
-6.359009335901455,-17.06252162973381,37.145949226375265,37.13052205036931,-0.015427176005957222
-13.40509837105055,26.357627107380914,36.74300956999424,36.9151778973074,0.1721683273131589
16.083077736932097,-11.357401065542987,37.17418589462392,37.14807833570026,-0.02610755892365546
-25.271279322442865,8.567363927280155,37.15557110121545,37.12554332828902,-0.030027772926430885
-26.084364162768964,15.986475562333936,36.93575883147806,36.96607157138715,0.03031273990908545
25.552563238505456,-22.75816896373037,37.444646574142716,37.450858305549474,0.006211731406757792
-11.837864466095247,31.34100479551516,36.81838885379104,36.84182067041355,0.023431816622505153
18.517241724341503,1.193858713707776,37.11413372977722,37.10598480375326,-0.008148926023963554
-17.926131014804632,16.16188269853521,37.043230903631745,37.04912541551775,0.005894511886005205
-0.94402492568166,4.635086195364565,37.13066534802972,37.04114191061221,-0.08952343741751179
-16.73400874352685,27.257705238979106,36.75431927150418,36.88364276402505,0.12932349252086794
-12.807322253479427,-25.469986525004067,37.247132656776834,37.18598949146846,-0.061143165308372716
-8.630243887131513,-1.9251837060113601,37.005368141085064,36.93078445931411,-0.07458368177095309
25.773264181824047,2.106902965341135,37.14786001670689,37.13805686153145,-0.009803155175440281
26.157104466077215,-9.172974935168362,37.205633453491714,37.24080170224194,0.03516824875022451
-6.198090247950567,6.622363156500548,37.23017166686539,37.1688148037048,-0.06135686316059008
-18.043003284332677,21.129614426247088,36.94121353045383,36.97698046054491,0.035766930091078564
17.47365036516416,-21.67652850642417,37.312056402527695,37.30752984661404,-0.0045265559136566935
9.715178683787428,-22.472607752106434,37.21710020532419,37.22446934282981,0.00736913750561996
26.23164904714659,-28.763362338338396,37.622690061054314,37.57497509040632,-0.0477149706479949
-11.489803020507523,11.655650456861302,37.177233731009245,37.156245741209865,-0.020987989799380102
28.84761067389929,-10.119362801670064,37.22556451342085,37.305732209581144,0.08016769616029507
25.62359659378854,24.57033177463662,36.8722077042803,36.84958471603012,-0.022622988250176945
-3.616674421446568,22.248467350076005,37.114628561612506,37.06051961003929,-0.054108951573212494
0.5166208116759634,-28.961403771433318,37.35046053528489,37.272759808729965,-0.077700726554923
-3.840504028067926,0.6305711853436904,36.91673559598196,36.94925989548126,0.03252429949930047
0.40237594502345075,9.777019536397994,37.05485136439055,37.11225514352467,0.05740377913411976
9.525162752865931,29.854957769628243,36.87450372447419,36.83628467475804,-0.038219049716147424
-24.771247080131396,18.401629740692343,37.008233931340996,36.95318228331231,-0.05505164802868734
13.549449146714046,-31.95029877619318,37.56495475099821,37.48021499671781,-0.08473975428039893
-17.0282473432583,-22.24241314032701,37.18039815227865,37.14011910038615,-0.040279051892497364
22.12382384668406,24.148251948562795,36.77645911624131,36.852372071384735,0.07591295514342278
-0.22669272074691094,31.081464247644796,36.88134329573052,36.908078996772176,0.0267357010416589
-7.1793239830085085,2.3151213978580927,36.96523914417425,37.00109646983133,0.03585732565708355
-22.213560839583756,-21.752116007945823,37.1568958646426,37.10028879042739,-0.05660707421520783
-8.655521186075674,8.523007460324926,37.251988339045255,37.215776881390404,-0.036211457654850676
-31.737174593524998,-16.68994071864809,37.04260683047732,36.88676787786906,-0.15583895260825642
18.036232393876084,9.666945058523737,36.977437688160244,37.005188813074845,0.027751124914601633
-4.252755805685062,-3.3122885734158842,37.06909763333085,36.972370589869605,-0.09672704346124306
-0.49289605022155314,24.35689508574491,36.95768956230008,37.0466994667097,0.08900990440961465
20.31768800583238,21.589765868345758,36.839440781807504,36.87339518977778,0.0339544079702776
7.766698610784154,1.58299100208432,37.026493963591975,37.01785832315556,-0.008635640436416736
-2.563911338345818,-25.066846491486345,37.2820840102259,37.224891956419604,-0.05719205380629688
-29.510843211780866,8.7751001445598,36.92647069436386,36.91323122894975,-0.013239465414109475
-8.312117553132495,-3.6945995815055284,37.06170347184223,36.959148680113806,-0.10255479172842286
15.609522498406136,15.227212134917565,36.919131607830025,36.92866690640767,0.00953529857764579
2.8516412657562284,-13.520858245732612,37.19400626015922,37.10310709328871,-0.09089916687050703
-14.27057947663549,20.416054062513318,36.90895531283712,37.00771830950478,0.09876299666765931
-13.017050535170569,1.3187631042973393,36.83935108620424,36.9338155224823,0.09446443627805934
1.3573953952412836,20.83896386857957,37.183384301762665,37.08618696672223,-0.09719733504043404
-16.22790959063731,2.252168466288211,36.81276018280771,36.97943568645017,0.16667550364245898
19.506916429418283,3.733763079856807,37.09395541630858,37.082431498411985,-0.011523917896596458
8.74497955743967,-28.576532886061045,37.37447916685291,37.344677763296204,-0.029801403556703576
-6.990657443809482,8.27251836959418,37.21405544693669,37.2121276548153,-0.001927792121392713
6.251085377385834,29.291972458297757,36.85315752306438,36.851516111701216,-0.001641411363166867
27.542084242364055,15.68227204466222,36.89920520521461,36.97429617884297,0.07509097362836314
-28.040684799492347,-19.74955208445919,37.11397029802207,36.985312820616336,-0.1286574774057314
24.061365439250864,-24.787845042274107,37.487461230574205,37.46042954503977,-0.027031685534431915
13.120612884177717,-29.590077455479737,37.49860511210753,37.42333211384573,-0.07527299826180212
-18.895674426026417,9.907457906246925,37.21247766635162,37.19273525734336,-0.019742409008259187
3.624628885121524,6.7926469343289,36.981334355342824,37.02788043119312,0.046546075850294244
-31.42034420452658,-18.596847113162156,37.06429061939668,36.91875352577758,-0.1455370936190974
-19.96968139224972,-9.69353781634193,36.8747294378323,36.95889317118121,0.08416373334890892
23.329826329065384,-29.256407589383194,37.6074772129614,37.54815649320137,-0.05932071976003073
-30.478279076245904,-2.431926957703091,36.707319443165204,36.70134744576523,-0.005971997399974782
-23.715861525422312,-4.4204938957783,36.79118199942286,36.82659643103156,0.03541443160870017
-3.523453156282528,-26.384552340834098,37.28522818118832,37.23904126136524,-0.04618691982308576
-17.087483362596558,-21.494360092102326,37.16577576751071,37.13534665910454,-0.030429108406167416
-10.471689723676391,-13.910174511236463,37.16093047787955,37.091065506557094,-0.06986497132245972
9.403534566381914,-15.63569229062712,37.03871603969494,37.14395255713224,0.105236517437298
3.8985219211770996,-1.0846707495620223,36.90766134643561,36.98578370738285,0.07812236094724057
-21.6294106808012,7.6320802208014555,37.21694064197518,37.19034084945396,-0.02659979252121758
9.865266894735,-2.5261095510806797,37.0787712345027,37.05197531730666,-0.02679591719603991
-30.656469349096675,21.68816116065249,36.852443762076845,36.85580883847417,0.0033650763973227527
30.17506402074291,15.255853130635359,36.91705078511312,36.991316607410845,0.07426582229772549
15.496041049445992,13.605641971722847,36.92709198166972,36.94733829292345,0.020246311253728777
4.66189409095513,17.19048945266649,36.88884696067021,37.052634059904946,0.16378709923473878
0.16118914465118905,30.357802602689134,36.859741267528754,36.920831808791725,0.06109054126297053
-7.018772128244052,-12.433650579147262,37.11414824436365,37.077291349725584,-0.03685689463806341
1.5941217754966246,-12.172928703038153,37.131444892714974,37.08455200104677,-0.046892891668207426
10.449777103999864,-3.9884801813314326,37.09388943504796,37.063413904926996,-0.03047553012096671
5.6604704908262065,6.05981753822708,37.01323485014068,36.99510469201979,-0.018130158120889917
12.790728002721885,-13.059449715206917,37.157694329918556,37.123327481017455,-0.034366848901100866
23.040365348083675,16.802989407714925,36.861865416967674,36.94006744442347,0.07820202745579508
14.121110405545771,2.6141907649422294,37.081654749203054,37.07348168268416,-0.008173066518892824
-2.3680011666158833,29.7868522602582,36.83501767789275,36.91511396659854,0.08009628870578922
-15.82821935113293,11.80804373001505,37.17639962451041,37.17732377778184,0.0009241532714270306
-6.689509385852141,-11.060388561438309,37.102870024929395,37.061958599173735,-0.040911425755659536
1.1500986506387534,30.539112354454687,36.83200052202224,36.88846954201926,0.056469019997017256
18.392853774904083,-19.544627755799404,37.2566705670329,37.27305319940145,0.016382632368554084
17.305523583056328,26.24393872901811,36.861285337240176,36.84656641357315,-0.014718923667025763
-10.088124734875962,-27.951270721769973,37.25005520372662,37.217901920305565,-0.03215328342105295
-19.638800783223495,7.948956188619867,37.26555357537903,37.23017962584241,-0.035373949536619875
-27.578998424447597,3.531228653078699,36.71007998959792,36.89343493344489,0.1833549438469646
-1.0271261777465028,-17.37418996646238,37.175926198925225,37.13873267546298,-0.037193523462242695
-26.006559082838343,10.19426598808409,37.075492367450096,37.10698273098609,0.03149036353599399
20.007771105569198,21.681909519183186,36.83651659789466,36.87331766758182,0.03680106968716501
-23.237241239826076,-28.334440530025205,37.17869969461633,37.136327425210006,-0.04237226940632155
13.580745741285071,-16.738712874980983,37.12334601857553,37.16720351991495,0.043857501339417126
-16.351067299805734,-22.5106012660969,37.20610007263896,37.14601172840206,-0.06008834423690246
13.790558611368212,13.488209646162112,36.9434698189242,36.94752358501157,0.004053766087366739
6.219600144978877,-18.345620361296035,37.108776261753675,37.16661915698125,0.05784289522757291
-31.23026917302061,12.594605942160442,36.92134956271676,36.88782240238269,-0.033527160334074324
-10.208851732072858,-16.336394389717995,37.16231205003734,37.11889374091748,-0.04341830911986477
0.8393360480388381,25.774902409995377,36.81237662283385,36.997491221002974,0.1851145981691218
-25.178812182913518,-27.497591957741214,37.16651754934973,37.119033425085654,-0.04748412426407356
-0.9861860855933884,-11.606015324604591,37.08068749385027,37.07315551149249,-0.0075319823577828515
-12.042360705293625,-11.934487922547838,37.13859284915638,37.06680646951763,-0.0717863796387519
16.54655661059308,-1.9192038196244638,37.116372156364655,37.11540803441082,-0.0009641219538352175
22.0980669589147,30.324678304745504,36.92122438916351,36.809569797897794,-0.11165459126571875
10.861901262380577,14.118047462447898,37.00659263988261,36.957561001396236,-0.04903163848637604
5.674692933766238,-23.546497398427938,37.210385356847226,37.22438280854989,0.01399745170266442
10.692521945571826,-12.062104101149849,37.07749908570497,37.10660602163611,0.029106935931139333
14.942008413008999,-25.027712632020332,37.3853988099197,37.347664983589745,-0.03773382632995492
-4.683151372741804,-14.52467978667162,37.11796336838835,37.103120475122246,-0.014842893266106216
-8.886960110201372,30.912624755894967,36.81805693838644,36.86374757311157,0.045690634725126245
29.776203796474753,7.5700162339838215,37.060274708427414,37.09022048517721,0.02994577674979837
21.60545355195074,20.48738537211844,36.8296985282701,36.88559198665011,0.05589345838001236
-15.601486256721444,-29.369812245873554,37.204906060146975,37.1910881720579,-0.013817888089072028
-23.30146940811177,26.861632420959253,36.85956704536829,36.85685593225454,-0.0027111131137473876
20.174055449988202,17.184351210637665,36.86704371500064,36.9226234546966,0.05557973969595764
-17.046558839831377,-19.93428509886366,37.1392021065191,37.126442112351896,-0.012759994167204525
-28.749878495163067,-24.74687293690753,37.17172232684099,37.046332043699884,-0.12539028314110823
6.05721215441622,22.209420085987816,36.83721074306155,36.921700177235486,0.08448943417393906
-20.79476711992215,-28.285521999865338,37.1841228757869,37.1516108013597,-0.032512074427195614
28.40789344541391,-8.388745740310789,37.215001719174275,37.26946205531409,0.054460336139811716
-23.80171612313592,-10.299172638805864,36.92320238367762,36.912843988318954,-0.010358395358665007
-15.059617548560752,-9.826894263903121,37.037688255653556,37.020653999374154,-0.017034256279401916
3.699501712816641,6.425131970488287,36.981029178980165,37.02060874038141,0.039579561401247076
7.992785082909499,26.088360569736928,36.79140549663654,36.83377996801687,0.04237447138032735
-4.803046245301907,31.07219948909978,36.83824476950878,36.88181932421722,0.04357455470843519
-23.056671261725924,-18.51435480228192,37.09499577306423,37.041459760043345,-0.05353601302088151
-7.957500517797968,1.220894808457011,36.90294438469447,36.95361131458663,0.050666929892159374
-29.28862232009432,25.900524777782643,36.791359400134766,36.824013014777016,0.032653614642249806
-22.804147974263913,-29.32798766559631,37.10928635066995,37.14492548419944,0.035639133529492995
16.222023368475234,4.975861322705256,37.05834631830267,37.048770990746014,-0.00957532755665369
17.318235029631822,-16.64773014077776,37.18687408557402,37.199809619868695,0.012935534294676643
26.13943299532712,-19.88562315865969,37.36907615877487,37.41489174062217,0.04581558184730028
8.801234916915654,-3.704926869179289,37.04057682737563,37.0455560564755,0.0049792290998667
-25.915291217414634,17.11816143339116,36.92154287476428,36.95527925724052,0.033736382476242
7.526302222637156,28.211152626859402,36.83725997676276,36.84200837083285,0.004748394070091422
-10.821300101714286,-10.297176586491737,37.1289904829088,37.04766352518055,-0.08132695772824405
17.338691532700643,16.733179013444925,36.89366358683353,36.916214878637874,0.02255129180434068
29.466022333216195,21.52813010726687,36.799632171774284,36.90610908091788,0.10647690914359487
-12.097251372209278,-30.72029992079893,37.23261459339119,37.22136178453686,-0.011252808854329999
-14.123324222656088,-14.707552298239627,37.141109685803585,37.09694049869765,-0.0441691871059362
9.043033069833342,-20.642874275400054,37.16242927576979,37.19998546712412,0.037556191354333635
-19.499975977898252,10.267075548913738,37.21295571949903,37.17634397432154,-0.03661174517748833
16.292313433700294,-19.107783289944756,37.23254187590152,37.2363760916048,0.003834215703278687
-16.412217607548627,-5.16972250326382,36.90670274667261,36.9397698776131,0.03306713094049485
-26.787751476295377,11.869326556594515,36.944287815502896,37.05831350787854,0.11402569237564109
20.262784695265452,-28.327485757971615,37.486855272128004,37.48827259223088,0.0014173201028739868
-27.134815807347366,-14.885339249432086,37.05825569409181,36.929111958861164,-0.12914373523064882
-23.268323512258057,-16.194685129356145,37.04650374918231,37.00512438888858,-0.04137936029372469
18.060518669064543,-0.8031292042884957,37.120377712723,37.120117281696835,-0.00026043102616313263
2.4512931128338025,-31.835314684991097,37.3762363974895,37.33413169904584,-0.042104698443658606
29.929311354761566,-7.871327324375926,37.22193193809125,37.28904143512357,0.06710949703231961
-29.7340591566305,8.13204788217093,36.88495324309567,36.8914255184917,0.0064722753960282375
20.9602902962081,1.6003010029088713,37.126760643085944,37.11563822514409,-0.011122417941855645
-17.979037543767006,18.676949563339242,36.990516821769745,37.0173133826827,0.026796560912956124
-19.089633824740133,-26.049571492710108,37.24331983434186,37.14934481688695,-0.093975017454909
-11.236559359071286,16.672865483641417,37.03995365882494,37.10331337109258,0.06335971226764059
-20.01059090969344,11.607772543858765,37.190992105928814,37.13592506151101,-0.055067044417803857
12.414634196989098,-3.880704000256813,37.10112651336789,37.08302672588279,-0.018099787485098773
-1.312438423928377,-15.156014090904272,37.13423387498218,37.11325127666309,-0.020982598319086776
-22.995669308926118,-11.331230564440482,36.93624007016019,36.939554885815085,0.0033148156548961083
-28.189961675495155,-26.70314498117512,37.201378136052185,37.082624955224794,-0.11875318082739028
19.66219035722674,23.549450760957484,36.791010190567256,36.86098796532338,0.06997777475612565
18.595169887636963,-7.0503203486965305,37.15120659045189,37.146685324397474,-0.004521266054418049
-17.65591368399153,-20.18877563765789,37.12215537159004,37.12405260713579,0.001897235545747833
31.141994777575043,-10.45104795092977,37.254902714149395,37.35336346582581,0.09846075167641288
5.311173047908582,9.15070819164145,37.015907315220446,37.053545000762,0.03763768554155433
-7.1153317468227755,-18.14176928903165,37.159315714992545,37.142136710384264,-0.01717900460828048
-9.056392928785996,-3.0749985263003268,37.05297807082606,36.9462496982645,-0.10672837256155532
-3.507288031908246,5.662204814992826,37.19752936599102,37.10445476932745,-0.09307459666356976
18.993381269988006,31.050914128336764,36.869564841106026,36.81015877968281,-0.05940606142321769
-13.051761488811522,-1.4401918856127693,36.948184110334495,36.902692782283935,-0.04549132805055933
-22.473826413921955,30.77659790849409,36.75135510959471,36.79718300039721,0.04582789080249938
-18.499923092047332,-1.1716065297617533,36.84171654285145,36.849951096075344,0.008234553223893215
29.295931683816086,-22.668717945678345,37.479683024080515,37.51830330660832,0.03862028252780192
5.310715020632273,17.86612125355851,36.88715292878558,37.01982503394445,0.13267210515886774
-12.289275900823448,-11.010409849080986,37.12362860962118,37.05161461879781,-0.0720139908233719
21.002950783210387,-9.575467180202615,37.17689544317335,37.17030033777712,-0.006595105396229428
-9.200349846659023,-16.885655810161154,37.158201739161555,37.12602402872476,-0.03217771043679818
11.507958839303683,21.519532056894484,36.911179373525364,36.86121330855962,-0.049966064965744295
-23.82962437169889,-23.06745834697911,37.20360174496274,37.09517668658535,-0.10842505837739225
6.215066965661144,8.927945373332072,37.00024389256001,37.04082056573263,0.040576673172623146
-31.9599758831474,20.757468832946522,36.8452276339097,36.8523829363593,0.007155302449596945
-14.626965848086158,-23.7259321739647,37.23694187146964,37.164142944240496,-0.07279892722914383
-30.344506179701476,-0.329544993561278,36.633964657361744,36.672078409710124,0.0381137523483801
21.629600402131643,-7.012907610988364,37.16884334717921,37.164372305903726,-0.004471041275486698
1.6095355845315922,-2.296162484420641,36.94680107277903,36.972243283195645,0.025442210416613875
-25.119342608298446,9.746440800552357,37.14827227520774,37.12707482466253,-0.02119745054520905
-15.31135929153676,25.42787438300087,36.776914356474705,36.92069404271389,0.1437796862391849
22.02295960215158,23.470579170753766,36.779014130871545,36.857256242724,0.07824211185245389
13.753523471277255,-13.565918855755037,37.18517034959818,37.132986216072716,-0.052184133525464915
6.869853084446994,-27.03688884510241,37.31256391731713,37.28693105666101,-0.025632860656116918
-5.021456943883308,29.386501758340636,36.79434532380788,36.908211564288656,0.11386624048077465
-16.322884472236474,-22.46036525658355,37.20623493337388,37.14589625737192,-0.06033867600195464
1.0574654456584156,9.626056281948927,36.97581095644318,37.1032199310174,0.12740897457421596
-23.472072200565492,-7.7617684948002434,36.86342337819096,36.880739852719394,0.01731647452843532
7.352581534876208,12.935655995118658,36.96899044442932,37.000682671684686,0.03169222725536258
-14.226929716374109,-19.6510383194653,37.20202359556347,37.14275317318497,-0.059270422378496335
-21.081422281519338,-19.461343096939395,37.09814455319544,37.08427190552994,-0.013872647665500892
0.5649411952427954,-12.009410766540562,37.11176421225829,37.08005470928221,-0.031709502976077886
18.94706414378136,-4.363763032374813,37.14150095075078,37.138678113216116,-0.002822837534665723
23.190735877146217,21.923971781754823,36.803960040035555,36.873667753449006,0.06970771341345028
-7.108798854630592,17.318138102552247,37.077920283404545,37.13000831101375,0.05208802760920861
20.623382171776015,6.282138919251928,37.05023883933467,37.05952513900533,0.009286299670662856
0.5729730763100847,-2.4542926366526245,36.95778118897912,36.97138582224997,0.013604633270851707
29.5737365799407,-31.654352805400777,37.70349749050362,37.68109239052045,-0.022405099983174637
13.53556201863271,27.978012115773154,36.8757827099396,36.82565854265683,-0.05012416728276747
-31.457350935800513,-25.11087777873926,37.13799540373263,37.011437427471655,-0.1265579762609761
26.110989643751935,-13.751860139876882,37.24420541196645,37.31450287603268,0.07029746406622905
-16.116542103967525,-21.984236937189152,37.20591297636375,37.14441443609319,-0.06149854027055568
9.122742848369015,-13.85762636736748,37.02701176738512,37.12300752847775,0.09599576109263097
31.59585415961127,-2.9315539243063853,37.20930282081476,37.23929055295545,0.029987732140689616
-0.8792992085445448,-1.798481592768006,36.97906301037535,36.961688341310264,-0.017374669065084447
-29.661170056588062,-13.593233494280732,37.0198763727599,36.87319707292368,-0.1466792998362223
-31.866916685399303,-29.959850651431225,37.01919860692025,37.07477165904613,0.055573052125879485
-31.076303682626275,27.157593040602933,36.777962769108356,36.79160490643099,0.013642137322634085
16.900724599125624,19.88687184346616,36.89089745570433,36.89140226325004,0.0005048075457168011
-5.278870698726685,-13.68717544096549,37.1134820195895,37.09307260877959,-0.020409410809904216
13.098419015532222,-6.476308852335528,37.13057930832945,37.099726301916995,-0.030853006412456807
28.774750406290188,-7.328133199382307,37.212441205459356,37.258946418318224,0.046505212858868106
26.767630239144104,26.501529486457102,36.943751220832866,36.82926749213799,-0.11448372869487855
17.26056324773934,-31.077363561168987,37.53683274261441,37.50924119447305,-0.027591548141359112
25.247607310236475,8.949569689467062,37.01766245526503,37.05248586613238,0.03482341086734664
9.523104915263737,0.4639968166133741,37.05886363753707,37.03805963788999,-0.020803999647085902
-26.631225163473545,14.225882624959247,36.93399368926777,37.002948051365046,0.06895436209727279
15.950185512694311,25.64685000593346,36.83508622082961,36.8528476994855,0.01776147865589195
6.3333689840335765,-19.612055903932102,37.11818675524447,37.18131639392881,0.06312963868433741
-31.406774006099212,-29.887962404736506,37.00375523824498,37.08055862195244,0.07680338370746398
-3.5356868378758364,10.272632169187759,37.1939052609204,37.18707676060385,-0.006828500316551356
30.240278633383596,-11.570220640924404,37.26530545540648,37.35498778340577,0.08968232799929154
-14.037258828984896,16.41658216406612,37.0166429773664,37.08138850097201,0.06474552360560892
-21.281632293120502,-5.699298145460972,36.79276416760344,36.87994534049882,0.0871811728953844
-15.346608919594082,-19.76969734546328,37.189760773552216,37.13631234004218,-0.053448433510034477
-20.248711387055046,-24.337254277048274,37.20717107586149,37.13189583378518,-0.07527524207630876
-20.962137914517463,-0.8368605579296045,36.76871252054881,36.81055002253997,0.041837501991160764
-17.50632457319073,26.417795708865874,36.799819751724215,36.89343393934735,0.09361418762313178
-9.1738742014224,-0.7844099179156032,36.964567570135806,36.91091069030917,-0.05365687982663303
1.6814290274926336,28.552718603938708,36.81516249475089,36.91484164614844,0.09967915139754524
-21.090776461590195,-13.83435922691573,36.97111246935876,37.00359714009793,0.03248467073917283
16.08618468420338,10.948758181058082,36.94618526509823,36.97891131855121,0.03272605345298274
23.64190154749395,-16.83363664565462,37.260087444558025,37.319231396995626,0.0591439524376014
19.90966456632043,20.627253639597058,36.85905368133213,36.88081216084885,0.02175847951671983
-8.17659075644847,9.918575765617028,37.25500060530799,37.20505177035126,-0.04994883495673008
-7.175172954014478,-19.806848241639436,37.17266559150498,37.16102462241388,-0.01164096909109702
-25.057191109001614,7.084602174251025,37.0791506017515,37.11234018766112,0.03318958590961785
-30.46148324454537,5.787993700599664,36.75162663903053,36.8163269375685,0.06470029853796433
-23.08511321943309,21.15071298641869,36.98031984568141,36.94071320748321,-0.03960663819819388
-24.37445751958203,22.466635781880022,36.94470133411666,36.91286277077505,-0.031838563341608506
-18.628401468022922,12.018442409435934,37.15985533203766,37.14181514582543,-0.01804018621222525
23.608488153376335,-9.023610079434746,37.18974645701793,37.19145938667888,0.001712929660946827
-17.36367604158462,9.882604966383099,37.25336044963501,37.21156459474262,-0.041795854892392015
5.225226522079836,-11.757459432670565,37.16801918156907,37.08913074400946,-0.07888843755961261
28.083955749804225,-29.57899426384504,37.662327708820285,37.61667930275172,-0.04564840606856535
-28.10637546203595,-2.7576155622711767,36.73319081767887,36.74014867834986,0.0069578606709939095
-28.183403776287086,-15.479859645848151,37.04518398061755,36.922088822744946,-0.12309515787260494
-11.171398943307125,5.500844399688063,37.15594026507462,37.11744833819763,-0.03849192687698633
6.205671914926683,-26.006668259894504,37.27644768840894,37.25593091505207,-0.020516773356874296
5.384964439905609,11.294471366370168,36.96656996386751,37.07509165149229,0.10852168762478698
-6.822145299464744,-18.087789898059093,37.15779814558475,37.14177923295339,-0.016018912631359683
-10.576078576230628,5.9548130737694365,37.1872568533126,37.13686231931993,-0.05039453399266591
-14.914615272579802,-10.041601981118909,37.04643191382187,37.02459457099802,-0.021837342823850747
19.729258135365264,24.445683805950246,36.80360358108966,36.85464878822587,0.05104520713621241
8.690921063756946,-10.352822930293215,37.00716777816876,37.08203384605796,0.07486606788920369
29.683259267273648,-5.646440563788325,37.2104438435187,37.24828860131743,0.037844757798723094
-25.056836476070828,14.086607595694097,37.07212949964335,37.02274944806016,-0.04938005158319214
-21.893546080378428,-25.675629622998827,37.24061744971292,37.12927296777271,-0.11134448194021473
-30.484235434245214,-2.722355736278324,36.726973040450716,36.70541597910572,-0.02155706134499269
14.813647985206124,-29.441018480349733,37.50387164867945,37.441993722756216,-0.061877925923234045
-2.7573143467973438,-4.859907950462635,37.07137154088708,36.99486880288307,-0.07650273800400953
-12.003977436450327,-24.164156810190455,37.232309424722246,37.1834390651025,-0.04887035961974817
-20.48650419898138,-9.485621998054533,36.871143243267746,36.94853223182215,0.07738898855440368
12.024471904148157,-26.45631164288767,37.39496369179546,37.34099138349272,-0.05397230830273969
11.322934362288287,31.0090934888365,36.88472692693795,36.83024496848757,-0.054481958450381285
2.152746430324875,-15.993750067334105,37.23996562218044,37.12944531974363,-0.11052030243681088
8.069464599526746,-14.75404778833633,37.00785015124806,37.13050529662861,0.12265514538055555
-19.10757881260477,-10.811231467848536,36.90853114517603,36.98788369821727,0.07935255304123956
27.088060437252274,-18.727753227728606,37.34530669236201,37.41350084466213,0.06819415230012282
-3.979576601562556,11.439882875760041,37.25976398170932,37.21566422778942,-0.04409975391990173
-2.6218075481635665,20.470425612776303,37.19788115345649,37.107558438537104,-0.09032271491938815
27.898850277044673,6.927503366522728,37.06506604563263,37.0904786336855,0.02541258805286617
3.7071034946752306,30.361814466948942,36.83301446713932,36.867496084373904,0.034481617234582984
-6.4202011899866775,13.962002690911135,37.16704071828228,37.183764012833976,0.016723294551695744
6.886135101747563,-0.08333053862786244,37.006876292097246,37.01246499086891,0.005588698771660461
-19.2529078845061,-19.40184058864977,37.093194598679624,37.10924852569459,0.016053927014965552
-11.168514288283696,-16.426979737924697,37.17763935733698,37.119084444516645,-0.05855491282033398
-25.81231456648326,20.712564038145054,36.885924318643106,36.91704029754512,0.03111597890201523
-27.70513295174662,-5.819063390745612,36.86582249857252,36.7909030629323,-0.07491943564021852
-27.987599023272452,-7.568166750754301,36.91135092811859,36.811753076087946,-0.09959785203064087
22.23470600623814,-31.615379981505875,37.627696311177054,37.58529602355346,-0.04240028762359316
-12.711384798492169,17.595928187384665,37.00019969004726,37.06954950627962,0.0693498162323607
-9.33123760875533,-24.69325711031864,37.22130444762463,37.203586245767305,-0.017718201857327642
18.874627185467816,9.461258177160282,36.98385974879204,37.012492637041206,0.028632888249163102
-19.60394471974103,23.208381855249748,36.89099286290586,36.93516830084254,0.044175437936679884
-3.2741887577900997,-6.451183289612246,37.08496302820474,37.01251729475628,-0.07244573344846117
12.242847372360956,20.8697194591995,36.914048877324234,36.8690743123882,-0.0449745649360338
30.239774515564186,-14.094703926426774,37.30655888168242,37.396080247979235,0.08952136629681462
17.360966360978864,28.202672578977776,36.91629862886577,36.83287720745407,-0.08342142141169973
-23.312403313582152,-2.6301461108789397,36.68128438100092,36.80502872287592,0.12374434187499617
-31.73005218207507,15.601753508639106,36.906011767923445,36.91126208975232,0.00525032182887486
22.55548396919955,6.452852252260207,37.05431408520158,37.06890236415229,0.014588278950704137
2.0295586227772304,26.758467725014633,36.78184962968741,36.942468672542,0.1606190428545915
29.65867651918034,-29.9057983113805,37.66774972317777,37.644160240739424,-0.023589482438346465
-4.980767586004575,25.076114756857486,36.96342378296536,36.987839106142445,0.024415323177088055
20.979327724842037,-19.277797259307256,37.29921190916835,37.31001738756347,0.01080547839512036
20.75233231919264,2.683686924625441,37.115817261292335,37.101889822309275,-0.01392743898306037
20.373232484903333,-21.09678679784917,37.327300655137556,37.33243380812665,0.0051331529890958905
15.376473170292172,-0.07084744140455967,37.1015415621296,37.09891349832762,-0.002628063801978442
-14.43081934518245,-27.387001693661773,37.26945688888501,37.18690216162472,-0.08255472726028756
-8.657000450218419,-22.032201473310003,37.197532502235276,37.18504141636496,-0.012491085870315999
23.527266311095758,-23.629403111172287,37.44889568749885,37.4283235255678,-0.020572161931049493
0.10065063229473026,2.9715784409093686,36.98113952430245,36.99395618797834,0.01281666367589196
-3.6144316776152934,25.56621283774472,36.87623408837299,36.990868821550606,0.11463473317761697
-6.698408681119659,15.26349918581063,37.12985644632371,37.16868727309388,0.03883082677017313
29.429188300314244,-31.776088844300155,37.70708856943095,37.68187005599884,-0.025218513432108125
8.802627909912289,20.142621421952512,36.90007494766513,36.88839729465526,-0.011677653009869005
-29.751360368070337,-22.023888055442896,37.11520836504065,36.992524872341484,-0.12268349269916712
10.067065712986874,-13.952319737885553,37.055020211146484,37.126504492907976,0.07148428176149224
-23.55363249720063,-13.539048489150254,36.99150245846986,36.962889450136174,-0.02861300833368574
1.7994417001897318,-13.653475390466284,37.163425596366395,37.10191935192329,-0.06150624444310182
19.387751421222838,6.823001699280724,37.03584441514957,37.046012082451746,0.010167667302177108
25.400128192137466,-31.707544193646484,37.69809558058415,37.62825324469759,-0.06984233588656252
27.627637597940627,2.675185486975394,37.144054806871964,37.142380538694745,-0.0016742681772186074
-28.50525388032996,3.6358450190593032,36.69252460739083,36.880877690397924,0.18835308300709386
-28.653430793510346,25.32322976404253,36.816561192413914,36.83695699054852,0.0203957981346079
-3.059437335473639,-10.368113787714336,37.077934203068374,37.05726028666671,-0.020673916401662495
-26.026696905647285,23.99681327219586,36.85204388266614,36.878881205882664,0.026837323216525988
-23.50834341806882,3.4294576362631233,36.76077565184862,36.94475674163941,0.18398108979079097
12.85267831494977,28.311165671620884,36.87444203754851,36.82023163296508,-0.054210404583429295
13.81536286497878,-31.015201168512355,37.54130233633934,37.46331688248081,-0.07798545385853117
-15.0685600949651,3.4390711847530184,36.92885215666137,37.0368845849259,0.1080324282645293
30.2286962339997,3.4796692315562936,37.138800315502486,37.14574398026574,0.006943664763255697
-19.354943579854286,-3.3996590632740507,36.77361266382132,36.87187279587925,0.0982601320579306
-20.4546792956529,-7.201147542823982,36.819808354168075,36.914280335623474,0.09447198145539915
-25.75049218211877,-1.8868482467042824,36.67295354403268,36.759759022958534,0.08680547892585366
23.193800878408155,9.831264853217021,36.99298006777792,37.03201994839378,0.039039880615860056
-16.414605033127827,4.506943096387502,37.04755108924477,37.09249403103442,0.04494294178964964
1.839339205943574,-16.497910211338905,37.24064231240526,37.13437703536921,-0.10626527703604438
-15.783990483529081,6.599257815438534,37.18830778290591,37.20300999514679,0.014702212240884194
-18.09376342150572,19.7103860102764,36.96999538731643,36.99987465088599,0.029879263569561942
31.10691434068682,7.298730774523712,37.07001876727474,37.09955290308844,0.029534135813698015
3.705772978816114,0.30041753162666396,36.93622818088209,36.97913295106271,0.04290477018061978
-16.96551261052933,-1.398757155938803,36.88816870961325,36.87478679229657,-0.013381917316678482
16.64752761275406,-16.106670968761748,37.179132404573416,37.178655291832406,-0.00047711274100947776
28.631703085556566,20.79559685727299,36.80741038738507,36.912076613927965,0.10466622654289637
-16.716378844151095,-31.727564812730286,37.119437223792374,37.19783252814332,0.07839530435094844
2.321302985268389,22.461812889571412,37.100438140564606,37.02427430561937,-0.07616383494523404
21.538718723513682,-3.777278255308957,37.154119172457875,37.151704765958044,-0.0024144064998310455
19.006498606317557,-19.50934315556573,37.25287787842608,37.280224789352786,0.02734691092670971
-12.244177835461663,19.64718352805499,36.9474360763448,37.03102841201509,0.08359233567028923
30.43250187651072,-0.6668998869999996,37.192930722059664,37.192291823100746,-0.0006388989589183325
21.912105780178855,11.545698602676794,36.95628074589746,37.00400421840386,0.04772347250639797
-8.140066205184596,30.622514951326494,36.82330389360968,36.87226113969274,0.04895724608305585
-6.877352758396839,-6.733166842208618,37.10075917586522,37.01202238036106,-0.08873679550416114
30.59679901151955,4.066162065418773,37.12912946926819,37.13966353616221,0.010534066894017258
-4.11140621014556,16.831025892310414,37.18890337455772,37.16946224571256,-0.019441128845159028
10.441649071377135,15.411153241054663,37.009469283993226,36.952493605394345,-0.05697567859888153
-3.2984598648917256,29.61542713244973,36.82171715550546,36.913199891835895,0.09148273633043402
22.61278177066044,21.536407005982696,36.81381850371145,36.87623194158172,0.062413437870269206
10.220635848550408,27.71643323602094,36.86229015693675,36.826839432675236,-0.03545072426151563
25.84116160041907,-5.455648287591501,37.186869303142,37.18327550548093,-0.0035937976610682654
10.881281870373158,-18.036694246951136,37.11008685925447,37.1750506818519,0.06496382259742717
20.397259597695488,-7.953086639597139,37.166149167285425,37.160657975034944,-0.005491192250481447
21.805847721970608,24.7352445525092,36.82296106559008,36.8488761419209,0.025915076330818465
-25.475848072490564,26.11869919958695,36.83981993424911,36.857967238439755,0.018147304190648583
20.017039578933584,28.06379760389946,36.94991453357914,36.82902651988613,-0.12088801369301194
-4.5345592910383345,20.332075619039664,37.10331518833526,37.091814458912545,-0.011500729422714073
-31.75379997755322,-17.30201114736952,37.052580126891314,36.895281872379215,-0.15729825451209933
16.598845406429966,17.98059222019407,36.91278768979328,36.90517423417325,-0.007613455620024467
28.454613734030858,-16.14208482330779,37.31410570023875,37.39655605257148,0.08245035233273512
19.408316133342822,14.365027211770645,36.89434471093165,36.956212798150084,0.06186808721843562
-0.7896779695898744,-22.796850790689355,37.27684043027783,37.2006232095207,-0.07621722075712967
-20.722879066992725,10.135985637633034,37.2439326624645,37.165181179115116,-0.07875148334938586
20.550221650621374,-14.08078492432061,37.19411904606473,37.21750529680584,0.02338625074111178
27.988068724272487,8.292051794788932,37.03970262608599,37.072999120333044,0.03329649424705394
14.347027879457038,15.268240274361865,36.946337064907894,36.93279425208957,-0.013542812818322147
-24.70201962401979,-11.967873237662786,36.97001513495503,36.923391520033256,-0.046623614921770695
28.29291659187394,-7.6792510846093975,37.21137999471189,37.255794302740476,0.04441430802858548
16.514556251352268,-3.178991115358251,37.12180353760678,37.119944234659286,-0.0018593029474942568
-3.0458627862637897,9.716128318150119,37.1713868521779,37.16856150085081,-0.0028253513270968256
-0.5416353621786314,-30.22488860775774,37.33090926533064,37.28533417697133,-0.0455750883593069
11.361904944047858,-8.54214296542954,37.104559479871185,37.08978244273784,-0.014777037133342219
26.680920994974024,11.061526330316632,36.982915566180615,37.031058390184334,0.04814282400371894
2.6373141231239217,-6.074644147414993,36.95923876966978,37.01785719461735,0.05861842494756786
-12.085589425391873,-3.9290396588117105,37.05171365411298,36.94502108938668,-0.10669256472630195
-21.446239568381912,-8.011359659084832,36.84560539564542,36.91276556083803,0.06716016519261103
-9.802080898243162,-7.43954868899646,37.10649673547934,37.009040891503616,-0.09745584397572316
-15.269996584400012,-19.982278517467996,37.194785067901904,37.138049658064574,-0.05673540983733005
-7.598504358885606,-28.27523592188149,37.255871107090336,37.23567654575316,-0.020194561337177674
-21.668496714770924,-8.568928239374088,36.86053886345344,36.91813592467337,0.05759706121992991
-14.184139922903505,12.091204824353937,37.13916518868501,37.15958676838444,0.02042157969943048
-18.182384448838775,26.040116679525653,36.82439565177015,36.89617227539299,0.07177662362283854
-31.24859637382643,21.847324131494098,36.839107282795354,36.84788766765997,0.008780384864614632
10.849254248577694,20.70800171940887,36.92385367436219,36.86818238639488,-0.05567128796731424
31.138734437180204,-16.990809733924927,37.36280448630617,37.45977895171481,0.09697446540864263
-14.142419202314997,-29.257345992787727,37.25687088787625,37.199728985292865,-0.05714190258338192
2.9726301751849533,-20.25545306086847,37.28815617634767,37.18002314339129,-0.10813303295638121
-19.38225131490362,-6.308649333153106,36.81845802120022,36.91567248404579,0.09721446284557089
-9.628731044208905,-5.827166282611323,37.092127748213834,36.985365411147434,-0.10676233706639948
1.0152676338773006,-22.472976567977582,37.28558465323741,37.200231731772554,-0.08535292146485318
-31.146995945712185,-28.7216547468638,37.003313441360305,37.067713806118626,0.06440036475832045
-10.804589008417189,-6.9454640930417995,37.092243886569605,36.996837724936114,-0.09540616163349114
-26.0024092773807,3.5537808496488665,36.72060241408823,36.916608139637205,0.19600572554897155
-14.757731985236596,-3.39504044764287,36.95112908951677,36.92438530811778,-0.026743781398991473
-4.072785030487466,11.144266281314046,37.245185182565294,37.21203553023384,-0.03314965233145273
14.967518012969087,7.880069246394669,36.999178600617924,37.013176867972476,0.013998267354551786
25.71499142620182,-21.238535596727566,37.40299872854792,37.42910646862275,0.026107740074827746
24.878377167691603,-0.8080317407111224,37.16050149745577,37.16019058488785,-0.0003109125679188196
0.011821712956098906,11.264644449638212,37.15058132502803,37.142536956414915,-0.008044368613113306
18.045797187522922,-31.060056160737396,37.517197191033624,37.51902372260962,0.0018265315759933287
10.539193091489864,-0.2997260643745463,37.070944719647905,37.050492002360954,-0.020452717286950417
-6.544016526600686,-14.291936361390512,37.12476314121065,37.09884476165004,-0.02591837956060772
-0.27583169042009814,-29.593440299937733,37.33847217329731,37.27838403068267,-0.060088142614638684
28.369167411810587,-28.008882476823644,37.62219148274751,37.58818960549942,-0.03400187724808745
-15.506937405222715,18.847844835159762,36.97439085338094,37.02704066051251,0.05264980713157286
-7.261431093941319,16.210859928267105,37.09705308836433,37.15177298834046,0.054719899976127806
-12.259377995531864,25.998448293600013,36.76915214804043,36.926837211108264,0.1576850630678308
-30.529424581957706,30.6527405595509,36.75342070324606,36.75842195767616,0.005001254430105462
-23.491121137722878,30.19236093841625,36.78613124920285,36.80156331143236,0.015432062229507437
-18.153574488688164,-7.9639092338930055,36.89166717245903,36.95793642705366,0.06626925459462996
-25.522326060846353,8.606137351949357,37.14203114835596,37.11340139362362,-0.02862975473234286
31.389571442276072,13.959429340411752,36.94631418662472,37.013567173026374,0.06725298640165533
16.249619396623054,-25.66051971030506,37.410575365657834,37.37834575464294,-0.03222961101489119
17.20141651657967,-19.675643836391252,37.255853948628406,37.260488579624756,0.004634630996349642
22.596447266092653,21.975297768440335,36.81463722536572,36.87041426265658,0.055777037290859255
-2.4520438578731785,-7.221165125843697,37.072627890255674,37.02199521493083,-0.050632675324841614
24.115221926454623,-9.050607906321723,37.19289505453544,37.2012260135586,0.008330959023162166
-12.16754571406777,-5.714890326748581,37.049371744483636,36.971759526302804,-0.07761221818083186
28.335177780817908,-16.795507744750118,37.32255585135558,37.40499622649739,0.08244037514180746
-21.11478952009265,11.028987402132039,37.22240251410187,37.13785075159496,-0.0845517625069121
25.91426847727719,24.640854229145894,36.878751112860485,36.84992391863529,-0.028827194225193864
-1.313272755530292,24.563117457288413,36.92893788970535,37.034370124030524,0.10543223432517124
-15.84565817586499,22.498083899688453,36.87047903022744,36.96578136187101,0.09530233164356616
-11.610090787757208,29.84288998273636,36.76018147538099,36.86741177254359,0.10723029716260157
9.730878981433776,11.154418201753998,37.013651304954365,36.980169282962606,-0.03348202199175887
6.927222649609618,-11.173209352243312,37.00997838574408,37.08684626442139,0.07686787867731226
8.765589081357128,-26.472470835096935,37.31765033436265,37.299181049403415,-0.018469284959238053
-31.235156999585264,15.262430561230097,36.907096890096916,36.92982300961708,0.0227261195201649
-18.27516868152079,-26.551170372982035,37.25355312316761,37.15748392559657,-0.09606919757104038
-28.182268065619056,-15.084981830274216,37.04405689270263,36.916453956723814,-0.127602935978814
9.530286083653941,-8.638069563097147,37.04214537253758,37.07148255033884,0.029337177801259884
-24.63577967749054,-30.323798331185756,37.06129984879943,37.139099219751714,0.07779937095228462
-22.615133798264736,-26.307299488427567,37.25410441931251,37.12838390653057,-0.12572051278193896
19.805787533121936,-28.949286283239694,37.48758930649219,37.49588435287023,0.008295046378037796
13.56303430242756,10.758314675431038,36.953719114830996,36.97893157264825,0.02521245781725412
29.938347437916235,-24.53111254107528,37.539255954871024,37.560449883588525,0.021193928717501365
7.981378587942935,-27.043114439922462,37.32496055547103,37.30144682454982,-0.02351373092120923
1.0305755750209755,30.938344150622115,36.83398012129885,36.8835369031082,0.049556781809350525
11.422170887100414,10.328396020262772,36.98065865401603,36.982430663500594,0.0017720094845614653
18.98687961986201,-11.450825648231643,37.17317559525004,37.16548851394755,-0.00768708130248541
-14.901474060710584,-2.8745959109509656,36.950065229465345,36.91580726573798,-0.034257963727363006
-30.601916218927137,-22.80605220318153,37.109322168289665,36.99112073816517,-0.11820143012449336
-23.540317731991195,-27.64818952121209,37.20816640112462,37.13036358789567,-0.07780281322894922
24.893936497137837,-28.29593457628517,37.59552229364172,37.547501880465916,-0.04802041317580574
22.07456512262933,-24.489919345242967,37.45895324165285,37.42824543203305,-0.030707809619798354
-31.63113825198524,-6.085723040732866,36.898248394363286,36.73656567566296,-0.1616827187003267
-30.557232427150474,-26.14954838775835,37.136985102278175,37.03963640597262,-0.0973486963055521
28.806341230636676,25.94582323651,36.93071213363274,36.84539942171753,-0.08531271191520773
-29.863539054967397,23.439266421842902,36.831655973985185,36.84493233462487,0.013276360639686402
22.407833375519857,-17.977738676056013,37.27645470044274,37.3151442408877,0.038689540444956094
-0.0627080540236733,6.660326763699061,37.06966588280507,37.06173838067718,-0.007927502127891728
-8.894673172800154,16.835628992547306,37.05740175332731,37.1227287277217,0.06532697439438806
17.384215365586655,20.67950824049123,36.86686253636479,36.885027021231465,0.018164484866673547
6.452544918235006,14.394651352197883,36.948716736124254,37.02228953572735,0.07357279960309882
-18.631276753945308,-29.87064355612023,37.147759101359874,37.1747156415858,0.02695654022592464
-27.22420388982747,18.18553027865441,36.885153963480654,36.92994313447714,0.044789170996487826
-8.465915209786097,-14.5521581695524,37.13766134211015,37.100123123370096,-0.03753821874005325
-30.211407359823134,15.96573441916108,36.901621930268334,36.92349723441839,0.021875304150057673
0.6755102435601259,14.118238243245209,37.12162834599045,37.186937113223316,0.06530876723286383
-24.79902043016746,22.780530060255508,36.91725250989063,36.90499817672608,-0.012254333164548825
14.834415165445904,-19.734479444693918,37.24129032557036,37.23114517412505,-0.010145151445314582
14.56337002191502,-17.250713043392423,37.16833285921436,37.175545496549745,0.007212637335385352
10.329209888328052,18.52892106405087,36.95159210813946,36.907412220263424,-0.044179887876033774
27.63665794269582,20.650296802020797,36.80619083081467,36.90965690918713,0.10346607837245614
18.023571155123776,26.189909016462387,36.88125632472425,36.845639783479626,-0.03561654124462166
29.30201215601437,30.73646168354056,36.8261861993918,36.79365590003766,-0.03253029935413565
-30.96887064635557,-18.920691282180563,37.06159715110168,36.93007599752707,-0.13152115357461014
-8.92668271394971,-18.142008338452037,37.16560709726025,37.140554497475186,-0.025052599785063023
18.144315071778188,-11.496931660817637,37.16835017426902,37.16071134477476,-0.007638829494261756
5.629827869151782,-15.971963034633667,37.162583547096915,37.13810751343365,-0.024476033663262342
7.365084414842848,-1.5555697604461827,36.99544642028747,37.02286518407788,0.027418763790407752
18.290741948580973,-18.848833586790846,37.239309902048134,37.256598604472465,0.017288702424330893
30.289504172889927,-15.328547744613068,37.32621570273717,37.41708410414924,0.09086840141206665
-12.265940976425455,1.2874437078137575,36.85098514953322,36.93608161521729,0.08509646568406737
-0.5883035225061448,-12.871917028465319,37.10740982800974,37.0879032906166,-0.019506537393141343
-28.03824287153423,29.10711793500146,36.74667754890083,36.79624653414814,0.049568985247312014
3.1101620853251575,15.882912828846528,36.88185200691,37.12463449626134,0.24278248935134172
-13.677818649020928,8.38040137518982,37.247990893588096,37.25144830864827,0.003457415060175606
-15.470475690167682,-25.930085793320586,37.25450190828677,37.17171497151094,-0.08278693677583249
24.744539532637,6.79154861052583,37.05593934303439,37.07784688894503,0.021907545910643478
-3.9850887647728612,14.517520214718438,37.24005863673409,37.20222894250364,-0.037829694230453015
-22.12943854423878,-3.803706670563713,36.755246582207604,36.83933974534885,0.08409316314124737
-25.660830269800805,27.73803472607112,36.82480347701773,36.83061535529009,0.005811878272361071
-11.482005247670685,0.32447504705140773,36.89523671837179,36.90117738197404,0.005940663602245877
30.906812382189614,-8.802587388002621,37.231652565182486,37.3221956413206,0.09054307613811119
0.6762894856673611,31.95884037697416,36.871730478706276,36.88742082742263,0.015690348716354663
9.047432343801134,-4.904190277545041,37.032297121976605,37.05256143054327,0.0202643085666665
-10.144044487778935,22.906683279272528,36.879422196507214,36.98798050378748,0.10855830728026916
-20.838858741835544,18.761274921525228,37.00118667803997,36.99029296742791,-0.010893710612059238
-2.6603068153305145,12.390950174721759,37.2706564247235,37.20943543843147,-0.0612209862920281
-11.707767308848616,-28.78187687964843,37.264949517925125,37.21245651007402,-0.05249300785110478
11.387026317935423,6.754214789852298,37.00721798558775,37.02373297208592,0.01651498649816574
18.89597116512607,-4.641437911387982,37.142583037355706,37.13941922276282,-0.003163814592888059
-22.182408634476623,4.067498664407232,36.82754880841834,36.997172764870136,0.16962395645179384
31.64195185823676,18.62630395408626,36.85476421488088,36.9535565609854,0.09879234610451704
7.8335085975851015,-24.567133656675892,37.25455433948831,37.245681174513955,-0.008873164974353642
-0.44379088550788026,16.637206471542335,37.2314362222818,37.20929170296391,-0.022144519317890854
19.82173714846636,-14.463765849363185,37.192199716295995,37.210332037123905,0.01813232082790961
-29.064756963768616,-25.37905789929578,37.16893638433385,37.050716053657844,-0.11822033067600302
-8.137579294926297,-23.047156971950386,37.20215585813312,37.19704102867288,-0.005114829460239889
2.0152617520644043,1.5629578614344197,36.905327291292075,36.95930687850995,0.053979587217874325
-14.222183447939472,-2.2226569870789348,36.9699955319743,36.90909011807904,-0.06090541389525583
-18.418501809180057,8.341846258540443,37.26917992923222,37.238520480640894,-0.030659448591329408
2.193983998582418,-28.16829560417522,37.34035407417973,37.26803644649386,-0.07231762768586947
15.887244640979247,23.2494493212777,36.84115220743683,36.8691924990081,0.028040291571272746
-20.73254018316669,24.980316282402484,36.85810900144546,36.90055010596603,0.04244110452057015
1.8160766769122532,-7.799315051931735,37.048116822940464,37.03537090520031,-0.012745917740154766
12.777648623981015,-8.558718812906008,37.15624450228341,37.10426749090521,-0.05197701137819877
-20.01357582606476,-19.91015787593632,37.1059622457292,37.10651304267575,0.0005507969465483598
-0.9128632502345937,-25.078616157848167,37.292073542621736,37.226470503451566,-0.06560303917017052
-13.292155479917689,-4.48090407380046,37.01205225507946,36.94774675180873,-0.06430550327073092
-7.200903430596135,22.862959823185953,36.97006492778479,37.01266903526478,0.04260410747998833
4.461939550915936,12.462454715820883,36.96105615127691,37.09909694459942,0.13804079332251007
18.09502824271332,-9.511300722492393,37.15912549847784,37.152975668635285,-0.006149829842556187
17.01082912293046,5.803664056077125,37.04577372345157,37.04383375544882,-0.001939968002744763
8.597208787785178,27.716507678832762,36.84651598177716,36.83515970107939,-0.011356280697768284
17.305682024118987,-5.531152161207807,37.13695913864535,37.13341270249622,-0.003546436149129306
-19.81940108244497,10.736832095295327,37.20855880720965,37.16051328970402,-0.0480455175056278
10.748598538812097,-6.152761998432474,37.098239737576975,37.07457420510827,-0.023665532468704953
-26.71327739926666,25.165929970458187,36.84624174821886,36.85892780809327,0.012686059874411626
-2.372642976715916,10.266141848619242,37.17391253471362,37.1665351939571,-0.007377340756519857
10.686216133838087,25.186376428172146,36.79961828692317,36.83202537464019,0.03240708771701861
23.709504690668822,-23.54518657883483,37.44836040797264,37.42974813969928,-0.018612268273365373
-3.497187928209037,-31.034222247930813,37.31829016087446,37.278031482664254,-0.04025867821020768
5.182522167544732,-11.61345012220277,37.16001004205617,37.08738320819439,-0.07262683386178281
-5.898536050921059,-14.29294084180276,37.121529905709764,37.09942098303095,-0.022108922678810927
-28.71767307030327,-26.84829917535626,37.16566465612432,37.076885749593416,-0.08877890653090503
-5.343045600758387,-26.955775088895813,37.27358642455309,37.24230326294242,-0.031283161610666355
17.424797314713892,30.262257553510473,36.87346055896667,36.818473143089605,-0.054987415877064905
13.176536919123556,29.906947601549888,36.87299504045522,36.817714354193754,-0.05528068626146876
-13.140337308334196,-3.8524491541043204,37.01124652067305,36.938913740395144,-0.07233278027790391
30.95669754908485,-18.374314556520012,37.382072020749035,37.478953523136184,0.09688150238714854
-4.873371302507657,-14.347499579357589,37.11700634744954,37.1009386078255,-0.01606773962404162
-22.898549542661662,23.39307947433025,36.92886984074975,36.91547648401526,-0.013393356734489714
-24.05038414592815,-17.04758185098001,37.07460274516035,37.00574720008059,-0.06885554507975655
3.1666414311957425,-14.17935452286028,37.223466479323754,37.11140467636498,-0.11206180295877743
12.542904141934827,-31.665925115697036,37.551540972849104,37.461007693602696,-0.09053327924640797
-15.478428236909338,12.6719488614579,37.14210942307136,37.15295629043544,0.010846867364080026
14.574345650274033,11.437535668236478,36.94261749986075,36.971773356470585,0.02915585660983311
-17.975760005276072,-19.337277110274613,37.09496015590331,37.11701103298923,0.022050877085924014
-7.425840201861732,-13.990967847026475,37.12749203734139,37.094649649083294,-0.03284238825809638
8.502237004414923,8.651702950493714,37.01033495336392,37.000697426630296,-0.009637526733627055
-22.016672394188184,6.08672137337031,37.054430947404576,37.10673564553257,0.052304698127990434
-13.00167645679958,24.141850537606146,36.81100335867888,36.95336507604275,0.14236171736386893
-23.65953094967724,-31.298582027602976,37.06732759940241,37.15104965960798,0.0837220602055666
22.394277653033576,25.20158790730291,36.86889339484422,36.84457435564696,-0.024319039197258974
9.344023662796673,-18.92769235658602,37.12094339612424,37.18124656119208,0.06030316506784317
-30.58002179232792,-29.659443315620948,37.007416228709666,37.089534209655966,0.0821179809463004
27.676247506106,13.034959125344464,36.94938885911577,37.00954220405717,0.06015334494139779
23.693529250867314,29.96051222858523,36.935213778734386,36.80920442464699,-0.1260093540873939
26.70058527546602,13.79361915838411,36.93172415514394,36.99537046643522,0.06364631129127929
12.975188081099489,-27.380702796244385,37.43737797864585,37.373396781617544,-0.06398119702830485
-20.285314920770617,-21.13911675904653,37.13463131472742,37.11287342833948,-0.021757886387938186
24.29396097021406,6.4658837301409875,37.060324253801674,37.078965240070254,0.01864098626857924
7.172548393497635,-1.5185134927791992,36.987873556836895,37.02076476235668,0.03289120551978186
-0.1680688690240828,-11.91797892523411,37.097958496506386,37.07741995001414,-0.02053854649224718
1.8062667011139482,4.0741038428813425,36.9261222329084,36.99707176603428,0.07094953312588359
-11.597626623855959,-30.274937560989066,37.26092863066167,37.221930388443724,-0.0389982422179429
4.675062708908669,-21.41224825209477,37.2126196037107,37.19754417205915,-0.015075431651546012
2.9954605776163135,31.188502736522338,36.86808157496904,36.87341664706515,0.0053350720961091724
6.682959556035399,15.878763535983438,36.93994146287655,37.006308919816426,0.06636745693987933
-26.480382258973698,28.530614767670585,36.79301185386723,36.81353741141632,0.020525557549092355
-13.11108729332279,27.999126295041066,36.72056290718801,36.88988937288969,0.16932646570167975
-27.438568274029876,-1.5855894739071275,36.669065632308175,36.73165609481567,0.06259046250749378
-0.8563268844098602,-30.789213004414478,37.31353578955076,37.291478011901354,-0.022057777649408195
1.4582057030401216,-11.185708363711,37.11248867487811,37.07297408475125,-0.03951459012685632
15.55569355285514,-26.5602762368556,37.430460896160525,37.38893779349167,-0.041523102668854506
11.804565609927089,2.63649007979442,37.06828159768345,37.056821251361555,-0.011460346321896964
-2.8346799073480256,17.108686303679626,37.21673228091225,37.176079458526075,-0.040652822386171295
16.961378285269383,1.3367156290482995,37.10442111993212,37.09519232296508,-0.009228796967036601
0.31648938477093225,8.056869499328755,37.065775280984454,37.08244699704182,0.016671716057366837
31.17404562373688,4.415435292712175,37.12470067139416,37.13759765481416,0.01289698341999923
7.010285863204736,-1.414282709776984,36.98347055456695,37.01872084739306,0.03525029282611314
2.768576466006621,18.826875758090132,36.96896753920646,37.087692963624164,0.11872542441770406
-26.902855777678518,21.01312369997777,36.86972727534883,36.90237040235197,0.03264312700314065
-5.974107195355131,13.707626498553878,37.18137564140919,37.19053000310902,0.009154361699827973
-23.494454248263132,-28.36145421552412,37.16671196495278,37.134846397683525,-0.031865567269257156
-10.65480440221566,-16.038728272744386,37.17160561503392,37.115117580250526,-0.05648803478339204
8.08195870104899,15.951203594981948,36.961938167451464,36.961844196597724,-0.00009397085374018843
-7.6012761096591674,29.822500042549848,36.79242056910398,36.888039007750756,0.095618438646774
7.44892745116443,-6.76822159757576,36.968385650290394,37.04326677939965,0.07488112910925793
23.521023053906987,-18.579138714156798,37.3050049359486,37.34542543277584,0.04042049682723814
8.606209642653262,7.828814080339718,37.01143578524958,37.0093961063254,-0.0020396789241843294
2.155082023559025,-14.943566528927803,37.21099780065513,37.117505466951926,-0.0934923337032032
19.86197654373838,-12.781045598630627,37.18429643988138,37.18367590441089,-0.0006205354704889032
30.872091169332784,-0.020169582460809465,37.192334143569816,37.19244917155405,0.00011502798423634886
7.563386121660166,29.59296735309165,36.86130476764913,36.8456183063475,-0.01568646130163387
-17.99898700288381,-15.22716553149776,37.02289991339684,37.069328811689346,0.04642889829250407
10.532118749944232,-25.430634957448447,37.316636613528516,37.299375596651906,-0.017261016876609858
-6.477082819589725,-27.137442935411265,37.25695349948509,37.236141074270655,-0.02081242521443727
11.208370685400489,-16.263952299960827,37.068058165089994,37.15572390729339,0.08766574220339862
-2.0298578873049564,-3.324021382837074,37.04028698115412,36.97803461757838,-0.06225236357573749
-21.406181545986435,8.853319806927097,37.273935961255454,37.1899352740889,-0.08400068716655085
23.32669010803506,-0.733981184293981,37.15089641577862,37.15079673382581,-0.00009968195281118142
-29.225621187993013,-1.5916128009760655,36.67072954438984,36.706840524107164,0.036110979717321356
-11.906542034427126,21.771589913425757,36.891307769679194,36.99757407048796,0.10626630080876254
-2.1649810205220703,-19.201077278172427,37.189452996092115,37.158517895646256,-0.03093510044585912
18.473326307825182,5.397113871154957,37.05906272676612,37.057126662923245,-0.0019360638428764787
-19.302983215159536,-10.387330276623196,36.89831667972592,36.978722250014926,0.08040557028900253
11.60210603046675,19.934412561771715,36.93422415211376,36.87718753293038,-0.057036619183378434
-15.032812347765876,-19.371330288908638,37.190807388758074,37.13597238673033,-0.05483500202774394
-6.542348104759654,-15.354502784596747,37.132354879605636,37.110932914583124,-0.021421965022511813
-26.91719744122397,-13.652926576426928,37.032454013773894,36.914696524526974,-0.11775748924691953
14.109117079654695,-14.896317468235694,37.19335759671767,37.147600223717795,-0.045757372999872814
-15.799164761591868,-16.871222405773857,37.130887079545744,37.11639875627878,-0.01448832326696703
13.34114804791708,27.96350263564026,36.876489455368386,36.82487218843387,-0.05161726693451385
14.425683534414738,25.19931832398506,36.8291357719445,36.84899691025312,0.01986113830862024
-21.346577596297443,-6.9002821004092425,36.819966222499936,36.89728010915157,0.07731388665163763
-4.81878379814485,-0.03182777771817058,36.9518902418622,36.91989533532029,-0.03199490654191095
24.25823672043466,-11.046147568788577,37.20273438737452,37.236348259739835,0.03361387236531499
-6.335033224232987,24.135111769318712,36.96958404577545,36.99439607890803,0.024812033132583622
16.163532903381544,20.77098218445441,36.87271585335871,36.88660490770797,0.013889054349256469
-29.25024305645573,17.934252579581717,36.889595295684224,36.91154470050907,0.021949404824844976
19.39982420357402,31.190097237860286,36.86099018114045,36.80845651904336,-0.05253366209709043
16.53505602822937,1.3027414319224135,37.10199878735256,37.093080506359236,-0.008918280993320593
-13.610204039977042,5.56036267054413,37.136773858950605,37.136038592286425,-0.0007352666641793348
27.45211578666607,-19.845099871112033,37.381028918064295,37.43839353847486,0.05736462041056711
28.617657924295315,-7.000353434801461,37.2100913129177,37.25071827052942,0.04062695761172108
20.63606637613848,6.66644220605567,37.04312360612618,37.055156151952296,0.012032545826116348
18.25562406499637,20.767396806829545,36.862565604896005,36.88283786603481,0.02027226113880687
14.105853544975218,-31.267092153269175,37.54984659533343,37.472553734571726,-0.07729286076170183
-25.76404254900413,7.548139044894555,37.105060224583376,37.08391159479895,-0.021148629784427442
6.506514865550528,-30.515502098498594,37.40448956575554,37.3578902067154,-0.04659935904013679
-16.227444466114143,-26.350110014236073,37.257115247360375,37.169356937862155,-0.08775830949821994
-8.092465572886233,-27.134634455604335,37.232905238083035,37.225826509399525,-0.007078728683509894
14.572019386455366,26.39817783312219,36.85976481776239,36.84134747973342,-0.018417338028967833
12.990951451120168,1.2479406526290546,37.080961074104295,37.07177144031223,-0.009189633792061613
-27.701745222115427,9.497601502642517,36.94247243914548,37.01700973624282,0.07453729709733636
-1.2715746578781548,-7.106434812430287,37.089974979189336,37.021723068165755,-0.06825191102358019
29.642808145011415,13.269447193555628,36.952451883182036,37.01501412368928,0.06256224050724057
19.286425796541643,21.571590731081237,36.8380975175882,36.875390442546895,0.03729292495869174
30.46560057590124,23.170307144088248,36.846452520548304,36.888948743333664,0.042496222785359805
11.69864950283641,-3.8685232989100413,37.101880313920105,37.07568695418106,-0.026193359739046684
-10.878167277021376,23.43328938895499,36.855928003867106,36.97567374500275,0.11974574113564529
9.380336740420674,23.282852134306623,36.8617728347601,36.83927299969642,-0.022499835063683804
22.359443171873103,-23.036223250300267,37.42060844120286,37.40031315173014,-0.020295289472720413
-9.87674676457894,4.735582331997421,37.1386858137222,37.085422016716684,-0.053263797005513425
27.004967150026282,23.954770454624246,36.84025067007912,36.863645050417695,0.023394380338572773
-20.03453102255849,13.571565282737822,37.142045835363646,37.087627347175825,-0.05441848818782091
8.392471718906727,30.25901461264845,36.878888083819376,36.84320087262538,-0.03568721119399498
6.851330591875417,-24.36381133368453,37.239363703655954,37.23669488856234,-0.00266881509361383
27.622166978741966,-9.425716400150236,37.21507885927104,37.27188295609241,0.05680409682137366
3.7475290453799914,1.8741698708295615,36.94205984043841,36.97631247679123,0.034252636352817944
15.370524686943824,30.548853001467023,36.85421901471612,36.8161953511865,-0.03802366352962139
7.950733063433567,2.6273460542032794,37.02936474172306,37.01757919184693,-0.01178554987613012
-4.9375622911457455,18.0860740780125,37.1317321738321,37.135051212023065,0.003319038190966239
-1.5132132213808944,10.396153455999674,37.16858618339355,37.15375729063549,-0.014828892758060874
-13.194815994747465,19.288958678249195,36.9469872543728,37.03155010558765,0.08456285121484797
11.829513687100707,-11.765393483704585,37.122586718149314,37.10663339625123,-0.015953321898081185
-10.063165567928266,-25.79334668698619,37.233676445183264,37.2053832312905,-0.02829321389276629
-10.827282947685553,-0.3456362548510228,36.93315163734229,36.896496461803274,-0.03665517553901765
-19.980965263498817,-1.5076098274635612,36.8111740290751,36.834412120894584,0.02323809181948633
-27.87847070580387,-27.184182356547417,37.18873267221487,37.09412376264836,-0.09460890956651014
20.104470718455538,8.516864001535552,37.006547275485474,37.03063752545317,0.02409024996769915
29.106864812936607,-16.811252741139334,37.33338880132385,37.419456439154786,0.0860676378309364
-9.789544250736434,-1.6120344650260563,36.9900082421423,36.92059428476226,-0.06941395738004275
-18.353594887003588,-20.034682855068432,37.10675189037043,37.11869959436888,0.011947703998444581
3.2159184293346215,10.26531045525941,36.948049794036585,37.09369663270013,0.145646838663545
-16.117410082558067,16.353199727079918,37.05949814573838,37.06464404090906,0.005145895170677761
-7.601648914795845,-22.924712790462294,37.19808289227856,37.196117165191055,-0.0019657270875086397
11.288884180247315,-26.507253487288025,37.374191523357815,37.332582702430464,-0.041608820927351076
19.5147547799588,0.8304613557447595,37.12176692213391,37.11604697490645,-0.005719947227454725
-11.13101645022428,-27.162531777112754,37.24992498278505,37.206619644320355,-0.043305338464698195
-21.51012710957847,29.65787503676463,36.777004430276236,36.82031089497054,0.04330646469430377
-14.936751117410687,-25.919201048442652,37.253887376794225,37.17505351778611,-0.0788338590081139
21.551157699745573,-15.426243734278628,37.21044845157829,37.25783452720967,0.047386075631379754
9.544096617822646,30.375179509724546,36.88174535093981,36.837618248485406,-0.044127102454403655
-21.518901608887774,-11.91749003474657,36.93285262480001,36.969820346040656,0.03696772124064296
-3.042334190496682,-19.15637709832533,37.17298214355889,37.15724174707676,-0.01574039648212988
5.1517260885852565,-21.560710086644647,37.19282055350139,37.20045437533758,0.007633821836186883
-1.5725291121784792,-17.46107837298714,37.16867767033358,37.13924380351957,-0.029433866814009946
28.454638779647667,-9.420071067530898,37.21982902515381,37.287113727106124,0.0672847019523175
29.474468553214315,15.60625979700881,36.90819164779348,36.98368525856094,0.07549361076745953
0.4687512911226577,-7.522726752274217,37.06475872427462,37.02877219199062,-0.035986532283999395
-10.599253750852974,28.836383864482144,36.7360171476668,36.88894776609694,0.15293061843014044
23.520165817081008,-13.272284225463245,37.208492518031335,37.259007429616474,0.050514911585139544
0.5583145217075227,11.66234174536637,37.08603234067759,37.1443267904103,0.058294449732706255
20.787723644164892,-0.6738914705084866,37.13609527973217,37.13565496942387,-0.0004403103082992743
-30.680905055913883,-28.736651480661266,37.012652287323036,37.074832418176236,0.062180130853199955
9.476145788428447,-25.213977843686926,37.290025384026976,37.28100165423798,-0.009023729788992796
-20.514139894996063,19.388790646579317,36.990167936915554,36.98681876714902,-0.0033491697665368747
-15.938004314068607,3.523770294681121,36.92426938153199,37.04675753381776,0.12248815228576859
13.386864256092998,25.60592176166943,36.83189414720044,36.84143648594684,0.009542338746406642
11.661352648043412,1.757681253150217,37.07117936774919,37.05717481251732,-0.014004555231871052
5.340884541584018,1.718359029899247,36.97487607776759,36.99286614576822,0.017990068000628412
20.065177403464773,22.931961612874034,36.792442759622624,36.86454138226691,0.07209862264428324
29.41858554845104,20.164733419732052,36.821850609615964,36.92375500276147,0.10190439314550304
-10.049278534066765,-17.261292141045125,37.165232219442345,37.12955407938708,-0.035678140055267704
-13.983317922387634,-21.703763508263314,37.223877540905484,37.15636595885582,-0.06751158204966146
-14.576528643902314,-9.98246376918219,37.05626505971199,37.02528119047616,-0.03098386923583263
18.36973719155312,26.55898148404477,36.890291319276635,36.84245191729475,-0.04783940198188219
-16.95194168419227,-18.532454372425498,37.11883062091273,37.11880954120127,-0.000021079711459037753
19.128933388371244,15.544234370011843,36.884253593578556,36.93955898562339,0.05530539204483631
3.6895263633618214,29.002457783146184,36.82024917076739,36.86384793629142,0.04359876552403108
-8.098696501506822,-13.020985329246663,37.124739676193386,37.08302734868136,-0.04171232751202325
4.481581709320558,17.64703237120932,36.882903479414,37.050959813661,0.16805633424700517
-17.087641748445584,-9.403238840117616,36.955612803847025,36.994652683015325,0.03903987916829976
5.5973435448701565,-16.17209807567739,37.16254224946918,37.14030080844456,-0.022241441024625885
17.90053505811961,10.745230891956012,36.956442796049046,36.991923911278214,0.035481115229167415
-2.3325595491657296,-3.2034418480225426,37.05577047108399,36.97639816141574,-0.07937230966825126
-31.879881209700464,8.508291538917533,36.85837528333565,36.7883707809639,-0.07000450237174505
-12.541754087691189,8.538507465359373,37.254292516775386,37.2401544285092,-0.014138088266186344
30.61360504323069,-4.182983567330211,37.20941339945282,37.241585869032555,0.0321724695797343
6.63126424871696,-11.080119057743993,37.04365781316328,37.085028968919175,0.04137115575589689
-26.258016994754634,19.49133074085151,36.87680231419132,36.925745517639186,0.048943203447862516
14.048160538326641,-15.566876197405847,37.14855269892675,37.15507162812495,0.006518929198200851
-17.550815537771037,-7.972288056322853,36.91368282370266,36.96646463329772,0.052781809595060736
5.845191948189054,12.658943281957171,36.96520882795767,37.05217146075523,0.08696263279756522
-12.008022023349731,-24.401638312064534,37.23422160504659,37.18480848468452,-0.04941312036207535
15.52235144550415,-27.877927930590502,37.465837984910955,37.41716535431655,-0.04867263059440319
30.169787104584167,0.9742224738770915,37.1829816128694,37.17698305188523,-0.005998560984167511
14.03081178438277,-13.439840262984816,37.19165162935411,37.13533829603959,-0.056313333314520264
4.1827487166291775,-22.26764689699349,37.239192766274364,37.20601277703966,-0.033179989234703555
19.358099462307877,22.340143745444898,36.813860188503675,36.86992869749054,0.05606850898686844
-12.823504226902386,-16.502548160865302,37.17899539109289,37.118495919131306,-0.06049947196158456
-21.779264726322054,-7.118036237129672,36.82994950030722,36.89455667322829,0.06460717292106466
-23.608600951791963,27.475237067353795,36.85067492208487,36.84529165302034,-0.0053832690645307935
11.348875619641419,29.44639645093538,36.87157441530332,36.82581460268941,-0.045759812613908935
1.172188157951993,4.703411313936172,36.93540974363398,37.014423941249326,0.07901419761534356
-1.6290999039850433,9.780815067477079,37.1606140761925,37.144831835453175,-0.01578224073932688
15.705033464625338,-29.171344040016727,37.50185695936239,37.44766060331895,-0.054196356043441085
-13.861617813860093,-9.12893491486215,37.06557361198225,37.015669365517,-0.049904246465253266
8.129996918437548,-10.741696225424086,36.98619609985713,37.08501991166769,0.09882381181056132
10.957489947381589,-22.77174755416825,37.23766275684654,37.24704803549741,0.00938527865086769
14.287945959671816,-7.270865025733379,37.129663825114854,37.11482419331065,-0.014839631804200337
-5.57911170554862,-0.3648429003542333,36.97999355852555,36.92138896542937,-0.05860459309617738
8.312741568384908,-28.041470318956875,37.3555764391658,37.327448073478294,-0.02812836568750754
-8.451690069356886,-30.26421038759093,37.2711565690383,37.241922711834945,-0.029233857203351477
-10.878676409363635,7.603210697604879,37.25103889884373,37.223065709024745,-0.027973189818986555
-21.247187502604284,-24.103885280724924,37.20402687633565,37.124159505695154,-0.07986737064049265
-16.131272302568696,-1.6220025912653782,36.91023034666835,36.88980455663779,-0.020425790030557778
0.31928505680282626,-8.370674895235773,37.073336701753675,37.038034594891364,-0.03530210686231072
-29.23283067549969,-1.7654045515947985,36.67513053980212,36.709379504087565,0.03424896428544599
16.781949443512914,-16.767107561146858,37.17994200383504,37.191882226924584,0.01194022308954601
19.19610594943643,14.351410082086588,36.8939539575476,36.955469309455545,0.06151535190794277
18.929582646664706,4.743175406101081,37.07266931474737,37.06736833241611,-0.005300982331263526
6.9609772590572945,30.328504584379374,36.857815932420074,36.850728379154376,-0.007087553265698432
12.364219469085882,-12.631187559649788,37.139725682743546,37.11736307088055,-0.022362611862995152
14.470488041826407,12.729580510337769,36.94100975093103,36.956762685877976,0.01575293494694563
10.44885639738667,27.413205230282827,36.85398666735203,36.82483592534667,-0.029150742005363384
-29.55418464003833,6.403052262580957,36.780165386566395,36.87248045570499,0.09231506913859278
9.186998400170374,-29.285028785781833,37.401268392412625,37.365806167892956,-0.035462224519669405
31.992360675182297,-31.180864499833703,37.69939034163659,37.706522838815495,0.0071324971789081815
-24.174335445858368,-10.192993367296019,36.925163023082106,36.90580487377765,-0.019358149304459005
13.15571461545575,17.756151678579656,36.957356790408085,36.90551695765265,-0.05183983275543369
21.56798705771844,15.32475099375938,36.884101296199546,36.953027485457426,0.06892618925787986
-2.3140150812889146,25.910354084383485,36.827102476763955,36.99632091718538,0.16921844042142453
-11.348177735031186,-2.9389399089184067,37.022926758225964,36.933440566733736,-0.08948619149222736
12.002015406598481,13.59432911726936,36.98654181559589,36.95452131783072,-0.03202049776517413
-16.358323889250855,21.24169591283882,36.904589344030725,36.98368082073249,0.07909147670176253
29.68400242600122,-22.61610681241853,37.48208997482949,37.52458965869327,0.042499683863781
-15.276259563933152,-10.413343339682179,37.03980528093081,37.028545185265486,-0.011260095665321046
0.21962678241339972,24.09899585471669,37.021258523296375,37.050579363708756,0.0293208404123817
21.806698649692137,-16.995769361309762,37.24297835564575,37.28809191693472,0.04511356128897148
23.61057818583155,0.4706527597059633,37.14730992781959,37.144270224307654,-0.00303970351193783
4.248960866034729,4.06325975244183,36.96056511663465,36.976905815583315,0.01634069894866741
-24.25560002522043,0.25857838711852565,36.711491484787004,36.76569071261335,0.05419922782634501
-2.418082854673351,-18.23113395994489,37.16814366950649,37.14726332629653,-0.020880343209960017
8.734260103272362,-19.007168786978248,37.11832325219337,37.18058808646651,0.06226483427313667
-31.288745780964014,27.5058445130582,36.775891336488876,36.78557854154962,0.009687205060743054
16.71727814485037,17.568381528984062,36.91006429504012,36.90781928650513,-0.002245008534991655
-29.72332991496817,14.91943571182341,36.90687236641485,36.95389889273279,0.04702652631793569
24.043327433303624,17.712039743703436,36.84832478333709,36.932521183144296,0.08419639980720461
26.274657227800866,-1.5740076086602102,37.17194431228949,37.1712661397458,-0.0006781725436866282
24.912318650205833,24.291033804996893,36.855439445618345,36.85015216025265,-0.005287285365696448
31.878923188098177,-5.5648709456099965,37.22309910577611,37.28737448501414,0.06427537923803328
21.159601350344396,28.81952843614704,36.94379347679423,36.821712744026726,-0.12208073276750042
10.168043841448004,2.6999692005434923,37.05820871456615,37.040018260158625,-0.01819045440752376
-8.624198366685256,21.466464458433244,36.95116334775081,37.02811831229772,0.07695496454691408
-13.13264607763741,-9.444188139622412,37.084566906308595,37.02387432888159,-0.06069257742700529
27.270464347771934,-21.786512829553544,37.43451374172003,37.466658646407346,0.032144904687314124
10.65054697261239,16.409765390793503,37.000444516434484,36.941221058098,-0.05922345833648279
-3.094057098128964,11.1321294501575,37.214723819098424,37.19463043361682,-0.020093385481601445
7.0033928206039135,1.8044796842158703,37.021025723042904,37.00962532501121,-0.011400398031696568
28.580245109510237,16.566375642972403,36.886559709296485,36.967229458619265,0.08066974932278015
-14.332905957764325,-8.780741654432099,37.0454347751832,37.00817201719967,-0.037262757983533845
-6.536565239494173,6.651482889629214,37.22115310194249,37.17527796599014,-0.04587513595235038
8.438345161917617,3.8918866486544985,37.04037789552497,37.01993862512418,-0.02043927040078586
3.3436251210935595,24.40797956220179,36.83697683842229,36.953885253822186,0.11690841539989805
-16.44198836753462,29.431236174360457,36.7641987066786,36.8496653937951,0.08546668711650085
-28.63802317505621,-9.954433238520814,36.97101686954789,36.83627210744581,-0.13474476210208053
-7.494851850737696,-10.15665770050932,37.10732577677396,37.0509739859739,-0.056351790800064805
-3.9209122188944363,14.06898402673157,37.25089742205061,37.20711575761183,-0.043781664438782286
17.63778266907373,12.635489397038725,36.91960915090095,36.96852412702755,0.04891497612659634
-10.810399403137495,-10.260470379350423,37.128692610337154,37.04715714668418,-0.08153546365297615
1.788510993008913,30.141273630548724,36.83504737937168,36.878389998835345,0.043342619463665244
1.0573994576601962,11.340210510952886,37.01768926653433,37.13375394248026,0.11606467594592829
-12.30406989666217,23.785299545735313,36.830123141494745,36.96271294730834,0.1325898058135948
7.593387129186745,-30.69531421490708,37.4213003154876,37.37586253015808,-0.045437785329518476
-18.593248894730202,-21.711953462864216,37.14456219743805,37.12702576489042,-0.017536432547629488
17.04690211064151,9.728215163747493,36.972350923856496,36.99866806206919,0.02631713821269699
-24.306382606572768,-26.433614319022354,37.200180808775926,37.118344295007354,-0.0818365137685717
15.132620794111737,-1.2118977831321374,37.10485604248342,37.100708191026754,-0.004147851456664853
-6.572277567054186,-20.742171815673885,37.17594622841194,37.172191461532115,-0.0037547668798225686
20.480004535134945,-18.578113644906722,37.26756139371275,37.28943499625596,0.021873602543216464
22.177100482025928,-13.48539063725805,37.20100470469859,37.237756272060146,0.036751567361555715
-15.659808399507007,-5.1373796865587025,36.93392224522537,36.94661860211692,0.012696356891552796
-2.102359382867732,-6.140056438707013,37.08793892154077,37.010003577530284,-0.07793534401048419
-17.356649821486528,-11.540934385137227,36.9827050245138,37.0233696340873,0.04066460957350415
8.461002167599773,-30.264702385769525,37.418011105276676,37.37772149243381,-0.04028961284286936
-5.533712132981442,24.07919725497743,36.990551976238486,37.003383164348904,0.012831188110418168
31.18564192146996,12.311313620315616,36.97608093716868,37.03426136938038,0.05818043221169944
-9.280072053139051,-17.888254573278246,37.16561829197532,37.137358832724544,-0.02825945925077633
-31.616919729424467,7.737118650142712,36.83295649558364,36.78921738683035,-0.043739108753285905
-16.126495942498657,-17.715276487222717,37.1351947997929,37.119270837729005,-0.015923962063894237
-10.721450483934802,6.255035178667882,37.197830431193076,37.153137920344484,-0.04469251084859138
12.17290812640973,-12.921263769012349,37.1316901199855,37.12017245244644,-0.011517667539060028
-13.816420251617124,7.202497498219969,37.261478006806605,37.22130736370056,-0.04017064310604468
16.096101039155528,-26.510188452776426,37.43254332636971,37.39483990604196,-0.03770342032775176
-16.809798768509197,20.86229830068047,36.90869940348014,36.98758415270457,0.07888474922442867
25.27361251721618,9.037345725590583,37.01611076781979,37.0514495087772,0.03533874095741396
7.250069988385576,-31.841879147909054,37.44911264877502,37.39635865194175,-0.052753996833267536
-26.909537531299407,1.2543705010797268,36.71524123336726,36.78166515168369,0.06642391831643124
4.8762360095792445,-17.74465418313681,37.194101936251286,37.15634079610773,-0.03776114014355869
-9.611704058508948,-12.947762538805272,37.14703535166665,37.080870557827716,-0.06616479383893648
24.115040117597687,-6.35816104810857,37.18104893376275,37.17651896462129,-0.0045299691414655285
-30.806179222819075,25.22712370387221,36.793987018742634,36.81553883885072,0.021551820108086872
-20.396094464848325,31.54559354149668,36.75831749182403,36.79515727712604,0.036839785302007044
29.241510418037777,1.8059666527001923,37.16592239819224,37.16191238428412,-0.004010013908114729
0.04670933317755299,17.55210936704944,37.21509345518063,37.19305697129646,-0.022036483884171787
5.882412285940504,2.0980031899777103,36.98240335195333,36.99759994358369,0.015196591630356693
13.414632977831587,31.851004364648468,36.81548114778984,36.82184026799139,0.006359120201551605
31.27485450281233,23.398121235018372,36.87453973552046,36.88948099932556,0.014941263805106075
8.73634671008596,-3.3026141764003825,37.03939365181757,37.043386335270505,0.003992683452935353
-21.31871883015456,-10.644334149802013,36.90199876587515,36.95453118120484,0.05253241532969355
-29.891394429858536,-31.465513230735063,37.09044209247272,37.11230225074022,0.02186015826750065
30.667124254824294,8.568337353660773,37.04486945289792,37.0810186537574,0.03614920085947659
29.91476666404826,-8.815899563812565,37.22575304643627,37.304152538683454,0.07839949224718623
-19.481358934278198,9.014705787067726,37.24370472445038,37.20865702686184,-0.03504769758853854
-5.891893462826445,-19.719856111722457,37.164467901320386,37.16115795649087,-0.0033099448295175193
9.865005709512445,-31.133647039709167,37.484605484423874,37.41478533448049,-0.06982014994338215
-20.35034269655869,21.460289541425325,36.9420881862484,36.959905416954165,0.017817230705766463
26.179203309674108,3.5735960056135596,37.121818170806456,37.123483115629426,0.0016649448229699715
-19.58275858472507,-7.756070126867158,36.84132871912457,36.93486061727719,0.09353189815261942
28.48563159447405,-18.064245255920525,37.344343057681094,37.42842214960874,0.08407909192764862
-4.1741185351733066,0.279791773157541,36.92125054083095,36.9336429772785,0.01239243644755561
-17.86933361863577,12.456147917492693,37.151113189708504,37.139612872892954,-0.011500316815549638
20.193994217908894,5.613329346338155,37.06112289736738,37.064735595463176,0.003612698095793121
-31.243870707018928,-14.914154164213258,37.015155417833235,36.86865899662758,-0.14649642120565431
18.694034947933794,17.67783680701327,36.87029145591542,36.909733038613254,0.039441582697833155
-9.183389806967952,-6.641465891354329,37.102379434457546,36.99982012350478,-0.10255931095276338
14.702789431189458,7.984483183998179,36.99639955656521,37.01178758091896,0.015388024353754304
-3.174955873111635,-28.287091946913826,37.30095904592203,37.26098758450717,-0.039971461414857856
-17.98273156601224,4.747720745549607,37.043313165963056,37.08618228576983,0.04286911980677388
18.89937299672865,31.628416831041832,36.84130535344089,36.80632274467808,-0.03498260876281023
17.441484284348448,-28.426976744102895,37.476401609156724,37.453935947112996,-0.022465662043728685
-0.8303512600428533,21.100817744933202,37.20525183252902,37.111786902570984,-0.09346492995803857
-23.584321372566855,31.8129927241514,36.75996892601654,36.77465492923866,0.014686003222116994
22.81156273471423,11.210365050553328,36.96624962094316,37.012302008248234,0.04605238730507466
-17.42053506705382,29.124657675165636,36.76137592210646,36.849712562896904,0.08833664079044468
-10.26044044770758,23.82858470208712,36.857929891582714,36.97235273228068,0.11442284069796926
-26.488714242181764,-14.671580993464978,37.05014976296907,36.935622923256645,-0.1145268397124255
-0.17314084735939872,-6.551290080619296,37.04728462911018,37.016369426425605,-0.03091520268457515
16.426241306754477,11.599953802919437,36.934791160844476,36.97337970183092,0.03858854098644571
8.162924471111644,-3.1978007232796415,37.01646871302356,37.037151545761745,0.02068283273818139
-24.78719020356303,-0.6751114578796376,36.69368046245621,36.75478179180438,0.06110132934817614
30.16014227950076,-23.229992052958714,37.50423368821608,37.54334842694429,0.03911473872820892
30.80418390339196,22.88794705562924,36.84066963363685,36.894116617070715,0.053446983433865114
22.96302749743011,4.148408021035266,37.09903884344948,37.09794181880418,-0.00109702464529704
-30.166540310861805,-7.160944166672834,36.92607901677587,36.773649135030865,-0.15242988174500738
17.89072436198869,14.394434065787323,36.89786050445955,36.94923571289849,0.051375208438940945
-17.71240605490948,7.899673993857277,37.290607929260574,37.2505360110339,-0.040071918226672665
-28.090601299768956,-26.724467231187816,37.20759783886852,37.08440190549354,-0.12319593337497992
7.276729958812602,22.667790329818033,36.845891346845406,36.87427283208988,0.02838148524447348
-0.47752913830762367,28.569924745109418,36.80817582084746,36.958375671254196,0.1501998504067359
23.62460762943205,2.478909492447997,37.13163990743374,37.12113217881648,-0.010507728617255907
27.857188376149537,-10.89521169715156,37.222723156640235,37.300134038992745,0.0774108823525097
25.255243152215684,22.92002626210366,36.77435257911849,36.86959336857302,0.09524078945452885
11.618192979015113,-7.248527277710814,37.12343326237113,37.087542318265136,-0.03589094410599358
26.088705403758738,-24.25009551539265,37.492890159401824,37.485017101447916,-0.007873057953908358
17.316751355355137,17.279828424967015,36.89657622842626,36.90896188526041,0.012385656834148051
-25.737011108639273,25.235188049739904,36.846572668369966,36.868360077259545,0.02178740888957975
-30.777101394618292,-13.666712153689566,37.006866146320505,36.85771900329189,-0.14914714302861398
-25.862226857478035,2.2777373883361776,36.70738248438861,36.85069237051603,0.1433098861274189
-18.133851564295767,-14.034059498381282,36.998322383425574,37.05025480027445,0.05193241684887795
9.300672523851183,-26.522927974278645,37.324819417287884,37.307201134217884,-0.017618283070000018
6.4395970889443035,23.664745400469428,36.82792909052655,36.880096980646876,0.05216789012032308
-27.067846046257834,23.506462246966606,36.85606427479718,36.873377426065986,0.017313151268808724
-14.814036283945796,-11.067745538843454,37.066693842275185,37.04065059029019,-0.026043251984994242
22.165041687836144,-28.919891452671628,37.562781446585106,37.52576786593199,-0.03701358065311666
23.20522067939939,-2.603927705491486,37.158646897475265,37.15709540038706,-0.0015514970882080092
20.727515312406105,-9.620535982329258,37.17546807960223,37.16885116239412,-0.006616917208113193
21.734997874370848,11.654411032130099,36.953506993911816,37.001811452564844,0.04830445865302835
-16.439905020749876,-14.552711834823434,37.06867164183096,37.081888134764675,0.013216492933715074
12.994149840987475,-31.566906937729463,37.55127423830797,37.46469203946339,-0.08658219884458163
22.58974922270965,26.532627148577056,36.917166534406114,36.83498597869059,-0.0821805557155244
10.492151319323021,14.158440333457271,37.01281479034902,36.95927497869786,-0.053539811651155844
29.616232841475885,5.936387538104988,37.090058091254136,37.1109159370781,0.02085784582396144
-14.344336140004856,27.53870068957361,36.70948853978603,36.891156743292555,0.18166820350652557
22.03149667737071,-25.075069647725066,37.475416547784306,37.440415253101506,-0.03500129468280022
13.825807423644761,21.63541521151312,36.8867926554111,36.870984553340506,-0.015808102070593577
-13.234548159562841,-15.45038945037868,37.16482937097143,37.10616795035844,-0.05866142061299229
31.906043996922044,-25.30198076851226,37.55615849548548,37.60921849670569,0.05306000122021004
12.950145066023353,-9.886893351037578,37.160309223143685,37.111005452926506,-0.04930377021717902
-17.670779433306663,16.79585382596747,37.03292038516285,37.044856588443345,0.011936203280491497
-13.094206196383716,22.010519047865785,36.87038823489356,36.98766398916249,0.11727575426893111
-12.624428832862748,31.53330225648792,36.82370514170286,36.83470183597467,0.01099669427181027
19.962335712758602,-26.57470473017886,37.43723964592415,37.44626254616521,0.009022900241056675
-24.94214296157626,-14.475783344693177,37.02783196582806,36.95572915650258,-0.07210280932547874
-15.244639762162855,25.337820860009458,36.77923882162145,36.92250080842515,0.14326198680370084
18.143819013234754,30.98865505961554,36.86037980889308,36.81213053356243,-0.04824927533064738
-30.93135806999502,30.938805676402836,36.74660437735065,36.75172073217433,0.005116354823677227
-6.826357985782792,29.231104536661626,36.77369462791936,36.90160916994268,0.1279145420233192
-19.117497179056883,-12.206355948810625,36.933459311486196,37.00893391403946,0.07547460255326399
5.722748424809659,11.22794626426829,36.96932857987776,37.06427676069167,0.09494818081390832
6.971958440330155,-10.709775699342032,36.994630488964354,37.08168934208336,0.08705885311900374
-21.766859614821406,-29.641937437406483,37.11418285476226,37.153382652400275,0.03919979763801251
7.698706594350611,-0.679141610362521,37.01720358838773,37.02297735446881,0.0057737660810772695
25.94043974646506,26.314702581993657,36.92902715089125,36.83042470379695,-0.09860244709430077
31.290168231817674,-5.643510530385228,37.21995955251306,37.27781806483973,0.05785851232666772
-10.26487555850165,16.143105965302837,37.06360916432256,37.12391223803324,0.060303073710684885
-21.338274207069176,-10.625942519175574,36.90182884660158,36.95397930524896,0.05215045864737533
1.1571204415200853,-9.448777362715575,37.08296776242544,37.05244496363229,-0.03052279879315023
15.219497948504795,-2.338715593249738,37.110672374970065,37.10581881882508,-0.004853556144986726
14.279321072059588,11.909939939906515,36.945956367682214,36.96610835268187,0.020151984999657202
-23.891798985102632,-23.31292461091629,37.20640163007508,37.09776896102691,-0.10863266904816982
4.64382935324582,17.76549767184283,36.882500041710934,37.04360106667036,0.16110102495942868
10.037276690750112,10.601158711543945,37.000903501595545,36.98167277962113,-0.019230721974416554
-13.040065362187256,-28.80112736213526,37.27262188983517,37.204076206568594,-0.06854568326657784
26.278596005215235,2.4004122130513323,37.14450693868064,37.137631985317235,-0.006874953363407599
9.703046367677338,25.498129015298062,36.80349323337212,36.8253768790089,0.021883645636776805
-27.50289589046193,20.173726882576325,36.87504910076635,36.90528838636512,0.030239285598774757
0.4074218454752625,-24.210575242927035,37.29452022630481,37.21843931186732,-0.07608091443749032
3.075722726839963,-8.407332166624073,37.039679816083236,37.045514942882875,0.005835126799638601
-15.85275610666627,15.963655080804557,37.06679312332681,37.07278090469236,0.005987781365547562
16.300343300214628,-28.71018049801001,37.49251115359149,37.44533211727825,-0.0471790363132385
-10.368127341097008,8.477663235096998,37.25951056644217,37.227856691400135,-0.0316538750420321
6.888020018439086,-29.74790729654422,37.38770938602376,37.346130742688395,-0.0415786433353631
11.077582756587468,23.189165211183052,36.8542706671841,36.847666637674344,-0.006604029509759357
-11.241869686197987,14.05940349588085,37.11291807564935,37.1358274373487,0.022909361699355202
-2.395862470546696,-20.475478288247707,37.21339603830222,37.17281218586709,-0.04058385243513385
-10.546894102667906,-19.65601842688961,37.184871895739896,37.156358677266034,-0.028513218473861457
-20.229264358528646,17.88232591501552,37.03255572756885,37.006269113562375,-0.02628661400647303
-2.9964816159268963,9.164735179658457,37.16844097715033,37.15787255376738,-0.010568423382949277
-26.29990576680354,28.664746173417996,36.79431358418856,36.812263055101674,0.017949470913116272
-17.697671428855763,2.1079865457503075,36.80502266931745,36.95461096393382,0.1495882946163647
24.263012916635844,-26.294815265730676,37.53217933671879,37.495814961638615,-0.03636437508017565
10.9460847383869,26.69672648250924,36.83604300426956,36.82273297164648,-0.013310032623081725
13.523726861205546,4.205992295823101,37.06280273761991,37.05466577629662,-0.008136961323288006
-0.7642433810678355,31.416582117748668,36.89137638464165,36.89664802208757,0.005271637445915189
-29.630418326058766,-7.320895874820621,36.924625025039184,36.78387975075363,-0.14074527428555683
9.759719152801274,18.628976918285936,36.93292926360913,36.90872611106651,-0.024203152542625617
23.834237334071226,9.72796057473547,36.99750573478959,37.03615448464443,0.03864874985483624
17.187475171161807,-29.676981097206657,37.510041654354744,37.47783729889115,-0.03220435546359113
-5.95936987178397,-21.153797383958498,37.17605083064691,37.17740999660471,0.0013591659578011672
-2.973571311974368,23.852993589034924,37.068375319276875,37.03309481433851,-0.03528050493836332
25.290098246479424,-16.618667561984005,37.27877933514908,37.34606855209282,0.06728921694373469
-31.314765241194827,-19.93369040179777,37.07760196144448,36.93945098374053,-0.13815097770395113
-4.2873748632546835,15.95212124794827,37.199160455205885,37.18565294322776,-0.013507511978126274
-31.34769951891451,20.663277441524272,36.860751946204005,36.859803789254656,-0.0009481569493487996
26.754077684172394,4.425142159777543,37.10793876245418,37.11701450017208,0.009075737717900267
-13.249190500220287,28.24704509106423,36.72492506482428,36.88514605004465,0.16022098522036998
20.28833759463334,27.290105441328215,36.9275385447536,36.83390228161051,-0.0936362631430896
10.328580390484035,21.066344571440823,36.91092003805216,36.864913681378326,-0.04600635667383557
5.059844877786119,-22.169988683518874,37.19117838115337,37.20714947377436,0.015971092620986838
-9.568108690162092,16.780095733779305,37.052380375117686,37.11732892986155,0.0649485547438644
3.670763579181134,-21.5701376884818,37.255186966804075,37.19676664787813,-0.0584203189259469
-2.5399726851177746,-23.029257748709753,37.26432558604186,37.20173533079209,-0.06259025524977346
12.783448739553194,-15.667824195693171,37.09728009207193,37.15297908762111,0.05569899554918578
-17.9794856693276,11.758328519702701,37.170021932383975,37.15618643935935,-0.01383549302462228
-25.82397274707025,-31.631282884613462,37.066823002757175,37.13920596068453,0.07238295792735272
30.1432136479916,28.259493440758284,36.93033892441498,36.820911842043536,-0.10942708237144672
-30.540876376319346,-30.875401288654167,37.064524801440456,37.104694895671805,0.04017009423134965
17.924351087862455,-3.153638034392401,37.130161349949844,37.128131705270164,-0.0020296446796805867
-31.63274734562968,10.43268723673372,36.91605557429575,36.832215146388016,-0.08384042790773094
10.204379859898829,11.660878478609504,37.009884409757056,36.97483456429335,-0.03504984546370338
-27.494537812504824,1.772151120187388,36.713248049059075,36.801051166943175,0.08780311788409989
-30.436065770632254,-23.857972721157182,37.12215625639562,37.00863301034407,-0.11352324605154962
26.13950956714907,12.231879590417456,36.959153160613724,37.013382321295275,0.054229160681551036
20.845824299189545,-1.64353500334132,37.14064998566105,37.13963247402027,-0.0010175116407822316
27.023206166103066,20.114426688997064,36.81392044343636,36.91400877732495,0.10008833388859273
-24.186931235376356,3.569514981373999,36.76018155818328,36.94274822397877,0.1825666657954912
-23.292462490337655,-18.008853820467316,37.08670481482405,37.03073211966731,-0.05597269515673986
2.9349870723263365,-7.28257390616254,36.99459881365386,37.032360182555436,0.03776136890157744
20.60972199743199,-7.001257286975388,37.162665329889634,37.158336831561066,-0.004328498328568742
-16.432772107806286,-14.162603226641089,37.0619138448628,37.07606277525206,0.014148930389261238
17.507515397380068,-20.966522369357413,37.293156834101175,37.29252534198712,-0.0006314921140528895
-4.671960588259346,21.31579832588939,37.07972235024981,37.06981661942079,-0.009905730829018466
30.468276604288697,16.320263399444052,36.898319181023396,36.97865312761341,0.08033394659001658
-26.344117505796035,-18.493003824722955,37.10987681032124,36.99245887668675,-0.11741793363449204
17.27578525190328,14.710066229935364,36.905640503634146,36.94241009757131,0.03676959393716572
7.12545008097748,2.3105977481912916,37.01827847385426,37.00982491484431,-0.008453559009950595
-23.00945976603338,17.56583408031269,37.05749743391061,36.980712453438606,-0.07678498047200577
-0.3657722923427542,29.74719116901956,36.84966995632335,36.93474270560024,0.08507274927688968
25.399970976121345,29.421529976307077,36.92706255227155,36.80985068839515,-0.11721186387639904
-13.439426459466404,17.849924452888004,36.98367694028761,37.05711717850955,0.07344023822194146
23.47009850488793,10.98563222087219,36.972675556107205,37.01810511848856,0.04542956238135787
-13.402433738430915,-2.774580629688387,36.97332891757792,36.92131503516449,-0.05201388241343352
-5.806657333893291,-14.244759020922146,37.12069415087979,37.09895330869583,-0.02174084218395933
-26.12742757081373,19.63847911509447,36.875935897459655,36.925499109408285,0.049563211948630226
4.3936258680280815,6.142883402363367,36.98618395207402,37.00885686000807,0.022672907934051523
-16.381277746293122,3.1552351808994175,36.853795194075005,37.02378372538625,0.16998853131124747
-17.18774168153319,29.379525047404883,36.75628026967143,36.84673355540144,0.09045328573001399
6.706778229074693,23.782184536899436,36.82773796725279,36.869915903360585,0.042177936107798075
-19.490817198403498,11.620317190351628,37.179605653987984,37.141775917766196,-0.03782973622178787
-23.173690265161923,-30.635418064048366,37.07305036219731,37.15025080568587,0.07720044348856447
14.206294877265869,-30.18194167846542,37.52098110045229,37.45025117148125,-0.07072992897104058
27.58718597493879,13.58158562734414,36.93905305055422,37.0019979522706,0.0629449017163779
1.2645708721968774,23.55888695015117,37.092419593000294,37.03174889011214,-0.060670702888153016
-8.113174109107618,30.79144318965743,36.83113868038215,36.869641639041355,0.03850295865920117
-31.030296728582826,-17.02090747971718,37.039618310297975,36.90197546801132,-0.13764284228665247
-0.5271242628734925,-6.186161860365232,37.04206792091476,37.01190635743164,-0.03016156348311938
-25.868704442940015,-10.923448419906954,36.960740933285116,36.89116167094887,-0.0695792623362479
-0.513379708353682,-19.071915044715148,37.23507392793621,37.15849382638882,-0.07658010154739259
23.74165941297734,15.967453506900704,36.87983540719884,36.95405398871914,0.0742185815202987
-20.488670590601366,1.9214846498778826,36.759260852676505,36.90663811845887,0.14737726578236732
19.680815726149802,-9.098913238877458,37.16657866818772,37.16074571703692,-0.005832951150800625
-11.67448107464304,3.024856069899762,36.95828821377699,37.008459166262966,0.05017095248597769
-8.655948902043122,17.771593730381248,37.03428695754582,37.10540102986707,0.07111407232125089
-1.2525000774367285,-16.918282258430438,37.16456939857023,37.13334952312189,-0.031219875448336154
-0.35991951762444074,27.378015124599685,36.78507430313596,36.984552467086566,0.1994781639506087
-4.925959672528236,10.436769374549861,37.24513472308467,37.21441712123295,-0.030717601851719678
-8.163673645098449,19.013319500535545,37.013299633354,37.08412447244904,0.07082483909503878
12.371285668281374,1.0265880975326453,37.07873338669394,37.06591513479445,-0.012818251899489042
29.923505404743686,-14.877642832218704,37.31416177157224,37.40300614371812,0.08884437214588559
17.414095746824827,-31.61952656382448,37.54439392377005,37.523019566487726,-0.021374357282326173
-21.11764658990389,4.422735674502455,36.91635531936173,37.030907054340815,0.11455173497908788
5.010757101497028,-25.093394343569713,37.244410524042735,37.24027742573069,-0.004133098312046002
19.08163473283011,-0.12330623639200411,37.123107418196696,37.123567002441845,0.00045958424514935814
-6.247832263924678,-24.59027585270006,37.214580034770876,37.21624753459352,0.0016674998226449134
2.736573323728713,-25.813812194469826,37.31011030121602,37.24264458285415,-0.06746571836187343
4.916463238198837,-14.134171509899772,37.19973570906094,37.11537463797299,-0.08436107108794744
22.143223107192647,-31.78681110522278,37.62702051651394,37.5878410904879,-0.0391794260260383
-23.725717963869485,4.0114737499743,36.783773728944105,36.97268306595532,0.18890933701121781
23.824951519095393,31.092689933341994,36.865252693486056,36.80111173895908,-0.06414095452697666
0.3258444596362935,-20.15774846066096,37.26506050781373,37.172129365167834,-0.09293114264589519
13.08176016612498,-1.2517446650500617,37.09274919890288,37.07996447418633,-0.012784724716546236
15.909674659004295,-13.407837650970158,37.21589585888404,37.15435920177974,-0.06153665710429834
21.58430214652453,-8.396118437899673,37.17508939940582,37.16929321925296,-0.005796180152863428
-7.668331933843227,-4.729955791088635,37.09367888338675,36.977890897637266,-0.11578798574948479
21.77881845424281,25.795969341120127,36.883161327816,36.84156635424766,-0.04159497356833697
-29.893526987615516,21.4126561484847,36.869205476092105,36.86678538544271,-0.002420090649394524
-21.027313581549812,29.087031829623122,36.77688918006811,36.832067018272674,0.05517783820456401
-11.726751682082345,-30.402085928652753,37.2544228639656,37.22185421285756,-0.03256865110804341
-12.723177209489393,12.370851432293755,37.146106626319046,37.143107186757966,-0.002999439561079953
-16.842182054233064,5.874692211514059,37.11314260988661,37.15734272741964,0.044200117533030436
16.835860018462213,16.261362717568417,36.89930188555221,36.92020854887204,0.0209066633198276
-7.127379202132936,24.025384292599725,36.950155206967636,36.98897498263461,0.03881977566697259
8.778617094868714,-8.678688497945693,37.01370132915808,37.06397724352127,0.050275914363190566
25.226218430019067,8.250973947669202,37.030330324547755,37.0615401961781,0.031209871630345276
-24.64553822763957,-1.0584992949072358,36.686669894173576,36.76257876899368,0.07590887482010089
26.94273384449739,30.127538680095306,36.90068793832464,36.80215649531369,-0.0985314430109483
17.349686811985222,6.630330600596565,37.03142221353226,37.03626621245102,0.00484399891875853
27.391020569850326,14.21549836646291,36.9264697130514,36.992845563864414,0.06637585081301722
-31.78601772209729,-6.109676674902268,36.89347583636808,36.73461435990097,-0.15886147646711635
14.782193794818454,-0.22625845105211795,37.098597472970596,37.09344206847616,-0.005155404494438187
3.035801764176931,9.722712342900607,36.95362378440261,37.08577648401745,0.1321526996148421
-3.6543889418281097,15.769199232025898,37.222804337323055,37.19356231511293,-0.02924202221012706
12.357155161136355,7.057915653059389,37.00532852716773,37.020888394434785,0.015559867267057825
-5.102707183337465,26.248353071488552,36.85727100916082,36.9620331904612,0.10476218130038006
12.053401877981578,16.56256113483152,36.98326520189705,36.93129674113217,-0.0519684607648756
18.589072087279455,-10.881088978578681,37.168059817244796,37.161014882182435,-0.00704493506236048
-11.746940034533594,28.521894800442553,36.73896126312292,36.88826770714296,0.14930644402004134
21.739960049205884,5.840676774592566,37.06298754530857,37.07118944008286,0.008201894774288121
-29.89463851196816,-13.054359938557077,37.015335753564294,36.86202619366207,-0.15330955990222606
-5.512267892487003,-17.296662372534485,37.1444469390491,37.133926300081654,-0.010520638967442153
8.285284604751062,17.819327995925313,36.91362131729391,36.93002851189331,0.01640719459940243
-30.178592344080982,10.044987378025283,36.93316704346705,36.899895159387796,-0.03327188407925519
-9.436271217017506,21.837056746669425,36.921393169508306,37.01241816395402,0.09102499444571066
-16.710794272372397,18.251869169528007,36.995257007837445,37.03066798816818,0.035410980330738084
4.225377211978845,-6.519624996193976,36.933357478923746,37.0269882634374,0.0936307845136568
22.77881924746569,9.97346709066197,36.98883352197602,37.02835541138782,0.03952188941180168
-16.17674345690083,19.5322570795065,36.96019155790145,37.01248529263999,0.052293734738533715
-11.577584616565503,-28.25973843393004,37.26039469381631,37.21021886136873,-0.05017583244757873
-26.606062131137676,-8.967455981727838,36.92594986661082,36.852244418421,-0.07370544818981983
18.317993747902094,-10.007601645506675,37.16293784443507,37.15614671943957,-0.006791124995501718
18.20817090687421,17.117249605769025,36.87617216178253,36.9149627553512,0.03879059356867032
-27.629695298880158,-12.409693196113409,37.01356923056398,36.886348872254715,-0.12722035830926615
-12.125232335588848,17.15816173886791,37.01831763795903,37.084457588211784,0.06613995025275443
11.71084576028531,-6.29324490152846,37.129450178248106,37.084903909563636,-0.04454626868447065
15.610322070754854,-25.280847008329637,37.395804885967905,37.36181696422155,-0.0339879217463519
23.374297777314645,14.687274248878282,36.90243893065248,36.96922060877396,0.06678167812147962
5.701696535385317,-29.818025242301985,37.37662237697606,37.332307747946615,-0.04431462902944361
20.367256964659703,13.880401618295323,36.90674182194466,36.966723763750686,0.059981941806029226
-26.452920462940426,-6.861151984816459,36.87792772717116,36.82436635342538,-0.053561373745779406
9.065631419145603,-2.9486318713383497,37.053136258848504,37.04541348960006,-0.007722769248445616
-23.39820627850485,-26.101745102859894,37.236775597289665,37.122184187453826,-0.11459140983583893
-5.409928173043234,23.829415481283647,37.00078134666069,37.00983547520587,0.009054128545180617
3.9034455163492936,-22.621397683316516,37.257407266921945,37.20932097778337,-0.048086289138574045
-1.3697006594967363,18.98103156800704,37.24015075319231,37.15104375564176,-0.08910699755055163
-25.943569794444976,-8.706020985999288,36.91285381328501,36.8583157977819,-0.05453801550311255
-9.270991387500992,-7.331291069725729,37.10844528300231,37.00988621099255,-0.09855907200976333
7.101535911442866,-31.455430379717853,37.43682278241989,37.38603173161316,-0.05079105080672974
5.970894783676279,23.6903894371223,36.82594040563684,36.893092234941776,0.06715182930493313
30.26608014036192,-19.807329914662944,37.40807316922613,37.48957312775664,0.0814999585305145
19.78680272106405,-20.10668591396076,37.28604096194482,37.303312178832414,0.017271216887593255
-13.77490435695627,-28.283156160457544,37.27209427775787,37.19634852716709,-0.0757457505907837
26.61072310829779,-17.31845586933195,37.30814054157556,37.381769731834666,0.07362919025910486
11.564783946648014,7.29345202240043,36.99742832626416,37.01762024995431,0.020191923690148883
6.21130928595305,-31.87460841945937,37.438812415235596,37.38363154701025,-0.055180868225342294
-6.624431362747231,-4.038220674802979,37.0791984137124,36.972278454485696,-0.10691995922670117
0.18147228021844342,28.474645759068615,36.80767113896005,36.95979242696825,0.15212128800819613
30.727321315454454,15.966424993976148,36.90580945205525,36.984411424699125,0.07860197264387381
11.960487039950756,-2.7637149223701627,37.090129502626844,37.074211392678386,-0.015918109948458437
11.93113445152185,16.246898559476378,36.98843900567495,36.93722599325828,-0.051213012416667425
30.3092786747956,0.3967026742571136,37.1867495457841,37.184480137543325,-0.002269408240778148
3.812338939987413,-9.182233453075305,37.06911693441343,37.05621702406245,-0.012899910350981258
11.188358944181218,11.06621831118489,36.97929439111669,36.97373884755105,-0.005555543565641585
15.035029529125886,25.16736421246268,36.82675966766341,36.851998733002674,0.02523906533926379
-14.219051227053718,12.338552875815026,37.132321840659735,37.1534710341297,0.021149193469966576
17.63594010662318,-8.286019093747939,37.15106379502568,37.14568371972797,-0.005380075297708231
14.99436646259636,-29.474733261565817,37.505786900219164,37.4450650645489,-0.06072183567026457
-22.64755820502551,3.0734046860172697,36.75717781010015,36.937816369254996,0.1806385591548434
16.122929473386733,-16.47390343253013,37.17068064759921,37.17689779971947,0.006217152120257197
26.40093573431877,-1.003764142246098,37.17042015264626,37.16986961297254,-0.0005505396737177648
13.155559363412841,15.761467670670037,36.96975999691958,36.936275057694566,-0.033484939225012056
-28.620028151261593,28.71279410966799,36.752499543521736,36.79973365357028,0.04723411004854228
-23.076224040061717,-2.3290271949243646,36.66977119509467,36.80374722796456,0.13397603286988868
21.22262980285354,13.342638932315623,36.92015759082899,36.97748061968614,0.05732302885714802
1.7560311840679645,7.125714000584672,36.94804030528244,37.051915228539755,0.10387492325731529
29.378804623310565,14.703843509757988,36.92457947585241,36.99508573162661,0.07050625577419822
-6.9321457335788566,-17.600499772090366,37.15297566000583,37.13614005739064,-0.01683560261518835
28.780552572304053,-31.3410495561118,37.70307299339665,37.66401622674961,-0.03905676664704316
-26.002742063106062,8.053451955645869,37.13304614908736,37.07997909181872,-0.053067057268641804
12.129169976198448,15.284423725463341,36.9869955763726,36.94434697416923,-0.04264860220337141
-11.966644589047988,5.635429818568802,37.14557446218837,37.12939870872951,-0.016175753458860243
-15.982217712610193,15.832764694348967,37.075525787560316,37.0751720426252,-0.00035374493511852734
31.61855283666513,22.360709285937354,36.85354871144257,36.90455755167152,0.05100884022895258
8.03659994409167,5.0557313315352275,37.02421368470086,37.01344541605914,-0.010768268641719203
1.1661961172263418,-8.6894077462645,37.07611411996468,37.04383039066415,-0.032283729300530695
-14.5409946528247,-3.333815268201249,36.96225871837768,36.92447140695069,-0.037787311426995984
-24.912996321597973,-2.5168999730871775,36.67171655867367,36.78100053210899,0.1092839734353177
4.602958329913967,10.685329566561876,36.96076261392366,37.08774127408334,0.12697866015967918
3.4751991675073626,31.74089364936046,36.86204788489954,36.872477061802265,0.010429176902725601
4.125749881620202,-28.662684143236774,37.32782306416533,37.28679026920886,-0.04103279495647172
6.136290952990443,7.887003361442289,37.027323550745145,37.0230419287686,-0.00428162197654558
-4.841202127353796,5.964815242288267,37.26732745388537,37.133271883864914,-0.13405557002045754
28.46866368660485,-25.984087364850673,37.56622466915202,37.557054763390546,-0.009169905761474695
-20.319348640486844,-5.109274131856928,36.77481878936639,36.884396179200785,0.10957738983439214
20.392543243102878,31.051423512423042,36.86760464062112,36.80761926475444,-0.05998537586667396
-13.787696116523023,-7.764117515849705,37.04541200291329,36.995287709225764,-0.05012429368752436
18.79395341309911,-3.1579079832944714,37.13539648546333,37.13325663123931,-0.0021398542240191887
-10.386797217574497,-14.56242204775058,37.16035103350874,37.098559103227785,-0.06179193028095398
20.107785187030196,19.33705691221318,36.85158299346613,36.89414860296187,0.042565609495738954
-10.92166603938255,-10.948107245648536,37.13487529729476,37.05697826213479,-0.07789703515997104
-25.519627493939275,-11.990835147114034,36.98003347163902,36.91160934578909,-0.06842412584992985
-8.019715404096779,27.445485456104763,36.77342378377645,36.92469570926405,0.15127192548759893
5.274445319346519,30.077201585184085,36.847130047783736,36.85868077209761,0.01155072431387083
13.15414427166386,22.913055607054844,36.863946553872715,36.85905645996552,-0.00489009390719275
-22.768055877001018,20.119962037039024,36.99888285376082,36.955296332003684,-0.04358652175713473
8.787755457309693,30.843412856246303,36.887503884061374,36.84278213863597,-0.04472174542540586
-2.3504363451600625,27.207067307467256,36.784551890122955,36.96873483217787,0.18418294205491748
29.36531719385882,-8.593687950663643,37.2215668586967,37.2904213515462,0.0688544928495034
2.983074822572199,5.077518428160204,36.93464494556232,37.003544759657935,0.06889981409561585
-17.96444082241532,-13.299783464858436,36.99070157591472,37.04161106741012,0.05090949149540336
-22.648022367433,-26.447787221545973,37.2550657882465,37.128999607334194,-0.1260661809123036
11.427793138119007,25.0641526255339,36.798211323907175,36.83625674735303,0.03804542344585826
-15.333535412235364,-18.308058636961277,37.167155263466334,37.127808556239145,-0.039346707227188915
-29.889805126944225,11.633688576984134,36.9246522048734,36.940403603542705,0.01575139866930897
-0.9975859498157718,14.421017357841535,37.23652607084078,37.21639447493019,-0.020131595910591216
25.21222096336863,-15.586914577798645,37.26168682374675,37.327836895076786,0.06615007133003559
-17.513685018584226,12.981072939832906,37.14759915904955,37.13038499632109,-0.01721416272845744
-29.313019246271637,15.623515693942949,36.90231399231234,36.941151575769794,0.03883758345745747
-30.44821607169932,-29.100369788333786,37.011142378760496,37.08348484203348,0.07234246327298166
-31.016151411017077,5.157396700451656,36.707330992135795,36.77786099334684,0.07053000121104702
-15.320816183770802,-1.4023308416518958,36.921958265587136,36.891481573796156,-0.030476691790980226
-7.968839364266621,21.79809702831914,36.965800938371835,37.02754377860369,0.061742840231858054
25.674193131601626,23.967862453602514,36.846885053598854,36.857693077413536,0.010808023814682599
2.7011309086845543,26.708432721502135,36.77650063446082,36.924127757860184,0.14762712339936712
6.55802140410978,24.572673993968927,36.81346618081935,36.85761097808299,0.04414479726364107
27.660211702630093,9.191452589878892,37.02200318061532,37.059798462234575,0.037795281619253274
-21.63621706238623,-16.42628137807847,37.03425914809129,37.03261468698715,-0.0016444611041350754
28.703339494710846,-30.52685751532855,37.68588150144114,37.64530860567121,-0.04057289576992673
28.62748133251136,4.311018087854478,37.11716802208217,37.12790322895025,0.010735206868083935
-5.966020432404449,13.563299007366993,37.18436950532264,37.19197996021407,0.00761045489142731
15.954902985381779,-25.124380319425867,37.39325088406745,37.36287182932089,-0.030379054746560996
-20.815105691248917,15.876481970246402,37.0838391431787,37.023729926692255,-0.060109216486445405
10.655054621109628,24.302064836223302,36.82826004335586,36.83801811190751,0.009758068551647625
-18.48614557901687,0.6276674004142819,36.82004491311077,36.865733405851984,0.04568849274121334
12.40194016225643,12.958992473390204,36.96995756912359,36.95599548148533,-0.013962087638262233
-8.756887961753698,-14.03099868304399,37.135759229077244,37.09394033305309,-0.04181889602415367
10.030077098744279,-30.64944131958817,37.47461382546364,37.40638947116605,-0.0682243542975911
-5.6603320946151285,-9.072595062883565,37.0834690640458,37.04024797825751,-0.043221085788289315
-24.206043358136796,2.8417081108839,36.73686981951069,36.90377162084361,0.16690180133291932
27.646281262564976,23.697032760887446,36.83513441829615,36.8698055115214,0.034671093225249194
0.9336116160336019,16.020509800565847,37.15265532377356,37.195730576059404,0.04307525228584552
-13.034408826771717,22.47996951317478,36.8580808386957,36.9803088026308,0.12222796393510293
-4.327627405788398,-5.534213666992677,37.10502800395197,37.00116500648198,-0.10386299746998873
12.786548016485987,18.545858331449402,36.946961238390095,36.89422749586168,-0.05273374252841734
3.8527081774681236,23.421120610407456,36.85338436029126,36.959909518557055,0.10652515826579645
7.767984708718728,6.01903689038366,37.00655864374968,37.00872208063365,0.002163436883975578
22.25357799251622,9.015390599111093,37.00473441691223,37.03749931690381,0.03276489999158372
22.120432551633733,-11.565095199751866,37.19198312861732,37.20544841787447,0.013465289257148072
14.088551306950897,28.209979406601057,36.87874769729135,36.82657228320467,-0.05217541408668325
-8.718592025710777,-26.36385123373011,37.229960779638894,37.21730660183425,-0.01265417780464162
26.786322050697777,5.3272266950775204,37.09099757643429,37.106599711869045,0.015602135434754416
-9.835924468682904,4.541915998329458,37.13186154112637,37.07785461373612,-0.05400692739024748
-11.014985739697806,27.016372028115732,36.77105763497009,36.91653206598414,0.14547443101405122
-5.411049661769134,5.160266795744427,37.21183226869271,37.123368893214966,-0.08846337547774397
-31.485854786367604,-14.984719678690482,37.015314061673735,36.866084576378185,-0.14922948529554958
-1.1493295890510424,-31.235194520993716,37.306384464859434,37.294179791680634,-0.012204673178800363
14.27771972609839,-27.261816903734875,37.44173428792491,37.38766251661263,-0.05407177131228025
-25.058750703408812,-29.62214721577506,37.0719338646295,37.13228057915844,0.060346714528940026
19.045712610124873,20.336141720128524,36.86972506935661,36.88439766271076,0.014672593354148944
10.367438362106,-18.086282496188865,37.10772956311031,37.17429802419704,0.06656846108673165
26.072755711991128,25.692802166012086,36.91434432104257,36.83683840426274,-0.07750591677982754
-6.306812581436979,28.643502029959436,36.7688265054223,36.91382463444276,0.14499812902046472
11.105702818753763,-8.983266589709189,37.0916156089949,37.088826597177466,-0.0027890118174340728
-7.159881810833689,-20.385790080977053,37.17666022829832,37.16762346558663,-0.00903676271168763
-24.859551768648195,26.66370960197807,36.84140812264244,36.85219675628895,0.01078863364650573
-25.579263185700015,0.3185778095758849,36.70393921485684,36.75043337659612,0.04649416173928245
-7.79172297430452,-11.028561814092122,37.10895077197052,37.060632133032776,-0.048318638937743685
28.068610633335794,19.07028536237317,36.837875766139334,36.93222147847498,0.09434571233564526
12.615879979343141,-26.427974856666964,37.40499176826695,37.34802640036526,-0.056965367901696595
-5.234700635000159,30.39087748814245,36.82137052550284,36.890748139009986,0.06937761350714311
27.43775734694303,18.359459311797565,36.84892174005463,36.93878858811194,0.08986684805731215
-12.155441014556487,4.84107974933287,37.10947478130785,37.08999113865244,-0.019483642655416133
-30.882308138302967,22.54840638644881,36.82821111120077,36.84404271395468,0.015831602753905827
-19.8044014979479,-30.10959082750756,37.12240766319418,37.168640786562186,0.04623312336800467
11.672257243279695,-18.53990072869327,37.13027333909672,37.18280152997479,0.05252819087807126
-21.487248661503052,25.78421613915306,36.854919831170626,36.883615777881204,0.028695946710577402
26.32936544803062,-29.874914373483698,37.65566518887314,37.60041555310717,-0.05524963576596775
-25.938950123656987,-15.131147610670908,37.0541513425854,36.95034385147106,-0.10380749111433829
-26.960409913287748,-6.359049284931942,36.872464978851795,36.80966282105001,-0.06280215780178366
7.4587990823232815,28.40669933043889,36.84053421968744,36.842892077861805,0.002357858174363514
24.300875151286313,20.476207825239804,36.810309793038975,36.897446580226664,0.08713678718768847
-22.71733262511139,-25.52178992282341,37.24349938758142,37.1231175203115,-0.12038186726991995
1.3851225386411556,19.887169589530444,37.171462243347285,37.1053740253166,-0.06608821803068565
27.459420476266217,22.79383239558021,36.78380636837621,36.880820114764155,0.09701374638794391
-18.169532394226053,25.935581273968694,36.827084588971594,36.89794257272262,0.0708579837510257
11.709962835851861,16.312820711311545,36.9913996105516,36.937282948197314,-0.05411666235428925
-27.84965482098429,26.477365091685172,36.80862953868052,36.83272304711567,0.024093508435150568
-0.6250489538376272,17.74870013614982,37.2330654150438,37.184183069840934,-0.04888234520286261
4.769875131908719,24.192561559974386,36.83062134369169,36.91722606280668,0.08660471911498746
9.431855271980098,6.643748514847644,37.00686694805808,37.023666058296556,0.016799110238473247
-17.692541131409605,-29.799444081581278,37.16425756778935,37.18028178426655,0.01602421647719865
25.479574508569627,-3.8632782397754326,37.17777912137437,37.175179793637,-0.002599327737371482
-11.642376994767567,-5.763877709894416,37.06061014012046,36.974965250556046,-0.08564488956441352
-21.562990242824633,-20.1608527490065,37.116987756886786,37.087150411998316,-0.02983734488847034
24.893932500931996,11.222685222985632,36.97334504591923,37.02118598466246,0.04784093874322792
-8.4099770782436,14.325235321205462,37.13179326188353,37.160912987935674,0.0291197260521443
11.144195377839551,2.148530216219818,37.06627230970199,37.05110014684079,-0.015172162861205152
20.043705593296146,-22.420413491344895,37.34514323983326,37.35695943455002,0.011816194716757877
0.3390882528786321,-18.361793623831964,37.2410540731716,37.15173431611909,-0.0893197570525075
-0.3851726463760272,4.611972358431764,37.07990627029879,37.03091535223655,-0.04899091806224476
-22.324524198119235,-29.118749393792143,37.1211684033174,37.14675381092552,0.025585407608119226
-16.812336034454695,-14.965773847866785,37.06232698826951,37.082970756834264,0.020643768564752918
-24.637916980400973,-31.21685670453978,37.069035552150595,37.14433231238911,0.0752967602385155
-10.253598891549792,-2.6458338839396873,37.02156332043829,36.9341198573082,-0.08744346313009288
-23.724733614332592,8.531241339383499,37.204853491894475,37.17102369300406,-0.03382979889041593
-20.83538001681363,8.218153465004669,37.29476013032595,37.21298967975959,-0.0817704505663599
15.891133229827588,16.326304293709413,36.922575795406246,36.917239559323484,-0.005336236082762014
-1.8928830207869751,16.486605238999758,37.26515230153712,37.198325680528335,-0.06682662100878645
7.269651298972633,16.286214502667328,36.941356429582214,36.98139870780186,0.040042278219644345
12.035884676265077,2.19614455673878,37.07142977562066,37.06008602699117,-0.011343748629485617
-9.131500923126794,-10.070357268095371,37.13585493449663,37.04856025061685,-0.0872946838797759
-2.355106399108635,-25.528386952077554,37.286567717328126,37.23032468348066,-0.05624303384746554
11.000567563677606,26.37403340263736,36.82134338281299,36.825220232778484,0.003876849965493534
8.314465972255668,-9.652301520762599,36.99477905002175,37.073100748852575,0.07832169883082685
-12.768830029742816,13.951100272357593,37.101449027865335,37.12196845462261,0.020519426757275028
-13.300732379604142,18.720864033624345,36.96130515394819,37.04028094777975,0.07897579383156028
8.57742962587335,-29.24767645222456,37.39070338544549,37.35710745862062,-0.03359592682487289
-1.210283981403201,-15.08020467404539,37.13472586972136,37.11247832968353,-0.022247540037824365
-3.8483542769678394,-11.142703147350026,37.08809021588538,37.065380938308756,-0.022709277576623776
6.895861863634607,-3.5489672212172962,36.96228095042168,37.02556021981535,0.0632792693936679
-0.9653301354236064,20.319598756406755,37.217371933263315,37.126876457295076,-0.0904954759682397
-31.538975124914366,19.304394371488748,36.880821856571316,36.87267013369555,-0.008151722875766154
28.945512917235966,-8.16034633768217,37.21731374789063,37.27563898594327,0.058325238052638895
-31.08324347272095,3.273315421025295,36.67191690410286,36.74383136391698,0.07191445981412414
0.6963544145555147,-7.491499793382722,37.0581128088426,37.029000218337025,-0.029112590505576463
15.506758856846915,-11.018253485081438,37.17724345389107,37.141293556423186,-0.035949897467887126
1.5105172666629727,-22.745142503523304,37.297157563591306,37.2045966964734,-0.09256086711790346
28.91058156059723,8.193681195985313,37.04497920543727,37.07829432549391,0.03331512005663484
28.509016797268373,30.98092214474174,36.82517430703933,36.79339725967581,-0.03177704736352638
19.34967974520933,25.09618022374916,36.83119366160182,36.85082395515955,0.019630293557725054
-16.419734555744036,28.23257664251392,36.7353323945801,36.86933118733053,0.13399879275043247
-10.414486789823485,25.12463310447862,36.82578309193607,36.95043108310971,0.12464799117364578
20.6903474800274,-15.936219138147955,37.20676429762192,37.250293276147225,0.04352897852530191
-17.91564874896124,-27.70507582316761,37.21610197176645,37.16655505968648,-0.04954691207996831
-15.292769653640256,3.6675185798947894,36.97023474127842,37.049993293939075,0.07975855266065679
7.169696486011311,8.234492476065256,37.0186235729904,37.01922046252168,0.0005968895312804534
-15.861195719748572,3.9240255292284445,36.99852914990673,37.0667309278952,0.06820177798847027
-5.888882262009751,4.938874574394681,37.202288679565285,37.112259527033515,-0.0900291525317698
-0.6107494255272812,7.113394883352967,37.11344457915255,37.07943363314555,-0.03401094600700105
-22.32323587468293,6.172631739424375,37.060402964909656,37.10717675063724,0.04677378572758073
-19.03390290142272,30.87737653343092,36.7581807257884,36.81295366185995,0.05477293607155076
-8.460193180510842,-26.085573184110388,37.22640614787572,37.21731901093089,-0.00908713694482799
-31.860127553460764,15.083151290317218,36.90923292949234,36.89621721918534,-0.013015710307001882
21.731860898261502,26.266620107307673,36.903926436539955,36.83838632512745,-0.06554011141250271
5.209593282688111,-4.139325035783429,36.89708251185125,37.01059520045157,0.11351268860031638
-11.65101663370828,7.501267976925277,37.25619865929572,37.22277755636019,-0.03342110293552736
-5.043854409781133,27.224596302343812,36.76709164227246,36.943364259868495,0.17627261759603385
-22.5246299518128,-22.900004486663583,37.185571131346194,37.10894301041634,-0.07662812092985405
5.572737693868142,1.6948729583214472,36.977138591715814,36.99527658977974,0.018137998063927796
18.53455944571222,25.989707121240208,36.87445264379885,36.846102517851044,-0.02835012594780295
-28.245073627576126,18.844277204801465,36.883061831379365,36.91208276208466,0.029020930705293324
21.711267554132597,24.34033462133877,36.78643929822042,36.8517872561226,0.06534795790217629
3.9352695958202233,-22.20736945868498,37.2511466738937,37.204692955931826,-0.046453717961874474
-14.205745100786785,-4.867690210672414,36.98286639985573,36.94933861491465,-0.033527784941078664
3.980601969644546,3.3298088924694085,36.96344145514925,36.97568465172503,0.012243196575781212
-24.82964740970703,20.753742495727543,36.96186046485022,36.92684649661416,-0.035013968236057735
8.408607263544802,-10.004038629636185,36.997703195440344,37.077342995524944,0.0796398000845997
7.50651327020131,29.399235244322426,36.85893379013939,36.8453770164121,-0.013556773727287919
12.50985118432044,-0.017306736720080096,37.08412984227378,37.06950900920296,-0.01462083307082196
-7.473565025926803,6.291404900517797,37.21570098662055,37.159017072767966,-0.05668391385258076
10.051537896458122,31.632231344454404,36.873939038712365,36.8384745044779,-0.03546453423446394
2.7206187902308088,10.259353681025232,36.937367364339636,37.0983887429129,0.16102137857326682
22.234260909091383,12.966135337543868,36.9305808460862,36.986804736247905,0.056223890161703594
2.530586448513958,-25.909691869253265,37.31578851710784,37.24320737278707,-0.07258114432077178
-13.030139720812109,10.186094236914464,37.203457526691885,37.20104847589925,-0.0024090507926359805
-0.6922317961903062,-1.3474781372823799,36.97842210200786,36.95672186098992,-0.021700241017938993
-29.356539732035834,21.334337588175465,36.870635953880914,36.87324679917621,0.0026108452952939842
-11.556803495848605,-16.175272692097167,37.17970063246022,37.11588152381374,-0.06381910864647722
-18.29686081031503,-15.017209031780432,37.01160551501215,37.06191155351456,0.050306038502412775
24.207845242166137,18.20999866302617,36.8396765624577,36.92671565777666,0.08703909531896414
-22.285502475298557,7.796632981354172,37.2233196679707,37.19096251927756,-0.032357148693137106
-22.945413287717955,-10.060713431673953,36.90773661148927,36.92211502666651,0.01437841517724081
8.386318898571254,-28.64919860199548,37.3729265485163,37.34161807034367,-0.03130847817262605
-20.923078997687476,-31.38901114384654,37.082012270820556,37.16902581185984,0.08701354103928338
-2.5201172855665277,-20.967590972817497,37.221508515738485,37.17830124469093,-0.04320727104755662
31.597882204659548,30.020312432757635,36.85965505219354,36.80417483491007,-0.05548021728346697
-6.623142381020912,-31.815673933136765,37.27669248730168,37.262694551678166,-0.01399793562351448
30.960946921382828,4.707148739269606,37.1184072611487,37.13285238438495,0.014445123236249913
17.399730971058595,-5.982249433150564,37.13932859982623,37.135656854829286,-0.003671744996943005
-28.519345387215907,-2.9775220415252903,36.74820989420948,36.73773273967134,-0.010477154538143907
5.378594734068159,-20.982479953400798,37.18433063733016,37.194458358475984,0.010127721145821056
26.34681030014245,-15.974529870340191,37.28310936776947,37.355031291538474,0.07192192376900408
1.999634730579828,-3.049300980649825,36.95745987293202,36.98180986265201,0.02434998971998681
-19.082569524048424,-28.818445290759357,37.166638231580166,37.165656985367406,-0.0009812462127598565
31.71260682082098,18.869610392243956,36.848323925780456,36.950677674804496,0.10235374902404004
21.23485406779063,-25.105897549549255,37.44571796619012,37.43077919620474,-0.014938769985377576
-0.2845833681644194,-31.52584389250677,37.304958241221875,37.30035746383012,-0.004600777391758015
-0.7117227477625221,16.539933126504025,37.240307637746426,37.20872210755273,-0.03158553019369492
-1.4059641904343394,24.68608923503833,36.916179323262114,37.03088397520746,0.1147046519453454
23.551344352785783,25.417173327201276,36.894821996090194,36.840981548403114,-0.05384044768707952
-9.132193113621838,-3.5046203653939756,37.063367929881096,36.95241926657932,-0.11094866330177666
-0.4262371655333439,-6.964374863880941,37.07646139177432,37.020846806556804,-0.055614585217519164
13.59925726761805,-26.701534531637336,37.42265529619597,37.36669876696292,-0.05595652923305039
6.379300345121685,-8.87456144126677,36.99458513865599,37.05929509352878,0.06470995487278941
-4.815893558401903,19.03817947190256,37.11807877287247,37.11624326889562,-0.0018355039768493953
0.1817991409581552,-23.599746356999475,37.28829004140404,37.21091297510957,-0.07737706629446706
7.789556508093298,28.851664969333633,36.865525861228825,36.842420601561685,-0.023105259667140388
14.86972279522189,2.9796330710416328,37.08431921005535,37.069770927037794,-0.014548283017553842
24.401510626191403,-17.704395690953895,37.28980372314325,37.34738999730668,0.057586274163426765
11.210351231253249,17.93661465682343,36.97576115656222,36.912707360534135,-0.06305379602808614
10.366867116731797,13.313613582615147,37.01427527447011,36.96468487123495,-0.04959040323515751
9.356229709859669,-24.072339061931352,37.25787117906031,37.25461959646831,-0.0032515825920000907
-23.49512373814867,-0.782481733981605,36.699878684259794,36.7744206542344,0.07454196997460372
-3.15042921868465,19.505999977701727,37.164058708689204,37.12265731558609,-0.04140139310311497
22.991606062306175,-19.868348224879412,37.33622998945176,37.356670793620644,0.02044080416888505
-31.88921693267484,0.8995536725373299,36.65008695346885,36.6642538357289,0.014166882260049363
6.2768543643081784,-27.23475179386685,37.3113823745104,37.28356265485483,-0.027819719655568065
-28.45848979137054,-1.0475588037581929,36.660370990057785,36.709269597864846,0.04889860780706101
14.941993183941591,5.438365530504022,37.04543934685713,37.041391518867506,-0.004047827989623443
-25.23939526153881,-16.567888050822262,37.077366439368795,36.98126935541585,-0.09609708395294803
8.990761703676888,6.626461778170373,37.009825767237,37.01992630743873,0.010100540201733565
9.092612070347364,-29.384710955459084,37.400751995585004,37.36675313194136,-0.033998863643645905
-5.4100905324668105,12.081345211274197,37.232002344864306,37.211478837801344,-0.020523507062961244
-28.959857686933233,-20.506695655679216,37.121370710066664,36.98253418958421,-0.13883652048245665
-8.87189899943921,7.904468492650949,37.233063431104426,37.225674307808205,-0.007389123296221101
8.670806193487351,-8.536279845809155,37.01005797582823,37.06234488751793,0.052286911689698456
12.436671843236404,-11.745186776341477,37.14113761129968,37.11274304481425,-0.028394566485431483
-15.526952085668448,-28.976323130970236,37.21716422697418,37.189251578848314,-0.027912648125862916
-31.476639733539898,18.04321561961394,36.89217600479073,36.88711490194165,-0.005061102849076349
-31.98895973975455,-15.906706706662398,37.03028510182627,36.87182827359399,-0.15845682823228202
11.053740662368043,-13.45157042372351,37.088085863035374,37.12333682401717,0.035250960981798585
9.976283659911736,23.822888878930293,36.8474991682788,36.83824550260077,-0.009253665678031098
10.29220321509856,26.506389807562755,36.81501867554627,36.82314503049342,0.008126354947151526
26.931325844126604,-11.332882342153546,37.21929715468417,37.29021820695164,0.07092105226747236
18.748609503799756,10.778156773894516,36.959043941614325,36.99652564313667,0.037481701522345645
10.388321606006421,-8.166194976940517,37.07086082489494,37.07845425752472,0.007593432629775521
-29.1901480249864,10.134972018504477,36.931843757233146,36.95164451452952,0.019800757296373206
-3.607467467501351,21.10587083430729,37.13196178119035,37.08460390467141,-0.0473578765189373
15.91487618473618,3.919225102329662,37.07678355222688,37.05962543713132,-0.017158115095561755
-28.9092217082881,3.18917927978287,36.677912229573714,36.853067508887314,0.17515527931359998
-24.38609932600321,-26.78201167948673,37.19995555500507,37.11988293541371,-0.08007261959135548
9.711517388697324,-8.148517400441406,37.048378917641315,37.07149302364901,0.023114106007696478
28.59894313553253,-15.493520594540144,37.305986411661344,37.388653179268246,0.08266676760690217
-1.9211531085492695,-3.7207193313717326,37.033683006520384,36.982642173424374,-0.051040833096010374
3.599300876950778,-21.044426524635952,37.25493093435723,37.19060356021492,-0.06432737414231582
-28.267632807545745,9.268050549762776,36.93806184251932,36.98449000234976,0.04642815983044102
5.957627788963521,26.532913359756037,36.78409168006624,36.84543266932089,0.06134098925465281
-16.89708020993345,-5.303884042609575,36.89124700016892,36.935049683471185,0.04380268330226755
-3.4521073710549643,7.000124078220523,37.24097531083732,37.12731734584746,-0.11365796498986214
2.581410774981002,14.719336426671454,36.9247333573303,37.14869450067872,0.22396114334842565
6.071747130698903,-17.878751829073437,37.11751891740371,37.160929654078124,0.043410736674417194
11.887987249347695,15.890367159499597,36.9917957598119,36.94220475166875,-0.049591008143153203
8.667439723642275,-30.291802403270268,37.42063572094102,37.38098170369575,-0.03965401724526885
-18.11958038437905,24.509430195115094,36.86269769133729,36.92145954424627,0.058761852908979506
13.954925046127045,-24.129691691265855,37.355316705903064,37.3153626370693,-0.03995406883376518
-7.157976325395651,-26.61818458605041,37.233472384542765,37.228749735368645,-0.004722649174119908
27.861895461052214,-13.804413716139585,37.270160749334806,37.34758612414589,0.07742537481108513
-4.3545458525288225,10.484474943038833,37.22731666740155,37.20523142145792,-0.02208524594363581
25.645706244917164,-30.98303505678102,37.67997474141868,37.6156723370286,-0.06430240439008372
-23.923259980853523,-11.633253860186272,36.95401211132606,36.93013765740752,-0.023874453918537597
8.910368440545867,17.351782198212447,36.93541993281848,36.93457821386708,-0.0008417189514062784
20.973555197421774,-5.2341215458130534,37.15701048250431,37.153847592581656,-0.0031628899226561202
-23.042112129944968,28.731212074692117,36.81454461838157,36.82767141037373,0.013126791992164044
4.805909450320499,-19.981487118158817,37.2170730175525,37.181604558935504,-0.035468458616996656
-1.4332344497754264,-2.736378165173612,37.00701670171871,36.9718722214853,-0.03514448023341288
10.172599366298726,18.906161516522957,36.934029962832156,36.90191564792517,-0.03211431490698402
6.98329403990968,20.73142108931637,36.88166039618293,36.916427081681945,0.03476668549901518
18.090980112264724,-5.2604965782112245,37.1405881840787,37.13701137032785,-0.0035768137508540576
-30.06327976843211,11.88974597441021,36.92362194160984,36.93573901386518,0.012117072255342975
24.52827923999609,-13.660612687890207,37.22167006683297,37.28388549008589,0.06221542325292262
22.437912121504844,-14.035802469702418,37.204963171852704,37.25151822894629,0.04655505709358465
6.170562234441142,-7.519588416615278,36.98740467026395,37.04334738396475,0.055942713700801505
29.557130439648937,-30.05125856447539,37.67156771134033,37.6460102488403,-0.025557462500032102
31.938993074597334,-3.6220653575921133,37.2147443455688,37.2568488428826,0.04210449731379384
-6.865048564898764,16.77499947241538,37.09545955029735,37.14379078757151,0.04833123727416222
-0.4216056542641198,12.211078563152753,37.17012872146527,37.16691428620917,-0.0032144352560976586
-8.244687784357914,12.23046369210006,37.191345678806435,37.18242488902756,-0.008920789778876781
-15.464051707867085,19.16976850825887,36.96463563494023,37.02200638943795,0.057370754497718224
-2.3006456370616064,-28.051469563866682,37.30455601143874,37.259072401356555,-0.04548361008218649
17.56084381912047,1.6482981768104352,37.106407797277434,37.09511150976795,-0.011296287509480862
19.0021451016824,17.030565734000078,36.87259936760595,36.91954659770587,0.04694723009991719
15.28237096524996,-15.009784733028724,37.22871526619246,37.153975846957344,-0.07473941923511518
3.141954515628484,-2.5411676252605773,36.909077280702135,36.98353804022269,0.07446075952055509
-6.446295050684974,1.5478700151497549,36.93874594844075,36.97379453443185,0.03504858599110605
-23.66757819487743,31.4368611282952,36.76105697991132,36.780369088233115,0.01931210832179886
-26.950816574105268,2.9588336568442557,36.72125142513959,36.87174595912181,0.15049453398221857
18.964920390245226,9.50521039469809,36.98329534321114,37.012514912103995,0.02921956889285582
-21.61134700599664,-5.5886411502550075,36.79428565968144,36.873669338573414,0.07938367889197195
-15.379335998619652,29.815055468613792,36.7390186938835,36.84878401917523,0.10976532529172545
7.304844320179548,28.02451991709048,36.82762632914273,36.84263010263108,0.015003773488345473
-0.8949180092233391,-25.87001676617286,37.29772100348442,37.23548838745714,-0.062232616027280585
-9.107292934591086,-15.730759372170304,37.14971032406314,37.11296850654067,-0.03674181752247563
5.607691601309227,-13.496652915590722,37.17596955918846,37.1098941366432,-0.06607542254526066
-4.685175342425197,12.727242998024636,37.24474934111606,37.21241073193012,-0.03233860918594189
20.195957707710008,-25.250308135579715,37.41463004856249,37.42047940479236,0.005849356229866487
-26.211921748576543,-2.416274082656898,36.693931183768726,36.76136850325956,0.06743731949083553
-22.397414798566444,17.955312781968345,37.039918102554346,36.98284074948719,-0.05707735306715733
2.7641860733147965,-5.895899395353936,36.95298440744597,37.01614908243502,0.06316467498905354
-0.915040704983042,31.12540425257565,36.88889571731611,36.90063444956088,0.01173873224477262
1.1682180455070608,2.4083230548008387,36.901499108674386,36.97358114209779,0.07208203342340624
16.10730338693545,1.9406626859651581,37.0968817662535,37.083191495091775,-0.013690271161728162
-3.669662281936567,18.089663687054205,37.173151996537456,37.147337855322974,-0.025814141214482333
30.221961103476275,26.130504801681376,36.96250118096341,36.84913034629621,-0.11337083466720088
18.658781380025374,8.913470315354076,36.99359146616749,37.01755834008637,0.023966873918880083
-31.321326838690922,-26.568166648002254,37.107134577705686,37.034309731351414,-0.07282484635427267
-9.431126595928312,29.541063109134633,36.75254617745962,36.88336632964035,0.13082015218073195
2.7489108955548076,-22.066621871435203,37.28738241731906,37.20005190795744,-0.08733050936162101
6.186374497495315,-5.533180114412701,36.95683678782015,37.02577311562228,0.06893632780212755
-3.708891985625961,25.269101578954192,36.918855894851504,36.99618716998211,0.07733127513060367
8.764466102293333,9.461650811479124,37.011890695943926,36.99476476714839,-0.017125928795536538
1.2377811518578596,29.50253618954183,36.825343189315106,36.90770580925973,0.08236261994462524
26.37012041001588,1.9387165713144796,37.15301630294693,37.14350804705302,-0.009508255893912576
-16.58986267611293,-13.37600677479216,37.042566537121836,37.06192689184383,0.019360354721996487
-10.007557341985695,24.61876186434074,36.8480351746309,36.960743188044134,0.11270801341323278
13.609496643433637,8.197683502622496,36.98868214018157,37.00857081344329,0.019888673261725387
22.355663908954632,-4.276069758325789,37.16123878645138,37.15837478705883,-0.0028639993925452245
3.5056748101981796,-2.0972142222681924,36.89804119788894,36.9855786154624,0.08753741757345779
-15.5080989785124,-7.201872615034304,36.97563204518239,36.97868422637905,0.0030521811966650603
3.686918934517891,-6.907165346041786,36.95914577846031,37.03001673558093,0.07087095712061853
17.448989578622765,-13.502536563775344,37.19219202277133,37.164147325888564,-0.028044696882766118
0.0374185169565493,20.19870364339245,37.18221009161267,37.137746763811634,-0.044463327801032904
3.3064843911900184,10.248180079906781,36.94945482494554,37.09251414013368,0.14305931518813964
-22.105391634625455,-20.2515076438673,37.122693209323145,37.080413589564955,-0.04227961975819028
7.33703939716181,-22.221351750322924,37.18923000712381,37.21356903961515,0.024339032491340618
-30.002787674132733,-0.43082990541789457,36.63098870261487,36.678379375980306,0.047390673365434566
-6.794643738845572,23.917389513939256,36.96293694367716,36.99448704375353,0.031550100076373155
-9.493396146064768,3.803913856398978,37.0950726962615,37.049894004437306,-0.045178691824190764
-15.918487643819567,8.285550569951177,37.26732463797954,37.26816312537436,0.0008384873948159566
-10.90308548421821,18.090874870959254,37.00332870403248,37.07678654423872,0.07345784020624535
23.27361830056836,-4.435433393167841,37.16738350413162,37.164365382740215,-0.0030181213914062255
19.79546240643249,-11.761653680374444,37.17958007465771,37.17140454293919,-0.00817553171851415
-0.30087864386027974,22.436777188192664,37.1849533190523,37.08889411227032,-0.09605920678198032
-3.852509813589542,30.044545465079757,36.825198548715726,36.90339502116959,0.07819647245386108
8.017943632301943,-21.1842732421147,37.167929773487444,37.20351708868682,0.03558731519937908
-13.042043324600535,-28.09021520058785,37.26785552591324,37.19988698810912,-0.06796853780411993
25.428991813752646,-24.647267092387295,37.497211405520616,37.47934069791981,-0.017870707600806668
27.09712679539942,-3.3100259277118695,37.18482207354482,37.182608217151895,-0.0022138563929274824
28.480397703480442,-20.253204760773393,37.402893545999916,37.46396481024103,0.06107126424111442
-24.08083274433342,-18.70024039805932,37.1112950408078,37.02894985567178,-0.0823451851360204
1.3261855779296,-10.957163868764532,37.10660330215887,37.07003608955064,-0.03656721260822593
16.742616227380708,5.940971967365357,37.04233443932988,37.040670381963196,-0.0016640573666819591
-23.832728473666535,-3.6360135636590982,36.75006067184147,36.81305330289634,0.0629926310548754
17.676164490298298,20.34967955597596,36.878501329200674,36.88678604994175,0.00828472074107367
-25.402758877683304,8.430578813556934,37.150359403249126,37.11663154781816,-0.03372785543096768
16.44700664775405,27.271705182193585,36.89184222539511,36.84099234574948,-0.05084987964563226
9.436719301327635,0.85745028105665,37.058653196604155,37.03636808667759,-0.022285109926563962
20.556890392632305,-21.74579378254095,37.34806873381629,37.348925784224946,0.0008570504086549136
30.02647727910533,17.64899254487866,36.87176643239392,36.95933601454661,0.08756958215268895
3.380882997248378,24.14085370631588,36.85599494018798,36.958419075621826,0.10242413543384288
7.871084087568654,17.161023828241404,36.926128690810366,36.946823190476245,0.020694499665879107
24.79758890902273,-17.15024841926646,37.281592010110224,37.34565810293288,0.06406609282265663
13.783112230289063,-20.79161943388941,37.260752857355335,37.24053673716646,-0.020216120188877085
16.909246354892154,10.486650493707522,36.95743521830056,36.9890899260015,0.03165470770093748
12.715258519908012,25.81014134578271,36.833958115575044,36.836955511410714,0.002997395835670602
-14.473758846817404,7.951364483773375,37.25661977492818,37.26378372188138,0.007163946953198774
10.95031710397513,-0.009581448217936384,37.07429956746608,37.053592285927564,-0.0207072815385132
-0.7323251630910406,-10.653553795248094,37.07187262134458,37.06254338990324,-0.00932923144134179
5.500360992772642,-15.606223170009947,37.167892283830334,37.133615463602844,-0.03427682022748968
-29.90304442792924,14.358117054791038,36.910077409967776,36.965600017520735,0.0555226075529589
7.056067050336452,-6.2627771451403405,36.95467235139865,37.03736909736958,0.08269674597092802
30.62390410661464,-22.14674626651989,37.478347756056976,37.534247947614155,0.0559001915571784
3.9982592254683027,-22.29186876320764,37.250142551723265,37.20581554644675,-0.04432700527651434
-8.198073405913604,-29.924944952494513,37.270870265575525,37.2415463336332,-0.02932393194232219
-9.413265626184959,-6.666848699925367,37.10132633725391,36.99912808200737,-0.10219825524654169
-22.84262589564627,18.423541335281463,37.03638880006388,36.973072608859546,-0.06331619120433629
3.6103151593278255,26.976485863243184,36.773475215908654,36.8922459466463,0.11877073073764421
-5.307908617883847,5.24443906674238,37.217328840132986,37.127224518465034,-0.09010432166795113
-17.41571947943838,2.809635804558525,36.811035433695196,36.993830961689724,0.18279552799452858
7.993586166085734,-20.471538729982207,37.149742980622634,37.19534731760414,0.0456043369815049
18.99734893112459,26.331749261039043,36.88230146112984,36.84289079456388,-0.03941066656596348
14.788540521599273,-3.580010177894188,37.11363131555059,37.106083294730894,-0.007548020819697854
25.00212928491247,-13.569265718607738,37.22684115700815,37.2911200496315,0.06427889262334929
-3.6991325285692653,8.955347311983765,37.19304623380725,37.16648313902771,-0.02656309477954011
8.741295867275497,18.455226096029115,36.91059740176083,36.91698315958832,0.006385757827487737
-12.747995121004024,18.119854875969345,36.985163764946876,37.05819009517486,0.07302633022798233
14.508423406370468,-3.5695706601907915,37.11189825879566,37.10319045342811,-0.008707805367549781
-31.040522630183396,-11.934991521172947,36.98125231197829,36.82903182468719,-0.15222048729109616
13.674027289132582,-18.772980788757778,37.19716783658987,37.195220060208634,-0.0019477763812361104
-13.56920710810629,22.20145487040019,36.85839207139783,36.98214465644181,0.1237525850439809
-4.658036762386516,0.7918564305960984,36.93705745832197,36.95188920092706,0.01483174260508946
-31.28220872474916,15.538179609792863,36.905721785012105,36.92266222712357,0.016940442111462062
-4.251429577872749,-29.873092249670357,37.305601598938566,37.266401553407874,-0.03920004553069134
-9.163901745469097,-31.783575175264737,37.2320092767779,37.24630863052732,0.014299353749414934
0.14102504955231865,-29.302394455921082,37.34406631552193,37.27567611362558,-0.06839020189634937
1.3747075433254068,12.929609302953246,37.008587968158324,37.15899118638289,0.15040321822456804
15.384299783172438,15.884747555908397,36.929956054943915,36.92388072113636,-0.006075333807551431
-31.98340193981771,15.1533719639893,36.90904890245249,36.891086720726605,-0.017962181725884818
20.78171915111809,-15.319150614475014,37.20246362855167,37.24192843906719,0.03946481051551842
28.07237779766961,-30.247139911243117,37.67946355687703,37.63106168082689,-0.04840187605014279
3.384543353824789,-9.754991156092991,37.0904196078383,37.061635916744734,-0.028783691093565267
-12.310479299969607,11.494601288254927,37.174199838290555,37.16293014752577,-0.011269690764784457
-26.90471314059485,1.0663761846994504,36.715657466752866,36.771733443926664,0.05607597717379775
11.133671218198366,-20.750037510141823,37.1865752141858,37.206561709174494,0.019986494988692982
27.173107162881706,14.829290676907874,36.9139360923812,36.98386215943801,0.06992606705681226
-11.197861606754998,21.507726328776158,36.90541091633459,37.005466039877646,0.10005512354305779
16.501916297737203,22.881817885752547,36.84659791837579,36.87134766512795,0.02474974675215691
17.48201648090106,-3.4631036054020896,37.12874429513137,37.126693485345555,-0.0020508097858140673
8.87935914731856,0.8669545358263164,37.05094527708141,37.030670377583164,-0.020274899498247123
-25.717827662722037,10.969714487761294,37.07940201809591,37.09124020459761,0.011838186501698544
-6.358156554740425,12.636070757096455,37.1991915963776,37.19696530139886,-0.002226294978740384
22.13722866722609,15.312827631057651,36.886510169243884,36.9556562502291,0.06914608098521313
24.350972918145466,3.5583072459052474,37.11564053101364,37.11291903836332,-0.002721492650316293
10.819973638648506,0.21155739982830823,37.07179663579506,37.05179214430658,-0.020004491488478493
1.649632696284229,-0.2854210002529598,36.92454785940011,36.95987596184435,0.03532810244423956
12.134271771664302,-20.098189957933776,37.185135099970445,37.20412277263096,0.01898767266051493
-27.09168312010525,6.959602809925393,36.959674130151996,37.00680416692593,0.04713003677393601
-22.82663536960107,-24.96418738411475,37.23430500872082,37.11914480040046,-0.11516020832035423
-10.545525729264043,9.41248913500035,37.24854062863832,37.20503269243967,-0.043507936198643904
-7.64869817287682,2.164505152260766,36.94205556070001,36.99286221497709,0.05080665427707487
8.785057226169421,29.995236876707096,36.87820382607936,36.840463483126825,-0.03774034295253159
6.84819212636156,25.281861417034165,36.799067350123536,36.837428134249244,0.038360784125707426
22.58709499802586,25.653672198102107,36.887224382473185,36.84108853944175,-0.04613584303143625
12.296058055983053,-11.887523446448824,37.1376903700452,37.11184430436951,-0.025846065675686702
14.640831594631344,-3.515786490043652,37.112423798320016,37.10433767120797,-0.00808612711204404
26.05186516966655,22.416441654779916,36.77930355517463,36.87964750641347,0.1003439512388411
-29.37742041836615,6.146072108956723,36.774015481008234,36.87729740798617,0.10328192697793526
22.810315463795483,20.41101676530996,36.81671630473227,36.891825557025086,0.07510925229281895
28.761112298207337,10.888928690433723,36.99415456006534,37.042354171504975,0.04819961143963525
14.112739492526856,15.54117914342666,36.952211112676,36.932488984982456,-0.01972212769354087
20.41297636996984,30.097156170639984,36.910366970018316,36.81420245939562,-0.0961645106226996
-15.439131326440908,9.78652770983625,37.21813979806464,37.2266446896415,0.008504891576862406
-21.6467232654963,-30.94434685065182,37.08223674520693,37.161800176930036,0.07956343172310909
-7.9735775712746815,-9.475873691074348,37.1214301466005,37.0428111828611,-0.07861896373940169
21.579518624420572,-13.251862786463583,37.196485652909956,37.22295490567285,0.026469252762893802
-17.400206267372972,28.740821814777554,36.76352794898411,36.856076799917865,0.09254885093375265
22.594685475315075,-6.433866061886306,37.17230342002008,37.16787077489955,-0.004432645120530765
17.133352275496506,-27.916246058316915,37.47394920467897,37.438841096832626,-0.03510810784634799
-30.9143503334385,18.42727973602583,36.88930125229436,36.88878309628196,-0.0005181560123972417
-3.869000438328733,-26.78199758327078,37.28606946371666,37.24325984712616,-0.04280961659049609
15.37192861774799,-27.28544703205933,37.44893813250974,37.40233279943941,-0.04660533307033177
19.672935794896276,-20.69765713504649,37.296400423853896,37.31469264953373,0.01829222567983635
-7.769449078117823,-21.25498841735307,37.186657158321644,37.17697722530404,-0.009679933017601172
9.678669114985098,-11.764022946252176,37.04082697282848,37.100617350620766,0.05979037779228946
-18.530167372468135,-26.382422319231118,37.2501466876971,37.154866914125996,-0.09527977357110018
-1.3353224669759527,-0.7630020909834556,36.96563538887584,36.94732877019286,-0.01830661868297767
-14.933677442467314,25.63762852616844,36.767364843657155,36.91918444261438,0.15181959895722485
-12.59614824499824,15.965363289507422,37.04660385034586,37.10451660336095,0.05791275301508847
-31.84797775084715,-4.210472127719825,36.8040571664773,36.70651421189356,-0.09754295458373718
-31.419910499890506,17.597489351256975,36.8946008367036,36.892582144378025,-0.002018692325577831
24.0999546886573,-10.629555264683425,37.19974737425712,37.226652237641225,0.026904863384103805
-4.1877446135508976,-4.324377000391621,37.09487840630678,36.9875255118426,-0.10735289446418506
-19.674832944860107,-11.88103089668877,36.925470177863964,36.99622517257447,0.07075499471050506
27.699473789525335,-27.83114530083369,37.61109805061067,37.573689352445115,-0.037408698165556586
25.751936945084708,16.875399823944846,36.870375184962,36.95089770966043,0.08052252469843069
-31.442630591797666,24.9828633105351,36.79936706203814,36.81156747573913,0.012200413700995227
-31.38786266808107,-5.752563026621175,36.893578081414994,36.73540084254756,-0.15817723886743096
18.053489312986557,-27.308792509620673,37.43672742003854,37.43753325507101,0.0008058350324731123
1.7560918525119575,-10.740558657250041,37.11125666031376,37.068673840098285,-0.042582820215471884
25.5712979146454,9.549896585314578,37.007266282307384,37.046031366902774,0.038765084595389965
-25.41753909441993,21.310592331627774,36.910771525862806,36.91461983207481,0.0038483062120064915
30.733603123141435,-8.181900389240667,37.228129467853606,37.308901948197644,0.08077248034403794
30.10238141894053,27.368663204902802,36.94855335223,36.83239878544933,-0.11615456678067204
-25.354308227071655,25.91939939865719,36.84127769938419,36.86183361190985,0.02055591252565847
-31.178017664207964,4.705622604017108,36.695420870093244,36.762284718648694,0.06686384855544958
-1.964938776865182,3.3646244339193956,37.121431906022856,37.03644160999789,-0.08499029602496933
31.922875311655943,9.620289405133171,37.02955501947322,37.07269932523654,0.04314430576332029
-13.66208284208463,-14.891278232936486,37.15192249645048,37.09943396741283,-0.05248852903765311
1.1233953707357216,12.92678185517753,37.04512775778487,37.16137540914134,0.11624765135647408
4.004580126635496,-25.239088863960113,37.27652021788927,37.23935637240205,-0.03716384548722118
2.0988218211488743,-19.31469484512529,37.270819161108356,37.167082884779994,-0.10373627632836246
16.595950091978487,-11.12460049084222,37.16498136388182,37.15021845863103,-0.014762905250790936
2.300631104501413,-20.565816056566504,37.281730514635484,37.181831524848725,-0.09989898978675882
3.5852858002516186,26.72594633164892,36.77609685666554,36.8982299995531,0.12213314288756294
31.336649946917028,-2.9921041617142663,37.20798975994926,37.23550540896835,0.027515649019093757
14.166231775093422,9.862449751554593,36.95925614667749,36.989704709093026,0.030448562415536173
19.734097942523356,-26.97214881078971,37.440447497960285,37.45195412876607,0.011506630805783402
-10.166438413747088,31.42940460611704,36.80999181754543,36.84884024289312,0.03884842534768751
-30.242864912744388,1.728054825650986,36.65997425578337,36.76040098631793,0.10042673053456497
-24.996103045246585,-23.41044616253911,37.16915021714531,37.082807234343626,-0.08634298280168196
-30.91973483470605,22.834333364639626,36.820735873924235,36.84052474648701,0.019788872562777726
-21.761507815981226,16.28601851262553,37.07018459373745,37.00773593468885,-0.06244865904859864
22.4392799475318,-25.22496198822534,37.48369221884156,37.448951107565094,-0.03474111127646751
22.87755990825982,1.9928062157625206,37.13542520819812,37.12236384259127,-0.013061365606851894
12.938761112241956,-3.5361436675671456,37.10223155306331,37.08707416758434,-0.015157385478971719
-24.307964908891243,-6.221358269912159,36.83925794973342,36.845694617806615,0.006436668073192209
-1.6207428089029818,27.361081706572982,36.78818832570303,36.97261504177516,0.18442671607212446
-13.871878345941546,19.592195154851886,36.92834114802225,37.02317593241015,0.09483478438789916
21.712817036542134,18.03549242423967,36.850014306858085,36.918162820072595,0.06814851321450988
17.388879199124155,13.964751710610244,36.90523089594687,36.951692223640926,0.04646132769405398
-13.60854345391688,17.276549033775673,36.99756882890669,37.06750917161502,0.06994034270833538
13.50992358068983,-23.184569477966647,37.32602610060472,37.28904902247095,-0.03697707813377349
27.956515763644468,-20.816492301761045,37.41342575573516,37.46349313356263,0.050067377827467396
-0.3776353028334256,3.2780037765138417,37.04048157277124,37.007021662275164,-0.03345991049607733
-10.812161269828927,0.03570607696686068,36.92135309851889,36.89274846875616,-0.02860462976273226
-27.086548622175272,7.459441150418861,36.97957976750146,37.015187757541135,0.03560799003967219
24.653634475368264,13.92374489103885,36.92201378082953,36.98477519008534,0.0627614092558062
-3.946361252115487,4.374937999098634,37.16022989791347,37.089236552599225,-0.07099334531424262
8.280312719619552,-25.320337721949514,37.28005378894719,37.26784389126248,-0.0122098976847127
-5.28606273386189,-21.68294242101635,37.182740374844514,37.18401816514693,0.0012777903024172588
5.736093940233317,-21.249461621523523,37.16771098506714,37.198411366666676,0.030700381599537252
21.274014508605006,27.17832935985831,36.93633335804888,36.83289118876914,-0.10344216927973804
31.97739350875925,-18.10213659615937,37.39133725363627,37.493309310726815,0.10197205709054202
-15.305253440360246,-22.619270616474218,37.22485487469592,37.153317224189486,-0.07153765050643557
-2.362441080262549,-21.01323870866976,37.228252995724276,37.17895845436589,-0.0492945413583854
8.851293002547187,-24.0082082677768,37.250585082419086,37.2466921330446,-0.0038929493744888077
29.822398505125335,-6.4273683812954445,37.21464382481928,37.26356411394293,0.04892028912365021
-26.71488310184285,19.36991598014795,36.87786613282283,36.92230495159165,0.04443881876881761
-0.9088158502330685,20.012526574151963,37.21972066345709,37.13387598740303,-0.08584467605405877
-9.89576560891468,-21.087263726447944,37.1963498283952,37.173208829980545,-0.02314099841465378
-31.670824482084058,24.429225470334245,36.805490951830066,36.815241115886465,0.009750164056399058
2.6550200633699177,24.77708013551007,36.84489841695623,36.96601761282448,0.12111919586825337
-22.25231232344457,16.848209156435964,37.06137686034912,36.99646420247553,-0.06491265787359168
23.59126407088857,-14.385526557863166,37.21965259938371,37.278441058575,0.058788459191291054
4.881824731355529,-18.41510199647157,37.19755843326396,37.16398146108396,-0.03357697218000055
-13.86479314269311,-2.14933152729931,36.97373153113702,36.90965175471448,-0.06407977642253826
5.433979282581575,22.58188296431871,36.841758846392025,36.93187430596477,0.09011545957274336
22.58899787504066,21.693935147721056,36.81443148821624,36.87406599617924,0.05963450796299696
-13.438900144417104,20.95441725157854,36.89573961138021,37.003146636602516,0.10740702522230805
23.79647430929981,28.94898794263873,36.934840432466814,36.81603528646234,-0.11880514600447611
17.37021807152187,-2.367211613774984,37.123057431992194,37.12192707472184,-0.0011303572703553755
-0.23907423766999614,23.05920740496869,37.15539848489231,37.07642567067837,-0.07897281421394098
-26.060612046318568,4.905144059798957,36.88186575963085,36.98767256928499,0.10580680965414047
-12.97206978638792,2.8093005302240996,36.900639910619915,36.99374102536841,0.09310111474849236
-4.129252387140568,14.898006480409357,37.22659770705969,37.19720872766148,-0.02938897939820606
-0.16271145131933906,7.269553262381692,37.0890199182038,37.07434653734997,-0.014673380853835738
-10.878451092079729,-29.322215907250566,37.2645266332918,37.22091789274309,-0.04360874054871289
-22.332888880977833,16.170766144853538,37.07756930393009,37.00303271759545,-0.07453658633463789
-31.615475013616738,30.176556671792504,36.74800958279613,36.75295739094764,0.0049478081515133
28.027099370398076,-0.5856476718225991,37.178090711240365,37.177855387570425,-0.0002353236699406125
-2.9006412482632555,-5.635813457019445,37.08461512320184,37.00356931698137,-0.08104580622047308
-7.62272487584238,-20.902772934315863,37.18305639100712,37.17309915786148,-0.009957233145641453
-8.151348212601228,28.042412049259823,36.74195869945852,36.914291953120156,0.172333253661634
-21.87247875397479,-23.08299221248037,37.18332575470112,37.11417552719173,-0.0691502275093896
6.164932433784017,-0.6085728027663748,36.94633521047317,37.007087397179546,0.060752186706373834
-29.5193128296466,-1.7226078317179017,36.67088664351127,36.704736683881016,0.03385004036974948
-26.791418916785275,-10.516636975004694,36.96207087010172,36.87167147399987,-0.09039939610185144
-8.292218635163216,6.341105701923183,37.20698707177425,37.15717077233097,-0.04981629944327892
-3.883482447183482,14.213941466842925,37.249025260803336,37.206103602204955,-0.04292165859838093
-21.905013992569117,20.169200226402538,36.984379034152234,36.963765788976275,-0.02061324517595864
7.379859527701647,21.370240952368277,36.871677560331236,36.89259061719272,0.02091305686148104
4.803442219743339,8.922105687560098,37.02527362953717,37.054391661055895,0.029118031518727605
-29.39937169565406,30.470300778747642,36.75584976439818,36.767118899337426,0.011269134939247749
-3.4955996705669605,-1.5758577734172547,36.9877961765099,36.949547716477994,-0.03824846003190885
12.27717420976495,-13.654348912358927,37.13388509047016,37.128778477790604,-0.005106612679554701
-30.785318623536163,-19.805680181454157,37.07391125529716,36.94546126548593,-0.12844998981123013
2.8275515812179393,-13.6162195623845,37.19601286313166,37.10413009844899,-0.09188276468267276
6.760826256311418,13.38470938031513,36.96673355801751,37.017758639995414,0.05102508197790456
-17.112653023698606,31.961196939872245,36.80763769240929,36.805000168985856,-0.002637523423430821
-6.556586168477182,-13.875502428901761,37.121910978026996,37.09409682723134,-0.02781415079565619
-19.733632251786098,24.18789830750969,36.86427700068632,36.91853339558408,0.05425639489775591
17.99568809895036,-7.003755494643258,37.14798796422397,37.14298875068624,-0.004999213537729474
-3.847201384871447,-3.789723020393538,37.086138580207276,36.98152266188064,-0.10461591832663686
-30.306974433310906,-7.147941448276114,36.92629007560518,36.77138285318504,-0.15490722242014243
30.993276586008896,9.065901852491223,37.03671936871966,37.07592039278942,0.03920102406976156
27.00395829323486,21.131542299669142,36.79517252333374,36.900607311849946,0.10543478851620591
6.6762949338167275,30.094854803804495,36.85465811876226,36.85154483917465,-0.003113279587608986
5.508252385671952,-3.055085562114158,36.90410095526727,37.00957189203696,0.10547093676969155
16.72415335145118,-23.80390608462777,37.36422366781777,37.34410369132505,-0.020119976492715352
-10.209350196206728,12.322010503979577,37.17088980116475,37.16239973579918,-0.008490065365570842
-6.356669517413323,27.36170324589554,36.78315228625371,36.93448157636942,0.1513292901157115
2.240692274713034,27.84572583039911,36.80216125963597,36.91353976812928,0.11137850849330988
-29.144988340719927,-31.49063214489378,37.07624433646136,37.11720816317916,0.040963826717799634
-4.785170534433377,29.346324367887384,36.79699116691733,36.910063157918266,0.11307199100093612
-26.879123953971572,6.446694015344029,36.97734146824076,37.00928334659103,0.03194187835027407
21.68350696170713,-1.9050167590671805,37.146655620417356,37.14553441624653,-0.0011212041708290599
-17.453202387486378,-2.1349368816318446,36.87311263980312,36.87917034561419,0.006057705811073788
13.683807898477603,24.595494274383817,36.821941274269484,36.84980113200827,0.027859857738782523
0.08813170239729118,-18.772470812205157,37.246098471035104,37.155762692976225,-0.09033577805887916
15.377258826048141,1.293429408411889,37.09509030961593,37.08961658790814,-0.005473721707787149
25.95865182437398,-5.267205028595605,37.18682094646343,37.18325909832543,-0.0035618481379984246
-23.206194259485684,13.633170648640032,37.13884965619896,37.05303303235264,-0.08581662384631983
28.839996853611716,-10.569398571131494,37.2273179807788,37.31291921257303,0.08560123179422874
-31.74463438560398,-13.587378011103787,36.991119276016555,36.84225195094716,-0.14886732506939637
-7.7432785063111,-23.44410551469157,37.20268242532666,37.20190133153659,-0.0007810937900671888
10.804209608274604,-18.97516276085267,37.13300692063542,37.1855282635259,0.05252134289048627
-28.842303299549705,26.33796372803934,36.78801189814423,36.823886981035514,0.03587508289128749
20.883178552993343,18.97863932813172,36.84156445084396,36.90220974813684,0.06064529729287926
-28.41122249187712,-19.224008319974672,37.10543681929384,36.97230238591871,-0.1331344333751332
-10.22176474661373,-2.0628721252748505,37.000404407531775,36.92541534815286,-0.07498905937891465
25.537542590897573,10.974082440732161,36.98062816569703,37.02723680867088,0.04660864297385103
8.648130648435533,29.183505081360657,36.8673116643992,36.83893296940051,-0.028378694998693277
-22.856404025104112,8.501782156335814,37.236626891308234,37.181722034445784,-0.05490485686244995
-22.862479213149754,-7.378688923164262,36.8478180946022,36.883418033987276,0.03559993938507944
21.46637605765899,18.35249838792297,36.84722630383688,36.912941545233586,0.0657152413967097
-11.575721499517151,6.832825885300444,37.22821616101939,37.18812344794541,-0.040092713073981656
9.313755460946197,2.4211816989469526,37.05221166324741,37.031890196504314,-0.020321466743098426
-0.8411892208549929,-9.78718448266411,37.06280692770056,37.05259318292205,-0.010213744778504008
16.746169739891606,28.319428307988993,36.90674877290947,36.83318153345977,-0.07356723944969445
-0.21048515046838645,14.436367445266058,37.202711234529765,37.2028444405739,0.00013320604413280535
30.007711001017327,9.472622633236462,37.025050931691396,37.06631384205673,0.04126291036533303
-7.654333288527681,-11.487905648276929,37.11134175539948,37.06597738512169,-0.04536437027778817
25.43051907136219,-7.439949916009503,37.193343025059306,37.19921217622729,0.005869151167985365
-17.52940701018261,-11.387363832562684,36.97370918936916,37.01862947800262,0.0449202886334632
-23.53887773538319,29.622442117822708,36.80171492036388,36.81061834441764,0.008903424053762876
25.23202520588208,3.9782800721243703,37.11109226928194,37.11323928475062,0.0021470154686795695
-0.07442727773587876,23.08972862684746,37.159474741925,37.07739003287828,-0.08208470904672538
0.7609223015420099,30.880145076874356,36.84315368881644,36.892545321928615,0.04939163311217243
25.528988853498916,-27.02059618908107,37.565877953885426,37.52797926040465,-0.03789869348077701
-1.0991240851364878,16.2847435622485,37.252074680077904,37.2103039253627,-0.041770754715201974
2.2498688441584775,-30.943375791061158,37.3759994882469,37.31212610162688,-0.06387338662001696
20.560331536047187,-21.883925684106828,37.35113659405172,37.351974672876935,0.000838078825218247
-28.39342925814624,0.593427425773541,36.69848574461497,36.72582950092291,0.027343756307942613
-21.566629546348373,-22.914537684562113,37.17834940300708,37.115135645538835,-0.06321375746824742
23.82657280919109,-15.788483417233309,37.24622357382209,37.305614101406,0.059390527583907726
12.584146897668155,-0.6100728989838942,37.08694541728274,37.07248876989118,-0.014456647391561717
19.097313492718385,30.3205757655116,36.89459906234876,36.815037124921204,-0.07956193742755602
6.062539051489324,-14.089108833794832,37.136543709738326,37.117798869303854,-0.01874484043447211
-8.471912464407502,-23.715702888102413,37.208841831612325,37.20332131250701,-0.0055205191053175895
8.32089619714177,17.149077900717607,36.932786442435486,36.94106824012799,0.008281797692504256
-10.612656493768107,-22.52012918741177,37.21134265930485,37.18265007382827,-0.028692585476576937
-8.21193637439503,29.84750551048632,36.787877267432805,36.884539638464815,0.0966623710320107
5.904436800257777,-12.08334281522756,37.1945469384525,37.094578143823874,-0.09996879462862296
-31.606165700324077,-3.3562913678134336,36.763249396613354,36.697870590765774,-0.06537880584757971
-9.479179387275238,-2.6136335883475468,37.029541754019625,36.93726090674517,-0.09228084727445207
28.244823927091552,-3.4387344598193934,37.19222389406458,37.189833594795985,-0.0023902992685975732
6.030787177760892,-28.52263826222876,37.343971081029586,37.30839069131575,-0.035580389713835814
-20.83059342034496,30.279398230407814,36.75610421726609,36.813612437175976,0.05750821990988442
29.420600628365023,11.700332736925596,36.981249634222536,37.03459450220534,0.05334486798280125
-30.449702901813694,3.0358023895693265,36.67511913521105,36.77220315370073,0.09708401848968151
27.5288374366993,-7.148437693000133,37.20476720401183,37.2330881652584,0.02832096124657113
-3.682399059469809,23.587806318216643,37.07179019594684,37.03175267648761,-0.040037519459225734
12.355497905738005,-29.501008224835786,37.491981184190045,37.411496183045664,-0.08048500114438184
-9.620921015047962,0.5463832752222331,36.91152904643967,36.91879141270555,0.007262366265884168
-9.424340626866808,18.878144252296927,36.99516763460206,37.07467164958981,0.07950401498774795
-4.084087724767485,-17.57567765498912,37.13849750613868,37.13834975656633,-0.0001477495723491984
-22.659482544794656,16.190993081732238,37.082349444162446,36.99940266410726,-0.08294678005518819
2.5913965368421046,-2.2917867469939637,36.92625219683514,36.976994052520304,0.050741855685167536
-6.555609384812577,29.023525517616825,36.77028490646915,36.90636596748326,0.1360810610141101
27.470559212113862,22.693179470430685,36.78371212161664,36.88218642288667,0.09847430127003065
20.196441614894724,-29.560546912819923,37.51253130002047,37.51423335874653,0.0017020587260603293
4.21194649750111,-21.74443474544178,37.232694703766114,37.200136058129246,-0.03255864563686828
14.579268780347512,0.4057086365995133,37.09444698897377,37.0896895266368,-0.004757462336968388
-30.746850693775066,17.377757164468164,36.89476158313963,36.90201052689735,0.00724894375771612
28.305216075272234,12.072328207153959,36.96984718979943,37.024878734864544,0.05503154506511265
30.800113641769343,-3.1525100433979816,37.20573341613949,37.22824139586289,0.02250797972340024
7.381714832336506,-13.021773681493997,37.03960894970311,37.10903831988486,0.06942937018175144
26.95413903807399,27.852956201042353,36.9651389615275,36.817915739348756,-0.14722322217874506
-17.52343110496829,1.7836698465872374,36.81027881732963,36.94009937653527,0.1298205592056405
-0.9437384751452242,-9.835039415554554,37.062976764900625,37.05304780218618,-0.00992896271444721
21.433704423247654,21.3393976518919,36.83305897386916,36.87368991558402,0.04063094171486625
-28.815179985487006,-8.616310004265294,36.943525023242024,36.81449608340102,-0.12902893984100672
15.728593497907049,17.878324365233716,36.9277313349579,36.9057308325504,-0.022000502407500733
28.478805563067773,-3.9490808957982324,37.19567011646422,37.19848398822993,0.0028138717657100187
-2.097158422744684,-30.89500001969001,37.32487406734865,37.28613874017068,-0.038735327177974455
-2.3637346511842097,16.565957664841704,37.24964666466153,37.19206847618928,-0.05757818847225593
-23.853798780476573,6.924703176878005,37.08059654926594,37.12584532971731,0.0452487804513666
27.49193212161945,-7.317560500961257,37.20522222127764,37.23516240751983,0.02994018624219308
-4.7132950732199035,26.21529061425298,36.841327852515015,36.966524270136794,0.1251964176217797
17.724654978315094,0.7155869532952366,37.11156367964405,37.10685837385012,-0.004705305793926584
16.280509977047977,-13.418603211405802,37.21102180739271,37.156967758157926,-0.05405404923478585
-12.86974836147023,-24.051671297729072,37.23003329430607,37.17725892306978,-0.05277437123628914
-17.238342047492708,-18.835614003895245,37.11338721200039,37.11876480172012,0.005377589719728348
-22.797375514493083,13.737463992179784,37.13749017798373,37.05477748275663,-0.08271269522710156
-24.215296567346456,-12.152268398652275,36.96871884101367,36.93324026105189,-0.035478579961775836
15.970153285929008,10.667210380394124,36.95088099398488,36.981639860360765,0.030758866375883542
30.47703061901123,23.9871757189889,36.897450364060575,36.87830251968082,-0.019147844379752144
20.314645243827222,21.696196977565393,36.83693411693335,36.87266233896371,0.035728222030357415
19.560053602255124,-26.509996432399873,37.425291457520835,37.43965061588387,0.014359158363035363
-21.395339841496224,-30.821284528842632,37.08502319483285,37.16267975511741,0.07765656028455936
9.72218118638201,-30.26915598526569,37.4507987294408,37.39413486177835,-0.056663867662450684
15.164349620225337,23.71269940333317,36.825143107137315,36.862680493031654,0.03753738589433908
-22.72905044004645,7.4737722594637646,37.16451115719518,37.16918913278953,0.0046779755943546775
-27.940966646689375,-2.9259016616087337,36.74136554375073,36.74500990884745,0.003644365096718616
-0.9841638775385064,10.94783202649996,37.16638785456755,37.1542926360713,-0.012095218496256166
-6.125270641060432,-17.100253338610514,37.145977883683095,37.131155769915765,-0.014822113767330336
28.739744224718848,-1.473551263455164,37.18633231883844,37.185371814558174,-0.000960504280264729
14.050514673883939,23.19302368846708,36.84960197114492,36.86120387136086,0.011601900215936212
1.2795616412971569,-20.47407789675323,37.273261963607766,37.17817151278139,-0.09509045082637613
-20.736048850795136,4.246688793347431,36.90056894240331,37.0268620793382,0.12629313693489053
-19.35927498008528,16.78688625531784,37.05001648240538,37.02733099897782,-0.0226854834275656
-14.356773546708908,12.868387876373426,37.11780210940706,37.1407719920282,0.022969882621140414
10.842650430651027,-29.856089287738243,37.47095658328684,37.39964673195485,-0.0713098513319892
11.137281633383878,-28.674388732181498,37.440551867096204,37.37775653605685,-0.06279533103935364
-12.503123228111754,3.6365516982183834,37.02198741020166,37.03062611615063,0.008638705948968095
-20.324309188283706,-14.604296231090956,36.98654722584049,37.02597015995603,0.03942293411554232
-1.1164506850410092,20.15663139521515,37.223982608655525,37.128825346521324,-0.09515726213420095
24.100940671739814,-26.65157501037298,37.540904634475346,37.50147767641624,-0.0394269580591029
17.901421561375308,-7.113897995169545,37.147863064243225,37.142847969154964,-0.0050150950882610346
30.302533850861693,-30.430226281767034,37.672882076420294,37.66389645332396,-0.008985623096336326
19.15499831480485,0.6658271182280231,37.12026713526128,37.115836989044965,-0.004430146216314768
-12.617668321482775,8.489289745591115,37.254927571724004,37.241899585818686,-0.013027985905317507
-1.9070371603414316,-11.236299716356477,37.078556825481925,37.068144251758255,-0.010412573723669993
11.632048164730278,-4.421405850772921,37.10906368227196,37.07708176261858,-0.03198191965337571
17.689565277912244,18.454757168254112,36.89435607061242,36.89990778507902,0.005551714466605517
13.595667189822137,-26.887704783379668,37.427585984675616,37.37070152330683,-0.056884461368788664
11.344790815321922,-31.794785368795466,37.54371954579532,37.44830981294453,-0.09540973285078991
2.9228486578410298,3.066249850353593,36.95959362473227,36.96830247908659,0.008708854354317452
-27.168615194050872,-13.08642948029209,37.02279417086709,36.9028644093748,-0.11992976149228696
19.35326509406331,30.486553166447976,36.88882914121553,36.81342174442478,-0.07540739679075159
-1.7522594062380676,16.843609701468672,37.26047864562083,37.19219966705833,-0.0682789785624962
-11.208400827320993,7.675884765962827,37.25732949741749,37.22888316393402,-0.02844633348346548
-19.718069361179346,-28.70202326650398,37.157215768291564,37.160921694513185,0.0037059262216203592
27.20449907615653,-27.06392109435344,37.583900147391816,37.55136727643795,-0.032532870953865256
28.66989274042404,-17.25705695432606,37.33423330040652,37.41867167179105,0.08443837138453603
-4.700257061988552,1.5441402395239479,36.97388011885165,36.981829663367854,0.007949544516201001
7.132805775772731,16.140271476413716,36.94497516790987,36.988376261447605,0.04340109353773869
-22.61556508006963,7.828328216963222,37.21551214440073,37.18866344476641,-0.02684869963432135
-2.86119344162919,31.552843651952635,36.885705370701096,36.88380944612927,-0.0018959245718264128
19.615603484886613,17.37331306114625,36.86668528098619,36.917723459743094,0.05103817875690453
28.58529875465038,-15.158147544444013,37.30063272696698,37.38294174491077,0.08230901794378553
14.694938103602027,20.4653427650319,36.89724566157217,36.883067339665274,-0.01417832190689694
9.30951844638323,-10.019794683003965,37.03041318256269,37.07983080553803,0.04941762297534069
8.546604329073432,2.578997354258732,37.04077271540203,37.023749349559274,-0.017023365842753435
-30.108447192191846,11.090646549047435,36.92775502451939,36.920455755519264,-0.007299269000128561
4.009428456912822,-10.6485699715681,37.121727714455915,37.073401643847426,-0.04832607060848915
-12.225174825536335,21.56544823697694,36.89356259096162,36.99932367808003,0.10576108711840959
-0.2370600253943138,-11.052527871032908,37.08277288905051,37.067515077010775,-0.015257812039735086
22.50253070682725,28.542717777193843,36.94223482846316,36.821199058514594,-0.12103576994856269
27.133035731744442,-8.59367555704555,37.20868771878743,37.24933321910056,0.04064550031313274
-11.672686216454196,-1.5878664286704733,36.97196978781218,36.9114000047458,-0.06056978306637717
-5.979810337647706,8.41527202159007,37.19932208536782,37.19691745193951,-0.002404633428305658
8.177877169715401,18.396646063615123,36.90341922855977,36.92092232329344,0.0175030947336694
-21.675766921220884,6.014607770054198,37.04985217811502,37.10709709005452,0.05724491193950598
5.2959542180014125,-21.07603597619132,37.1889441546483,37.1953107919128,0.0063666372645059255
25.472375088284743,18.832036576889003,36.832519862294966,36.92406365036109,0.09154378806612584
31.438734703360794,-13.066777972081866,37.30673391297336,37.40141268949169,0.0946787765183359
0.4988780406945921,-12.751636455216861,37.12325922992211,37.08832823965737,-0.03493099026474056
15.786672239993102,0.6422651041893914,37.10050797613103,37.09742714689781,-0.0030808292332196174
-21.88539362609545,-21.22219268965435,37.142315430774865,37.09756523978414,-0.04475019099072597
-11.898678850251123,26.671102919884603,36.756643843867025,36.917690571939985,0.16104672807296083
17.47091065276831,8.484166651417546,36.99744211380337,37.015543423177995,0.01810130937462162
-23.731253619308347,25.433103505555543,36.89702594945865,36.87798302761787,-0.019042921840778604
-24.818397267047146,22.928706847774095,36.91289520044067,36.90317524737767,-0.009719953063004994
-15.176878344290664,11.519869211134825,37.163849123753906,37.18055595090952,0.01670682715561611
-23.40206396797918,14.852161308071658,37.11049223097625,37.02150430569524,-0.0889879252810104
-21.75600940584247,13.035600580147403,37.14817596823351,37.0826230627942,-0.06555290543931136
31.274901686943053,-24.48089750207194,37.54363779053393,37.5842332716309,0.04059548109697175
-28.157206910490622,0.8707803612032521,36.71697407813666,36.743873559146536,0.02689948100987749
-27.700899935316976,-27.615368334594805,37.12734210715084,37.102925378997,-0.024416728153838108
-26.043041381784768,-16.99971292806739,37.095564109698316,36.97554584081527,-0.12001826888304379
26.300244929077785,-6.5264151439608895,37.19443289004201,37.20034707978845,0.005914189746441423
22.02337809527524,-1.423483543285748,37.146257542364395,37.14572540959706,-0.0005321327673328824
-12.7880514124546,22.905814416037494,36.849181749321424,36.97460939206284,0.12542764274141405
-0.40220215813231164,16.381648983938298,37.23294017244541,37.215063900295505,-0.017876272149905503
-14.6490505800285,-24.314720786284695,37.24171075895844,37.16746128717174,-0.07424947178670038
22.346341246452802,-12.694771554315182,37.19855270256169,37.227999092936216,0.0294463903745239
-29.400412145596185,0.2854386996106584,36.66318220599429,36.695413526556294,0.03223132056200484
30.242181981404705,-26.781941541135808,37.5987094613648,37.602688647811846,0.0039791864470473115
-7.457081262891421,2.495680419546794,36.998960897962725,37.00702812838829,0.008067230425567118
-27.328498566475332,10.48550656513791,36.936320339081476,37.05205211711406,0.11573177803258261
3.9434655337675792,20.978029257110997,36.8461794875019,37.00859381831313,0.1624143308112309
3.4519791509387616,6.072617230077611,36.97610069870279,37.016727446386035,0.040626747683248254
-13.751916482474122,28.465588879961338,36.72509882830024,36.87903600420311,0.15393717590286826
-30.87006607850838,23.224117060320097,36.81566361054237,36.83677990495832,0.021116294415946868
25.571902705054598,4.988140536113548,37.09294186643996,37.103559553443375,0.010617687003417586
30.45896884659321,-31.224580844557174,37.687773868940084,37.683197542821915,-0.0045763261181690496
17.64401462013003,-5.156002110118685,37.13748810276405,37.13399359380621,-0.003494508957842868
14.845432971138415,9.415071639845458,36.97000079293072,36.99534446933195,0.02534367640122781
-28.65551642589385,-22.36795659520891,37.14838730337383,37.013681541710376,-0.13470576166345438
2.7438519493884144,20.52256379328739,37.00681131263535,37.052797435302374,0.045986122667024176
2.806135230119594,-15.048961005824047,37.23743668736845,37.12037265296843,-0.11706403440002333
-0.6683744031845009,-25.234563549470018,37.29463222952678,37.22845833277243,-0.06617389675434993
30.83462392397894,2.2496089283555776,37.16396905140877,37.164482080764124,0.000513029355353467
-13.133363495966876,10.256544897769672,37.20034957610234,37.199901229281444,-0.0004483468208960062
9.240516798594015,-29.016631172385004,37.39567144919183,37.36066091408118,-0.035010535110650665
-23.380828912014678,7.675847185483917,37.169615979167574,37.17178034402769,0.0021643648601141763
-29.553628663795976,-17.473038384544672,37.07396979591984,36.930319737296315,-0.1436500586235212
25.28271487937839,3.4718726680083805,37.12050318540261,37.1193924221925,-0.001110763210114385
-26.196424848168455,21.46252181850855,36.86598876042384,36.904828483257305,0.03883972283346537
15.502457583248919,-31.03167091523502,37.551870470109876,37.48550188738964,-0.06636858272023716
-30.23917578649558,8.586339467907884,36.8951026413656,36.87310994821554,-0.02199269315005381
2.9962324091783543,10.710393662868285,36.94306859919249,37.10375288565593,0.1606842864634359
-18.861517592940586,31.82103068529978,36.78619544171443,36.79843300413179,0.012237562417354297
-9.78824181580972,-14.754541278953148,37.15070256650743,37.101268195459255,-0.0494343710481715
-4.761382241377454,-11.95645190500607,37.09850120537525,37.07383843095824,-0.024662774417009814
9.29857121891122,13.977366734796547,36.99281175683557,36.96655981321749,-0.026251943618078144
-6.953858619088784,21.564511787838455,37.00175171160836,37.04234513091927,0.04059341931091609
9.247850637363207,-5.384903758304297,37.04146161401525,37.05640586746178,0.014944253446529387
-5.169380818118448,6.03307909600337,37.269845124161755,37.14025147201577,-0.12959365214598506
-1.156502920123863,-5.916482277783977,37.055406826375176,37.008288045854684,-0.04711878052049201
-26.69395453059653,-7.939557804298346,36.904303721327324,36.83623071958956,-0.06807300173776554
-11.466220170166132,-18.170248032173838,37.1860287432921,37.13865362871708,-0.04737511457501853
15.637307699117223,-17.223064595198316,37.17785345293222,37.18690932330289,0.009055870370673347
16.704296572400303,-12.583308463498092,37.18698772716127,37.15632514910097,-0.030662578060294265
-16.40327151955949,0.8059179011000666,36.84666730990054,36.903413703398975,0.05674639349843602
-28.32614198989083,13.28621700292706,36.91322199978586,37.00798551922222,0.09476351943635564
-21.552027126178338,-27.60642326973666,37.25076398352551,37.142793563780316,-0.10797041974519317
9.80802973452547,31.92584164441074,36.869171753430095,36.84052991213268,-0.028641841297414317
19.338506336638424,-21.912331760162814,37.315502977800186,37.3367851415138,0.021282163713614466
11.036932298155058,21.638770516653096,36.911692152407504,36.85823703315105,-0.053455119256454964
-17.401600275730196,0.9784349830397829,36.82770417509445,36.899505706817436,0.07180153172298276
4.98173865198676,-11.007152220451374,37.13146882792915,37.07997206180335,-0.051496766125794124
-26.72692774812277,20.628373087922114,36.87141304414047,36.908414860979825,0.037001816839357105
-19.715058593277178,3.5467994193387113,36.844539668427856,37.00386676497227,0.15932709654441624
-24.00577252207374,-29.92995413127977,37.06683563592884,37.140801680693045,0.07396604476420521
30.270902398448527,-14.335924416629574,37.3106508972924,37.400580566679686,0.08992966938728841
-21.430490141702336,20.8042701566196,36.96091647182215,36.961772554307956,0.0008560824858037108
7.126663330929823,22.313437133286435,36.84632955418515,36.8851792051804,0.03884965099525317
-0.20412570360680604,-10.883471312606545,37.08057861375923,37.065620876190245,-0.014957737568984442
-0.38695010242236805,0.49368481042429835,36.93825810076367,36.95758957185948,0.01933147109581057
10.999039259511342,-9.571167114949667,37.09324960691651,37.08994458913733,-0.0033050177791764668
27.414438384513637,15.439227125376242,36.903312513556884,36.97692408655983,0.07361157300294963
12.166957731325482,4.097778053727609,37.05823610775824,37.05498422469406,-0.0032518830641805607
-5.969318322733216,-26.258623518136446,37.25058077931558,37.234215008861625,-0.01636577045395171
-14.1003440540687,-7.0354874826794,37.02402324727657,36.98275610338975,-0.04126714388682018
24.249675923702476,14.898091682030824,36.90193372869784,36.970262641831994,0.06832891313415246
-31.551008154349276,-31.387121051071205,37.07701191062188,37.099878861757155,0.022866951135277702
25.158477363265334,-2.3873299420326077,37.16940343438233,37.167758541791805,-0.001644892590526581
19.031455772880904,10.284853212567889,36.968989193327914,37.00389118739536,0.03490199406744665
18.439637394290813,-20.502385335610533,37.280603252050156,37.294489689838166,0.013886437788009687
28.417788565182654,20.95684603975384,36.803490486453484,36.90903606624698,0.10554557979349966
-24.605060314127506,-4.886267811116241,36.8111150956348,36.821277164253175,0.010162068618377873
0.28763132064798214,7.228084154335015,37.04469110481761,37.06796382058031,0.02327271576270107
-29.675904773415326,23.818838577096137,36.82706692952843,36.84273919699049,0.015672267462065292
-5.595691001282006,1.4054898530881843,36.97092589048123,36.972077635670836,0.0011517451896025932
30.974411271430043,-26.926273729700824,37.596718395438856,37.61851615162645,0.021797756187595496
3.2892820550273,-28.972874264172255,37.34308164736947,37.282715101832665,-0.06036654553680876
25.113863289924147,9.08423569395353,37.01474039864322,37.0501416325479,0.035401233904678975
21.82172099599307,31.950942979232146,36.85249542668175,36.79878846377633,-0.05370696290541588
-4.6568210947413675,24.40104943139159,37.0009309332896,37.00517395626704,0.004243022977441058
0.440561007424499,-17.302050820414514,37.217773864508985,37.13993976566374,-0.07783409884524417
-9.886228816854931,-19.895898594597107,37.183312475353766,37.15966539629879,-0.02364707905497454
-7.0765829223622845,0.4189035494112332,36.90710886858069,36.92561084099971,0.018501972419016965
7.892810537379276,-12.563502104650333,36.987668074303244,37.105135163442434,0.1174670891391898
25.95578262502277,-30.526820698490972,37.67028613444327,37.60976128790341,-0.06052484653986312
17.236391836444838,-4.168691187481535,37.13026046182829,37.12789639399217,-0.0023640678361260825
-31.968507114757998,18.570334927638704,36.88844147658543,36.876215668718665,-0.01222580786676275
28.500792860940173,-8.870956929949742,37.21748878856574,37.27902298611242,0.061534197546684766
-0.6673183560752705,23.504336497278423,37.07404525342906,37.06290257958542,-0.011142673843643536
-29.198655017866898,0.28794500717405214,36.66982456965356,36.69835882075755,0.028534251103991437
-26.623241243844717,14.128890724101986,36.93578893531521,37.005377375128155,0.06958843981294649
14.873054423023333,-23.559599694090338,37.34447453469225,37.31484143494433,-0.02963309974792594
-8.783164561823455,-25.524232826974895,37.224368610737784,37.211962193776856,-0.012406416960928368
7.288349209211255,24.068356795764743,36.8263438291422,36.84711342387297,0.02076959473076556
-9.841392553163871,4.344282438770371,37.12398552010938,37.06991128761028,-0.05407423249909726
3.725924057521169,19.85604461351975,36.88284120566796,37.03843700595516,0.15559580028720177
11.884896629252069,30.11157447647824,36.86552159066884,36.8248967345854,-0.04062485608343991
27.618140802693596,-31.952229543961934,37.721259972477576,37.662270689216015,-0.05898928326156039
24.804569206093767,12.645117738294218,36.9460864599302,37.00217283710318,0.05608637717298137
-23.567815877191272,-13.823618397253945,36.997933029352595,36.9667522656298,-0.031180763722794325
17.408713608575184,-20.13533841079112,37.26992415507797,37.27316884274565,0.003244687667674384
0.7433755547287078,17.385042803355113,37.17971059865395,37.17644913198675,-0.00326146666719751
-26.11665318634801,-6.8384551734300345,36.87372893819656,36.829022464346934,-0.04470647384962234
14.304571770279416,-22.672974135464095,37.317694109045604,37.28820258472433,-0.029491524321272777
-8.73127701750969,3.9176679177906806,37.119636504273714,37.05802370993691,-0.06161279433680278
20.355410275592135,-29.113423097949003,37.50755345150012,37.50656507282086,-0.000988378679259938
14.062732357021666,27.70442349438496,36.87502492352664,36.82996177838662,-0.045063145140019856
-7.4426462028683815,-26.473373630900042,37.229718572817866,37.226084200538246,-0.0036343722796203792
-30.510411229843122,-7.593242279464604,36.934272391061434,36.77474281378278,-0.15952957727865424
-23.158347642460797,-31.570193168496658,37.07678608632383,37.15584041864423,0.07905433232040338
6.779571816417182,24.960281267184513,36.80743066969062,36.84307395719008,0.035643287499460996
-16.63198605389261,-26.67906241961323,37.257078507018925,37.16871058062166,-0.08836792639726809
-19.37816061851948,0.29914984410460477,36.811202777330436,36.835827918712695,0.02462514138225913
4.084071033821743,-19.553764418370015,37.23385137369722,37.17488950228313,-0.05896187141409115
16.632200274956475,-16.021310699628124,37.1788907736591,37.17698340113923,-0.0019073725198666125
8.060227529173893,-21.39913303628245,37.1738339459534,37.20606947133122,0.03223552537782126
28.37316467507172,26.0855668090786,36.93586272839204,36.841688043650976,-0.09417468474106272
-14.374832696111596,25.743525809266522,36.756966805508014,36.92028614471227,0.16331933920425712
10.396267176115032,-6.779897051412753,37.08221777127676,37.07333658579947,-0.008881185477292775
-18.034778775881286,-23.191862484095573,37.177262616132936,37.13928047739782,-0.03798213873511713
-31.63643889951718,14.361930353962727,36.91246326947021,36.89587753923896,-0.016585730231248874
-27.541840049561756,-30.162312327215496,37.03470052946097,37.11962435460643,0.08492382514545938
-10.928137810290359,-8.977387573493651,37.11613407635192,37.0271184277867,-0.0890156485652227
19.032040191203627,-19.313146248290337,37.24900408987871,37.27628795087401,0.027283860995297005
-20.36306189274675,-24.5213003946007,37.2115271654593,37.13224812025202,-0.07927904520727935
-14.776256383653227,17.732045558229018,36.989374313363356,37.04894120888914,0.059566895525783536
4.192037082008724,21.896337597717633,36.84017472043209,36.98213183970493,0.14195711927283838
23.589467730539972,4.89945859239856,37.08726916936754,37.09293813294231,0.005668963574770203
11.891271796472807,-0.4563921299829232,37.08217342181425,37.064853801914,-0.017319619900248995
16.38954057145083,-8.870643230768472,37.146690981271476,37.140553462972655,-0.006137518298821476
-31.63284402102454,1.4838605951308352,36.65456513242768,36.68679179510125,0.03222666267357255
14.843040180829554,-13.900878405257266,37.212337916134594,37.145341765861914,-0.06699615027267924
-21.62544788744239,21.324763054161274,36.95348525051955,36.95404479176993,0.0005595412503822672
-8.440988051532408,-4.837767313900422,37.093927886067185,36.9759064595883,-0.11802142647888303
10.804652557546618,-2.479511571720117,37.086701042057875,37.06137056632396,-0.025330475733916558
-16.40913858237279,-8.292356361946695,36.961123705600414,36.98723779325524,0.02611408765482537
11.164911794431944,30.828419152556087,36.88702208651404,36.83055797972307,-0.056464106790969026
14.563499907879255,11.714508323720906,36.94241767298972,36.96856340369364,0.026145730703923675
11.00411613472906,23.037955794534362,36.85724970985286,36.848380461540124,-0.008869248312734612
-6.023167225318893,-23.770827548535188,37.203059409669635,37.207122892042435,0.004063482372799854
-19.91759066946934,31.987100289685777,36.76675513715739,36.79037762376031,0.023622486602917547
23.937113906785264,30.04972923986567,36.93409597543756,36.80814398444239,-0.12595199099516918
27.28215562684504,13.064852443485663,36.94763389016701,37.00743895182222,0.05980506165521149
1.7427608280458315,-7.627323773250801,37.04080681086177,37.03322663254259,-0.0075801783191735694
6.827168355357507,11.2503229402257,36.97778943053237,37.027566981690015,0.04977755115764637
-25.09770377655922,29.478807213061657,36.805798803171974,36.805069831968105,-0.0007289712038698326
26.90242698436856,17.2327114783077,36.86818889630567,36.95121660129426,0.08302770498859502
-21.445001294941555,4.0557971082125235,36.8500207456494,37.0068280031448,0.15680725749539448
-12.662130679342745,-16.04291901063351,37.175442351920395,37.11340883940153,-0.06203351251886602
-17.787842681001337,-11.049585624682173,36.95849170269266,37.00989752430841,0.05140582161574514
-6.677983527552271,21.636496481346782,37.0092112930195,37.04352323449808,0.03431194147858463
-2.85834589216595,23.606863453576743,37.08969013191678,37.03938699502627,-0.05030313689051269
-21.62287876955267,-29.970957958256164,37.10549802871568,37.156233525848855,0.050735497133175045
-6.033216993860847,-11.957976958206174,37.10587095335869,37.07274292302997,-0.033128030328718694
1.1599142711353352,2.71481311828056,36.90315705397738,36.97912093916775,0.07596388519036879
6.331610474697051,6.22335756776647,37.014447945694805,36.993667606727456,-0.020780338967348655
17.3958608046392,30.724122394391017,36.860224238862045,36.8153214031805,-0.044902835681547515
10.921207400767543,-6.243295538523697,37.10452229151627,37.076672158664785,-0.027850132851483522
-3.1952912863758627,5.65728503149009,37.187826147912794,37.09888769284039,-0.08893845507240172
3.491582932530818,7.683386275940428,36.97989203401479,37.04503560838129,0.06514357436650187
7.8044258409332485,18.842722898572333,36.89976707957423,36.920862785468,0.021095705893770855
-20.95432403493347,14.45913199609793,37.12496595719541,37.056558987729765,-0.06840696946564151
25.763212549195224,10.659334349292507,36.987264947048985,37.032338295374515,0.04507334832553056
20.653047833950374,24.46491136540586,36.797452957143264,36.852841028203464,0.05538807106020016
-0.43444264293746926,24.077295129663653,37.00653832582306,37.05314098650842,0.0466026606853589
-2.049485569925416,-29.684562880959184,37.3174947055247,37.27786860289722,-0.03962610262748001
18.067505935045375,-9.601137560869653,37.15940963050127,37.153150863221654,-0.006258767279618382
29.271543339285294,-18.962947436055536,37.373931557491645,37.45751983253199,0.08358827504034849
15.007674350176778,13.188443416754978,36.93564667866164,36.951826399109514,0.01617972044787308
-0.9383363154586064,-15.623525597565653,37.14800169928446,37.118896559396276,-0.02910513988818053
1.2710669540084751,-9.391414259676573,37.085306797129874,37.05208444627347,-0.03322235085640557
-28.027477210785975,0.10564876699603332,36.68659716789268,36.70498623016927,0.018389062276590096
15.976264304364882,-10.281304464360325,37.154052307336215,37.14331308434207,-0.010739222994146758
-28.06356536108241,-9.041377441233301,36.94461015804201,36.83171315271662,-0.1128970053253937
11.628517565746762,-23.56559501892712,37.28403630577453,37.272995637668515,-0.011040668106012674
15.802969141978686,20.090933275713965,36.886179438402095,36.890720197110014,0.004540758707918258
-23.729427030274422,1.224974097756828,36.72564926051696,36.82442442058999,0.098775160073032
10.843063973538378,-9.358649976761534,37.08596516497738,37.08755865164328,0.0015934866658966484
13.226634432319614,8.206708329890901,36.98698005178026,37.008203246107854,0.021223194327596673
23.63248532344732,-24.84999590875639,37.4849752723786,37.45623268988755,-0.02874258249104855
-27.92567898839905,-26.605811301865366,37.213028964006554,37.085146554242286,-0.12788240976426835
-6.69182015188666,6.802884230561681,37.213641741892026,37.180701466774394,-0.032940275117631757
-17.933678222958143,-14.851336308802338,37.018917379829915,37.064917142242166,0.04599976241225079
6.509045765433314,29.83642572431505,36.8529934726529,36.851691311194024,-0.0013021614588737407
-2.839217590209735,30.121807715369577,36.84108924009235,36.907264472592594,0.06617523250024249
-5.049629946926174,-30.996424922727478,37.308725069056436,37.267912605509366,-0.04081246354706991
29.953067846537884,-17.45560166239749,37.35422317870159,37.445522669616246,0.09129949091465761
25.369742387044703,20.25686559823633,36.808952812685796,36.90496148456682,0.09600867188102313
19.78758445928375,11.54784910335929,36.9483859389032,36.9937300534407,0.045344114537499536
-28.40777805576358,12.598026814576933,36.91706388669363,37.02377904296539,0.1067151562717541
26.684739279340405,-17.688509297041485,37.31547076595466,37.38915702435281,0.07368625839815479
7.129083529619109,-7.473999796381044,36.960195450420514,37.045285024228484,0.08508957380797
20.32595077116607,1.8446652934158578,37.121732194379334,37.10908601832548,-0.012646176053856095
-7.672647797578286,31.34547959944942,36.85550121532849,36.86283408455874,0.007332869230253891
-31.330055524542516,-17.256903086904536,37.04638296787361,36.90091297797404,-0.14546998989957416
-8.81004901852679,-12.042609575031179,37.13379208418601,37.07127589102477,-0.0625161931612439
12.793872106004159,-17.245144022155955,37.1134778298278,37.170947810523664,0.0574699806958634
1.0399192315478274,-18.864368542568414,37.26003076668481,37.15924698520256,-0.10078378148224942
-21.88142338227201,-11.539408994367797,36.92850704746819,36.959039207381984,0.030532159913796875
-7.468183434452364,-9.468089647247382,37.10684389733344,37.04316485923229,-0.06367903810114939
-29.715740002468237,-18.172707919376172,37.07697148116272,36.93793248330951,-0.13903899785321272
2.3046947400487667,22.772503548303767,37.0886031489059,37.01822936486671,-0.07037378403918382
-7.164963743692105,2.1998490820556,36.94368919129227,36.996545686301296,0.05285649500902423
-24.82399800993654,-8.112846528581848,36.886547837032275,36.86640964541814,-0.020138191614137213
11.509629260124377,-18.568825863770464,37.12938661086872,37.182713819179455,0.053327208310733454
-3.6669568705557296,8.421927264715073,37.22345408207215,37.156416509441875,-0.06703757263027654
-8.685527581067227,-31.796053342319702,37.24532191377881,37.249431575056825,0.004109661278015153
-12.069028969446805,2.173500781102284,36.846352485478214,36.97250230174863,0.12614981627041288
-12.502690256011618,-4.682299325303511,37.034952989838715,36.954506060427995,-0.08044692941071929
-28.597892881790003,-31.082444158397237,37.063142110681085,37.118297792309164,0.05515568162807938
30.370175851676855,-14.552257328775717,37.31530055483349,37.405929988904056,0.09062943407056423
-26.1077257301518,0.75099802707836,36.70980666162769,36.76606728020124,0.056260618573553245
-7.599755277561911,15.647758671729108,37.104539112252404,37.156248678662344,0.051709566409940066
-8.636171228641267,18.795599531359706,37.008692724657,37.08408974036219,0.07539701570518531
8.435213987220607,-14.193521643250193,37.00641441370822,37.12506654453422,0.11865213082599979
15.873609499135924,20.346426136081313,36.88188416555675,36.889270012020745,0.00738584646399687
29.19297599041615,15.798450500891171,36.90356124719575,36.979946028212325,0.07638478101657142
-14.370581044395657,18.475522488112787,36.9637729577078,37.038866972875404,0.0750940151676005
-15.575391714489491,-30.069153264063353,37.184222769498376,37.195363153246504,0.011140383748127647
11.076616454001488,9.724826497587792,36.986482664058144,36.98917186743377,0.0026892033756240608
-15.393726548647123,-3.5233600283068895,36.92450948126617,36.923352937233126,-0.0011565440330443266
-16.700519169838216,-11.229048621539775,37.00120370871271,37.02777769001002,0.026573981297310922
-17.105693261486408,-22.821475194258696,37.18863224668236,37.14302737222429,-0.045604874458071265
19.05744506633961,15.06865745349004,36.88327241646723,36.945475543475276,0.06220312700804698
31.452641468368917,-9.323040006153335,37.23952416679368,37.34071592712735,0.10119176033366983
-31.053678804871822,9.368985025469982,36.90385172025238,36.84439009746603,-0.05946162278635114
-19.767921009087466,-18.440800591338544,37.07233539720458,37.08912162851642,0.016786231311840538
12.75384130116558,12.826402960987224,36.9571868623989,36.95489381651333,-0.0022930458855725533
3.700074025767101,-19.797841385517962,37.251317986142524,37.176681885451295,-0.0746361006912295
29.73391755057377,-19.33101871023655,37.388938911954014,37.472023068291286,0.08308415633727151
-26.907288869156574,-29.277501252805173,37.05565217888742,37.11847135331935,0.06281917443192953
20.468935989133023,28.710433243763404,36.94715594713389,36.82372142289109,-0.12343452424280343
-24.73824554975525,0.3803242290968569,36.709827731211604,36.76543919758537,0.05561146637376879
19.976169855242034,-17.144373925646867,37.222773506413596,37.25681821437499,0.03404470796139236
-16.237609994622296,22.484742325709966,36.86956107172937,36.964014740214076,0.09445366848470371
-15.51476770106219,-8.139817342252805,36.99140250790691,36.99289800228673,0.0014954943798173304
3.9248889065680146,-16.235839144766516,37.24521269528009,37.1367401980948,-0.10847249718528928
-0.5150222133860609,19.07790614657378,37.21763012813374,37.157342504341436,-0.06028762379230557
2.982261649831365,-23.55577736052755,37.28099724719738,37.21758901295369,-0.06340823424368836
-7.501814004483897,21.04002655685862,36.994683781836876,37.04801675576225,0.05333297392537162
20.66682365462922,13.682936582996561,36.911691968797356,36.97061056436618,0.058918595568826504
-19.38176105615345,24.57528123891609,36.853678792327194,36.91399555944341,0.06031676711621259
23.704949494606446,5.28882169170695,37.08033321828251,37.089114577470454,0.008781359187942428
9.408732825742526,-24.142247167127728,37.26033634536122,37.25681935681807,-0.0035169885431471926
-20.17631006657367,-12.306459092524513,36.934094103999364,36.995274602900636,0.06118049890127253
-26.17184432624017,-30.547116487625132,37.05030209237401,37.13061880178501,0.08031670941100089
-12.494545678987173,-29.00704691143398,37.27094318961727,37.20876367190113,-0.06217951771613883
13.704538209169755,-18.696933301867936,37.19578700618667,37.19396076239676,-0.0018262437899068118
-0.7961329003224122,11.552835260762123,37.17191746222174,37.161766962144235,-0.01015050007750773
15.256006405639404,22.837083161991167,36.849260656720794,36.86917326478942,0.019912608068622717
-21.96224422221814,-12.022383602423666,36.940075904336254,36.96475462276808,0.02467871843182934
4.095195433342077,-21.500574858255774,37.23565074517478,37.197062977310594,-0.03858776786418616
-21.467278056651615,30.618472460360586,36.75470633455362,36.804858072828566,0.05015173827494834
5.823805671619027,12.962781095001269,36.961415460439,37.05117079346824,0.08975533302923822
-5.535014762434599,26.859703552855613,36.80052897195106,36.94683007355921,0.14630110160815235
9.591023399879312,26.894973557600018,36.821721488714466,36.82780718235902,0.006085693644550361
1.1150149766963438,-13.930180791995035,37.15357932287661,37.10331303238672,-0.050266290489886956
-27.977236467601394,13.642650434203219,36.910764744189194,37.00300598699212,0.09224124280292756
20.55042411563464,29.029341136448224,36.94482570089888,36.821361302156305,-0.12346439874257698
20.313577590874893,31.03758150160065,36.86723911389166,36.80785841894918,-0.059380694942476
11.945700547318424,21.551616569915602,36.908332064576015,36.86298791879335,-0.045344145782664214
-3.2576206607048235,1.1291317535767007,36.93791178497693,36.97196574403061,0.03405395905367925
-27.998148763280668,-18.064466179879965,37.08029664026461,36.961825093643434,-0.11847154662117987
-10.566189062515619,5.437075171452314,37.16156652796824,37.110329923414035,-0.0512366045542052
24.348382055515856,-20.850470813351286,37.37814823552972,37.39763413513921,0.019485899609485102
7.372121989058357,-1.750357849903338,36.99267063384345,37.02366733470067,0.030996700857215842
30.126613461527505,-29.87262246924174,37.663312829782456,37.65088161360358,-0.012431216178875104
1.5561280437720129,2.5114624604769986,36.89981428903896,36.97166043465321,0.07184614561425207
11.898370768141191,-20.13582776708232,37.18023317656852,37.20188942574686,0.02165624917834208
4.367997587472999,-25.060783324796873,37.26603687472565,37.238259404137466,-0.027777470588183917
-6.3020182352515945,2.7933982800188204,37.07798460624475,37.024369808115516,-0.053614798129231644
24.22923691631094,31.01070118048675,36.86775621954551,36.80094776864956,-0.06680845089595522
17.749076509921238,31.761728523854714,36.82071900327182,36.807482807191526,-0.013236196080292473
11.583356914818104,22.2851149657335,36.89151487200504,36.85624608084908,-0.03526879115595705
-29.08327122093361,-6.955048771674896,36.909991570533606,36.78674818058452,-0.12324338994908857
22.884316183207588,-31.191515469627667,37.65075192415817,37.584481302084654,-0.06627062207351742
0.6865971469993184,14.154886580161637,37.12162967322222,37.18748250734757,0.06585283412534437
-23.335748239074256,-3.492210271530226,36.73839392126352,36.817795952416766,0.07940203115324351
-20.811914325775817,4.874749182826136,36.990025543586995,37.05908006935339,0.06905452576639703
15.717370653644586,1.1981844253481597,37.09751111365139,37.090951684906294,-0.006559428745099183
-2.825048765585926,-11.348447686287805,37.08362584041773,37.068616674761635,-0.015009165656096002
-5.43449837363422,2.268192679499819,37.03182625848133,37.00739525809605,-0.024431000385284563
9.147437639562675,23.243630260199723,36.86531625406237,36.838482499300376,-0.02683375476199501
21.686758240003783,0.1277764384724449,37.137608951583886,37.136932289590185,-0.0006766619937010887
-10.922945237415142,-11.396514459156109,37.13934966928733,37.06207777489016,-0.07727189439716398
9.992450996942246,-26.334995091987103,37.326310603223405,37.31206347802366,-0.014247125199744914
24.69657822869828,-20.70530518850245,37.37741993775784,37.40167964312228,0.024259705364436
2.420409920164616,5.022495888952946,36.92007379418511,37.00801548692038,0.08794169273527075
9.29567642657338,-20.179392327673185,37.15266074222377,37.195360758570374,0.04270001634660048
14.67798886781349,-26.453464103699574,37.42231023946783,37.375259325232804,-0.047050914235029495
-11.441085011120116,-3.68460938611873,37.052655427796246,36.944329919062056,-0.10832550873418967
26.05093436205403,17.192751049222643,36.86554083698127,36.94804116208441,0.08250032510314043
-3.370721147732226,22.328909680388485,37.13215115365339,37.06122836552145,-0.07092278813193786
-19.73637175725387,12.21881353755883,37.16999291457566,37.12352348848266,-0.04646942609299742
0.08872672521714975,21.29684510579431,37.19732863437896,37.11320426858767,-0.08412436579128979
8.637213425703308,-6.383126406877643,37.016965973884616,37.053928335800144,0.03696236191552771
-28.647620419480916,-27.95059130741621,37.055240219429365,37.09369996062383,0.03845974119446538
19.60769595171989,-7.413501978577742,37.158714320472605,37.15399584613602,-0.004718474336584677
-18.056874866074217,16.264165438326337,37.04062256033998,37.04664205910366,0.006019498763677689
9.560045850076548,30.149100819842232,36.87865021943009,36.83691479227292,-0.041735427157171046
11.881758250668106,7.476261158047919,36.99536590219735,37.0157244391574,0.020358536960053186
-4.1397662617047715,-5.460657422549524,37.11057513225706,37.00049268270251,-0.11008244955455382
23.985373100242256,-4.094632148152201,37.17028913212898,37.16726893751949,-0.003020194609490545
-10.432302579864903,-19.754818586560276,37.18487588525568,37.15758279666474,-0.027293088590937487
3.1791376716885154,12.078172455913034,36.9385601257877,37.126344550676464,0.18778442488876124
-17.559371797015167,-9.747663903699944,36.94401387305236,36.99330890111654,0.04929502806417929
0.21866321741900663,-4.326658336359671,36.98967626173708,36.99177606307072,0.0020998013336424037
9.695869397964017,-5.983399951884223,37.059797259557925,37.06321441931132,0.003417159753396959
7.92747983927444,-4.483483134902613,36.99661641938293,37.03957426261849,0.042957843235555515
-11.794733524930948,24.90032608285741,36.805558324095415,36.94710259230342,0.14154426820800836
-25.17935265227991,11.178525180404876,37.11681559772485,37.09180992889079,-0.025005668834062078
23.836011317062734,-7.203922553113394,37.18286408271627,37.178051276061915,-0.004812806654356905
-18.97031119960105,25.753262324350693,36.824435864234985,36.896862707886044,0.07242684365105845
-18.99027162886466,-16.26469652726533,37.022006271565914,37.06949507054393,0.04748879897801572
5.915936217381557,-26.08149522746001,37.27567113190438,37.253836594769396,-0.02183453713498551
-1.0304605880181938,8.96541451310334,37.143331211102165,37.11979391009172,-0.02353730101044249
-20.356397313273312,5.486874747481558,37.038799425468305,37.09578425336987,0.05698482790156589
5.185169862786886,-0.2676034065043851,36.93468111396147,36.99582743075153,0.061146316790065214
-6.996685443770957,21.404341918958238,37.003424741360924,37.04529113662511,0.04186639526418645
-6.8417696557471785,-0.22707986517951895,36.9402831081847,36.91337798019109,-0.02690512799360789
2.1718816814160604,-2.4850554297913874,36.94411336370261,36.975832952322506,0.0317195886198931
26.523801564260147,-8.206228964938028,37.20317497178898,37.231811387877556,0.028636416088573924
20.700652447262883,-8.56489943165893,37.170462936590745,37.16473470599639,-0.005728230594357342
11.801502374096202,9.389526710140252,36.97225375751913,36.99354713029619,0.02129337277706611
21.493688683131722,19.576907003589348,36.8344493704642,36.89702808413911,0.06257871367490964
26.028401544545467,-20.44929629017026,37.383862699965086,37.42202537115362,0.038162671188537445
3.7578303812280254,25.762669364601912,36.78474097263046,36.9134765910854,0.12873561845493953
25.673804923449552,18.30393726201722,36.843019166091025,36.9318534116117,0.08883424552067254
12.944182111010605,27.539062956007918,36.87496972582419,36.82600558162418,-0.04896414420000639
-30.612568654789385,-23.922911899650067,37.12105556611441,37.00694800336467,-0.11410756274973721
-22.47158015303718,-30.696600124289603,37.08143169251406,37.15508620225459,0.07365450974052834
5.716910231592998,-0.3101184636481875,36.93783238467894,37.001403967223034,0.06357158254409256
8.043260901510024,6.696664305378306,37.01911122955987,37.010128850304284,-0.00898237925558476
-4.224684009606371,19.284360944709952,37.135062581492974,37.11683775106742,-0.01822483042555234
-25.25493773206511,-0.8799045191036825,36.68404605485957,36.75137285524323,0.06732680038366112
26.057349882361123,-3.277611534346285,37.17845316263002,37.17637797381267,-0.0020751888173506927
0.812053151563326,-2.470581862771965,36.95314963573201,36.97218375488991,0.019034119157900875
-0.5509365249369367,6.202136099897878,37.10600138130038,37.06215137199864,-0.04385000930174243
12.966012099403443,-18.24819017541168,37.15080491570631,37.182798569250025,0.031993653543715084
-29.083961819400272,-10.117080515290795,36.97788581985857,36.831994530425234,-0.14589128943333662
-12.26315062987549,1.485997880864133,36.843627855489224,36.94404927152458,0.1004214160353527
12.553999286966842,-17.064374481377243,37.103405989726994,37.16827688289852,0.06487089317152339
-26.016773130962534,28.23884770541695,36.811100639999,36.820643882829884,0.009543242830886811
31.045600911493324,-14.809694948648307,37.32855740308344,37.42255343765986,0.09399603457642058
26.91281926653504,-1.0005696917282307,37.17347893643525,37.17286494953487,-0.0006139869003831677
27.589437601424613,-1.140539674731123,37.17809878779016,37.17736496968861,-0.0007338181015512646
7.360270315687487,-7.737305623831446,36.968987985438666,37.04887254415503,0.07988455871636546
-20.812915329486273,-4.888605835896293,36.77127791943529,36.87416569372796,0.10288777429266815
-0.7890662141933475,-17.18768140228689,37.17859526210717,37.13681944301359,-0.04177581909357997
17.63537260739148,9.1568092937705,36.985563044635335,37.0087322066092,0.023169161973868313
-29.12073019466888,19.302635257900498,36.88169087061367,36.89792980545986,0.016238934846192876
4.632169491296388,-6.413124830094411,36.936523902076196,37.02681922926377,0.09029532718757594
-25.22189567760254,-0.2767597673560971,36.69756401319411,36.74267311796014,0.04510910476602703
23.737617394934112,2.5378513726547354,37.13122315671086,37.12111459569891,-0.010108561011946904
0.4703800612807143,2.6765619051246006,36.94240736347702,36.985119452091375,0.04271208861435838
16.64345278039562,12.782435622800087,36.917868928238796,36.9609833731962,0.043114444957403464
17.17878306672766,-20.253607448454375,37.271278158611636,37.27276646792967,0.001488309318034453
23.102486264512095,15.14021311775889,36.892871816077154,36.96210925920082,0.06923744312366864
-31.600296081065565,-15.648464494309607,37.02505741350763,36.87388926237402,-0.1511681511336107
-18.68746948079476,-13.768599932307517,36.975200214567536,37.038254944846884,0.06305473027934738
-9.403292647368893,-10.800369182659054,37.140232464160576,37.0566263183863,-0.08360614577427583
16.764644579983006,-6.851432360471492,37.13984437067319,37.13518515825917,-0.004659212414019009
16.85644958100648,14.612388547106484,36.90972635665478,36.94107589871249,0.03134954205771123
12.90293058669878,26.314482202669325,36.849348700556355,36.8343129005208,-0.015035800035555269
-9.711362688656138,14.056851264585276,37.12700503210222,37.15077412677204,0.023769094669823687
-0.3545286188729193,-26.444516052092872,37.304985097649016,37.242496157551045,-0.062488940097971124
-27.737826017147768,8.222954614275139,36.951226766568965,36.99446111385958,0.04323434729061404
-4.314698653253032,29.80495472309753,36.81246139416836,36.904963514147376,0.09250211997901658
-0.5449251461227718,-18.40837617605247,37.21553104269988,37.150918469499736,-0.06461257320014369
-30.96496823901836,-27.557960680069804,37.05692397645815,37.053754720193034,-0.003169256265117326
-4.083380965738172,-19.786277632677688,37.167693598202945,37.16349594972668,-0.0041976484762642485
6.422624609135724,-5.094106231934198,36.94603909458066,37.02653338657532,0.08049429199466118
-9.378697427289652,-3.6423055400800664,37.06526799130612,36.953354871199544,-0.11191312010657839
-4.6765647422970105,-11.248630598684898,37.09312262329482,37.06586117891053,-0.027261444384286904
18.103603293251403,-19.4373890837917,37.255317201097654,37.26697858017891,0.011661379081253642
-5.080874432924979,-18.045580426463445,37.147803709280204,37.14282271222221,-0.0049809970579914875
7.8183176334080144,8.71082723301361,37.0084385356044,37.00901982520765,0.0005812896032537651
-30.953211424751395,-14.635272234160688,37.013893183893735,36.86897288962229,-0.1449202942714436
-3.1413586985469095,13.946542455167155,37.27611437609263,37.21587959936508,-0.06023477672754751
-26.80661037798759,-10.293493207021719,36.95732892244199,36.86825270530155,-0.08907621714043756
25.389907786626395,-2.9770934786962044,37.17323904036038,37.17132980879154,-0.0019092315688382655
-0.827884963863319,-25.215181704017063,37.29353941108213,37.22809829253981,-0.06544111854231716
-24.636934673263077,27.27137863856295,36.84294913941478,36.843411154175044,0.000462014760266527
19.687941885818148,24.548119614843152,36.807962267207834,36.85401302550398,0.04605075829614691
-13.212732721776781,-11.014204826311072,37.10594472523608,37.04734355116627,-0.058601174069806916
28.143846711183187,27.954827542823693,36.93039087702646,36.81621631101285,-0.11417456601360954
12.081948677499547,16.350358648395172,36.985098444193056,36.934701262082505,-0.05039718211055089
-5.0774403910575785,-26.48666310878575,37.27149859490814,37.23884303252026,-0.032655562387880366
8.44849452887911,-27.19420578037016,37.33417739196861,37.31077637369042,-0.02340101827818586
25.08711484449718,-7.4852386611919925,37.19146364977259,37.19362874955906,0.002165099786473945
-14.547636334844519,-2.0806388703245133,36.95478427655918,36.90540765752347,-0.04937661903571211
-5.099211268092752,0.25317486363848474,36.95800707271487,36.92824026515533,-0.029766807559539643
7.665010329527185,15.569397234367685,36.95578964585291,36.9755186733911,0.01972902753819028
26.690052229393594,-8.753221524262067,37.206906022467116,37.24377716178916,0.03687113932204511
-10.681834645599338,-5.892961270953656,37.080336751277045,36.98142824940136,-0.0989085018756839
-18.885857477216625,2.7585566947560025,36.79824379192293,36.973499095613626,0.17525530369069742
9.050110156960464,-16.2973587481804,37.0527982534611,37.15057336303776,0.09777510957665925
-7.35037945384709,-29.9467067628172,37.28215300246316,37.24707823321327,-0.035074769249888504
6.191164634757001,-2.709205648952725,36.926342404107075,37.015232010900164,0.08888960679308866
-28.18278197973263,-6.390062619223194,36.88759092084736,36.792000313162845,-0.09559060768451388
-2.860792366025926,-8.271014753355708,37.062062600952785,37.03357959949915,-0.028483001453636803
-17.801891677598448,14.448404944001076,37.089007655279694,37.08972196103204,0.0007143057523464336
-23.655570014791017,5.10306107573647,36.96375856556088,37.031719553884585,0.0679609883237049
-18.58297698529133,9.36208150774273,37.234417829281355,37.21042380966376,-0.023994019617596507
15.766098146994523,-7.427736324702622,37.13600807981422,37.13047113609014,-0.005536943724081311
-0.6850927777962781,0.9433325886520976,36.93818549895442,36.970835053645416,0.03264955469099817
19.79981240809815,-25.46729607895795,37.40807501930598,37.4200737627471,0.01199874344111862
7.412814239973478,-20.10659014653462,37.136554715578434,37.18970779940676,0.0531530838283274
4.150103756104947,-26.118185102848635,37.268500946980296,37.249728996419925,-0.018771950560370954
-30.41102221044725,2.1994056486610063,36.66144898962767,36.76057958683424,0.09913059720656747
-26.527441271862834,9.70843497889809,37.019803858946496,37.08017849370107,0.06037463475457372
25.054716979615982,18.517630670754876,36.83687306178121,36.92636620028501,0.08949313850379781
-9.652727136551555,14.681203507555594,37.11005089927451,37.14541447709684,0.03536357782233068
-20.443822246211653,4.205074933062598,36.903564188468195,37.02872165044569,0.12515746197749422
-10.81980780140303,14.772476358658295,37.09699286241126,37.13316834852907,0.03617548611780563
-20.654529839343688,-6.554564567391125,36.80647377960023,36.90167493973139,0.09520116013116109
22.09863812767719,-19.688644119106996,37.32226904953982,37.33730879510176,0.015039745561942652
-30.921881420440833,9.493390082567124,36.91085577866889,36.85311687157679,-0.0577389070921015
-30.505500636524523,30.03522290516411,36.76249895251116,36.76608858658104,0.0035896340698826634
12.730302544426067,-7.2681503684163715,37.14442241668658,37.0989455210529,-0.04547689563368351
19.95707009973723,16.448028847351416,36.87247408745582,36.931322145525726,0.05884805806990556
-24.7066897282512,2.053588451440902,36.72245133528627,36.8548757476735,0.13242441238723046
-8.684242530545916,-11.112674964715673,37.13244473846669,37.06080796550941,-0.07163677295727666
24.90449721266974,12.843752429132245,36.94266622304945,37.00000602639859,0.05733980334913724
17.8551642652273,-7.388286393815278,37.14868349386717,37.143605164035016,-0.005078329832151951
31.55806556017575,24.879919343803593,36.94998654742194,36.87130890336908,-0.07867764405285982
16.280977004762335,-15.039484022498392,37.23872652643624,37.16304880498735,-0.07567772144889062
12.770197615370776,-0.942506575200774,37.089390822371634,37.075630787863595,-0.013760034508038643
24.72869448297599,17.295039346034606,36.85838997470952,36.94095834522329,0.0825683705137692
7.327618804103672,7.123305659409262,37.01088061695522,37.00195829864427,-0.008922318310951027
3.544365071160648,24.241320412410474,36.84374344600999,36.951588729909616,0.10784528389962844
26.016328028475364,-18.04835098430827,37.31551631284899,37.38271275223739,0.06719643938839681
28.02779554159715,29.66731496587075,36.890294795987494,36.80338262300513,-0.08691217298236609
18.674435311623583,25.20190214314148,36.83767798511916,36.85131438987964,0.01363640476048289
-11.525694906684379,-11.34587625745479,37.13548641807448,37.06028880078501,-0.07519761728946861
16.553028853834462,-6.0474382451441855,37.13455612065028,37.13092693793556,-0.0036291827147181266
30.805022527720276,-28.691650863195186,37.63358794148575,37.64414088651724,0.010552945031491845
-20.57052558434787,-10.928338645014769,36.90353248928732,36.96927244283931,0.06573995355199003
6.893608910992938,18.561575539674173,36.90460657523612,36.95574281453382,0.05113623929769773
-21.19589118560949,0.3961597473123035,36.75833857616533,36.815653013160734,0.05731443699540506
-3.7713799993428623,-24.17536643672561,37.262403688877555,37.21369483571833,-0.04870885315922635
9.012561274330515,13.858973042144711,36.9830303878164,36.9687273299477,-0.014303057868701785
-14.531320758880206,-15.481400775785303,37.14411173289613,37.10538602816054,-0.03872570473559023
18.457575839451053,27.702649358214643,36.924397503957564,36.83435851386838,-0.09003899008918381
-27.503054238527234,-13.38430680411384,37.03175103810592,36.90217390022569,-0.12957713788022573
-31.13814023964899,-21.559673325783095,37.09298740350684,36.965339122175465,-0.12764828133137485
-13.195458848184565,-26.284343612438725,37.25502234793563,37.188299468565894,-0.06672287936973476
16.370893850949372,7.6086101708940035,37.0097747887998,37.01920444627337,0.009429657473567943
22.65375030751725,-13.218394513186027,37.20279585154997,37.242182577265545,0.039386725715573334
5.854097728155104,16.244282381305652,36.913002791348816,37.028991282868,0.11598849151918245
