x,y,source_reference_height_m,native_height_m,difference_m
-10.286861355834859,-6.211632919940179,37.0899049531221,36.9690048304686,-0.12090012265350225
-20.031647597615446,-3.3168529445482733,36.74245708989575,36.9443683143881,0.2019112244923491
8.188229386262442,16.720211234426827,36.94326421698809,36.85007751419153,-0.09318670279655805
1.3124926600730618,-0.18094883152345886,36.91944875970512,36.95633144321183,0.03688268350671109
-13.44968046183304,-17.28140903309731,37.18324150727858,37.06494721821404,-0.11829428906454353
6.6497893686412795,-28.99697292137823,37.364062399986565,37.43110506837368,0.06704266838711703
-16.688210176673714,21.83967915187371,36.881427419857204,36.800417202458455,-0.08101021739874881
-26.239465816590396,29.694025137358878,36.7751210631364,36.74702993542373,-0.028091127712670527
-30.84400254020985,23.98483915840481,36.807575470678486,36.776634544755694,-0.030940925922791962
7.679517903303925,-18.21381149617492,37.09110268435286,37.28267070110385,0.19156801675098478
22.778757932154107,-9.897621470090549,37.18846101046246,37.30632869662432,0.11786768616185839
-2.8425557158610744,13.026850501734195,37.29250693019967,36.862812725333505,-0.4296942048661663
-10.5245007851249,22.837691278736692,36.8764186399957,36.79951236895297,-0.07690627104273062
-31.954366232675056,17.35955199274931,36.896767252296996,36.81436272545059,-0.08240452684640331
-22.81179507247723,14.367273306464305,37.12408645359372,36.83908758606238,-0.2849988675313426
-28.197976036391246,8.103707984489041,36.92869058974949,36.87130031474889,-0.0573902750005999
9.897260587953689,-27.642489543654428,37.367726144805935,37.44256948772485,0.0748433429189177
-10.887431225584557,8.227785262916584,37.2634200492556,36.88437151725668,-0.37904853199891875
-16.578475864876488,0.7482906369157902,36.84462379321297,36.9234278956769,0.0788041024639341
25.74436981135174,-14.336408076074676,37.249723697174886,37.40016006460821,0.150436367433322
-19.215424649167446,3.5331412526143637,36.86022584873163,36.905096119619806,0.04487027088817541
-9.708911205077158,-0.580965989670176,36.953511374867794,36.936649153792004,-0.016862221075790274
1.724131930798542,12.132004269627132,36.947926831804295,36.871667080248436,-0.07625975155585962
2.019133773831996,13.090580511209552,36.91923090398991,36.86631545768413,-0.052915446305782154
-25.312491439720226,15.982609027612277,37.01084580380743,36.82768046514492,-0.18316533866250495
-11.578806174449944,-28.340591455192595,37.261001711453986,37.24544458987611,-0.015557121577877808
-22.347282091662642,-1.2509144094685212,36.720094568145385,36.93048249512589,0.21038792698050202
13.515639117865476,-14.059402713908156,37.179115513687776,37.278007867592414,0.09889235390463824
-2.34044728459439,-6.151468686731228,37.088640578018826,37.008749752244505,-0.07989082577432072
-12.761682412435697,-26.51077508948797,37.254266406412825,37.20714701333177,-0.047119393081054284
11.723406049442602,-13.164159755538975,37.11343860685747,37.24755273607441,0.13411412921693966
15.146180097583887,25.18785751919077,36.825393470630736,36.80627163016123,-0.019121840469509266
-23.306042792826155,26.121949459770143,36.8759081944538,36.770186010454246,-0.10572218399955347
8.425322183185386,-30.40483071828651,37.42203185529016,37.468927968506215,0.046896113216057245
28.66187073091053,29.15681267778409,36.89345150954625,36.79391037935099,-0.0995411301952629
-9.982283438056008,20.958217062900893,36.93246496746218,36.81089825906558,-0.12156670839659967
-31.817171124190438,-29.486279419383372,37.00203775776715,37.0874954140015,0.08545765623435386
-4.6405549067625245,-19.483480736395414,37.15979067152255,37.18235326499738,0.022562593474830805
-11.878099607232457,-31.487733954392517,37.196579099210204,37.2887781931228,0.09219909391259762
22.033835833603824,-30.58695322596224,37.59512292869674,37.603010102774554,0.007887174077815473
-23.292188578956818,11.728253347019688,37.17677215673584,36.85408531068804,-0.3226868460477945
3.7943054198160056,-2.867469413609811,36.897746852041166,37.01975471872249,0.12200786668132224
22.57131028213132,-24.657266220508788,37.46877409958162,37.52110781252555,0.05233371294392697
-5.2678572678834,-17.68896462518645,37.146118539052566,37.149938921189424,0.0038203821368583135
-5.224615823750199,21.040450420353956,37.06704412197409,36.814210259159324,-0.25283386281476794
-4.929971596568514,-24.086828919584867,37.22777839738876,37.24717026152703,0.019391864138270876
30.580597566801735,17.61430845944679,36.87442689507369,36.977583739756305,0.10315684468261566
26.060961124602066,-8.566035763502803,37.202195734783885,37.318464806135886,0.11626907135200071
-7.299915297953838,23.670554583511176,36.95166300790901,36.79722792906492,-0.15443507884409513
-4.374997634615845,29.764486487739006,36.81054064284788,36.76404252594856,-0.04649811689932193
10.115475607431037,16.30736996240728,36.99998059342389,36.85401937906252,-0.1459612143613711
-9.83144313417965,27.969769355448307,36.73080660222083,36.77015425672773,0.03934765450689781
16.06211476635908,-24.15269179293299,37.367680869577676,37.450842456421356,0.08316158684367991
-6.69890489437455,5.816010752969262,37.225576877338604,36.90176537249265,-0.3238115048459562
-16.662949268075437,-22.376093842665178,37.19413495593967,37.10874727444428,-0.08538768149538356
-17.46549636413181,31.829358838144657,36.79762289744418,36.74157670060627,-0.056046196837911566
4.149454831306208,18.295253845134766,36.87809691491389,36.837679570502516,-0.04041734441137379
1.1853791783126724,18.918878413705542,37.16518315977396,36.831683010777844,-0.3335001489961158
-17.622428977800496,22.63098479615349,36.88993859070334,36.79506091864323,-0.09487767206010744
-12.729964195607216,26.19653673820065,36.75654678773681,36.7781791191043,0.021632331367491986
0.21337026215481814,-24.61439493391464,37.296499644840225,37.3045842821858,0.00808463734557563
-4.677870408035204,-14.689726583703155,37.119486328270426,37.11158467307055,-0.007901655199873403
13.450242295331833,-6.820065527427978,37.13159268382409,37.17104861459839,0.03945593077430232
-3.0971117465825273,0.4650950803594682,36.91874453865559,36.93582135681172,0.017076818156134266
-25.53138127501505,-23.261060656680797,37.152112794355716,37.05622304968619,-0.09588974466952749
31.621521948308278,4.490886091018282,37.12484227373568,37.18038543185152,0.055543158115838764
-12.131859703273726,28.42768056625514,36.73468540076548,36.76565234849875,0.030966947733269024
21.22996422064233,31.144604504705676,36.87585967107975,36.77640297960934,-0.09945669147041514
-3.3783279426928488,-1.8183819106657921,37.00213465858265,36.94890565199376,-0.05322900658888585
-28.397460668041525,25.96398048153126,36.80732647164807,36.76704944978623,-0.04027702186184001
-27.745978473441497,20.025292381247098,36.87634579126135,36.80218001624452,-0.07416577501683008
-13.194452776543102,-20.328657904818343,37.211932910140945,37.112168228353525,-0.09976468178741982
-18.84197462620409,-16.141864255045782,37.02219071949172,37.020062104081184,-0.002128615410533996
16.804171277796883,2.457488003870182,37.0977132542693,37.06717092384438,-0.030542330424921715
-6.767664761009193,-27.476121834471968,37.257284333366194,37.27920527659531,0.021920943229119416
-29.48754374630652,-9.230645000315945,36.96079917581388,36.971299466469624,0.010500290655741651
2.3518826932284966,4.286078956743246,36.93687256757269,36.917894352601394,-0.018978214971298257
-2.2722379542996762,-11.972386937112297,37.085875101318386,37.09490313539263,0.00902803407424102
1.3823304740842985,10.854625370656663,36.97580595992153,36.878839431108176,-0.0969665288133541
13.31324180384518,6.220059471555544,37.024222662191846,36.97819886767991,-0.04602379451193883
11.020773563694057,0.6430654913352996,37.0725521130191,37.03797432032043,-0.034577792698669896
6.6286120650808655,31.325956028842647,36.87618409870674,36.76371058775876,-0.11247351094797864
11.484533918826806,-28.59654643791012,37.44900457865869,37.471909306460475,0.022904727801787317
21.199006271677547,25.706439629132,36.87230172904344,36.8080726146592,-0.06422911438423995
-30.23583151943358,27.815873136335043,36.767835733006905,36.75479143613525,-0.013044296871655092
-2.6938403597829605,21.109802556365636,37.19247233749002,36.81582277793948,-0.37664955955053614
27.850092214421807,21.8742519210902,36.78444597994144,36.8886493778545,0.10420339791306077
14.774596880221871,-0.4671836057566807,37.09951597784053,37.09052896033419,-0.008987017506342454
30.266631761770583,-13.488669426907684,37.297420047405666,37.43137699515731,0.13395694775164202
-4.009993329662201,8.147476794262559,37.25798461011087,36.89032002337386,-0.36766458673700697
-16.6641040053431,8.780265274857229,37.284385400724084,36.87654830856571,-0.40783709215837405
-17.823553575951756,18.783255514517734,36.986050001201086,36.81732569469862,-0.16872430650246883
-18.05260754518836,27.6571508523164,36.78675494232816,36.76542499605127,-0.02132994627688589
-15.448451380524872,-11.980793949354627,37.06052061823498,36.998515080042225,-0.062005538192757115
-4.726376477942409,21.228439573496296,37.07962754396926,36.81351166935486,-0.2661158746143997
17.57822741430988,21.357742822408667,36.84852808589142,36.83053205508393,-0.01799603080748824
-31.21134701930962,-9.497809931728497,36.94617286080529,36.971482881352344,0.025310020547053114
8.242628576560577,-17.790069734328178,37.08445106688223,37.28188453141536,0.19743346453312682
-12.227745377146206,27.62418077477718,36.730947064138235,36.77025883682459,0.03931177268635366
8.971395441183475,-2.9506069009826987,37.049993394253256,37.07096707608711,0.020973681833851288
-31.446139798467833,12.93752968852479,36.9197848864536,36.84053981713216,-0.07924506932143771
-13.94427632802983,-2.276470389703107,36.97838071670908,36.94315570879109,-0.03522500791799388
1.8401679677497,1.0163628679159444,36.92932220189443,36.943841292316066,0.01451909042163635
13.815499305140534,-15.342572716582104,37.15687606406759,37.299749951940065,0.1428738878724758
10.785981736558888,12.141813431380648,37.003082804257005,36.878831072791556,-0.12425173146544921
25.74979610100393,-10.235329748906317,37.207675730009825,37.33997787428738,0.1323021442775527
-23.757577541301444,-1.9282848210194032,36.64318836572312,36.93330646536928,0.29011809964615765
12.963541342216153,19.544311597683183,36.93148220936417,36.83742363097683,-0.09405857838734022
19.386712157858298,1.3173254065407818,37.11873353811773,37.10885472236575,-0.009878815751982017
27.767193059052914,-25.86691473725414,37.5558123246515,37.5890472681799,0.03323494352839873
25.813845987992828,-4.568073118752871,37.18280406832626,37.25735852425324,0.07455445592697885
8.132607805507384,11.094246364838021,37.00289519360741,36.88282201724994,-0.12007317635746517
-19.221221068197885,-24.206077973055308,37.20218179950538,37.11092185428946,-0.09125994521592418
30.403404343650656,-22.998025812208887,37.49997801075235,37.57236637731019,0.07238836655783842
29.45287382983021,-23.40525642195786,37.50228090346427,37.5691690166168,0.06688811315252963
6.097342259842641,-22.651309249787047,37.190964904288926,37.33256856580285,0.14160366151392623
-8.679935676659667,15.581244641616514,37.09392499155553,36.84327373483074,-0.2506512567247938
-23.808554901187136,-30.123382491931082,37.067659254973215,37.15353582208565,0.08587656711243596
6.2211732330982485,-2.257948201708082,36.92537549773906,37.03423681824469,0.10886132050563191
-15.21509694367736,-23.568664283086143,37.23554793078129,37.14024397679544,-0.09530395398584801
25.58708828617948,22.26516298573435,36.78252563648002,36.86105573991045,0.0785301034304311
11.706902817377951,-14.447528478077324,37.104088695192175,37.26624285485207,0.16215415965989166
-0.260025602515249,-4.776383913667189,37.008174183978866,37.0086422665077,0.00046808252883323576
8.131611020074466,1.1514700688491786,37.03071720944258,37.00260865227637,-0.028108557166206083
22.39793015904256,14.748402193458972,36.897822159169344,36.940662855881826,0.042840696712481474
-4.42808727263332,28.593337675622614,36.7853136029608,36.77082582181388,-0.014487781146918621
21.630141158778613,12.648595963327637,36.93443760867117,36.96408979735308,0.029652188681914993
12.505994459470692,-5.009229941269297,37.11107222021505,37.135334073761655,0.02426185354660504
-20.770575208193925,6.937658793334634,37.1176553232575,36.88401490522606,-0.23364041803144175
-21.611555121290102,-13.335605101494515,36.9652416800684,37.00149986549487,0.03625818542646897
16.940311451933695,-2.9062382026333395,37.12317907135772,37.14726525605891,0.02408618470118995
20.776248174156237,-22.80401716238041,37.37778831719362,37.476554648504155,0.0987663313105358
28.029400890198296,5.731509001877967,37.088219403463704,37.12747736388089,0.03925796041718854
-7.822337283514344,9.334692406122798,37.25711236330494,36.880362820797764,-0.3767495425071772
-7.8949892977671965,13.088801066893573,37.170643829089094,36.858425511685354,-0.3122183174037403
17.35543827941212,22.489269850438234,36.83739964668189,36.82375983903182,-0.01363980765006545
5.8638713860202145,10.688190262569485,36.96956763921604,36.8833806636367,-0.08618697557933785
4.904612472515417,31.94667652189944,36.86813762272803,36.75871913895984,-0.10941848376818797
-13.836032135361044,6.863726445639443,37.246374280765686,36.889971756201135,-0.356402524564551
-24.954102609349448,21.793821762736442,36.932965541598755,36.794097582022225,-0.13886795957652964
29.27829377938356,3.2444569174878595,37.1394691924087,37.17606556333157,0.03659637092287227
-11.296962623642457,8.67875825871377,37.25838737201515,36.881416844932716,-0.3769705270824346
-18.02175273422843,-6.47825706688112,36.8703254759766,36.96439500775782,0.09406953178122279
-30.493565337485492,6.348174241349341,36.77150134696669,36.87970248712133,0.108201140154641
-18.289374113474565,-27.771753110958564,37.208845603373206,37.172290855033964,-0.03655474833924188
14.102849856450327,-20.85085183017278,37.26851759539984,37.38342753018201,0.11490993478216893
28.66848727640992,-27.320434083664615,37.60554809972752,37.61909895586666,0.013550856139140421
-22.521169935155108,-29.743990723779554,37.10167881010673,37.160394816569166,0.0587160064624328
-31.853656481636484,-2.600016457303745,36.72200098831417,36.93076983840642,0.20876885009224821
17.429867758229776,14.293172832685663,36.904183041236024,36.89937618456033,-0.0048068566756924724
-2.853404216300035,2.5965692969118095,37.07562737328227,36.923593063081576,-0.15203431020069758
-2.307216343728278,-11.650440269503044,37.08353950306261,37.0898367836392,0.006297280576589515
13.087560764855837,17.883169600925008,36.95520136572588,36.847203802154105,-0.1079975635717716
16.79455348087913,2.097629194570068,37.10010504966306,37.072363478254495,-0.027741571408562038
15.223310085400072,17.938411853731374,36.936872417587516,36.84858376863928,-0.08828864894823596
3.509162970162947,-26.834582551671083,37.299442022222344,37.3690182861583,0.06957626393595717
30.62267370861956,9.461104463984263,37.02772936946546,37.09774022118409,0.07001085171862798
30.82071967644098,-25.604709694353446,37.56995610325723,37.61468174801145,0.04472564475421592
6.880902074327757,7.896903759762175,37.02487112544597,36.90045907661562,-0.12441204883035084
30.489358824153115,-15.152406443824844,37.32621612233448,37.457963840789404,0.13174771845492472
7.292677294642665,-31.77688594851078,37.44774459366065,37.47814292749514,0.030398333834490643
16.86499938425473,-7.891196623522731,37.144754501258966,37.2197546007122,0.07500009945323427
15.387853064802755,24.175001081159976,36.8158223361816,36.81236726723488,-0.0034550689467138795
18.476500944040225,4.024224695687813,37.084969875464395,37.06030791202297,-0.02466196344142446
-5.814397254354915,-24.796281670431142,37.22513153592007,37.24905011354709,0.023918577627021875
-31.383681295277448,-23.186740353201458,37.11526413934348,37.05112635008882,-0.06413778925465863
5.498055818395713,-6.007104072581647,36.9525840047917,37.08231994256242,0.12973593777071812
-22.962839076005388,28.943408565154733,36.80872148787977,36.75401568456752,-0.0547058033122525
17.323276950391566,5.341492417718328,37.055804942733694,37.02982472316698,-0.025980219566712037
17.71454764013655,-10.794428433713165,37.16269208141456,37.270599268270225,0.10790718685566247
23.4479912049497,18.93914388117406,36.831242657509286,36.88925098931805,0.058008331808764524
19.311776517113053,26.24648218079252,36.881472698085716,36.803421292952144,-0.07805140513357145
28.460153612260356,-15.170240126408956,37.29908838903643,37.438631260175015,0.13954287113858754
22.61518872182109,-17.032068888442055,37.25205005824958,37.409536427894075,0.15748636964449503
13.677545031839962,-27.598345843952764,37.44741292316729,37.47842449879676,0.031011575629470656
30.10165737260983,5.596009192902962,37.09808302202367,37.1494777439835,0.05139472195983075
-9.05717276297981,-15.656170264799009,37.14891925447764,37.083491676271706,-0.06542757820593437
25.634015207616656,-20.186569905981877,37.37226554401978,37.48501870484265,0.11275316082286935
18.84734434383771,-18.3321886420442,37.226823143197706,37.39224868950021,0.16542554630250095
-31.955826044469582,-12.880625213324755,36.975564913210796,36.99060509494222,0.015040181731421853
-19.639429155740288,-2.235597135576171,36.809524060475624,36.9383791694473,0.12885510897167762
-24.263090330356995,31.21660242135526,36.7662847200613,36.739731088906034,-0.026553631155266544
16.103568035165146,2.1783850096049875,37.09553326588879,37.06450504901099,-0.03102821687780022
8.099125633154948,-3.954700546194225,37.00621545513668,37.077291846167384,0.07107639103070085
13.369921780001043,-17.833114400789626,37.15243119641882,37.33202717494973,0.17959597853091225
-2.163655749521716,-16.10140527358506,37.13610589075244,37.15659658912446,0.02049069837202211
28.945990844090886,29.777801236570284,36.86434590929801,36.790517588622,-0.07382832067600731
-21.744173462024555,13.46199257741786,37.13737361477335,36.845214436282184,-0.29215917849116835
-15.123672255635661,-1.7332493348973514,36.93132875608114,36.93904991745124,0.007721161370099594
19.11549018334867,-29.332746276733168,37.47773282149599,37.55640866302248,0.07867584152648988
5.230226861172703,-18.40822943431992,37.17380013051664,37.26187524794477,0.0880751174281329
-1.7639578002208225,26.06733752811852,36.81714196786266,36.787670644596886,-0.029471323265774174
8.995122213743187,20.445222076372076,36.90002973271417,36.82901067810022,-0.07101905461394864
21.052154823077437,-5.474353807959403,37.15868346168112,37.22468944156474,0.06600597988362011
-4.422246007922169,17.4223009669074,37.164598162805014,36.83593667488968,-0.32866148791533334
4.19107813420537,-18.13203488379571,37.229963141144445,37.24778436058917,0.01782121944472692
19.69119845239817,31.5177739897063,36.84585011483372,36.773001897233,-0.07284821760072191
-4.809615689032839,-18.01205470150537,37.145957402148795,37.15910920193114,0.013151799782342266
25.832929909757205,-11.12389196030098,37.212494039621134,37.353831392608015,0.14133735298688066
-7.476675078575553,-23.415664079590016,37.20098703634665,37.21272092244148,0.011733886094823731
-30.628759716268718,4.932849033577611,36.70638717125028,36.887843446327274,0.18145627507699658
15.978172155004842,16.715531266973578,36.92180844058504,36.85631240027069,-0.06549604031435052
24.12625452062833,-12.06405062897533,37.20607905012919,37.351159888827894,0.14508083869870347
-7.826146497928207,15.418896623435344,37.10741858165709,36.844900282626,-0.26251829903109325
28.97033642247351,29.141025899782058,36.884411989357105,36.794248195264494,-0.09016379409261077
-27.79462145125118,31.686764586518166,36.74283802942429,36.73417673617523,-0.008661293249062396
19.228949713664456,-2.841695221007555,37.13658297587759,37.16841694423112,0.03183396835353136
28.181897054806974,27.10041244059955,36.94794521478836,36.815094135714176,-0.13285107907418592
-28.144798084113695,-22.43679590489264,37.1618607488232,37.049336565159926,-0.11252418366327532
-17.080891760220396,14.50581166530938,37.11427647280563,36.842846980766694,-0.2714294920389335
-24.416477976539234,-23.497970710617437,37.192041356758644,37.05849222966026,-0.13354912709838374
10.099861904895135,17.50435800313454,36.97646628241277,36.84703074096845,-0.12943554144432312
-0.5925365467602504,-25.60716839486107,37.29769551855666,37.311383604769865,0.013688086213207384
18.45798223972963,-31.260879075469703,37.520168365325404,37.578379052423344,0.058210687097940195
30.5148630557169,-15.155094601098028,37.326610919272085,37.45824959833539,0.1316386790633075
13.197272067355556,-11.863719942893184,37.16317536623065,37.24268454506164,0.07950917883099606
25.651181568846873,10.305470075275707,36.9933486876933,37.03733263029356,0.043983942600263504
-31.566603870416493,14.668172640289768,36.91079247392267,36.83035741887157,-0.08043505505109749
29.332052139752506,10.738740838121217,36.99895982691636,37.06651237241458,0.06755254549821643
15.27023694481187,18.289866453837398,36.9308719891452,36.84657284213913,-0.084299147006071
-8.102428288091424,19.64942939271159,37.002493702370145,36.82002404677853,-0.18246965559161765
11.163086696046506,24.176742922272062,36.82984465029954,36.80899050486704,-0.020854145432501525
-10.641406943815554,24.5360647676955,36.832610165462334,36.78952087636742,-0.04308928909491527
-14.393694331888803,22.668152792699857,36.847164821484775,36.797417196834324,-0.04974762465045046
-0.36445643308417885,-7.475712567622573,37.07779202996217,37.047280245904986,-0.030511784057182467
-9.780388554891388,-0.777592789938069,36.961461623723196,36.93773816084918,-0.023723462874016832
-23.108558827622588,6.539179106997274,37.07944510241984,36.884474213951265,-0.1949708884685748
-14.592592052696865,-8.105047222268531,37.02481625487277,36.97660875655029,-0.04820749832247628
26.072622198679248,-9.75265491556938,37.207446173572365,37.33600587717842,0.12855970360605795
-19.051347426641975,-7.928466728239762,36.858410231634544,36.97202655266992,0.11361632103537289
-30.891560769118215,-0.07516467532472149,36.634813617656675,36.91682135663549,0.2820077389788125
9.583282876118986,4.101323898880416,37.045913715469965,36.973300380507716,-0.07261333496224864
-14.974708488472025,-28.17453937362913,37.26851646594208,37.21021401820837,-0.05830244773370907
-6.289147503563235,-12.0544737018187,37.10782635353092,37.05732050191418,-0.05050585161674093
1.1812589268209166,19.67158960509883,37.17364261194007,36.827292832540095,-0.34634977939997214
-13.661275567755595,24.166368793303995,36.80108250321764,36.789269052908466,-0.011813450309176687
-6.076400002168164,-28.89803536746841,37.28596798390659,37.30676465693875,0.020796673032165813
-0.7134872334193929,21.015496562388726,37.203615462594875,36.8179504989582,-0.38566496363667824
-25.75537872591319,-5.060261107479306,36.83039072905943,36.949968016844814,0.11957728778538268
15.010210810636785,-17.47226361785126,37.18231295830601,37.3425662200274,0.16025326172139387
-8.151486417520239,-23.400718457221892,37.204714227690744,37.205985261621265,0.0012710339305215257
-18.851090569624567,-18.901636554409862,37.08242110537565,37.036586943579955,-0.045834161795696104
-3.031347936865423,6.08662225306184,37.189190186387115,36.90311079929418,-0.2860793870929328
-29.581258451641432,-16.470705085566983,37.06007049565645,37.01342076274816,-0.04664973290828556
9.982526503682955,30.422584842909473,36.88122955150205,36.77164819852004,-0.10958135298201199
29.34793451921005,22.276940057815033,36.79837359563835,36.897198435601965,0.09882483996361202
-8.38931788502655,-19.738828590881553,37.178739241835416,37.14990469410128,-0.028834547734135185
-12.848011837596573,21.55769282562354,36.886584506382945,36.80512081206758,-0.08146369431536726
26.293991820032524,-4.936063488345205,37.18744517656758,37.26739979099726,0.07995461442968121
17.409204184935632,-21.249126321073945,37.30000082884358,37.42120417075155,0.12120334190797166
-11.793515991547395,-12.757214646084272,37.148002373873226,37.01449045132098,-0.13351192255224476
27.511508985365417,1.0909155496361294,37.16702144937165,37.19063518650465,0.023613737132997414
-30.37788865000875,21.300834960400024,36.864491292051305,36.79264869122844,-0.07184260082286187
28.050214168192618,30.72349921055303,36.84269331289387,36.784292120578776,-0.05840119231509533
14.988745658049773,18.022735425201333,36.94053477725296,36.847905401796254,-0.09262937545670269
-20.666966237229722,-25.05308124848728,37.22386985933353,37.10940173810891,-0.11446812122462546
-31.84400573846319,28.03219555533733,36.774194125986966,36.75224916820621,-0.021944957780753782
-24.017537925172228,-30.619158527063618,37.059136504675394,37.1587995402763,0.09966303560090495
30.40519788853222,-2.3736369729419025,37.20014781325954,37.26946298515122,0.0693151718916809
-23.745415262983556,-20.457570548231963,37.14601091678237,37.04130715056372,-0.1047037662186554
25.39057216951756,-4.616381660111102,37.18065909864243,37.25398081814479,0.07332171950235988
1.7669870054706323,17.049401731300556,37.07321029079503,36.84304202330475,-0.23016826749028496
-7.124661101438058,30.45678199116759,36.83075499535967,36.75781660314252,-0.07293839221714649
-25.938029617504284,-2.86413541918197,36.70397993314037,36.93702317188847,0.2330432387481025
-22.473418041664935,-16.692215142728124,37.048436517182445,37.02037581137676,-0.02806070580568587
17.959594096947967,-30.6425678489568,37.5088722225131,37.56448504578021,0.055612823267111366
9.337817211653942,-10.47132176600541,37.030556504933486,37.184965835888235,0.15440933095474918
-2.6410097109565953,6.271481535852544,37.177337899410006,36.90234446706044,-0.27499343234956797
-12.464495175677833,7.457751108329582,37.26042818171971,36.88760264972865,-0.3728255319910616
-7.486551080046176,1.6163544565202486,36.90460933370779,36.92561383879118,0.0210045050833898
-12.071516899787312,-25.45535472321197,37.2426150207537,37.1983099374336,-0.04430508332010419
29.192949393333755,-11.434589291802986,37.245572563362465,37.39083994780273,0.14526738444026677
-13.298237068903262,21.852314895859244,36.87206509507594,36.80304494458329,-0.06902015049264776
-3.4086770694661084,-9.03111122120498,37.07067084549401,37.040729408109414,-0.029941437384593428
-26.29300999393007,16.02867896940024,36.92615580362027,36.826630613042546,-0.09952519057772236
-21.9874695528811,-29.30412261301211,37.120436095711696,37.159087798008606,0.03865170229691017
26.856820668018848,2.384295037420685,37.14712563991784,37.16531684121344,0.01819120129560048
5.150319503845182,29.84469089399434,36.84293652292746,36.77116557173807,-0.07177095118939292
21.424890829910396,-15.94049735732451,37.21614981192979,37.38201015701202,0.1658603450822298
16.717705109510284,-3.156132187496837,37.1229309873393,37.14878603146757,0.025855044128270777
9.12974913368884,15.12473403090518,36.974611900122866,36.86012642831704,-0.11448547180582835
2.575022319811197,7.922026783692317,36.96997545103622,36.89688140856239,-0.07309404247382645
22.754762839453242,-16.91970913298956,37.25112402035387,37.40923390655925,0.1581098862053807
19.201828226345853,-17.72149260894868,37.218236843182574,37.386702076504584,0.16846523332201002
21.036015507249573,4.709420811089238,37.08165513160022,37.074959406579005,-0.006695725021216958
-17.652988658610518,-18.393824393294842,37.09053477733941,37.040697624041805,-0.0498371532976023
10.423740776947213,24.800521179184685,36.81130212403378,36.80476588093419,-0.006536243099589001
-26.74276285127292,-7.822059299576843,36.902255798506665,36.965277300208236,0.06302150170157006
5.039092595073974,-1.6194610636233122,36.89844549806763,37.01344457224315,0.1149990741755218
30.0982124888044,-11.307300050738185,37.25698781774551,37.39771183384023,0.14072401609472251
16.5986684814025,-11.332498231761228,37.16786939635135,37.26772696030253,0.09985756395118273
-14.327908577812629,-1.2906216525005831,36.95177997480775,36.937104352170536,-0.014675622637213337
-4.364727600809097,-26.0076198230702,37.275054646971036,37.280840015256025,0.005785368284989545
-21.707438357797052,2.5683604759226384,36.7586058843689,36.908733159159894,0.15012727479099652
15.240216779980464,-22.10625519735207,37.30731084848399,37.412848966492795,0.10553811800880197
18.07026036698968,29.016633854550626,36.92745586734306,36.7862871695464,-0.1411686977966653
17.313227866027944,-30.611054934121903,37.52571122259684,37.55778072592625,0.032069503329410054
19.597716985547116,2.273852366946585,37.114231317968105,37.09684324800216,-0.01738806996594633
5.897861912979501,-17.100915452958617,37.136623206018115,37.24912092481253,0.11249771879441539
-5.965384368476478,13.698135658522688,37.1818322321763,36.85641188744654,-0.325420344729757
-8.837461453974768,-14.638000383442517,37.14049170521057,37.07065889346686,-0.06983281174370859
29.47688979454923,-16.101269477184466,37.32724859850198,37.46212361252476,0.13487501402278212
5.571123342966146,22.76895056656396,36.83923440195273,36.81273919889317,-0.02649520305956088
14.040976385641017,-6.758271327419017,37.123269223492585,37.17584528834531,0.05257606485272248
-29.013680333873367,-27.387243235932786,37.104710044736954,37.077496000468365,-0.027214044268589532
-6.386946441524657,5.392695484245962,37.213683339868325,36.90448109868529,-0.3092022411830371
-21.19675793094556,10.28774730798446,37.24136219366369,36.864150556244425,-0.3772116374192649
17.199502300450533,30.133978064497178,36.87365569897441,36.779081262488525,-0.09457443648588537
1.1201609485119945,-17.97620398070371,37.25250043581222,37.21584205012565,-0.03665838568657165
0.02339622408666031,8.502888027051576,37.09589848339261,36.89146274958341,-0.20443573380919844
-11.492172836622778,26.531775324757525,36.769680989621946,36.77721167170621,0.00753068208426555
-9.746477664993918,-23.757864114316675,37.21678501135562,37.19582920422643,-0.020955807129190873
10.40232508615695,13.8371138072892,37.01449806993151,36.86864492389492,-0.14585314603659327
18.461837309426727,-18.557174770430912,37.23188544534025,37.39183062095985,0.15994517561960464
1.6812097864461748,26.07101783695233,36.79324426631178,36.79039456321759,-0.00284970309419208
-8.879801944442562,27.68175403840644,36.75506129813263,36.77259118507044,0.017529886937808214
-0.27097084273950145,28.917555881243146,36.82082707076306,36.77224893973933,-0.04857813102373143
-16.09263943611849,13.102572436075086,37.150749482318865,36.85181274797034,-0.29893673434852275
-29.39106459550142,8.568124734472903,36.91957731547396,36.86764289343236,-0.05193442204159737
30.985487636006354,28.159832187584335,36.94297248751012,36.82660607973004,-0.11636640778007745
0.08192297192680797,-18.895591929705525,37.24915373513654,37.219320075165214,-0.02983365997132381
-29.761229850729727,1.958968123524805,36.6655179349271,36.90586690886778,0.24034897394067656
-17.402961613757384,-27.622240300151745,37.219318335937714,37.178654306325626,-0.04066402961208837
-28.829750389129025,20.67666729674103,36.87433113947586,36.79752009106985,-0.07681104840601449
-16.65803801909918,-7.976645483618547,36.946254560483496,36.974214512912745,0.027959952429249313
-11.213342132020735,8.009769420428896,37.268350892321806,36.88538243058511,-0.3829684617366951
-9.373228210750746,27.547911689513832,36.75594470286977,36.77297803595411,0.01703333308434196
9.004331517508085,14.96345549994983,36.9696064557088,36.860966437592374,-0.1086400181164251
14.17111932147894,19.680083288007154,36.91439496922664,36.83759462529639,-0.07680034393025181
19.260089293359897,20.43393402789897,36.86627220710488,36.83725636189929,-0.029015845205584867
-15.51663538486956,9.122481322624374,37.23761342041009,36.87546821971926,-0.3621452006908328
4.012913850788159,4.009709170806829,36.95626944011132,36.92085709592545,-0.0354123441858718
-27.082408245362096,-19.970536129379504,37.09754996376422,37.03580948680852,-0.0617404769557055
-0.9811222834888795,9.101651579680407,37.1439661774165,36.88717260506752,-0.2567935723489825
19.86243371125036,16.82764143681421,36.871903536935505,36.88564064192106,0.013737104985551696
30.528007364003066,17.385955764079753,36.8784548592533,36.980429845823735,0.10197498657043269
23.768528165803133,-17.100644897815656,37.26688470477879,37.4216805720377,0.1547958672589118
-9.4846042797518,27.626031826261745,36.75119187414495,36.77243398922714,0.021242115082188207
17.84192752460362,10.134463692463676,36.96781326132262,36.964436177176395,-0.003377084146222842
-21.588807705502084,-10.106120109138942,36.89339974865308,36.98269615012075,0.0892964014676707
23.124412692858733,-10.86549385860058,37.195073561151474,37.323882051113614,0.12880848996213956
-14.095171313481934,-7.509883688639562,37.032702582042596,36.97353645123242,-0.0591661308101763
-17.30697110779056,-19.84054993434421,37.12818824830489,37.06528763740108,-0.06290061090381016
13.900110287926871,-16.416954286107682,37.125181178003075,37.316346956045,0.19116577804192758
-5.388980669589557,-21.968210363139313,37.18587900191017,37.211620745117884,0.0257417432077105
-4.137993596533924,-23.499631027317207,37.23862577663671,37.24619333004719,0.007567553410481764
-4.255145429628641,-26.47292481053438,37.280217618204304,37.28873233509987,0.008514716895568597
-8.382828065302647,17.981493562847007,37.03188889593321,36.82952154171449,-0.20236735421871543
2.4717472222021115,-29.866825035397746,37.35903426906917,37.403536801821794,0.044502532752623836
-20.511089687568962,-26.698470498552723,37.26108645100834,37.1350735756519,-0.12601287535643735
18.099943834165423,27.867386441031144,36.929953579328455,36.79300878114122,-0.13694479818723693
16.760086430939253,7.927108482321586,37.00537045327047,36.98641017876466,-0.018960274505815278
28.25647298665497,-26.05577576700344,37.56612628871089,37.59654577385525,0.030419485144356884
-18.12249815077297,-13.833956222535974,36.99500943851786,37.007184660395566,0.0121752218777047
-6.759012985286589,-11.129270378837454,37.10369978778411,37.03919443955,-0.06450534823410692
-18.18409194580861,-30.54994832467314,37.13758887642501,37.21411222816692,0.07652335174190483
4.533435420200384,29.362754618553026,36.82986402815692,36.773482777089214,-0.05638125106770531
16.61993434060976,1.2297449246164547,37.10279992689812,37.08342436239621,-0.0193755645019138
17.70322139305538,22.64206189549011,36.83061327241014,36.82314648756294,-0.007466784847203201
27.979041440454097,0.5462673741615447,37.17268960562787,37.20314931685139,0.03045971122351432
-26.196023505129254,-9.743742188864886,36.93851887109076,36.97691279121383,0.0383939201230703
-22.43184833437701,11.770006247492702,37.18112882023158,36.85452755319737,-0.32660126703420644
-8.237938557056594,-5.795064386598057,37.10110414296147,36.968209752340485,-0.13289439062098296
23.369522524744923,-23.464788432840813,37.442708721759544,37.51130103198692,0.06859231022737333
-31.065207416710834,26.042551104525636,36.78794139430134,36.764465669683744,-0.023475724617597393
-9.18496113137602,17.5462577999101,37.03485368584947,36.831418950358334,-0.2034347354911361
26.42809253212951,-7.136726770759722,37.198115600340145,37.30101694295891,0.1029013426187646
-14.080762452367097,-7.251854543850094,37.02860551945709,36.972044107184146,-0.056561412272941425
-24.494055870236167,22.375623903744604,36.940892498791,36.7910733661644,-0.14981913262660385
27.074597806666922,22.17217970719914,36.78253794674774,36.876785195621146,0.0942472488734083
-9.779909279174504,9.186293021484914,37.261804911010074,36.87966777077732,-0.38213714023275713
0.8348349201890315,-31.252461921103944,37.32492550880815,37.40808190916429,0.08315640035613825
-7.872762605148331,15.54167120794515,37.10353017172128,36.84414758979022,-0.2593825819310638
-29.619432598336743,-29.811564475257434,37.02622565280695,37.09284470720265,0.06661905439570148
-26.538932361170936,-13.063086032181168,37.015316383656334,36.995985086556,-0.019331297100336542
-22.420189742167437,-11.345555535507643,36.93022402187226,36.98925722715459,0.059033205282325696
-23.248400426581597,-18.273301513262297,37.091993704105406,37.02897301629205,-0.06302068781335635
28.225076574605275,19.631666437057753,36.82781589983854,36.92520829487925,0.09739239504070696
3.5695256950789656,-11.101733903397474,37.141920185226084,37.13852494919926,-0.0033952360268258985
23.808788972503585,4.539781765345673,37.094979837186955,37.104225573837226,0.009245736650271397
-1.7754250905279605,30.558452090293926,36.87144113504249,36.76148672954224,-0.10995440550024682
31.386621862545688,-1.7747732495689377,37.20333182201493,37.270144049463255,0.06681222744832382
16.889406819044268,10.176388700273755,36.96322545641754,36.95462262556113,-0.008602830856411003
17.69787980556579,-17.274789509786935,37.19478229412138,37.36561862279749,0.17083632867610987
15.763207069836149,-28.393112512313515,37.48119344742969,37.51023730829271,0.029043860863019688
14.352489057196124,10.678536123131934,36.94847224614173,36.92275022315005,-0.0257220229916868
-5.14782024514507,-8.098889074303493,37.07357781485352,37.010243794036654,-0.06333402081686756
23.991052413358183,25.56615464912815,36.904331407705726,36.811115124827445,-0.09321628287828077
-21.00256521695932,0.6914757684444481,36.757079980159006,36.920233573629766,0.16315359347075997
4.855343452807176,-21.82020855427988,37.20162730921283,37.308368723357155,0.1067414141443237
-5.101085900089892,-11.516665146309485,37.097221712739255,37.06089365861367,-0.036328054125583265
-28.996946142112776,29.019679487541495,36.75020141323734,36.74876273902967,-0.0014386742076695214
-14.272274632687385,-14.191798264488774,37.130210727825755,37.0123383554123,-0.11787237241345849
-28.45767565054375,-15.586913860345959,37.048595617808225,37.0091652720583,-0.03943034574992765
-5.879910569291091,-10.961194961002931,37.09800679046225,37.04521466455501,-0.052792125907238585
-30.17369285017736,11.724256844099997,36.92460081174154,36.84862490409049,-0.07597590765104911
-22.116621258775332,-7.097753301033599,36.83343491507,36.964742410892,0.13130749582199996
-24.988721975053103,-24.915665544365346,37.16856850614816,37.066298725426876,-0.10226978072128645
28.58460322295163,-4.290292439044428,37.19795984097059,37.28003374507009,0.08207390409950222
-19.890085311286448,5.102301973342271,37.032524116173875,36.89541323457918,-0.13711088159469398
3.8414494677684488,-16.052295395261396,37.24607886123718,37.21386208504104,-0.03221677619613672
-6.242316496650361,28.393986445491144,36.765793870808835,36.770541951789106,0.004748080980270686
7.03137869950428,29.520282127575825,36.84333594960387,36.77455523562639,-0.06878071397748187
16.50763637525936,8.86413217465249,36.98661143568307,36.970209922433384,-0.01640151324968997
-14.968088009766653,-26.107738146853798,37.25548035708988,37.17992180418761,-0.07555855290227242
18.492799926120014,27.21752872032362,36.908596503873774,36.79710929036799,-0.11148721350578228
-21.69555109625753,-14.432089202406395,36.99059368443967,37.007823377602946,0.01722969316327294
-22.158223947789686,7.105623171512285,37.1173828504096,36.88193020524513,-0.2354526451644645
-28.55816256596735,22.787565064661344,36.862272533996425,36.78543393656276,-0.07683859743366384
-18.264014733698552,-5.829868367414086,36.850338629248796,36.96042306483792,0.11008443558912262
20.15334071975738,-9.861520842801745,37.1732279158672,37.28044678370381,0.1072188678366075
-11.767105084359976,20.431045853747506,36.930026075112934,36.81254839901953,-0.11747767609340087
26.29959582013599,-2.180710977994835,37.17470167391299,37.22698466462749,0.05228299071449527
-19.208682587506686,11.39712701880699,37.17897628540245,36.8592692001566,-0.31970708524585234
-24.3230407275926,31.45245054530318,36.7637088130726,36.738308763585856,-0.02540004948674124
23.62634174606753,-25.057264956615946,37.49086748694612,37.537170441535764,0.04630295458964184
19.675854292857387,22.14345651041235,36.81935884083453,36.82762436391487,0.008265523080339676
25.433305336921016,20.61173170993567,36.805035125335195,36.883855545169965,0.07882041983476995
-0.9814367926242156,3.7634771831477636,37.11464632869563,36.91828390209785,-0.19636242659777992
10.526074866187479,-31.376526808000584,37.51215638326198,37.50348514791913,-0.008671235342852412
-10.727128235405026,-19.333863036041237,37.18369831613704,37.12138228131872,-0.06231603481831627
19.7536594849877,10.110000686451365,36.974951942657896,36.98325563931966,0.008303696661762672
10.644603069896782,16.531939409285407,36.99855970969509,36.85313220870158,-0.145427500993506
21.055516201808572,15.47193535958283,36.87925528394116,36.91707327772984,0.03781799378867845
4.313239347597481,-14.222183709615571,37.228901485188686,37.19153804068522,-0.03736344450346962
-1.7405533519678045,30.42318531533632,36.86542831621891,36.762302869631704,-0.10312544658720668
-2.007338656889303,29.712357674856776,36.8373215192798,36.766233067434015,-0.07108845184578172
-31.982098456290622,-11.908070822248035,36.95671416649579,36.98491599055355,0.02820182405775995
-2.636802569174158,25.74346233809819,36.848468144010866,36.78886268151346,-0.05960546249740872
10.417770199515964,14.649528402087412,37.01275360314425,36.86392237790932,-0.14883122523492887
26.819006471077763,-23.201293702516168,37.47002735400094,37.54074003249205,0.07071267849111251
25.396928575424994,21.588711669760613,36.79256607937506,36.869154888906834,0.07658880953177771
16.923871903707862,-29.71571232918901,37.516466615801455,37.54087066290514,0.02440404710368682
5.337576360389363,-15.548467877134364,37.17579247148487,37.22090909367542,0.04511662219054813
-13.148369029551127,13.61186282982365,37.10693849630884,36.85119075537451,-0.25574774093433206
25.729524139416597,-19.109253242234892,37.34243348587542,37.47011787446656,0.12768438859114184
-23.750159080142453,-8.810692089954678,36.889836356158824,36.973423906819775,0.08358755066095114
14.482518175222069,-19.22164817651818,37.22602858914088,37.3631647737221,0.13713618458121601
7.138412243187815,-21.336905286832653,37.16543686390713,37.32331608962364,0.15787922571650626
-18.490126909687703,-2.624383049463802,36.825329082130786,36.94156091257899,0.11623183044820706
15.235706779563579,22.501077809386203,36.85899619754785,36.82200185973213,-0.03699433781572026
19.76821022651319,-20.57624959927582,37.296016984099516,37.43410044598913,0.1380834618896145
-8.455733128312012,9.956528515341475,37.25250521708517,36.8762339449099,-0.37627127217527345
-28.315153241021925,13.077649736453715,36.914243093466965,36.84221818489079,-0.07202490857617505
11.689996643742319,-19.76223676598027,37.165508871687756,37.34413938259147,0.17863051090371584
29.27581696624882,22.625609069235267,36.8040329182757,36.89138097437595,0.08734805610024665
-1.1266871981786508,-0.4270098397523512,36.94602233840917,36.94259083786125,-0.003431500547918631
-5.932942694376621,9.589917586884802,37.2477417095998,36.880380947854356,-0.3673607617454451
16.98941010163179,15.640322298307154,36.89759208850667,36.87533675753749,-0.02225533096918042
15.769630174005627,-22.123819639755986,37.3109598314046,37.41821909232666,0.1072592609220564
-10.020481856464926,5.710926251433172,37.18200177524757,36.899730936461495,-0.28227083878607573
-8.300637893129341,-11.47053401933173,37.121517997964,37.029320433753405,-0.09219756421059344
11.729068662181184,1.774003310008034,37.0715038923948,37.02820314565344,-0.043300746741358864
14.385116931867216,13.190171311281524,36.93899652735592,36.8861756442389,-0.05282088311702182
4.999978054671402,-19.82463508909229,37.2105467013715,37.28045536596146,0.06990866458995981
1.6185640597129947,0.15594237503552932,36.92087170065352,36.954338855568274,0.03346715491475294
4.882475549339354,4.111708409192758,36.97165899501059,36.927755687263286,-0.043903307747307
-1.4133200098822556,28.23685154795605,36.79900489468805,36.77530586018919,-0.023699034498861238
-21.861140425653005,-6.850230399243344,36.82504004485658,36.96350340276889,0.13846335791231468
-3.9170513393476654,-0.008315511281026033,36.912935658361164,36.93792706355314,0.024991405191975957
-14.774711946089589,16.869140456878448,37.01110590207854,36.83091094219271,-0.18019495988583145
26.25530161384207,8.539129291593973,37.02877735092241,37.069109294738375,0.040331943815964166
-30.49315802753363,17.602385745072723,36.89317507676723,36.814111860276306,-0.07906321649092263
2.140195737100896,-19.68583040868146,37.27399051032395,37.25080189921389,-0.023188611110057877
19.413987691841818,-12.412106774644649,37.180131922324634,37.31076913690194,0.13063721457730537
-31.919484621077252,-14.17218298689523,36.99904542710336,36.99816141466307,-0.0008840124402880178
0.1223332126026051,-2.068754913752869,36.96094428442048,36.972566117879936,0.011621833459457775
-4.627472248250207,-12.675247626335612,37.1028635713178,37.082483670614636,-0.02037990070316198
-1.5912920604476213,-14.426498475961651,37.117198387530685,37.13752328240699,0.02032489487630329
16.64752223532635,-31.92384376059259,37.5669866446626,37.57063409181857,0.003647447155969985
13.702082683290712,-9.087915412596118,37.16518328123081,37.20678949353303,0.04160621230222006
28.091375063669382,23.410559429034365,36.82059521707284,36.868414748844614,0.047819531771772006
-2.6894403708355483,-6.950561343392749,37.07359118498151,37.0171164611502,-0.05647472383130747
-13.323723722485255,5.944270823622581,37.15215082888843,36.895738704264716,-0.256412124623715
-12.337468263030523,24.711137038155066,36.80417100457801,36.7871489844274,-0.017022020150612605
7.174254442886301,17.856077426811282,36.91388111489718,36.84264953275604,-0.071231582141138
-26.46919000252207,21.749657808735456,36.86483726655345,36.7931476398002,-0.07168962675324764
-11.408093659588097,-3.4796690918627533,37.044366809470745,36.95218912179103,-0.09217768767971535
-15.531642130529256,-21.627812899014017,37.21090905550221,37.10868108263134,-0.10222797287087104
-24.659026127626277,15.215874544217357,37.0697306336272,36.832669819726526,-0.23706081390067624
-16.728630576550202,19.7595657808469,36.945602184956655,36.812508153192816,-0.13309403176383938
2.18565517402309,2.4169791266441294,36.90073126187865,36.928655237494326,0.027923975615678387
-3.3597678046637753,8.919024104217513,37.18361900718524,36.88634149767327,-0.2972775095119715
9.925649824197542,-30.941166861077498,37.48042380369512,37.491292944386984,0.010869140691866619
-27.949919513543662,-11.593553308140109,36.999456399700506,36.98629608576165,-0.013160313938854529
-12.230296388716077,5.4779535605730985,37.138446126831866,36.89932778447003,-0.23911834236183438
15.03146499161575,-9.723452063293223,37.16005080721981,37.228960786004905,0.06890997878509353
16.712140984910555,27.688960762974276,36.89996594575177,36.792942762900644,-0.10702318285112256
13.951192482877268,12.198508496065912,36.94881325211787,36.896550608876815,-0.05226264324105756
3.8679724107111255,31.021350394387056,36.84808942061875,36.7632859827475,-0.08480343787125122
14.737217821190882,-5.252171602719258,37.120497626896665,37.160447530000816,0.039949903104151474
8.348746607635775,-22.74039685334367,37.21072564987976,37.355617163213466,0.14489151333370387
20.882396258335746,-12.428162976061948,37.18900738630772,37.32518428258046,0.13617689627273677
-28.459128814440596,13.004646287120643,36.91489598166028,36.842528927583864,-0.07236705407641608
-23.515072244703433,1.0322756753953044,36.726636053896826,36.91624519513434,0.18960914123751138
24.338620176478962,19.42171343708423,36.82153281972917,36.89076338497195,0.06923056524277627
10.103162898553528,16.807365241318337,36.9898985460764,36.851095532387724,-0.13880301368867265
-15.167026931305578,27.245398626177234,36.71980832757592,36.77012418654593,0.05031585897000923
10.89656609560592,-11.990237981061405,37.08521039443097,37.22232658670753,0.13711619227655802
-8.09693044909968,-29.482645391998403,37.266508358908325,37.29584036954586,0.02933201063753188
-13.26567464635015,-27.19704048616071,37.26216926619792,37.212359861336665,-0.04980940486125718
5.053547036241383,14.521770594879875,36.93484723081091,36.86039235104622,-0.07445487976468712
-20.329523548751354,-28.18201385177108,37.17161121275632,37.158616366680256,-0.012994846076061606
0.44760983280035305,-2.1674362926311943,36.95469892701689,36.977156452996,0.022457525979106663
-6.853465520892847,16.54720892389261,37.10014612230585,36.83909944265348,-0.2610466796523738
-7.0629309300366,17.62512647695616,37.073251443132634,36.83265028666662,-0.24060115646601332
26.472667535210036,-20.903689812286387,37.401029272077565,37.503649640004824,0.10262036792725837
-31.4926434647952,16.82378203439987,36.89895473909992,36.81785319506975,-0.08110154403016878
14.683394885860544,20.792028958739714,36.8943702536216,36.83152228652452,-0.06284796709708473
-2.33811393449502,7.682014727010454,37.17956373655279,36.89436507337759,-0.28519866317519416
-0.6808512076323012,8.954986052474617,37.12871484784863,36.88826666860684,-0.2404481792417883
-0.0793531334470643,29.486509115932478,36.841299902001474,36.76908570453049,-0.07221419747098423
-24.95560863122929,6.430287736909911,37.04751474912068,36.88363697865531,-0.1638777704653691
-23.398358198875073,-31.59071735413633,37.07585012877022,37.17904826478099,0.10319813601076788
-23.672656636460573,-20.22097426452573,37.13993277115564,37.03998621737826,-0.09994655377738582
-30.86332215639181,12.32782118331729,36.922178946265525,36.8445577073226,-0.07762123894292472
7.4326559100993705,-6.075070509486821,36.97005817948434,37.101999181739984,0.13194100225564398
-4.381119565389106,29.225495134124202,36.80082301930973,36.76717895651776,-0.03364406279197141
9.556547167850333,-2.8698969375166143,37.0685130711839,37.07543201985933,0.006918948675426861
24.048858242712804,-17.349038898459007,37.27668947941181,37.42803579622731,0.1513463168155056
-31.73320160093749,-16.779037216029614,37.04407153643204,37.01350293124892,-0.030568605183120212
1.0146560477986313,-19.73384434578017,37.26622636292132,37.2406386112902,-0.02558775163112159
-6.5627624019222495,23.986956136926857,36.96880324120846,36.79597131997544,-0.17283192123301916
6.90119006840073,-1.175088861319061,36.982578194297574,37.024898734248616,0.042320539951042235
-21.718034028463087,-21.312434469935177,37.143463715360376,37.04790497377866,-0.09555874158171918
14.607403338162953,28.968508809785305,36.89815061125748,36.78380818412807,-0.11434242712940801
21.07777194007428,-19.12235545926434,37.296203379981065,37.425391831104285,0.12918845112321975
-24.745963650641222,-12.946224080350177,36.99202151289436,36.996732772434186,0.004711259539824653
28.207254416327167,-5.064698151940711,37.199503406580654,37.28776405456429,0.08826064798363831
-3.991058538490634,12.042144225397713,37.29015202365224,36.86763650341349,-0.42251552023874694
31.044842277268877,28.85033113692117,36.91351120393135,36.81703751966634,-0.09647368426500691
-17.45224890480108,-30.73031989080721,37.13720174382435,37.22382829490925,0.08662655108489759
-15.091984858002768,20.03859674448946,36.93608697765842,36.812186127914806,-0.12390084974361315
-25.181162798867163,31.386509095292354,36.75877887631943,36.73800926257365,-0.020769613745784454
21.128721252803878,10.240460861213244,36.97794533749743,36.99461744569832,0.01667210820088627
31.935448051131836,30.99804882629941,36.83097711140232,36.79409282810747,-0.03688428329484594
-10.79153688398629,-5.6384672701304694,37.07508062522196,36.9652621861043,-0.1098184391176602
-24.627680551935,15.702140535256454,37.0621375524959,36.82986077925314,-0.2322767732427593
20.313468387521155,-27.04486451995347,37.45906395349627,37.53437337675382,0.07530942325755063
17.866810063019706,-25.624180893196908,37.40513012595083,37.48988154153986,0.08475141558902521
24.41854732779766,-13.803621281483892,37.221705490442154,37.37953228520584,0.157826794763686
-19.80139037912231,-29.075577503134944,37.14950179702088,37.17684036872889,0.027338571708007464
0.5962828077195397,-12.496190733993394,37.12057250202895,37.13029565726757,0.009723155238617665
-17.113617117187225,12.339179287482445,37.18496170998356,36.85544830707489,-0.3295134029086739
16.394734854911427,3.2408947948875735,37.08850669872174,37.051711016142825,-0.03679568257891219
-17.88657858457082,30.964421862659727,36.768959257479935,36.746282111522106,-0.02267714595782877
24.549822306022513,-26.557931047233943,37.54267800463902,37.568128833898776,0.025450829259753505
-17.85827794567495,22.193861385069567,36.912060545383255,36.79742058637718,-0.11463995900607671
13.255901495955825,-10.167031090883263,37.16710049470754,37.21833056796767,0.05123007326012896
-17.365741677677093,22.1215631036234,36.888333411475784,36.79823443963729,-0.09009897183849347
-2.317270978242661,25.083317174626977,36.9012285075373,36.792964716780844,-0.1082637907564532
-27.15977360211827,19.728323456755113,36.876678044569786,36.804377920264415,-0.07230012430537158
15.978273747374466,-12.709518816942143,37.202473627009525,37.281961263496925,0.07948763648739998
-11.159724445700263,-19.1438271177855,37.185351463637154,37.114413871613685,-0.07093759202346916
0.5764264202783451,-18.519441996662827,37.248775163228615,37.218570421946794,-0.030204741281821157
-8.741804659238845,-20.400940607185788,37.18625863930957,37.15622576392726,-0.03003287538231092
-28.100364377767484,18.14048539645941,36.88648498706851,36.812882505685224,-0.07360248138328984
10.037727977164849,5.0209361700509305,37.034753012027835,36.964181810781874,-0.07057120124596139
2.115250172506734,12.770466827184691,36.91791564101329,36.86825771300403,-0.04965792800926039
9.973490294607075,-20.153915674328495,37.156961943732036,37.333317152123996,0.17635520839196062
3.6470822771818163,20.576868951674427,36.88443747510486,36.82398170433065,-0.060455770774211715
10.818099512040007,-17.533598118683095,37.09706655378129,37.302986995781296,0.20592044200000714
28.031052212001377,14.528699999147463,36.92306441120741,36.99828456668466,0.07522015547724692
-5.0746716455328595,18.434210279143812,37.12043523620429,36.82951923924933,-0.29091599695495773
-24.728763903066415,-9.00667788844217,36.90516382781635,36.97378631083332,0.06862248301696638
19.803586664999592,-2.9078664212506595,37.14035997449095,37.17493767179602,0.03457769730507465
21.448891490018603,-11.952067497873976,37.1900264532246,37.32366184982551,0.1336353966009156
-21.53252211797635,24.059937367068166,36.89326596480884,36.783616948969794,-0.10964901583904663
24.55160870533836,8.249935799385277,37.02804343793957,37.05690553950745,0.028862101567874276
24.79494636829603,-5.974547104389316,37.182866411041196,37.26817736146457,0.08531095042337711
-31.048631372485723,-11.274437012801457,36.97352124566973,36.98196695009028,0.008445704420552147
31.919767614903563,22.201324135949058,36.859346575298105,36.92314330778466,0.06379673248655848
11.354946594587894,23.606760981268955,36.84506814720336,36.812465319223605,-0.032602827979751225
15.742870372990112,22.18739805890867,36.86338124609453,36.8242341705164,-0.039147075578128465
-1.831856354936697,-12.836236342424428,37.09312238966446,37.111843358352004,0.018720968687546247
19.459620704377606,-25.493483909020455,37.39980581826919,37.503342507340385,0.10353668907119129
28.797362956416507,30.519921211418897,36.83955827278993,36.7860739827956,-0.05348428999432997
-19.972902446114745,18.86567886871881,37.00986676680305,36.8151325587065,-0.1947342080965484
25.626838370138366,3.6066929110780066,37.11920607688056,37.13548585588019,0.016279778999631844
17.738741088687327,-24.48202687058332,37.38178230512102,37.471869488299326,0.090087183178305
-5.134127046537223,-6.413640653745375,37.066706146387716,36.98562393280876,-0.08108221357895928
-20.431941630332247,14.899375402189769,37.110028722592645,36.83788287424744,-0.27214584834520394
-10.163994453035585,13.872354779084453,37.128076814775326,36.85205074922339,-0.27602606555193887
12.720043640212744,31.669705108253837,36.8325987167825,36.766561284691754,-0.06603743209074509
10.462635660306155,12.91741170753118,37.01189938523211,36.874053122683854,-0.13784626254825838
16.3964128596429,22.884994451840015,36.847975740366365,36.8206892832079,-0.02728645715846767
7.319346050917737,-14.731534569192519,37.025665494672545,37.228046849289186,0.20238135461664086
9.886484991238106,21.394298740012204,36.899869667004666,36.82418964538326,-0.07568002162140886
12.970109992038864,-29.837458272153206,37.50443569343574,37.504480292982876,0.00004459954713809111
-26.10280512661356,17.298373062987018,36.90595476568823,36.81938224665701,-0.08657251903122187
-11.043755370494218,-2.006649886946562,36.99476693635365,36.9438945138115,-0.050872422542148854
-14.747385744784907,-31.91709510554157,37.12763948943494,37.267377890764564,0.13973840132962323
-7.136492822592551,-0.6579472593613644,36.95558844622633,36.93914770615296,-0.01644074007337082
13.46900904003735,-15.612435384801621,37.123469551944815,37.300367763257135,0.17689821131232009
15.811639266661643,22.90944904759518,36.85152242446502,36.8200807673101,-0.03144165715491454
15.820789464217093,-18.810846209179296,37.221031592653034,37.37005380196117,0.1490222093081357
-31.211412777968683,21.56369458534906,36.84539709078162,36.790452497937316,-0.054944592844300644
14.574903809367008,-12.459261921058776,37.20162091910197,37.26473432437475,0.0631134052727802
11.162706307702905,-25.347920940765327,37.33215141344175,37.42108747160125,0.08893605815949712
-29.623502645929563,-23.092082680253377,37.12983900550641,37.05197731569987,-0.0778616898065394
29.515921847666718,2.472017842878074,37.15509532789746,37.18970535827426,0.034610030376796885
-22.155945147287156,5.23852989559942,37.01279995117772,36.892813674162966,-0.11998627701475328
-9.11565594195725,18.175243980384103,37.017935085144465,36.82780836784808,-0.19012671729638697
-26.030653470764904,25.35302235506073,36.84426400955921,36.77249623960239,-0.07176776995682133
8.028925281904804,-22.369613340384248,37.1984746055025,37.34708300569028,0.14860840018778276
1.3562652308548522,-8.494175628871623,37.075330815953144,37.0788546406845,0.0035238247313529314
-13.054095704241256,-29.6165764789367,37.26577975632472,37.2499398553903,-0.015839900934416562
26.348365927948052,-21.798660324771987,37.425645262475115,37.515594232011836,0.08994896953672082
29.972094195671936,8.968463936656782,37.034487945338334,37.09869372050731,0.06420577516897907
-23.74006699952819,24.949348391165337,36.90746194541151,36.776674213017486,-0.13078773239402608
31.63187220981765,-14.709376637684215,37.33474871953812,37.462489235392034,0.12774051585391533
-8.658040691496403,-24.266010791724533,37.21407670073688,37.21380282807619,-0.00027387266069212046
-3.018113910888111,-16.361536855188916,37.127176902096934,37.15216641010858,0.024989508011643125
-8.9749151870218,30.72856084247657,36.81038187265226,36.754758220800284,-0.05562365185197393
7.532043854293626,-24.64213086742909,37.25335805177747,37.375662595583385,0.12230454380591738
1.018438295708087,10.996171072711967,37.0140894864364,36.877724508483745,-0.13636497795265257
-26.19879550770107,-16.20717061459814,37.07988036815205,37.014580251068004,-0.0653001170840426
-17.640539431474657,-19.42402352975696,37.10877997244218,37.05594888670812,-0.052831085734055705
-31.210598664373208,-24.824480525558577,37.13065044206298,37.060809229752344,-0.06984121231063511
-8.188239501126255,2.7458666815332577,37.03311773633148,36.918471742394225,-0.11464599393725194
-26.752659304846937,-1.7737922033368392,36.67383261217188,36.93001935730152,0.25618674512963935
-3.3064684915068128,-14.578958368046806,37.11176168866016,37.123200364659574,0.011438675999414727
-26.516106833598776,-27.58919419769854,37.161336954511725,37.09017013316675,-0.0711668213449741
4.670097190660627,18.134561356755114,36.87892292722912,36.83903099329147,-0.03989193393764623
21.670183780203992,-16.382870797156862,37.228543970622184,37.39087612696083,0.16233215633864972
11.63008800693462,-24.269564868932157,37.30826806782625,37.409762271329406,0.10149420350315808
-11.789159273283616,-29.806749446340675,37.2713193122587,37.264947563260485,-0.0063717489982124675
-10.995898477106934,-21.999180971348352,37.20698434520343,37.15793382584711,-0.049050519356320876
17.98197231858132,-6.436803148375567,37.145076196981435,37.20917896644307,0.06410276946163407
-11.836923333220348,-22.969525777376568,37.21690336421592,37.16406461891881,-0.05283874529711596
6.876988877428879,4.5843638913650295,36.99596274574223,36.94007307919325,-0.05588966654898542
16.623267264032584,2.0489301894055387,37.09941651196688,37.07142476236142,-0.027991749605462246
-4.388983030637149,11.537663466543393,37.2607773862379,36.870259584256516,-0.39051780198138175
26.705738211677705,-22.776999262176588,37.45681348585961,37.53341446126973,0.07660097541011623
-29.09948905051518,-27.77946454024915,37.06759686314895,37.07971353643651,0.012116673287557944
-0.6410165358668323,16.42087820817035,37.239291029880626,36.84478625914099,-0.39450477073963697
23.74996415619308,12.405380865585293,36.946852391176485,36.98813155991996,0.04127916874347193
-15.574704699348707,-15.213148897614126,37.11123560526453,37.017253040611614,-0.09398256465291865
25.593132514252588,9.922144967141591,37.000259271233325,37.042402181635865,0.04214291040253926
-6.023677525216279,-27.298034573498434,37.26946954455613,37.28377374669538,0.014304202139250322
-25.598696490913852,-9.068336421578586,36.91668715484598,36.97345243694081,0.05676528209482967
11.145995815082983,22.77902551395365,36.868581962791204,36.81712295734163,-0.051459005449572714
19.647930657398724,9.068770380891827,36.99428609463649,36.997527765441156,0.003241670804662533
-20.505500293104376,-2.655470093893804,36.751326495890055,36.94013609109491,0.18880959520485163
-11.449849317225805,24.779014918351066,36.812039721274445,36.78746070500432,-0.024579016270124043
27.65540869346988,-15.34227499301808,37.29087918305,37.43338720415627,0.14250802110626637
-24.85463113562571,14.898030897373424,37.06821456018406,36.83436637949004,-0.23384818069401803
24.083606446904234,14.088862777520404,36.916645346328636,36.96662715270809,0.04998180637945637
-24.923490832721768,24.86885586667097,36.86233520642584,36.77620029264473,-0.08613491378110893
6.299260656433923,-31.974054734450092,37.442564504562455,37.471446164625924,0.028881660063468928
-24.087074492168213,-11.180237510182721,36.94592462723596,36.98696543425309,0.04104080701712576
4.628691280014991,7.299831442192534,36.99026458795942,36.90214415823973,-0.08812042971969447
6.262551992287072,-26.643054868918775,37.29489220689247,37.392792636062765,0.09790042917029496
-15.742173859170727,-5.99781314459711,36.94550288959198,36.96341145993932,0.01790857034734472
15.869294636520003,-30.057901273851314,37.52683790517164,37.53571330129358,0.00887539612194388
15.327370705931088,22.808955943201326,36.85045882993756,36.820280552174815,-0.030178277762743733
19.29055195089674,21.540296697629756,36.83940840609182,36.830832616895,-0.008575789196818562
18.8048549748857,-20.490839883472326,37.27703797608579,37.423543591639735,0.14650561555394148
30.036082507903444,26.290948167179444,36.95987793413434,36.8448876205115,-0.11499031362284029
-21.154400253396723,-26.071126137377384,37.247932672513556,37.119647487695865,-0.1282851848176918
30.485403132659663,-28.84416004726679,37.639514408637524,37.65902327469397,0.01950886605644797
-25.09649529166653,20.764137846261967,36.94669978206379,36.799985239429205,-0.14671454263458372
30.855308156093777,-29.531536086927503,37.649933516554015,37.672691005659026,0.022757489105011075
0.3052365853616976,13.66530193764087,37.14777632875189,36.86160014754865,-0.2861761812032384
25.42536077366462,-8.562160729211442,37.1983636706995,37.31227037568099,0.11390670498148836
-28.118724678099404,19.879034738723107,36.87772251633909,36.80273539193552,-0.07498712440357025
3.8586205181602367,-11.21433650938571,37.1480862687085,37.14297037186008,-0.005115896848415957
22.15717739001321,13.36233485833639,36.9227447087334,36.958695950940495,0.03595124220709778
26.394736371510675,-11.07052835732457,37.21528373837861,37.3584725583356,0.14318881995698973
-7.757792071628835,-25.44563057657757,37.218421173998024,37.239821519401815,0.021400345403790766
0.6253278458116043,-2.7031509021178195,36.96212634691417,36.98674085088597,0.024614503971804425
12.208759878140448,-31.727534005083818,37.551470513722016,37.52488899327296,-0.026581520449056484
3.296091178623513,14.010970685469914,36.91640373798539,36.861968884131706,-0.05443485385368518
-30.29372444776059,-29.746044782986864,37.017458543817256,37.090223355581536,0.07276481176428007
-2.73985437804901,-15.293550261880682,37.11785570312465,37.13916730063333,0.021311597508685054
10.790583970481094,4.615541486472232,37.04384963750864,36.9774058108824,-0.06644382662624082
28.67075501459056,20.111485824961044,36.82056545683355,36.92246453005553,0.10189907322197911
-8.15519353957756,11.60033661558385,37.20979472229672,36.86689311831045,-0.34290160398627023
10.573710871447588,27.41445555548941,36.85620138687424,36.78965105206635,-0.06655033480789285
10.341531071914204,13.645300617811586,37.01526417423613,36.869714389909745,-0.1455497843263842
-12.977713417414364,-12.353610296173748,37.1296137587298,37.00265676962788,-0.12695698910192021
2.639710886323371,-25.57567686499751,37.31070315248855,37.34213246220071,0.03142930971215918
31.745333807879817,17.125097854607013,36.887542402163525,36.9960160048428,0.10847360267927542
-2.975922653739488,-9.623676011852439,37.072222029938054,37.05361148829891,-0.01861054163914133
-20.979091692391677,-15.352575323941025,37.00471620571775,37.01375901436747,0.009042808649724066
17.542469017413808,-20.946843155107373,37.292905095601526,37.418051225290036,0.1251461296885097
0.3990449099934068,0.04827427439032306,36.93090028155868,36.94414424900702,0.013243967448339333
7.798643836200256,20.404474273342466,36.88541643241254,36.828294717682645,-0.057121714729895245
-23.981672838177964,16.61320715685511,37.0691380941898,36.82506575649602,-0.24407233769377967
8.258703756159633,13.60310824542399,36.97043485106522,36.868300539312834,-0.10213431175238696
-21.489447346117906,-13.421532407946785,36.96587345023766,37.00209796521112,0.03622451497346191
23.602195999325303,4.885772685664712,37.08758011271959,37.097148918797785,0.009568806078192438
23.497190744779246,20.27387436673849,36.81603499282878,36.8701222183678,0.05408722553901413
-18.68323187019292,-20.82628997003917,37.124481635272524,37.066476176188395,-0.058005459084128574
9.840817031119734,25.831192597067535,36.79695945155881,36.79829448171689,0.0013350301580743462
28.549556097477335,-28.886720100982373,37.646762561649915,37.64095535254945,-0.005807209100467503
15.48451854876646,-22.680951901796995,37.324292910459825,37.42364886329417,0.09935595283434395
22.273648440886426,-7.329412227140203,37.174288923300814,37.26373065984343,0.08944173654261789
-20.330179974017426,3.1662847196201795,36.782462842520545,36.906345884701665,0.12388304218112012
22.48702633122783,-17.779083611067044,37.27168448160443,37.41927063854846,0.14758615694402977
29.64202998577941,28.27854317850511,36.92055737730711,36.81188974911589,-0.10866762819122044
1.9337535708855427,28.15381732714549,36.81048227270874,36.77845699326703,-0.03202527944171152
-31.801858366864067,-8.77537104060844,36.90773469445474,36.96680185345995,0.059067159005209646
-4.384416259437899,13.768175013399258,37.23807114091615,36.85726352329329,-0.38080761762285675
15.354109294944742,-21.74904159879312,37.29834924741598,37.408702166361586,0.11035291894560828
-16.9464940079232,-4.944287797399987,36.88303261200854,36.95631168990666,0.07327907789812116
-8.576592956933773,-19.248501386127543,37.17428215133974,37.14089463836835,-0.03338751297138742
-1.5979079951405453,-27.385910014261867,37.304113905333764,37.327800754256394,0.023686848922629622
19.701973985535112,-1.877164472913691,37.134721186108905,37.15881803949374,0.02409685338483314
23.48922882831109,1.0895101484477365,37.1434432282788,37.15181568556805,0.008372457289254953
18.729262581883127,-20.681210693962697,37.28230014302301,37.42560972387388,0.1433095808508753
30.634612573538618,4.848450801806756,37.11441759170188,37.1656038565117,0.05118626480982158
7.46559455164617,-22.24023018895278,37.190730363591,37.339743028289575,0.14901266469857433
-7.800210920672974,24.507921696476657,36.918423607982966,36.79194897578531,-0.12647463219765598
0.48337984805054646,-16.702762303746162,37.20338231192294,37.19098945799401,-0.012392853928929526
-20.00783819475503,-30.462343440225915,37.10773177688104,37.19521498171021,0.08748320482916938
30.504162163898236,-1.0365453620599823,37.19517267846394,37.250780075900394,0.05560739743645371
-23.128540142598325,-9.010433251979116,36.88677049615836,36.975083375870554,0.08831287971219126
-2.4834564121037843,13.017381921987429,37.27218723755206,36.86315406665752,-0.4090331708945385
21.438845841177148,15.44183538448214,36.881360329777024,36.921216897944284,0.039856568167259354
-26.991912272640242,-7.771001265791369,36.903873593498666,36.96478118665993,0.06090759316126082
-3.606734417939734,-1.143716257733665,36.965183420145856,36.944791604825305,-0.020391815320550677
-21.63103479875398,-8.93279229351485,36.8680940575927,36.97582419923038,0.10773014163768124
8.130927105991262,26.361214638118263,36.801133454026086,36.793842878474806,-0.007290575551280654
27.946991350398974,-14.970035812091211,37.28886074518083,37.430735536217384,0.14187479103655676
9.810330422534257,12.398100710191187,37.01511174518982,36.87655992635387,-0.1385518188359498
0.923471064486975,-3.7809400310287344,36.96696875310811,37.00544982417219,0.03848107106407639
15.869316366437033,21.77358029618547,36.866728583802086,36.8267467138158,-0.039981869986284835
-14.352140463805938,-29.826789513870587,37.226454548458605,37.24049311463134,0.014038566172736466
20.097981807220933,4.240293445346438,37.08682587152292,37.07279182684745,-0.014034044675469204
-17.90600769340223,-25.210586169987835,37.223757757110455,37.13837559758228,-0.08538215952817296
22.22437432041852,-13.06198256491998,37.19959521509945,37.3474519834538,0.1478567683543517
-6.381330050682941,1.5200847986521993,36.943201611716546,36.927055633398716,-0.016145978317830156
31.858852474831252,16.57844581990429,36.89844428735104,37.005141121230245,0.10669683387920514
-4.799073205790833,-13.914942782981186,37.11276640412513,37.09903467148162,-0.013731732643513794
25.719196826431663,26.26512594957247,36.92458184247542,36.808418547796215,-0.11616329467920394
9.047074095850583,-5.709819316655285,37.03417843131228,37.11222378045143,0.07804534913915262
-30.81702331101846,-3.474607783069473,36.77891248126603,36.93669313303474,0.1577806517687037
2.0101779011283583,-29.317671755228922,37.357361089387155,37.39101408426269,0.03365299487553841
11.992400170617785,-7.059607085215347,37.13664016373956,37.16048959321162,0.023849429472065253
27.36221665214544,20.725400062248966,36.80366663109355,36.900812091133,0.09714546003944946
-28.13683340111742,3.831609768863345,36.69945345699387,36.896247360199325,0.1967939032054531
-3.4711354973167303,28.22049712654369,36.78526700492264,36.77376135408494,-0.011505650837698056
-2.1599682095121864,-28.763186176481447,37.310382143555756,37.34260210394397,0.03221996038821118
-0.026013874726039887,-31.320167758921507,37.309189320907755,37.40076376748134,0.09157444657358127
-31.101142578743676,1.4888744209843523,36.64991480383652,36.907538930772766,0.2576241269362427
30.81226984775393,14.561987267387806,36.932571098302425,37.02465179272761,0.09208069442518507
28.563793270592953,28.308272442181725,36.915854304939614,36.801041377274615,-0.11481292766499962
-20.922199300508737,-6.470446942183486,36.80596187896172,36.96203819601732,0.1560763170556001
17.41080580497949,-17.080585902802454,37.18691985271251,37.35999419900174,0.17307434628922636
9.539450175855201,18.568727223517378,36.92825218171557,36.84038088600932,-0.08787129570625041
-11.10141337691168,3.5524406463293303,37.03250545534604,36.911449493073384,-0.12105596227265636
24.639062768496338,26.146831285056777,36.91312075454759,36.808247252060426,-0.10487350248716609
8.055766010330153,-16.242534622684218,37.044452295478926,37.257350717807924,0.21289842232899758
-20.25936555134856,-21.180396422385854,37.13548757063601,37.05645757384858,-0.07902999678742617
9.901631903489132,-5.821387505132641,37.06838151542664,37.1221142620497,0.053732746623062155
20.968833712360748,-0.5625636897644881,37.13662527628641,37.1517429547284,0.015117678441988858
28.300949393105952,24.997255084638,36.908388719111926,36.84713385852156,-0.06125486059036689
30.739028917113238,16.355740645852165,36.89845731916232,36.99759880724492,0.09914148808260137
3.927620939630174,26.87915347381343,36.775475456893595,36.787474756596694,0.011999299703099098
8.941607535978491,23.52956412306255,36.86020087129228,36.81099210260051,-0.04920876869176993
11.880343364011686,3.164954390157689,37.06581756139835,37.0092342980033,-0.05658326339504782
7.607168531695265,-27.47726033189342,37.33256577558346,37.41802898225887,0.08546320667540641
-17.19660405488228,-25.336554712085913,37.232955284759385,37.1470759394288,-0.08587934533058217
6.841409351050345,12.25803271836746,36.9741021456192,36.87501040113988,-0.0990917444793169
-0.46811560711966393,-18.786635468906347,37.22902292762295,37.212408467118316,-0.01661446050463411
-19.60006034248736,-25.178576170874756,37.2251292434574,37.121547254827576,-0.10358198862982704
0.5194007378761683,-8.84226151875324,37.065599571240426,37.075886179431805,0.010286608191378832
-6.75170939899818,-28.208700666567736,37.27086947573496,37.290119097156136,0.019249621421174368
-17.55944029854237,0.5848914129517127,36.83058660807859,36.92359850074599,0.0930118926673984
6.331608185044075,-11.738762932311381,37.12420610681116,37.17455267210516,0.05034656529399939
-9.164070075150072,-4.380801563672222,37.080292963727835,36.95922924077214,-0.12106372295569656
6.020447293845457,-8.604408564671623,37.004891172748344,37.12551219497481,0.12062102222646587
22.679209384745107,7.803322076640882,37.02945382454242,37.04538482262078,0.015930998078360403
3.758746837738485,-23.870504346297537,37.27326288994312,37.327893431738154,0.054630541795035015
-23.718240173641483,17.87353580093535,37.04754521753495,36.817930326521804,-0.22961489101314925
1.4650718839309746,24.912929605073735,36.882682738174985,36.79697181130294,-0.0857109268720464
-21.305328432545558,-0.486489634400165,36.75927091432542,36.92685763880581,0.1675867244803868
-4.432852913514402,5.095316516444328,37.18659629346558,36.90777142876214,-0.2788248647034379
-4.268513567462236,-19.625810688851253,37.163857713495155,37.18803626035669,0.024178546861534755
29.175624921008577,11.425549521858088,36.98551572752816,37.0549143695412,0.06939864201304147
-16.655127340715005,29.17809206911531,36.76707638510043,36.75767437756006,-0.009402007540373347
20.366623702346708,4.722240893799565,37.07874338673304,37.0683072969981,-0.010436089734938037
-2.145698456211967,-2.1283809725739147,37.009352109811914,36.951694616898486,-0.05765749291342814
-22.099778636920675,15.019509313497132,37.09828454903712,36.83585366118098,-0.26243088785614077
-5.38686633791017,4.804184813879246,37.196952513417635,36.90870795126858,-0.28824456214905325
-4.729740255679637,11.835869690631014,37.25665773968629,36.86825006019305,-0.3884076794932412
20.216859533852407,11.366241499562186,36.9531962204642,36.96927737784894,0.016081157384739697
-1.8888266751708542,0.5446969364244652,36.92269268062418,36.93632027941063,0.013627598786449369
4.138485237183765,9.72636460867679,36.974533754232894,36.887611386688434,-0.08692236754446014
21.660803127674058,6.276489112186695,37.05438991627933,37.05797619636636,0.0035862800870347655
5.859114761921177,0.05301336377306143,36.946099027779475,36.99679844313939,0.05069941535991518
20.76322848399228,-17.75950871404092,37.25181599117757,37.40233770928602,0.1505217181084504
14.341674801986741,-6.83046545857097,37.12531446915121,37.17980925872945,0.054494789578235725
-26.3472985422369,12.276527687103659,36.98890094764469,36.84845535854775,-0.1404455890969345
-0.32249845903140795,-5.147864154389303,37.01462043589567,37.013495129022566,-0.001125306873106524
4.594600037605019,9.531346981439924,36.99281034701838,36.88911144027876,-0.10369890673961635
-17.52070366080128,-5.947174516599489,36.87981081094056,36.961699065749855,0.08188825480929296
-6.089191043162167,13.223892647438213,37.188495972878336,36.85907717655163,-0.32941879632670634
4.689838708034067,-17.909349350150798,37.20364856112533,37.24932982360479,0.04568126247946225
-20.17726653797221,23.703981834292883,36.881066726639645,36.786771471599565,-0.0942952550400804
-21.925397288012988,-30.434562332949994,37.09258624664004,37.17629051670283,0.08370427006278902
-20.73951060843875,-22.821796532231637,37.17338074714241,37.075929237254414,-0.09745150988799622
-14.547471555842932,-18.12018564394088,37.180224568083624,37.06666620443427,-0.11355836364935357
30.795079198398483,9.65608408656717,37.02471469804207,37.09654124848808,0.07182655044601205
16.787953319544144,-15.557863468741317,37.204909397972145,37.33161479393898,0.1267053959668374
-4.86303228256385,25.973369143167744,36.877957857612046,36.785748729112306,-0.09220912849973928
-26.24682991037659,20.32092311956071,36.872400708338766,36.801651677358976,-0.07074903097979046
-24.58995781836409,10.648518352161744,37.15508731828402,36.8593439813423,-0.29574333694171884
-10.203897598006762,-5.710846428683503,37.08575481248883,36.96615229594376,-0.11960251654507204
9.92485011243464,3.8442939022072053,37.04976561347361,36.98037376720953,-0.06939184626408235
-28.698753822982802,30.63357319672579,36.75368902487451,36.739594386760146,-0.014094638114364955
29.44692091839105,-14.184536773621524,37.29712571533058,37.43368221398078,0.1365564986502008
17.846311258056083,12.6289448847823,36.92049267991206,36.92784081509037,0.007348135178311566
-15.912982479673289,11.011832784211357,37.1991772896971,36.864141004141025,-0.3350362855560718
-15.796911416597176,0.044774466252704315,36.86725442450929,36.92815088502877,0.060896460519479945
0.5931705764910831,-2.009841229718731,36.947790071473584,36.976247346440736,0.028457274967152557
-26.96301824425109,21.270908061499775,36.8683094332392,36.79554433379068,-0.07276509944851739
22.03478407755339,-20.42282554131689,37.34261127026504,37.45373363388697,0.11112236362193073
22.786947689731797,25.103462262661353,36.87455311221089,36.81285223294068,-0.06170087927021228
-4.942619386463427,-21.714782729186915,37.18539520232391,37.21220870288439,0.026813500560479042
19.316245758755286,-27.603576956996818,37.443692663611195,37.53295003466387,0.08925737105267473
-6.6794261343487875,23.757868435948645,36.969539169472924,36.797213505320926,-0.17232566415199813
14.701381254362467,3.5864732856266315,37.07610855321617,37.0302838863548,-0.0458246668613711
14.978337067549887,-22.75666937768402,37.32332346248934,37.419873148793265,0.09654968630392347
22.714083899329033,-3.5286403175317744,37.15992851802798,37.21215977731664,0.05223125928866068
-16.066999151225183,21.03830932759464,36.915678005725646,36.80558271350148,-0.11009529222416603
-22.37365669066508,-30.88132833987246,37.07908282500484,37.17852388757264,0.09944106256779861
17.636234723645515,17.82398283729129,36.89307547927564,36.851173474571816,-0.04190200470382166
-27.561163752799075,-1.902320708508661,36.68461738224122,36.93012416051376,0.2455067782725422
16.108645159422807,-5.894157583498632,37.131228905261466,37.183119544328314,0.051890639066847655
6.578066645954841,-30.558437753510248,37.40643602991592,37.45334651055468,0.04691048063875769
22.12410591566504,10.43910343528119,36.97808344006116,37.00131156604245,0.02322812598129076
-15.693323464199047,-8.553147259814885,36.99213382400911,36.97834319423807,-0.013790629771037288
-26.664420466195153,29.549668961991593,36.77441940531305,36.74753262552189,-0.02688677979115539
5.013364468492618,10.492195399248317,36.96663063652592,36.883845198499586,-0.08278543802633465
-18.411045738516087,-18.13374823649346,37.06949305836349,37.032014449367935,-0.03747860899555633
-19.7296550312063,1.3581606452412842,36.78728220230988,36.91736240113646,0.13008019882657607
2.801748902093294,19.012056473230622,36.96724917220148,36.832428002023306,-0.13482117017817075
26.19530202411316,7.55679565825244,37.047201052282475,37.082957948939764,0.03575689665728987
-24.14338802551088,-19.034480655383895,37.11933609985832,37.032696070236824,-0.08664002962149908
11.191442841850282,-14.981837841741822,37.06139493408105,37.2691131132422,0.207718179161148
19.68700421244978,15.02406601264726,36.883534358281736,36.91043666486571,0.02690230658397752
-25.874720787493445,25.370509562641516,36.844811005727394,36.77251858082769,-0.07229242489970034
-15.11382784646851,-15.147150574505453,37.12612477964653,37.017530873920585,-0.10859390572594663
-24.30810197980462,-22.559116553164728,37.18733297455651,37.05310683239625,-0.13422614216025863
-17.64501193108954,27.113781246446145,36.788717104936346,36.76891662479047,-0.0198004801458751
30.48722144405592,31.180875199501195,36.82085033559461,36.78356846631614,-0.03728186927847332
8.407670605047606,29.14976361698455,36.871318357956085,36.77781139643316,-0.0935069615229267
-11.28998425036729,-17.773554883300896,37.18085464982086,37.093030176930874,-0.0878244728899844
14.892484570765404,-23.148337982170432,37.33346882293974,37.42479676824958,0.09132794530983546
30.503811611937238,4.284948426227537,37.12460064566797,37.17261725086755,0.04801660519958517
-4.588843770163486,28.224171813182316,36.771834642754676,36.772849263771946,0.001014621017269235
-23.48997802953697,-19.579234656257057,37.123622578214864,37.03639165073871,-0.08723092747615624
26.95830631865895,26.026212752668968,36.93324568635694,36.819056145584725,-0.11418954077221599
-27.814682576020722,15.325982051203624,36.9017332129045,36.82951343568006,-0.07221977722443995
-3.245024590776879,31.655523224519975,36.87416412856811,36.75392177473632,-0.1202423538317916
-31.501083047935587,23.471701741143384,36.81325979411501,36.779101562736074,-0.03415823137893881
14.9311786696681,-15.74646198969986,37.161947111110536,37.3164553545027,0.15450824339216496
-28.039438449420437,-10.406605951291489,36.97437910846415,36.979307072795486,0.004927964331336909
0.260183912129186,31.435031125250248,36.874130214714995,36.75800004327813,-0.11613017143686477
17.46745466985108,24.485442289695243,36.8216949642068,36.81221515959541,-0.009479804611387976
21.463063242353257,13.22738650690571,36.92306877392962,36.95397546511379,0.03090669118417111
-30.536370632058556,-21.496807285893226,37.09575903694917,37.041952409615675,-0.053806627333493395
-13.469081729740203,-27.26791875140559,37.26395679924995,37.21143673620847,-0.05252006304147727
-14.526424508497591,8.280682982825411,37.24906084864864,36.88116339996051,-0.3678974486881259
16.27635714191419,19.884698033123946,36.89009877387457,36.838079716373166,-0.05201905750140412
-10.766476263538806,-2.573351482578637,37.017453769680884,36.94741827833689,-0.07003549134399378
-10.376378205509354,2.354872077497113,36.91093806912586,36.91900683479082,0.008068765664958732
20.189404511849474,-16.451516492082618,37.21101218848004,37.37758558579501,0.1665733973149699
-4.231699711074604,-27.69160701141491,37.29023541233548,37.30685812764509,0.0166227153096159
27.865571090336744,-7.628906850690221,37.20870865725664,37.32212649021057,0.11341783295392815
7.4512523422502355,8.135027512412272,37.016170400685546,36.89952575948945,-0.11664464119609619
3.3561677613635723,3.0260314580943515,36.9645242452577,36.92896315790491,-0.0355610873527894
-2.8725453637384035,15.147721678616684,37.25482047042148,36.85042812500509,-0.40439234541639024
16.115760028923823,-10.130184331417446,37.151186829774744,37.245404890146986,0.09421806037224201
4.061473984234958,16.512700381450728,36.88594057888558,36.84799840517054,-0.03794217371503805
-20.38493052395458,-17.058383086190318,37.04211309517362,37.02417414741293,-0.017938947760690382
25.388313167613425,18.744184525775268,36.833868875567426,36.91085068880245,0.0769818132350224
-2.7022208101617338,14.93570224322967,37.261437611942235,36.85179952815558,-0.40963808378665334
17.565794692059725,1.8170551387263956,37.10566383433946,37.08393170764516,-0.021732126694303133
21.1436899928172,22.657380618853345,36.806332164404324,36.82579883154377,0.019466667139447225
-15.999797399597632,27.830580213014635,36.708080729877096,36.76605006114322,0.057969331266122026
21.85429963109346,-28.355858254600307,37.54067196191864,37.56850724892719,0.02783528700854987
-17.311105907755476,1.4434646082926932,36.81885758282153,36.91879252030955,0.09993493748802251
10.980339041048829,27.011364276858536,36.85185106024971,36.79232435024727,-0.059526710002437255
-24.989107096413235,12.713074745504073,37.10285189093346,36.846993416531404,-0.25585847440205356
12.44464147564701,5.600900483485013,37.032916441089995,36.97890534339803,-0.05401109769196211
-4.707018236702503,-26.833244986264866,37.279066771415216,37.2896611408876,0.010594369472386234
-18.214840171107483,-12.748778461953066,36.97194182632786,37.00078652371222,0.028844697384364792
26.272915163026255,31.456836227759837,36.810463513791866,36.778601855630626,-0.031861658161240314
31.636802390451216,14.68833467284481,36.933469431694576,37.03075795757539,0.09728852588081338
28.423929227419443,1.598630525016219,37.16525384819349,37.191988680766094,0.02673483257260756
11.894510565056862,-14.80263238252433,37.10993989251437,37.273270030762156,0.16333013824778675
20.905885690908732,2.675683467182317,37.116517274860044,37.1035733577786,-0.012943917081443601
14.93638477690397,13.686340643432118,36.930323119920445,36.88421133730157,-0.04611178261887261
18.885400023011805,-8.744770536622717,37.160290732416456,37.25180096122885,0.09151022881239612
4.5907193370536845,-9.869653314185761,37.0863996452063,37.130289666650526,0.043890021444227045
14.193496704955734,13.569309848834422,36.93760877195609,36.87875671415247,-0.05885205780361957
-27.16002115412202,-2.359084617145207,36.704305191665924,36.93310589817711,0.228800706511187
-14.750305029374012,0.8125686357841815,36.85596667473803,36.92451009909929,0.06854342436125904
-7.163806434076797,-2.699038648237803,37.02893805364338,36.9510216763696,-0.07791637727378031
17.150895307035128,29.167128229468062,36.90169884689069,36.784677450485425,-0.11702139640526354
22.253445511896203,10.250950885534913,36.98205547041434,37.005323992092954,0.023268521678616594
11.602087318344196,7.615296284301124,36.99122812533158,36.94118299149209,-0.05004513383948961
-17.06908078258241,-22.259544245802665,37.17965350803391,37.10311374480341,-0.0765397632304996
3.7239083599965497,19.299785527545907,36.88612247502357,36.83148592694665,-0.05463654807692109
-1.9231605371655789,10.224036749707366,37.16964920905952,36.87988051726506,-0.28976869179446396
-6.3346637550271225,25.511566851296777,36.90233744220599,36.787267464265,-0.1150699779409905
31.484244943119137,22.77827805876874,36.85533091144265,36.910463781243834,0.05513286980118437
17.61288357740726,23.448306358963002,36.824118605697855,36.818375606102414,-0.005742999595440779
1.935248269885129,-4.3831250621557984,36.952468722327204,37.02406439045649,0.07159566812928375
18.730916348214834,6.168359959921595,37.04572448491119,37.0312726240761,-0.01445186083508787
-12.266539556159238,-10.929064686861608,37.12292511070263,36.9949210564193,-0.1280040542833305
6.747554941821079,23.706396374548376,36.828791916797115,36.80821311647385,-0.02057880032326409
5.767417359351256,4.191975444878722,36.98274157815885,36.93512198452958,-0.04761959362927115
-1.277736265044986,-23.706784730333332,37.28019994533011,37.27685525991743,-0.0033446854126779613
-0.8211189020325733,9.194439846104054,37.13817293022161,36.886759326146866,-0.25141360407474167
1.6269175845905366,6.723061410290249,36.94428890612935,36.903113607668374,-0.04117529846097767
2.2972288099819167,-13.949731402565767,37.18598297682555,37.16806929567157,-0.017913681153977734
25.112864000923686,17.22478869048699,36.86118167497884,36.93050700911739,0.06932533413855424
26.5780989448889,-28.664357863917942,37.6233831869303,37.618652524062874,-0.0047306628674235185
8.477525879523164,-10.16819753460966,36.999855453565175,37.172206510563726,0.1723510569985507
-2.9592725880797914,18.08035952658787,37.18833047828367,36.83326723429048,-0.355063243993186
1.988322263204637,-2.880898613508485,36.956374480662255,37.00251293523998,0.04613845457772214
-1.4191115968801,-30.46087566676956,37.32009261848981,37.3746908149983,0.0545981965084934
-6.687480640337711,-11.069813200326912,37.102925851219496,37.03901189644654,-0.06391395477295703
-24.09815921315122,31.233678793390673,36.76705185887061,36.73976299515929,-0.027288863711319777
-15.411141126682153,-3.1961869457040137,36.92807153959278,36.947347023957605,0.019275484364825957
31.50661022975268,-24.06883315862666,37.532979270826175,37.59874669204838,0.0657674212222048
-0.7432373549382163,-14.6819231915985,37.135701278185216,37.14946386116798,0.013762582982764116
23.045095132133945,26.197441385586608,36.90746570811265,36.806682097108045,-0.10078361100460853
-2.6628900416064596,-21.939266736279848,37.24120861956712,37.237519448224845,-0.003689171342273312
20.54522864420425,16.717980086453203,36.86742515057342,36.893844531575816,0.026419381002398268
-21.134331210260513,6.196545996700912,37.06063375973935,36.8880443351798,-0.17258942455955406
-23.15113936321292,-29.67413457073947,37.09500547489065,37.153285662031706,0.05828018714105809
-27.31549630602983,4.423846042295111,36.76663704918754,36.893450236165876,0.12681318697833888
-8.86590542563897,6.826644550697743,37.20222533427379,36.89414844384191,-0.30807689043188446
-0.08884275484922455,-11.735779583323108,37.096157639843504,37.11251137477854,0.016353734935037778
18.899480623682095,2.4683658260683785,37.10869619293997,37.08724398670205,-0.021452206237924543
-7.6917521085376706,25.773584318465353,36.8670706506392,36.78465896393245,-0.08241168670674881
9.627885500243949,-22.36834532770696,37.21322050662259,37.362504341362424,0.1492838347398333
24.879453804421914,-2.6927022820491686,37.16904840670862,37.220791290566545,0.05174288385792636
22.551937295595906,-30.117518953582874,37.60786517954054,37.60111820414134,-0.006746975399195776
25.631514958731238,-4.355146881535944,37.180802256387736,37.25247053614281,0.07166827975507317
-1.8869010917935967,5.7223776376655024,37.15352420898083,36.906145643522954,-0.24737856545787906
14.447627316730632,20.33628090209377,36.90207281348385,36.83399056588551,-0.06808224759834047
-30.933497957441645,-4.5916962623263515,36.843703211771114,36.94311084859403,0.09940763682291731
-5.66576309158409,-2.753658338620106,37.053242463353214,36.95253376004116,-0.10070870331205128
-3.0847780679218957,-27.124536805377808,37.293362309024914,37.30960424611062,0.016241937085702318
20.45556065170775,-10.810793193998109,37.178975327195914,37.2973075325799,0.11833220538398592
-29.50725629091245,30.504820537287976,36.75571344926564,36.73970049794929,-0.01601295131634828
-4.28959916786399,7.138114906040272,37.285712633525755,36.89597989972634,-0.38973273379941276
17.169155333837914,8.64772580532049,36.99331073679495,36.97977618342672,-0.013534553368231172
-26.887416275129254,2.680990762435968,36.71772590087416,36.90394894086843,0.1862230399942746
-19.6367591754738,5.201581461084977,37.04015524029458,36.89503649057916,-0.14511874971542227
23.18580759002581,-31.071609795350476,37.65646617815207,37.621252223410394,-0.03521395474167832
0.10730326309665372,-30.717456262722443,37.32456427189473,37.39319878599301,0.06863451409827803
18.679622365166686,-19.624144381270312,37.25711648303778,37.40960472406355,0.15248824102577174
-0.34732614880558543,29.00976378493081,36.823609304128624,36.77165069491612,-0.05195860921250528
-24.509844978041798,7.572044487931031,37.132530752932325,36.877337895501896,-0.25519285743042985
24.691120649798734,-23.3095138158302,37.45157721951033,37.521782117944625,0.070204898434298
-11.090200212177507,-6.869543538528504,37.08736917523938,36.9721990551414,-0.11517012009797867
-21.274811684141113,-29.434673351644236,37.13001621700226,37.16788686452728,0.03787064752502545
5.245805657003785,2.675525743142032,36.98346447940785,36.952358026523044,-0.0311064528848064
-17.909028271622113,-31.772148265328454,37.11189542048251,37.23471937339916,0.12282395291664727
22.97380499158011,-2.71950791522071,37.157720791072165,37.202783576954744,0.04506278588257828
30.60054037457482,-8.304641148013133,37.22782218388929,37.35846088485343,0.1306387009641412
-9.712722232647351,-22.88834691353979,37.21038427562579,37.183384121233615,-0.027000154392176512
-27.54375835511067,9.741957945738875,36.94399014021631,36.862273718908256,-0.08171642130805168
26.832806951199267,-27.385705714926083,37.58951475017896,37.60233184481049,0.012817094631536463
0.2953635102981593,25.7524354446807,36.81591111678706,36.79114695497124,-0.02476416181582408
13.394185920982139,1.430292241679119,37.08264418751596,37.049330190499816,-0.033313997016144015
1.0999379032981906,30.644390984027083,36.832314166464904,36.7632771718129,-0.06903699465200219
24.7424163530373,6.649791465575873,37.05862397561554,37.08225014575837,0.023626170142833303
-21.498962640736273,10.447361124496751,37.229775016413456,36.86297948759196,-0.36679552882149835
14.452093330239812,13.217711680682982,36.9384144682903,36.8864178859101,-0.05199658238019822
-13.48989010861822,-5.451153348419581,37.01500168806156,36.96202024692845,-0.052981441133113094
-10.625948577586769,-16.597427087291322,37.16959511490083,37.08216789439226,-0.087427220508566
12.302207761485619,-2.4508318550104065,37.09235823611847,37.095789786567316,0.003431550448844689
-23.743839316192123,-5.67267590619123,36.820725238659726,36.95514019231068,0.13441495365095335
-17.208191742462027,-1.2995146116716114,36.87732193302837,36.93486095580137,0.057539022772999715
13.672502911622772,1.5905768053174114,37.08367283634645,37.049663509412255,-0.03400932693419634
-2.1221292644413197,0.3490651119775521,36.917785004183784,36.93727453313666,0.01948952895287448
-16.832373541565637,-29.09433395149685,37.18884287099084,37.20578542290186,0.016942551911022008
25.657554429283813,-29.609389856570125,37.641038348923516,37.623643673476145,-0.01739467544737039
22.24602929025407,-25.225025227952834,37.481761070145495,37.526305778369576,0.04454470822408041
29.072675807692562,23.780725156425838,36.85109029121493,36.872453625033025,0.021363333818094077
26.74159354283558,25.866102564461784,36.92459043872332,36.81931513123247,-0.10527530749084946
-8.398762822982775,27.188790749145973,36.78298831577003,36.77584756479057,-0.0071407509794596535
-25.53152799798586,-17.803903418431887,37.10806388128571,37.02441793823716,-0.08364594304855189
-0.9055303072875205,-3.6661806560229024,37.004038269427866,36.98610300135559,-0.01793526807227863
28.17441469534652,23.66599928998562,36.83959131954938,36.86546482733028,0.025873507780900695
-30.65391418027454,21.60899386867537,36.85406669154507,36.79063274474672,-0.06343394679834802
-0.17020089870072042,-25.605563722718777,37.30021851889623,37.31543821474935,0.01521969585311922
7.419986562819325,6.049453771586542,37.005577330270384,36.92379789297705,-0.08177943729333492
-9.063894618438205,-22.540165263355163,37.203705722015606,37.184535444896234,-0.019170277119371804
7.232480526236991,-5.764305458529627,36.96311567178024,37.095501876503626,0.1323862047233888
9.010267620981274,31.58103965878191,36.88483388241611,36.76412181024914,-0.12071207216697388
18.7560388768582,4.47598886162892,37.07722512083554,37.056371913999484,-0.02085320683605829
-31.916609804980382,31.596132978746887,36.72669898996302,36.731420239044894,0.004721249081875101
3.3559845377312314,29.002352656791885,36.82159536541748,36.77464496360064,-0.04695040181683652
29.08002804849508,-7.951856122738491,37.217238661911814,37.338596907646,0.12135824573418574
0.06995218552823701,25.178677865814905,36.84134396641264,36.794311261211135,-0.04703270520150227
10.528512721195554,28.572914530415474,36.872250681364875,36.78286339107713,-0.08938729028774617
0.9575091974117527,7.843203119234204,36.992782419291345,36.8960518469624,-0.09673057232894422
-24.861161513657926,12.2583321355498,37.116126493211425,36.8497456699413,-0.2663808232701257
13.369097654224916,9.448364196725137,36.96508946463982,36.93132250008421,-0.03376696455561046
6.9006085677190185,-23.234914549281953,37.21117787080082,37.348896808924614,0.13771893812379687
19.93179333342197,-15.701782641783552,37.19821837348193,37.364086311927046,0.1658679384451176
-18.77289245459002,7.88100790431605,37.25086798431836,36.8801088521329,-0.3707591321854622
-30.14794499894692,23.346667688561077,36.82789845159215,36.780908558706564,-0.046989892885584084
1.767458471886279,-22.36036386077027,37.297694969316794,37.286484865074215,-0.011210104242579177
-23.56002872753163,4.219684179588157,36.82064080946651,36.89763275524859,0.07699194578207624
-6.10286900923208,10.464467717180398,37.256690056020844,36.87514855034408,-0.3815415056767648
-10.32020062943132,0.2974596011078674,36.914962101816464,36.93104245838571,0.016080356569247556
-18.685552748361623,-7.513943358752186,36.863885022898735,36.96990215129138,0.10601712839264366
25.820601023568422,11.657424489176215,36.96879157247666,37.01911175644906,0.05032018397239568
19.29971041509686,8.947383436736224,36.995199064473425,36.99594813446872,0.000749069995293894
5.2108233072452705,29.248497118073345,36.843741068983874,36.77468847755669,-0.06905259142718734
-8.145489780403878,0.21203686361760532,36.92170945146327,36.93327328548547,0.011563834022197739
-27.42814399341257,17.352017586769996,36.88994596374219,36.818013470257355,-0.07193249348483732
28.514464390482708,2.4608120483417792,37.15130268455439,37.18019961981058,0.02889693525619208
-22.434715062781926,-20.02865636020295,37.12141244794957,37.03985184928365,-0.08156059866591647
19.4697154191786,21.84986510365689,36.827667987617446,36.829171184417405,0.0015031967999590279
16.27032153051492,25.164406660653952,36.81404952700428,36.8073041049005,-0.006745422103776377
-21.981633156531274,21.055471011463723,36.96641191710424,36.8007694690897,-0.16564244801453754
-13.144903389289887,22.019847370239397,36.869417285399436,36.80219073215698,-0.06722655324245608
12.401710264388505,-23.252705045422402,37.30090537587611,37.40227812009515,0.10137274421903442
-27.206293469958148,-3.3762152095408453,36.74783830790127,36.938996989159236,0.1911586812579671
-13.107375410502293,-30.410650824885707,37.2343873970649,37.26108834018284,0.02670094311793747
-6.730416248139839,-26.34533752167078,37.235820564399404,37.262956562953434,0.02713599855403004
22.910355069868345,16.29705944304247,36.870997121646866,36.92286505557373,0.051867933926864396
8.748650199074582,28.387941959964287,36.862279221276054,36.78252310639197,-0.07975611488408418
-12.903602181077794,-1.6123053520504627,36.948890510454405,36.94011415914187,-0.008776351312533848
27.240467226019156,-0.14566212126798206,37.17117011256222,37.20618017405737,0.03501006149515007
-23.90777060037029,29.41992202159306,36.80960043656062,36.750485512270735,-0.05911492428988652
8.116731622728501,21.78721829570315,36.87756694864807,36.820489388882216,-0.05707755976585105
5.0624273737278,28.744129231403306,36.83541635375873,36.77750974363667,-0.05790661012206044
17.381519883883747,-12.866492705299692,37.18170905332611,37.297816912987834,0.11610785966172443
-15.781962356964577,-28.606285023469646,37.22740747388657,37.20876023727277,-0.018647236613801965
-26.048825786876556,11.1700384196661,37.04689800780261,36.85514196178646,-0.19175604601615248
19.781101684159758,-10.494415464481804,37.17366382058209,37.28614799027225,0.11248416969015551
-14.738041551213755,-29.35611290655897,37.223633397943736,37.229853694586176,0.0062202966424393935
-6.746716026862934,31.894031074621196,36.880762173680864,36.74974131080931,-0.13102086287155146
-24.82550246082397,-8.463383263656993,36.89427597190294,36.97054283331003,0.07626686140708472
2.382667679938855,10.41648169647496,36.92823067567941,36.882190130920186,-0.04604054475922226
-4.250644477989333,17.661553920515153,37.166412449991114,36.834679023738595,-0.33173342625251934
25.363071395574018,-11.748430369464124,37.21217142613387,37.358467229215016,0.14629580308114498
-27.511273532770836,-30.87260821666014,37.05153909854939,37.128785698131374,0.07724659958198288
20.794687061554853,13.477458681406318,36.916107138743065,36.94384852255499,0.027741383811921594
-18.33205188533666,24.460141868927842,36.861968171364175,36.78383488182402,-0.07813328954015475
1.29308563072437,-11.246866275895712,37.110886525194736,37.118674706548894,0.007788181354158041
-30.578514824633224,-19.264611951116443,37.07112197766392,37.02890931252672,-0.04221266513719968
2.824050661585403,-21.259313636414106,37.286293389552384,37.28051590823576,-0.005777481316620481
-17.98684329850557,-30.68201915420415,37.140588519855385,37.21795670072617,0.0773681808707849
-4.850232594086442,24.127437819358747,37.00616612774443,36.79651724736064,-0.2096488803837886
-28.747557956648976,-26.506256117154024,37.171973397221215,37.07257356368608,-0.09939983353513782
28.699760787819137,-13.058800520841132,37.26997759272407,37.40993319775723,0.1399556050331654
-9.695794797276946,-14.651086415744466,37.15007060065819,37.06256281322004,-0.08750778743814891
16.546284607101768,18.780207745750886,36.91520134772225,36.84473192227808,-0.07046942544417334
9.532915635184708,-27.886275319644653,37.369102643272925,37.44263188535953,0.07352924208660738
-12.531929588759688,21.504851172417503,36.89174453936619,36.80568065786971,-0.0860638814964787
20.19992714678917,7.527140462952779,37.02558350174369,37.02550067096156,-0.00008283078212656392
24.702858787789317,14.054635314294217,36.9197737135616,36.97310952399089,0.053335810429295805
-29.555787520779752,-14.323861922311515,37.029644578645076,37.000928989585354,-0.028715589059721935
23.98640218936474,30.321388534391332,36.91608386731275,36.783397321692654,-0.1326865456200963
-31.701223574066155,-28.8601215269291,36.991579858662774,37.08393848323854,0.09235862457576616
11.808352436412314,-31.39564356983621,37.5381982715176,37.516147918146075,-0.022050353371525944
-12.030411621822438,3.986817718196704,37.07039033151461,36.90817759372499,-0.1622127377896163
27.664684244254474,-28.984222890719835,37.64320500725584,37.63384288094103,-0.009362126314805153
3.2296767396601638,-2.9403999401111705,36.909316739262415,37.01537369013772,0.1060569508753062
-0.9040636684768302,27.557071208216293,36.78736509642393,36.7796735186288,-0.007691577795135629
1.001559603597812,-18.894654969629556,37.260062880252214,37.22818655478868,-0.03187632546353569
29.90325049789041,-10.437853978037445,37.237916540225,37.383059242922684,0.14514270269768303
-6.123291225947106,20.795655528562897,37.04293688894311,36.81492082242692,-0.2280160665161901
25.260260552421194,5.7250766750166875,37.07819236700732,37.10083232729501,0.022639960287690997
22.76447262301857,-28.416602977606445,37.57227044062788,37.57818829499962,0.005917854371737974
6.554772209937859,19.904372065126623,36.884531195792775,36.83021816566273,-0.054313030130046513
-5.141297274533592,-30.610395645899438,37.30556479103312,37.340944534241935,0.03537974320881432
25.617434048069782,-22.679129030044606,37.44306777010289,37.52146805515545,0.07840028505255958
-21.07809956422721,-8.781207851587872,36.858123500477475,36.97538136641979,0.1172578659423138
-30.292759471753016,-4.588178101802178,36.84153962045781,36.94360093279551,0.10206131233770321
-30.603024690374788,-21.631390153687477,37.09648733500535,37.042683660439316,-0.05380367456603352
-25.139824600675908,13.40713929679918,37.07716460813121,36.84282821855718,-0.23433638957403247
19.97232261764691,-1.3027199616777665,37.13404471098846,37.152991439713794,0.018946728725332207
-18.766590861387762,30.374288435914465,36.74954314577473,36.74902022311677,-0.000522922657957281
11.107691887899357,30.524095657317062,36.88316852854153,36.77195319697037,-0.11121533157115948
-5.421875179566825,-22.496455318474624,37.19260130639302,37.2190617052874,0.02646039889437901
21.43662847974715,16.322713240860892,36.866796702794744,36.90825759303242,0.04146089023767274
-1.8152484068829864,30.8398978113294,36.884533260776536,36.75981469449411,-0.12471856628242506
17.290205748297375,6.433956625698102,37.034915496358344,37.013459811317055,-0.02145568504128903
-6.577678279884694,4.951515755791476,37.196346200051906,36.90690035985649,-0.28944584019541253
-24.224388105411613,-6.266644309972158,36.83933505494504,36.95821897709756,0.11888392215251997
-17.929670128955458,-24.38343391602993,37.20485215930009,37.12599830845896,-0.07885385084112784
14.523629101804154,-27.660373342738893,37.45397106589143,37.48750552698577,0.033534461094340884
-10.860949963210913,-15.40042809965854,37.173148716008825,37.062317739631474,-0.11083097637735051
-12.716894024864843,-16.551972679241217,37.18006173782011,37.06130959079875,-0.11875214702136105
0.9830967904333292,2.231827629503364,36.90340206500269,36.92877603485168,0.025373969848992317
-27.36437745826059,-0.1916560529133946,36.68794749619701,36.92031100714633,0.23236351094931962
12.04403795033381,19.4018467292666,36.944024109500994,36.83752120477266,-0.10650290472833035
-31.850151765450086,-21.980060296884858,37.10937982374118,37.043721949229685,-0.06565787451149419
29.018603609258875,23.636380191403397,36.84152178212567,36.874051557040666,0.0325297749149982
20.12187718320329,-11.367813993666054,37.17956892759275,37.302266644582275,0.1226977169895278
-18.725974733249913,-12.488849477210195,36.94880506508929,36.998864314743805,0.05005924965451669
24.23939950453608,-28.89196119951479,37.60625989738314,37.599412381583555,-0.006847515799584869
13.158074021425016,-16.915786193930956,37.11246041020647,37.316508261992745,0.20404785178627804
-15.835729159541444,28.22148091095862,36.71932573541328,36.76390258489181,0.044576849478531244
-14.892638073510497,-26.90702664871209,37.26562522238999,37.19238991750562,-0.07323530488437058
23.85109915847829,28.65864599838521,36.939517802807856,36.792980173432575,-0.14653762937528114
8.821781371031896,-12.210162330601818,37.00909718308466,37.205522085594744,0.19642490251008127
-1.0507367524691062,8.98716004625021,37.14344350936386,36.88778440200582,-0.2556591073580421
-23.14738312363599,26.434509348548595,36.86665227901099,36.76849080427635,-0.09816147473464554
-31.61172714775055,12.267367175753563,36.92372198123525,36.84431365560795,-0.07940832562730549
17.94407185933313,7.324918412276887,37.020621078592804,37.00668770471137,-0.013933373881435784
-5.6898433065137795,1.017294278554651,36.958645751159736,36.93053698789792,-0.02810876326181244
-26.917245900378433,-0.14745540254057232,36.69726899521712,36.920409708191066,0.22314071297394378
-8.04385919921615,-16.02527140107265,37.14544053474936,37.098697658310826,-0.04674287643853603
-20.835558741556014,0.8438533660218823,36.76093758579989,36.91947858122898,0.1585409954290924
2.7256121270281355,9.423018727323871,36.94866756515476,36.88825344114354,-0.06041412401121704
17.47136236968671,28.360209501677502,36.91828454937132,36.789635645886385,-0.12864890348493674
-0.8907402994773648,8.856930257394225,37.138355012274424,36.88867089466748,-0.24968411760694664
-8.523319936686853,20.053220247981635,36.98173759327608,36.81733530516768,-0.1644022881083984
-13.3496507963292,-15.405403800900217,37.162763200429794,37.038359302823665,-0.12440389760612902
-7.272970273525139,-3.9363093791698063,37.06845242729196,36.95814565491376,-0.11030677237820186
-14.669938946860611,29.62648928032273,36.73793039240521,36.75664300956484,0.01871261715962902
15.438001441266614,-22.459669070367163,37.318039230139654,37.41994959088825,0.10191036074859738
0.6520619481221885,-4.813293139894704,36.9857429466828,37.017991716178756,0.032248769495957674
-28.87120256304874,-25.516814055685664,37.1759023831176,37.06670844237586,-0.10919394074173994
-13.45639229816694,-8.980249648858724,37.07156794030068,36.98261495487215,-0.08895298542853425
-20.979603302434498,14.473404959957897,37.12468345926745,36.83992906533612,-0.28475439393132973
-16.973842678880324,-14.300057392264392,37.04436755752662,37.010816491104556,-0.033551066422063514
-22.27442774937174,23.144482031157537,36.92504229759523,36.788361131049385,-0.1366811665458485
-7.938876697365799,-10.157315385980006,37.11560224355751,37.01352579162264,-0.10207645193487025
1.3958142226415973,21.28958357893523,37.192208946897885,36.81803393516269,-0.37417501173519696
-16.6022968613119,-5.219009350002352,36.900569944304856,36.95818708355662,0.057617139251767924
27.535221816336424,10.36601434005155,36.99918668760576,37.054636150044495,0.055449462438737385
-17.01025221059519,12.384362919906565,37.18752556245349,36.8552673401271,-0.3322582223263879
-7.552717049788889,-9.670750585688474,37.10903200906183,37.010108225215276,-0.09892378384655132
10.472679166962777,19.271066902602257,36.934748681827294,36.837031229419445,-0.09771745240784924
-24.923108076828818,-19.939809881598038,37.147831236720144,37.03735110271746,-0.1104801340026853
31.247587079739617,22.435306661183965,36.84498875987471,36.9132159461526,0.0682271862778876
30.14766124979728,3.4244381008901428,37.13952549160196,37.18181691933653,0.04229142773457539
18.459960397789537,-10.092002546517278,37.16412745810325,37.26748027999313,0.10335282188987804
-21.070734584898794,18.18559212209199,37.016571764565306,36.81822135429109,-0.19835041027421596
-21.278907242122877,-25.921950644330003,37.24478366886819,37.11625420203185,-0.1285294668363406
-31.251371816578512,-29.80172934739482,36.998697691908085,37.08978476693644,0.091087075028355
31.099435880984608,-8.295672252774729,37.230779813512875,37.36314661393839,0.1323668004255154
20.45923343151732,19.889043364120127,36.84842439385355,36.84643914841258,-0.001985245440970118
22.693057144265254,26.44127776824439,36.91398643086766,36.80498045791879,-0.10900597294887149
-26.303793561333762,27.41552160593274,36.821701786226384,36.760258077646235,-0.0614437085801498
-27.21601300111302,-28.063078598780606,37.09363950902654,37.09037184137759,-0.003267667648948702
-5.497427925934126,18.157795428933802,37.11258126337535,36.83079333563727,-0.2817879277380797
19.434074497710675,21.033855564912386,36.85991648899501,36.83389858865111,-0.026017900343902056
10.976637520260809,-9.99101680700101,37.096922915443535,37.193736215407846,0.09681329996431032
11.20136175607103,-30.999607214156462,37.51641080629925,37.50446988041498,-0.011940925884267983
-0.6787984796750095,1.2648914888147544,36.95134705265599,36.93308713675326,-0.018259915902731905
13.981263944284386,-1.0592458410898757,37.09718398850261,37.091564253253004,-0.0056197352496027975
15.264654374721466,-16.786762713129697,37.166264829055834,37.334954896155,0.16869006709916334
16.666279528169632,14.383231078464625,36.91260372877137,36.890680055228934,-0.02192367354243885
-25.616476937220092,-12.039726829422058,36.982271351126755,36.99075590286838,0.008484551741624102
-12.963280694886599,-3.502498552062306,36.99801853223537,36.95108288507,-0.04693564716536969
-8.62562685796886,10.92465464207325,37.22448036639875,36.87045620076172,-0.35402416563702843
25.43335490400444,-19.257492635401988,37.343654840849595,37.46943525637426,0.125780415524666
8.718775652748512,31.43643883658965,36.885489463256334,36.764732279253785,-0.12075718400254942
-6.16925717466502,-6.944942151904613,37.07697338619465,36.98343194826324,-0.0935414379314139
-7.09347850384782,-21.31768727565578,37.18310253869477,37.185607130058415,0.0025045913636461137
-14.052068774294497,-2.3884189785745207,36.97981841239184,36.94372226205498,-0.03609615033685998
-17.300524925604364,13.805572629850289,37.128695169198764,36.84675304121656,-0.2819421279822052
5.947623190389763,-26.65326619724088,37.291820406596045,37.38990158370418,0.09808117710813491
1.791439312761156,-28.42933340640645,37.3475142880385,37.37585442027044,0.028340132231946313
-6.444792759686678,24.6859461535889,36.943026036236034,36.791991525843244,-0.15103451039279037
13.608194515607586,-1.0117586502040012,37.09470789170635,37.0872643334662,-0.007443558240147752
-6.547221858097764,8.089154970861657,37.196010486659645,36.88863807626728,-0.30737241039236807
30.459417952709167,18.61122089706241,36.85522452822178,36.96177144768025,0.1065469194584665
9.429588734250999,-11.24170312419303,37.03254843307759,37.19716698085169,0.16461854777410423
20.547788498743977,28.1461483575385,36.948906829815634,36.79333474806366,-0.155572081751977
28.976509709543826,-4.915325941542136,37.20343455603716,37.29299827164918,0.08956371561202303
24.92547646965692,12.3445114848707,36.95218129836132,37.00037661972608,0.048195321364765675
-12.181595227406575,20.912421288776905,36.91246969419583,36.80941258597951,-0.1030571082163192
-4.349247439518464,-1.2145549772518578,36.97539592511203,36.94461277167343,-0.030783153438605382
10.831849445149082,-24.745629716054196,37.30285675883712,37.409046482659264,0.10618972382214054
25.47516840241012,14.39198449381476,36.91597750702134,36.97561232263287,0.05963481561153117
2.0371869607437745,23.94678478289194,37.014225682768895,36.803058528296546,-0.21116715447234924
-5.395598699519184,-4.430038213341206,37.09029746910124,36.96251919874845,-0.12777827035278477
-20.618745623899812,31.916437306679228,36.77357912221353,36.73855645090297,-0.035022671310564135
-7.10520188797171,31.42892530431582,36.87048071030578,36.75216633695631,-0.11831437334947026
-25.401688695103438,-4.752715879757524,36.81041862777609,36.94845745155779,0.13803882378170584
-19.011059486206534,4.732969101569864,37.008883615197604,36.89826622642684,-0.11061738877076266
-26.126207655740977,-2.071262528555046,36.68051281933106,36.93225225519856,0.25173943586750624
6.142803321979663,16.40982568098822,36.91409271909584,36.85025653110019,-0.06383618799564772
28.297258512981116,25.234469507439663,36.914827108789325,36.84361413162545,-0.07121297716387431
21.527759617229016,7.760606461835238,37.02565917297805,37.03489352139566,0.009234348417606952
3.1555626094583715,19.541962811789467,36.92365306929113,36.829621586941954,-0.09403148234917325
6.426664824188208,-1.9684700571539722,36.93639517259222,37.03196938617302,0.09557421358079665
-6.506976316327567,-15.59511551471926,37.13399335977003,37.107220269067895,-0.02677309070213596
-16.55937350305821,13.075025533487072,37.1581792215306,36.8516013660524,-0.3065778554782028
1.4991339460116677,-30.116508641248316,37.36831173507747,37.397812232834504,0.02950049775703434
-23.618074491992196,-8.967080463126827,36.89169164803565,36.97444061271335,0.08274896467769821
27.839342557591777,16.540362874722994,36.884177226129154,36.96688707184925,0.0827098457200961
12.276401492754452,20.41460085492399,36.92262497387534,36.83180391183193,-0.09082106204340334
5.801687684137576,-13.833867762831574,37.15833610862674,37.20020747946654,0.04187137083980019
9.254320915877273,-25.201187581415738,37.287328213786914,37.40050447894598,0.11317626515906909
3.7187165719674553,15.854631377894066,36.888831150375566,36.851560578768996,-0.03727057160656955
-5.1930844238521345,-2.33567329265572,37.02371278966329,36.9504743567585,-0.07323843290479459
5.029353159207865,9.061440233646643,37.03098739300672,36.892196559437025,-0.13879083356969346
-9.342236650309665,14.616109841305061,37.11466757776924,36.84837089000043,-0.26629668776880777
-1.8986288883072149,-21.49465840416525,37.25192436209773,37.238369160108455,-0.013555201989277066
-3.608030220554596,-25.288568470571434,37.27546610335983,37.277585807594285,0.002119704234452513
10.206067840059063,23.408843198279477,36.85209680430381,36.81270329604508,-0.039393508258733334
31.794910113977075,11.51276149157411,36.99343794143689,37.0789259163806,0.0854879749437103
21.94675008212323,-22.967634760920888,37.413639534544615,37.49026044103152,0.07662090648690878
-8.495635577733594,-1.9532225174870845,37.0042954403568,36.945613665383725,-0.05868177497307414
12.768652001516777,-22.15897827259161,37.278124268548765,37.38975728926833,0.11163302071956593
-15.682839127934677,-20.415229015124595,37.19196326285996,37.08941126083052,-0.10255200202943371
4.852704605521595,-19.361350970112056,37.208899638332944,37.27222877122059,0.0633291328876453
16.1573899745621,-27.93690487841217,37.471555555366734,37.50734308734354,0.035787531976808395
-21.253431655113324,2.7259686297813985,36.753649306241115,36.90817638572939,0.15452707948827538
-2.9264976131156075,4.248940508170534,37.163294961572035,36.91390459081536,-0.2493903707566716
20.499374916738667,-18.693592272152884,37.27101790939551,37.413509225537005,0.1424913161414949
-23.816859944860504,15.369316896894787,37.094012074873795,36.832446639691724,-0.26156543518207087
-12.892697014361111,-14.933233514883227,37.16381033540371,37.03583676170492,-0.1279735736987888
-10.311321359474078,-26.899453990092496,37.243133565577324,37.236517033602055,-0.006616531975268458
3.6661265104196943,-17.453201184243532,37.249101119285044,37.23274492650981,-0.016356192775234035
-7.6313542972485,-24.378517968080104,37.20904502273141,37.22536921772337,0.016324194991959473
-18.752161002468675,1.3274017647006673,36.807765347799524,36.91832060829126,0.11055526049173636
-15.724583645093901,-9.019248866712495,36.99924680876045,36.98103478220912,-0.01821202655132481
-16.583760005983393,23.725272598181178,36.835557644356484,36.789510961883956,-0.046046682472528744
-29.025482398810404,7.155863639917584,36.81760409499963,36.876165050937054,0.05856095593742339
21.725998572763004,-27.88269149126547,37.526779080579246,37.560318704996206,0.03353962441696012
16.341905273415506,15.107895754083344,36.90854439540128,36.876904303908326,-0.031640091492953104
19.168281526261133,-19.660748939312548,37.26040464549463,37.41486096853411,0.15445632303947576
-20.25655928264632,-4.33593148288616,36.76037211923366,36.95012840499533,0.1897562857616748
-12.926491951300576,2.729836354765318,36.89414458135296,36.91478937422119,0.020644792868232287
9.280390694982273,-30.686734961459955,37.448168152428316,37.48132519239486,0.03315703996654662
19.491057475415552,21.469639222923284,36.842669704147625,36.83140419532962,-0.011265508818006253
-29.90976966640259,17.511602585437217,36.892795802692994,36.81510584347883,-0.07768995921416177
28.27623824960282,1.2905466315148857,37.16872027328294,37.19508752194735,0.026367248664406873
6.454220179401176,17.59071647168988,36.9050315665222,36.84362231226889,-0.06140925425330579
-0.6874985173647872,2.8946932510345533,37.054497785296995,36.92358151551529,-0.13091626978170723
-8.200634849470589,5.8694282177042965,37.21113446454091,36.90025735777302,-0.31087710676789015
-5.137680156392236,5.063568945981345,37.205942505563826,36.90739479836208,-0.29854770720174884
5.640113186936972,26.530536530625334,36.78632573370079,36.79087118197829,0.004545448277497144
23.69667222781328,-10.916539591179216,37.1987626984344,37.33015766644527,0.13139496801086636
5.882915260377999,-22.133196143721023,37.17904769606304,37.32288821884393,0.14384052278089143
-26.781683171476757,-12.059154810869245,36.99590118431405,36.98994060785482,-0.005960576459230538
-9.15985874486821,12.419995943540243,37.17780155288928,36.86131544870424,-0.31648610418503864
-12.189098772167405,-9.114074426865201,37.09809596853108,36.984404776935,-0.11369119159607521
16.523462263502452,9.829866709861577,36.968326344663225,36.95617851518085,-0.01214782948237314
6.473123436042734,-25.389656960515737,37.26307926160336,37.37641668478686,0.11333742318350204
19.120606512061144,-28.078933654339593,37.44907205159906,37.53804269468021,0.08897064308114722
-28.950263149252066,8.3769727274437,36.92364253220956,36.8691082148758,-0.05453431733376135
6.383680048942487,28.348944274881532,36.83583211338869,36.78086580418696,-0.05496630920173118
-25.51366613445809,-4.850688158076956,36.81708375372462,36.948939214220395,0.13185546049577823
28.75945218616034,-16.05967331051383,37.31681336247337,37.45458491192078,0.13777154944741454
-9.116871173294477,2.042835888007538,36.90281465612783,36.92182909037398,0.019014434246152234
-14.172495198477378,-1.9990996608645943,36.968257349024356,36.941357295599694,-0.026900053424661508
-14.212865975131756,-14.144107574385707,37.130721438584956,37.012107749383034,-0.11861368920192206
-31.022586692527142,-11.264992903773525,36.974217961346795,36.9819326629967,0.007714701649902622
-7.7040961752634445,19.20234132576725,37.02276589989188,36.8229471528211,-0.19981874707077907
-30.459394818088427,-7.888162651250582,36.939348324924616,36.962700867706154,0.023352542781537977
28.599367209158267,17.083654913591246,36.8768419856907,36.96624645807006,0.089404472379357
29.912417661038404,-22.70977210210379,37.48699636046991,37.56339156078905,0.0763952003191406
-21.31889703144114,-28.5912870982989,37.1778267865883,37.15507392979641,-0.022752856791889542
-23.56965050775638,-15.604968879143826,37.03714460896101,37.01316564400039,-0.023978964960619464
4.405456391830938,-24.05085754538186,37.251020553522885,37.336787158481414,0.08576660495852906
-23.438445252617896,-12.115755163774068,36.958808551003344,36.992934624503185,0.034126073499841425
-13.589795323348156,24.18372943359318,36.801597126467655,36.789224833746545,-0.012372292721110512
-26.349390560496794,10.800121590970967,37.016725822144394,36.857058370749726,-0.1596674513946681
-30.85323206203413,-30.133023050732994,37.00682567251703,37.092032855668116,0.08520718315108411
24.87426573046242,25.43525554317126,36.89211289633705,36.81258183179142,-0.07953106454563397
-2.2199885015207244,-9.623911449286389,37.06768768090184,37.060914435443586,-0.006773245458255417
-27.82474689000474,18.495455824753186,36.88426128995248,36.811033326343384,-0.07322796360909223
-13.272456733592136,-21.537167789015115,37.21633553821097,37.12916499156741,-0.08717054664356283
-18.81684095839438,-29.986777374277224,37.141022422375386,37.199730672180195,0.05870824980480904
-22.79211202616731,23.08340964812745,36.93406335483619,36.78830453887365,-0.14575881596253737
7.267881480782734,-30.164621222620838,37.40339170496105,37.45422335475605,0.050831649795000544
-3.315433813796986,-30.58278187662318,37.316185864847185,37.358169951048424,0.04198408620123928
10.358604124931581,18.753061276009277,36.94474007337807,36.839959327412814,-0.10478074596525744
0.5449800081069753,27.394501422801547,36.7865239838704,36.781775702339196,-0.004748281531206544
25.73890069958606,24.867195527115122,36.886001714010476,36.82430432557587,-0.061697388434602374
11.824773794879015,30.044407709957135,36.86608181086311,36.7753203029332,-0.0907615079299049
7.258076366840115,7.779108465964974,37.018767628114105,36.90144616307662,-0.11732146503748453
6.877294187631335,8.485519874650741,37.01445397876509,36.897025673286315,-0.11742830547877503
-11.676976778460997,30.28489314182041,36.77465576663924,36.75519076628749,-0.019465000351750916
-0.8351865621091008,-9.731955035644582,37.062340521287034,37.07587331934567,0.013532798058633944
23.830762091140613,25.347207757963425,36.897216955203646,36.812263443327,-0.08495351187664824
2.8349986707948034,15.820212890045504,36.898965852072635,36.851056961316,-0.047908890756637845
12.317909838429486,-28.993324687566165,37.47840053669226,37.48578427322596,0.007383736533697061
27.700885307259988,-0.6365233041137373,37.17638769012456,37.217835609777396,0.041447919652839005
21.247864860061597,3.3637890668591695,37.10735297612147,37.096769043135474,-0.010583932985994693
12.891610402446155,1.542484276148059,37.07922908677294,37.0428293751427,-0.036399711630238585
13.042448406452323,5.905830230571972,37.02895944805711,36.980199260913274,-0.048760187143834344
-21.47685782634627,-9.280685550324833,36.87389720264591,36.977974624392616,0.10407742174670886
7.010474471529321,-18.465104861416187,37.09270115971419,37.27990112176776,0.18719996205356892
-0.5660761850278817,-7.751240817014626,37.07748650786171,37.049380176338225,-0.028106331523481742
13.979355082638016,-19.022968998675452,37.21781874236088,37.35538800468477,0.13756926232388622
23.27267766414706,-11.02666344280209,37.19674259917146,37.327680913010575,0.13093831383911692
11.028884058313722,-2.3114055808470653,37.084394110570585,37.081446431156785,-0.0029476794138005857
-16.177662029523376,-29.53954161011702,37.19369586117065,37.21864646842601,0.024950607255355806
-19.09280804939494,-0.2932097137275278,36.82749409419593,36.92749428144845,0.10000018725252602
15.663005887886811,-3.204807072333786,37.11686643142787,37.13931650447981,0.02245007305193525
5.908324137256876,10.549401545881906,36.96972005224936,36.88422496491228,-0.08549508733707967
14.693094738269572,19.614986434904374,36.90817885004652,36.83838996705363,-0.06978888299288855
11.006098695643885,11.30017861777766,36.98462691648336,36.883911631391356,-0.10071528509200078
25.76392729763994,14.253806906000023,36.919468821171414,36.98043013403596,0.0609613128645492
-2.5919303472508943,24.596447739990325,36.97278860902232,36.795583383519904,-0.17720522550241213
-13.258575322649428,27.429249295572326,36.7229299556047,36.770573479239005,0.04764352363430646
3.662673174886102,9.445906601686772,36.97486203043397,36.88886676827328,-0.08599526216068654
1.6801806272372488,11.511323321907298,36.95133295078579,36.87524946270184,-0.07608348808395249
0.38638591452667015,19.22431456188334,37.18897431325636,36.82926619296966,-0.3597081202866974
12.895022387270224,-6.945133296548676,37.14050323079542,37.16752420522014,0.02702097442472251
-29.680123319249773,7.968014685318728,36.87704087471012,36.8709100661421,-0.006130808568016732
25.525103343099772,-8.480535565570214,37.19855391446811,37.31203464527612,0.11348073080801413
25.846358728037117,-12.301476656472587,37.21860587420623,37.37125683985955,0.15265096565331504
9.766396416002245,10.688819862426215,37.00862458462535,36.8864868188833,-0.12213776574205326
-11.32545440457362,-31.74925858059843,37.19649484060302,37.29795581630837,0.10146097570534351
-14.002486488836887,29.006031298583352,36.74601752142498,36.76079099241716,0.014773470992174964
-23.802085809180703,3.519917731791736,36.76277035409601,36.901518192340205,0.13874783824419268
-21.303545835795596,16.80153128325759,37.05724426115024,36.82610231240186,-0.23114194874838034
-24.451580210356745,31.4583283164851,36.762618849424825,36.738172077300355,-0.02444677212447033
-0.5525693614945837,11.750858946350242,37.16913434323983,36.872074196493365,-0.2970601467464675
-6.8701160604695275,-30.958417437967825,37.2975103685958,37.329362197911244,0.031851829315442615
31.374949703980363,9.420562708386875,37.03129135201841,37.10559984329963,0.07430849128122219
-22.135936436450805,27.43352971732353,36.829501959194516,36.763474385268424,-0.06602757392609249
-10.316159738105036,-13.584845537751754,37.15911614110213,37.04091200136465,-0.1182041397374789
25.95174877357318,21.651821560434456,36.79001899847861,36.873585444925936,0.08356644644732825
-1.6461929480867354,-21.513458707063457,37.25601535779232,37.24108287410503,-0.014932483687289277
-7.1014310673215135,-25.30433542559097,37.21465231835478,37.24408423281954,0.02943191446475879
-0.022548030712115974,-23.738237985403337,37.28803328953135,37.28943764098905,0.0014043514577011251
-17.00781391455034,31.435649068669605,36.788923618945375,36.74423600605851,-0.04468761288686807
31.458723367873823,-16.832782414259327,37.36491399846255,37.492004789230464,0.12709079076791596
-9.807594045045668,3.0111219491498105,37.00724603085514,36.91563537838547,-0.09161065246967581
13.055516181709457,10.259251389782229,36.95732660400717,36.91638457334221,-0.040942030664965046
-10.561079320215661,-18.74978525467334,37.17861340985499,37.11440704874218,-0.06420636111280942
-10.711370346543895,14.528315152690439,37.10480516102506,36.84779154000583,-0.2570136210192331
-26.88795026544848,0.018795896926711464,36.70758779013759,36.91946411979544,0.21187632965785497
-15.517715514724628,12.006773994499248,37.16138374586669,36.85865734076251,-0.30272640510417403
-1.7744245071156826,-29.123689237535466,37.31521911621546,37.351619899029465,0.03640078281400605
20.61687798738798,-23.406742432149258,37.38584387532401,37.48386825753791,0.0980243822139002
-16.090508611815793,-8.185172947509884,36.97098437954516,36.97588208703467,0.004897707489512015
-9.739172622036719,13.30061583653928,37.147929273774785,36.85572144514448,-0.29220782863030337
-27.072988943233057,2.620733466912597,36.71785238211874,36.90415224969901,0.18629986758026718
-27.773974676982228,-17.124545116314287,37.06768048523006,37.018671603435294,-0.049008881794769366
-1.9631611720513504,30.225957800142886,36.853938150841344,36.763274945637065,-0.0906632052042795
-1.081974168171513,9.665227360049045,37.155466387894485,36.88380764862695,-0.2716587392675365
10.432294425461144,-15.713911718613161,37.04991369542186,37.27253492141299,0.22262122599113354
-1.0185814919241878,-28.18339640063453,37.31317254527423,37.345107957102925,0.03193541182869808
12.840803743319874,-25.406638760140986,37.380722121617715,37.438154017936,0.057431896318284714
-23.568448613995805,24.097414891867572,36.923425150398685,36.78177614634405,-0.14164900405463499
-17.79778766576559,-0.7863929709293416,36.84473921509628,36.93140058448754,0.08666136939125835
13.197469441252252,5.701140982301993,37.03346849342951,36.98470255611453,-0.048765937314982466
-0.5396103021482901,31.691793768706482,36.89276235857261,36.755866262482236,-0.1368960960903749
20.210497185010638,-0.6374365311325008,37.13244930787787,37.145519962493765,0.013070654615894739
16.013518341769213,24.281290375253597,36.80866321718133,36.812246376960324,0.0035831597789908187
13.139335747606559,25.601598241386824,36.82926490794476,36.8022610934233,-0.027003814521464164
12.046085434837103,-30.899983366280047,37.52757482397281,37.51116351817238,-0.01641130580043182
4.237579385800444,2.7998659611893686,36.968932237042374,36.94079609463916,-0.028136142403212716
-9.488190086960678,-28.819268611754275,37.252663730275565,37.27266267220792,0.019998941932357184
2.257510980382527,-25.793862708594908,37.32195046358254,37.34164644893681,0.019695985354267975
-0.421690766906444,-6.156516008119482,37.036568730909565,37.027351877401316,-0.0092168535082493
-18.560018135643418,-30.197937491137083,37.13827900483952,37.20531203177877,0.0670330269392494
-22.816462197465704,-11.065142581206004,36.92841474244425,36.98730716579248,0.05889242334823308
23.729617208581345,27.263052361056722,36.94018499384681,36.80101706167131,-0.1391679321755035
15.05589999703406,-19.205720117818544,37.22783421283734,37.36846754857682,0.14063333573948
18.990895273644043,24.535890208341407,36.81414886881642,36.8131351345507,-0.0010137342657188242
-3.3777627839943634,21.502879862148696,37.14496312124073,36.81298687358492,-0.3319762476558097
-13.779105007761558,26.99682692577486,36.721515017488386,36.77267889377016,0.051163876281776766
16.692539452382142,-22.315716336453463,37.32328366568538,37.42994941777872,0.10666575209334184
-9.582242620253922,12.566495484724712,37.169897437670336,36.860125043915076,-0.3097723937552601
-11.69451118374807,-2.6353443014894893,37.00620803345748,36.947040052407566,-0.05916798104991727
24.69622413645684,21.485600086018387,36.79580814366406,36.86390316305427,0.06809501939020635
-15.016134142164084,22.42350463483448,36.86698449700764,36.79834703015556,-0.06863746685208127
10.374824877282443,3.9366149351209643,37.051341749887655,36.98336287086167,-0.06797887902598632
-28.89443182238208,-24.0236633281336,37.1602994951984,37.05798766247582,-0.10231183272258448
13.187309853723406,-26.935878884425357,37.42644307796994,37.46396068189001,0.03751760392006531
-14.156666378834892,-6.164356157422027,37.00702199724321,36.96564554470934,-0.04137645253386779
7.338051252367933,11.509964843166088,36.98126662800665,36.87976599574016,-0.10150063226649308
-9.271497375866517,30.6126088533927,36.799651719140925,36.75519766455493,-0.04445405458599794
-15.38574895607475,26.00026891334229,36.759691864565184,36.77720666404005,0.017514799474867004
-24.690337062107048,-15.078619832352715,37.03832371772879,37.00920496886406,-0.02911874886472532
-7.144596817432074,8.174214533188064,37.212888079070076,36.88766630533487,-0.32522177373520833
7.656504560640045,5.056104333058769,37.01258599205798,36.94067158977188,-0.07191440228609736
16.23689891890848,-5.6782807922306375,37.13113463802526,37.1811873043216,0.05005266629633809
-26.407630605564144,25.988491783274746,36.84066381553318,36.7684922406868,-0.07217157484638648
-23.587255992384208,25.140510099207447,36.901212794434095,36.77568186995912,-0.1255309244749725
-3.4133035412687036,-3.953409277245555,37.09731246283731,36.96610598643917,-0.1312064763981411
4.065313817677804,11.260080543169536,36.954165010627136,36.8786143900328,-0.07555062059433482
-14.244253715498495,-7.856010494180751,37.03340475180639,36.975434921481856,-0.05796983032453085
20.03680848706049,-5.093404811728377,37.15068903611417,37.20928981512544,0.05860077901126459
-13.275427298816986,15.82558026135527,37.04302758291242,36.83818768391054,-0.20483989900188249
19.334875121366608,13.778155744402511,36.90455356689242,36.92533572539478,0.020782158502363757
31.87369739561379,10.827016090385229,37.006782494683065,37.08975859164887,0.0829760969658011
-29.670650341402407,22.290750619836878,36.85868313244715,36.78744291955296,-0.07124021289418891
-7.204049883966448,9.1060413689518,37.25090387727053,36.88218812539529,-0.36871575187524286
-31.334022245368047,-1.098844395652847,36.65859654306496,36.92243490351664,0.26383836045167897
-18.30782275131964,-12.208394032080896,36.95921724786035,36.99756300021326,0.03834575235291027
-22.630510739319618,2.3353437247751927,36.751968873002184,36.909355636608645,0.15738676360646053
-1.887025395672893,-1.1825149902907341,36.98414467134597,36.94638812181561,-0.037756549530364225
-28.30481394814155,1.4006974899274311,36.70762701574296,36.910281161326594,0.2026541455836366
21.289455602804985,-9.226870943299275,37.17687126720382,37.2820959726443,0.10522470544047735
4.083261177635144,-6.344257851156144,36.92169342949458,37.073610277935394,0.15191684844081266
13.937941502434704,-5.00049201666571,37.114197804533475,37.149032974127664,0.03483516959418864
-1.8721585739486883,28.13907704783712,36.799936487812694,36.77551006521696,-0.024426422595730912
22.10580972691919,9.01418546994232,37.00416776317387,37.02206337608579,0.017895612911921432
-18.3728066212921,-2.9684867098263368,36.81648371340535,36.94365988132937,0.12717616792401998
22.13058211458631,15.199851164562851,36.88861969237686,36.93145061956445,0.042830927187594625
10.120086066705348,-19.076821913537927,37.13078727643394,37.31891290293671,0.18812562650276732
-26.843191247983924,30.2534033235436,36.770270901200085,36.74328871572923,-0.026982185470856734
12.521864603281252,6.29047924471277,37.020197624253306,36.96952284116872,-0.05067478308458817
-27.64246806147591,-4.938002040525092,36.828508422644504,36.94775170140595,0.11924327876144503
1.635339994313476,-7.644664281381154,37.044002953737355,37.06907225845287,0.025069304715515273
-15.631711807520183,-9.573212598497207,37.012213941771805,36.984337359329,-0.027876582442807774
20.09875966797533,29.58847319275415,36.92691726219257,36.7845708787839,-0.14234638340866468
-11.885698765190284,-3.8162649029588565,37.05106219268333,36.95377025268404,-0.09729193999929464
-30.47110717267391,19.047552406576266,36.88520811385463,36.8057068201022,-0.07950129375242909
23.22952939821794,-9.464853317543266,37.189236511307456,37.304325176352954,0.11508866504549786
-24.54796339957491,-10.566555787493613,36.937492026423655,36.983021549614946,0.04552952319129133
-5.026017647210509,17.49079788991576,37.13985603047311,36.83505633573521,-0.3047996947379019
-5.084373869654129,23.100443959341405,37.03101096368548,36.80231611462209,-0.22869484906339466
14.165216446318013,11.28852120123819,36.94589892448116,36.91198271616657,-0.03391620831459363
27.405629740360858,15.938801037741264,36.89378485728702,36.97153447193853,0.0777496146515162
8.815196797611954,2.33957266135355,37.04570574350492,36.99175927061331,-0.05394647289161014
-28.74386765539205,6.843442051574449,36.79807519044933,36.87821029475528,0.0801351043059455
8.456979865494795,10.89634042685487,37.015936197580245,36.88423392178006,-0.1317022758001869
0.744414517724266,-4.843689532840472,36.98351235196639,37.019329942700374,0.03581759073398416
-20.419422708509394,19.193324582290877,36.99611890515285,36.81286717769799,-0.1832517274548593
15.086199379151118,-25.65257885427627,37.40310553936905,37.46344836467711,0.06034282530806223
21.87682177517626,-18.034209311447135,37.27275928138107,37.417125509528425,0.144366228147355
13.362829100706563,-31.199744309755594,37.54356964263863,37.528281063053235,-0.015288579585394757
-24.053082869204054,-10.066612653576158,36.92104839036797,36.98050217646022,0.059453786092248606
12.688808672594021,12.033272766411024,36.96020799000089,36.88678761498807,-0.07342037501281595
-17.799868044227573,-28.21550548373544,37.19300961197347,37.18353526099029,-0.009474350983182944
-21.593019542629698,17.29477200820463,37.04550928355054,36.82299696944165,-0.22251231410889005
-0.10358905418294029,-28.47379745625097,37.32772568885439,37.35820861833423,0.030482929479838106
-27.90083998311215,-15.158321125352629,37.0460856854885,37.00711110844715,-0.03897457704135121
-17.751505639800335,-4.554028218260953,36.84702929110132,36.953395714652835,0.10636642355151338
-29.118071521796928,-26.011459608057834,37.173275555453586,37.069394574784276,-0.10388098066930951
-12.191649242310696,-3.206148578463349,37.012199969488094,36.94997061419389,-0.06222935529420681
-7.234722165463381,-31.434881029316088,37.28288102479243,37.332839529207824,0.04995850441539318
-0.3762990447387864,-9.469411708851169,37.05947089561454,37.076448346822986,0.01697745120844729
-19.284537359443362,27.991877383527864,36.77274897162441,36.76249247391582,-0.010256497708589052
6.975083489065142,30.67519753611098,36.86662703965203,36.767779384015206,-0.09884765563682407
23.176918088287714,-24.42935814504149,37.46822057053764,37.52360831304532,0.05538774250768341
-2.6170841927620643,-0.3528246600054956,36.931016181891266,36.94097081725548,0.009954635364216813
-16.08921319974037,-6.20403269724622,36.936443146775424,36.96433678629509,0.027893639519668056
6.256421892604386,6.844467854776859,37.00057473180424,36.906095171979544,-0.09447955982469836
8.170740273951395,-24.987479612538408,37.269541263226884,37.3869023175795,0.11736105435261379
16.901677850514375,30.28917366133429,36.867808543103095,36.777939434292165,-0.08986910881093024
-9.532657468424482,25.24991310140672,36.851089931654556,36.78624401378571,-0.06484591786884408
-24.18978985100538,-8.641330636047655,36.89119685252528,36.972086516325696,0.08088966380041285
3.920102498275405,4.033227636117992,36.95755773545821,36.92061767686156,-0.03694005859664884
-25.289526027423648,-9.937534140470895,36.932100640048525,36.97876460010933,0.046663960060804754
-4.6181778895828245,-7.4957414610262205,37.066560739961,37.00649942246254,-0.06006131749845878
-31.259973936183954,10.758060435019708,36.92668849411778,36.853390387296756,-0.07329810682102789
-0.8057129198073483,-14.52937557300001,37.132108148114916,37.14662003834655,0.014511890231631241
-2.6589735372765446,-27.675065503064523,37.29977104119868,37.321801811356934,0.02203077015825272
26.37806208646365,-10.080056593678684,37.21063875504643,37.34376399324207,0.13312523819563893
24.472937078614102,10.770601537857672,36.98025033849868,37.01912358857808,0.0388732500794049
20.644626085055762,-3.8546753239717972,37.14919283701505,37.19696521445465,0.04777237743959972
17.90926423944564,-17.192036975804953,37.194384602761524,37.36644437589428,0.17205977313275866
-18.595366962913808,6.942671133207874,37.144118444349715,36.8857190617532,-0.2583993825965152
26.081376224500772,-28.026398846952176,37.60055212401303,37.60448602223244,0.003933898219415255
-20.475683106676264,-16.735107941426506,37.03485902724982,37.02221774099549,-0.012641286254336137
-20.934449127870124,14.046476455478327,37.13709655755933,36.84245324025914,-0.2946433173001921
26.73047404233583,5.152925205815791,37.09405752289615,37.123432551010886,0.029375028114735358
10.98839610170728,31.206930167863554,36.88813954052272,36.76787848825897,-0.12026105226374995
-11.097031717083652,-24.618259828957598,37.23087438937558,37.19542497871972,-0.035449410655857605
-19.406722544163188,-27.212152676741745,37.246305412099424,37.15328232787256,-0.09302308422686423
22.745307990179107,-20.575154163915407,37.35413274458445,37.46283195706267,0.10869921247822134
14.421801175149774,-8.232893623363964,37.14268408597685,37.20118114269069,0.05849705671383987
11.046174502298662,28.129653728291345,36.8788253570176,36.785859282171316,-0.09296607484628083
-8.815743141238073,-30.124978226353427,37.263729917283825,37.298333597991984,0.03460368070815889
28.35682422302208,-27.096585401141404,37.5962998175293,37.61280168198282,0.01650186445352375
23.657946322597837,31.406493133616166,36.84719161212461,36.77681145818147,-0.07038015394314101
16.630945481637326,-25.139965648749474,37.39950794544703,37.47083581277307,0.07132786732604046
19.6546649607805,-17.510380327073833,37.22379642088946,37.38797406958143,0.16417764869197526
-15.492523678494159,31.317231946108798,36.793764152687025,36.746133652757784,-0.047630499929240955
2.089711495961275,21.986430202665346,37.17455429789014,36.81452557532344,-0.36002872256670315
11.200264446349877,17.682426144418542,36.98019575661379,36.84686982085775,-0.1333259357560408
28.084079589302412,4.077324079724754,37.11978833610197,37.15230119611324,0.0325128600112734
-16.05288426829749,-6.545264861152219,36.94388174347111,36.9663544796176,0.022472736146490035
30.176177735425505,-5.5328443043037865,37.21272158226306,37.313652366977166,0.10093078471410877
-5.587069457541553,29.488795576566197,36.799863414313286,36.764683417306344,-0.03517999700694219
18.387430314289965,-4.378600867447986,37.138217062460335,37.182864324213,0.0446472617526652
12.216499427429994,-0.3316756434645498,37.08362636441688,37.06383705860951,-0.019789305807371704
-15.973979669242425,20.405474022446285,36.935566537471445,36.809345081664006,-0.12622145580743904
25.249864653107586,19.36668883423779,36.822424245065775,36.900370763303705,0.07794651823792975
31.541996689343392,-28.072529250028822,37.620730641698,37.657892678891265,0.037162037193262165
-20.04001543871147,-14.269016198203694,36.978267202429414,37.00819222272743,0.029925020298016136
-26.788779149636987,26.666980207875625,36.82740703059083,36.76423419759111,-0.06317283299971876
5.661893024629144,-15.854784104249575,37.160785853436,37.22853979605024,0.06775394261423884
16.61144990221716,-3.0023977457112636,37.12167863641868,37.14550203000842,0.023823393589744057
3.220805410083898,-6.311766465118168,36.95231311870414,37.06480497219755,0.11249185349340962
-0.6363887976834377,-5.164261751727992,37.02081529560651,37.01070496515087,-0.010110330455638916
-30.930550229978948,23.086042890733594,36.8158016224174,36.78180387406293,-0.03399774835447289
-9.572100718555149,-0.07083760320296761,36.93294865586252,36.93378508264607,0.000836426783550337
11.819565452795047,19.455913980928244,36.94398224446424,36.8370272175501,-0.10695502691413594
-26.237942515386003,-30.983924746928686,37.05409171946455,37.142716262306315,0.0886245428417638
-2.6445717499811607,-18.656896190690404,37.1714311186552,37.18948651684001,0.018055398184813498
31.107562592561635,27.874598366972897,36.949991576634346,36.831974237769515,-0.11801733886483134
-1.8640276309452162,-26.10565237530632,37.293555285054055,37.306427252450995,0.012871967396939965
-19.314611338149227,20.306149146668155,36.96269417928132,36.807261893594486,-0.15543228568683531
12.234882599629422,24.87121478584811,36.80559236769512,36.80579712339781,0.00020475570268985166
7.411843198065739,-6.925319990594488,36.96647951062084,37.114286248243175,0.1478067376223322
-21.72547049752952,28.227176463901273,36.806047834405554,36.75917600286861,-0.046871831536947184
-17.92274689293891,21.51707937260641,36.92997712417843,36.80131358285122,-0.1286635413272066
21.732948753625095,8.20344443406831,37.0181204115507,37.03037069627681,0.012250284726114558
18.526653746586234,22.22539767767494,36.82187645702396,36.82623103136411,0.004354574340148076
14.035166447647597,14.55991536675888,36.945855405308265,36.86732726651608,-0.07852813879218701
-0.13223674774113192,17.71311600566272,37.22174936261451,36.83766036962114,-0.3840889929933695
-13.809736743999458,30.93674719268988,36.800684955689334,36.74969213629973,-0.05099281938960587
-27.59843684949361,-30.16564607463898,37.034061313708804,37.117560520893335,0.08349920718453063
-18.056950674616935,19.02040421567063,36.983873017385534,36.81575757411171,-0.16811544327382677
0.07269463292843881,-29.621144620724444,37.3465319480845,37.3767625191661,0.030230571081602875
-11.771981259695153,-12.741645307760251,37.14798271337547,37.01446972141879,-0.1335129919566782
-19.67718884559308,-19.211661608754042,37.08947667331237,37.03728770545219,-0.052188967860182345
31.614114605604513,-2.3116129017188882,37.20693162616165,37.28022560865436,0.07329398249271435
21.916265489055306,-29.283125354371073,37.5614889188618,37.58272484227101,0.021235923409214763
29.37339661531695,-22.465024371108072,37.474754148150176,37.5545919065173,0.07983775836712681
-1.027163071713467,-0.36294511305388966,36.9428706919985,36.94229676891425,-0.0005739230842536358
-26.673305773147675,-31.64184185483529,37.07856257758778,37.14817544337093,0.0696128657831494
28.079502067337543,-8.291914993094728,37.21264372093078,37.333930193298805,0.12128647236802692
19.186436949463285,-31.53608422930514,37.52936421412194,37.58945526891117,0.0600910547892326
-7.05854340708148,10.530399042425842,37.25012053002257,36.87400274130334,-0.3761177887192275
26.631985821167156,-13.624398245798659,37.24985308724036,37.39827346232081,0.14842037508044825
22.535850532302142,22.525393005600165,36.811129580983035,36.827770096932795,0.016640515949760015
13.169123816862253,26.718158286367576,36.863630639172726,36.795777379278825,-0.06785325989390145
27.910244817171254,-27.328046104354613,37.59861586819119,37.61188897867352,0.013273110482330708
9.488519189180153,-24.68888824709498,37.27597366468252,37.395241559549724,0.11926789486720679
12.094249466695913,-9.798955528987186,37.12798922189549,37.20170725574478,0.0737180338492891
-4.980903596703371,-4.166645548107979,37.08547363085024,36.96131457353144,-0.12415905731879917
-9.653871644045687,6.243587643326741,37.20205675868012,36.89691866179989,-0.30513809688023485
-27.08240330748376,21.08179711320311,36.86959722717379,36.79655136106396,-0.07304586610982966
-21.037209702883438,-23.113207622315628,37.18074959132767,37.077334680759286,-0.10341491056838237
-3.3943116640869277,12.874921189484034,37.28977698594505,36.86325850783522,-0.4265184781098341
-22.084476503339665,14.574643838801876,37.107368518700696,36.838458586663386,-0.2689099320373103
-9.791790519165438,-6.6664644373597,37.09917845215426,36.97205015497902,-0.12712829717523988
19.314803306872,29.988746971728403,36.9072074531394,36.78161331794056,-0.12559413519883833
-28.611583382719537,22.643668205799642,36.863143473947744,36.78623001572996,-0.07691345821778128
-12.017814972527766,8.407334552501197,37.26283401241986,36.88242430700497,-0.38040970541489116
31.76422315255735,28.902018026030483,36.91283222224812,36.82322489005956,-0.08960733218856376
18.191604213150114,-12.881211594931173,37.17396218888212,37.30585547348378,0.1318932846016594
19.595917395213093,-9.433140977250083,37.16774072984255,37.26877233545088,0.10103160560833402
-20.556727892675298,28.225531124555395,36.78562910644444,36.760116933875224,-0.025512172569214897
-5.4662741621419215,-20.9432324556661,37.173387303750346,37.195820016814416,0.022432713064070242
-22.02536340890189,29.049621674556533,36.79385137676264,36.7541437122115,-0.03970766455113761
-29.405148114882827,-27.060036433690655,37.12353763371928,37.07527704743605,-0.04826058628322727
-14.966826238271125,20.76893840667936,36.91523454482376,36.80802934118995,-0.1072052036338107
-29.765506194294808,11.370224924961711,36.92582818763581,36.85101352011063,-0.07481466752518173
-8.878007829483956,-10.722758322267893,37.13754231514347,37.01276224975486,-0.12478006538861308
9.697365706059145,-5.180766461388522,37.06231347787899,37.11073269500078,0.04841921712178987
21.224536515342194,-5.4056057255080034,37.159374027423,37.225344264819675,0.06597023739667662
31.69407873857309,11.255572924729101,36.99792129462695,37.08172972048739,0.08380842586043968
5.701169904756313,-15.037288739790355,37.15625994752683,37.21691210025847,0.060652152731641706
-7.0721111944827015,7.628078053683396,37.20150073106133,36.890907018985274,-0.3105937120760558
-1.1408657619100495,-24.924985319613015,37.28962999808505,37.29606923686837,0.00643923878332231
-5.324061928285467,20.007399561324995,37.08281757731813,36.82015176258255,-0.26266581473558404
-23.248846416302342,25.343825906341422,36.892005306340224,36.77476659015161,-0.11723871618861637
-24.119524918569567,30.479080177831896,36.78164164754155,36.74414386441909,-0.037497783122461215
-12.466791914643672,30.63202191226283,36.78563766291861,36.75253827248561,-0.033099390433001474
-2.375942625002402,-13.921511242244698,37.10340188864506,37.12252950039779,0.01912761175272948
0.6174575767737878,-13.212146296236206,37.13297307487531,37.14101572345169,0.008042648576378042
21.538980731352268,-19.5099005886662,37.31166692216597,37.43553744758315,0.12387052541718191
21.425905623021507,-12.176629803840733,37.190911699578066,37.326738151416215,0.1358264518381489
-0.15849245040597992,-17.49725241053364,37.20366595061964,37.196460452055476,-0.007205498564161417
26.418964982785944,-15.117586401588895,37.270697981010024,37.41814768088836,0.14744969987833656
18.512489325916178,1.2966370214141776,37.11359121160351,37.10071686880136,-0.012874342802149386
16.602899748445218,-18.743997707119064,37.2255144358733,37.376624217019234,0.15110978114593365
8.021398140437746,18.687645684303476,36.90011918836103,36.83847811663933,-0.06164107172170219
24.190778954851076,29.589637628963573,36.93508292426105,36.78782492017335,-0.1472580040877034
1.3785845429897847,18.062351431345277,37.137926399530144,36.83682891762189,-0.3010974819082577
17.356082048139065,-2.173952169850395,37.12200610487517,37.14052458977202,0.018518484896851817
-26.912836393482287,-0.20865847569274365,36.6928670415274,36.92076992117759,0.22790287965018763
-5.579328009602854,26.81524645714103,36.805926272694464,36.780271364734325,-0.025654907960138473
-9.413154893954335,6.730259720962373,37.20684213954934,36.89427409725765,-0.3125680422916872
12.46812098657751,2.912106501599297,37.07116114310536,37.0186237290344,-0.05253741407095447
12.602011621515679,1.0636251649128,37.07973045369661,37.0470661801106,-0.03266427358601476
23.01980438464851,-10.170448233851445,37.190969886518985,37.31266344452395,0.12169355800496362
-9.726052558075871,-27.20478924160259,37.241994948247886,37.246653146972115,0.004658198724229123
-21.17745292098131,-11.962539588454433,36.93009742268144,36.99384339324256,0.06374597056111497
20.7749725362389,-4.24786393521628,37.1516412696068,37.20399883010155,0.05235756049474816
21.825627969564067,10.958696954246193,36.96708672096598,36.990797858565614,0.023711137599633503
2.151365785486526,-31.28830488302379,37.37191775078013,37.42132110383551,0.049403353055382127
-7.40886069512495,-14.292092569796857,37.129498015361825,37.079373298531586,-0.05012471683023989
-25.834577839035127,-10.529233068858595,36.95165889354596,36.98177875726396,0.03011986371799935
20.257615621532096,21.392904624053138,36.84443426685687,36.83246226518635,-0.011972001670521593
22.118454485300624,15.653146271560615,36.88002299622755,36.924675740260135,0.04465274403258235
-2.828943318541029,2.9807714522881668,37.1153413008994,36.92137337717267,-0.19396792372673133
-5.441072908645218,24.661025881869925,36.96844036380704,36.79293660355815,-0.17550376024889403
1.134681425394497,2.497614289082321,36.90218078122235,36.9273477909823,0.02516700975995434
-6.172671546470681,-21.997002395650924,37.18301382494797,37.20447611306551,0.02146228811754014
29.85972482287942,29.819204613679382,36.857778315366645,36.79136340005751,-0.06641491530913157
-7.420077994622716,22.815915596117705,36.96394830002865,36.80211311726441,-0.1618351827642357
-30.571917537093178,-17.127819250089757,37.04813029295619,37.016461074779556,-0.031669218176631375
15.734083509316484,-1.804757001956368,37.11142791378356,37.11943961235307,0.008011698569511339
23.755220612866772,12.040050349248865,36.95353619578261,36.9935481095384,0.04001191375579083
1.5098458493162497,-3.635166693622672,36.957822231090724,37.00897095979504,0.051148728704319524
27.96800112599834,22.574783121158774,36.78587297754779,36.8794988837809,0.09362590623310751
4.169329692181407,-19.794453501376026,37.231300138758044,37.271991125641584,0.04069098688353989
-19.04766221101589,-23.881179030124393,37.19436128757528,37.10782582877983,-0.08653545879545277
-28.2774090857721,-2.1727070464783367,36.69913753550452,36.93112924789003,0.23199171238550775
23.38472602509114,0.9708748460383632,37.14345305295682,37.152549036378595,0.009095983421772758
-16.03322170102011,2.110759964710681,36.80967624540385,36.91592175353767,0.10624550813381717
-24.802971451765075,7.481178954777867,37.120628894938484,36.87763388602856,-0.2429950089099222
2.3601092644031283,-28.34734465763153,37.341937561631156,37.380141429743354,0.038203868112198336
-29.87913647144058,-19.748197678160544,37.08798820059298,37.03228502771735,-0.055703172875631424
-24.814929192239333,20.275051927346887,36.97222481696034,36.803060066285866,-0.16916475067447578
23.50504048629329,25.551121285663562,36.89724588361722,36.81081545039451,-0.08643043322270927
-8.87169021877196,9.658500633085403,37.25632406839708,36.87763942285471,-0.37868464554236425
-25.597797122473267,-23.58360263424879,37.153858651917524,37.05804993952076,-0.09580871239676725
-24.51576895576155,-14.678419013322,37.02759902999209,37.007011657425394,-0.02058737256669474
-8.684374211702703,23.59424564774283,36.90921554184938,36.7965694263843,-0.11264611546507552
-3.2917657740314965,4.726672175194743,37.16806821806364,36.91082923787776,-0.25723898018587477
-27.239995970823593,-21.572399919207108,37.132292700339256,37.045019771489876,-0.0872729288493801
-9.030863060342242,29.330896477870688,36.74863649129827,36.762859399963695,0.014222908665423972
0.4407260746440613,31.196563988920182,36.862634974324884,36.7595337290928,-0.1031012452320823
-24.696118825420918,-7.458709304125492,36.87074892595963,36.964790570474094,0.09404164451446206
-1.254531060729306,-2.134246017680084,36.9885575505969,36.960232672829505,-0.028324877767396117
-5.237020668408583,4.02700335832008,37.17662234614351,36.91335687020715,-0.2632654759363575
-28.473551929295418,11.638971633800693,36.92244901423569,36.850476756753096,-0.07197225748259228
10.94041864676175,31.369345693110645,36.88270532680568,36.76689367824148,-0.1158116485641969
5.321032644513529,-18.962661032868866,37.16868724350662,37.27089530539385,0.1022080618872323
-15.619286007947174,-30.359594354670875,37.17066796161992,37.236082811569986,0.06541484995006641
4.747840901175799,4.793673038725267,36.97327496361383,36.91684531003931,-0.05642965357452567
-18.236060944792456,-15.539957562640751,37.022806391254974,37.017036954104384,-0.005769437150590306
-17.39766315816926,9.635455476516555,37.26007089302245,36.870979598221766,-0.3890912948006857
-29.15240281219949,25.902938983662395,36.79273609650555,36.76680361274487,-0.025932483760676917
-8.858141157648802,-25.767275717638384,37.22651980202808,37.23392043654927,0.007400634521189886
21.28516233958584,-5.668052476125261,37.16105032789752,37.22978436958471,0.06873404168719333
-18.83063332947637,-27.54952112268427,37.22063252908975,37.16380028840166,-0.05683224068808812
-12.810110114840555,-7.662983046858315,37.06501583312292,36.975452766572204,-0.089563066550717
22.34196798515096,21.570730208306777,36.81865552321981,36.83991952842211,0.021264005202297653
17.0631192861928,11.831125549969691,36.933240215332575,36.931996089092124,-0.0012441262404507825
17.667722709373777,-24.626549489280748,37.38531953810706,37.473306393036204,0.0879868549291416
-30.655207178585044,20.495902997212873,36.87328241826941,36.797118947123934,-0.0761634711454775
17.604390961862954,14.296118748777864,36.901609583672595,36.901018156102815,-0.0005914275697804783
-15.824973233407349,-25.99377943755706,37.2555960599641,37.16997373770403,-0.08562232226007183
3.188657958872291,-25.437273914177496,37.29400399063469,37.34540043902984,0.051396448395145455
-14.513369493902431,-8.170399343671342,37.02881841169527,36.97705276735938,-0.05176564433588737
0.07316546627664167,-2.2164335644591873,36.96451946423198,36.97426037201173,0.009740907779750785
-13.391174394760114,-17.005435575824606,37.180707900377165,37.06145880727052,-0.11924909310664589
-6.871528611722383,-25.386652526234634,37.217508856326816,37.247513260822124,0.03000440449530828
6.571791039529508,-0.527402912379273,36.975317672780406,37.01220508750103,0.03688741472062418
5.366363794400321,4.337871434619274,36.97918127563948,36.92910646369371,-0.05007481194577679
-14.125449125158774,-25.24294075382148,37.246407807514,37.175356824206936,-0.07105098330706028
30.837840907736165,30.722371428313885,36.84120264675723,36.78754307091197,-0.053659575845259155
31.051123834882453,-30.18362259179849,37.66233377346149,37.68415937134762,0.021825597886127923
-29.460714895265774,14.576299252439448,36.90826804205456,36.83257099873721,-0.07569704331734783
-27.96098540315461,-7.5783827562090025,36.91125636392732,36.96288635175789,0.05162998783056594
-12.23578471697953,-24.592649034833016,37.23638635082237,37.18405273652578,-0.05233361429659311
27.925712979508468,-19.36640901808152,37.37188238172435,37.495101798411454,0.12321941668710679
17.56128830838947,-30.167359217535882,37.509351291504046,37.553659278735445,0.04430798723139873
7.705128087153007,-15.260593097662593,37.02290088404119,37.23954260421349,0.21664172017229788
7.345903269904888,22.565750866832374,36.84863743293818,36.815337749897445,-0.03329968304073816
-5.121663803965141,-26.0151803187061,37.26525716087352,37.27364189482395,0.00838473395043593
10.88002956639395,-9.203873011684422,37.08573328967459,37.1812421703596,0.09550888068500996
-14.063335356266862,3.6454369964098134,36.992251499814216,36.908547217143266,-0.08370428267095065
-2.341060587149059,19.120652924046063,37.22257592742585,36.82769691202166,-0.394879015404193
-11.434324224336912,7.072365914005502,37.23986728937334,36.890669640291165,-0.34919764908217843
-2.556197241920856,23.77554623226223,37.07546558089874,36.80039617493794,-0.27506940596079943
-12.520454246790244,-23.112438317275867,37.22076637946107,37.15956330146442,-0.061203077996644595
-23.618184781952785,24.31008611155807,36.919568846143775,36.780497038382954,-0.1390718077608213
5.880167463705092,-9.022706648304542,37.01773981174786,37.130301370968375,0.11256155922051647
-16.699086739839125,29.070429976083744,36.76862884582433,36.75826681554983,-0.0103620302745
26.223600162321,-14.254528106449598,37.2547826574308,37.40358502063089,0.14880236320009033
11.47559979831152,-2.5158135501683816,37.08911678446779,37.08876227207055,-0.00035451239724437755
-24.704429330010257,15.131834228386538,37.06956349628756,36.83312343651533,-0.23644005977222804
-16.197781873512646,-8.685372073734442,36.97601790170661,36.97871182668678,0.0026939249801642973
13.835727261752197,-27.225101747658073,37.438127877761175,37.47446992329002,0.03634204552884768
18.19962009011997,-22.419162417858736,37.332454061873335,37.446021529507526,0.11356746763419068
-14.743232154026082,15.184531266051074,37.054218256374575,36.8407541405923,-0.21346411578227276
-25.64999492888242,0.740906448687852,36.70955697490465,36.91624206489479,0.20668508999013824
-1.089764518615695,2.760581423106572,37.07532785523549,36.924042580292685,-0.15128527494280775
-15.932017138282909,5.401354992417723,37.110245606384076,36.89682440177774,-0.21342120460633396
-16.609546207909858,30.340159687270038,36.75681682156714,36.7509380246882,-0.005878796878938886
-30.965621916229672,-13.90556813016368,37.00565244039125,36.99736765929411,-0.008284781097138705
-1.9544037849505003,-30.918055783199087,37.324819219908406,37.3762367327673,0.051417512858897396
31.422750528861407,14.378791684748379,36.93849450654237,37.033237431924576,0.09474292538220652
-27.092972216030233,-4.274621850333396,36.783166712896374,36.94432331823682,0.16115660534044451
-11.320736607410872,13.530659640850494,37.1266153707568,36.85312041229664,-0.27349495846016225
3.9205719788042757,-4.939994536585601,36.897168258531835,37.05141419292642,0.1542459343945879
22.52378240316643,6.012293039675193,37.06234418778665,37.070189719810344,0.00784553202369409
-12.449233009259729,10.312706869684341,37.20575272608276,36.87097577272087,-0.33477695336188873
-31.877907974039957,9.624406988160032,36.889688410068004,36.859505045105315,-0.030183364962688586
18.05971358006328,4.885493995556395,37.0673536262346,37.04363341619775,-0.02372021003684921
-13.304753052942552,-23.481513730508063,37.22814752352918,37.15741071124936,-0.07073681227981865
6.999643253753391,-3.307958944707451,36.97097621985897,37.05717595216945,0.08619973231048306
-30.394714927269973,-13.614648389120816,37.01410013754248,36.996127084185176,-0.01797305335730215
-12.277612774355617,29.899670809582936,36.750948251361876,36.75695725838333,0.006009007021454238
-16.095673506375384,-2.0285006572032884,36.9236239396886,36.93999611556737,0.016372175878764494
-19.972415427663073,-16.436160775879358,37.026991493554966,37.020876480978,-0.006115012576962897
-26.20668345767678,-11.197677705167287,36.97062269817693,36.98537801449509,0.014755316318158407
-10.770195957068509,-21.880591554327694,37.205374462735634,37.15837148374374,-0.0470029789918911
21.54643492338998,-8.954594966601938,37.17709698583396,37.28057837580095,0.10348138996698708
22.32537495714741,-31.14721014027714,37.62231618050216,37.61405405086527,-0.008262129636889881
-29.03085296782362,2.484273398143955,36.66952434980684,36.90338738314271,0.2338630333358651
22.75633959635202,-27.91278547627119,37.558684041862726,37.57070994091001,0.012025899047280575
15.234683781459466,7.080465525305101,37.01540926394187,36.9841155778618,-0.031293686080068994
-20.57343755251707,6.060731383081112,37.059835290500075,36.88928284185832,-0.17055244864175734
-19.752276028024525,6.818454289031912,37.12347186854292,36.8855211011369,-0.23795076740601928
-4.505044932239599,-19.536977523913798,37.16118225211218,37.18444751725554,0.023265265143365355
4.879157780158124,-8.342809614543874,37.03930330096702,37.11064938352826,0.07134608256124153
5.197865960113496,27.105516160224987,36.79417383323026,36.78716771306566,-0.007006120164604113
-16.901267491397967,14.623863975450085,37.1132147542888,36.84230209523587,-0.27091265905292516
31.446809534443204,-4.549057231231977,37.21587674115464,37.31147253265068,0.09559579149604502
9.642014969731719,-29.993906426313274,37.438487930626785,37.47464120768795,0.036153277061167444
17.618433341002813,19.918144012648582,36.89188494739391,36.83895425599489,-0.052930691399019736
22.14572266874169,31.436931567546445,36.87543124894834,36.775429005959545,-0.10000224298879345
17.18532556490061,21.25610637255153,36.8535975320149,36.830811311357,-0.022786220657899037
17.416820590261217,-2.9370512299486933,37.126186878017215,37.15231911376458,0.026132235747361676
-25.395721543815135,-4.00912784117363,36.76717669315499,36.94412848259411,0.17695178943912282
-26.05510083789128,23.89599873760298,36.85258173068878,36.780968473877216,-0.07161325681156683
13.397894937467292,-1.8913600570936921,37.09784493168444,37.09815277382848,0.0003078421440392276
5.290142979319285,-18.834636362583517,37.170990326824985,37.26871666471949,0.0977263378945068
8.842796327090689,-17.060693125994668,37.07041669467156,37.27696718232151,0.20655048764995598
-24.332973766841846,25.014814573032993,36.891404683687185,36.775820195346085,-0.11558448834109925
27.39878048603935,-11.046617904813075,37.220773245465736,37.36781667454526,0.14704342907952395
-15.76726540153858,30.683996461665366,36.76842977837034,36.749605293505006,-0.018824484865334057
-17.270151111065687,22.586179165145865,36.873264484123034,36.795602772886504,-0.0776617112365301
30.030233815813318,-0.7271731756289768,37.19081833582124,37.241659801301,0.05084146547975621
10.94260477639883,-16.758615619075464,37.078549363070785,37.292806694277274,0.2142573312064897
11.371618998806674,-26.043970935130005,37.36158829363963,37.43332801906695,0.07173972542732088
20.745233364983335,2.182568464532814,37.12141989485092,37.10926468535779,-0.012155209493130315
-15.597257374941073,0.2650241170126293,36.86424084805275,36.92702634184738,0.06278549379462817
-5.220710464633427,-25.115815875012892,37.24708593079326,37.25947606024013,0.012390129446870901
-21.829404125275758,11.573558571753573,37.188985682033724,36.856152547536674,-0.33283313449705076
13.15190451560266,-9.488743688318266,37.16465593463912,37.20736400090096,0.042708066261837985
30.47258021025126,-18.751659462980783,37.38247589118847,37.51066585101777,0.12818995982929948
-12.487633926393656,4.0592497621279335,37.07483539203385,36.907391101695,-0.16744429033884956
-9.05995794197954,31.50585038466388,36.829267522115614,36.750160311741865,-0.07910721037374913
15.94624289796807,-5.0120730237397595,37.12672464248812,37.168595730519684,0.04187108803156292
-4.976899969665638,-26.620121632837147,37.274427146823776,37.283924846150214,0.00949769932643818
-3.594652430177412,-6.034679478255079,37.10708785578564,36.99492349230797,-0.11216436347767456
-5.907208317912719,25.168279311855684,36.928388251759785,36.78960881550725,-0.13877943625253408
3.0505136198095784,-6.655384330630433,36.97110930603559,37.06820747949742,0.09709817346182348
-24.73172474572214,-22.57056498953856,37.17643660316182,37.05283598092291,-0.12360062223891077
14.491440992266838,-25.63722399070074,37.39915272743234,37.45747970444499,0.05832697701265488
13.335956187539132,-19.998141904609938,37.22336373240098,37.36349803615988,0.14013430375889868
22.802049018986544,-8.132179949168737,37.18134033154886,37.280623678843,0.0992833472941399
30.170278489717084,19.921343820904575,36.82792055989584,36.939737014296796,0.11181645440095878
4.17780357804584,11.781666772958339,36.95842900871097,36.87566416056511,-0.08276484814586382
1.880085382583033,7.5505238976970475,36.95766627145435,36.89849279594797,-0.05917347550637686
-21.879554804817566,7.497303914929439,37.186732777902556,36.87986950538571,-0.30686327251684276
-23.745126961368896,-19.120398014352496,37.11659051807113,37.03351417163005,-0.08307634644107509
-14.148200763563167,26.8742748604815,36.72340085035444,36.773099019345295,0.049698168990857994
26.45974817336262,5.807476622369549,37.0809328845915,37.11120463040798,0.030271745816484952
25.037859880006295,-3.535649676956119,37.17388505487099,37.2347016890966,0.06081663422560979
-14.592666147044746,7.390759970246513,37.250978901717055,36.88629719621248,-0.364681705504573
13.080100522562418,-11.123075501345312,37.15815984905454,37.230674892097,0.0725150430424577
4.168235929184824,-23.297004780345027,37.25301945753547,37.32342428590251,0.07040482836703887
21.137678171517663,12.489102714708501,36.93567926763208,36.96167700872144,0.025997741089355486
-16.088499409751265,-29.484312113475916,37.19691077677392,37.218696261741265,0.02178548496734578
0.8602295614589579,-19.145828584252065,37.26070594265424,37.230510949034034,-0.03019499362020639
21.768273415192198,-17.62305672755044,37.26012756729675,37.41003853585135,0.1499109685546003
-18.498579575204673,18.58263041654658,36.995882137927175,36.81795705150458,-0.1779250864225972
17.04709467988254,-21.553671736829592,37.3053270191078,37.422180561637305,0.11685354252950475
28.47501447158266,0.12819220733628356,37.17733685088103,37.21407903544597,0.03674218456494316
-15.653955083869448,4.894144269919963,37.09018443120992,36.90000206996942,-0.19018236124050247
-25.98017246147817,22.090189986580548,36.86367472079408,36.79155266155422,-0.07212205923985948
4.672844109127908,3.087248492097636,36.97747905764402,36.94077818870108,-0.03670086894293689
-4.192434942047058,-10.924854678687822,37.088436882436646,37.06097560318408,-0.02746127925256303
24.40052905565844,-29.044398453218,37.61224774105284,37.60320721097534,-0.009040530077498943
-16.529174208337956,-28.404525775435154,37.20869161577175,37.19858163387743,-0.010109981894316888
-16.29780067147685,5.041905673840695,37.0962839333664,36.89862783358456,-0.19765609978183818
20.82097554185254,2.5037823306757687,37.1181506131759,37.105278242094215,-0.012872371081684264
14.852525132743082,9.038143491964568,36.976865653846794,36.95167196327482,-0.025193690571974514
5.042150973910331,29.976379025146905,36.84084020226268,36.7703118800514,-0.07052832221128114
12.695267718962086,-24.709178414448907,37.35658837722848,37.42650473687344,0.06991635964495657
16.07225910910836,-14.709242570597588,37.23929766731806,37.31223975227798,0.07294208495991938
-29.358442549522813,18.134471538002117,36.888599459468,36.811915024160925,-0.07668443530707236
5.073293789653185,-28.706666019394326,37.33859342414064,37.411618150316194,0.07302472617555367
-4.530477845639204,-5.242263103133446,37.104404843041166,36.974248312630316,-0.13015653041085073
3.8090278616026794,-12.59237018878666,37.20003967348755,37.1627313624364,-0.037308311051148735
-26.24574403948447,-16.612070662036977,37.08701045824834,37.01690264704572,-0.07010781120262521
24.200316532956926,-7.735856134335087,37.18714527508262,37.28830469349441,0.10115941841178966
-8.294588037295775,7.858886440998511,37.224486620213526,36.88858767761883,-0.3358989425946959
12.560993542921999,-26.522582456625067,37.40676398012398,37.45184252373052,0.04507854360653596
2.5930842121646833,3.836222108968343,36.953376378303986,36.920708382002736,-0.0326679963012495
-3.9627517144077373,10.753740031085094,37.22490943961879,36.875168041108914,-0.3497413985098774
-19.04312870714451,-1.7743812345795291,36.84160744774807,36.93616632244427,0.0945588746962045
15.222014475959803,30.026361800490484,36.87318984732167,36.778132652917044,-0.09505719440462457
18.540240419328143,-10.05681919292347,37.164468389560625,37.2677387284452,0.10327033888457748
18.30031242827023,-26.302895868034845,37.41372638064409,37.504036174947245,0.09030979430315256
28.383884471443338,29.16058203776933,36.90190778781867,36.79366689074931,-0.1082408970693649
-29.966239841134957,7.667233863064979,36.842368839791305,36.87243505526842,0.03006621547711319
-11.964045992913164,1.5508992438356728,36.84451073919121,36.92242731619392,0.0779165770027106
-6.359009335901455,-17.06252162973381,37.145949226375265,37.130201602536914,-0.015747623838350933
-13.40509837105055,26.357627107380914,36.74300956999424,36.77670226675037,0.03369269675612685
16.083077736932097,-11.357401065542987,37.17418589462392,37.26311404754741,0.08892815292349354
-25.271279322442865,8.567363927280155,37.15557110121545,36.87093028140125,-0.2846408198142001
-26.084364162768964,15.986475562333936,36.93575883147806,36.827042844421065,-0.10871598705699625
25.552563238505456,-22.75816896373037,37.444646574142716,37.5220025454266,0.07735597128388605
-11.837864466095247,31.34100479551516,36.81838885379104,36.74890740817972,-0.06948144561132352
18.517241724341503,1.193858713707776,37.11413372977722,37.10227231554309,-0.011861414234132894
-17.926131014804632,16.16188269853521,37.043230903631745,36.832521641745174,-0.2107092618865707
-0.94402492568166,4.635086195364565,37.13066534802972,36.91323386840499,-0.21743147962473586
-16.73400874352685,27.257705238979106,36.75431927150418,36.76880377343658,0.014484501932400917
-12.807322253479427,-25.469986525004067,37.247132656776834,37.19141972157583,-0.055712935201000846
-8.630243887131513,-1.9251837060113601,37.005368141085064,36.94534298568904,-0.060025155396026264
25.773264181824047,2.106902965341135,37.14786001670689,37.15892794495229,0.01106792824539582
26.157104466077215,-9.172974935168362,37.205633453491714,37.32830760936084,0.12267415586912733
-6.198090247950567,6.622363156500548,37.23017166686539,36.89746493656218,-0.3327067303032081
-18.043003284332677,21.129614426247088,36.94121353045383,36.80347594767983,-0.13773758277400105
17.47365036516416,-21.67652850642417,37.312056402527695,37.42810394877672,0.11604754624902824
9.715178683787428,-22.472607752106434,37.21710020532419,37.36487862052438,0.14777841520018598
26.23164904714659,-28.763362338338396,37.622690061054314,37.616761245455855,-0.005928815598458925
-11.489803020507523,11.655650456861302,37.177233731009245,36.86391347539914,-0.31332025561010823
28.84761067389929,-10.119362801670064,37.22556451342085,37.36818788171937,0.14262336829852273
25.62359659378854,24.57033177463662,36.8722077042803,36.82755110666879,-0.044656597611506754
-3.616674421446568,22.248467350076005,37.114628561612506,36.80845111379575,-0.3061774478167578
0.5166208116759634,-28.961403771433318,37.35046053528489,37.37135923760567,0.020898702320778284
-3.840504028067926,0.6305711853436904,36.91673559598196,36.93426455066305,0.01752895468109017
0.40237594502345075,9.777019536397994,37.05485136439055,36.88433895134562,-0.17051241304493203
9.525162752865931,29.854957769628243,36.87450372447419,36.77459193831758,-0.09991178615661056
-24.771247080131396,18.401629740692343,37.008233931340996,36.814013414150544,-0.19422051719045186
13.549449146714046,-31.95029877619318,37.56495475099821,37.54110688159829,-0.023847869399922672
-17.0282473432583,-22.24241314032701,37.18039815227865,37.10325642959021,-0.07714172268843811
22.12382384668406,24.148251948562795,36.77645911624131,36.81789089124011,0.04143177499879869
-0.22669272074691094,31.081464247644796,36.88134329573052,36.75967269541985,-0.12167060031066512
-7.1793239830085085,2.3151213978580927,36.96523914417425,36.92178615930415,-0.04345298487010041
-22.213560839583756,-21.752116007945823,37.1568958646426,37.05007261981476,-0.10682324482783656
-8.655521186075674,8.523007460324926,37.251988339045255,36.884429478700135,-0.3675588603451203
-31.737174593524998,-16.68994071864809,37.04260683047732,37.012980499746654,-0.029626330730664563
18.036232393876084,9.666945058523737,36.977437688160244,36.9731791135063,-0.004258574653945857
-4.252755805685062,-3.3122885734158842,37.06909763333085,36.95691551705929,-0.11218211627156194
-0.49289605022155314,24.35689508574491,36.95768956230008,36.79865219428837,-0.15903736801170965
20.31768800583238,21.589765868345758,36.839440781807504,36.83136280342819,-0.008077978379311901
7.766698610784154,1.58299100208432,37.026493963591975,36.99274700311727,-0.03374696047470138
-2.563911338345818,-25.066846491486345,37.2820840102259,37.2844115389828,0.0023275287569006764
-29.510843211780866,8.7751001445598,36.92647069436386,36.8663411662856,-0.060129528078256556
-8.312117553132495,-3.6945995815055284,37.06170347184223,36.95590886951081,-0.10579460233142157
15.609522498406136,15.227212134917565,36.919131607830025,36.86807977339363,-0.05105183443639305
2.8516412657562284,-13.520858245732612,37.19400626015922,37.167123766456655,-0.02688249370256557
-14.27057947663549,20.416054062513318,36.90895531283712,36.81064081689647,-0.09831449594064878
-13.017050535170569,1.3187631042973393,36.83935108620424,36.92294112163755,0.08359003543331056
1.3573953952412836,20.83896386857957,37.183384301762665,36.820629588159015,-0.36275471360364975
-16.22790959063731,2.252168466288211,36.81276018280771,36.91494246520238,0.10218228239467209
19.506916429418283,3.733763079856807,37.09395541630858,37.074524016536174,-0.019431399772408042
8.74497955743967,-28.576532886061045,37.37447916685291,37.44516153561555,0.07068236876263967
-6.990657443809482,8.27251836959418,37.21405544693669,36.88721604872667,-0.3268393982100193
6.251085377385834,29.291972458297757,36.85315752306438,36.77526405667659,-0.07789346638779193
27.542084242364055,15.68227204466222,36.89920520521461,36.97661988030935,0.07741467509474376
-28.040684799492347,-19.74955208445919,37.11397029802207,37.03375793754264,-0.08021236047942892
24.061365439250864,-24.787845042274107,37.487461230574205,37.537414034081166,0.04995280350696163
13.120612884177717,-29.590077455479737,37.49860511210753,37.5023001807902,0.003695068682667113
-18.895674426026417,9.907457906246925,37.21247766635162,36.86820060633191,-0.3442770600197065
3.624628885121524,6.7926469343289,36.981334355342824,36.904299980728695,-0.07703437461412932
-31.42034420452658,-18.596847113162156,37.06429061939668,37.02434666279341,-0.039943956603266884
-19.96968139224972,-9.69353781634193,36.8747294378323,36.98158181022642,0.1068523723941226
23.329826329065384,-29.256407589383194,37.6074772129614,37.5959821219591,-0.01149509100229551
-30.478279076245904,-2.431926957703091,36.707319443165204,36.93088619566148,0.223566752496275
-23.715861525422312,-4.4204938957783,36.79118199942286,36.94786461383326,0.15668261441039988
-3.523453156282528,-26.384552340834098,37.28522818118832,37.29449976796565,0.009271586777323648
-17.087483362596558,-21.494360092102326,37.16577576751071,37.091697402632676,-0.07407836487803365
-10.471689723676391,-13.910174511236463,37.16093047787955,37.04418843423954,-0.11674204364001639
9.403534566381914,-15.63569229062712,37.03871603969494,37.26145211117521,0.22273607148026997
3.8985219211770996,-1.0846707495620223,36.90766134643561,36.99457620393556,0.08691485749994854
-21.6294106808012,7.6320802208014555,37.21694064197518,36.87928334582688,-0.33765729614830065
9.865266894735,-2.5261095510806797,37.0787712345027,37.07336371748379,-0.005407517018916508
-30.656469349096675,21.68816116065249,36.852443762076845,36.79016931172301,-0.06227445035383283
30.17506402074291,15.255853130635359,36.91705078511312,37.00830761909409,0.09125683398097095
15.496041049445992,13.605641971722847,36.92709198166972,36.890800779924035,-0.036291201745683566
4.66189409095513,17.19048945266649,36.88884696067021,36.84452662551241,-0.04432033515779921
0.16118914465118905,30.357802602689134,36.859741267528754,36.76419937930585,-0.09554188822290399
-7.018772128244052,-12.433650579147262,37.11414824436365,37.05584422451786,-0.05830401984578515
1.5941217754966246,-12.172928703038153,37.131444892714974,37.13518312872051,0.0037382360055389086
10.449777103999864,-3.9884801813314326,37.09388943504796,37.1004864628238,0.006597027775839592
5.6604704908262065,6.05981753822708,37.01323485014068,36.91019331333239,-0.1030415368082842
12.790728002721885,-13.059449715206917,37.157694329918556,37.25632113496839,0.09862680504983246
23.040365348083675,16.802989407714925,36.861865416967674,36.91668962096662,0.054824203998947496
14.121110405545771,2.6141907649422294,37.081654749203054,37.03896104549346,-0.042693703709595354
-2.3680011666158833,29.7868522602582,36.83501767789275,36.765511500741034,-0.06950617715171603
-15.82821935113293,11.80804373001505,37.17639962451041,36.85956813284057,-0.3168314916698378
-6.689509385852141,-11.060388561438309,37.102870024929395,37.038853881988985,-0.06401614294041025
1.1500986506387534,30.539112354454687,36.83200052202224,36.76393072067142,-0.06806980135082341
18.392853774904083,-19.544627755799404,37.2566705670329,37.40566771442722,0.14899714739431857
17.305523583056328,26.24393872901811,36.861285337240176,36.80183738370019,-0.059447953539987
-10.088124734875962,-27.951270721769973,37.25005520372662,37.25412083425485,0.004065630528231168
-19.638800783223495,7.948956188619867,37.26555357537903,36.87902282033907,-0.3865307550399635
-27.578998424447597,3.531228653078699,36.71007998959792,36.8984425436368,0.18836255403887492
-1.0271261777465028,-17.37418996646238,37.175926198925225,37.18626522797855,0.010339029053326954
-26.006559082838343,10.19426598808409,37.075492367450096,36.86086256676906,-0.21462980068103832
20.007771105569198,21.681909519183186,36.83651659789466,36.83057881368326,-0.005937784211397457
-23.237241239826076,-28.334440530025205,37.17869969461633,37.13277748456267,-0.0459222100536536
13.580745741285071,-16.738712874980983,37.12334601857553,37.31798892141556,0.19464290284003027
-16.351067299805734,-22.5106012660969,37.20610007263896,37.11373446248205,-0.0923656101569108
13.790558611368212,13.488209646162112,36.9434698189242,36.87605700241302,-0.06741281651117959
6.219600144978877,-18.345620361296035,37.108776261753675,37.270509312956484,0.161733051202809
-31.23026917302061,12.594605942160442,36.92134956271676,36.842710441496095,-0.07863912122066807
-10.208851732072858,-16.336394389717995,37.16231205003734,37.08236156806115,-0.0799504819761907
0.8393360480388381,25.774902409995377,36.81237662283385,36.79144949280502,-0.02092713002883073
-25.178812182913518,-27.497591957741214,37.16651754934973,37.10173797673806,-0.06477957261166978
-0.9861860855933884,-11.606015324604591,37.08068749385027,37.10194049069111,0.021252996840843252
-12.042360705293625,-11.934487922547838,37.13859284915638,37.000959431236566,-0.13763341791981532
16.54655661059308,-1.9192038196244638,37.116372156364655,37.12896599337178,0.01259383700712391
22.0980669589147,30.324678304745504,36.92122438916351,36.78187338136304,-0.13935100780047094
10.861901262380577,14.118047462447898,37.00659263988261,36.86737383220138,-0.13921880768123174
5.674692933766238,-23.546497398427938,37.210385356847226,37.341635434181086,0.13125007733385985
10.692521945571826,-12.062104101149849,37.07749908570497,37.22141181902257,0.1439127333175989
14.942008413008999,-25.027712632020332,37.3853988099197,37.45287829802091,0.06747948810121329
-4.683151372741804,-14.52467978667162,37.11796336838835,37.1091095539237,-0.008853814464650611
-8.886960110201372,30.912624755894967,36.81805693838644,36.75375556250673,-0.06430137587970819
29.776203796474753,7.5700162339838215,37.060274708427414,37.117341854473075,0.05706714604566088
21.60545355195074,20.48738537211844,36.8296985282701,36.84871918820803,0.01902065993792945
-15.601486256721444,-29.369812245873554,37.204906060146975,37.2217172656948,0.01681120554782467
-23.30146940811177,26.861632420959253,36.85956704536829,36.76587869011201,-0.09368835525627617
20.174055449988202,17.184351210637665,36.86704371500064,36.88341056453271,0.01636684953206924
-17.046558839831377,-19.93428509886366,37.1392021065191,37.06917897859243,-0.07002312792666743
-28.749878495163067,-24.74687293690753,37.17172232684099,37.06231780940958,-0.10940451743141466
6.05721215441622,22.209420085987816,36.83721074306155,36.8163875644969,-0.02082317856464755
-20.79476711992215,-28.285521999865338,37.1841228757869,37.15564413437127,-0.028478741415625564
28.40789344541391,-8.388745740310789,37.215001719174275,37.33852342414309,0.12352170496881598
-23.80171612313592,-10.299172638805864,36.92320238367762,36.98205787299992,0.05885548932229767
-15.059617548560752,-9.826894263903121,37.037688255653556,36.9862717353978,-0.05141652025575638
3.699501712816641,6.425131970488287,36.981029178980165,36.9065015681619,-0.07452761081826509
7.992785082909499,26.088360569736928,36.79140549663654,36.795323024167445,0.003917527530902021
-4.803046245301907,31.07219948909978,36.83824476950878,36.756079909875865,-0.08216485963291831
-23.056671261725924,-18.51435480228192,37.09499577306423,37.03053068917036,-0.06446508389386452
-7.957500517797968,1.220894808457011,36.90294438469447,36.92754333921934,0.024598954524869043
-29.28862232009432,25.900524777782643,36.791359400134766,36.76670913311816,-0.024650267016603777
-22.804147974263913,-29.32798766559631,37.10928635066995,37.15155226496196,0.042265914292009654
16.222023368475234,4.975861322705256,37.05834631830267,37.02456094997461,-0.03378536832806134
17.318235029631822,-16.64773014077776,37.18687408557402,37.35274274344756,0.16586865787353844
26.13943299532712,-19.88562315865969,37.36907615877487,37.48547899000394,0.11640283122907391
8.801234916915654,-3.704926869179289,37.04057682737563,37.08040303805754,0.03982621068190895
-25.915291217414634,17.11816143339116,36.92154287476428,36.820581967707135,-0.10096090705714289
7.526302222637156,28.211152626859402,36.83725997676276,36.782579398180246,-0.05468057858251285
-10.821300101714286,-10.297176586491737,37.1289904829088,36.99239000877459,-0.13660047413420529
17.338691532700643,16.733179013444925,36.89366358683353,36.86265817335267,-0.031005413480862387
29.466022333216195,21.52813010726687,36.799632171774284,36.90933686720464,0.10970469543035222
-12.097251372209278,-30.72029992079893,37.23261459339119,37.27539032152384,0.04277572813264641
-14.123324222656088,-14.707552298239627,37.141109685803585,37.020638824855375,-0.12047086094820969
9.043033069833342,-20.642874275400054,37.16242927576979,37.33151400400051,0.16908472823072174
-19.499975977898252,10.267075548913738,37.21295571949903,36.865623156959096,-0.3473325625399326
16.292313433700294,-19.107783289944756,37.23254187590152,37.37896821866523,0.1464263427637107
-16.412217607548627,-5.16972250326382,36.90670274667261,36.95805130305832,0.051348556385711674
-26.787751476295377,11.869326556594515,36.944287815502896,36.850477591704674,-0.09381022379822213
20.262784695265452,-28.327485757971615,37.486855272128004,37.552722461783866,0.06586718965586158
-27.134815807347366,-14.885339249432086,37.05825569409181,37.00613056146661,-0.05212513262519991
-23.268323512258057,-16.194685129356145,37.04650374918231,37.016842703970696,-0.02966104521161128
18.060518669064543,-0.8031292042884957,37.120377712723,37.127192843586144,0.006815130863145669
2.4512931128338025,-31.835314684991097,37.3762363974895,37.432251483556605,0.05601508606710581
29.929311354761566,-7.871327324375926,37.22193193809125,37.34561503284619,0.12368309475493788
-29.7340591566305,8.13204788217093,36.88495324309567,36.86991108004628,-0.015042163049393764
20.9602902962081,1.6003010029088713,37.126760643085944,37.11989338219254,-0.006867260893407945
-17.979037543767006,18.676949563339242,36.990516821769745,36.81782135778347,-0.17269546398627256
-19.089633824740133,-26.049571492710108,37.24331983434186,37.139268804679034,-0.10405102966282698
-11.236559359071286,16.672865483641417,37.03995365882494,36.83487432261389,-0.20507933621104968
-20.01059090969344,11.607772543858765,37.190992105928814,36.85740251101166,-0.33358959491715723
12.414634196989098,-3.880704000256813,37.10112651336789,37.11787665146845,0.01675013810056214
-1.312438423928377,-15.156014090904272,37.13423387498218,37.1509307234291,0.016696848446919432
-22.995669308926118,-11.331230564440482,36.93624007016019,36.98871515415283,0.05247508399263978
-28.189961675495155,-26.70314498117512,37.201378136052185,37.07416539113325,-0.12721274491893553
19.66219035722674,23.549450760957484,36.791010190567256,36.81941916522471,0.02840897465745229
18.595169887636963,-7.0503203486965305,37.15120659045189,37.224111189348974,0.07290459889708245
-17.65591368399153,-20.18877563765789,37.12215537159004,37.067032725667055,-0.055122645922985214
31.141994777575043,-10.45104795092977,37.254902714149395,37.395214653850246,0.14031193970085098
5.311173047908582,9.15070819164145,37.015907315220446,36.89190086984314,-0.12400644537730443
-7.1153317468227755,-18.14176928903165,37.159315714992545,37.13874981425239,-0.020565900740152188
-9.056392928785996,-3.0749985263003268,37.05297807082606,36.95170466267097,-0.10127340815508745
-3.507288031908246,5.662204814992826,37.19752936599102,36.90520509241219,-0.29232427357882784
18.993381269988006,31.050914128336764,36.869564841106026,36.77516674179531,-0.09439809931071608
-13.051761488811522,-1.4401918856127693,36.948184110334495,36.93899299589694,-0.009191114437555825
-22.473826413921955,30.77659790849409,36.75135510959471,36.743721309890965,-0.007633799703747002
-18.499923092047332,-1.1716065297617533,36.84171654285145,36.93308614309229,0.09136960024083862
29.295931683816086,-22.668717945678345,37.479683024080515,37.556835635149,0.07715261106848459
5.310715020632273,17.86612125355851,36.88715292878558,36.84110598810117,-0.04604694068441262
-12.289275900823448,-11.010409849080986,37.12362860962118,36.99537702816821,-0.12825158145297166
21.002950783210387,-9.575467180202615,37.17689544317335,37.2844494177096,0.10755397453625193
-9.200349846659023,-16.885655810161154,37.158201739161555,37.100167191504944,-0.05803454765661087
11.507958839303683,21.519532056894484,36.911179373525364,36.824751881930986,-0.08642749159437813
-23.82962437169889,-23.06745834697911,37.20360174496274,37.05645079875729,-0.14715094620544988
6.215066965661144,8.927945373332072,37.00024389256001,36.893919449859304,-0.10632444270070351
-31.9599758831474,20.757468832946522,36.8452276339097,36.794554771176095,-0.05067286273360594
-14.626965848086158,-23.7259321739647,37.23694187146964,37.148232989834526,-0.08870888163511381
-30.344506179701476,-0.329544993561278,36.633964657361744,36.918739851053644,0.28477519369189963
21.629600402131643,-7.012907610988364,37.16884334717921,37.25286290941948,0.08401956224026463
1.6095355845315922,-2.296162484420641,36.94680107277903,36.99026696447806,0.0434658916990287
-25.119342608298446,9.746440800552357,37.14827227520774,36.864179548568295,-0.28409272663944307
-15.31135929153676,25.42787438300087,36.776914356474705,36.780601930176125,0.0036875737014199217
22.02295960215158,23.470579170753766,36.779014130871545,36.82176007670341,0.04274594583186797
13.753523471277255,-13.565918855755037,37.18517034959818,37.27305689421342,0.08788654461523748
6.869853084446994,-27.03688884510241,37.31256391731713,37.40444132375913,0.09187740644200204
-5.021456943883308,29.386501758340636,36.79434532380788,36.765730320937514,-0.028615002870367334
-16.322884472236474,-22.46036525658355,37.20623493337388,37.113268761521034,-0.09296617185284362
1.0574654456584156,9.626056281948927,36.97581095644318,36.88574080850877,-0.09007014793441215
-23.472072200565492,-7.7617684948002434,36.86342337819096,36.967532249473926,0.10410887128296764
7.352581534876208,12.935655995118658,36.96899044442932,36.871468468314056,-0.09752197611526725
-14.226929716374109,-19.6510383194653,37.20202359556347,37.09224583524341,-0.10977776032005693
-21.081422281519338,-19.461343096939395,37.09814455319544,37.03762388185626,-0.0605206713391766
0.5649411952427954,-12.009410766540562,37.11176421225829,37.122843434050125,0.011079221791838734
18.94706414378136,-4.363763032374813,37.14150095075078,37.188050357676396,0.04654940692561382
23.190735877146217,21.923971781754823,36.803960040035555,36.84292720776917,0.03896716773361675
-7.108798854630592,17.318138102552247,37.077920283404545,36.83440290228378,-0.2435173811207676
20.623382171776015,6.282138919251928,37.05023883933467,37.047875618719694,-0.002363220614974182
0.5729730763100847,-2.4542926366526245,36.95778118897912,36.98258019436895,0.024799005389830597
29.5737365799407,-31.654352805400777,37.70349749050362,37.69149470067937,-0.012002789824251181
13.53556201863271,27.978012115773154,36.8757827099396,36.788726799121356,-0.08705591081824338
-31.457350935800513,-25.11087777873926,37.13799540373263,37.06228175802725,-0.07571364570538464
26.110989643751935,-13.751860139876882,37.24420541196645,37.395114689551924,0.1509092775854768
-16.116542103967525,-21.984236937189152,37.20591297636375,37.10826812032352,-0.0976448560402261
9.122742848369015,-13.85762636736748,37.02701176738512,37.23262537290027,0.20561360551515406
31.59585415961127,-2.9315539243063853,37.20930282081476,37.289154664992,0.07985184417723445
-0.8792992085445448,-1.798481592768006,36.97906301037535,36.95892446541127,-0.020138544964076743
-29.661170056588062,-13.593233494280732,37.0198763727599,36.996586819070004,-0.023289553689899378
-31.866916685399303,-29.959850651431225,37.01919860692025,37.090215805344194,0.07101719842394516
-31.076303682626275,27.157593040602933,36.777962769108356,36.75795822356314,-0.020004545545212693
16.900724599125624,19.88687184346616,36.89089745570433,36.83856458995223,-0.05233286575209917
-5.278870698726685,-13.68717544096549,37.1134820195895,37.0910562941046,-0.022425725484900738
13.098419015532222,-6.476308852335528,37.13057930832945,37.162602394887415,0.032023086557963154
28.774750406290188,-7.328133199382307,37.212441205459356,37.32648813997667,0.11404693451731163
26.767630239144104,26.501529486457102,36.943751220832866,36.8102337151644,-0.13351750566846476
17.26056324773934,-31.077363561168987,37.53683274261441,37.564121091165646,0.027288348551238073
25.247607310236475,8.949569689467062,37.01766245526503,37.053350403275424,0.035687948010391324
9.523104915263737,0.4639968166133741,37.05886363753707,37.02614252859401,-0.03272110894306479
-26.631225163473545,14.225882624959247,36.93399368926777,36.83686802027427,-0.09712566899350605
15.950185512694311,25.64685000593346,36.83508622082961,36.8042372563896,-0.030848964440011173
6.3333689840335765,-19.612055903932102,37.11818675524447,37.290208665341076,0.1720219100966034
-31.406774006099212,-29.887962404736506,37.00375523824498,37.090163507853994,0.08640826960901649
-3.5356868378758364,10.272632169187759,37.1939052609204,36.87831231519002,-0.3155929457303799
30.240278633383596,-11.570220640924404,37.26530545540648,37.40294530621719,0.1376398508107144
-14.037258828984896,16.41658216406612,37.0166429773664,36.8341361664457,-0.18250681092069954
-21.281632293120502,-5.699298145460972,36.79276416760344,36.957257421270434,0.16449325366699696
-15.346608919594082,-19.76969734546328,37.189760773552216,37.083176737381656,-0.10658403617055967
-20.248711387055046,-24.337254277048274,37.20717107586149,37.102926802862896,-0.10424427299859218
-20.962137914517463,-0.8368605579296045,36.76871252054881,36.92917312428855,0.16046060373974314
-17.50632457319073,26.417795708865874,36.799819751724215,36.77308343199001,-0.026736319734204983
-9.1738742014224,-0.7844099179156032,36.964567570135806,36.938261208048594,-0.02630636208721171
1.6814290274926336,28.552718603938708,36.81516249475089,36.7759310756427,-0.039231419108190835
-21.090776461590195,-13.83435922691573,36.97111246935876,37.004821662376536,0.03370919301777775
16.08618468420338,10.948758181058082,36.94618526509823,36.93552233507255,-0.010662930025681305
23.64190154749395,-16.83363664565462,37.260087444558025,37.41653615005104,0.1564487054930126
19.90966456632043,20.627253639597058,36.85905368133213,36.83664730133301,-0.022406379999118542
-8.17659075644847,9.918575765617028,37.25500060530799,36.87667757985697,-0.37832302545102436
-7.175172954014478,-19.806848241639436,37.17266559150498,37.16262781971187,-0.010037771793108163
-25.057191109001614,7.084602174251025,37.0791506017515,36.87974260378821,-0.19940799796329145
-30.46148324454537,5.787993700599664,36.75162663903053,36.88299285475319,0.1313662157226574
-23.08511321943309,21.15071298641869,36.98031984568141,36.799335051279286,-0.18098479440212145
-24.37445751958203,22.466635781880022,36.94470133411666,36.79063824249781,-0.1540630916188448
-18.628401468022922,12.018442409435934,37.15985533203766,36.856110507912675,-0.3037448241249834
23.608488153376335,-9.023610079434746,37.18974645701793,37.30150373677274,0.11175727975480498
-17.36367604158462,9.882604966383099,37.25336044963501,36.86956626358466,-0.383794186050352
5.225226522079836,-11.757459432670565,37.16801918156907,37.16414377902118,-0.0038754025478908716
28.083955749804225,-29.57899426384504,37.662327708820285,37.64662717595927,-0.015700532861018246
-28.10637546203595,-2.7576155622711767,36.73319081767887,36.93467446025255,0.20148364257368456
-28.183403776287086,-15.479859645848151,37.04518398061755,37.008759907114225,-0.036424073503326326
-11.171398943307125,5.500844399688063,37.15594026507462,36.90003818270012,-0.2559020823744973
6.205671914926683,-26.006668259894504,37.27644768840894,37.38289645949571,0.10644877108676809
5.384964439905609,11.294471366370168,36.96656996386751,36.87946555260592,-0.08710441126158486
-6.822145299464744,-18.087789898059093,37.15779814558475,37.140788073579785,-0.017010072004964627
-10.576078576230628,5.9548130737694365,37.1872568533126,36.897866792439004,-0.2893900608735933
-14.914615272579802,-10.041601981118909,37.04643191382187,36.98763862750087,-0.05879328632099856
19.729258135365264,24.445683805950246,36.80360358108966,36.814249251645066,0.010645670555405218
8.690921063756946,-10.352822930293215,37.00716777816876,37.17697879331058,0.16981101514182484
29.683259267273648,-5.646440563788325,37.2104438435187,37.310561068080254,0.1001172245615507
-25.056836476070828,14.086607595694097,37.07212949964335,36.838934323539476,-0.23319517610387663
-21.893546080378428,-25.675629622998827,37.24061744971292,37.10670125574914,-0.13391619396378474
-30.484235434245214,-2.722355736278324,36.726973040450716,36.93257410441383,0.2056010639631154
14.813647985206124,-29.441018480349733,37.50387164867945,37.51645924728729,0.01258759860783698
-2.7573143467973438,-4.859907950462635,37.07137154088708,36.98575458136116,-0.08561695952592174
-12.003977436450327,-24.164156810190455,37.232309424722246,37.179997646028944,-0.05231177869330139
-20.48650419898138,-9.485621998054533,36.871143243267746,36.979958207673846,0.1088149644061005
12.024471904148157,-26.45631164288767,37.39496369179546,37.44568838407935,0.050724692283885986
11.322934362288287,31.0090934888365,36.88472692693795,36.769298090330324,-0.11542883660762726
2.152746430324875,-15.993750067334105,37.23996562218044,37.1966956618318,-0.0432699603486455
8.069464599526746,-14.75404778833633,37.00785015124806,37.235620844430365,0.22777069318230758
-19.10757881260477,-10.811231467848536,36.90853114517603,36.98878285653226,0.0802517113562331
27.088060437252274,-18.727753227728606,37.34530669236201,37.47763295912948,0.13232626676747117
-3.979576601562556,11.439882875760041,37.25976398170932,36.87115570751034,-0.3886082741989796
-2.6218075481635665,20.470425612776303,37.19788115345649,36.8196065478356,-0.378274605620895
27.898850277044673,6.927503366522728,37.06506604563263,37.10865056729191,0.04358452165927673
3.7071034946752306,30.361814466948942,36.83301446713932,36.76700164815713,-0.06601281898219469
-6.4202011899866775,13.962002690911135,37.16704071828228,36.854511605243765,-0.31252911303851505
6.886135101747563,-0.08333053862786244,37.006876292097246,37.008718159362346,0.001841867265099495
-19.2529078845061,-19.40184058864977,37.093194598679624,37.040053641886026,-0.05314095679359809
-11.168514288283696,-16.426979737924697,37.17763935733698,37.07442529880453,-0.10321405853245125
-25.81231456648326,20.712564038145054,36.885924318643106,36.79971539954502,-0.08620891909808392
-27.70513295174662,-5.819063390745612,36.86582249857252,36.952836701003264,0.08701420243074409
-27.987599023272452,-7.568166750754301,36.91135092811859,36.96280560387257,0.05145467575398044
22.23470600623814,-31.615379981505875,37.627696311177054,37.62005477335111,-0.007641537825946898
-12.711384798492169,17.595928187384665,37.00019969004726,36.8283193462716,-0.17188034377566197
-9.33123760875533,-24.69325711031864,37.22130444762463,37.21357745064826,-0.007726996976373357
18.874627185467816,9.461258177160282,36.98385974879204,36.98429588928263,0.00043614049058504634
-19.60394471974103,23.208381855249748,36.89099286290586,36.79011675605133,-0.1008761068545283
-3.2741887577900997,-6.451183289612246,37.08496302820474,37.00413536937377,-0.08082765883096954
12.242847372360956,20.8697194591995,36.914048877324234,36.8291246852767,-0.08492419204753077
30.239774515564186,-14.094703926426774,37.30655888168242,37.44001878658531,0.1334599049028924
17.360966360978864,28.202672578977776,36.91629862886577,36.790465818944554,-0.1258328099212136
-23.312403313582152,-2.6301461108789397,36.68128438100092,36.93775174891195,0.25646736791102853
-31.73005218207507,15.601753508639106,36.906011767923445,36.82478614499987,-0.08122562292357571
22.55548396919955,6.452852252260207,37.05431408520158,37.06402512462251,0.009711039420928103
2.0295586227772304,26.758467725014633,36.78184962968741,36.786665609817675,0.0048159801302674055
29.65867651918034,-29.9057983113805,37.66774972317777,37.66663300783674,-0.0011167153410340802
-4.980767586004575,25.076114756857486,36.96342378296536,36.79088421951259,-0.17253956345276578
20.979327724842037,-19.277797259307256,37.29921190916835,37.42672428058908,0.12751237142072824
20.75233231919264,2.683686924625441,37.115817261292335,37.10197305725177,-0.01384420404056641
20.373232484903333,-21.09678679784917,37.327300655137556,37.44758808227576,0.12028742713820151
15.376473170292172,-0.07084744140455967,37.1015415621296,37.09051964084626,-0.011021921283337122
-14.43081934518245,-27.387001693661773,37.26945688888501,37.20389898807374,-0.065557900811271
-8.657000450218419,-22.032201473310003,37.197532502235276,37.181003798541816,-0.016528703693460045
23.527266311095758,-23.629403111172287,37.44889568749885,37.51524202351186,0.06634633601301232
0.10065063229473026,2.9715784409093686,36.98113952430245,36.923761475371684,-0.057378048930765146
-3.6144316776152934,25.56621283774472,36.87623408837299,36.78911666556192,-0.08711742281106893
-6.698408681119659,15.26349918581063,37.12985644632371,36.84670462438993,-0.2831518219337781
29.429188300314244,-31.776088844300155,37.70708856943095,37.691886904425566,-0.015201665005385223
8.802627909912289,20.142621421952512,36.90007494766513,36.83062087864089,-0.06945406902423912
-29.751360368070337,-22.023888055442896,37.11520836504065,37.04564985727982,-0.06955850776083139
10.067065712986874,-13.952319737885553,37.055020211146484,37.24313479944122,0.18811458829473793
-23.55363249720063,-13.539048489150254,36.99150245846986,37.00113796607962,0.009635507609758065
1.7994417001897318,-13.653475390466284,37.163425596366395,37.15891127871493,-0.004514317651462818
19.387751421222838,6.823001699280724,37.03584441514957,37.028000137202994,-0.007844277946574607
25.400128192137466,-31.707544193646484,37.69809558058415,37.65197454319951,-0.046121037384644126
27.627637597940627,2.675185486975394,37.144054806871964,37.16848758871516,0.024432781843195528
-28.50525388032996,3.6358450190593032,36.69252460739083,36.8970947165624,0.20457010917156992
-28.653430793510346,25.32322976404253,36.816561192413914,36.77057984886786,-0.04598134354605321
-3.059437335473639,-10.368113787714336,37.077934203068374,37.06373897948639,-0.014195223581985772
-26.026696905647285,23.99681327219586,36.85204388266614,36.78040354855129,-0.07164033411484638
-23.50834341806882,3.4294576362631233,36.76077565184862,36.90227948105238,0.1415038292037636
12.85267831494977,28.311165671620884,36.87444203754851,36.78624096560231,-0.08820107194620164
13.81536286497878,-31.015201168512355,37.54130233633934,37.529940364827475,-0.011361971511867353
-15.0685600949651,3.4390711847530184,36.92885215666137,36.908948904425685,-0.019903252235685898
30.2286962339997,3.4796692315562936,37.138800315502486,37.18178820617108,0.04298789066859143
-19.354943579854286,-3.3996590632740507,36.77361266382132,36.94539016731295,0.1717775034916329
-20.4546792956529,-7.201147542823982,36.819808354168075,36.966669365459296,0.14686101129122164
-25.75049218211877,-1.8868482467042824,36.67295354403268,36.931476863980194,0.2585233199475141
23.193800878408155,9.831264853217021,36.99298006777792,37.0205684372005,0.027588369422581138
-16.414605033127827,4.506943096387502,37.04755108924477,36.90165258388059,-0.1458985053641797
1.839339205943574,-16.497910211338905,37.24064231240526,37.20107417543643,-0.039568136968824774
-15.783990483529081,6.599257815438534,37.18830778290591,36.88996083312783,-0.29834694977807885
-18.09376342150572,19.7103860102764,36.96999538731643,36.81170693880734,-0.15828844850909007
31.10691434068682,7.298730774523712,37.07001876727474,37.134176033351444,0.06415726607670535
3.705772978816114,0.30041753162666396,36.93622818088209,36.97237148783093,0.03614330694883705
-16.96551261052933,-1.398757155938803,36.88816870961325,36.935632738687936,0.04746402907468905
16.64752761275406,-16.106670968761748,37.179132404573416,37.33831941836434,0.1591870137909268
28.631703085556566,20.79559685727299,36.80741038738507,36.91203955407871,0.1046291666936412
-16.716378844151095,-31.727564812730286,37.119437223792374,37.24558107497314,0.126143851180764
2.321302985268389,22.461812889571412,37.100438140564606,36.81193953506936,-0.2884986054952492
21.538718723513682,-3.777278255308957,37.154119172457875,37.20446202704878,0.05034285459090171
19.006498606317557,-19.50934315556573,37.25287787842608,37.41107497976462,0.15819710133854414
-12.244177835461663,19.64718352805499,36.9474360763448,36.81673667928792,-0.13069939705687972
30.43250187651072,-0.6668998869999996,37.192930722059664,37.24465893833537,0.05172821627570556
21.912105780178855,11.545698602676794,36.95628074589746,36.983011323213034,0.026730577315575488
-8.140066205184596,30.622514951326494,36.82330389360968,36.756041539792044,-0.06726235381763956
-6.877352758396839,-6.733166842208618,37.10075917586522,36.9747613475229,-0.12599782834232087
30.59679901151955,4.066162065418773,37.12912946926819,37.17672858511915,0.04759911585095722
-4.11140621014556,16.831025892310414,37.18890337455772,36.83963040039767,-0.3492729741600513
10.441649071377135,15.411153241054663,37.009469283993226,36.85950256162073,-0.14996672237249697
-3.2984598648917256,29.61542713244973,36.82171715550546,36.76576912853886,-0.05594802696660395
22.61278177066044,21.536407005982696,36.81381850371145,36.84303869607257,0.02922019236111595
10.220635848550408,27.71643323602094,36.86229015693675,36.78760973173813,-0.07468042519862195
25.84116160041907,-5.455648287591501,37.186869303142,37.27065855092805,0.08378924778605068
10.881281870373158,-18.036694246951136,37.11008685925447,37.31098632481289,0.20089946555841465
20.397259597695488,-7.953086639597139,37.166149167285425,37.254771998009325,0.08862283072389943
21.805847721970608,24.7352445525092,36.82296106559008,36.814216437745856,-0.008744627844222919
-25.475848072490564,26.11869919958695,36.83981993424911,36.768475889794644,-0.07134404445446307
20.017039578933584,28.06379760389946,36.94991453357914,36.79339175800423,-0.15652277557490635
-4.5345592910383345,20.332075619039664,37.10331518833526,36.81888864484774,-0.2844265434875197
-31.75379997755322,-17.30201114736952,37.052580126891314,37.016534474361144,-0.03604565253017
16.598845406429966,17.98059222019407,36.91278768979328,36.849434065899935,-0.06335362389334165
28.454613734030858,-16.14208482330779,37.31410570023875,37.452851734711565,0.13874603447281686
19.408316133342822,14.365027211770645,36.89434471093165,36.91742521548971,0.023080504558059545
-0.7896779695898744,-22.796850790689355,37.27684043027783,37.268203418094394,-0.008637012183434933
-20.722879066992725,10.135985637633034,37.2439326624645,36.86541266444916,-0.3785199980153422
20.550221650621374,-14.08078492432061,37.19411904606473,37.346249606389776,0.15213056032504824
27.988068724272487,8.292051794788932,37.03970262608599,37.08947027788279,0.04976765179679887
14.347027879457038,15.268240274361865,36.946337064907894,36.86344757499243,-0.08288948991546619
-24.70201962401979,-11.967873237662786,36.97001513495503,36.991065839325366,0.021050704370338735
28.29291659187394,-7.6792510846093975,37.21137999471189,37.326992476145485,0.11561248143359393
16.514556251352268,-3.178991115358251,37.12180353760678,37.147160115808944,0.02535657820216386
-3.0458627862637897,9.716128318150119,37.1713868521779,36.881946017737974,-0.2894408344399295
-0.5416353621786314,-30.22488860775774,37.33090926533064,37.3796978849604,0.04878861962976089
11.361904944047858,-8.54214296542954,37.104559479871185,37.17617611942071,0.07161663954952502
26.680920994974024,11.061526330316632,36.982915566180615,37.036171475381195,0.053255909200579765
2.6373141231239217,-6.074644147414993,36.95923876966978,37.05568790041657,0.09644913074679096
-12.085589425391873,-3.9290396588117105,37.05171365411298,36.95426823018815,-0.09744542392483169
-21.446239568381912,-8.011359659084832,36.84560539564542,36.970601233357044,0.12499583771162293
-9.802080898243162,-7.43954868899646,37.10649673547934,36.97654758648727,-0.12994914899206833
-15.269996584400012,-19.982278517467996,37.194785067901904,37.087038811207194,-0.1077462566947105
-7.598504358885606,-28.27523592188149,37.255871107090336,37.28291946988714,0.02704836279680478
-21.668496714770924,-8.568928239374088,36.86053886345344,36.973673701575514,0.11313483812207181
-14.184139922903505,12.091204824353937,37.13916518868501,36.859227960382,-0.2799372283030124
-18.182384448838775,26.040116679525653,36.82439565177015,36.77474585736947,-0.049649794400686176
-31.24859637382643,21.847324131494098,36.839107282795354,36.788769838810744,-0.05033744398460982
10.849254248577694,20.70800171940887,36.92385367436219,36.828956676958406,-0.09489699740378654
31.138734437180204,-16.990809733924927,37.36280448630617,37.49123592237605,0.1284314360698815
-14.142419202314997,-29.257345992787727,37.25687088787625,37.23415453384671,-0.022716354029533647
2.9726301751849533,-20.25545306086847,37.28815617634767,37.267206426960634,-0.020949749387035865
-19.38225131490362,-6.308649333153106,36.81845802120022,36.96232236537821,0.14386434417799165
-9.628731044208905,-5.827166282611323,37.092127748213834,36.96728855843999,-0.12483918977384434
1.0152676338773006,-22.472976567977582,37.28558465323741,37.280875521431796,-0.0047091318056118325
-31.146995945712185,-28.7216547468638,37.003313441360305,37.08357313167732,0.08025969031701408
-10.804589008417189,-6.9454640930417995,37.092243886569605,36.97286912605117,-0.11937476051843277
-26.0024092773807,3.5537808496488665,36.72060241408823,36.89956745109272,0.17896503700448818
-14.757731985236596,-3.39504044764287,36.95112908951677,36.949026652433176,-0.002102437083593145
-4.072785030487466,11.144266281314046,37.245185182565294,36.872804322508046,-0.37238086005724824
14.967518012969087,7.880069246394669,36.999178600617924,36.96979157875631,-0.029387021861616347
25.71499142620182,-21.238535596727566,37.40299872854792,37.50125137753619,0.09825264898827157
24.878377167691603,-0.8080317407111224,37.16050149745577,37.19309979571722,0.03259829826144767
0.011821712956098906,11.264644449638212,37.15058132502803,36.875357664494466,-0.2752236605335625
18.045797187522922,-31.060056160737396,37.517197191033624,37.571449303952846,0.054252112919222384
10.539193091489864,-0.2997260643745463,37.070944719647905,37.0471713098602,-0.023773409787708033
-6.544016526600686,-14.291936361390512,37.12476314121065,37.087722155722936,-0.03704098548771384
-0.27583169042009814,-29.593440299937733,37.33847217329731,37.37299015464472,0.034517981347406135
28.369167411810587,-28.008882476823644,37.62219148274751,37.62632023419864,0.004128751451126789
-15.506937405222715,18.847844835159762,36.97439085338094,36.8187953135753,-0.15559553980563834
-7.261431093941319,16.210859928267105,37.09705308836433,36.84073462907758,-0.2563184592867529
-12.259377995531864,25.998448293600013,36.76915214804043,36.77970860169867,0.010556453658239207
-30.529424581957706,30.6527405595509,36.75342070324606,36.738023861212625,-0.015396842033432279
-23.491121137722878,30.19236093841625,36.78613124920285,36.74631565924917,-0.03981558995368317
-18.153574488688164,-7.9639092338930055,36.89166717245903,36.97294852883311,0.08128135637407752
-25.522326060846353,8.606137351949357,37.14203114835596,36.87050425216593,-0.2715268961900321
31.389571442276072,13.959429340411752,36.94631418662472,37.03907643080218,0.09276224417746448
16.249619396623054,-25.66051971030506,37.410575365657834,37.47479927054374,0.06422390488590679
17.20141651657967,-19.675643836391252,37.255853948628406,37.39608719708522,0.14023324845681628
22.596447266092653,21.975297768440335,36.81463722536572,36.836434757939244,0.02179753257352246
-2.4520438578731785,-7.221165125843697,37.072627890255674,37.023383314283244,-0.04924457597243048
24.115221926454623,-9.050607906321723,37.19289505453544,37.30679341535143,0.11389836081598759
-12.16754571406777,-5.714890326748581,37.049371744483636,36.96461108219468,-0.08476066228895718
28.335177780817908,-16.795507744750118,37.32255585135558,37.46129558044704,0.13873972909146204
-21.11478952009265,11.028987402132039,37.22240251410187,36.859895834898126,-0.36250667920374724
25.91426847727719,24.640854229145894,36.878751112860485,36.82932210849313,-0.04942900436735442
-1.313272755530292,24.563117457288413,36.92893788970535,36.796796566842175,-0.13214132286317692
-15.84565817586499,22.498083899688453,36.87047903022744,36.79725134591323,-0.07322768431421167
-11.610090787757208,29.84288998273636,36.76018147538099,36.757820115722865,-0.002361359658124229
9.730878981433776,11.154418201753998,37.013651304954365,36.883744950606236,-0.12990635434812958
6.927222649609618,-11.173209352243312,37.00997838574408,37.171997506071364,0.16201912032728671
8.765589081357128,-26.472470835096935,37.31765033436265,37.41445713495734,0.09680680059468472
-31.235156999585264,15.262430561230097,36.907096890096916,36.827158131151286,-0.07993875894563018
-18.27516868152079,-26.551170372982035,37.25355312316761,37.154500717272235,-0.09905240589537812
-28.182268065619056,-15.084981830274216,37.04405689270263,37.00645941486478,-0.03759747783784917
9.530286083653941,-8.638069563097147,37.04214537253758,37.15989847170327,0.11775309916568943
-24.63577967749054,-30.323798331185756,37.06129984879943,37.14849154047852,0.08719169167908802
-22.615133798264736,-26.307299488427567,37.25410441931251,37.10901107549678,-0.1450933438157307
19.805787533121936,-28.949286283239694,37.48758930649219,37.55744227815179,0.06985297165959992
13.56303430242756,10.758314675431038,36.953719114830996,36.91395530318742,-0.03976381164357434
29.938347437916235,-24.53111254107528,37.539255954871024,37.59039288289442,0.05113692802339642
7.981378587942935,-27.043114439922462,37.32496055547103,37.415265930326186,0.09030537485515566
1.0305755750209755,30.938344150622115,36.83398012129885,36.7615087029085,-0.0724714183903501
11.422170887100414,10.328396020262772,36.98065865401603,36.89959702108095,-0.08106163293508217
18.98687961986201,-11.450825648231643,37.17317559525004,37.292526058037694,0.11935046278765782
-14.901474060710584,-2.8745959109509656,36.950065229465345,36.94587889215138,-0.00418633731396767
-30.601916218927137,-22.80605220318153,37.109322168289665,37.04953062100971,-0.05979154727995706
-23.540317731991195,-27.64818952121209,37.20816640112462,37.11977159049326,-0.0883948106313639
24.893936497137837,-28.29593457628517,37.59552229364172,37.59697861338967,0.0014563197479517953
22.07456512262933,-24.489919345242967,37.45895324165285,37.51385320984864,0.054899968195790905
-31.63113825198524,-6.085723040732866,36.898248394363286,36.95126229130222,0.053013896938935545
-30.557232427150474,-26.14954838775835,37.136985102278175,37.069052542107016,-0.06793256017115823
28.806341230636676,25.94582323651,36.93071213363274,36.838081953722096,-0.0926301799106426
-29.863539054967397,23.439266421842902,36.831655973985185,36.780595517700775,-0.051060456284410805
22.407833375519857,-17.977738676056013,37.27645470044274,37.42142367783694,0.14496897739419978
-0.0627080540236733,6.660326763699061,37.06966588280507,36.90213281259977,-0.16753307020530173
-8.894673172800154,16.835628992547306,37.05740175332731,36.83579190709324,-0.22160984623407387
17.384215365586655,20.67950824049123,36.86686253636479,36.83433028765534,-0.03253224870945104
6.452544918235006,14.394651352197883,36.948716736124254,36.86224804431969,-0.08646869180456207
-18.631276753945308,-29.87064355612023,37.147759101359874,37.19981681107523,0.05205770971535628
-27.22420388982747,18.18553027865441,36.885153963480654,36.81331816887001,-0.07183579461064227
-8.465915209786097,-14.5521581695524,37.13766134211015,37.07298582937081,-0.06467551273934191
-30.211407359823134,15.96573441916108,36.901621930268334,36.823874988848466,-0.07774694141986771
0.6755102435601259,14.118238243245209,37.12162834599045,36.859255439963924,-0.26237290602652763
-24.79902043016746,22.780530060255508,36.91725250989063,36.78847050383728,-0.1287820060533491
14.834415165445904,-19.734479444693918,37.24129032557036,37.37409498828528,0.13280466271491775
14.56337002191502,-17.250713043392423,37.16833285921436,37.334997389598946,0.16666453038458684
10.329209888328052,18.52892106405087,36.95159210813946,36.84124222105334,-0.11034988708611593
27.63665794269582,20.650296802020797,36.80619083081467,36.90456524397948,0.09837441316480522
18.023571155123776,26.189909016462387,36.88125632472425,36.802724469777665,-0.07853185494658277
29.30201215601437,30.73646168354056,36.8261861993918,36.78521410018744,-0.04097209920436029
-30.96887064635557,-18.920691282180563,37.06159715110168,37.02659383508264,-0.03500331601903639
-8.92668271394971,-18.142008338452037,37.16560709726025,37.121262467514434,-0.04434462974581521
18.144315071778188,-11.496931660817637,37.16835017426902,37.28506722618012,0.11671705191109538
5.629827869151782,-15.971963034633667,37.162583547096915,37.22995123243268,0.06736768533576765
7.365084414842848,-1.5555697604461827,36.99544642028747,37.03496652723738,0.03952010694990804
18.290741948580973,-18.848833586790846,37.239309902048134,37.39446222024698,0.15515231819884434
30.289504172889927,-15.328547744613068,37.32621570273717,37.458621069668474,0.13240536693130167
-12.265940976425455,1.2874437078137575,36.85098514953322,36.92372219542481,0.0727370458915857
-0.5883035225061448,-12.871917028465319,37.10740982800974,37.12437547546638,0.016965647456636646
-28.03824287153423,29.10711793500146,36.74667754890083,36.74901710349681,0.002339554595984339
3.1101620853251575,15.882912828846528,36.88185200691,36.85091080908112,-0.030941197828880718
-13.677818649020928,8.38040137518982,37.247990893588096,36.88125846149928,-0.366732432088817
-15.470475690167682,-25.930085793320586,37.25450190828677,37.17246135420621,-0.08204055408055666
24.744539532637,6.79154861052583,37.05593934303439,37.080188589644926,0.02424924661053751
-3.9850887647728612,14.517520214718438,37.24005863673409,36.853214459889166,-0.38684417684492445
-22.12943854423878,-3.803706670563713,36.755246582207604,36.94553408159944,0.19028749939183598
-25.660830269800805,27.73803472607112,36.82480347701773,36.75889079224087,-0.06591268477686185
-11.482005247670685,0.32447504705140773,36.89523671837179,36.929959195934664,0.034722477562873166
30.906812382189614,-8.802587388002621,37.231652565182486,37.36873190932681,0.13707934414432543
0.6762894856673611,31.95884037697416,36.871730478706276,36.75527880161184,-0.11645167709443882
9.047432343801134,-4.904190277545041,37.032297121976605,37.10039456327127,0.06809744129466822
-10.144044487778935,22.906683279272528,36.879422196507214,36.79941345106179,-0.08000874544542569
-20.838858741835544,18.761274921525228,37.00118667803997,36.815050979038084,-0.18613569900188764
-2.6603068153305145,12.390950174721759,37.2706564247235,36.86666406151949,-0.40399236320401144
-11.707767308848616,-28.78187687964843,37.264949517925125,37.25068068859376,-0.014268829331363975
11.387026317935423,6.754214789852298,37.00721798558775,36.951753443156605,-0.05546454243114596
18.89597116512607,-4.641437911387982,37.142583037355706,37.191635340886755,0.049052303531048835
-22.182408634476623,4.067498664407232,36.82754880841834,36.8996175024659,0.07206869404755878
31.64195185823676,18.62630395408626,36.85476421488088,36.972968758305456,0.11820454342457509
7.8335085975851015,-24.567133656675892,37.25455433948831,37.377472092977854,0.12291775348954559
-0.44379088550788026,16.637206471542335,37.2314362222818,36.843682635171156,-0.38775358711064456
19.82173714846636,-14.463765849363185,37.192199716295995,37.3448402102524,0.15264049395640455
-29.064756963768616,-25.37905789929578,37.16893638433385,37.065751343613826,-0.10318504072002099
-8.137579294926297,-23.047156971950386,37.20215585813312,37.20092661795889,-0.0012292401742257653
2.0152617520644043,1.5629578614344197,36.905327291292075,36.93750392770355,0.032176636411477944
-14.222183447939472,-2.2226569870789348,36.9699955319743,36.94262062031774,-0.027374911656558254
-18.418501809180057,8.341846258540443,37.26917992923222,36.877705433645254,-0.39147449558696934
2.193983998582418,-28.16829560417522,37.34035407417973,37.375907499672635,0.035553425492906854
15.887244640979247,23.2494493212777,36.84115220743683,36.81815945124771,-0.02299275618911878
-20.73254018316669,24.980316282402484,36.85810900144546,36.778890351208155,-0.07921865023730845
1.8160766769122532,-7.799315051931735,37.048116822940464,37.07308893023668,0.024972107296214574
12.777648623981015,-8.558718812906008,37.15624450228341,37.190090352089875,0.03384584980646821
-20.01357582606476,-19.91015787593632,37.1059622457292,37.041090570634296,-0.06487167509490632
-0.9128632502345937,-25.078616157848167,37.292073542621736,37.30052733905831,0.00845379643657651
-13.292155479917689,-4.48090407380046,37.01205225507946,36.95652308265706,-0.055529172422403406
-7.200903430596135,22.862959823185953,36.97006492778479,36.80201359235924,-0.1680513354255524
4.461939550915936,12.462454715820883,36.96105615127691,36.871922864188996,-0.08913328708791113
18.09502824271332,-9.511300722492393,37.15912549847784,37.255427345830306,0.09630184735246416
17.01082912293046,5.803664056077125,37.04577372345157,37.02001950289467,-0.025754220556898133
8.597208787785178,27.716507678832762,36.84651598177716,36.78631562943706,-0.060200352340096686
17.305682024118987,-5.531152161207807,37.13695913864535,37.189346789413136,0.052387650767784066
-19.81940108244497,10.736832095295327,37.20855880720965,36.862630815207034,-0.3459279920026148
10.748598538812097,-6.152761998432474,37.098239737576975,37.135159846492385,0.03692010891541031
-26.71327739926666,25.165929970458187,36.84624174821886,36.77304267146339,-0.07319907675547199
-2.372642976715916,10.266141848619242,37.17391253471362,36.87927694216645,-0.29463559254717353
10.686216133838087,25.186376428172146,36.79961828692317,36.802726228361216,0.0031079414380457138
23.709504690668822,-23.54518657883483,37.44836040797264,37.515764832545905,0.06740442457326168
-3.497187928209037,-31.034222247930813,37.31829016087446,37.363045418334714,0.04475525746025255
5.182522167544732,-11.61345012220277,37.16001004205617,37.16161627835021,0.0016062362940374442
-5.898536050921059,-14.29294084180276,37.121529905709764,37.09396982987227,-0.027560075837492093
-28.71767307030327,-26.84829917535626,37.16566465612432,37.07459084790347,-0.0910738082208482
-5.343045600758387,-26.955775088895813,37.27358642455309,37.28531916253583,0.011732737982740105
17.424797314713892,30.262257553510473,36.87346055896667,36.77851316555611,-0.09494739341055691
13.176536919123556,29.906947601549888,36.87299504045522,36.77719862386714,-0.09579641658807958
-13.140337308334196,-3.8524491541043204,37.01124652067305,36.95298134893368,-0.05826517173936452
30.95669754908485,-18.374314556520012,37.382072020749035,37.50979835575723,0.12772633500819808
-4.873371302507657,-14.347499579357589,37.11700634744954,37.10467040843197,-0.01233593901756791
-22.898549542661662,23.39307947433025,36.92886984074975,36.786414927021866,-0.14245491372788166
-24.05038414592815,-17.04758185098001,37.07460274516035,37.021190288108954,-0.05341245705139386
3.1666414311957425,-14.17935452286028,37.223466479323754,37.17983715087449,-0.04362932844926348
12.542904141934827,-31.665925115697036,37.551540972849104,37.52721069325736,-0.024330279591744386
-15.478428236909338,12.6719488614579,37.14210942307136,36.85481192554053,-0.28729749753082956
14.574345650274033,11.437535668236478,36.94261749986075,36.91374472005823,-0.028872779802519233
-17.975760005276072,-19.337277110274613,37.09496015590331,37.051437825006204,-0.043522330897104666
-7.425840201861732,-13.990967847026475,37.12749203734139,37.07478657080397,-0.05270546653741803
8.502237004414923,8.651702950493714,37.01033495336392,36.89735201385455,-0.11298293950937222
-22.016672394188184,6.08672137337031,37.054430947404576,36.8879812911817,-0.16644965622287344
-13.00167645679958,24.141850537606146,36.81100335867888,36.789937566409,-0.021065792269880035
-23.65953094967724,-31.298582027602976,37.06732759940241,37.1722355777976,0.10490797839518962
22.394277653033576,25.20158790730291,36.86889339484422,36.811967435482515,-0.05692595936170619
9.344023662796673,-18.92769235658602,37.12094339612424,37.309228709981234,0.1882853138569942
-30.58002179232792,-29.659443315620948,37.007416228709666,37.089490488208085,0.08207425949841962
27.676247506106,13.034959125344464,36.94938885911577,37.01679780282734,0.06740894371156969
23.693529250867314,29.96051222858523,36.935213778734386,36.78526717078956,-0.14994660794482684
26.70058527546602,13.79361915838411,36.93172415514394,36.996233745177456,0.06450959003351642
12.975188081099489,-27.380702796244385,37.43737797864585,37.468445732227956,0.031067753582107116
-20.285314920770617,-21.13911675904653,37.13463131472742,37.055600705194806,-0.07903060953261587
24.29396097021406,6.4658837301409875,37.060324253801674,37.08062089333218,0.020296639530506866
7.172548393497635,-1.5185134927791992,36.987873556836895,37.0325630873499,0.04468953051300417
-0.1680688690240828,-11.91797892523411,37.097958496506386,37.11442240044786,0.016463903941470903
1.8062667011139482,4.0741038428813425,36.9261222329084,36.91869498231816,-0.007427250590239964
-11.597626623855959,-30.274937560989066,37.26092863066167,37.27367356334042,0.012744932678749876
4.675062708908669,-21.41224825209477,37.2126196037107,37.30063597048554,0.0880163667748377
2.9954605776163135,31.188502736522338,36.86808157496904,36.761616515136495,-0.10646505983254428
6.682959556035399,15.878763535983438,36.93994146287655,36.85378206466306,-0.08615939821348917
-26.480382258973698,28.530614767670585,36.79301185386723,36.753618456194545,-0.039393397672682795
-13.11108729332279,27.999126295041066,36.72056290718801,36.76736969437484,0.0468067871868314
-27.438568274029876,-1.5855894739071275,36.669065632308175,36.928375904559246,0.25931027225107073
-0.8563268844098602,-30.789213004414478,37.31353578955076,37.38494765952475,0.07141186997398563
1.4582057030401216,-11.185708363711,37.11248867487811,37.119370890411986,0.006882215533877911
15.55569355285514,-26.5602762368556,37.430460896160525,37.48131372309857,0.05085282693804771
11.804565609927089,2.63649007979442,37.06828159768345,37.01626438862388,-0.052017209059570746
-2.8346799073480256,17.108686303679626,37.21673228091225,36.8390295520852,-0.37770272882704603
16.961378285269383,1.3367156290482995,37.10442111993212,37.08515029826548,-0.019270821666637517
0.31648938477093225,8.056869499328755,37.065775280984454,36.894295759927715,-0.1714795210567388
31.17404562373688,4.415435292712175,37.12470067139416,37.1771726721925,0.052472000798339025
7.010285863204736,-1.414282709776984,36.98347055456695,37.02946535016642,0.045994795599469285
2.768576466006621,18.826875758090132,36.96896753920646,36.83348082409373,-0.13548671511272659
-26.902855777678518,21.01312369997777,36.86972727534883,36.79709467523823,-0.07263260011060169
-5.974107195355131,13.707626498553878,37.18137564140919,36.856349622641815,-0.3250260187673746
-23.494454248263132,-28.36145421552412,37.16671196495278,37.13069053495572,-0.03602142999706359
-10.65480440221566,-16.038728272744386,37.17160561503392,37.073683366497036,-0.09792224853688225
8.08195870104899,15.951203594981948,36.961938167451464,36.8544747023879,-0.1074634650635673
-7.6012761096591674,29.822500042549848,36.79242056910398,36.761133475039635,-0.03128709406434638
7.44892745116443,-6.76822159757576,36.968385650290394,37.112336960414694,0.14395131012430085
23.521023053906987,-18.579138714156798,37.3050049359486,37.44100597872847,0.13600104277986702
8.606209642653262,7.828814080339718,37.01143578524958,36.90911800505688,-0.1023177801926991
2.155082023559025,-14.943566528927803,37.21099780065513,37.18129364418362,-0.029704156471510146
19.86197654373838,-12.781045598630627,37.18429643988138,37.32051381823036,0.13621737834898084
30.872091169332784,-0.020169582460809465,37.192334143569816,37.23940487109626,0.04707072752644592
7.563386121660166,29.59296735309165,36.86130476764913,36.77455556046096,-0.08674920718816992
-17.99898700288381,-15.22716553149776,37.02289991339684,37.01540288134533,-0.007497032051510644
10.532118749944232,-25.430634957448447,37.316636613528516,37.416213222616676,0.09957660908816024
-6.477082819589725,-27.137442935411265,37.25695349948509,37.27703686213719,0.02008336265209465
11.208370685400489,-16.263952299960827,37.068058165089994,37.28810762883657,0.22004946374657663
-2.0298578873049564,-3.324021382837074,37.04028698115412,36.97022074883613,-0.07006623231799125
-21.406181545986435,8.853319806927097,37.273935961255454,36.87234369458079,-0.40159226667466186
23.32669010803506,-0.733981184293981,37.15089641577862,37.17702870000003,0.02613228422141134
-29.225621187993013,-1.5916128009760655,36.67072954438984,36.926986951471505,0.25625740708166234
-11.906542034427126,21.771589913425757,36.891307769679194,36.80462442685213,-0.08668334282706525
-2.1649810205220703,-19.201077278172427,37.189452996092115,37.20211022454374,0.01265722845162287
18.473326307825182,5.397113871154957,37.05906272676612,37.04011294717735,-0.018949779588773197
-19.302983215159536,-10.387330276623196,36.89831667972592,36.98615659451886,0.08783991479293718
11.60210603046675,19.934412561771715,36.93422415211376,36.83406518003145,-0.10015897208230484
-15.032812347765876,-19.371330288908638,37.190807388758074,37.08035581938523,-0.11045156937284162
-6.542348104759654,-15.354502784596747,37.132354879605636,37.10334471076218,-0.029010168843456086
-26.91719744122397,-13.652926576426928,37.032454013773894,36.99912132099226,-0.03333269278163442
14.109117079654695,-14.896317468235694,37.19335759671767,37.29603082461513,0.10267322789746203
-15.799164761591868,-16.871222405773857,37.130887079545744,37.03623539435568,-0.0946516851900654
13.34114804791708,27.96350263564026,36.876489455368386,36.788656438552344,-0.08783301681604172
14.425683534414738,25.19931832398506,36.8291357719445,36.805630689459505,-0.023505082484994944
-21.346577596297443,-6.9002821004092425,36.819966222499936,36.964205152594396,0.14423893009445976
-4.81878379814485,-0.03182777771817058,36.9518902418622,36.93734552792787,-0.014544713934334652
24.25823672043466,-11.046147568788577,37.20273438737452,37.33748389074828,0.13474950337376157
-6.335033224232987,24.135111769318712,36.96958404577545,36.795289322118876,-0.17429472365657261
16.163532903381544,20.77098218445441,36.87271585335871,36.832824434738605,-0.039891418620108254
-29.25024305645573,17.934252579581717,36.889595295684224,36.813168146749014,-0.07642714893520974
19.39982420357402,31.190097237860286,36.86099018114045,36.77467944944782,-0.08631073169263459
16.53505602822937,1.3027414319224135,37.10199878735256,37.08153261999123,-0.020466167361327336
-13.610204039977042,5.56036267054413,37.136773858950605,36.897747879966374,-0.2390259789842304
27.45211578666607,-19.845099871112033,37.381028918064295,37.49755939742195,0.1165304793576567
28.617657924295315,-7.000353434801461,37.2100913129177,37.32015695040512,0.11006563748742337
20.63606637613848,6.66644220605567,37.04312360612618,37.042353646043146,-0.0007699600830335385
18.25562406499637,20.767396806829545,36.862565604896005,36.834512465911985,-0.02805313898402062
14.105853544975218,-31.267092153269175,37.54984659533343,37.53644506429481,-0.01340153103861752
-25.76404254900413,7.548139044894555,37.105060224583376,36.87647778072274,-0.2285824438606383
6.506514865550528,-30.515502098498594,37.40448956575554,37.45202497124217,0.04753540548662727
-16.227444466114143,-26.350110014236073,37.257115247360375,37.17132098020817,-0.08579426715220251
-8.092465572886233,-27.134634455604335,37.232905238083035,37.2613970728785,0.02849183479546724
14.572019386455366,26.39817783312219,36.85976481776239,36.79876019776492,-0.06100461999746898
12.990951451120168,1.2479406526290546,37.080961074104295,37.04811474661439,-0.03284632748990646
-27.701745222115427,9.497601502642517,36.94247243914548,36.86357196301854,-0.07890047612693962
-1.2715746578781548,-7.106434812430287,37.089974979189336,37.03309711851744,-0.056877860671896485
29.642808145011415,13.269447193555628,36.952451883182036,37.03234336049492,0.07989147731288426
19.286425796541643,21.571590731081237,36.8380975175882,36.83064694332704,-0.007450574261163467
30.46560057590124,23.170307144088248,36.846452520548304,36.89486956938225,0.04841704883394726
11.69864950283641,-3.8685232989100413,37.101880313920105,37.1107840202145,0.008903706294397296
-10.878167277021376,23.43328938895499,36.855928003867106,36.79575932073112,-0.060168683135984224
9.380336740420674,23.282852134306623,36.8617728347601,36.81277958324477,-0.04899325151533418
22.359443171873103,-23.036223250300267,37.42060844120286,37.49525290211719,0.07464446091432819
-9.87674676457894,4.735582331997421,37.1386858137222,36.9055299016433,-0.23315591207889952
27.004967150026282,23.954770454624246,36.84025067007912,36.84993102299015,0.009680352911026091
-20.03453102255849,13.571565282737822,37.142045835363646,36.84593820417794,-0.2961076311857056
8.392471718906727,30.25901461264845,36.878888083819376,36.771334431361666,-0.10755365245771031
6.851330591875417,-24.36381133368453,37.239363703655954,37.365001639991284,0.12563793633533038
27.622166978741966,-9.425716400150236,37.21507885927104,37.34616675951568,0.13108790024464412
3.7475290453799914,1.8741698708295615,36.94205984043841,36.949660207366634,0.007600366928222968
15.370524686943824,30.548853001467023,36.85421901471612,36.77520585296074,-0.07901316175538398
7.950733063433567,2.6273460542032794,37.02936474172306,36.97918512097267,-0.0501796207503844
-4.9375622911457455,18.0860740780125,37.1317321738321,36.831657479563326,-0.30007469426877265
-1.5132132213808944,10.396153455999674,37.16858618339355,36.87920407635347,-0.28938210704008327
-13.194815994747465,19.288958678249195,36.9469872543728,36.81806691870751,-0.12892033566529193
11.829513687100707,-11.765393483704585,37.122586718149314,37.228032958332975,0.10544624018366022
-10.063165567928266,-25.79334668698619,37.233676445183264,37.222667336949804,-0.01100910823345913
-10.827282947685553,-0.3456362548510228,36.93315163734229,36.93438642019887,0.001234782856577965
-19.980965263498817,-1.5076098274635612,36.8111740290751,36.93386420683133,0.12269017775623325
-27.87847070580387,-27.184182356547417,37.18873267221487,37.07721715645306,-0.11151551576180907
20.104470718455538,8.516864001535552,37.006547275485474,37.01004235535253,0.003495079867057882
29.106864812936607,-16.811252741139334,37.33338880132385,37.468978437985406,0.13558963666155677
-9.789544250736434,-1.6120344650260563,36.9900082421423,36.942594095291675,-0.0474141468506275
-18.353594887003588,-20.034682855068432,37.10675189037043,37.05803250380619,-0.048719386564243905
3.2159184293346215,10.26531045525941,36.948049794036585,36.88373517250132,-0.06431462153526724
-16.117410082558067,16.353199727079918,37.05949814573838,36.83284794668107,-0.22665019905731043
-7.601648914795845,-22.924712790462294,37.19808289227856,37.204303296776416,0.006220404497852883
11.288884180247315,-26.507253487288025,37.374191523357815,37.439333573460054,0.06514205010223861
19.5147547799588,0.8304613557447595,37.12176692213391,37.11724194968147,-0.004524972452436771
-11.13101645022428,-27.162531777112754,37.24992498278505,37.23246580787887,-0.017459174906186092
-21.51012710957847,29.65787503676463,36.777004430276236,36.75100931451091,-0.025995115765326204
-14.936751117410687,-25.919201048442652,37.253887376794225,37.1774552624215,-0.07643211437272157
21.551157699745573,-15.426243734278628,37.21044845157829,37.375676321385384,0.16522786980709725
9.544096617822646,30.375179509724546,36.88174535093981,36.77157510891222,-0.11017024202759274
-21.518901608887774,-11.91749003474657,36.93285262480001,36.99330874688917,0.06045612208915685
-3.042334190496682,-19.15637709832533,37.17298214355889,37.19298174910467,0.0199996055457774
5.1517260885852565,-21.560710086644647,37.19282055350139,37.30741928444049,0.11459873093910034
-1.5725291121784792,-17.46107837298714,37.16867767033358,37.182274854363776,0.013597184030196274
28.454638779647667,-9.420071067530898,37.21982902515381,37.354122399520335,0.13429337436652844
29.474468553214315,15.60625979700881,36.90819164779348,36.99639589619841,0.08820424840492791
0.4687512911226577,-7.522726752274217,37.06475872427462,37.056016428828926,-0.008742295445692605
-10.599253750852974,28.836383864482144,36.7360171476668,36.7644916699571,0.028474522290302673
23.520165817081008,-13.272284225463245,37.208492518031335,37.363053275732675,0.15456075770133992
0.5583145217075227,11.66234174536637,37.08603234067759,36.873475321399766,-0.2125570192778241
20.787723644164892,-0.6738914705084866,37.13609527973217,37.15162923741206,0.015533957679892296
-30.680905055913883,-28.736651480661266,37.012652287323036,37.084031950694296,0.07137966337126045
9.476145788428447,-25.213977843686926,37.290025384026976,37.40283433234866,0.11280894832168542
-20.514139894996063,19.388790646579317,36.990167936915554,36.81165249928408,-0.17851543763147504
-15.938004314068607,3.523770294681121,36.92426938153199,36.90776242906353,-0.016506952468461122
13.386864256092998,25.60592176166943,36.83189414720044,36.802433144686844,-0.029461002513592405
11.661352648043412,1.757681253150217,37.07117936774919,37.02778899310202,-0.04339037464716711
5.340884541584018,1.718359029899247,36.97487607776759,36.96733451810302,-0.0075415596645669325
20.065177403464773,22.931961612874034,36.792442759622624,36.823339099468356,0.030896339845732257
29.41858554845104,20.164733419732052,36.821850609615964,36.92890369459992,0.10705308498395283
-10.049278534066765,-17.261292141045125,37.165232219442345,37.097486882477014,-0.0677453369653307
-13.983317922387634,-21.703763508263314,37.223877540905484,37.124747612839556,-0.09912992806592769
-14.576528643902314,-9.98246376918219,37.05626505971199,36.98756337539165,-0.06870168432033807
18.36973719155312,26.55898148404477,36.890291319276635,36.80084932036282,-0.08944199891381288
-16.95194168419227,-18.532454372425498,37.11883062091273,37.04950323670702,-0.06932738420571383
19.128933388371244,15.544234370011843,36.884253593578556,36.89740782072191,0.013154227143353125
3.6895263633618214,29.002457783146184,36.82024917076739,36.77491014205341,-0.04533902871398254
-8.098696501506822,-13.020985329246663,37.124739676193386,37.05404268393063,-0.07069699226275361
4.481581709320558,17.64703237120932,36.882903479414,36.84172214988616,-0.04118132952783782
-17.087641748445584,-9.403238840117616,36.955612803847025,36.98218653684676,0.02657373299973642
5.5973435448701565,-16.17209807567739,37.16254224946918,37.23257703909166,0.07003478962247556
17.90053505811961,10.745230891956012,36.956442796049046,36.95603146292936,-0.0004113331196862191
-2.3325595491657296,-3.2034418480225426,37.05577047108399,36.965526773996196,-0.0902436970877929
-31.879881209700464,8.508291538917533,36.85837528333565,36.866008333035765,0.007633049700118022
-12.541754087691189,8.538507465359373,37.254292516775386,36.881242300889824,-0.37305021588556286
30.61360504323069,-4.182983567330211,37.20941339945282,37.29805019484386,0.08863679539103941
6.63126424871696,-11.080119057743993,37.04365781316328,37.16777239406229,0.12411458089901117
-26.258016994754634,19.49133074085151,36.87680231419132,36.80647773073328,-0.07032458345804571
14.048160538326641,-15.566876197405847,37.14855269892675,37.30529104434762,0.1567383454208695
-17.550815537771037,-7.972288056322853,36.91368282370266,36.97347768519659,0.05979486149393409
5.845191948189054,12.658943281957171,36.96520882795767,36.871879983518554,-0.09332884443911382
-12.008022023349731,-24.401638312064534,37.23422160504659,37.18344660004548,-0.05077500500111398
15.52235144550415,-27.877927930590502,37.465837984910955,37.5003447726262,0.034506787715244513
30.169787104584167,0.9742224738770915,37.1829816128694,37.21801811414357,0.03503650127417046
14.03081178438277,-13.439840262984816,37.19165162935411,37.27388268015553,0.08223105080141835
4.1827487166291775,-22.26764689699349,37.239192766274364,37.30844573109454,0.06925296482017274
19.358099462307877,22.340143745444898,36.813860188503675,36.826224835242606,0.012364646738930674
-12.823504226902386,-16.502548160865302,37.17899539109289,37.059554213421684,-0.11944117767120588
-21.779264726322054,-7.118036237129672,36.82994950030722,36.965129453365726,0.13517995305850405
-23.608600951791963,27.475237067353795,36.85067492208487,36.76205778008337,-0.08861714200150317
11.348875619641419,29.44639645093538,36.87157441530332,36.77842635594379,-0.09314805935952819
1.172188157951993,4.703411313936172,36.93540974363398,36.914522018374335,-0.020887725259647993
-1.6290999039850433,9.780815067477079,37.1606140761925,36.88269799819887,-0.2779160779936305
15.705033464625338,-29.171344040016727,37.50185695936239,37.52110584498053,0.019248885618139866
-13.861617813860093,-9.12893491486215,37.06557361198225,36.98315859710526,-0.0824150148769931
8.129996918437548,-10.741696225424086,36.98619609985713,37.17727394605458,0.1910778461974445
10.957489947381589,-22.77174755416825,37.23766275684654,37.38126830450625,0.14360554765971045
14.287945959671816,-7.270865025733379,37.129663825114854,37.18575880823854,0.05609498312368544
-5.57911170554862,-0.3648429003542333,36.97999355852555,36.93868049538827,-0.04131306313728089
8.312741568384908,-28.041470318956875,37.3555764391658,37.4331290060794,0.07755256691359591
-8.451690069356886,-30.26421038759093,37.2711565690383,37.30389395783551,0.03273738879721577
-10.878676409363635,7.603210697604879,37.25103889884373,36.88801859238931,-0.3630203064544233
-21.247187502604284,-24.103885280724924,37.20402687633565,37.08985766073862,-0.11416921559702331
-16.131272302568696,-1.6220025912653782,36.91023034666835,36.93759862623611,0.027368279567760112
0.31928505680282626,-8.370674895235773,37.073336701753675,37.06702738385352,-0.006309317900154099
-29.23283067549969,-1.7654045515947985,36.67513053980212,36.92799408645772,0.25286354665560395
16.781949443512914,-16.767107561146858,37.17994200383504,37.34931759161826,0.1693755877832217
19.19610594943643,14.351410082086588,36.8939539575476,36.9155760624936,0.021622104945997478
18.929582646664706,4.743175406101081,37.07266931474737,37.05412339365475,-0.018545921092623985
6.9609772590572945,30.328504584379374,36.857815932420074,36.76978871297247,-0.0880272194476035
12.364219469085882,-12.631187559649788,37.139725682743546,37.245912561530716,0.10618687878717026
14.470488041826407,12.729580510337769,36.94100975093103,36.8937649364083,-0.04724481452272755
10.44885639738667,27.413205230282827,36.85398666735203,36.789558845708925,-0.06442782164310756
-29.55418464003833,6.403052262580957,36.780165386566395,36.88013122014711,0.09996583358071831
9.186998400170374,-29.285028785781833,37.401268392412625,37.45983581359281,0.058567421180185875
31.992360675182297,-31.180864499833703,37.69939034163659,37.70789518011104,0.008504838474451049
-24.174335445858368,-10.192993367296019,36.925163023082106,36.98114211591035,0.055979092828245314
13.15571461545575,17.756151678579656,36.957356790408085,36.84799838858247,-0.10935840182561662
21.56798705771844,15.32475099375938,36.884101296199546,36.92418359480526,0.040082298605710776
-2.3140150812889146,25.910354084383485,36.827102476763955,36.78814723683405,-0.038955239929904906
-11.348177735031186,-2.9389399089184067,37.022926758225964,36.949085430024056,-0.07384132820190814
12.002015406598481,13.59432911726936,36.98654181559589,36.87133465664055,-0.11520715895534295
-16.358323889250855,21.24169591283882,36.904589344030725,36.80416520165873,-0.10042414237199182
29.68400242600122,-22.61610681241853,37.48208997482949,37.55981021723347,0.07772024240397712
-15.276259563933152,-10.413343339682179,37.03980528093081,36.989516997311576,-0.05028828361923132
0.21962678241339972,24.09899585471669,37.021258523296375,36.800723054876464,-0.22053546841991079
21.806698649692137,-16.995769361309762,37.24297835564575,37.401196296330326,0.15821794068457962
23.61057818583155,0.4706527597059633,37.14730992781959,37.162076933198755,0.014767005379162867
4.248960866034729,4.06325975244183,36.96056511663465,36.92234990074866,-0.03821521588599097
-24.25560002522043,0.25857838711852565,36.711491484787004,36.920164291567474,0.20867280678046995
-2.418082854673351,-18.23113395994489,37.16814366950649,37.18542016747125,0.017276497964758164
8.734260103272362,-19.007168786978248,37.11832325219337,37.30450799068097,0.1861847384875972
-31.288745780964014,27.5058445130582,36.775891336488876,36.75575928065312,-0.020132055835752283
16.71727814485037,17.568381528984062,36.91006429504012,36.85193085742307,-0.0581334376170517
-29.72332991496817,14.91943571182341,36.90687236641485,36.83036188521604,-0.07651048119880954
24.043327433303624,17.712039743703436,36.84832478333709,36.9130227967922,0.06469801345510717
26.274657227800866,-1.5740076086602102,37.17194431228949,37.21783289560815,0.045888583318657084
24.912318650205833,24.291033804996893,36.855439445618345,36.82478501795516,-0.030654427663186823
31.878923188098177,-5.5648709456099965,37.22309910577611,37.33056489404871,0.10746578827260578
21.159601350344396,28.81952843614704,36.94379347679423,36.78989774315914,-0.15389573363508902
10.168043841448004,2.6999692005434923,37.05820871456615,36.999529375711,-0.058679338855149865
-8.624198366685256,21.466464458433244,36.95116334775081,36.809018353754745,-0.1421449939960624
-13.13264607763741,-9.444188139622412,37.084566906308595,36.985576831658115,-0.09899007465048015
27.270464347771934,-21.786512829553544,37.43451374172003,37.52431982854224,0.08980608682220748
10.65054697261239,16.409765390793503,37.000444516434484,36.85384899070058,-0.14659552573390755
-3.094057098128964,11.1321294501575,37.214723819098424,36.87365498129822,-0.3410688378002007
7.0033928206039135,1.8044796842158703,37.021025723042904,36.98212321656204,-0.03890250648086635
28.580245109510237,16.566375642972403,36.886559709296485,36.973659349582555,0.08709964028606976
-14.332905957764325,-8.780741654432099,37.0454347751832,36.98075372551965,-0.06468104966355526
-6.536565239494173,6.651482889629214,37.22115310194249,36.89702550085866,-0.32412760108383054
8.438345161917617,3.8918866486544985,37.04037789552497,36.96532068531765,-0.07505721020731926
3.3436251210935595,24.40797956220179,36.83697683842229,36.80141169538241,-0.035565143039875124
-16.44198836753462,29.431236174360457,36.7641987066786,36.75636886719093,-0.007829839487669688
-28.63802317505621,-9.954433238520814,36.97101686954789,36.976194756500625,0.005177886952736799
-7.494851850737696,-10.15665770050932,37.10732577677396,37.017803746792545,-0.089522029981417
-3.9209122188944363,14.06898402673157,37.25089742205061,36.855879725544774,-0.39501769650583896
17.63778266907373,12.635489397038725,36.91960915090095,36.92573108837924,0.006121937478283712
-10.810399403137495,-10.260470379350423,37.128692610337154,36.992184766905275,-0.13650784343187894
1.788510993008913,30.141273630548724,36.83504737937168,36.76675810931951,-0.06828927005216912
1.0573994576601962,11.340210510952886,37.01768926653433,36.875750450808674,-0.14193881572565914
-12.30406989666217,23.785299545735313,36.830123141494745,36.792571495386106,-0.03755164610863915
7.593387129186745,-30.69531421490708,37.4213003154876,37.465161071997656,0.04386075651005683
-18.593248894730202,-21.711953462864216,37.14456219743805,37.080353256846074,-0.0642089405919748
17.04690211064151,9.728215163747493,36.972350923856496,36.96272598828834,-0.009624935568155024
-24.306382606572768,-26.433614319022354,37.200180808775926,37.09453520326592,-0.10564560551000568
15.132620794111737,-1.2118977831321374,37.10485604248342,37.104924118232894,0.00006807574947487183
-6.572277567054186,-20.742171815673885,37.17594622841194,37.18218709328584,0.0062408648739022965
20.480004535134945,-18.578113644906722,37.26756139371275,37.41162608795196,0.1440646942392121
22.177100482025928,-13.48539063725805,37.20100470469859,37.35321430151429,0.1522095968157018
-15.659808399507007,-5.1373796865587025,36.93392224522537,36.958462381167365,0.02454013594199722
-2.102359382867732,-6.140056438707013,37.08793892154077,37.01088117115269,-0.07705775038807872
-17.356649821486528,-11.540934385137227,36.9827050245138,36.99443092788688,0.011725903373083213
8.461002167599773,-30.264702385769525,37.418011105276676,37.46721436847187,0.049203263195195746
-5.533712132981442,24.07919725497743,36.990551976238486,36.79625375164236,-0.19429822459612467
31.18564192146996,12.311313620315616,36.97608093716868,37.06131393600581,0.0852329988371281
-9.280072053139051,-17.888254573278246,37.16561829197532,37.1141230432819,-0.05149524869342059
-31.616919729424467,7.737118650142712,36.83295649558364,36.87071237245775,0.0377558768741153
-16.126495942498657,-17.715276487222717,37.1351947997929,37.04547164696133,-0.08972315283156718
-10.721450483934802,6.255035178667882,37.197830431193076,36.89600121724494,-0.3018292139481389
12.17290812640973,-12.921263769012349,37.1316901199855,37.24832570570301,0.11663558571751054
-13.816420251617124,7.202497498219969,37.261478006806605,36.888012984380175,-0.37346502242643
16.096101039155528,-26.510188452776426,37.43254332636971,37.4857963685595,0.053253042189787436
-16.809798768509197,20.86229830068047,36.90869940348014,36.80601660932269,-0.1026827941574524
25.27361251721618,9.037345725590583,37.01611076781979,37.05231230552476,0.0362015377049687
7.250069988385576,-31.841879147909054,37.44911264877502,37.478686088310255,0.02957343953523406
-26.909537531299407,1.2543705010797268,36.71524123336726,36.91224583420314,0.19700460083588212
4.8762360095792445,-17.74465418313681,37.194101936251286,37.24871076228232,0.05460882603103556
-9.611704058508948,-12.947762538805272,37.14703535166665,37.038357244973724,-0.10867810669292766
24.115040117597687,-6.35816104810857,37.18104893376275,37.267246346529646,0.08619741276689297
-30.806179222819075,25.22712370387221,36.793987018742634,36.76942449559518,-0.024562523147451998
-20.396094464848325,31.54559354149668,36.75831749182403,36.74089519986428,-0.01742229195974687
29.241510418037777,1.8059666527001923,37.16592239819224,37.19683819976264,0.030915801570401413
0.04670933317755299,17.55210936704944,37.21509345518063,36.83874133409504,-0.37635212108558846
5.882412285940504,2.0980031899777103,36.98240335195333,36.96698762178332,-0.01541573017001241
13.414632977831587,31.851004364648468,36.81548114778984,36.766058150841495,-0.04942299694834418
31.27485450281233,23.398121235018372,36.87453973552046,36.89933790815345,0.02479817263299111
8.73634671008596,-3.3026141764003825,37.03939365181757,37.07386749363515,0.0344738418175794
-21.31871883015456,-10.644334149802013,36.90199876587515,36.986048155899034,0.08404939002388545
-29.891394429858536,-31.465513230735063,37.09044209247272,37.11451094811309,0.024068855640372533
30.667124254824294,8.568337353660773,37.04486945289792,37.11128196370375,0.06641251080583288
29.91476666404826,-8.815899563812565,37.22575304643627,37.35934799044321,0.13359494400694416
-19.481358934278198,9.014705787067726,37.24370472445038,36.87293695993399,-0.37076776451639404
-5.891893462826445,-19.719856111722457,37.164467901320386,37.17374179039051,0.00927388907012272
9.865005709512445,-31.133647039709167,37.484605484423874,37.49353440227821,0.008928917854333918
-20.35034269655869,21.460289541425325,36.9420881862484,36.79971007068006,-0.14237811556834146
26.179203309674108,3.5735960056135596,37.121818170806456,37.14130574062659,0.019487569820135775
-19.58275858472507,-7.756070126867158,36.84132871912457,36.97059833546094,0.1292696163363729
28.48563159447405,-18.064245255920525,37.344343057681094,37.48138298228047,0.13703992459937808
-4.1741185351733066,0.279791773157541,36.92125054083095,36.93604308786435,0.014792547033401604
-17.86933361863577,12.456147917492693,37.151113189708504,36.85416438769101,-0.2969488020174964
20.193994217908894,5.613329346338155,37.06112289736738,37.05355248189234,-0.007570415475044001
-31.243870707018928,-14.914154164213258,37.015155417833235,37.00302409526865,-0.012131322564584934
18.694034947933794,17.67783680701327,36.87029145591542,36.86187104686297,-0.008420409052448008
-9.183389806967952,-6.641465891354329,37.102379434457546,36.97238927964562,-0.129990154811928
14.702789431189458,7.984483183998179,36.99639955656521,36.96570171367995,-0.03069784288526023
-3.174955873111635,-28.287091946913826,37.30095904592203,37.32580849532056,0.02484944939853051
-17.98273156601224,4.747720745549607,37.043313165963056,36.89899970081318,-0.14431346514987808
18.89937299672865,31.628416831041832,36.84130535344089,36.771726071013354,-0.06957928242753297
17.441484284348448,-28.426976744102895,37.476401609156724,37.52694055354975,0.05053894439302553
-0.8303512600428533,21.100817744933202,37.20525183252902,36.81736011041996,-0.3878917221090603
-23.584321372566855,31.8129927241514,36.75996892601654,36.736796145685794,-0.023172780330746434
22.81156273471423,11.210365050553328,36.96624962094316,36.99662191597709,0.0303722950339278
-17.42053506705382,29.124657675165636,36.76137592210646,36.75737586560537,-0.004000056501091365
-10.26044044770758,23.82858470208712,36.857929891582714,36.79394774130139,-0.06398215028132626
-26.488714242181764,-14.671580993464978,37.05014976296907,37.0053996138158,-0.044750149153273355
-0.17314084735939872,-6.551290080619296,37.04728462911018,37.03555018175178,-0.011734447358399791
16.426241306754477,11.599953802919437,36.934791160844476,36.929241571137965,-0.005549589706511426
8.162924471111644,-3.1978007232796415,37.01646871302356,37.06679093754734,0.050322224523775105
-24.78719020356303,-0.6751114578796376,36.69368046245621,36.925182341771986,0.23150187931577904
30.16014227950076,-23.229992052958714,37.50423368821608,37.57342438216426,0.06919069394817967
30.80418390339196,22.88794705562924,36.84066963363685,36.90228617843758,0.06161654480072798
22.96302749743011,4.148408021035266,37.09903884344948,37.10180699146311,0.0027681480136294567
-30.166540310861805,-7.160944166672834,36.92607901677587,36.95869591591117,0.03261689913529864
17.89072436198869,14.394434065787323,36.89786050445955,36.9023390567792,0.004478552319646667
-17.71240605490948,7.899673993857277,37.290607929260574,36.880845138929544,-0.4097627903310297
-28.090601299768956,-26.724467231187816,37.20759783886852,37.07436883767101,-0.13322900119751324
7.276729958812602,22.667790329818033,36.845891346845406,36.814687928669954,-0.031203418175451247
-0.47752913830762367,28.569924745109418,36.80817582084746,36.77411037631282,-0.03406544453464022
23.62460762943205,2.478909492447997,37.13163990743374,37.13271613425137,0.0010762268176307543
27.857188376149537,-10.89521169715156,37.222723156640235,37.3700193970591,0.1472962404188678
25.255243152215684,22.92002626210366,36.77435257911849,36.84823305596393,0.07388047684543864
11.618192979015113,-7.248527277710814,37.12343326237113,37.159650920344994,0.03621765797386445
26.088705403758738,-24.25009551539265,37.492890159401824,37.54909233943737,0.05620218003554811
17.316751355355137,17.279828424967015,36.89657622842626,36.854417400283445,-0.04215882814281713
-25.737011108639273,25.235188049739904,36.846572668369966,36.77341698892042,-0.07315567944954893
-30.777101394618292,-13.666712153689566,37.006866146320505,36.996125804096884,-0.010740342223620303
-25.862226857478035,2.2777373883361776,36.70738248438861,36.90711609975655,0.19973361536793988
-18.133851564295767,-14.034059498381282,36.998322383425574,37.0083418400487,0.010019456623126644
9.300672523851183,-26.522927974278645,37.324819417287884,37.420365123680654,0.0955457063927696
6.4395970889443035,23.664745400469428,36.82792909052655,36.80821045964314,-0.019718630883410526
-27.067846046257834,23.506462246966606,36.85606427479718,36.78243170989879,-0.07363256489838932
-14.814036283945796,-11.067745538843454,37.066693842275185,36.9936992693048,-0.07299457297038714
22.165041687836144,-28.919891452671628,37.562781446585106,37.579792089509276,0.017010642924169872
23.20522067939939,-2.603927705491486,37.158646897475265,37.20332060035986,0.04467370288459449
20.727515312406105,-9.620535982329258,37.17546807960223,37.282451691975886,0.10698361237365361
21.734997874370848,11.654411032130099,36.953506993911816,36.979704411189985,0.026197417278169155
-16.439905020749876,-14.552711834823434,37.06867164183096,37.01271447434892,-0.055957167482041825
12.994149840987475,-31.566906937729463,37.55127423830797,37.530113705049935,-0.021160533258033354
22.58974922270965,26.532627148577056,36.917166534406114,36.80436573881155,-0.11280079559456624
10.492151319323021,14.158440333457271,37.01281479034902,36.86684377301416,-0.1459710173348583
29.616232841475885,5.936387538104988,37.090058091254136,37.139791056409585,0.04973296515544945
-14.344336140004856,27.53870068957361,36.70948853978603,36.76907036718201,0.059581827395980724
22.03149667737071,-25.075069647725066,37.475416547784306,37.52203172524182,0.04661517745751098
13.825807423644761,21.63541521151312,36.8867926554111,36.82592353601112,-0.06086911939998174
-13.234548159562841,-15.45038945037868,37.16482937097143,37.04013148938666,-0.12469788158477257
31.906043996922044,-25.30198076851226,37.55615849548548,37.620715579882805,0.06455708439732888
12.950145066023353,-9.886893351037578,37.160309223143685,37.21126358438715,0.05095436124346264
-17.670779433306663,16.79585382596747,37.03292038516285,36.82903026205962,-0.2038901231032355
-13.094206196383716,22.010519047865785,36.87038823489356,36.80228549811142,-0.06810273678214429
-12.624428832862748,31.53330225648792,36.82370514170286,36.74715988106022,-0.07654526064263933
19.962335712758602,-26.57470473017886,37.43723964592415,37.52407727995082,0.0868376340266721
-24.94214296157626,-14.475783344693177,37.02783196582806,37.005490904633284,-0.02234106119477275
-15.244639762162855,25.337820860009458,36.77923882162145,36.781179940489785,0.00194111886833781
18.143819013234754,30.98865505961554,36.86037980889308,36.77485260050685,-0.08552720838623173
-30.93135806999502,30.938805676402836,36.74660437735065,36.736036347205186,-0.010568030145464036
-6.826357985782792,29.231104536661626,36.77369462791936,36.76519771485235,-0.008496913067013168
-19.117497179056883,-12.206355948810625,36.933459311486196,36.996905912699596,0.06344660121339984
5.722748424809659,11.22794626426829,36.96932857987776,36.88012244082958,-0.08920613904817998
6.971958440330155,-10.709775699342032,36.994630488964354,37.165622804273525,0.1709923153091708
-21.766859614821406,-29.641937437406483,37.11418285476226,37.16617971795629,0.0519968631940273
7.698706594350611,-0.679141610362521,37.01720358838773,37.02531552795389,0.008111939566163073
25.94043974646506,26.314702581993657,36.92902715089125,36.80830591193728,-0.12072123895396913
31.290168231817674,-5.643510530385228,37.21995955251306,37.32603474790353,0.10607519539046706
-10.26487555850165,16.143105965302837,37.06360916432256,36.838736137835284,-0.22487302648727336
-21.338274207069176,-10.625942519175574,36.90182884660158,36.98592538398581,0.08409653738422662
1.1571204415200853,-9.448777362715575,37.08296776242544,37.090952361778314,0.007984599352873545
15.219497948504795,-2.338715593249738,37.110672374970065,37.12231316234111,0.011640787371042904
14.279321072059588,11.909939939906515,36.945956367682214,36.903957451234696,-0.0419989164475183
-23.891798985102632,-23.31292461091629,37.20640163007508,37.05783186143174,-0.14856976864334115
4.64382935324582,17.76549767184283,36.882500041710934,36.84116101039716,-0.041339031313775365
10.037276690750112,10.601158711543945,37.000903501595545,36.88721357674722,-0.11368992484832319
-13.040065362187256,-28.80112736213526,37.27262188983517,37.238098426977736,-0.034523462857436016
26.278596005215235,2.4004122130513323,37.14450693868064,37.15949663829617,0.01498969961552632
9.703046367677338,25.498129015298062,36.80349323337212,36.80012583190696,-0.003367401465162345
-27.50289589046193,20.173726882576325,36.87504910076635,36.80150862784977,-0.0735404729165765
0.4074218454752625,-24.210575242927035,37.29452022630481,37.30052699107586,0.00600676477105111
3.075722726839963,-8.407332166624073,37.039679816083236,37.094182638778335,0.054502822695098985
-15.85275610666627,15.963655080804557,37.06679312332681,36.83532915770969,-0.2314639656171238
16.300343300214628,-28.71018049801001,37.49251115359149,37.520080966057215,0.027569812465728205
-10.368127341097008,8.477663235096998,37.25951056644217,36.883329017483014,-0.3761815489591527
6.888020018439086,-29.74790729654422,37.38770938602376,37.44443483172104,0.056725445697281884
11.077582756587468,23.189165211183052,36.8542706671841,36.81467809526273,-0.039592571921375
-11.241869686197987,14.05940349588085,37.11291807564935,36.850101674094375,-0.26281640155497143
-2.395862470546696,-20.475478288247707,37.21339603830222,37.21859854037742,0.005202502075199789
-10.546894102667906,-19.65601842688961,37.184871895739896,37.12785432446605,-0.0570175712738461
-20.229264358528646,17.88232591501552,37.03255572756885,36.82065937424085,-0.21189635332800094
-2.9964816159268963,9.164735179658457,37.16844097715033,36.88519895649336,-0.2832420206569708
-26.29990576680354,28.664746173417996,36.79431358418856,36.752980538800124,-0.041333045388434186
-17.697671428855763,2.1079865457503075,36.80502266931745,36.91461155899318,0.10958888967572733
24.263012916635844,-26.294815265730676,37.53217933671879,37.56149481769168,0.029315480972890384
10.9460847383869,26.69672648250924,36.83604300426956,36.79413080224503,-0.04191220202453394
13.523726861205546,4.205992295823101,37.06280273761991,37.00981297565862,-0.05298976196129246
-0.7642433810678355,31.416582117748668,36.89137638464165,36.75729122590071,-0.13408515874094462
-29.630418326058766,-7.320895874820621,36.924625025039184,36.960055356666864,0.035430331627679834
9.759719152801274,18.628976918285936,36.93292926360913,36.840205270098004,-0.09272399351112881
23.834237334071226,9.72796057473547,36.99750573478959,37.0282699333157,0.030764198526107123
17.187475171161807,-29.676981097206657,37.510041654354744,37.54284721698675,0.03280556263200651
-5.95936987178397,-21.153797383958498,37.17605083064691,37.19415123375247,0.0181004031055636
-2.973571311974368,23.852993589034924,37.068375319276875,36.79961220709968,-0.26876311217719717
25.290098246479424,-16.618667561984005,37.27877933514908,37.429294191009205,0.15051485586012348
-31.314765241194827,-19.93369040179777,37.07760196144448,37.032222085821395,-0.045379875623083876
-4.2873748632546835,15.95212124794827,37.199160455205885,36.844612541507644,-0.3545479136982408
-31.34769951891451,20.663277441524272,36.860751946204005,36.795591638106984,-0.06516030809702045
26.754077684172394,4.425142159777543,37.10793876245418,37.13434978716606,0.026411024711876507
-13.249190500220287,28.24704509106423,36.72492506482428,36.76581474164878,0.04088967682449862
20.28833759463334,27.290105441328215,36.9275385447536,36.79811712324548,-0.12942142150811975
10.328580390484035,21.066344571440823,36.91092003805216,36.82645329804324,-0.08446674000892074
5.059844877786119,-22.169988683518874,37.19117838115337,37.315480835890305,0.12430245473693446
-9.568108690162092,16.780095733779305,37.052380375117686,36.83557891793909,-0.21680145717859745
3.670763579181134,-21.5701376884818,37.255186966804075,37.293257208111044,0.038070241306968455
-2.5399726851177746,-23.029257748709753,37.26432558604186,37.2547156119435,-0.009609974098360397
12.783448739553194,-15.667824195693171,37.09728009207193,37.294561344765555,0.19728125269362806
-17.9794856693276,11.758328519702701,37.170021932383975,36.85814358895336,-0.3118783434306138
-25.82397274707025,-31.631282884613462,37.066823002757175,37.156221730528856,0.08939872777168034
30.1432136479916,28.259493440758284,36.93033892441498,36.81700909687728,-0.11332982753770438
-30.540876376319346,-30.875401288654167,37.064524801440456,37.099572118918275,0.03504731747781875
17.924351087862455,-3.153638034392401,37.130161349949844,37.160401073822314,0.030239723872469426
-31.63274734562968,10.43268723673372,36.91605557429575,36.85498964915736,-0.06106592513838649
10.204379859898829,11.660878478609504,37.009884409757056,36.88117055781771,-0.12871385193934515
-27.494537812504824,1.772151120187388,36.713248049059075,36.908761971933316,0.19551392287424108
-30.436065770632254,-23.857972721157182,37.12215625639562,37.05579350735452,-0.0663627490410974
26.13950956714907,12.231879590417456,36.959153160613724,37.01375390777353,0.05460074715980312
20.845824299189545,-1.64353500334132,37.14064998566105,37.166431911250626,0.025781925589576815
27.023206166103066,20.114426688997064,36.81392044343636,36.90651219254679,0.09259174911043289
-24.186931235376356,3.569514981373999,36.76018155818328,36.90092245967099,0.14074090148771035
-23.292462490337655,-18.008853820467316,37.08670481482405,37.02739667012543,-0.05930814469862611
2.9349870723263365,-7.28257390616254,36.99459881365386,37.076303773163914,0.08170495951005563
20.60972199743199,-7.001257286975388,37.162665329889634,37.24284359444015,0.08017826455051846
-16.432772107806286,-14.162603226641089,37.0619138448628,37.01044655665686,-0.051467288205941486
17.507515397380068,-20.966522369357413,37.293156834101175,37.41800274285589,0.12484590875471469
-4.671960588259346,21.31579832588939,37.07972235024981,36.81304589428815,-0.2666764559616581
30.468276604288697,16.320263399444052,36.898319181023396,36.995505427280825,0.09718624625742933
-26.344117505796035,-18.493003824722955,37.10987681032124,37.027786569278526,-0.08209024104271379
17.27578525190328,14.710066229935364,36.905640503634146,36.891765203586516,-0.013875300047629935
7.12545008097748,2.3105977481912916,37.01827847385426,36.975868222917875,-0.04241025093638484
-23.00945976603338,17.56583408031269,37.05749743391061,36.82028845999962,-0.23720897391099527
-0.3657722923427542,29.74719116901956,36.84966995632335,36.7673381766726,-0.082331779650751
25.399970976121345,29.421529976307077,36.92706255227155,36.789768247478435,-0.13729430479311588
-13.439426459466404,17.849924452888004,36.98367694028761,36.826258866088125,-0.15741807419948373
23.47009850488793,10.98563222087219,36.972675556107205,37.006281665443765,0.03360610933656005
-13.402433738430915,-2.774580629688387,36.97332891757792,36.946490538347085,-0.026838379230838427
-5.806657333893291,-14.244759020922146,37.12069415087979,37.09414936323938,-0.026544787640411016
-26.12742757081373,19.63847911509447,36.875935897459655,36.80572419506184,-0.07021170239781327
4.3936258680280815,6.142883402363367,36.98618395207402,36.90869967828418,-0.07748427378984246
-16.381277746293122,3.1552351808994175,36.853795194075005,36.90955706425724,0.05576187018223777
-17.18774168153319,29.379525047404883,36.75628026967143,36.75607597393062,-0.000204295740807936
6.706778229074693,23.782184536899436,36.82773796725279,36.80773891964718,-0.019999047605608666
-19.490817198403498,11.620317190351628,37.179605653987984,36.857743593920006,-0.32186206006797846
-23.173690265161923,-30.635418064048366,37.07305036219731,37.167186756192734,0.09413639399542717
14.206294877265869,-30.18194167846542,37.52098110045229,37.52147680331106,0.0004957028587710965
27.58718597493879,13.58158562734414,36.93905305055422,37.00790922566889,0.0688561751146679
1.2645708721968774,23.55888695015117,37.092419593000294,36.80470356690743,-0.2877160260928662
-8.113174109107618,30.79144318965743,36.83113868038215,36.755078434542085,-0.07606024584006832
-31.030296728582826,-17.02090747971718,37.039618310297975,37.01547270869963,-0.02414560159834167
-0.5271242628734925,-6.186161860365232,37.04206792091476,37.026769208660745,-0.015298712254015356
-25.868704442940015,-10.923448419906954,36.960740933285116,36.9840490989693,0.0233081656841847
-0.513379708353682,-19.071915044715148,37.23507392793621,37.21616142941046,-0.01891249852575072
23.74165941297734,15.967453506900704,36.87983540719884,36.93573342532396,0.055898018125120075
-20.488670590601366,1.9214846498778826,36.759260852676505,36.91347443789804,0.15421358522153383
19.680815726149802,-9.098913238877458,37.16657866818772,37.26468316505164,0.0981044968639253
-11.67448107464304,3.024856069899762,36.95828821377699,36.91406765861125,-0.04422055516573664
-8.655948902043122,17.771593730381248,37.03428695754582,36.8305272210088,-0.20375973653701607
-1.2525000774367285,-16.918282258430438,37.16456939857023,37.17739281679795,0.012823418227718264
-0.35991951762444074,27.378015124599685,36.78507430313596,36.78115069473633,-0.0039236083996243565
-4.925959672528236,10.436769374549861,37.24513472308467,36.876247829374904,-0.3688868937097638
-8.163673645098449,19.013319500535545,37.013299633354,36.82368256985,-0.1896170635040022
12.371285668281374,1.0265880975326453,37.07873338669394,37.045382214551836,-0.0333511721421047
29.923505404743686,-14.877642832218704,37.31416177157224,37.44846422816277,0.13430245659053242
17.414095746824827,-31.61952656382448,37.54439392377005,37.573566658461445,0.029172734691393032
-21.11764658990389,4.422735674502455,36.91635531936173,36.89839561902071,-0.01795970034101657
5.010757101497028,-25.093394343569713,37.244410524042735,37.35794435268251,0.11353382863977401
19.08163473283011,-0.12330623639200411,37.123107418196696,37.1270680957359,0.003960677539204482
-6.247832263924678,-24.59027585270006,37.214580034770876,37.241839046288014,0.027259011517138276
2.736573323728713,-25.813812194469826,37.31011030121602,37.346565402763524,0.03645510154750298
4.916463238198837,-14.134171509899772,37.19973570906094,37.19607024219551,-0.003665466865427902
22.143223107192647,-31.78681110522278,37.62702051651394,37.62168928623679,-0.005331230277150212
-23.725717963869485,4.0114737499743,36.783773728944105,36.898714198048474,0.1149404691043685
23.824951519095393,31.092689933341994,36.865252693486056,36.77877342472402,-0.08647926876203371
0.3258444596362935,-20.15774846066096,37.26506050781373,37.24021336607932,-0.024847141734412048
13.08176016612498,-1.2517446650500617,37.09274919890288,37.08570574637207,-0.007043452530808736
15.909674659004295,-13.407837650970158,37.21589585888404,37.29155541142463,0.07565955254059276
21.58430214652453,-8.396118437899673,37.17508939940582,37.27274140715903,0.09765200775321148
-7.668331933843227,-4.729955791088635,37.09367888338675,36.96245607158516,-0.13122281180159234
21.77881845424281,25.795969341120127,36.883161327816,36.808012862139506,-0.07514846567649158
-29.893526987615516,21.4126561484847,36.869205476092105,36.79238295906635,-0.07682251702575371
-21.027313581549812,29.087031829623122,36.77688918006811,36.75472100210768,-0.022168177960431024
-11.726751682082345,-30.402085928652753,37.2544228639656,37.27429419114698,0.019871327181377296
-12.723177209489393,12.370851432293755,37.146106626319046,36.858762349657354,-0.2873442766616918
-16.842182054233064,5.874692211514059,37.11314260988661,36.8933404456303,-0.21980216425630772
16.835860018462213,16.261362717568417,36.89930188555221,36.86473250838899,-0.034569377163222725
-7.127379202132936,24.025384292599725,36.950155206967636,36.795297426868,-0.1548577800996398
8.778617094868714,-8.678688497945693,37.01370132915808,37.153236758635906,0.13953542947782438
25.226218430019067,8.250973947669202,37.030330324547755,37.06340449185848,0.03307416731072266
-24.64553822763957,-1.0584992949072358,36.686669894173576,36.92752965292798,0.24085975875440369
26.94273384449739,30.127538680095306,36.90068793832464,36.786882929662404,-0.11380500866223286
17.349686811985222,6.630330600596565,37.03142221353226,37.01114993258197,-0.020272280950287325
27.391020569850326,14.21549836646291,36.9264697130514,36.99670441012019,0.07023469706879126
-31.78601772209729,-6.109676674902268,36.89347583636808,36.951278476498615,0.05780264013053227
14.782193794818454,-0.22625845105211795,37.098597472970596,37.087063729831044,-0.011533743139551689
3.035801764176931,9.722712342900607,36.95362378440261,36.88675397165736,-0.06686981274524584
-3.6543889418281097,15.769199232025898,37.222804337323055,36.84618304453783,-0.3766212927852237
12.357155161136355,7.057915653059389,37.00532852716773,36.95666064337041,-0.04866788379731446
-5.102707183337465,26.248353071488552,36.85727100916082,36.783955097468514,-0.07331591169230478
12.053401877981578,16.56256113483152,36.98326520189705,36.854076378007576,-0.1291888238894714
18.589072087279455,-10.881088978578681,37.168059817244796,37.28031672171567,0.11225690447087544
-11.746940034533594,28.521894800442553,36.73896126312292,36.76540998902615,0.026448725903236436
21.739960049205884,5.840676774592566,37.06298754530857,37.065141549098314,0.0021540037897409547
-29.89463851196816,-13.054359938557077,37.015335753564294,36.99326015145268,-0.02207560211161308
-5.512267892487003,-17.296662372534485,37.1444469390491,37.14181689175977,-0.0026300472893296956
8.285284604751062,17.819327995925313,36.91362131729391,36.84374906519316,-0.0698722521007511
-30.178592344080982,10.044987378025283,36.93316704346705,36.85840799216325,-0.07475905130380056
-9.436271217017506,21.837056746669425,36.921393169508306,36.80621137502226,-0.11518179448604826
-16.710794272372397,18.251869169528007,36.995257007837445,36.82130941081054,-0.17394759702690266
4.225377211978845,-6.519624996193976,36.933357478923746,37.077558290834766,0.14420081191101985
22.77881924746569,9.97346709066197,36.98883352197602,37.01447267546425,0.025639153488228317
-16.17674345690083,19.5322570795065,36.96019155790145,36.81427272176629,-0.14591883613516643
-11.577584616565503,-28.25973843393004,37.26039469381631,37.24426885679463,-0.016125837021675693
-26.606062131137676,-8.967455981727838,36.92594986661082,36.972061748632754,0.046111882021932615
18.317993747902094,-10.007601645506675,37.16293784443507,37.26486977629656,0.10193193186148619
18.20817090687421,17.117249605769025,36.87617216178253,36.86541304673477,-0.01075911504775462
-27.629695298880158,-12.409693196113409,37.01356923056398,36.9913078297173,-0.0222614008466806
-12.125232335588848,17.15816173886791,37.01831763795903,36.83133779409823,-0.18697984386079725
11.71084576028531,-6.29324490152846,37.129450178248106,37.14651488886395,0.01706471061584125
15.610322070754854,-25.280847008329637,37.395804885967905,37.46304961293057,0.06724472696266304
23.374297777314645,14.687274248878282,36.90243893065248,36.950988722381794,0.048549791729314506
5.701696535385317,-29.818025242301985,37.37662237697606,37.43400925291613,0.057386875940068194
20.367256964659703,13.880401618295323,36.90674182194466,36.93380292629628,0.02706110435162401
-26.452920462940426,-6.861151984816459,36.87792772717116,36.959907980417604,0.0819802532464422
9.065631419145603,-2.9486318713383497,37.053136258848504,37.071848034001405,0.018711775152901566
-23.39820627850485,-26.101745102859894,37.236775597289665,37.09843045182144,-0.13834514546822163
-5.409928173043234,23.829415481283647,37.00078134666069,36.79780815138525,-0.20297319527544033
3.9034455163492936,-22.621397683316516,37.257407266921945,37.31094442424096,0.05353715731901332
-1.3697006594967363,18.98103156800704,37.24015075319231,36.82928469517967,-0.41086605801263687
-25.943569794444976,-8.706020985999288,36.91285381328501,36.971065996379075,0.05821218309406362
-9.270991387500992,-7.331291069725729,37.10844528300231,36.97633985950383,-0.13210542349847998
7.101535911442866,-31.455430379717853,37.43682278241989,37.47157583984697,0.03475305742708201
5.970894783676279,23.6903894371223,36.82594040563684,36.807687505842516,-0.018252899794326538
30.26608014036192,-19.807329914662944,37.40807316922613,37.524176994476974,0.11610382525084617
19.78680272106405,-20.10668591396076,37.28604096194482,37.427383263136576,0.14134230119175584
-13.77490435695627,-28.283156160457544,37.27209427775787,37.22339493590986,-0.048699341848013944
26.61072310829779,-17.31845586933195,37.30814054157556,37.45232461559531,0.14418407401974775
11.564783946648014,7.29345202240043,36.99742832626416,36.94554986840581,-0.05187845785835066
6.21130928595305,-31.87460841945937,37.438812415235596,37.46913626645329,0.030323851217694653
-6.624431362747231,-4.038220674802979,37.0791984137124,36.959256411128145,-0.1199420025842528
0.18147228021844342,28.474645759068615,36.80767113896005,36.77519081590873,-0.03248032305132398
30.727321315454454,15.966424993976148,36.90580945205525,37.00320382935334,0.09739437729808742
11.960487039950756,-2.7637149223701627,37.090129502626844,37.09708551590184,0.006956013274994177
11.93113445152185,16.246898559476378,36.98843900567495,36.85581866709911,-0.13262033857584044
30.3092786747956,0.3967026742571136,37.1867495457841,37.22784740167535,0.041097855891244706
3.812338939987413,-9.182233453075305,37.06911693441343,37.112676951731295,0.04356001731786563
11.188358944181218,11.06621831118489,36.97929439111669,36.88650250960922,-0.0927918815074662
15.035029529125886,25.16736421246268,36.82675966766341,36.80630249460527,-0.020457173058140654
-14.219051227053718,12.338552875815026,37.132321840659735,36.85775856507408,-0.2745632755856562
17.63594010662318,-8.286019093747939,37.15106379502568,37.232997952094,0.08193415706832496
14.99436646259636,-29.474733261565817,37.505786900219164,37.518699495933696,0.01291259571453196
-22.64755820502551,3.0734046860172697,36.75717781010015,36.905040540369676,0.147862730269523
16.122929473386733,-16.47390343253013,37.17068064759921,37.338647494392674,0.16796684679346185
26.40093573431877,-1.003764142246098,37.17042015264626,37.210676821523755,0.04025666887749679
13.155559363412841,15.761467670670037,36.96975999691958,36.8596235325996,-0.1101364643199787
-28.620028151261593,28.71279410966799,36.752499543521736,36.750851661896554,-0.001647881625181924
-23.076224040061717,-2.3290271949243646,36.66977119509467,36.93618499558849,0.26641380049382235
21.22262980285354,13.342638932315623,36.92015759082899,36.949961009715416,0.02980341888642357
1.7560311840679645,7.125714000584672,36.94804030528244,36.90086978544015,-0.04717051984228959
29.378804623310565,14.703843509757988,36.92457947585241,37.00872638059427,0.08414690474185704
-6.9321457335788566,-17.600499772090366,37.15297566000583,37.1325688081627,-0.020406851843127072
28.780552572304053,-31.3410495561118,37.70307299339665,37.679233876131704,-0.023839117264948584
-26.002742063106062,8.053451955645869,37.13304614908736,36.87334254023946,-0.2597036088479001
12.129169976198448,15.284423725463341,36.9869955763726,36.861585900299815,-0.12540967607278475
-11.966644589047988,5.635429818568802,37.14557446218837,36.89862009068175,-0.24695437150661803
-15.982217712610193,15.832764694348967,37.075525787560316,36.83598883852601,-0.2395369490343029
31.61855283666513,22.360709285937354,36.85354871144257,36.91789373319184,0.06434502174926848
8.03659994409167,5.0557313315352275,37.02421368470086,36.94434736427821,-0.07986632042265285
1.1661961172263418,-8.6894077462645,37.07611411996468,37.079886757530225,0.003772637565546688
-14.5409946528247,-3.333815268201249,36.96225871837768,36.94884253699602,-0.013416181381664671
-24.912996321597973,-2.5168999730871775,36.67171655867367,36.93581626371187,0.26409970503819835
4.602958329913967,10.685329566561876,36.96076261392366,36.88239254603903,-0.07837006788463441
3.4751991675073626,31.74089364936046,36.86204788489954,36.75877940353643,-0.10326848136310929
4.125749881620202,-28.662684143236774,37.32782306416533,37.401822445648186,0.07399938148285656
6.136290952990443,7.887003361442289,37.027323550745145,36.89992341538726,-0.12740013535788108
-4.841202127353796,5.964815242288267,37.26732745388537,36.902378478220804,-0.36494897566456785
28.46866368660485,-25.984087364850673,37.56622466915202,37.59754181689502,0.0313171477429961
-20.319348640486844,-5.109274131856928,36.77481878936639,36.95458550735184,0.1797667179854443
20.392543243102878,31.051423512423042,36.86760464062112,36.77627873023851,-0.09132591038260784
-13.787696116523023,-7.764117515849705,37.04541200291329,36.9752631770542,-0.07014882585908566
18.79395341309911,-3.1579079832944714,37.13539648546333,37.16886088614987,0.03346440068654033
-10.386797217574497,-14.56242204775058,37.16035103350874,37.05458806319413,-0.10576297031460768
20.107785187030196,19.33705691221318,36.85158299346613,36.85115277731413,-0.00043021615200444785
-10.92166603938255,-10.948107245648536,37.13487529729476,36.99633798747767,-0.13853730981708878
-25.519627493939275,-11.990835147114034,36.98003347163902,36.99054813293254,0.010514661293520078
-8.019715404096779,27.445485456104763,36.77342378377645,36.7746535693635,0.001229785587050003
5.274445319346519,30.077201585184085,36.847130047783736,36.7699093831252,-0.07722066465853317
13.15414427166386,22.913055607054844,36.863946553872715,36.81794205650662,-0.04600449736609846
-22.768055877001018,20.119962037039024,36.99888285376082,36.805595051725895,-0.19328780203492357
8.787755457309693,30.843412856246303,36.887503884061374,36.768243477077235,-0.11926040698413942
-2.3504363451600625,27.207067307467256,36.784551890122955,36.780560806886115,-0.003991083236840609
29.36531719385882,-8.593687950663643,37.2215668586967,37.35077863592857,0.12921177723187327
2.983074822572199,5.077518428160204,36.93464494556232,36.913784725660115,-0.02086021990220388
-17.96444082241532,-13.299783464858436,36.99070157591472,37.004197386725764,0.013495810811043896
-22.648022367433,-26.447787221545973,37.2550657882465,37.11075690883093,-0.14430887941556847
11.427793138119007,25.0641526255339,36.798211323907175,36.804029508136246,0.005818184229070766
-15.333535412235364,-18.308058636961277,37.167155263466334,37.06183515990597,-0.10532010356036636
-29.889805126944225,11.633688576984134,36.9246522048734,36.84937897030173,-0.07527323457166801
-0.9975859498157718,14.421017357841535,37.23652607084078,36.85615755690757,-0.38036851393321314
25.21222096336863,-15.586914577798645,37.26168682374675,37.41338831653895,0.15170149279219913
-17.513685018584226,12.981072939832906,37.14759915904955,36.851388466523346,-0.296210692526202
-29.313019246271637,15.623515693942949,36.90231399231234,36.82658538538437,-0.07572860692796723
-30.44821607169932,-29.100369788333786,37.011142378760496,37.08633717049049,0.07519479172999155
-31.016151411017077,5.157396700451656,36.707330992135795,36.88622605169952,0.17889505956372886
-15.320816183770802,-1.4023308416518958,36.921958265587136,36.936964184040065,0.015005918452928313
-7.968839364266621,21.79809702831914,36.965800938371835,36.807607796888426,-0.1581931414834088
25.674193131601626,23.967862453602514,36.846885053598854,36.836888447639744,-0.009996605959109672
2.7011309086845543,26.708432721502135,36.77650063446082,36.787492379237854,0.010991744777037127
6.55802140410978,24.572673993968927,36.81346618081935,36.803013307685305,-0.010452873134042306
27.660211702630093,9.191452589878892,37.02200318061532,37.07309445933968,0.051091278724356926
-21.63621706238623,-16.42628137807847,37.03425914809129,37.01949306068502,-0.014766087406265171
28.703339494710846,-30.52685751532855,37.68588150144114,37.66652984175219,-0.019351659688950917
28.62748133251136,4.311018087854478,37.11716802208217,37.154116038451704,0.03694801636953571
-5.966020432404449,13.563299007366993,37.18436950532264,36.857197225440615,-0.3271722798820278
15.954902985381779,-25.124380319425867,37.39325088406745,37.46407886789416,0.0708279838267103
-20.815105691248917,15.876481970246402,37.0838391431787,36.83188284116944,-0.2519563020092619
10.655054621109628,24.302064836223302,36.82826004335586,36.807855275027585,-0.020404768328276646
-18.48614557901687,0.6276674004142819,36.82004491311077,36.92261072867368,0.10256581556291167
12.40194016225643,12.958992473390204,36.96995756912359,36.87535616805782,-0.09460140106577342
-8.756887961753698,-14.03099868304399,37.135759229077244,37.06252159377652,-0.07323763530072114
10.030077098744279,-30.64944131958817,37.47461382546364,37.488016601366205,0.01340277590256278
-5.6603320946151285,-9.072595062883565,37.0834690640458,37.01959615819747,-0.06387290584832783
-24.206043358136796,2.8417081108839,36.73686981951069,36.90514897911524,0.16827915960455186
27.646281262564976,23.697032760887446,36.83513441829615,36.85990923476611,0.024774816469957273
0.9336116160336019,16.020509800565847,37.15265532377356,36.8483744380751,-0.3042808856984607
-13.034408826771717,22.47996951317478,36.8580808386957,36.799597133147195,-0.058483705548503906
-4.327627405788398,-5.534213666992677,37.10502800395197,36.98049511109681,-0.12453289285516433
12.786548016485987,18.545858331449402,36.946961238390095,36.84310169986266,-0.10385953852743768
3.8527081774681236,23.421120610407456,36.85338436029126,36.807568908271385,-0.04581545201987325
7.767984708718728,6.01903689038366,37.00655864374968,36.92760499801606,-0.07895364573361974
22.25357799251622,9.015390599111093,37.00473441691223,37.023472563065795,0.018738146153566504
22.120432551633733,-11.565095199751866,37.19198312861732,37.32446276257306,0.13247963395573947
14.088551306950897,28.209979406601057,36.87874769729135,36.787815528093624,-0.09093216919772829
-8.718592025710777,-26.36385123373011,37.229960779638894,37.244030160747144,0.014069381108249956
26.786322050697777,5.3272266950775204,37.09099757643429,37.121411780218104,0.03041420378381332
-9.835924468682904,4.541915998329458,37.13186154112637,36.90669114351126,-0.22517039761510915
-11.014985739697806,27.016372028115732,36.77105763497009,36.774767640012314,0.0037100050422225195
-5.411049661769134,5.160266795744427,37.21183226869271,36.90661338988183,-0.3052188788108836
-31.485854786367604,-14.984719678690482,37.015314061673735,37.00324252884448,-0.012071532829253329
-1.1493295890510424,-31.235194520993716,37.306384464859434,37.38866870568282,0.08228424082338393
14.27771972609839,-27.261816903734875,37.44173428792491,37.479277166878745,0.03754287895383612
-25.058750703408812,-29.62214721577506,37.0719338646295,37.134101725751904,0.06216786112240413
19.045712610124873,20.336141720128524,36.86972506935661,36.83765547627357,-0.03206959308304391
10.367438362106,-18.086282496188865,37.10772956311031,37.306752850846856,0.19902328773654432
26.072755711991128,25.692802166012086,36.91434432104257,36.81540201553061,-0.09894230551196159
-6.306812581436979,28.643502029959436,36.7688265054223,36.76903634845581,0.00020984303351667677
11.105702818753763,-8.983266589709189,37.0916156089949,37.18018117087994,0.08856556188504072
-7.159881810833689,-20.385790080977053,37.17666022829832,37.17127868307849,-0.005381545219826478
-24.859551768648195,26.66370960197807,36.84140812264244,36.76579061216033,-0.07561751048211107
-25.579263185700015,0.3185778095758849,36.70393921485684,36.91875981335246,0.21482059849562063
-7.79172297430452,-11.028561814092122,37.10895077197052,37.027743176673845,-0.0812075952966751
28.068610633335794,19.07028536237317,36.837875766139334,36.9319427051683,0.09406693902896279
12.615879979343141,-26.427974856666964,37.40499176826695,37.45098297175783,0.04599120349087826
-5.234700635000159,30.39087748814245,36.82137052550284,36.7597067650709,-0.06166376043194077
27.43775734694303,18.359459311797565,36.84892174005463,36.936291285739394,0.08736954568476563
-12.155441014556487,4.84107974933287,37.10947478130785,36.90309921502744,-0.2063755662804141
-30.882308138302967,22.54840638644881,36.82821111120077,36.78497572973127,-0.04323538146950057
-19.8044014979479,-30.10959082750756,37.12240766319418,37.19199836331446,0.06959070012027979
11.672257243279695,-18.53990072869327,37.13027333909672,37.32601502595811,0.19574168686138904
-21.487248661503052,25.78421613915306,36.854919831170626,36.77360371403687,-0.08131611713375975
26.32936544803062,-29.874914373483698,37.65566518887314,37.63403073996808,-0.02163444890505417
-25.938950123656987,-15.131147610670908,37.0541513425854,37.00851611878865,-0.04563522379675078
-26.960409913287748,-6.359049284931942,36.872464978851795,36.95657725746409,0.0841122786122952
7.4587990823232815,28.40669933043889,36.84053421968744,36.781385935983515,-0.05914828370392655
24.300875151286313,20.476207825239804,36.810309793038975,36.8749110232464,0.06460123020742259
-22.71733262511139,-25.52178992282341,37.24349938758142,37.09648704633023,-0.147012341251191
1.3851225386411556,19.887169589530444,37.171462243347285,36.826198859259,-0.34526338408828394
27.459420476266217,22.79383239558021,36.78380636837621,36.871370615663864,0.08756424728765211
-18.169532394226053,25.935581273968694,36.827084588971594,36.775365344261,-0.05171924471059697
11.709962835851861,16.312820711311545,36.9913996105516,36.855258218426705,-0.13614139212489818
-27.84965482098429,26.477365091685172,36.80862953868052,36.76449391288955,-0.044135625790971744
-0.6250489538376272,17.74870013614982,37.2330654150438,36.83706027113391,-0.39600514390988906
4.769875131908719,24.192561559974386,36.83062134369169,36.803803721404016,-0.02681762228767326
9.431855271980098,6.643748514847644,37.00686694805808,36.93449629615823,-0.07237065189985259
-17.692541131409605,-29.799444081581278,37.16425756778935,37.20783573464804,0.04357816685869409
25.479574508569627,-3.8632782397754326,37.17777912137437,37.24377904049508,0.06599991912070635
-11.642376994767567,-5.763877709894416,37.06061014012046,36.965315080610274,-0.09529505951018535
-21.562990242824633,-20.1608527490065,37.116987756886786,37.04131696207805,-0.07567079480873673
24.893932500931996,11.222685222985632,36.97334504591923,37.016548846499525,0.043203800580293716
-8.4099770782436,14.325235321205462,37.13179326188353,36.85080903740937,-0.28098422447416027
11.144195377839551,2.148530216219818,37.06627230970199,37.01705459906653,-0.04921771063546032
20.043705593296146,-22.420413491344895,37.34514323983326,37.4638468552894,0.11870361545613406
0.3390882528786321,-18.361793623831964,37.2410540731716,37.21396316479189,-0.02709090837970507
-0.3851726463760272,4.611972358431764,37.07990627029879,36.91381391414593,-0.1660923561528591
-22.324524198119235,-29.118749393792143,37.1211684033174,37.15311044493323,0.03194204161583514
-16.812336034454695,-14.965773847866785,37.06232698826951,37.01482507042964,-0.0475019178398739
-24.637916980400973,-31.21685670453978,37.069035552150595,37.16158769700593,0.09255214485533259
-10.253598891549792,-2.6458338839396873,37.02156332043829,36.94824941398813,-0.07331390645016
-23.724733614332592,8.531241339383499,37.204853491894475,36.872373211969986,-0.33248027992448925
-20.83538001681363,8.218153465004669,37.29476013032595,36.87650038088587,-0.41825974944007527
15.891133229827588,16.326304293709413,36.922575795406246,36.85851150458074,-0.06406429082550602
-1.8928830207869751,16.486605238999758,37.26515230153712,36.843405612684265,-0.42174668885285627
7.269651298972633,16.286214502667328,36.941356429582214,36.851874909480514,-0.08948152010169963
12.035884676265077,2.19614455673878,37.07142977562066,37.02496563822808,-0.04646413739257582
-9.131500923126794,-10.070357268095371,37.13585493449663,37.0007323165862,-0.1351226179104259
-2.355106399108635,-25.528386952077554,37.286567717328126,37.293206687192246,0.00663896986412027
11.000567563677606,26.37403340263736,36.82134338281299,36.79605491385256,-0.025288468960432908
8.314465972255668,-9.652301520762599,36.99477905002175,37.16305474063079,0.16827569060904324
-12.768830029742816,13.951100272357593,37.101449027865335,36.84951608229521,-0.25193294557012536
-13.300732379604142,18.720864033624345,36.96130515394819,36.821293443189035,-0.14001171075915408
8.57742962587335,-29.24767645222456,37.39070338544549,37.453401052716885,0.0626976672713937
-1.210283981403201,-15.08020467404539,37.13472586972136,37.15080370145461,0.01607783173325572
-3.8483542769678394,-11.142703147350026,37.08809021588538,37.067497781489735,-0.020592434395645398
6.895861863634607,-3.5489672212172962,36.96228095042168,37.05971362218235,0.0974326717606715
-0.9653301354236064,20.319598756406755,37.217371933263315,36.82180559104615,-0.39556634221716536
-31.538975124914366,19.304394371488748,36.880821856571316,36.803358955751,-0.07746290082031493
28.945512917235966,-8.16034633768217,37.21731374789063,37.34036019594176,0.1230464480511344
-31.08324347272095,3.273315421025295,36.67191690410286,36.89715324891951,0.22523634481665056
0.6963544145555147,-7.491499793382722,37.0581128088426,37.05775557553086,-0.0003572333117389803
15.506758856846915,-11.018253485081438,37.17724345389107,37.25256773827356,0.07532428438248928
1.5105172666629727,-22.745142503523304,37.297157563591306,37.28965521287671,-0.007502350714595707
28.91058156059723,8.193681195985313,37.04497920543727,37.09982311062848,0.05484390519120552
28.509016797268373,30.98092214474174,36.82517430703933,36.78315743588551,-0.042016871153826685
19.34967974520933,25.09618022374916,36.83119366160182,36.810155600680424,-0.021038060921398483
-16.419734555744036,28.23257664251392,36.7353323945801,36.76337253828124,0.028040143701140607
-10.414486789823485,25.12463310447862,36.82578309193607,36.78627145352732,-0.039511638408747274
20.6903474800274,-15.936219138147955,37.20676429762192,37.37485438644556,0.1680900888236394
-17.91564874896124,-27.70507582316761,37.21610197176645,37.17492031792061,-0.041181653845839605
-15.292769653640256,3.6675185798947894,36.97023474127842,36.907438817458804,-0.06279592381961407
7.169696486011311,8.234492476065256,37.0186235729904,36.89872170042522,-0.1199018725651797
-15.861195719748572,3.9240255292284445,36.99852914990673,36.90549089837329,-0.09303825153344292
-5.888882262009751,4.938874574394681,37.202288679565285,36.90752291856856,-0.29476576099672513
-0.6107494255272812,7.113394883352967,37.11344457915255,36.89905555449699,-0.21438902465555998
-22.32323587468293,6.172631739424375,37.060402964909656,36.88723630205603,-0.1731666628536246
-19.03390290142272,30.87737653343092,36.7581807257884,36.745875148516525,-0.012305577271874313
-8.460193180510842,-26.085573184110388,37.22640614787572,37.24243811574232,0.016031967866595664
-31.860127553460764,15.083151290317218,36.90923292949234,36.82770496974195,-0.08152795975038885
21.731860898261502,26.266620107307673,36.903926436539955,36.8052324313404,-0.09869400519955462
5.209593282688111,-4.139325035783429,36.89708251185125,37.05210147159902,0.15501895974777113
-11.65101663370828,7.501267976925277,37.25619865929572,36.88799726869199,-0.3682013906037298
-5.043854409781133,27.224596302343812,36.76709164227246,36.778312328192605,0.01122068592014358
-22.5246299518128,-22.900004486663583,37.185571131346194,37.05984035792567,-0.1257307734205213
5.572737693868142,1.6948729583214472,36.977138591715814,36.969918301781064,-0.0072202899347502125
18.53455944571222,25.989707121240208,36.87445264379885,36.804298465242326,-0.07015417855652117
-28.245073627576126,18.844277204801465,36.883061831379365,36.80866540386879,-0.07439642751057818
21.711267554132597,24.34033462133877,36.78643929822042,36.81644265361721,0.030003355396786446
3.9352695958202233,-22.20736945868498,37.2511466738937,37.30517068595907,0.05402401206536922
-14.205745100786785,-4.867690210672414,36.98286639985573,36.958049303881886,-0.024817095973844516
3.980601969644546,3.3298088924694085,36.96344145514925,36.93053111966123,-0.032910335488018916
-24.82964740970703,20.753742495727543,36.96186046485022,36.80025846923748,-0.1616019956127417
8.408607263544802,-10.004038629636185,36.997703195440344,37.16912993126139,0.1714267358210435
7.50651327020131,29.399235244322426,36.85893379013939,36.77563933485387,-0.08329445528551815
12.50985118432044,-0.017306736720080096,37.08412984227378,37.06205244319417,-0.022077399079613258
-7.473565025926803,6.291404900517797,37.21570098662055,36.898377408684134,-0.3173235779364134
10.051537896458122,31.632231344454404,36.873939038712365,36.764653220956845,-0.10928581775552004
2.7206187902308088,10.259353681025232,36.937367364339636,36.88337519742624,-0.053992166913396034
22.234260909091383,12.966135337543868,36.9305808460862,36.96525946913324,0.03467862304703573
2.530586448513958,-25.909691869253265,37.31578851710784,37.34598457472312,0.030196057615277994
-13.030139720812109,10.186094236914464,37.203457526691885,36.87125077693546,-0.3322067497564234
-0.6922317961903062,-1.3474781372823799,36.97842210200786,36.954106721859375,-0.024315380148486554
-29.356539732035834,21.334337588175465,36.870635953880914,36.793267321144945,-0.07736863273596839
-11.556803495848605,-16.175272692097167,37.17970063246022,37.06697893390839,-0.11272169855183023
-18.29686081031503,-15.017209031780432,37.01160551501215,37.01394186043012,0.002336345417973007
24.207845242166137,18.20999866302617,36.8396765624577,36.907297650256474,0.06762108779877707
-22.285502475298557,7.796632981354172,37.2233196679707,36.87780148862054,-0.34551817935015805
-22.945413287717955,-10.060713431673953,36.90773661148927,36.98135046925532,0.07361385776604834
8.386318898571254,-28.64919860199548,37.3729265485163,37.442765496331134,0.06983894781483713
-20.923078997687476,-31.38901114384654,37.082012270820556,37.199987619603824,0.11797534878326843
-2.5201172855665277,-20.967590972817497,37.221508515738485,37.224626609874505,0.0031180941360204883
31.597882204659548,30.020312432757635,36.85965505219354,36.80519371118262,-0.054461341010920705
-6.623142381020912,-31.815673933136765,37.27669248730168,37.344337992276216,0.0676455049745357
30.960946921382828,4.707148739269606,37.1184072611487,37.17083039660158,0.052423135452883685
17.399730971058595,-5.982249433150564,37.13932859982623,37.19688044073868,0.05755184091245269
-28.519345387215907,-2.9775220415252903,36.74820989420948,36.93562701729282,0.18741712308334257
5.378594734068159,-20.982479953400798,37.18433063733016,37.30111722971642,0.116786592386255
26.34681030014245,-15.974529870340191,37.28310936776947,37.43003729443137,0.14692792666190257
1.999634730579828,-3.049300980649825,36.95745987293202,37.005095581020456,0.047635708088435536
-19.082569524048424,-28.818445290759357,37.166638231580166,37.180004853241435,0.013366621661269562
31.71260682082098,18.869610392243956,36.848323925780456,36.97007745697747,0.12175353119701526
21.23485406779063,-25.105897549549255,37.44571796619012,37.51479192985111,0.0690739636609905
-0.2845833681644194,-31.52584389250677,37.304958241221875,37.401287824022354,0.09632958280047887
-0.7117227477625221,16.539933126504025,37.240307637746426,36.84403604818247,-0.396271589563959
-1.4059641904343394,24.68608923503833,36.916179323262114,36.79600600846279,-0.1201733147993238
23.551344352785783,25.417173327201276,36.894821996090194,36.81163301423353,-0.08318898185666512
-9.132193113621838,-3.5046203653939756,37.063367929881096,36.954148149179645,-0.10921978070145144
-0.4262371655333439,-6.964374863880941,37.07646139177432,37.03917340318357,-0.037287988590755106
13.59925726761805,-26.701534531637336,37.42265529619597,37.46449661642386,0.041841320227888446
6.379300345121685,-8.87456144126677,36.99458513865599,37.13294524012618,0.13836010147019095
-4.815893558401903,19.03817947190256,37.11807877287247,36.82620544508597,-0.29187332778650443
0.1817991409581552,-23.599746356999475,37.28829004140404,37.289376772573306,0.0010867311692663861
7.789556508093298,28.851664969333633,36.865525861228825,36.77905619294299,-0.08646966828583658
14.86972279522189,2.9796330710416328,37.08431921005535,37.04082240001044,-0.04349681004490691
24.401510626191403,-17.704395690953895,37.28980372314325,37.43666039869505,0.1468566755517955
11.210351231253249,17.93661465682343,36.97576115656222,36.845396416340606,-0.1303647402216157
10.366867116731797,13.313613582615147,37.01427527447011,36.87166769307247,-0.14260758139764107
9.356229709859669,-24.072339061931352,37.25787117906031,37.38490857310795,0.12703739404764036
-23.49512373814867,-0.782481733981605,36.699878684259794,36.92683772462702,0.2269590403672268
-3.15042921868465,19.505999977701727,37.164058708689204,36.824806095596315,-0.33925261309288857
22.991606062306175,-19.868348224879412,37.33622998945176,37.45482906059206,0.11859907114030221
-31.88921693267484,0.8995536725373299,36.65008695346885,36.91034556900902,0.2602586155401667
6.2768543643081784,-27.23475179386685,37.3113823745104,37.40162129192777,0.09023891741736634
-28.45848979137054,-1.0475588037581929,36.660370990057785,36.92442744460065,0.2640564545428674
14.941993183941591,5.438365530504022,37.04543934685713,37.00540762795316,-0.04003171890396828
-25.23939526153881,-16.567888050822262,37.077366439368795,37.01744707944715,-0.059919359921643434
8.990761703676888,6.626461778170373,37.009825767237,36.93049088533425,-0.07933488190274574
9.092612070347364,-29.384710955459084,37.400751995585004,37.460388477462594,0.05963648187758963
-5.4100905324668105,12.081345211274197,37.232002344864306,36.86627724404748,-0.3657251008168245
-28.959857686933233,-20.506695655679216,37.121370710066664,37.037438199023974,-0.08393251104268984
-8.87189899943921,7.904468492650949,37.233063431104426,36.88786197505109,-0.3452014560533385
8.670806193487351,-8.536279845809155,37.01005797582823,37.15010408254118,0.14004610671295126
12.436671843236404,-11.745186776341477,37.14113761129968,37.233599043263766,0.09246143196408241
-15.526952085668448,-28.976323130970236,37.21716422697418,37.21665761490888,-0.0005066120652941208
-31.476639733539898,18.04321561961394,36.89217600479073,36.81075893667927,-0.0814170681114561
-31.98895973975455,-15.906706706662398,37.03028510182627,37.00821507273214,-0.022070029094130916
11.053740662368043,-13.45157042372351,37.088085863035374,37.24530762386943,0.15722176083405515
9.976283659911736,23.822888878930293,36.8474991682788,36.810107076793976,-0.037392091484825585
10.29220321509856,26.506389807562755,36.81501867554627,36.79471904633983,-0.02029962920644124
26.931325844126604,-11.332882342153546,37.21929715468417,37.367507324582725,0.1482101698985545
18.748609503799756,10.778156773894516,36.959043941614325,36.96373708290449,0.004693141290161407
10.388321606006421,-8.166194976940517,37.07086082489494,37.16125321923181,0.09039239433686674
-29.1901480249864,10.134972018504477,36.931843757233146,36.85867121699724,-0.07317254023590891
-3.607467467501351,21.10587083430729,37.13196178119035,36.81511764590564,-0.3168441352847111
15.91487618473618,3.919225102329662,37.07678355222688,37.03711440446839,-0.039669147758488066
-28.9092217082881,3.18917927978287,36.677912229573714,36.89937602846122,0.22146379888750545
-24.38609932600321,-26.78201167948673,37.19995555500507,37.09888252492574,-0.101073030079327
9.711517388697324,-8.148517400441406,37.048378917641315,37.154458189103586,0.1060792714622707
28.59894313553253,-15.493520594540144,37.305986411661344,37.44471962838479,0.13873321672344474
-1.9211531085492695,-3.7207193313717326,37.033683006520384,36.97709693047509,-0.05658607604529209
3.599300876950778,-21.044426524635952,37.25493093435723,37.284845763673644,0.029914829316410874
-28.267632807545745,9.268050549762776,36.93806184251932,36.864458872996146,-0.07360296952317213
5.957627788963521,26.532913359756037,36.78409168006624,36.7911103489695,0.007018668903256753
-16.89708020993345,-5.303884042609575,36.89124700016892,36.95844683839354,0.06719983822462439
-3.4521073710549643,7.000124078220523,37.24097531083732,36.89745150379531,-0.34352380704201124
2.581410774981002,14.719336426671454,36.9247333573303,36.85727092909961,-0.06746242823068371
6.071747130698903,-17.878751829073437,37.11751891740371,37.26222447572033,0.14470555831662324
11.887987249347695,15.890367159499597,36.9917957598119,36.857862193737866,-0.13393356607403462
8.667439723642275,-30.291802403270268,37.42063572094102,37.469605812629446,0.04897009168842459
-18.11958038437905,24.509430195115094,36.86269769133729,36.78371693652529,-0.07898075481200095
13.954925046127045,-24.129691691265855,37.355316705903064,37.43015709169213,0.07484038578906649
-7.157976325395651,-26.61818458605041,37.233472384542765,37.26283537721551,0.02936299267274478
27.861895461052214,-13.804413716139585,37.270160749334806,37.412793754501585,0.14263300516677901
-4.3545458525288225,10.484474943038833,37.22731666740155,36.87642514074636,-0.3508915266551895
25.645706244917164,-30.98303505678102,37.67997474141868,37.64370467832396,-0.03627006309472591
-23.923259980853523,-11.633253860186272,36.95401211132606,36.98973620985666,0.035724098530600656
8.910368440545867,17.351782198212447,36.93541993281848,36.846972094227105,-0.08844783859137806
20.973555197421774,-5.2341215458130534,37.15701048250431,37.22040205257923,0.06339157007491991
-23.042112129944968,28.731212074692117,36.81454461838157,36.755189221523636,-0.05935539685793145
4.805909450320499,-19.981487118158817,37.2170730175525,37.280885155177614,0.06381213762511351
-1.4332344497754264,-2.736378165173612,37.00701670171871,36.96735088414534,-0.03966581757337195
10.172599366298726,18.906161516522957,36.934029962832156,36.838918817531535,-0.09511114530062059
6.98329403990968,20.73142108931637,36.88166039618293,36.82573949890188,-0.0559208972810481
18.090980112264724,-5.2604965782112245,37.1405881840787,37.192954570201536,0.052366386122834285
-30.06327976843211,11.88974597441021,36.92362194160984,36.847748398177416,-0.07587354343242225
24.52827923999609,-13.660612687890207,37.22167006683297,37.3784914452646,0.1568213784316299
22.437912121504844,-14.035802469702418,37.204963171852704,37.36381693769703,0.1588537658443272
6.170562234441142,-7.519588416615278,36.98740467026395,37.11102844644535,0.12362377618140385
29.557130439648937,-30.05125856447539,37.67156771134033,37.66778890097359,-0.003778810366739549
31.938993074597334,-3.6220653575921133,37.2147443455688,37.302609986816215,0.08786564124741147
-6.865048564898764,16.77499947241538,37.09545955029735,36.83776262062467,-0.2576969296726759
-0.4216056542641198,12.211078563152753,37.17012872146527,36.86949634074339,-0.30063238072187914
-8.244687784357914,12.23046369210006,37.191345678806435,36.863149343216314,-0.3281963355901212
-15.464051707867085,19.16976850825887,36.96463563494023,36.8169532767081,-0.1476823582321316
-2.3006456370616064,-28.051469563866682,37.30455601143874,37.33079034978642,0.02623433834767752
17.56084381912047,1.6482981768104352,37.106407797277434,37.08636251865648,-0.020045278620955287
19.0021451016824,17.030565734000078,36.87259936760595,36.87435302941999,0.001753661814042573
15.28237096524996,-15.009784733028724,37.22871526619246,37.309026607899554,0.08031134170709464
3.141954515628484,-2.5411676252605773,36.909077280702135,37.00866289778755,0.0995856170854168
-6.446295050684974,1.5478700151497549,36.93874594844075,36.92684192869944,-0.011904019741308502
-23.66757819487743,31.4368611282952,36.76105697991132,36.73892194236261,-0.022135037548707714
-26.950816574105268,2.9588336568442557,36.72125142513959,36.90227911563621,0.18102769049662015
18.964920390245226,9.50521039469809,36.98329534321114,36.98452223484618,0.0012268916350421932
-21.61134700599664,-5.5886411502550075,36.79428565968144,36.956349757058426,0.1620640973769838
-15.379335998619652,29.815055468613792,36.7390186938835,36.75497872147308,0.015960027589578374
7.304844320179548,28.02451991709048,36.82762632914273,36.78349064267585,-0.044135686466880486
-0.8949180092233391,-25.87001676617286,37.29772100348442,37.3123243192266,0.014603315742178324
-9.107292934591086,-15.730759372170304,37.14971032406314,37.0841032308791,-0.06560709318404179
5.607691601309227,-13.496652915590722,37.17596955918846,37.19338136172288,0.01741180253441854
-4.685175342425197,12.727242998024636,37.24474934111606,36.86309053780114,-0.3816588033149202
20.195957707710008,-25.250308135579715,37.41463004856249,37.5068811173564,0.09225106879390665
-26.211921748576543,-2.416274082656898,36.693931183768726,36.93419472224459,0.24026353847586535
-22.397414798566444,17.955312781968345,37.039918102554346,36.81850625277498,-0.2214118497793649
2.7641860733147965,-5.895899395353936,36.95298440744597,37.05428769413971,0.10130328669374222
-0.915040704983042,31.12540425257565,36.88889571731611,36.758868080278674,-0.13002763703743625
1.1682180455070608,2.4083230548008387,36.901499108674386,36.92789491595125,0.02639580727686308
16.10730338693545,1.9406626859651581,37.0968817662535,37.068032665129984,-0.02884910112351946
-3.669662281936567,18.089663687054205,37.173151996537456,36.83264691669297,-0.3405050798444833
30.221961103476275,26.130504801681376,36.96250118096341,36.84903902263075,-0.11346215833265916
18.658781380025374,8.913470315354076,36.99359146616749,36.9902572624441,-0.0033342037233836663
-31.321326838690922,-26.568166648002254,37.107134577705686,37.070883413920804,-0.03625116378488258
-9.431126595928312,29.541063109134633,36.75254617745962,36.761315562560945,0.00876938510132419
2.7489108955548076,-22.066621871435203,37.28738241731906,37.2916476795719,0.004265262252843627
6.186374497495315,-5.533180114412701,36.95683678782015,37.08200576167187,0.12516897385172143
-3.708891985625961,25.269101578954192,36.918855894851504,36.79077299405911,-0.1280829007923927
8.764466102293333,9.461650811479124,37.011890695943926,36.89284050028961,-0.11905019565431729
1.2377811518578596,29.50253618954183,36.825343189315106,36.77004188812571,-0.05530130118939525
26.37012041001588,1.9387165713144796,37.15301630294693,37.16716157556803,0.014145272621099991
-16.58986267611293,-13.37600677479216,37.042566537121836,37.0057369926643,-0.03682954445753239
-10.007557341985695,24.61876186434074,36.8480351746309,36.78954400625249,-0.05849116837840995
13.609496643433637,8.197683502622496,36.98868214018157,36.95201322551839,-0.036668914663174235
22.355663908954632,-4.276069758325789,37.16123878645138,37.219676654196256,0.05843786774487825
3.5056748101981796,-2.0972142222681924,36.89804119788894,37.00565450627554,0.10761330838659688
-15.5080989785124,-7.201872615034304,36.97563204518239,36.97061539746099,-0.00501664772139776
3.686918934517891,-6.907165346041786,36.95914577846031,37.078050801981426,0.11890502352111554
17.448989578622765,-13.502536563775344,37.19219202277133,37.307810311399024,0.11561828862769374
0.0374185169565493,20.19870364339245,37.18221009161267,36.82330924820906,-0.3589008434036103
3.3064843911900184,10.248180079906781,36.94945482494554,36.88390718022102,-0.0655476447245178
-22.105391634625455,-20.2515076438673,37.122693209323145,37.04141308402807,-0.08128012529507345
7.33703939716181,-22.221351750322924,37.18923000712381,37.338224390511705,0.14899438338789395
-30.002787674132733,-0.43082990541789457,36.63098870261487,36.919602459114685,0.2886137564998137
-6.794643738845572,23.917389513939256,36.96293694367716,36.79619198250968,-0.16674496116747406
-9.493396146064768,3.803913856398978,37.0950726962615,36.91126526450178,-0.1838074317597176
-15.918487643819567,8.285550569951177,37.26732463797954,36.880025730743334,-0.3872989072362074
-10.90308548421821,18.090874870959254,37.00332870403248,36.826875723647454,-0.17645298038502233
23.27361830056836,-4.435433393167841,37.16738350413162,37.23088130467701,0.06349780054539167
19.79546240643249,-11.761653680374444,37.17958007465771,37.30489922229262,0.1253191476349116
-0.30087864386027974,22.436777188192664,37.1849533190523,36.809995895280736,-0.37495742377156205
-3.852509813589542,30.044545465079757,36.825198548715726,36.762826664703624,-0.062371884012101475
8.017943632301943,-21.1842732421147,37.167929773487444,37.32956728144297,0.16163750795552545
-13.042043324600535,-28.09021520058785,37.26785552591324,37.22763780490546,-0.040217721007778096
25.428991813752646,-24.647267092387295,37.497211405520616,37.54855543762098,0.05134403210036709
27.09712679539942,-3.3100259277118695,37.18482207354482,37.25127263643134,0.06645056288651574
28.480397703480442,-20.253204760773393,37.402893545999916,37.51348278524809,0.11058923924817066
-24.08083274433342,-18.70024039805932,37.1112950408078,37.030797924976795,-0.08049711583100816
1.3261855779296,-10.957163868764532,37.10660330215887,37.11473932380936,0.00813602165049332
16.742616227380708,5.940971967365357,37.04233443932988,37.01541286217496,-0.02692157715491561
-23.832728473666535,-3.6360135636590982,36.75006067184147,36.943199436048246,0.193138764206779
17.676164490298298,20.34967955597596,36.878501329200674,36.83648521741603,-0.042016111784640486
-25.402758877683304,8.430578813556934,37.150359403249126,36.871622709371586,-0.27873669387754063
16.44700664775405,27.271705182193585,36.89184222539511,36.79516330165746,-0.09667892373764886
9.436719301327635,0.85745028105665,37.058653196604155,37.01952951975042,-0.03912367685373397
20.556890392632305,-21.74579378254095,37.34806873381629,37.45889381903493,0.11082508521863588
30.02647727910533,17.64899254487866,36.87176643239392,36.97172359322345,0.09995716082953265
3.380882997248378,24.14085370631588,36.85599494018798,36.80299822813131,-0.05299671205667522
7.871084087568654,17.161023828241404,36.926128690810366,36.847255678133315,-0.07887301267705027
24.79758890902273,-17.15024841926646,37.281592010110224,37.43234599156072,0.15075398145049945
13.783112230289063,-20.79161943388941,37.260752857355335,37.37947008790898,0.11871723055364214
16.909246354892154,10.486650493707522,36.95743521830056,36.9502572309881,-0.007177987312459777
12.715258519908012,25.81014134578271,36.833958115575044,36.80070774160217,-0.033250373972876446
-14.473758846817404,7.951364483773375,37.25661977492818,36.88312467728695,-0.3734950976412321
10.95031710397513,-0.009581448217936384,37.07429956746608,37.04687972705596,-0.027419840410118468
-0.7323251630910406,-10.653553795248094,37.07187262134458,37.090402556511606,0.018529935167023837
5.500360992772642,-15.606223170009947,37.167892283830334,37.22332926364598,0.05543697981564577
-29.90304442792924,14.358117054791038,36.910077409967776,36.83349011051153,-0.07658729945624287
7.056067050336452,-6.2627771451403405,36.95467235139865,37.10111968677406,0.146447335375413
30.62390410661464,-22.14674626651989,37.478347756056976,37.561992409819005,0.08364465376202901
3.9982592254683027,-22.29186876320764,37.250142551723265,37.307020013105536,0.05687746138227112
-8.198073405913604,-29.924944952494513,37.270870265575525,37.30135998266391,0.030489717088386215
-9.413265626184959,-6.666848699925367,37.10132633725391,36.972354031533385,-0.12897230572052365
-22.84262589564627,18.423541335281463,37.03638880006388,36.815422580644714,-0.22096621941916794
3.6103151593278255,26.976485863243184,36.773475215908654,36.786654638220874,0.013179422312219913
-5.307908617883847,5.24443906674238,37.217328840132986,36.90620501388427,-0.3111238262487177
-17.41571947943838,2.809635804558525,36.811035433695196,36.91074693986638,0.0997115061711824
7.993586166085734,-20.471538729982207,37.149742980622634,37.318863791512875,0.16912081089024156
18.99734893112459,26.331749261039043,36.88230146112984,36.80267378626749,-0.07962767486235123
14.788540521599273,-3.580010177894188,37.11363131555059,37.136383243899516,0.022751928348924366
25.00212928491247,-13.569265718607738,37.22684115700815,37.38172540114949,0.15488424414133561
-3.6991325285692653,8.955347311983765,37.19304623380725,36.88585937021364,-0.30718686359361413
8.741295867275497,18.455226096029115,36.91059740176083,36.84040635555331,-0.07019104620751904
-12.747995121004024,18.119854875969345,36.985163764946876,36.82523666218894,-0.15992710275793343
14.508423406370468,-3.5695706601907915,37.11189825879566,37.13352503258932,0.021626773793656184
-31.040522630183396,-11.934991521172947,36.98125231197829,36.9858232059884,0.004570894010115012
13.674027289132582,-18.772980788757778,37.19716783658987,37.34876798134557,0.15160014475569739
-13.56920710810629,22.20145487040019,36.85839207139783,36.80079418391917,-0.05759788747865713
-4.658036762386516,0.7918564305960984,36.93705745832197,36.9326730886954,-0.004384369626571072
-31.28220872474916,15.538179609792863,36.905721785012105,36.82551353688414,-0.0802082481279669
-4.251429577872749,-29.873092249670357,37.305601598938566,37.3387081755557,0.03310657661713634
-9.163901745469097,-31.783575175264737,37.2320092767779,37.31933233415702,0.08732305737911616
0.14102504955231865,-29.302394455921082,37.34406631552193,37.372740691706085,0.028674376184156358
1.3747075433254068,12.929609302953246,37.008587968158324,36.86674009085481,-0.1418478773035119
15.384299783172438,15.884747555908397,36.929956054943915,36.86068106954044,-0.06927498540347443
-31.98340193981771,15.1533719639893,36.90904890245249,36.827197480601576,-0.08185142185091365
20.78171915111809,-15.319150614475014,37.20246362855167,37.366673500203085,0.16420987165141554
28.07237779766961,-30.247139911243117,37.67946355687703,37.65632876555513,-0.023134791321901105
3.384543353824789,-9.754991156092991,37.0904196078383,37.11695842936548,0.026538821527182677
-12.310479299969607,11.494601288254927,37.174199838290555,36.864198113674725,-0.3100017246158302
-26.90471314059485,1.0663761846994504,36.715657466752866,36.91334533301463,0.1976878662617665
11.133671218198366,-20.750037510141823,37.1865752141858,37.35327568863093,0.16670047444512903
27.173107162881706,14.829290676907874,36.9139360923812,36.985585109224495,0.0716490168432955
-11.197861606754998,21.507726328776158,36.90541091633459,36.806726986522214,-0.09868392981237406
16.501916297737203,22.881817885752547,36.84659791837579,36.820791869684356,-0.02580604869143599
17.48201648090106,-3.4631036054020896,37.12874429513137,37.16067505584804,0.031930760716669226
8.87935914731856,0.8669545358263164,37.05094527708141,37.014007917021345,-0.036937360060065316
-25.717827662722037,10.969714487761294,37.07940201809591,36.85657323883228,-0.22282877926362943
-6.358156554740425,12.636070757096455,37.1991915963776,36.86228874411423,-0.33690285226337124
22.13722866722609,15.312827631057651,36.886510169243884,36.92985545848674,0.04334528924285763
24.350972918145466,3.5583072459052474,37.11564053101364,37.12387644456661,0.008235913552972818
10.819973638648506,0.21155739982830823,37.07179663579506,37.04237312113822,-0.02942351465684112
1.649632696284229,-0.2854210002529598,36.92454785940011,36.96112138666471,0.036573527264600614
12.134271771664302,-20.098189957933776,37.185135099970445,37.353363726802286,0.1682286268318407
-27.09168312010525,6.959602809925393,36.959674130151996,36.87884987988707,-0.08082425026492501
-22.82663536960107,-24.96418738411475,37.23430500872082,37.08724180441647,-0.14706320430434516
-10.545525729264043,9.41248913500035,37.24854062863832,36.87773937094457,-0.37080125769374916
-7.64869817287682,2.164505152260766,36.94205556070001,36.92228993705297,-0.019765623647039376
8.785057226169421,29.995236876707096,36.87820382607936,36.77318460255505,-0.10501922352430881
6.84819212636156,25.281861417034165,36.799067350123536,36.79911130452954,0.00004395440600291067
22.58709499802586,25.653672198102107,36.887224382473185,36.809486283046986,-0.07773809942619891
12.296058055983053,-11.887523446448824,37.1376903700452,37.2343318112228,0.09664144117760287
14.640831594631344,-3.515786490043652,37.112423798320016,37.13401364415817,0.021589845838157373
26.05186516966655,22.416441654779916,36.77930355517463,36.86332183624002,0.08401828106539
-29.37742041836615,6.146072108956723,36.774015481008234,36.881769791594095,0.10775431058586094
22.810315463795483,20.41101676530996,36.81671630473227,36.86147529995678,0.04475899522451243
28.761112298207337,10.888928690433723,36.99415456006534,37.05879335048882,0.06463879042347997
14.112739492526856,15.54117914342666,36.952211112676,36.86167015458782,-0.09054095808817664
20.41297636996984,30.097156170639984,36.910366970018316,36.78185660223781,-0.12851036778050684
-15.439131326440908,9.78652770983625,37.21813979806464,36.87165983541536,-0.3464799626492834
-21.6467232654963,-30.94434685065182,37.08223674520693,37.1864689228365,0.10423217762956938
-7.9735775712746815,-9.475873691074348,37.1214301466005,37.00318203641503,-0.1182481101854691
21.579518624420572,-13.251862786463583,37.196485652909956,37.344013961393244,0.14752830848328813
-17.400206267372972,28.740821814777554,36.76352794898411,36.75962910849144,-0.0038988404926740827
22.594685475315075,-6.433866061886306,37.17230342002008,37.253677339404966,0.08137391938488747
17.133352275496506,-27.916246058316915,37.47394920467897,37.51646379689179,0.04251459221281806
-30.9143503334385,18.42727973602583,36.88930125229436,36.80896863736651,-0.0803326149278476
-3.869000438328733,-26.78199758327078,37.28606946371666,37.29700055402168,0.010931090305021485
15.37192861774799,-27.28544703205933,37.44893813250974,37.4901901889985,0.041252056488758626
19.672935794896276,-20.69765713504649,37.296400423853896,37.43496362544046,0.13856320158656388
-7.769449078117823,-21.25498841735307,37.186657158321644,37.1781588997193,-0.008498258602344322
9.678669114985098,-11.764022946252176,37.04082697282848,37.20724373566465,0.16641676283617102
-18.530167372468135,-26.382422319231118,37.2501466876971,37.14955989912331,-0.10058678857378567
-1.3353224669759527,-0.7630020909834556,36.96563538887584,36.94438278647064,-0.021252602405198218
-14.933677442467314,25.63762852616844,36.767364843657155,36.779680422033955,0.012315578376799863
-12.59614824499824,15.965363289507422,37.04660385034586,36.83791431144561,-0.2086895389002521
-31.84797775084715,-4.210472127719825,36.8040571664773,36.94016030059916,0.1361031341218606
-31.419910499890506,17.597489351256975,36.8946008367036,36.8134018911951,-0.08119894550850404
24.0999546886573,-10.629555264683425,37.19974737425712,37.329836780412386,0.130089406155264
-4.1877446135508976,-4.324377000391621,37.09487840630678,36.96407637826865,-0.1308020280381328
-19.674832944860107,-11.88103089668877,36.925470177863964,36.99456575069183,0.06909557282786238
27.699473789525335,-27.83114530083369,37.61109805061067,37.617242990386096,0.006144939775424518
25.751936945084708,16.875399823944846,36.870375184962,36.941809706211785,0.07143452124978467
-31.442630591797666,24.9828633105351,36.79936706203814,36.770340903515454,-0.029026158522682977
-31.38786266808107,-5.752563026621175,36.893578081414994,36.949514453325904,0.055936371910910054
18.053489312986557,-27.308792509620673,37.43672742003854,37.51642689616358,0.07969947612504313
1.7560918525119575,-10.740558657250041,37.11125666031376,37.115709217229174,0.0044525569154174605
25.5712979146454,9.549896585314578,37.007266282307384,37.04765873939149,0.04039245708410277
-25.41753909441993,21.310592331627774,36.910771525862806,36.796544602601365,-0.11422692326144102
30.733603123141435,-8.181900389240667,37.228129467853606,37.3579430171248,0.12981354927119781
30.10238141894053,27.368663204902802,36.94855335223,36.82969887975464,-0.11885447247536263
-25.354308227071655,25.91939939865719,36.84127769938419,36.76973428601126,-0.07154341337293602
-31.178017664207964,4.705622604017108,36.695420870093244,36.888730060434796,0.19330919034155158
-1.964938776865182,3.3646244339193956,37.121431906022856,36.91982473763325,-0.20160716838960724
31.922875311655943,9.620289405133171,37.02955501947322,37.10795726409028,0.07840224461705958
-13.66208284208463,-14.891278232936486,37.15192249645048,37.02779116160237,-0.12413133484810857
1.1233953707357216,12.92678185517753,37.04512775778487,36.86655630518635,-0.17857145259851848
4.004580126635496,-25.239088863960113,37.27652021788927,37.35036834453724,0.0738481266479667
2.0988218211488743,-19.31469484512529,37.270819161108356,37.24495132874824,-0.02586783236011314
16.595950091978487,-11.12460049084222,37.16498136388182,37.264647212784915,0.09966584890309349
2.300631104501413,-20.565816056566504,37.281730514635484,37.265275892433664,-0.016454622201820257
3.5852858002516186,26.72594633164892,36.77609685666554,36.788094868657936,0.011998011992396584
31.336649946917028,-2.9921041617142663,37.20798975994926,37.2875410559251,0.07955129597583976
14.166231775093422,9.862449751554593,36.95925614667749,36.932937944852284,-0.02631820182520528
19.734097942523356,-26.97214881078971,37.440447497960285,37.52771081891597,0.08726332095568523
-10.166438413747088,31.42940460611704,36.80999181754543,36.749724120669015,-0.060267696876415755
-30.242864912744388,1.728054825650986,36.65997425578337,36.906828897491906,0.24685464170853777
-24.996103045246585,-23.41044616253911,37.16915021714531,37.05752023692687,-0.11162998021843862
-30.91973483470605,22.834333364639626,36.820735873924235,36.7832794871628,-0.037456386761434146
-21.761507815981226,16.28601851262553,37.07018459373745,36.82874184681524,-0.24144274692221046
22.4392799475318,-25.22496198822534,37.48369221884156,37.52817092619541,0.0444787073538464
22.87755990825982,1.9928062157625206,37.13542520819812,37.13264209657012,-0.0027831116279983803
12.938761112241956,-3.5361436675671456,37.10223155306331,37.11787702210748,0.015645469044166305
-24.307964908891243,-6.221358269912159,36.83925794973342,36.957888444130056,0.11863049439663342
-1.6207428089029818,27.361081706572982,36.78818832570303,36.78024466625303,-0.00794365944999953
-13.871878345941546,19.592195154851886,36.92834114802225,36.81576008455621,-0.11258106346603824
21.712817036542134,18.03549242423967,36.850014306858085,36.88576809452809,0.03575378767000359
17.388879199124155,13.964751710610244,36.90523089594687,36.90380407401695,-0.001426821929918276
-13.60854345391688,17.276549033775673,36.99756882890669,36.82946580459768,-0.16810302430900492
13.50992358068983,-23.184569477966647,37.32602610060472,37.41197856378367,0.08595246317894834
27.956515763644468,-20.816492301761045,37.41342575573516,37.516697336024805,0.10327158028964334
-0.3776353028334256,3.2780037765138417,37.04048157277124,36.92159445610806,-0.1188871166631813
-10.812161269828927,0.03570607696686068,36.92135309851889,36.932175959508285,0.01082286098939278
-27.086548622175272,7.459441150418861,36.97957976750146,36.87594085111192,-0.10363891638954215
24.653634475368264,13.92374489103885,36.92201378082953,36.974556654815636,0.052542873986105576
-3.946361252115487,4.374937999098634,37.16022989791347,36.91235755785122,-0.24787234006224423
8.280312719619552,-25.320337721949514,37.28005378894719,37.39284922998996,0.1127954410427705
-5.28606273386189,-21.68294242101635,37.182740374844514,37.20842467353482,0.025684298690308083
5.736093940233317,-21.249461621523523,37.16771098506714,37.3084906246765,0.14077963960936302
21.274014508605006,27.17832935985831,36.93633335804888,36.79955402951112,-0.13677932853775587
31.97739350875925,-18.10213659615937,37.39133725363627,37.51565683732505,0.1243195836887736
-15.305253440360246,-22.619270616474218,37.22485487469592,37.125429183645984,-0.09942569104993737
-2.362441080262549,-21.01323870866976,37.228252995724276,37.2268196218523,-0.0014333738719756184
8.851293002547187,-24.0082082677768,37.250585082419086,37.37909085698882,0.12850577456973156
29.822398505125335,-6.4273683812954445,37.21464382481928,37.323374508665395,0.10873068384611884
-26.71488310184285,19.36991598014795,36.87786613282283,36.80682128595642,-0.07104484686641399
-0.9088158502330685,20.012526574151963,37.21972066345709,36.82364028092937,-0.39608038252772104
-9.89576560891468,-21.087263726447944,37.1963498283952,37.155163199321116,-0.041186629074083214
-31.670824482084058,24.429225470334245,36.805490951830066,36.77338573204655,-0.032105219783517214
2.6550200633699177,24.77708013551007,36.84489841695623,36.79871179894823,-0.04618661800799373
-22.25231232344457,16.848209156435964,37.06137686034912,36.8250742196274,-0.2363026407217177
23.59126407088857,-14.385526557863166,37.21965259938371,37.38009056500314,0.1604379656194297
4.881824731355529,-18.41510199647157,37.19755843326396,37.258611930635325,0.06105349737136834
-13.86479314269311,-2.14933152729931,36.97373153113702,36.94247806577195,-0.03125346536506868
5.433979282581575,22.58188296431871,36.841758846392025,36.81372016558939,-0.028038680802637828
22.58899787504066,21.693935147721056,36.81443148821624,36.84049533824871,0.026063850032464586
-13.438900144417104,20.95441725157854,36.89573961138021,36.808165913403066,-0.08757369797714176
23.79647430929981,28.94898794263873,36.934840432466814,36.79124449511203,-0.1435959373547817
17.37021807152187,-2.367211613774984,37.123057431992194,37.14349958883045,0.02044215683825712
-0.23907423766999614,23.05920740496869,37.15539848489231,36.80641754455977,-0.3489809403325381
-26.060612046318568,4.905144059798957,36.88186575963085,36.891645157052075,0.009779397421226577
-12.97206978638792,2.8093005302240996,36.900639910619915,36.91428992723626,0.013650016616345795
-4.129252387140568,14.898006480409357,37.22659770705969,36.85088205798536,-0.37571564907432986
-0.16271145131933906,7.269553262381692,37.0890199182038,36.89850247420491,-0.1905174439988926
-10.878451092079729,-29.322215907250566,37.2645266332918,37.26662500277985,0.0020983694880456483
-22.332888880977833,16.170766144853538,37.07756930393009,36.828958232735,-0.24861107119509285
-31.615475013616738,30.176556671792504,36.74800958279613,36.739933673995736,-0.008075908800392995
28.027099370398076,-0.5856476718225991,37.178090711240365,37.2202383784753,0.04214766723493568
-2.9006412482632555,-5.635813457019445,37.08461512320184,36.99576669309643,-0.08884843010541488
-7.62272487584238,-20.902772934315863,37.18305639100712,37.1744025403904,-0.008653850616717307
-8.151348212601228,28.042412049259823,36.74195869945852,36.771069711668495,0.029111012209973808
-21.87247875397479,-23.08299221248037,37.18332575470112,37.06882532515274,-0.1145004295483858
6.164932433784017,-0.6085728027663748,36.94633521047317,37.00946854185436,0.06313333138118793
-29.5193128296466,-1.7226078317179017,36.67088664351127,36.92751637135811,0.25662972784684257
-26.791418916785275,-10.516636975004694,36.96207087010172,36.980942862920635,0.018871992818915828
-8.292218635163216,6.341105701923183,37.20698707177425,36.89743538160608,-0.3095516901681705
-3.883482447183482,14.213941466842925,37.249025260803336,36.85506472231346,-0.39396053848987833
-21.905013992569117,20.169200226402538,36.984379034152234,36.805995821905164,-0.17838321224706988
7.379859527701647,21.370240952368277,36.871677560331236,36.822332390010615,-0.04934517032062047
4.803442219743339,8.922105687560098,37.02527362953717,36.892828595808545,-0.13244503372862226
-29.39937169565406,30.470300778747642,36.75584976439818,36.73998765395389,-0.015862110444288646
-3.4955996705669605,-1.5758577734172547,36.9877961765099,36.947398740098215,-0.04039743641168769
12.27717420976495,-13.654348912358927,37.13388509047016,37.26009971311331,0.12621462264315397
-30.785318623536163,-19.805680181454157,37.07391125529716,37.031897929029405,-0.04201332626775667
2.8275515812179393,-13.6162195623845,37.19601286313166,37.168291769778655,-0.02772109335300854
6.760826256311418,13.38470938031513,36.96673355801751,36.86837977406585,-0.09835378395165861
-17.112653023698606,31.961196939872245,36.80763769240929,36.74108950370655,-0.06654818870273971
-6.556586168477182,-13.875502428901761,37.121910978026996,37.081484406735136,-0.040426571291860114
-19.733632251786098,24.18789830750969,36.86427700068632,36.7843046669759,-0.07997233371042256
17.99568809895036,-7.003755494643258,37.14798796422397,37.217638522033056,0.06965055780908358
-3.847201384871447,-3.789723020393538,37.086138580207276,36.96002124087466,-0.12611733933261604
-30.306974433310906,-7.147941448276114,36.92629007560518,36.95850822600168,0.032218150396502665
30.993276586008896,9.065901852491223,37.03671936871966,37.107123393575186,0.07040402485552733
27.00395829323486,21.131542299669142,36.79517252333374,36.89138744474266,0.0962149214089223
6.6762949338167275,30.094854803804495,36.85465811876226,36.77092359687196,-0.08373452189029962
5.508252385671952,-3.055085562114158,36.90410095526727,37.0390606312927,0.13495967602543146
16.72415335145118,-23.80390608462777,37.36422366781777,37.45211247641792,0.08788880860015524
-10.209350196206728,12.322010503979577,37.17088980116475,36.861050206593895,-0.3098395945708532
-6.356669517413323,27.36170324589554,36.78315228625371,36.776467102248326,-0.006685184005384315
2.240692274713034,27.84572583039911,36.80216125963597,36.78049718080112,-0.021664078834852774
-29.144988340719927,-31.49063214489378,37.07624433646136,37.12208736596305,0.045843029501689614
-4.785170534433377,29.346324367887384,36.79699116691733,36.76615277052378,-0.03083839639354835
-26.879123953971572,6.446694015344029,36.97734146824076,36.882008559541,-0.09533290869975986
21.68350696170713,-1.9050167590671805,37.146655620417356,37.178361297747784,0.03170567733042873
-17.453202387486378,-2.1349368816318446,36.87311263980312,36.93953465836073,0.06642201855760987
13.683807898477603,24.595494274383817,36.821941274269484,36.80855866935121,-0.013382604918277252
0.08813170239729118,-18.772470812205157,37.246098471035104,37.21757168680554,-0.028526784229562452
15.377258826048141,1.293429408411889,37.09509030961593,37.070489411102976,-0.024600898512950664
25.95865182437398,-5.267205028595605,37.18682094646343,37.26902530553661,0.08220435907318091
-23.206194259485684,13.633170648640032,37.13884965619896,36.84305174126286,-0.2957979149360952
28.839996853611716,-10.569398571131494,37.2273179807788,37.37472426113118,0.1474062803523779
-31.74463438560398,-13.587378011103787,36.991119276016555,36.99489243194493,0.0037731559283784577
-7.7432785063111,-23.44410551469157,37.20268242532666,37.21056426667046,0.007881841343802876
10.804209608274604,-18.97516276085267,37.13300692063542,37.32402585207992,0.19101893144450344
-28.842303299549705,26.33796372803934,36.78801189814423,36.76451534470569,-0.02349655343853385
20.883178552993343,18.97863932813172,36.84156445084396,36.86390442777041,0.02233997692644607
-28.41122249187712,-19.224008319974672,37.10543681929384,37.030399730566636,-0.07503708872720694
-10.22176474661373,-2.0628721252748505,37.000404407531775,36.94487720782266,-0.055527199709118236
25.537542590897573,10.974082440732161,36.98062816569703,37.0264150597951,0.045786894098071684
8.648130648435533,29.183505081360657,36.8673116643992,36.77780636355817,-0.08950530084103292
-22.856404025104112,8.501782156335814,37.236626891308234,36.8732368539126,-0.36339003739563225
-22.862479213149754,-7.378688923164262,36.8478180946022,36.96578538325734,0.11796728865514439
21.46637605765899,18.35249838792297,36.84722630383688,36.87873237373415,0.03150606989727578
-11.575721499517151,6.832825885300444,37.22821616101939,36.891953033567304,-0.3362631274520851
9.313755460946197,2.4211816989469526,37.05221166324741,36.99537484496648,-0.05683681828093512
-0.8411892208549929,-9.78718448266411,37.06280692770056,37.07662653867525,0.013819610974692864
16.746169739891606,28.319428307988993,36.90674877290947,36.78929543590398,-0.11745333700548599
-0.21048515046838645,14.436367445266058,37.202711234529765,36.85669531562878,-0.3460159189009886
30.007711001017327,9.472622633236462,37.025050931691396,37.09163281442791,0.06658188273651433
-7.654333288527681,-11.487905648276929,37.11134175539948,37.03581645839172,-0.07552529700775779
25.43051907136219,-7.439949916009503,37.193343025059306,37.295837714174226,0.10249468911491988
-17.52940701018261,-11.387363832562684,36.97370918936916,36.99339823362541,0.019689044256253396
-23.53887773538319,29.622442117822708,36.80171492036388,36.74959916133668,-0.05211575902719545
25.23202520588208,3.9782800721243703,37.11109226928194,37.126215754834966,0.015123485553026228
-0.07442727773587876,23.08972862684746,37.159474741925,36.80637086610971,-0.3531038758152931
0.7609223015420099,30.880145076874356,36.84315368881644,36.76163301443288,-0.0815206743835617
25.528988853498916,-27.02059618908107,37.565877953885426,37.58437930514373,0.018501351258301213
-1.0991240851364878,16.2847435622485,37.252074680077904,36.845214614420925,-0.4068600656569785
2.2498688441584775,-30.943375791061158,37.3759994882469,37.41720612795761,0.041206639710715365
20.560331536047187,-21.883925684106828,37.35113659405172,37.46095585988027,0.1098192658285555
-28.39342925814624,0.593427425773541,36.69848574461497,36.914915416844075,0.21642967222910414
-21.566629546348373,-22.914537684562113,37.17834940300708,37.069304505685075,-0.10904489732200773
23.82657280919109,-15.788483417233309,37.24622357382209,37.40296869387936,0.15674512005726626
12.584146897668155,-0.6100728989838942,37.08694541728274,37.071476114184435,-0.015469303098306852
19.097313492718385,30.3205757655116,36.89459906234876,36.779506066056136,-0.11509299629262415
6.062539051489324,-14.089108833794832,37.136543709738326,37.2064751787123,0.06993146897397651
-8.471912464407502,-23.715702888102413,37.208841831612325,37.207517481434564,-0.0013243501777608913
8.32089619714177,17.149077900717607,36.932786442435486,36.84768374451697,-0.08510269791851499
-10.612656493768107,-22.52012918741177,37.21134265930485,37.169285933172155,-0.04205672613269229
-8.21193637439503,29.84750551048632,36.787877267432805,36.76050112014835,-0.02737614728445692
5.904436800257777,-12.08334281522756,37.1945469384525,37.175488815451146,-0.01905812300135068
-31.606165700324077,-3.3562913678134336,36.763249396613354,36.935374722335595,0.17212532572224148
-9.479179387275238,-2.6136335883475468,37.029541754019625,36.94867886218285,-0.08086289183677309
28.244823927091552,-3.4387344598193934,37.19222389406458,37.264245493424575,0.0720215993599922
6.030787177760892,-28.52263826222876,37.343971081029586,37.418161038161735,0.07418995713214827
-20.83059342034496,30.279398230407814,36.75610421726609,36.74792850305656,-0.00817571420952845
29.420600628365023,11.700332736925596,36.981249634222536,37.05324403774406,0.07199440352152209
-30.449702901813694,3.0358023895693265,36.67511913521105,36.899042357198404,0.2239232219873557
27.5288374366993,-7.148437693000133,37.20476720401183,37.31181801511406,0.10705081110223347
-3.682399059469809,23.587806318216643,37.07179019594684,36.80059290455113,-0.27119729139570836
12.355497905738005,-29.501008224835786,37.491981184190045,37.493603834954556,0.0016226507645100696
-9.620921015047962,0.5463832752222331,36.91152904643967,36.93014893854023,0.01861989210055981
-9.424340626866808,18.878144252296927,36.99516763460206,36.82346579409255,-0.1717018405095132
-4.084087724767485,-17.57567765498912,37.13849750613868,37.15970579346536,0.02120828732668656
-22.659482544794656,16.190993081732238,37.082349444162446,36.82858009329264,-0.2537693508698027
2.5913965368421046,-2.2917867469939637,36.92625219683514,36.999683790655354,0.07343159382021724
-6.555609384812577,29.023525517616825,36.77028490646915,36.766623264114116,-0.0036616423550341892
27.470559212113862,22.693179470430685,36.78371212161664,36.87295651392002,0.08924439230338521
20.196441614894724,-29.560546912819923,37.51253130002047,37.57019242212587,0.057661122105400864
4.21194649750111,-21.74443474544178,37.232694703766114,37.301042993690174,0.06834828992406017
14.579268780347512,0.4057086365995133,37.09444698897377,37.07582221856018,-0.018624770413595115
-30.746850693775066,17.377757164468164,36.89476158313963,36.815218862379226,-0.0795427207604078
28.305216075272234,12.072328207153959,36.96984718979943,37.03700992218427,0.06716273238483694
30.800113641769343,-3.1525100433979816,37.20573341613949,37.284716088615745,0.07898267247625768
7.381714832336506,-13.021773681493997,37.03960894970311,37.20353698479669,0.16392803509358345
26.95413903807399,27.852956201042353,36.9651389615275,36.80014856918677,-0.16499039234073365
-17.52343110496829,1.7836698465872374,36.81027881732963,36.91664056501359,0.10636174768395534
-0.9437384751452242,-9.835039415554554,37.062976764900625,37.07633916676533,0.013362401864704054
21.433704423247654,21.3393976518919,36.83305897386916,36.83454680532483,0.0014878314556696637
-28.815179985487006,-8.616310004265294,36.943525023242024,36.96825483519267,0.0247298119506425
15.728593497907049,17.878324365233716,36.9277313349579,36.84933661375251,-0.0783947212053846
28.478805563067773,-3.9490808957982324,37.19567011646422,37.27400059187541,0.07833047541118532
-2.097158422744684,-30.89500001969001,37.32487406734865,37.37451962676957,0.04964555942091664
-2.3637346511842097,16.565957664841704,37.24964666466153,36.84256792693443,-0.40707873772710457
-23.853798780476573,6.924703176878005,37.08059654926594,36.881633468394064,-0.1989630808718772
27.49193212161945,-7.317560500961257,37.20522222127764,37.31394563940726,0.10872341812962105
-4.7132950732199035,26.21529061425298,36.841327852515015,36.784458102377336,-0.05686975013767892
17.724654978315094,0.7155869532952366,37.11156367964405,37.10164351625783,-0.009920163386219372
16.280509977047977,-13.418603211405802,37.21102180739271,37.29529440913339,0.08427260174067897
-12.86974836147023,-24.051671297729072,37.23003329430607,37.16998541456995,-0.06004787973611769
-17.238342047492708,-18.835614003895245,37.11338721200039,37.051190340286105,-0.062196871714284896
-22.797375514493083,13.737463992179784,37.13749017798373,36.842769684057465,-0.2947204939262633
-24.215296567346456,-12.152268398652275,36.96871884101367,36.99252837480879,0.023809533795123627
15.970153285929008,10.667210380394124,36.95088099398488,36.93853714020521,-0.012343853779668734
30.47703061901123,23.9871757189889,36.897450364060575,36.882982183542175,-0.014468180518399265
20.314645243827222,21.696196977565393,36.83693411693335,36.8307400849188,-0.0061940320145481564
19.560053602255124,-26.509996432399873,37.425291457520835,37.51924234019765,0.09395088267681473
-21.395339841496224,-30.821284528842632,37.08502319483285,37.18708886617292,0.10206567134007116
9.72218118638201,-30.26915598526569,37.4507987294408,37.47945804061459,0.02865931117379006
15.164349620225337,23.71269940333317,36.825143107137315,36.814883514893566,-0.010259592243748727
-22.72905044004645,7.4737722594637646,37.16451115719518,36.8793297089809,-0.2851814482142814
-27.940966646689375,-2.9259016616087337,36.74136554375073,36.935787062824986,0.19442151907425398
-0.9841638775385064,10.94783202649996,37.16638785456755,36.87641041088064,-0.28997744368691514
-6.125270641060432,-17.100253338610514,37.145977883683095,37.1330128262831,-0.012965057399995317
28.739744224718848,-1.473551263455164,37.18633231883844,37.24016093935194,0.05382862051349946
14.050514673883939,23.19302368846708,36.84960197114492,36.817024662696404,-0.03257730844851636
1.2795616412971569,-20.47407789675323,37.273261963607766,37.25406878620734,-0.019193177400424588
-20.736048850795136,4.246688793347431,36.90056894240331,36.899725727948294,-0.0008432144550170051
-19.35927498008528,16.78688625531784,37.05001648240538,36.82773700629347,-0.22227947611191468
-14.356773546708908,12.868387876373426,37.11780210940706,36.85456087298798,-0.26324123641907704
10.842650430651027,-29.856089287738243,37.47095658328684,37.48421065463463,0.013254071347787999
11.137281633383878,-28.674388732181498,37.440551867096204,37.46969946027628,0.029147593180077536
-12.503123228111754,3.6365516982183834,37.02198741020166,36.909842295811416,-0.11214511439024477
-20.324309188283706,-14.604296231090956,36.98654722584049,37.00991973008741,0.02337250424692172
-1.1164506850410092,20.15663139521515,37.223982608655525,36.822634961010124,-0.40134764764540165
24.100940671739814,-26.65157501037298,37.540904634475346,37.565169716326345,0.024265081850998627
17.901421561375308,-7.113897995169545,37.147863064243225,37.218345978756076,0.07048291451285138
30.302533850861693,-30.430226281767034,37.672882076420294,37.68055279101083,0.0076707145905388074
19.15499831480485,0.6658271182280231,37.12026713526128,37.11618611667836,-0.0040810185829229795
-12.617668321482775,8.489289745591115,37.254927571724004,36.8814686537578,-0.3734589179662038
-1.9070371603414316,-11.236299716356477,37.078556825481925,37.08761832450444,0.009061499022514852
11.632048164730278,-4.421405850772921,37.10906368227196,37.1182613635239,0.009197681251940537
17.689565277912244,18.454757168254112,36.89435607061242,36.84753974070961,-0.046816329902810594
13.595667189822137,-26.887704783379668,37.427585984675616,37.467196325307604,0.039610340631988095
11.344790815321922,-31.794785368795466,37.54371954579532,37.51753404641464,-0.02618549938068071
2.9228486578410298,3.066249850353593,36.95959362473227,36.925458657615124,-0.03413496711714714
-27.168615194050872,-13.08642948029209,37.02279417086709,36.99561935658206,-0.02717481428502566
19.35326509406331,30.486553166447976,36.88882914121553,36.778742690448624,-0.11008645076690726
-1.7522594062380676,16.843609701468672,37.26047864562083,36.84143700549428,-0.4190416401265509
-11.208400827320993,7.675884765962827,37.25732949741749,36.8873322896891,-0.36999720772838884
-19.718069361179346,-28.70202326650398,37.157215768291564,37.17215835945788,0.014942591166317243
27.20449907615653,-27.06392109435344,37.583900147391816,37.60119478527745,0.01729463788563379
28.66989274042404,-17.25705695432606,37.33423330040652,37.47130667579138,0.13707337538486541
-4.700257061988552,1.5441402395239479,36.97388011885165,36.928255040320245,-0.04562507853140829
7.132805775772731,16.140271476413716,36.94497516790987,36.8526164349041,-0.09235873300576714
-22.61556508006963,7.828328216963222,37.21551214440073,36.877353746187325,-0.3381583982134089
-2.86119344162919,31.552843651952635,36.885705370701096,36.754826069567166,-0.13087930113393043
19.615603484886613,17.37331306114625,36.86668528098619,36.87524263556535,0.008557354579160403
28.58529875465038,-15.158147544444013,37.30063272696698,37.439662083158616,0.13902935619163515
14.694938103602027,20.4653427650319,36.89724566157217,36.833435452998856,-0.06381020857331521
9.30951844638323,-10.019794683003965,37.03041318256269,37.178060771904505,0.14764758934181543
8.546604329073432,2.578997354258732,37.04077271540203,36.985649124411935,-0.05512359099009245
-30.108447192191846,11.090646549047435,36.92775502451939,36.85236965672506,-0.07538536779433258
4.009428456912822,-10.6485699715681,37.121727714455915,37.136116914994474,0.014389200538559521
-12.225174825536335,21.56544823697694,36.89356259096162,36.80557193580477,-0.087990655156851
-0.2370600253943138,-11.052527871032908,37.08277288905051,37.101044892235585,0.018272003185074936
22.50253070682725,28.542717777193843,36.94223482846316,36.79258117711179,-0.14965365135136466
27.133035731744442,-8.59367555704555,37.20868771878743,37.32922298602876,0.12053526724132979
-11.672686216454196,-1.5878664286704733,36.97196978781218,36.94095261220085,-0.031017175611324888
-5.979810337647706,8.41527202159007,37.19932208536782,36.88718958138636,-0.3121325039814593
8.177877169715401,18.396646063615123,36.90341922855977,36.84029879303011,-0.06312043552966173
-21.675766921220884,6.014607770054198,37.04985217811502,36.8886732373248,-0.1611789407902151
5.2959542180014125,-21.07603597619132,37.1889441546483,37.30169333631788,0.11274918166958514
25.472375088284743,18.832036576889003,36.832519862294966,36.91037208472319,0.07785222242822698
31.438734703360794,-13.066777972081866,37.30673391297336,37.436498583444276,0.12976467047091944
0.4988780406945921,-12.751636455216861,37.12325922992211,37.13310695151645,0.009847721594340442
15.786672239993102,0.6422651041893914,37.10050797613103,37.08400678509965,-0.016501191031373708
-21.88539362609545,-21.22219268965435,37.142315430774865,37.0472456687236,-0.09506976205126705
-11.898678850251123,26.671102919884603,36.756643843867025,36.776075718586256,0.019431874719231246
17.47091065276831,8.484166651417546,36.99744211380337,36.9850922832981,-0.012349830505272053
-23.731253619308347,25.433103505555543,36.89702594945865,36.7738618509038,-0.12316409855485233
-24.818397267047146,22.928706847774095,36.91289520044067,36.787591470080635,-0.12530373036003795
-15.176878344290664,11.519869211134825,37.163849123753906,36.86176668732325,-0.30208243643065913
-23.40206396797918,14.852161308071658,37.11049223097625,36.83579122765191,-0.27470100332433844
-21.75600940584247,13.035600580147403,37.14817596823351,36.847690070373545,-0.30048589785996427
31.274901686943053,-24.48089750207194,37.54363779053393,37.60256145147622,0.05892366094229118
-28.157206910490622,0.8707803612032521,36.71697407813666,36.91348720895056,0.19651313081390498
-27.700899935316976,-27.615368334594805,37.12734210715084,37.0798716639391,-0.047470443211736324
-26.043041381784768,-16.99971292806739,37.095564109698316,37.01932340330778,-0.0762407063905357
26.300244929077785,-6.5264151439608895,37.19443289004201,37.29081846252333,0.09638557248132429
22.02337809527524,-1.423483543285748,37.146257542364395,37.17457065927451,0.028313116910112512
-12.7880514124546,22.905814416037494,36.849181749321424,36.79731157188723,-0.05187017743419631
-0.40220215813231164,16.381648983938298,37.23294017244541,36.84520519717072,-0.3877349752746895
-14.6490505800285,-24.314720786284695,37.24171075895844,37.156667566885154,-0.08504319207328592
22.346341246452802,-12.694771554315182,37.19855270256169,37.34323631486506,0.14468361230336768
-29.400412145596185,0.2854386996106584,36.66318220599429,36.91590797415031,0.25272576815601866
30.242181981404705,-26.781941541135808,37.5987094613648,37.62638583614337,0.02767637477857221
-7.457081262891421,2.495680419546794,36.998960897962725,36.920512500923465,-0.07844839703925999
-27.328498566475332,10.48550656513791,36.936320339081476,36.8581117597549,-0.07820857932657788
3.9434655337675792,20.978029257110997,36.8461794875019,36.82187987233312,-0.0242996151687791
3.4519791509387616,6.072617230077611,36.97610069870279,36.908358823591854,-0.06774187511093288
-13.751916482474122,28.465588879961338,36.72509882830024,36.764140431362,0.03904160306176152
-30.87006607850838,23.224117060320097,36.81566361054237,36.78104735885151,-0.034616251690863464
25.571902705054598,4.988140536113548,37.09294186643996,37.114665371371515,0.021723504931557613
30.45896884659321,-31.224580844557174,37.687773868940084,37.69373044907935,0.0059565801392622575
17.64401462013003,-5.156002110118685,37.13748810276405,37.187103797168,0.049615694403946975
14.845432971138415,9.415071639845458,36.97000079293072,36.946067347417326,-0.023933445513392826
-28.65551642589385,-22.36795659520891,37.14838730337383,37.048528382379565,-0.09985892099426508
2.7438519493884144,20.52256379328739,37.00681131263535,36.823578439914414,-0.1832328727209358
2.806135230119594,-15.048961005824047,37.23743668736845,37.18912835808888,-0.04830832927957118
-0.6683744031845009,-25.234563549470018,37.29463222952678,37.30517866180209,0.010546432275305051
30.83462392397894,2.2496089283555776,37.16396905140877,37.2057057061307,0.04173665472193022
-13.133363495966876,10.256544897769672,37.20034957610234,36.870757925231835,-0.3295916508705048
9.240516798594015,-29.016631172385004,37.39567144919183,37.45641051068083,0.06073906148900221
-23.380828912014678,7.675847185483917,37.169615979167574,36.87763260508284,-0.2919833740847366
-29.553628663795976,-17.473038384544672,37.07396979591984,37.01928450399346,-0.05468529192637561
25.28271487937839,3.4718726680083805,37.12050318540261,37.13414308574262,0.013639900340010058
-26.196424848168455,21.46252181850855,36.86598876042384,36.79503846397562,-0.07095029644821693
15.502457583248919,-31.03167091523502,37.551870470109876,37.54647327260576,-0.005397197504116491
-30.23917578649558,8.586339467907884,36.8951026413656,36.86686089708374,-0.028241744281856995
2.9962324091783543,10.710393662868285,36.94306859919249,36.88096610963466,-0.062102489557830154
-18.861517592940586,31.82103068529978,36.78619544171443,36.74051278370536,-0.045682658009070565
-9.78824181580972,-14.754541278953148,37.15070256650743,37.06318961500071,-0.08751295150671723
-4.761382241377454,-11.95645190500607,37.09850120537525,37.07063329008647,-0.02786791528878041
9.29857121891122,13.977366734796547,36.99281175683557,36.86694795843883,-0.12586379839674322
-6.953858619088784,21.564511787838455,37.00175171160836,36.80977797364942,-0.19197373795893924
9.247850637363207,-5.384903758304297,37.04146161401525,37.10939033166713,0.06792871765188124
-5.169380818118448,6.03307909600337,37.269845124161755,36.90171911055416,-0.36812601360759345
-1.156502920123863,-5.916482277783977,37.055406826375176,37.016730852132504,-0.038675974242671884
-26.69395453059653,-7.939557804298346,36.904303721327324,36.966000990311606,0.061697268984282516
-11.466220170166132,-18.170248032173838,37.1860287432921,37.09715482945438,-0.08887391383771615
15.637307699117223,-17.223064595198316,37.17785345293222,37.344961513711574,0.16710806077935558
16.704296572400303,-12.583308463498092,37.18698772716127,37.28711820683487,0.10013047967360222
-16.40327151955949,0.8059179011000666,36.84666730990054,36.9232316527405,0.0765643428399585
-28.32614198989083,13.28621700292706,36.91322199978586,36.84099387213162,-0.0722281276542418
-21.552027126178338,-27.60642326973666,37.25076398352551,37.1383575798371,-0.1124064036884107
9.80802973452547,31.92584164441074,36.869171753430095,36.76274797786087,-0.10642377556922611
19.338506336638424,-21.912331760162814,37.315502977800186,37.44957482454055,0.13407184674036188
11.036932298155058,21.638770516653096,36.911692152407504,36.823681596007724,-0.08801055639978017
-17.401600275730196,0.9784349830397829,36.82770417509445,36.92143065839475,0.0937264833002942
4.98173865198676,-11.007152220451374,37.13146882792915,37.15077246209613,0.019303634166981
-26.72692774812277,20.628373087922114,36.87141304414047,36.79947724254767,-0.07193580159280089
-19.715058593277178,3.5467994193387113,36.844539668427856,36.90461837231764,0.06007870388978631
-24.00577252207374,-29.92995413127977,37.06683563592884,37.14879046038689,0.08195482445805169
30.270902398448527,-14.335924416629574,37.3106508972924,37.44386229115427,0.13321139386187042
-21.430490141702336,20.8042701566196,36.96091647182215,36.80267269116178,-0.1582437806603707
7.126663330929823,22.313437133286435,36.84632955418515,36.8166335590494,-0.0296959951357465
-0.20412570360680604,-10.883471312606545,37.08057861375923,37.09887989607846,0.018301282319228562
-0.38695010242236805,0.49368481042429835,36.93825810076367,36.93781439235138,-0.0004437084122912438
10.999039259511342,-9.571167114949667,37.09324960691651,37.18778598985048,0.09453638293397404
27.414438384513637,15.439227125376242,36.903312513556884,36.9789570222465,0.07564450868961359
12.166957731325482,4.097778053727609,37.05823610775824,36.99830107042899,-0.05993503732925376
-5.969318322733216,-26.258623518136446,37.25058077931558,37.26903230286874,0.018451523553160598
-14.1003440540687,-7.0354874826794,37.02402324727657,36.970767488816904,-0.05325575845966313
24.249675923702476,14.898091682030824,36.90193372869784,36.95634521155842,0.05441148286057995
-31.551008154349276,-31.387121051071205,37.07701191062188,37.09878585525277,0.021773944630893993
25.158477363265334,-2.3873299420326077,37.16940343438233,37.219000455562636,0.04959702118030407
19.031455772880904,10.284853212567889,36.968989193327914,36.97371371324729,0.004724519919378167
18.439637394290813,-20.502385335610533,37.280603252050156,37.4201865332054,0.13958328115524665
28.417788565182654,20.95684603975384,36.803490486453484,36.90760559462366,0.104115108170177
-24.605060314127506,-4.886267811116241,36.8111150956348,36.949870622148836,0.13875552651403922
0.28763132064798214,7.228084154335015,37.04469110481761,36.89910302824666,-0.1455880765709523
-29.675904773415326,23.818838577096137,36.82706692952843,36.778532844801546,-0.04853408472688159
-5.595691001282006,1.4054898530881843,36.97092589048123,36.928349563183325,-0.04257632729790828
30.974411271430043,-26.926273729700824,37.596718395438856,37.63557630424473,0.038857908805873365
3.2892820550273,-28.972874264172255,37.34308164736947,37.39830122059889,0.055219573229415175
25.113863289924147,9.08423569395353,37.01474039864322,37.05008103063839,0.03534063199516879
21.82172099599307,31.950942979232146,36.85249542668175,36.772175094367846,-0.08032033231390301
-4.6568210947413675,24.40104943139159,37.0009309332896,36.7950767294728,-0.20585420381680564
0.440561007424499,-17.302050820414514,37.217773864508985,37.19937803865278,-0.01839582585620292
-9.886228816854931,-19.895898594597107,37.183312475353766,37.13775711359539,-0.0455553617583746
-7.0765829223622845,0.4189035494112332,36.90710886858069,36.93291942573483,0.025810557154137825
7.892810537379276,-12.563502104650333,36.987668074303244,37.20174138891362,0.21407331461037415
25.95578262502277,-30.526820698490972,37.67028613444327,37.639998204981964,-0.030287929461309204
17.236391836444838,-4.168691187481535,37.13026046182829,37.168666560486805,0.03840609865851263
-31.968507114757998,18.570334927638704,36.88844147658543,36.807294862642784,-0.08114661394264289
28.500792860940173,-8.870956929949742,37.21748878856574,37.34650296097209,0.12901417240635027
-0.6673183560752705,23.504336497278423,37.07404525342906,36.8034820195368,-0.2705632338922612
-29.198655017866898,0.28794500717405214,36.66982456965356,36.9160541422877,0.24622957263414236
-26.623241243844717,14.128890724101986,36.93578893531521,36.837439663382405,-0.09834927193280407
14.873054423023333,-23.559599694090338,37.34447453469225,37.43064955227927,0.08617501758701707
-8.783164561823455,-25.524232826974895,37.224368610737784,37.23107473684608,0.006706126108298349
7.288349209211255,24.068356795764743,36.8263438291422,36.80653451132577,-0.01980931781643136
-9.841392553163871,4.344282438770371,37.12398552010938,36.90783861922074,-0.21614690088863853
3.725924057521169,19.85604461351975,36.88284120566796,36.82824558572017,-0.05459561994778994
11.884896629252069,30.11157447647824,36.86552159066884,36.77497675700571,-0.09054483366313093
27.618140802693596,-31.952229543961934,37.721259972477576,37.676986043552944,-0.04427392892463189
24.804569206093767,12.645117738294218,36.9460864599302,36.99479395461515,0.048707494684947505
-23.567815877191272,-13.823618397253945,36.997933029352595,37.00278517269435,0.004852143341757653
17.408713608575184,-20.13533841079112,37.26992415507797,37.4048406736913,0.13491651861332343
0.7433755547287078,17.385042803355113,37.17971059865395,36.840270174806875,-0.33944042384707274
-26.11665318634801,-6.8384551734300345,36.87372893819656,36.96004366354977,0.08631472535321194
14.304571770279416,-22.672974135464095,37.317694109045604,37.41213782877139,0.09444371972578836
-8.73127701750969,3.9176679177906806,37.119636504273714,36.911209605293294,-0.2084268989804201
20.355410275592135,-29.113423097949003,37.50755345150012,37.56516033222481,0.05760688072469122
14.062732357021666,27.70442349438496,36.87502492352664,36.79074139666879,-0.08428352685784546
-7.4426462028683815,-26.473373630900042,37.229718572817866,37.25795962280739,0.028241049989524925
-30.510411229843122,-7.593242279464604,36.934272391061434,36.96094138121122,0.026668990149786964
-23.158347642460797,-31.570193168496658,37.07678608632383,37.181064417739776,0.10427833141594789
6.779571816417182,24.960281267184513,36.80743066969062,36.8009308320309,-0.0064998376597174
-16.63198605389261,-26.67906241961323,37.257078507018925,37.17224611395517,-0.08483239306375623
-19.37816061851948,0.29914984410460477,36.811202777330436,36.92381454557194,0.1126117682415071
4.084071033821743,-19.553764418370015,37.23385137369722,37.26763272581515,0.0337813521179271
16.632200274956475,-16.021310699628124,37.1788907736591,37.33691768480583,0.1580269111467345
8.060227529173893,-21.39913303628245,37.1738339459534,37.33313133854898,0.15929739259558318
28.37316467507172,26.0855668090786,36.93586272839204,36.83184660888532,-0.10401611950671708
-14.374832696111596,25.743525809266522,36.756966805508014,36.77950856883815,0.02254176333013902
10.396267176115032,-6.779897051412753,37.08221777127676,37.14096869286199,0.05875092158522932
-18.034778775881286,-23.191862484095573,37.177262616132936,37.10748214768055,-0.06978046845238595
-31.63643889951718,14.361930353962727,36.91246326947021,36.83208658740775,-0.0803766820624574
-27.541840049561756,-30.162312327215496,37.03470052946097,37.11805806932739,0.08335753986641947
-10.928137810290359,-8.977387573493651,37.11613407635192,36.98461297713419,-0.13152109921772848
19.032040191203627,-19.313146248290337,37.24900408987871,37.40843997361807,0.1594358837393628
-20.36306189274675,-24.5213003946007,37.2115271654593,37.104525783143856,-0.10700138231544543
-14.776256383653227,17.732045558229018,36.989374313363356,36.825880592675226,-0.1634937206881304
4.192037082008724,21.896337597717633,36.84017472043209,36.81672593698803,-0.023448783444059984
23.589467730539972,4.89945859239856,37.08726916936754,37.09682499969717,0.009555830329631476
11.891271796472807,-0.4563921299829232,37.08217342181425,37.06252835269381,-0.019645069120436176
16.38954057145083,-8.870643230768472,37.146690981271476,37.22954907359498,0.08285809232350516
-31.63284402102454,1.4838605951308352,36.65456513242768,36.907144452389744,0.2525793199620665
14.843040180829554,-13.900878405257266,37.212337916134594,37.28849725832335,0.07615934218875964
-21.62544788744239,21.324763054161274,36.95348525051955,36.79948383653966,-0.1540014139798913
-8.440988051532408,-4.837767313900422,37.093927886067185,36.96246870027276,-0.1314591857944265
10.804652557546618,-2.479511571720117,37.086701042057875,37.081750252468446,-0.004950789589429405
-16.40913858237279,-8.292356361946695,36.961123705600414,36.97625285711414,0.015129151513725958
11.164911794431944,30.828419152556087,36.88702208651404,36.7702251587127,-0.11679692780133877
14.563499907879255,11.714508323720906,36.94241767298972,36.90957195498081,-0.032845718008907454
11.00411613472906,23.037955794534362,36.85724970985286,36.81550081892984,-0.04174889092301726
-6.023167225318893,-23.770827548535188,37.203059409669635,37.231972821099625,0.02891341142998982
-19.91759066946934,31.987100289685777,36.76675513715739,36.73870335105944,-0.02805178609794723
23.937113906785264,30.04972923986567,36.93409597543756,36.78494130941838,-0.1491546660191787
27.28215562684504,13.064852443485663,36.94763389016701,37.01255329500803,0.06491940484102088
1.7427608280458315,-7.627323773250801,37.04080681086177,37.069854852165435,0.02904804130366756
6.827168355357507,11.2503229402257,36.97778943053237,36.880872111397174,-0.09691731913519419
-25.09770377655922,29.478807213061657,36.805798803171974,36.74919409401443,-0.056604709157547006
26.90242698436856,17.2327114783077,36.86818889630567,36.94767111073017,0.07948221442450176
-21.445001294941555,4.0557971082125235,36.8500207456494,36.90027332207179,0.05025257642238756
-12.662130679342745,-16.04291901063351,37.175442351920395,37.054361673596276,-0.12108067832411962
-17.787842681001337,-11.049585624682173,36.95849170269266,36.99122367908243,0.0327319763897691
-6.677983527552271,21.636496481346782,37.0092112930195,36.80957827582113,-0.1996330171983658
-2.85834589216595,23.606863453576743,37.08969013191678,36.80113850455181,-0.2885516273649742
-21.62287876955267,-29.970957958256164,37.10549802871568,37.172402521893396,0.06690449317771652
-6.033216993860847,-11.957976958206174,37.10587095335869,37.05837453497668,-0.047496418382010575
1.1599142711353352,2.71481311828056,36.90315705397738,36.92610203647983,0.022944982502451694
6.331610474697051,6.22335756776647,37.014447945694805,36.91073404936972,-0.10371389632508254
17.3958608046392,30.724122394391017,36.860224238862045,36.77579830074889,-0.08442593811315646
10.921207400767543,-6.243295538523697,37.10452229151627,37.13815631218573,0.033634020669460085
-3.1952912863758627,5.65728503149009,37.187826147912794,36.90548238793202,-0.2823437599807761
3.491582932530818,7.683386275940428,36.97989203401479,36.89900261950989,-0.08088941450489529
7.8044258409332485,18.842722898572333,36.89976707957423,36.83740140744875,-0.06236567212548039
-20.95432403493347,14.45913199609793,37.12496595719541,36.840032394369906,-0.28493356282550053
25.763212549195224,10.659334349292507,36.987264947048985,37.03321704792294,0.045952100873954294
20.653047833950374,24.46491136540586,36.797452957143264,36.81487333594117,0.017420378797908143
-0.43444264293746926,24.077295129663653,37.00653832582306,36.80032831784134,-0.20621000798171707
-2.049485569925416,-29.684562880959184,37.3174947055247,37.357201672279494,0.03970696675479246
18.067505935045375,-9.601137560869653,37.15940963050127,37.25648106211056,0.09707143160928666
29.271543339285294,-18.962947436055536,37.373931557491645,37.50217163083703,0.12824007334538834
15.007674350176778,13.188443416754978,36.93564667866164,36.89221259276031,-0.0434340859013318
-0.9383363154586064,-15.623525597565653,37.14800169928446,37.161409722168095,0.013408022883638182
1.2710669540084751,-9.391414259676573,37.085306797129874,37.09121013721364,0.0059033400837691374
-28.027477210785975,0.10564876699603332,36.68659716789268,36.91804986987751,0.23145270198482848
15.976264304364882,-10.281304464360325,37.154052307336215,37.246277461509315,0.09222515417310007
-28.06356536108241,-9.041377441233301,36.94461015804201,36.97133112425257,0.026720966210561414
11.628517565746762,-23.56559501892712,37.28403630577453,37.39940754958474,0.11537124381020902
15.802969141978686,20.090933275713965,36.886179438402095,36.83650052053749,-0.04967891786460399
-23.729427030274422,1.224974097756828,36.72564926051696,36.91495131067176,0.18930205015480084
10.843063973538378,-9.358649976761534,37.08596516497738,37.183158508028164,0.0971933430507832
13.226634432319614,8.206708329890901,36.98698005178026,36.94818366014181,-0.03879639163844928
23.63248532344732,-24.84999590875639,37.4849752723786,37.5341855013144,0.04921022893579874
-27.92567898839905,-26.605811301865366,37.213028964006554,37.0738087185498,-0.13922024545675526
-6.69182015188666,6.802884230561681,37.213641741892026,36.89601939616022,-0.3176223457318059
-17.933678222958143,-14.851336308802338,37.018917379829915,37.01326454459082,-0.005652835239096987
6.509045765433314,29.83642572431505,36.8529934726529,36.7722964771698,-0.08069699548309472
-2.839217590209735,30.121807715369577,36.84108924009235,36.76318383789167,-0.07790540220068465
-5.049629946926174,-30.996424922727478,37.308725069056436,37.34749950187755,0.038774432821114146
29.953067846537884,-17.45560166239749,37.35422317870159,37.48661346080959,0.1323902821080054
25.369742387044703,20.25686559823633,36.808952812685796,36.888453861450806,0.0795010487650103
19.78758445928375,11.54784910335929,36.9483859389032,36.96246482872937,0.014078889826166119
-28.40777805576358,12.598026814576933,36.91706388669363,36.84493967683311,-0.07212420986052592
26.684739279340405,-17.688509297041485,37.31547076595466,37.45847449396643,0.1430037280117702
7.129083529619109,-7.473999796381044,36.960195450420514,37.11961458484223,0.15941913442171796
20.32595077116607,1.8446652934158578,37.121732194379334,37.11017894063703,-0.011553253742306424
-7.672647797578286,31.34547959944942,36.85550121532849,36.75220048549576,-0.10330072983272487
-31.330055524542516,-17.256903086904536,37.04638296787361,37.01660925030724,-0.02977371756637126
-8.81004901852679,-12.042609575031179,37.13379208418601,37.03280379229812,-0.10098829188789438
12.793872106004159,-17.245144022155955,37.1134778298278,37.31782888034902,0.20435105052121827
1.0399192315478274,-18.864368542568414,37.26003076668481,37.228112133048604,-0.03191863363620229
-21.88142338227201,-11.539408994367797,36.92850704746819,36.99081635878755,0.06230931131936046
-7.468183434452364,-9.468089647247382,37.10684389733344,37.00794792040501,-0.0988959769284321
-29.715740002468237,-18.172707919376172,37.07697148116272,37.023233083028146,-0.053738398134576926
2.3046947400487667,22.772503548303767,37.0886031489059,36.81011555637852,-0.27848759252737665
-7.164963743692105,2.1998490820556,36.94368919129227,36.92246942408539,-0.02121976720687968
-24.82399800993654,-8.112846528581848,36.886547837032275,36.96850106026022,0.08195322322794851
11.509629260124377,-18.568825863770464,37.12938661086872,37.3248694874172,0.19548287654848195
-3.6669568705557296,8.421927264715073,37.22345408207215,36.88899384890411,-0.33446023316804485
-8.685527581067227,-31.796053342319702,37.24532191377881,37.32413490776064,0.07881299398182762
-12.069028969446805,2.173500781102284,36.846352485478214,36.91871505830011,0.07236257282189484
-12.502690256011618,-4.682299325303511,37.034952989838715,36.95832594445752,-0.07662704538119414
-28.597892881790003,-31.082444158397237,37.063142110681085,37.12137499543667,0.05823288475558286
30.370175851676855,-14.552257328775717,37.31530055483349,37.44799829008414,0.13269773525065176
-26.1077257301518,0.75099802707836,36.70980666162769,36.91581849568222,0.20601183405452872
-7.599755277561911,15.647758671729108,37.104539112252404,36.84374685150453,-0.260792260747877
-8.636171228641267,18.795599531359706,37.008692724657,36.82457494753347,-0.18411777712353228
8.435213987220607,-14.193521643250193,37.00641441370822,37.23091988419933,0.2245054704911098
15.873609499135924,20.346426136081313,36.88188416555675,36.83506776774527,-0.04681639781147595
29.19297599041615,15.798450500891171,36.90356124719575,36.99085493267562,0.08729368547986383
-14.370581044395657,18.475522488112787,36.9637729577078,36.821870788729214,-0.14190216897858932
-15.575391714489491,-30.069153264063353,37.184222769498376,37.23224081232289,0.04801804282451627
11.076616454001488,9.724826497587792,36.986482664058144,36.905125188450626,-0.08135747560751838
-15.393726548647123,-3.5233600283068895,36.92450948126617,36.94926770682152,0.024758225555352453
-16.700519169838216,-11.229048621539775,37.00120370871271,36.99313607278394,-0.008067635928767913
-17.105693261486408,-22.821475194258696,37.18863224668236,37.111013566359446,-0.07761868032291375
19.05744506633961,15.06865745349004,36.88327241646723,36.90370254757371,0.02043013110647962
31.452641468368917,-9.323040006153335,37.23952416679368,37.38164671926931,0.14212255247563377
-31.053678804871822,9.368985025469982,36.90385172025238,36.861650483850795,-0.04220123640158846
-19.767921009087466,-18.440800591338544,37.07233539720458,37.032722728892274,-0.039612668312308585
12.75384130116558,12.826402960987224,36.9571868623989,36.876409337529864,-0.08077752486903478
3.700074025767101,-19.797841385517962,37.251317986142524,37.26750963516111,0.016191649018587384
29.73391755057377,-19.33101871023655,37.388938911954014,37.51204247865433,0.12310356670031553
-26.907288869156574,-29.277501252805173,37.05565217888742,37.11118979150778,0.05553761262036261
20.468935989133023,28.710433243763404,36.94715594713389,36.78998318961753,-0.1571727575163635
-24.73824554975525,0.3803242290968569,36.709827731211604,36.919070133429834,0.20924240221822998
19.976169855242034,-17.144373925646867,37.222773506413596,37.38570288219762,0.16292937578402444
-16.237609994622296,22.484742325709966,36.86956107172937,36.7970167656685,-0.0725443060608697
-15.51476770106219,-8.139817342252805,36.99140250790691,36.97607654243603,-0.015325965470879055
3.9248889065680146,-16.235839144766516,37.24521269528009,37.2173635959428,-0.027849099337288408
-0.5150222133860609,19.07790614657378,37.21763012813374,36.829401169913204,-0.3882289582205374
2.982261649831365,-23.55577736052755,37.28099724719738,37.31577294403893,0.03477569684155668
-7.501814004483897,21.04002655685862,36.994683781836876,36.812398087188484,-0.1822856946483924
20.66682365462922,13.682936582996561,36.911691968797356,36.93959588485225,0.027903916054896172
-19.38176105615345,24.57528123891609,36.853678792327194,36.78232734818782,-0.07135144413937411
23.704949494606446,5.28882169170695,37.08033321828251,37.09222134996035,0.011888131677835645
9.408732825742526,-24.142247167127728,37.26033634536122,37.38644233161576,0.12610598625454372
-20.17631006657367,-12.306459092524513,36.934094103999364,36.99664558481432,0.06255148081495321
-26.17184432624017,-30.547116487625132,37.05030209237401,37.13693890163674,0.08663680926272832
-12.494545678987173,-29.00704691143398,37.27094318961727,37.24639054479896,-0.0245526448183071
13.704538209169755,-18.696933301867936,37.19578700618667,37.34794565495348,0.1521586487668074
-0.7961329003224122,11.552835260762123,37.17191746222174,36.87303421359093,-0.2988832486308155
15.256006405639404,22.837083161991167,36.849260656720794,36.820059754801015,-0.0292009019197792
-21.96224422221814,-12.022383602423666,36.940075904336254,36.99356679106829,0.05349088673203539
4.095195433342077,-21.500574858255774,37.23565074517478,37.29633392413384,0.06068317895906006
-21.467278056651615,30.618472460360586,36.75470633455362,36.74544497799057,-0.009261356563044387
5.823805671619027,12.962781095001269,36.961415460439,36.87009213657527,-0.0913233238637261
-5.535014762434599,26.859703552855613,36.80052897195106,36.7800475753422,-0.02048139660885795
9.591023399879312,26.894973557600018,36.821721488714466,36.79189557900639,-0.029825909708073084
1.1150149766963438,-13.930180791995035,37.15357932287661,37.15636639375115,0.0027870708745396655
-27.977236467601394,13.642650434203219,36.910764744189194,36.83919456762804,-0.07157017656115272
20.55042411563464,29.029341136448224,36.94482570089888,36.78818949040628,-0.15663621049260001
20.313577590874893,31.03758150160065,36.86723911389166,36.77629647745371,-0.0909426364379442
11.945700547318424,21.551616569915602,36.908332064576015,36.82491371480211,-0.08341834977390761
-3.2576206607048235,1.1291317535767007,36.93791178497693,36.931823362534686,-0.0060884224422466104
-27.998148763280668,-18.064466179879965,37.08029664026461,37.02397094215887,-0.05632569810574495
-10.566189062515619,5.437075171452314,37.16156652796824,36.90089211435719,-0.26067441361104926
24.348382055515856,-20.850470813351286,37.37814823552972,37.482355354294675,0.10420711876495403
7.372121989058357,-1.750357849903338,36.99267063384345,37.0378954338773,0.04522480003384999
30.126613461527505,-29.87262246924174,37.663312829782456,37.67066425375486,0.00735142397240196
1.5561280437720129,2.5114624604769986,36.89981428903896,36.92760292238241,0.02778863334345516
11.898370768141191,-20.13582776708232,37.18023317656852,37.35163861305888,0.17140543649036033
4.367997587472999,-25.060783324796873,37.26603687472565,37.351258731786984,0.08522185706133456
-6.3020182352515945,2.7933982800188204,37.07798460624475,36.91969780486804,-0.15828680137670403
24.22923691631094,31.01070118048675,36.86775621954551,36.77957343035016,-0.08818278919535061
17.749076509921238,31.761728523854714,36.82071900327182,36.77003247129075,-0.050686531981071425
11.583356914818104,22.2851149657335,36.89151487200504,36.82035005188183,-0.07116482012320802
-29.08327122093361,-6.955048771674896,36.909991570533606,36.95835916186824,0.048367591334631754
22.884316183207588,-31.191515469627667,37.65075192415817,37.62010206160426,-0.030649862553914886
0.6865971469993184,14.154886580161637,37.12162967322222,36.859050683751505,-0.2625789894707182
-23.335748239074256,-3.492210271530226,36.73839392126352,36.942757363610745,0.2043634423472227
-20.811914325775817,4.874749182826136,36.990025543586995,36.89600485819049,-0.09402068539650799
15.717370653644586,1.1981844253481597,37.09751111365139,37.07517252662695,-0.022338587024442802
-2.825048765585926,-11.348447686287805,37.08362584041773,37.08040094824966,-0.0032248921680704257
-5.43449837363422,2.268192679499819,37.03182625848133,36.9234500736483,-0.10837618483303402
9.147437639562675,23.243630260199723,36.86531625406237,36.812822581758795,-0.05249367230357649
21.686758240003783,0.1277764384724449,37.137608951583886,37.14853604281497,0.010927091231081931
-10.922945237415142,-11.396514459156109,37.13934966928733,37.00291161617007,-0.13643805311725998
9.992450996942246,-26.334995091987103,37.326310603223405,37.42428484535279,0.0979742421293821
24.69657822869828,-20.70530518850245,37.37741993775784,37.483585503476995,0.10616556571915226
2.420409920164616,5.022495888952946,36.92007379418511,36.913657030302325,-0.006416763882782561
9.29567642657338,-20.179392327673185,37.15266074222377,37.3271462003068,0.1744854580830264
14.67798886781349,-26.453464103699574,37.42231023946783,37.471269584027915,0.048959344560081774
-11.441085011120116,-3.68460938611873,37.052655427796246,36.95335724946023,-0.09929817833601362
26.05093436205403,17.192751049222643,36.86554083698127,36.94003580389813,0.07449496691685908
-3.370721147732226,22.328909680388485,37.13215115365339,36.80817827985439,-0.32397287379900064
-19.73637175725387,12.21881353755883,37.16999291457566,36.85405980610735,-0.31593310846830747
0.08872672521714975,21.29684510579431,37.19732863437896,36.81695002872695,-0.3803786056520124
8.637213425703308,-6.383126406877643,37.016965973884616,37.11815526124296,0.10118928735834487
-28.647620419480916,-27.95059130741621,37.055240219429365,37.081070967441754,0.025830748012388938
19.60769595171989,-7.413501978577742,37.158714320472605,37.23922262434416,0.08050830387155372
-18.056874866074217,16.264165438326337,37.04062256033998,36.83182133864585,-0.20880122169413085
9.560045850076548,30.149100819842232,36.87865021943009,36.772905433321135,-0.1057447861089571
11.881758250668106,7.476261158047919,36.99536590219735,36.94592564234918,-0.049440259848168466
-4.1397662617047715,-5.460657422549524,37.11057513225706,36.98122878792911,-0.12934634432794923
23.985373100242256,-4.094632148152201,37.17028913212898,37.2327486686752,0.06245953654622127
-10.432302579864903,-19.754818586560276,37.18487588525568,37.13041197620328,-0.054463909052401505
3.1791376716885154,12.078172455913034,36.9385601257877,36.87314027648751,-0.0654198493001914
-17.559371797015167,-9.747663903699944,36.94401387305236,36.983817979288006,0.03980410623564268
0.21866321741900663,-4.326658336359671,36.98967626173708,37.00665926100849,0.016982999271405674
9.695869397964017,-5.983399951884223,37.059797259557925,37.12250692566739,0.0627096661094626
7.92747983927444,-4.483483134902613,36.99661641938293,37.083400885741874,0.08678446635894232
-11.794733524930948,24.90032608285741,36.805558324095415,36.78647885877067,-0.019079465324743694
-25.17935265227991,11.178525180404876,37.11681559772485,36.85578536128817,-0.26103023643668166
23.836011317062734,-7.203922553113394,37.18286408271627,37.276974096779234,0.09411001406296293
-18.97031119960105,25.753262324350693,36.824435864234985,36.77578980127871,-0.04864606295627283
-18.99027162886466,-16.26469652726533,37.022006271565914,37.02065981174371,-0.0013464598222014956
5.915936217381557,-26.08149522746001,37.27567113190438,37.38119772025241,0.10552658834802742
-1.0304605880181938,8.96541451310334,37.143331211102165,36.88792729525974,-0.2554039158424217
-20.356397313273312,5.486874747481558,37.038799425468305,36.892800304003316,-0.14599912146498895
5.185169862786886,-0.2676034065043851,36.93468111396147,36.99499972152057,0.06031860755910401
-6.996685443770957,21.404341918958238,37.003424741360924,36.81067733604056,-0.19274740532036105
-6.8417696557471785,-0.22707986517951895,36.9402831081847,36.93687141464482,-0.0034116935398813553
2.1718816814160604,-2.4850554297913874,36.94411336370261,36.998471484111235,0.05435812040862231
26.523801564260147,-8.206228964938028,37.20317497178898,37.317649446777416,0.11447447498843388
20.700652447262883,-8.56489943165893,37.170462936590745,37.26668763559637,0.09622469900562436
11.801502374096202,9.389526710140252,36.97225375751913,36.91704958374468,-0.05520417377444886
21.493688683131722,19.576907003589348,36.8344493704642,36.861012609731276,0.02656323926707671
26.028401544545467,-20.44929629017026,37.383862699965086,37.492685791676394,0.108823091711308
3.7578303812280254,25.762669364601912,36.78474097263046,36.79384646369447,0.009105491064012483
25.673804923449552,18.30393726201722,36.843019166091025,36.92007360025618,0.07705443416515578
12.944182111010605,27.539062956007918,36.87496972582419,36.79081379382923,-0.08415593199495675
-30.612568654789385,-23.922911899650067,37.12105556611441,37.05603133026836,-0.065024235846046
-22.47158015303718,-30.696600124289603,37.08143169251406,37.17486511847274,0.0934334259586791
5.716910231592998,-0.3101184636481875,36.93783238467894,37.00075877935865,0.06292639467970673
8.043260901510024,6.696664305378306,37.01911122955987,36.92031048109496,-0.09880074846491027
-4.224684009606371,19.284360944709952,37.135062581492974,36.82524178879896,-0.30982079269401197
-25.25493773206511,-0.8799045191036825,36.68404605485957,36.92600316502016,0.24195711016059107
26.057349882361123,-3.277611534346285,37.17845316263002,37.24075620421226,0.06230304158223987
0.812053151563326,-2.470581862771965,36.95314963573201,36.985128059354246,0.031978423622234686
-0.5509365249369367,6.202136099897878,37.10600138130038,36.90441414799947,-0.20158723330091277
12.966012099403443,-18.24819017541168,37.15080491570631,37.33422334753622,0.1834184318299137
-29.083961819400272,-10.117080515290795,36.97788581985857,36.97678732780334,-0.0010984920552274957
-12.26315062987549,1.485997880864133,36.843627855489224,36.9225672204424,0.07893936495317888
12.553999286966842,-17.064374481377243,37.103405989726994,37.312857555810005,0.2094515660830112
-26.016773130962534,28.23884770541695,36.811100639999,36.75568834962813,-0.05541229037086737
31.045600911493324,-14.809694948648307,37.32855740308344,37.45830147835988,0.1297440752764416
26.91281926653504,-1.0005696917282307,37.17347893643525,37.215572778389735,0.042093841954482514
27.589437601424613,-1.140539674731123,37.17809878779016,37.22416218331137,0.04606339552120886
7.360270315687487,-7.737305623831446,36.968987985438666,37.125714286585875,0.1567263011472093
-20.812915329486273,-4.888605835896293,36.77127791943529,36.95290611398414,0.18162819454884982
-0.7890662141933475,-17.18768140228689,37.17859526210717,37.185824649965284,0.00722938785811067
17.63537260739148,9.1568092937705,36.985563044635335,36.976800930237864,-0.0087621143974701
-29.12073019466888,19.302635257900498,36.88169087061367,36.80529624701367,-0.07639462359999527
4.632169491296388,-6.413124830094411,36.936523902076196,37.079922157592335,0.14339825551613927
-25.22189567760254,-0.2767597673560971,36.69756401319411,36.922514292401026,0.22495027920691513
23.737617394934112,2.5378513726547354,37.13122315671086,37.132941675933964,0.0017185192231039537
0.4703800612807143,2.6765619051246006,36.94240736347702,36.92577549675803,-0.01663186671898842
16.64345278039562,12.782435622800087,36.917868928238796,36.91397131770081,-0.0038976105379830983
17.17878306672766,-20.253607448454375,37.271278158611636,37.404357483387265,0.133079324775629
23.102486264512095,15.14021311775889,36.892871816077154,36.94171150282461,0.04883968674745631
-31.600296081065565,-15.648464494309607,37.02505741350763,37.0070197211913,-0.018037692316333676
-18.68746948079476,-13.768599932307517,36.975200214567536,37.00635354423797,0.031153329670431162
-9.403292647368893,-10.800369182659054,37.140232464160576,37.00882987774414,-0.13140258641643499
16.764644579983006,-6.851432360471492,37.13984437067319,37.20351401201988,0.06366964134669217
16.85644958100648,14.612388547106484,36.90972635665478,36.88915063448097,-0.020575722173809652
12.90293058669878,26.314482202669325,36.849348700556355,36.79791793122384,-0.05143076933251223
-9.711362688656138,14.056851264585276,37.12700503210222,36.85133617158107,-0.2756688605211508
-0.3545286188729193,-26.444516052092872,37.304985097649016,37.32598041253912,0.020995314890100758
-27.737826017147768,8.222954614275139,36.951226766568965,36.87097201253126,-0.08025475403770344
-4.314698653253032,29.80495472309753,36.81246139416836,36.76385472276513,-0.04860667140322761
-0.5449251461227718,-18.40837617605247,37.21553104269988,37.20611109164352,-0.0094199510563584
-30.96496823901836,-27.557960680069804,37.05692397645815,37.076936030523065,0.020012054064913798
-4.083380965738172,-19.786277632677688,37.167693598202945,37.19218080527955,0.024487207076603568
6.422624609135724,-5.094106231934198,36.94603909458066,37.0778381541635,0.1317990595828391
-9.378697427289652,-3.6423055400800664,37.06526799130612,36.9547541624634,-0.11051382884271987
-4.6765647422970105,-11.248630598684898,37.09312262329482,37.06105618362538,-0.032066439669435454
18.103603293251403,-19.4373890837917,37.255317201097654,37.40129957146865,0.14598237037099437
-5.080874432924979,-18.045580426463445,37.147803709280204,37.15698226877075,0.009178559490543137
7.8183176334080144,8.71082723301361,37.0084385356044,36.896462431896715,-0.11197610370768274
-30.953211424751395,-14.635272234160688,37.013893183893735,37.00163035563562,-0.012262828258116087
-3.1413586985469095,13.946542455167155,37.27611437609263,36.857214537040576,-0.4188998390520524
-26.80661037798759,-10.293493207021719,36.95732892244199,36.979630247452214,0.022301325010225526
25.389907786626395,-2.9770934786962044,37.17323904036038,37.22989735753296,0.05665831717258385
-0.827884963863319,-25.215181704017063,37.29353941108213,37.30335371709545,0.00981430601331823
-24.636934673263077,27.27137863856295,36.84294913941478,36.762426439054366,-0.08052270036041165
19.687941885818148,24.548119614843152,36.807962267207834,36.81361931906001,0.005657051852175243
-13.212732721776781,-11.014204826311072,37.10594472523608,36.99466326611567,-0.11128145912040566
28.143846711183187,27.954827542823693,36.93039087702646,36.80217749026964,-0.12821338675681915
12.081948677499547,16.350358648395172,36.985098444193056,36.8553358688547,-0.12976257533835422
-5.0774403910575785,-26.48666310878575,37.27149859490814,37.28099383063414,0.009495235725999862
8.44849452887911,-27.19420578037016,37.33417739196861,37.42199567269367,0.0878182807250596
25.08711484449718,-7.4852386611919925,37.19146364977259,37.29318689555343,0.10172324578084613
-14.547636334844519,-2.0806388703245133,36.95478427655918,36.94153357571178,-0.013250700847400765
-5.099211268092752,0.25317486363848474,36.95800707271487,36.935461031268595,-0.022546041446275922
7.665010329527185,15.569397234367685,36.95578964585291,36.856367661849795,-0.09942198400311497
26.690052229393594,-8.753221524262067,37.206906022467116,37.32728875797768,0.12038273551056733
-10.681834645599338,-5.892961270953656,37.080336751277045,36.96683282792406,-0.11350392335298665
-18.885857477216625,2.7585566947560025,36.79824379192293,36.90987311908622,0.11162932716329266
9.050110156960464,-16.2973587481804,37.0527982534611,37.26775758281705,0.21495932935594908
-7.35037945384709,-29.9467067628172,37.28215300246316,37.30986515397766,0.027712151514499794
6.191164634757001,-2.709205648952725,36.926342404107075,37.04057489147337,0.11423248736629432
-28.18278197973263,-6.390062619223194,36.88759092084736,36.95578392931256,0.06819300846520093
-2.860792366025926,-8.271014753355708,37.062062600952785,37.03485600290547,-0.0272065980473144
-17.801891677598448,14.448404944001076,37.089007655279694,36.84260700750516,-0.24640064777453574
-23.655570014791017,5.10306107573647,36.96375856556088,36.892408189812436,-0.0713503757484446
-18.58297698529133,9.36208150774273,37.234417829281355,36.871628308927534,-0.3627895203538216
15.766098146994523,-7.427736324702622,37.13600807981422,37.202336262500985,0.06632818268676743
-0.6850927777962781,0.9433325886520976,36.93818549895442,36.934956206449456,-0.003229292504961734
19.79981240809815,-25.46729607895795,37.40807501930598,37.50624284972539,0.09816783041940624
7.412814239973478,-20.10659014653462,37.136554715578434,37.30789553028197,0.1713408147035338
4.150103756104947,-26.118185102848635,37.268500946980296,37.364685283092975,0.09618433611267818
-30.41102221044725,2.1994056486610063,36.66144898962767,36.90394780562995,0.24249881600227496
-26.527441271862834,9.70843497889809,37.019803858946496,36.863278972625096,-0.1565248863213995
25.054716979615982,18.517630670754876,36.83687306178121,36.910956910357704,0.07408384857649253
-9.652727136551555,14.681203507555594,37.11005089927451,36.84774409387058,-0.2623068054039308
-20.443822246211653,4.205074933062598,36.903564188468195,36.90020112680329,-0.003363061664906297
-10.81980780140303,14.772476358658295,37.09699286241126,36.84628212688045,-0.25071073553080936
-20.654529839343688,-6.554564567391125,36.80647377960023,36.96274174315359,0.15626796355336126
22.09863812767719,-19.688644119106996,37.32226904953982,37.443566934919765,0.12129788537994557
-30.921881420440833,9.493390082567124,36.91085577866889,36.86103046166812,-0.0498253170007672
-30.505500636524523,30.03522290516411,36.76249895251116,36.74164189568611,-0.02085705682505079
12.730302544426067,-7.2681503684163715,37.14442241668658,37.17067794248073,0.026255525794148582
19.95707009973723,16.448028847351416,36.87247408745582,36.892130034455114,0.019655946999293405
-24.7066897282512,2.053588451440902,36.72245133528627,36.90934328642925,0.1868919511429752
-8.684242530545916,-11.112674964715673,37.13244473846669,37.02036019660867,-0.11208454185801742
24.90449721266974,12.843752429132245,36.94266622304945,36.992841437406966,0.05017521435751604
17.8551642652273,-7.388286393815278,37.14868349386717,37.22192938634526,0.07324589247809143
31.55806556017575,24.879919343803593,36.94998654742194,36.88030875520333,-0.06967779221861292
16.280977004762335,-15.039484022498392,37.23872652643624,37.31910560578268,0.08037907934644295
12.770197615370776,-0.942506575200774,37.089390822371634,37.07815528604669,-0.011235536324946338
24.72869448297599,17.295039346034606,36.85838997470952,36.92576556570635,0.0673755909968321
7.327618804103672,7.123305659409262,37.01088061695522,36.907133767204556,-0.10374684975066373
3.544365071160648,24.241320412410474,36.84374344600999,36.8025429703875,-0.04120047562248885
26.016328028475364,-18.04835098430827,37.31551631284899,37.45730532260699,0.1417890097579999
28.02779554159715,29.66731496587075,36.890294795987494,36.79042982953675,-0.09986496645074538
18.674435311623583,25.20190214314148,36.83767798511916,36.80900135471095,-0.02867663040820645
-11.525694906684379,-11.34587625745479,37.13548641807448,36.99794064693422,-0.13754577114026034
16.553028853834462,-6.0474382451441855,37.13455612065028,37.18966193409539,0.055105813445109675
30.805022527720276,-28.691650863195186,37.63358794148575,37.659869620836474,0.02628167935072412
-20.57052558434787,-10.928338645014769,36.90353248928732,36.98829958609045,0.08476709680312666
6.893608910992938,18.561575539674173,36.90460657523612,36.83831416215879,-0.0662924130773348
-21.19589118560949,0.3961597473123035,36.75833857616533,36.92180065568416,0.16346207951882974
-3.7713799993428623,-24.17536643672561,37.262403688877555,37.259658306420754,-0.0027453824568013374
9.012561274330515,13.858973042144711,36.9830303878164,36.86741005750423,-0.11562033031216856
-14.531320758880206,-15.481400775785303,37.14411173289613,37.02806500781641,-0.11604672507971969
18.457575839451053,27.702649358214643,36.924397503957564,36.794253877456214,-0.1301436265013507
-27.503054238527234,-13.38430680411384,37.03175103810592,36.99708891674639,-0.03466212135952418
-31.13814023964899,-21.559673325783095,37.09298740350684,37.04183926559836,-0.051148137908477054
-13.195458848184565,-26.284343612438725,37.25502234793563,37.19963264730491,-0.055389700630719574
16.370893850949372,7.6086101708940035,37.0097747887998,36.987329981863226,-0.022444806936576356
22.65375030751725,-13.218394513186027,37.20279585154997,37.35389544581938,0.1510995942694109
5.854097728155104,16.244282381305652,36.913002791348816,36.850991275873575,-0.0620115154752412
