x,y,source_reference_height_m,native_height_m,difference_m
-10.286861355834859,-6.211632919940179,13.664371422910559,13.718078221023655,0.053706798113095644
-20.031647597615446,-3.3168529445482733,13.650221101717102,13.652566993329117,0.0023458916120144835
8.188229386262442,16.720211234426827,14.077622765514054,13.93161828751465,-0.1460044779994032
1.3124926600730618,-0.18094883152345886,13.924339808804074,13.923860292670998,-0.00047951613307617436
-13.44968046183304,-17.28140903309731,13.650825273926072,13.640145382157419,-0.010679891768653249
6.6497893686412795,-28.99697292137823,14.627630922522094,14.54555399531832,-0.08207692720377402
-16.688210176673714,21.83967915187371,13.620432600079752,13.914033498705766,0.29360089862601413
-26.239465816590396,29.694025137358878,14.042447172020092,13.912986570955532,-0.1294606010645598
-30.84400254020985,23.98483915840481,13.9431845646092,13.836834790371404,-0.10634977423779723
7.679517903303925,-18.21381149617492,13.986383650567284,14.182314681828776,0.1959310312614928
22.778757932154107,-9.897621470090549,14.1768163487763,14.178277443620841,0.0014610948445401561
-2.8425557158610744,13.026850501734195,13.868675988472386,13.918043695306055,0.04936770683366909
-10.5245007851249,22.837691278736692,13.595438337286854,13.920586184589757,0.3251478473029028
-31.954366232675056,17.35955199274931,14.026203086750748,13.754471158645334,-0.2717319281054138
-22.81179507247723,14.367273306464305,13.703881646830466,13.819438802122955,0.115557155292489
-28.197976036391246,8.103707984489041,13.691973370289858,13.695632829574192,0.003659459284333977
9.897260587953689,-27.642489543654428,14.721217258509043,14.63439661472185,-0.08682064378719367
-10.887431225584557,8.227785262916584,13.715082874648415,13.88033861216192,0.16525573751350464
-16.578475864876488,0.7482906369157902,13.562553421136435,13.740345743406099,0.17779232226966357
25.74436981135174,-14.336408076074676,14.17661755317252,14.212017298254722,0.035399745082202116
-19.215424649167446,3.5331412526143637,13.622111528916427,13.742086631596054,0.11997510267962674
-9.708911205077158,-0.580965989670176,13.728955359143917,13.797575508868324,0.06862014972440633
1.724131930798542,12.132004269627132,13.984098601991336,13.921315373698487,-0.0627832282928491
2.019133773831996,13.090580511209552,13.957731177097793,13.922511339852768,-0.035219837245024976
-25.312491439720226,15.982609027612277,13.830380172712655,13.810160471260957,-0.020219701451697603
-11.578806174449944,-28.340591455192595,13.853421317927982,13.86698280081646,0.013561482888478693
-22.347282091662642,-1.2509144094685212,13.678251836091604,13.654957501943063,-0.02329433414854165
13.515639117865476,-14.059402713908156,14.084618664488778,14.062619107635339,-0.021999556853439017
-2.34044728459439,-6.151468686731228,13.8060180200122,13.85294512173909,0.046927101726890186
-12.761682412435697,-26.51077508948797,13.766555232649113,13.79557432377073,0.029019091121616825
11.723406049442602,-13.164159755538975,14.064948476936085,14.04217650379713,-0.02277197313895485
15.146180097583887,25.18785751919077,14.052295286566732,13.94612696268515,-0.10616832388158137
-23.306042792826155,26.121949459770143,14.123382259349999,13.912184537258154,-0.2111977220918444
8.425322183185386,-30.40483071828651,14.696148603104149,14.550757018718665,-0.14539158438548405
28.66187073091053,29.15681267778409,13.999878028594292,13.96222048263149,-0.037657545962801464
-9.982283438056008,20.958217062900893,13.708214138393114,13.919256828413948,0.2110426900208342
-31.817171124190438,-29.486279419383372,13.740079237806187,13.747610160187234,0.007530922381047134
-4.6405549067625245,-19.483480736395414,13.902020465545158,13.93427945172741,0.03225898618225109
-11.878099607232457,-31.487733954392517,13.851243018189178,13.847781486529316,-0.0034615316598625157
22.033835833603824,-30.58695322596224,14.29725712004641,14.466759833245035,0.1695027131986251
-23.292188578956818,11.728253347019688,13.67803319713514,13.786227576970855,0.10819437983571589
3.7943054198160056,-2.867469413609811,13.971514350906753,13.9520924952438,-0.01942185566295329
22.57131028213132,-24.657266220508788,14.104794857416039,14.242244741473256,0.13744988405721692
-5.2678572678834,-17.68896462518645,13.874348601861072,13.849770570482061,-0.024578031379011378
-5.224615823750199,21.040450420353956,13.732241804165135,13.923648128254445,0.1914063240893107
-4.929971596568514,-24.086828919584867,14.260985603281467,14.229343305445362,-0.031642297836105726
30.580597566801735,17.61430845944679,14.21739523626442,14.099053476857351,-0.11834175940706793
26.060961124602066,-8.566035763502803,14.213284813061467,14.219521811494474,0.006236998433006846
-7.299915297953838,23.670554583511176,13.71966089029776,13.924315301514005,0.20465441121624472
-4.374997634615845,29.764486487739006,13.714466498858288,13.932869504678626,0.21840300582033834
10.115475607431037,16.30736996240728,14.127839815195218,13.932964914420317,-0.19487490077490044
-9.83144313417965,27.969769355448307,13.544756493026862,13.92618596872274,0.38142947569587804
16.06211476635908,-24.15269179293299,14.125032706438283,14.380458433967677,0.25542572752939385
-6.69890489437455,5.816010752969262,13.819694043581606,13.899010340861548,0.0793162972799415
-16.662949268075437,-22.376093842665178,13.545934757139982,13.587422597391635,0.041487840251653196
-17.46549636413181,31.829358838144657,13.590769634391444,13.923006585294457,0.3322369509030132
4.149454831306208,18.295253845134766,13.910909322016817,13.929483970603346,0.018574648586529463
1.1853791783126724,18.918878413705542,13.821525127254962,13.927401913343623,0.10587678608866113
-17.622428977800496,22.63098479615349,13.603419764595508,13.913953440260142,0.31053367566463486
-12.729964195607216,26.19653673820065,13.611492354525227,13.921841364912861,0.3103490103876343
0.21337026215481814,-24.61439493391464,14.538398761087558,14.543067864203104,0.004669103115546136
-4.677870408035204,-14.689726583703155,13.822627238527131,13.798111052621147,-0.024516185905984145
13.450242295331833,-6.820065527427978,14.136961167629824,14.066809778828786,-0.07015138880103855
-3.0971117465825273,0.4650950803594682,13.8715801637642,13.88014614188472,0.008565978120520512
-25.53138127501505,-23.261060656680797,13.64577400179526,13.672926848406231,0.027152846610970727
31.621521948308278,4.490886091018282,14.328656232828482,14.247075035931381,-0.0815811968971012
-12.131859703273726,28.42768056625514,13.588152297378084,13.92454481769247,0.3363925203143854
21.22996422064233,31.144604504705676,14.014133210851199,13.957410990688892,-0.05672222016230677
-3.3783279426928488,-1.8183819106657921,13.848979271741316,13.848515049083733,-0.0004642226575821695
-28.397460668041525,25.96398048153126,14.055070931676905,13.883843068054253,-0.17122786362265252
-27.745978473441497,20.025292381247098,13.912987357990593,13.827460562484644,-0.08552679550594888
-13.194452776543102,-20.328657904818343,13.694260419350732,13.718578725510383,0.02431830615965147
-18.84197462620409,-16.141864255045782,13.548304085429084,13.60018220566493,0.05187812023584648
16.804171277796883,2.457488003870182,14.225027087647465,14.087457992408238,-0.13756909523922722
-6.767664761009193,-27.476121834471968,14.160482227322838,14.076192213512533,-0.0842900138103051
-29.48754374630652,-9.230645000315945,13.94244070024424,13.716974342257275,-0.22546635798696535
2.3518826932284966,4.286078956743246,13.967283428042787,13.914283532680082,-0.05299989536270466
-2.2722379542996762,-11.972386937112297,13.791634927872252,13.854924637641096,0.06328970976884385
1.3823304740842985,10.854625370656663,13.982659959282943,13.919768155319963,-0.06289180396298022
13.31324180384518,6.220059471555544,14.222409878380121,14.006110771183947,-0.21629910719617484
11.020773563694057,0.6430654913352996,14.14399535211311,14.035684064928125,-0.10831128718498562
6.6286120650808655,31.325956028842647,13.850429691355322,13.944354199586922,0.09392450823160026
11.484533918826806,-28.59654643791012,14.720746965696286,14.645195579872473,-0.07555138582381282
21.199006271677547,25.706439629132,14.136088592435213,13.95211471282443,-0.18397387961078238
-30.23583151943358,27.815873136335043,14.065724530256166,13.88410205795007,-0.18162247230609552
-2.6938403597829605,21.109802556365636,13.712502476496102,13.926008828400427,0.213506351904325
27.850092214421807,21.8742519210902,14.184641768767044,14.021844775927022,-0.16279699284002191
14.774596880221871,-0.4671836057566807,14.191377292541599,14.087715011773385,-0.10366228076821393
30.266631761770583,-13.488669426907684,14.17783035606591,14.268227485174984,0.09039712910907483
-4.009993329662201,8.147476794262559,13.862529527768867,13.912258811689435,0.04972928392056808
-16.6641040053431,8.780265274857229,13.580641829849574,13.825029350028593,0.24438752017901955
-17.823553575951756,18.783255514517734,13.618197781344943,13.910043683351482,0.29184590200653915
-18.05260754518836,27.6571508523164,13.586600189438036,13.918432689300355,0.331832499862319
-15.448451380524872,-11.980793949354627,13.550625035567467,13.588218247035037,0.03759321146756989
-4.726376477942409,21.228439573496296,13.725552120968189,13.92428177215369,0.19872965118550034
17.57822741430988,21.357742822408667,14.11402217819478,13.944620581953426,-0.16940159624135376
-31.21134701930962,-9.497809931728497,13.893230885405512,13.766843945924004,-0.1263869394815078
8.242628576560577,-17.790069734328178,13.985977540561294,14.153125757741943,0.16714821718064954
-12.227745377146206,27.62418077477718,13.58894226078118,13.923679530877527,0.33473727009634757
8.971395441183475,-2.9506069009826987,14.094676015220577,14.015125926763686,-0.07955008845689093
-31.446139798467833,12.93752968852479,13.993937698939979,13.712733007253323,-0.2812046916866553
-13.94427632802983,-2.276470389703107,13.62063954736582,13.730612567884114,0.10997302051829294
1.8401679677497,1.0163628679159444,13.939524760181268,13.919945805031567,-0.01957895514970076
13.815499305140534,-15.342572716582104,14.076495001210143,14.06611021539076,-0.010384785819383069
10.785981736558888,12.141813431380648,14.225716544729327,13.929537177710406,-0.29617936701892056
25.74979610100393,-10.235329748906317,14.203453863713328,14.214647283400543,0.011193419687215211
-23.757577541301444,-1.9282848210194032,13.681453324194187,13.631190201347929,-0.05026312284625867
12.963541342216153,19.544311597683183,14.146361593200027,13.93868176120164,-0.20767983199838724
19.386712157858298,1.3173254065407818,14.23254142892957,14.130690636168946,-0.10185079276062403
27.767193059052914,-25.86691473725414,14.246709639694831,14.229716742828804,-0.016992896866026896
25.813845987992828,-4.568073118752871,14.227338602105402,14.219180193139598,-0.008158408965803332
8.132607805507384,11.094246364838021,14.145196541840113,13.926117726989677,-0.21907881485043568
-19.221221068197885,-24.206077973055308,13.58587450298478,13.611155291912274,0.025280788927494413
30.403404343650656,-22.998025812208887,14.267634697576268,14.263968149848568,-0.0036665477277004754
29.45287382983021,-23.40525642195786,14.25622457728036,14.252010223766062,-0.004214353514297997
6.097342259842641,-22.651309249787047,14.68610967634972,14.535266852470503,-0.15084282387921633
-8.679935676659667,15.581244641616514,13.709239539363262,13.915228139039593,0.20598859967633132
-23.808554901187136,-30.123382491931082,13.684081077066436,13.676610584783537,-0.007470492282898533
6.2211732330982485,-2.257948201708082,14.030711624034144,13.982127087627104,-0.048584536407039636
-15.21509694367736,-23.568664283086143,13.652847865085661,13.637990366677672,-0.014857498407989667
25.58708828617948,22.26516298573435,14.131233924285208,13.990233145197426,-0.14100077908778275
11.706902817377951,-14.447528478077324,14.057670630453405,14.042068990077553,-0.0156016403758521
-0.260025602515249,-4.776383913667189,13.877997891411011,13.902139167535024,0.024141276124012734
8.131611020074466,1.1514700688491786,14.094442612762798,13.99522947422215,-0.09921313854064806
22.39793015904256,14.748402193458972,14.257675183588102,14.028881876193285,-0.22879330739481674
-4.42808727263332,28.593337675622614,13.709095357880688,13.931686841782435,0.22259148390174666
21.630141158778613,12.648595963327637,14.295660650206557,14.041178699500797,-0.25448195070575963
12.505994459470692,-5.009229941269297,14.132131631298254,14.056659885018847,-0.07547174627940656
-20.770575208193925,6.937658793334634,13.629532196196898,13.761891145404666,0.13235894920776836
-21.611555121290102,-13.335605101494515,13.636347286969265,13.611278653218266,-0.025068633750999325
16.940311451933695,-2.9062382026333395,14.186391889062612,14.112280367168466,-0.07411152189414594
20.776248174156237,-22.80401716238041,14.092985831403078,14.2191884063027,0.12620257489962228
28.029400890198296,5.731509001877967,14.316296831583893,14.190502136767426,-0.12579469481646655
-7.822337283514344,9.334692406122798,13.792330392591014,13.909953990105247,0.11762359751423368
-7.8949892977671965,13.088801066893573,13.77712877465892,13.913524941982452,0.13639616732353232
17.35543827941212,22.489269850438234,14.115218755466673,13.94551484610833,-0.16970390935834345
5.8638713860202145,10.688190262569485,14.091040491871617,13.923668317760445,-0.167372174111172
4.904612472515417,31.94667652189944,13.833789757045995,13.943393147933806,0.1096033908878109
-13.836032135361044,6.863726445639443,13.594047115762304,13.834566119502364,0.24051900374005974
-24.954102609349448,21.793821762736442,14.14897840750328,13.875882888641366,-0.27309551886191485
29.27829377938356,3.2444569174878595,14.305380878391707,14.231370743474644,-0.07401013491706365
-11.296962623642457,8.67875825871377,13.712898976436126,13.880805819900207,0.16790684346408113
-18.02175273422843,-6.47825706688112,13.583761408231869,13.632662269568973,0.04890086133710447
-30.493565337485492,6.348174241349341,13.694789451097858,13.652606523965394,-0.04218292713246363
-18.289374113474565,-27.771753110958564,13.592299815617412,13.63927831337397,0.04697849775655705
14.102849856450327,-20.85085183017278,14.068581550429442,14.334190758116657,0.2656092076872145
28.66848727640992,-27.320434083664615,14.236525533886729,14.239905478288506,0.003379944401777024
-22.521169935155108,-29.743990723779554,13.691011622558351,13.669372002339246,-0.021639620219104927
-31.853656481636484,-2.600016457303745,13.657098161079594,13.62492441071093,-0.032173750368663434
17.429867758229776,14.293172832685663,14.26144583927434,13.973028168466355,-0.28841767080798597
-2.853404216300035,2.5965692969118095,13.886397617266958,13.905441440653787,0.019043823386828862
-2.307216343728278,-11.650440269503044,13.781333904521123,13.854075965374781,0.07274206085365797
13.087560764855837,17.883169600925008,14.171448454410765,13.937184922494046,-0.234263531916719
16.79455348087913,2.097629194570068,14.222450384365422,14.09105181947921,-0.1313985648862115
15.223310085400072,17.938411853731374,14.139589209639738,13.939173961248196,-0.20041524839154157
3.509162970162947,-26.834582551671083,14.585952579210913,14.536874235922692,-0.049078343288220694
30.62267370861956,9.461104463984263,14.350611652711546,14.183646196038962,-0.16696545667258356
30.82071967644098,-25.604709694353446,14.282295343493574,14.267477167457209,-0.014818176036365927
6.880902074327757,7.896903759762175,14.102058958409886,13.92188594302213,-0.18017301538775676
30.489358824153115,-15.152406443824844,14.194700246531776,14.269929976494996,0.07522972996322075
7.292677294642665,-31.77688594851078,14.64199356013764,14.501609191181736,-0.140384368955905
16.86499938425473,-7.891196623522731,14.149951293859186,14.107623782527963,-0.04232751133122292
15.387853064802755,24.175001081159976,14.060202144488297,13.945364774137351,-0.11483737035094599
18.476500944040225,4.024224695687813,14.247028805451684,14.091682538081209,-0.15534626737047574
-5.814397254354915,-24.796281670431142,14.20704558480549,14.153921279257395,-0.05312430554809566
-31.383681295277448,-23.186740353201458,13.755623953716757,13.822441575555295,0.06681762183853834
5.498055818395713,-6.007104072581647,13.99742102348868,13.970915828938786,-0.02650519454989464
-22.962839076005388,28.943408565154733,14.053230428573317,13.915228854134863,-0.1380015744384533
17.323276950391566,5.341492417718328,14.24933015147964,14.064043297275177,-0.18528685420446322
17.71454764013655,-10.794428433713165,14.133726229191439,14.115800228038879,-0.017926001152559934
23.4479912049497,18.93914388117406,14.224084456323197,13.998462471535717,-0.2256219847874803
19.311776517113053,26.24648218079252,14.064727648432065,13.950927577081275,-0.11380007135078962
28.460153612260356,-15.170240126408956,14.174597841321809,14.244934241271949,0.07033639995013985
22.61518872182109,-17.032068888442055,14.141243425193949,14.171804468082147,0.030561042888198386
13.677545031839962,-27.598345843952764,14.693320101574272,14.590701647692477,-0.1026184538817958
30.10165737260983,5.596009192902962,14.327781997360582,14.217155104426869,-0.11062689293371264
-9.05717276297981,-15.656170264799009,13.725233979382168,13.694436730818467,-0.03079724856370092
25.634015207616656,-20.186569905981877,14.131178079882034,14.207002206052541,0.07582412617050771
18.84734434383771,-18.3321886420442,14.111297374033203,14.124600309332225,0.013302935299021712
-31.955826044469582,-12.880625213324755,13.807842134070546,13.863328426709051,0.055486292638505574
-19.639429155740288,-2.235597135576171,13.6466667591064,13.6708121722084,0.02414541310199958
-24.263090330356995,31.21660242135526,14.046642293176987,13.9162526579838,-0.13038963519318614
16.103568035165146,2.1783850096049875,14.218870060424543,14.081797640017022,-0.1370724204075202
8.099125633154948,-3.954700546194225,14.066852579326651,14.00374206824443,-0.06311051108222188
13.369921780001043,-17.833114400789626,14.059410241666985,14.215064469913841,0.15565422824685626
-2.163655749521716,-16.10140527358506,13.877563441620289,13.861684196614226,-0.015879245006063414
28.945990844090886,29.777801236570284,13.981464868333925,13.963079549150384,-0.01838531918354036
-21.744173462024555,13.46199257741786,13.604322698452528,13.821102020789786,0.21677932233725805
-15.123672255635661,-1.7332493348973514,13.541181124558342,13.72519719164648,0.18401606708813745
19.11549018334867,-29.332746276733168,14.351013083992417,14.492040618350547,0.14102753435813042
5.230226861172703,-18.40822943431992,13.991071122871169,14.170785103028713,0.17971398015754403
-1.7639578002208225,26.06733752811852,13.759674810961666,13.931654146473914,0.17197933551224764
8.995122213743187,20.445222076372076,14.027985022138465,13.93595813839269,-0.09202688374577406
21.052154823077437,-5.474353807959403,14.192518021237227,14.160467371550286,-0.0320506496869406
-4.422246007922169,17.4223009669074,13.750024288369538,13.920870193617013,0.17084590524747512
4.19107813420537,-18.13203488379571,13.984746847135977,14.135764444015427,0.15101759687945027
19.69119845239817,31.5177739897063,13.990899820017264,13.956377992150014,-0.03452182786725011
-4.809615689032839,-18.01205470150537,13.888531937449656,13.873165101468212,-0.015366835981444282
25.832929909757205,-11.12389196030098,14.199004882430227,14.215115517038697,0.016110634608470065
-7.476675078575553,-23.415664079590016,14.017714534634205,14.019716721165329,0.0020021865311239395
-30.628759716268718,4.932849033577611,13.550708667864942,13.63609224926984,0.08538358140489777
15.978172155004842,16.715531266973578,14.186272500191915,13.938673389430353,-0.2475991107615627
24.12625452062833,-12.06405062897533,14.181729393134846,14.193514477142127,0.011785084007280844
-7.826146497928207,15.418896623435344,13.727506569821568,13.915844610840207,0.18833804101863905
28.97033642247351,29.141025899782058,14.003741442356205,13.962484736223281,-0.041256706132923426
-27.79462145125118,31.686764586518166,13.969647241650396,13.913507677502993,-0.05613956414740251
19.228949713664456,-2.841695221007555,14.2006402341323,14.14022155321953,-0.06041868091277003
28.181897054806974,27.10041244059955,14.254147854950174,13.971993867061776,-0.28215398788839785
-28.144798084113695,-22.43679590489264,13.739446811143004,13.750472907180223,0.01102609603721838
-17.080891760220396,14.50581166530938,13.621692428329489,13.881626858473618,0.25993443014412954
-24.416477976539234,-23.497970710617437,13.650425195149934,13.641408277722519,-0.009016917427414839
10.099861904895135,17.50435800313454,14.108483505278507,13.934110346666847,-0.17437315861165992
-0.5925365467602504,-25.60716839486107,14.475806283215451,14.476739163444764,0.0009328802293122607
18.45798223972963,-31.260879075469703,14.706344546051287,14.576631048252315,-0.12971349779897245
30.5148630557169,-15.155094601098028,14.195771597731412,14.27024231724783,0.07447071951641782
13.197272067355556,-11.863719942893184,14.098273718226075,14.059943963363725,-0.038329754862349574
25.651181568846873,10.305470075275707,14.332450920750663,14.11434861521904,-0.21810230553162313
-31.566603870416493,14.668172640289768,14.019085366251323,13.729899004945864,-0.28918636130545927
29.332052139752506,10.738740838121217,14.333082646771388,14.154741120560107,-0.1783415262112804
15.27023694481187,18.289866453837398,14.133143019301027,13.93955696035839,-0.19358605894263725
-8.102428288091424,19.64942939271159,13.737082106405104,13.919692559088107,0.18261045268300258
11.163086696046506,24.176742922272062,14.03060275497025,13.941537767024244,-0.08906498794600637
-10.641406943815554,24.5360647676955,13.56368094383743,13.922125537700873,0.3584445938634442
-14.393694331888803,22.668152792699857,13.60905710149412,13.916915487529653,0.3078583860355337
-0.36445643308417885,-7.475712567622573,13.85757591849196,13.899834170276796,0.04225825178483511
-9.780388554891388,-0.777592789938069,13.72863270198256,13.794256002702738,0.06562330072017808
-23.108558827622588,6.539179106997274,13.61988147906823,13.732876832278814,0.11299535321058407
-14.592592052696865,-8.105047222268531,13.597550537203958,13.647790831326557,0.05024029412259878
26.072622198679248,-9.75265491556938,14.208478969891289,14.218923751499007,0.010444781607718667
-19.051347426641975,-7.928466728239762,13.60627037041161,13.602856956146637,-0.0034134142649726584
-30.891560769118215,-0.07516467532472149,13.61264627106121,13.57976303842683,-0.03288323263438109
9.583282876118986,4.101323898880416,14.150838304943735,13.982501357345495,-0.16833694759823992
-14.974708488472025,-28.17453937362913,13.679723398206013,13.690939810272502,0.011216412066488601
-6.289147503563235,-12.0544737018187,13.752669042868682,13.759779223115709,0.0071101802470270314
1.1812589268209166,19.67158960509883,13.806789599278577,13.92812736833237,0.12133776905379356
-13.661275567755595,24.166368793303995,13.599800513030115,13.919030638785236,0.3192301257551211
-6.076400002168164,-28.89803536746841,14.179764889574056,14.103159179171561,-0.07660571040249486
-0.7134872334193929,21.015496562388726,13.720514383938273,13.927712164489527,0.2071977805512546
-25.75537872591319,-5.060261107479306,13.608252107889822,13.56921242906552,-0.03903967882430237
15.010210810636785,-17.47226361785126,14.077167925532581,14.18010174604417,0.10293382051158773
-8.151486417520239,-23.400718457221892,13.95514882497578,14.003152050605912,0.04800322563013282
-18.851090569624567,-18.901636554409862,13.557159888145756,13.56393943243591,0.006779544290154149
-3.031347936865423,6.08662225306184,13.896379980821361,13.911149256239868,0.014769275418506922
-29.581258451641432,-16.470705085566983,13.90836220034307,13.868211076419552,-0.040151123923518384
9.982526503682955,30.422584842909473,13.89337955491149,13.946518543710532,0.05313898879904144
29.34793451921005,22.276940057815033,14.196773242272817,14.035947007606655,-0.1608262346661622
-8.38931788502655,-19.738828590881553,13.812639475271016,13.855391317282024,0.04275184201100757
-12.848011837596573,21.55769282562354,13.564792960429044,13.917240504197002,0.3524475437679584
26.293991820032524,-4.936063488345205,14.227826027612155,14.224755977690387,-0.0030700499217672927
17.409204184935632,-21.249126321073945,14.087180723998362,14.24450729514487,0.15732657114650905
-11.793515991547395,-12.757214646084272,13.646418072500879,13.629438415865602,-0.016979656635276896
27.511508985365417,1.0909155496361294,14.27879625184793,14.232046449153518,-0.04674980269441242
-30.37788865000875,21.300834960400024,13.941231569152922,13.813171264660733,-0.1280603044921893
28.050214168192618,30.72349921055303,13.964954983036352,13.963183896450147,-0.0017710865862046177
14.988745658049773,18.022735425201333,14.135234378234946,13.939043075695771,-0.19619130253917483
-20.666966237229722,-25.05308124848728,13.639291298471758,13.62294122744775,-0.016350071024007207
-31.84400573846319,28.03219555533733,14.042798769139328,13.86937064809472,-0.17342812104460847
-24.017537925172228,-30.619158527063618,13.692027212402984,13.681557649599705,-0.010469562803278265
30.40519788853222,-2.3736369729419025,14.274558421849973,14.276880475894464,0.00232205404449104
-23.745415262983556,-20.457570548231963,13.632116364371354,13.665805513578547,0.033689149207193125
25.39057216951756,-4.616381660111102,14.224412445557867,14.213985312070912,-0.010427133486954787
1.7669870054706323,17.049401731300556,13.879832865764357,13.926117939900905,0.04628507413654859
-7.124661101438058,30.45678199116759,13.631970473279509,13.931048283430766,0.2990778101512568
-25.938029617504284,-2.86413541918197,13.631185959785324,13.595895734058349,-0.03529022572697471
-22.473418041664935,-16.692215142728124,13.637202557235405,13.684831551487576,0.04762899425217171
17.959594096947967,-30.6425678489568,14.69132586939197,14.566526381782895,-0.12479948760907611
9.337817211653942,-10.47132176600541,14.026136243684041,14.01487212839294,-0.011264115291101717
-2.6410097109565953,6.271481535852544,13.903362037601962,13.911682082687301,0.008320045085339345
-12.464495175677833,7.457751108329582,13.698731264360232,13.8554259144808,0.15669465012056882
-7.486551080046176,1.6163544565202486,13.799274061377702,13.845913626673054,0.046639565295352625
-12.071516899787312,-25.45535472321197,13.785125562580756,13.8235448909881,0.0384193284073433
29.192949393333755,-11.434589291802986,14.215612826683058,14.256291571098046,0.04067874441498809
-13.298237068903262,21.852314895859244,13.572623655498147,13.91711790271167,0.3444942472135235
-3.4086770694661084,-9.03111122120498,13.757069804878288,13.827821406368347,0.0707516014900591
-26.29300999393007,16.02867896940024,13.872095160539997,13.800264035644474,-0.07183112489552279
-21.9874695528811,-29.30412261301211,13.69578007602816,13.663916190706242,-0.03186388532191842
26.856820668018848,2.384295037420685,14.28483103217809,14.210729459318078,-0.07410157286001251
5.150319503845182,29.84469089399434,13.815934632921198,13.941579521353916,0.12564488843271704
21.424890829910396,-15.94049735732451,14.142262739827965,14.157831157494943,0.015568417666978362
16.717705109510284,-3.156132187496837,14.18321330317278,14.109379931881532,-0.07383337129124712
9.12974913368884,15.12473403090518,14.112195795192214,13.930925921244844,-0.18126987394736993
2.575022319811197,7.922026783692317,13.991527804706934,13.91800807742403,-0.07351972728290335
22.754762839453242,-16.91970913298956,14.142641430189958,14.17359319925265,0.03095176906269259
19.201828226345853,-17.72149260894868,14.116506445019573,14.12934657715629,0.012840132136718196
21.036015507249573,4.709420811089238,14.267182085332397,14.115810536880245,-0.15137154845215228
-17.652988658610518,-18.393824393294842,13.523445975118818,13.555858627183744,0.032412652064925496
10.423740776947213,24.800521179184685,14.012215544352866,13.941472019971444,-0.07074352438142206
-26.74276285127292,-7.822059299576843,13.643406421006793,13.615016092535095,-0.028390328471697757
5.039092595073974,-1.6194610636233122,14.01536777051268,13.968199345204745,-0.047168425307935635
30.0982124888044,-11.307300050738185,14.218230184481143,14.267517178736693,0.04928699425554939
16.5986684814025,-11.332498231761228,14.122932079182394,14.101796898443272,-0.02113518073912246
-14.327908577812629,-1.2906216525005831,13.594460354960596,13.739395305094648,0.14493495013405244
-4.364727600809097,-26.0076198230702,14.30822908424236,14.219378065531684,-0.08885101871067569
-21.707438357797052,2.5683604759226384,13.66386509919731,13.705405916218638,0.04154081702132828
15.240216779980464,-22.10625519735207,14.10087238762189,14.336981475044974,0.2361090874230829
18.07026036698968,29.016633854550626,14.007243442645628,13.952486037504181,-0.054757405141446114
17.313227866027944,-30.611054934121903,14.69456270552189,14.580914554176806,-0.11364815134508355
19.597716985547116,2.273852366946585,14.240503226896715,14.12339807322722,-0.11710515366949537
5.897861912979501,-17.100915452958617,13.98191843774904,14.068565077308666,0.08664663955962482
-5.965384368476478,13.698135658522688,13.784636148532964,13.915863939335262,0.1312277908022974
-8.837461453974768,-14.638000383442517,13.722534164240784,13.699577506832936,-0.022956657407847914
29.47688979454923,-16.101269477184466,14.174100887420932,14.256870912172147,0.08277002475121442
5.571123342966146,22.76895056656396,13.904225727466166,13.935106251390922,0.03088052392475582
14.040976385641017,-6.758271327419017,14.140937911868283,14.074055696204436,-0.06688221566384733
-29.013680333873367,-27.387243235932786,13.749628020519872,13.705070949382453,-0.0445570711374188
-6.386946441524657,5.392695484245962,13.825542188962572,13.897804197389094,0.07226200842652197
-21.19675793094556,10.28774730798446,13.593691017987881,13.793075652919756,0.19938463493187442
17.199502300450533,30.133978064497178,13.982407729605582,13.952779340209764,-0.029628389395817578
1.1201609485119945,-17.97620398070371,14.026030561343285,14.084960825313813,0.05893026397052736
0.02339622408666031,8.502888027051576,13.954806689083915,13.916258375604285,-0.03854831347963028
-11.492172836622778,26.531775324757525,13.571916589248692,13.923287875712669,0.3513712864639764
-9.746477664993918,-23.757864114316675,13.849299492069543,13.93391411514564,0.08461462307609757
10.40232508615695,13.8371138072892,14.193680398249498,13.93083181111014,-0.26284858713935755
18.461837309426727,-18.557174770430912,14.106927654471479,14.12317507919351,0.016247424722031667
1.6812097864461748,26.07101783695233,13.794437743385066,13.934779894898513,0.14034215151344753
-8.879801944442562,27.68175403840644,13.58079818503405,13.926769378712555,0.3459711936785048
-0.27097084273950145,28.917555881243146,13.763517113082738,13.935768314933721,0.1722512018509832
-16.09263943611849,13.102572436075086,13.594974758738584,13.877142888495545,0.28216812975696115
-29.39106459550142,8.568124734472903,13.771410243400737,13.687942488643134,-0.08346775475760282
30.985487636006354,28.159832187584335,14.01160093440309,13.995237361129364,-0.016363573273725507
0.08192297192680797,-18.895591929705525,14.16299340374064,14.144017171788152,-0.018976231952487765
-29.761229850729727,1.958968123524805,13.666207929674943,13.613592225335145,-0.05261570433979834
-17.402961613757384,-27.622240300151745,13.569047919566128,13.635264782549699,0.06621686298357154
-28.829750389129025,20.67666729674103,13.918101071347305,13.822920567696062,-0.09518050365124253
-16.65803801909918,-7.976645483618547,13.552145165859878,13.627583248276764,0.07543808241688588
-11.213342132020735,8.009769420428896,13.711650742166292,13.874562762175351,0.1629120200090597
-9.373228210750746,27.547911689513832,13.559203947760885,13.926192551383222,0.3669886036223371
9.004331517508085,14.96345549994983,14.110296580443672,13.930656022953318,-0.17964055749035346
14.17111932147894,19.680083288007154,14.157155729751127,13.939907657570348,-0.21724807218077835
19.260089293359897,20.43393402789897,14.11998056000632,13.945249829511633,-0.17473073049468724
-15.51663538486956,9.122481322624374,13.55315735679844,13.840832085485754,0.28767472868731403
4.012913850788159,4.009709170806829,14.01134204826466,13.915557261732536,-0.09578478653212485
-27.082408245362096,-19.970536129379504,13.668053152887564,13.757117554463267,0.08906440157570295
-0.9811222834888795,9.101651579680407,13.936482163183316,13.915928082898404,-0.02055408028491179
19.86243371125036,16.82764143681421,14.241461779321277,13.976538358538717,-0.26492342078256037
30.528007364003066,17.385955764079753,14.221149065569485,14.100767420931716,-0.12038164463776901
23.768528165803133,-17.100644897815656,14.147007317370068,14.185962099980316,0.03895478261024721
-9.4846042797518,27.626031826261745,13.55420433138325,13.926167295703165,0.3719629643199145
17.84192752460362,10.134463692463676,14.28799283169507,14.020936834877574,-0.26705599681749526
-21.588807705502084,-10.106120109138942,13.629783145284252,13.54759819069762,-0.08218495458663178
23.124412692858733,-10.86549385860058,14.177539730865785,14.181928397619199,0.004388666753413872
-14.095171313481934,-7.509883688639562,13.62118805724592,13.660816107080215,0.039628049834295354
-17.30697110779056,-19.84054993434421,13.525588057425683,13.567367376572223,0.04177931914654032
13.900110287926871,-16.416954286107682,14.070232547393879,14.102137914558213,0.031905367164334564
-5.388980669589557,-21.968210363139313,14.058328341843824,14.037281130381684,-0.021047211462139614
-4.137993596533924,-23.499631027317207,14.294723758543665,14.243039375683324,-0.051684382860340605
-4.255145429628641,-26.47292481053438,14.310382678972045,14.215169423322529,-0.09521325564951688
-8.382828065302647,17.981493562847007,13.728006521636148,13.917822633954827,0.18981611231867923
2.4717472222021115,-29.866825035397746,14.48601843154025,14.448872182618361,-0.037146248921889224
-20.511089687568962,-26.698470498552723,13.64123058757939,13.636758174624356,-0.004472412955033533
18.099943834165423,27.867386441031144,14.038617002223788,13.951399604714462,-0.08721739750932578
16.760086430939253,7.927108482321586,14.26505035408374,14.030515247153131,-0.23453510693060942
28.25647298665497,-26.05577576700344,14.253026356932661,14.235622963793812,-0.01740339313884931
-18.12249815077297,-13.833956222535974,13.548723256778397,13.535741043190328,-0.012982213588069058
-6.759012985286589,-11.129270378837454,13.731545941938004,13.7485914593097,0.017045517371697017
-18.18409194580861,-30.54994832467314,13.615973288420504,13.663091457654637,0.04711816923413359
4.533435420200384,29.362754618553026,13.812368600979909,13.940553594386278,0.12818499340636968
16.61993434060976,1.2297449246164547,14.215327582057439,14.097873705241074,-0.11745387681636466
17.70322139305538,22.64206189549011,14.116231397166134,13.945978041848713,-0.17025335531742058
27.979041440454097,0.5462673741615447,14.277698260564502,14.243361185259493,-0.03433707530500918
-26.196023505129254,-9.743742188864886,13.635235362492226,13.645221182899743,0.009985820407516499
-22.43184833437701,11.770006247492702,13.629350555487381,13.795786735782537,0.16643618029515572
-8.237938557056594,-5.795064386598057,13.716058747583604,13.745212405623326,0.029153658039721364
23.369522524744923,-23.464788432840813,14.106500706860025,14.18053109660313,0.07403038974310405
-31.065207416710834,26.042551104525636,13.989339434600067,13.856418894136821,-0.13292054046324608
-9.18496113137602,17.5462577999101,13.715656209360791,13.916674066218352,0.20101785685756113
26.42809253212951,-7.136726770759722,14.220949041834217,14.22493543507012,0.0039863932359036625
-14.080762452367097,-7.251854543850094,13.620527575078025,13.664331193245689,0.043803618167663316
-24.494055870236167,22.375623903744604,14.147148681363264,13.886956337848963,-0.2601923435143014
27.074597806666922,22.17217970719914,14.156699688310084,14.009321057538262,-0.14737863077182212
-9.779909279174504,9.186293021484914,13.741222147699201,13.902285521083945,0.16106337338474397
0.8348349201890315,-31.252461921103944,14.400553173518851,14.389900611268795,-0.010652562250056619
-7.872762605148331,15.54167120794515,13.725869328357861,13.91592130287178,0.19005197451391886
-29.619432598336743,-29.811564475257434,13.734464823963787,13.691697478711205,-0.042767345252581634
-26.538932361170936,-13.063086032181168,13.697890373898456,13.730059944527868,0.03216957062941184
-22.420189742167437,-11.345555535507643,13.634147636990015,13.586150994803205,-0.04799664218680988
-23.248400426581597,-18.273301513262297,13.638922982542041,13.682954427706308,0.044031445164266714
28.225076574605275,19.631666437057753,14.185402548433592,14.049541560620844,-0.13586098781274814
3.5695256950789656,-11.101733903397474,13.936365243099036,13.949297213150485,0.012931970051448971
23.808788972503585,4.539781765345673,14.28263100584379,14.151353116147261,-0.13127788969652876
-1.7754250905279605,30.558452090293926,13.746141547515816,13.935994521474182,0.18985297395836653
31.386621862545688,-1.7747732495689377,14.28624225407164,14.289338548401613,0.0030962943299730483
16.889406819044268,10.176388700273755,14.282570792540184,14.008895637135527,-0.27367515540465703
17.69787980556579,-17.274789509786935,14.1044563330911,14.111108401662412,0.006652068571311176
15.763207069836149,-28.393112512313515,14.633377866182924,14.542025741641117,-0.09135212454180675
14.352489057196124,10.678536123131934,14.270864788333574,13.972798556614778,-0.29806623171879565
-5.14782024514507,-8.098889074303493,13.758423706434387,13.78656718851027,0.02814348207588324
23.991052413358183,25.56615464912815,14.228785681304561,13.954509103565949,-0.2742765777386129
-21.00256521695932,0.6914757684444481,13.638109704677635,13.692872613390325,0.054762908712689295
4.855343452807176,-21.82020855427988,14.637625709745318,14.449991238755407,-0.18763447098991115
-5.101085900089892,-11.516665146309485,13.777836372178392,13.787887819313266,0.010051447134873825
-28.996946142112776,29.019679487541495,13.943272653745911,13.909834332062266,-0.033438321683645356
-14.272274632687385,-14.191798264488774,13.605731186533214,13.571866219475849,-0.03386496705736519
-28.45767565054375,-15.586913860345959,13.807583460232335,13.836638356304231,0.029054896071896152
-5.879910569291091,-10.961194961002931,13.746762675916477,13.769404693074978,0.02264201715850156
-30.17369285017736,11.724256844099997,13.907650201716324,13.713284053363374,-0.19436614835294996
-22.116621258775332,-7.097753301033599,13.648983045742941,13.581209445835755,-0.06777359990718601
-24.988721975053103,-24.915665544365346,13.662240516109051,13.636612877074995,-0.02562763903405596
28.58460322295163,-4.290292439044428,14.250680178213504,14.253266494408189,0.002586316194685523
-19.890085311286448,5.102301973342271,13.612526217828876,13.751660814136988,0.13913459630811253
3.8414494677684488,-16.052295395261396,13.929795951701182,13.957089300897824,0.027293349196641614
-6.242316496650361,28.393986445491144,13.70015290025274,13.929849575043981,0.22969667479124212
7.03137869950428,29.520282127575825,13.871565388276542,13.942969960257514,0.07140457198097216
16.50763637525936,8.86413217465249,14.27009466002949,14.01777545527237,-0.25231920475711966
-14.968088009766653,-26.107738146853798,13.686603029393657,13.673340739125225,-0.013262290268432508
18.492799926120014,27.21752872032362,14.052590347818322,13.95112608088086,-0.10146426693746236
-21.69555109625753,-14.432089202406395,13.63127373127589,13.638560655147732,0.007286923871841822
-22.158223947789686,7.105623171512285,13.618828574768969,13.748980611974531,0.130152037205562
-28.55816256596735,22.787565064661344,13.940509928224447,13.848291955537082,-0.09221797268736509
-18.264014733698552,-5.829868367414086,13.600198744507498,13.638545121752017,0.03834637724451895
20.15334071975738,-9.861520842801745,14.154889351675555,14.146222699389941,-0.008666652285613807
-11.767105084359976,20.431045853747506,13.562429026072506,13.917128636688116,0.35469961061560973
26.29959582013599,-2.180710977994835,14.24753249962026,14.226890790824411,-0.020641708795848146
-19.208682587506686,11.39712701880699,13.593381110125751,13.825958653632762,0.232577543507011
-24.3230407275926,31.45245054530318,14.048553025338641,13.916426805806381,-0.13212621953226034
23.62634174606753,-25.057264956615946,14.125905066526482,14.231198941233611,0.10529387470712948
19.675854292857387,22.14345651041235,14.141031481587781,13.947282716447365,-0.19374876514041617
25.433305336921016,20.61173170993567,14.192086548956425,14.005409925535012,-0.18667662342141256
-0.9814367926242156,3.7634771831477636,13.916054114104853,13.910756441427859,-0.00529767267699377
10.526074866187479,-31.376526808000584,14.718000411987306,14.570923907841914,-0.1470765041453923
-10.727128235405026,-19.333863036041237,13.7402811695053,13.784296709010194,0.04401553950489401
19.7536594849877,10.110000686451365,14.299292021291825,14.044488342894258,-0.25480367839756646
10.644603069896782,16.531939409285407,14.142922200370386,13.933661987834839,-0.20926021253554694
21.055516201808572,15.47193535958283,14.245003475324264,14.005059770313844,-0.23994370501042006
4.313239347597481,-14.222183709615571,13.920642691703586,13.957951984060772,0.03730929235718605
-1.7405533519678045,30.42318531533632,13.7456684527553,13.935895084299013,0.19022663154371244
-2.007338656889303,29.712357674856776,13.735726149998989,13.934964695839712,0.1992385458407231
-31.982098456290622,-11.908070822248035,13.831850504885853,13.841687122813688,0.009836617927835078
-2.636802569174158,25.74346233809819,13.762425242015881,13.930549376811719,0.16812413479583732
10.417770199515964,14.649528402087412,14.16755217824706,13.931632834882834,-0.23591934336422682
26.819006471077763,-23.201293702516168,14.211642933344265,14.219708208611072,0.008065275266806893
25.396928575424994,21.588711669760613,14.150875696165254,13.994891477918587,-0.15598421824666708
16.923871903707862,-29.71571232918901,14.66476336070831,14.558306558058945,-0.1064568026493653
5.337576360389363,-15.548467877134364,13.938770735680166,13.96968671034175,0.03091597466158369
-13.148369029551127,13.61186282982365,13.559898200995608,13.909270782683361,0.34937258168775287
25.729524139416597,-19.109253242234892,14.145446394786148,14.20885148269017,0.06340508790402133
-23.750159080142453,-8.810692089954678,13.608532033407927,13.561755536471951,-0.0467764969359763
14.482518175222069,-19.22164817651818,14.067650481556758,14.262024554202227,0.1943740726454699
7.138412243187815,-21.336905286832653,14.186799781961618,14.438499483360205,0.25169970139858755
-18.490126909687703,-2.624383049463802,13.614806031020077,13.67792122643717,0.06311519541709387
15.235706779563579,22.501077809386203,14.113564237740414,13.943605278396822,-0.1699589593435924
19.76821022651319,-20.57624959927582,14.102364658969543,14.16387786213784,0.061513203168296116
-8.455733128312012,9.956528515341475,13.76867090946427,13.909982378851703,0.14131146938743377
-28.315153241021925,13.077649736453715,13.882545372929332,13.74739505035701,-0.13515032257232207
11.689996643742319,-19.76223676598027,14.042488769127768,14.358001600164911,0.3155128310371431
29.27581696624882,22.625609069235267,14.179989536084046,14.031472425749667,-0.1485171103343781
-1.1266871981786508,-0.4270098397523512,13.891290984132741,13.890499685520021,-0.0007912986127198707
-5.932942694376621,9.589917586884802,13.83081876074975,13.911913503345517,0.08109474259576643
16.98941010163179,15.640322298307154,14.235440126080317,13.953767611912344,-0.28167251416797257
15.769630174005627,-22.123819639755986,14.101634048736571,14.318053098841458,0.2164190501048875
-10.020481856464926,5.710926251433172,13.709985075133897,13.862702578199908,0.15271750306601106
-8.300637893129341,-11.47053401933173,13.711068871185248,13.712095548282706,0.001026677097458517
11.729068662181184,1.774003310008034,14.161256903134415,14.032653615185874,-0.12860328794854148
14.385116931867216,13.190171311281524,14.284886403569022,13.94729497095954,-0.3375914326094822
4.999978054671402,-19.82463508909229,14.067800272689736,14.28714409785564,0.2193438251659039
1.6185640597129947,0.15594237503552932,13.931354967083433,13.926118093735198,-0.005236873348234639
4.882475549339354,4.111708409192758,14.031084632090005,13.925103177787772,-0.10598145430223305
-1.4133200098822556,28.23685154795605,13.774668878470155,13.934073628678126,0.15940475020797074
-21.861140425653005,-6.850230399243344,13.652287717885075,13.587141478725599,-0.0651462391594766
-3.9170513393476654,-0.008315511281026033,13.858945992455052,13.866395375867404,0.0074493834123519065
-14.774711946089589,16.869140456878448,13.573772300331783,13.910952397116457,0.33718009678467453
26.25530161384207,8.539129291593973,14.326305686429006,14.139926717599137,-0.18637896882986915
-30.49315802753363,17.602385745072723,14.000940602413339,13.772538530241748,-0.22840207217159048
2.140195737100896,-19.68583040868146,14.505060913560182,14.237931168156129,-0.26712974540405376
19.413987691841818,-12.412106774644649,14.135559034210672,14.135298894913339,-0.00026013929733359475
-31.919484621077252,-14.17218298689523,13.816004206503088,13.892031369521744,0.0760271630186562
0.1223332126026051,-2.068754913752869,13.898055756470535,13.909520837475464,0.011465081004928379
-4.627472248250207,-12.675247626335612,13.797532849814827,13.799178954096218,0.0016461042813915583
-1.5912920604476213,-14.426498475961651,13.867743763232054,13.871207925472895,0.0034641622408404515
16.64752223532635,-31.92384376059259,14.697902487177306,14.643741640558316,-0.05416084661898957
13.702082683290712,-9.087915412596118,14.121596816093565,14.068178196143158,-0.05341861995040631
28.091375063669382,23.410559429034365,14.132120732495185,14.008942239476553,-0.12317849301863149
-2.6894403708355483,-6.950561343392749,13.766744801984691,13.844728291299795,0.07798348931510368
-13.323723722485255,5.944270823622581,13.647507121020459,13.83019543777915,0.18268831675869102
-12.337468263030523,24.711137038155066,13.579137537372826,13.920758083392341,0.34162054601951475
7.174254442886301,17.856077426811282,14.006681221096517,13.93179974309609,-0.0748814780004281
-26.46919000252207,21.749657808735456,14.010047363399387,13.85936180943512,-0.15068555396426753
-11.408093659588097,-3.4796690918627533,13.655892726417203,13.7418010699404,0.08590834352319732
-15.531642130529256,-21.627812899014017,13.614993117771853,13.604095132411079,-0.010897985360774243
-24.659026127626277,15.215874544217357,13.797707444387404,13.808912605072276,0.011205160684871984
-16.728630576550202,19.7595657808469,13.626913964929175,13.911981757890196,0.285067792961021
2.18565517402309,2.4169791266441294,13.95420554684723,13.912322198530395,-0.04188334831683527
-3.3597678046637753,8.919024104217513,13.872097890305586,13.913595515027984,0.04149762472239793
9.925649824197542,-30.941166861077498,14.718054840956848,14.56834218753774,-0.14971265341910822
-27.949919513543662,-11.593553308140109,13.810054429194262,13.732156336661633,-0.07789809253262803
-12.230296388716077,5.4779535605730985,13.705170690335255,13.836809740261895,0.13163904992664044
15.03146499161575,-9.723452063293223,14.125124748342213,14.083903390537847,-0.041221357804365866
16.712140984910555,27.688960762974276,14.02059106025602,13.949969058506706,-0.07062200174931377
13.951192482877268,12.198508496065912,14.279509405548756,13.952233039519387,-0.3272763660293698
3.8679724107111255,31.021350394387056,13.848378866702037,13.94155728319177,0.09317841648973335
14.737217821190882,-5.252171602719258,14.156405978816318,14.083670713493724,-0.07273526532259389
8.348746607635775,-22.74039685334367,14.493648574051841,14.570160328342725,0.07651175429088397
20.882396258335746,-12.428162976061948,14.150917223801436,14.15334690207072,0.0024296782692836416
-28.459128814440596,13.004646287120643,13.8814639147914,13.74509186611915,-0.13637204867224995
-23.515072244703433,1.0322756753953044,13.659520421425796,13.669887391073605,0.010366969647808588
24.338620176478962,19.42171343708423,14.215531650680056,14.004340513580907,-0.21119113709914927
10.103162898553528,16.807365241318337,14.123161784790446,13.933438126454341,-0.1897236583361046
-15.167026931305578,27.245398626177234,13.622635829072964,13.920648861762613,0.2980130326896493
10.89656609560592,-11.990237981061405,14.034294704691797,14.032697829211333,-0.001596875480464277
-8.09693044909968,-29.482645391998403,14.078185641308966,14.014854583598579,-0.06333105771038738
-13.26567464635015,-27.19704048616071,13.740799622849998,13.774415172316804,0.03361554946680556
5.053547036241383,14.521770594879875,14.015497582089406,13.926647742265384,-0.08884983982402161
-20.329523548751354,-28.18201385177108,13.64299161130257,13.649090411205313,0.0060987999027428685
0.44760983280035305,-2.1674362926311943,13.901366963742152,13.913227026616394,0.01186006287424135
-6.853465520892847,16.54720892389261,13.742788291831387,13.917819155516712,0.1750308636853255
-7.0629309300366,17.62512647695616,13.753063205546098,13.918673560119206,0.1656103545731078
26.472667535210036,-20.903689812286387,14.153493311944782,14.216879912894596,0.06338660094981385
-31.4926434647952,16.82378203439987,14.027913347060476,13.7536532355989,-0.2742601114615759
14.683394885860544,20.792028958739714,14.151949333338457,13.94144910466909,-0.21050022866936757
-2.33811393449502,7.682014727010454,13.904410727288905,13.913323036013656,0.008912308724751128
-0.6808512076323012,8.954986052474617,13.943341890822431,13.916058121331417,-0.027283769491013743
-0.0793531334470643,29.486509115932478,13.760716482088597,13.936493141928873,0.17577665984027568
-24.95560863122929,6.430287736909911,13.619712830506664,13.712149274759362,0.09243644425269792
-23.398358198875073,-31.59071735413633,13.706310747283965,13.688101828998114,-0.018208918285850473
-23.672656636460573,-20.22097426452573,13.630034394559356,13.667182887796024,0.03714849323666769
-30.86332215639181,12.32782118331729,13.95742741797583,13.712410025390449,-0.2450173925853818
7.4326559100993705,-6.075070509486821,14.037641526893925,13.99402919102222,-0.0436123358717051
-4.381119565389106,29.225495134124202,13.703964501732647,13.93234180880505,0.2283773070724031
9.556547167850333,-2.8698969375166143,14.098896253391418,14.02231799590504,-0.07657825748637848
24.048858242712804,-17.349038898459007,14.147198897847396,14.189258417801863,0.042059519954467106
-31.73320160093749,-16.779037216029614,13.937763308703472,13.918615608555386,-0.019147700148085534
1.0146560477986313,-19.73384434578017,14.46834163092336,14.225347275620804,-0.24299435530255664
-6.5627624019222495,23.986956136926857,13.724023111567607,13.925289860330906,0.20126674876329886
6.90119006840073,-1.175088861319061,14.049328729827199,13.991226937312645,-0.05810179251455416
-21.718034028463087,-21.312434469935177,13.65023167514886,13.602713193819385,-0.04751848132947423
14.607403338162953,28.968508809785305,13.968947735154272,13.949301202184689,-0.019646532969582964
21.07777194007428,-19.12235545926434,14.118542264495435,14.151568594850124,0.03302633035468894
-24.745963650641222,-12.946224080350177,13.637092016062093,13.681882842478052,0.04479082641595866
28.207254416327167,-5.064698151940711,14.244865096479394,14.248136383656066,0.003271287176671578
-3.991058538490634,12.042144225397713,13.852266717319317,13.916048930417846,0.06378221309852883
31.044842277268877,28.85033113692117,14.002081932935614,13.988839975404714,-0.01324195753089974
-17.45224890480108,-30.73031989080721,13.597617913377492,13.662417166322342,0.06479925294484978
-15.091984858002768,20.03859674448946,13.601601035184368,13.913735279318658,0.31213424413429003
-25.181162798867163,31.386509095292354,14.070050036767729,13.915585251899593,-0.15446478486813575
21.128721252803878,10.240460861213244,14.308455368846845,14.059901537637286,-0.2485538312095592
31.935448051131836,30.99804882629941,13.997655340791368,13.977545894601956,-0.02010944618941224
-10.79153688398629,-5.6384672701304694,13.660572176428538,13.720200879521382,0.059628703092844404
-24.627680551935,15.702140535256454,13.795482806168112,13.814426444231765,0.018943638063653623
20.313468387521155,-27.04486451995347,14.181261969544025,14.38164036125533,0.20037839171130578
17.866810063019706,-25.624180893196908,14.150658239296614,14.389659514113491,0.23900127481687683
24.41854732779766,-13.803621281483892,14.173467505868485,14.196026100672581,0.022558594804095833
-19.80139037912231,-29.075577503134944,13.643152919517846,13.655235837594548,0.012082918076702143
0.5962828077195397,-12.496190733993394,13.861343887890843,13.915563728858684,0.05421984096784094
-17.113617117187225,12.339179287482445,13.609970055794342,13.858191997947033,0.248221942152691
16.394734854911427,3.2408947948875735,14.228295462996062,14.074389103471955,-0.15390635952410747
-17.88657858457082,30.964421862659727,13.569725184871517,13.921787071837185,0.352061886965668
24.549822306022513,-26.557931047233943,14.19168017510785,14.262590428903621,0.07091025379577154
-17.85827794567495,22.193861385069567,13.60239488390763,13.91331623882852,0.31092135492088957
13.255901495955825,-10.167031090883263,14.111366146186803,14.0619310261638,-0.049435120023003876
-17.365741677677093,22.1215631036234,13.612603023693843,13.91369256086124,0.30108953716739606
-2.317270978242661,25.083317174626977,13.75743948844178,13.930199436688888,0.1727599482471085
-27.15977360211827,19.728323456755113,13.912093071928744,13.830506095238608,-0.08158697669013648
15.978273747374466,-12.709518816942143,14.108903341581463,14.09320307218342,-0.015700269398044142
-11.159724445700263,-19.1438271177855,13.724038887248422,13.766673817201525,0.042634929953102585
0.5764264202783451,-18.519441996662827,14.136334209401902,14.120875177627095,-0.015459031774806675
-8.741804659238845,-20.400940607185788,13.803090204778353,13.872740009450679,0.06964980467232529
-28.100364377767484,18.14048539645941,13.927836069695484,13.803621312379045,-0.12421475731643916
10.037727977164849,5.0209361700509305,14.168087008054744,13.978556405468046,-0.1895306025866983
2.115250172506734,12.770466827184691,13.969011297196358,13.92228833520767,-0.04672296198868864
9.973490294607075,-20.153915674328495,14.030149728264647,14.37137736874475,0.3412276404801027
3.6470822771818163,20.576868951674427,13.87771204599125,13.931239010110632,0.053526964119381404
10.818099512040007,-17.533598118683095,14.004681592448101,14.160878123918835,0.15619653147073365
28.031052212001377,14.528699999147463,14.267043082795704,14.099801230092558,-0.16724185270314607
-5.0746716455328595,18.434210279143812,13.734080194756414,13.921259220029157,0.18717902527274255
-24.728763903066415,-9.00667788844217,13.605235971242722,13.591083058106454,-0.014152913136268097
19.803586664999592,-2.9078664212506595,14.203558923579209,14.147175312663745,-0.05638361091546429
21.448891490018603,-11.952067497873976,14.157606278821675,14.160619434284682,0.0030131554630070667
-21.53252211797635,24.059937367068166,13.74464861063923,13.91179421615493,0.16714560551570123
24.55160870533836,8.249935799385277,14.314058970577978,14.12214526816515,-0.1919137024128279
24.79494636829603,-5.974547104389316,14.210947830063565,14.205707498535316,-0.005240331528248987
-31.048631372485723,-11.274437012801457,13.858669674051367,13.803466420057958,-0.0552032539934082
31.919767614903563,22.201324135949058,14.18506422876084,14.068071012654663,-0.1169932161061773
11.354946594587894,23.606760981268955,14.048071280561382,13.94115947005195,-0.10691181050943221
15.742870372990112,22.18739805890867,14.135096969455365,13.94376101814509,-0.19133595131027548
-1.831856354936697,-12.836236342424428,13.840436705865356,13.865410167363839,0.024973461498483118
19.459620704377606,-25.493483909020455,14.138479318801775,14.346767810098104,0.20828849129632943
28.797362956416507,30.519921211418897,13.9674771780577,13.963663783852814,-0.0038133942048865777
-19.972902446114745,18.86567886871881,13.596391160825545,13.897449455156256,0.3010582943307103
25.626838370138366,3.6066929110780066,14.286234551276213,14.183133071990568,-0.10310147928564461
17.738741088687327,-24.48202687058332,14.131009849178888,14.351972547815448,0.22096269863656026
-5.134127046537223,-6.413640653745375,13.741413796638943,13.786786218126009,0.045372421487066106
-20.431941630332247,14.899375402189769,13.596104535169882,13.850320587483253,0.25421605231337097
-10.163994453035585,13.872354779084453,13.720746546405847,13.912227723719175,0.19148117731332803
12.720043640212744,31.669705108253837,13.909745581807913,13.950207566372564,0.04046198456465078
10.462635660306155,12.91741170753118,14.220540974206138,13.929995506158821,-0.2905454680473163
16.3964128596429,22.884994451840015,14.11697856094294,13.94502908752927,-0.17194947341366884
7.319346050917737,-14.731534569192519,13.969601111775797,13.992178282239765,0.022577170463968343
9.886484991238106,21.394298740012204,14.03833485047575,13.937685353927696,-0.10064949654805311
12.970109992038864,-29.837458272153206,14.735936540864126,14.648277769105144,-0.0876587717589814
-26.10280512661356,17.298373062987018,13.891903882234907,13.815809196142393,-0.0760946860925138
-11.043755370494218,-2.006649886946562,13.698723638164704,13.764856060204554,0.06613242203984981
-14.747385744784907,-31.91709510554157,13.712149552581273,13.723184799545068,0.011035246963794876
-7.136492822592551,-0.6579472593613644,13.774916277841278,13.823823903937107,0.048907626095829215
13.46900904003735,-15.612435384801621,14.072527179857666,14.062185755041973,-0.010341424815692335
15.811639266661643,22.90944904759518,14.109196229724379,13.94452282685027,-0.1646734028741097
15.820789464217093,-18.810846209179296,14.082076088264426,14.197931663255567,0.11585557499114074
-31.211412777968683,21.56369458534906,13.940532913569218,13.807142216308522,-0.13339069726069575
14.574903809367008,-12.459261921058776,14.102234589924006,14.076287193735865,-0.02594739618814046
11.162706307702905,-25.347920940765327,14.645967811826432,14.603281464332786,-0.04268634749364608
-29.623502645929563,-23.092082680253377,13.760413344928235,13.779066753122011,0.018653408193776144
29.515921847666718,2.472017842878074,14.301399493513486,14.242232613513758,-0.059166879999727584
-22.155945147287156,5.23852989559942,13.63451679997455,13.729108540295908,0.09459174032135742
-9.11565594195725,18.175243980384103,13.718508310052815,13.917346204408597,0.19883789435578159
-26.030653470764904,25.35302235506073,14.021965203682228,13.9024059092652,-0.11955929441702828
8.028925281904804,-22.369613340384248,14.376662987323229,14.535376545673945,0.15871355835071554
1.3562652308548522,-8.494175628871623,13.881220978675367,13.92395840297778,0.04273742430241256
-13.054095704241256,-29.6165764789367,13.764879011449203,13.800808969796723,0.035929958347519886
26.348365927948052,-21.798660324771987,14.166428023883897,14.21479009278488,0.048362068900981825
29.972094195671936,8.968463936656782,14.351612035726765,14.18079761366298,-0.17081442206378483
-23.74006699952819,24.949348391165337,14.071854461762886,13.910655245535619,-0.16119921622726707
31.63187220981765,-14.709376637684215,14.226241247885902,14.284274066184828,0.05803281829892626
-8.658040691496403,-24.266010791724533,13.984994625516968,13.996900154041956,0.01190552852498783
-3.018113910888111,-16.361536855188916,13.873933904672253,13.851540575927858,-0.02239332874439448
-8.9749151870218,30.72856084247657,13.529743168390237,13.929634776427912,0.39989160803767554
7.532043854293626,-24.64213086742909,14.697323451500647,14.650175063604461,-0.04714838789618625
1.018438295708087,10.996171072711967,13.977287376329853,13.919575500432176,-0.057711875897677345
-26.19879550770107,-16.20717061459814,13.642739458117534,13.785971736384015,0.14323227826648122
-17.640539431474657,-19.42402352975696,13.52469689156995,13.564770356423654,0.040073464853703555
-31.210598664373208,-24.824480525558577,13.768546416198618,13.795735393947734,0.027188977749116106
-8.188239501126255,2.7458666815332577,13.78565785682659,13.850516479610032,0.06485862278344179
-26.752659304846937,-1.7737922033368392,13.625880764592269,13.601474285839544,-0.02440647875272539
-3.3064684915068128,-14.578958368046806,13.84610876565912,13.830589212505435,-0.01551955315368403
-26.516106833598776,-27.58919419769854,13.658369780017255,13.662886701770402,0.004516921753147329
4.670097190660627,18.134561356755114,13.91994364120475,13.929800131893392,0.009856490688642694
21.670183780203992,-16.382870797156862,14.14126365677113,14.160574843545538,0.019311186774407574
11.63008800693462,-24.269564868932157,14.262420424185121,14.54753372050387,0.28511329631874816
-11.789159273283616,-29.806749446340675,13.847738360884723,13.854979007446962,0.007240646562239661
-10.995898477106934,-21.999180971348352,13.769980131287074,13.851401097889273,0.08142096660219877
17.98197231858132,-6.436803148375567,14.16683429214424,14.122327685271427,-0.044506606872811716
-11.836923333220348,-22.969525777376568,13.736118025105943,13.814573318322038,0.0784552932160949
6.876988877428879,4.5843638913650295,14.081881527195378,13.944537049313963,-0.13734447788141502
16.623267264032584,2.0489301894055387,14.221081850002543,14.089466477202153,-0.1316153728003897
-4.388983030637149,11.537663466543393,13.848288417209382,13.9151995956117,0.06691117840231797
26.705738211677705,-22.776999262176588,14.200612136793174,14.218578777192421,0.01796664039924778
-29.09948905051518,-27.77946454024915,13.75176661994434,13.701904330295928,-0.04986228964841111
-0.6410165358668323,16.42087820817035,13.832615306890204,13.923326804528536,0.0907114976383312
23.74996415619308,12.405380865585293,14.298412604162763,14.069522197977255,-0.22889040618550816
-15.574704699348707,-15.213148897614126,13.551637147817559,13.54475912551924,-0.006878022298318243
25.593132514252588,9.922144967141591,14.332936157139805,14.117594182543806,-0.21534197459599902
-6.023677525216279,-27.298034573498434,14.207951338296091,14.10863283757805,-0.09931850071804149
-25.598696490913852,-9.068336421578586,13.602058555000344,13.614571890126898,0.012513335126554281
11.145995815082983,22.77902551395365,14.06492948001545,13.94016823967406,-0.12476124034139069
19.647930657398724,9.068770380891827,14.29043771961122,14.053937460334101,-0.23650025927711837
-20.505500293104376,-2.655470093893804,13.658755963616024,13.656165761608872,-0.002590202007151987
-11.449849317225805,24.779014918351066,13.561212634816867,13.921628244758416,0.3604156099415494
27.65540869346988,-15.34227499301808,14.179411086602745,14.234918297667711,0.05550721106496681
-24.85463113562571,14.898030897373424,13.807581588887327,13.8034533931571,-0.0041281957302263805
24.083606446904234,14.088862777520404,14.270573188480643,14.056227556178465,-0.2143456323021784
-24.923490832721768,24.86885586667097,14.05960096869756,13.908975514320066,-0.15062545437749364
6.299260656433923,-31.974054734450092,14.597297019189671,14.478816018729505,-0.11848100046016619
-24.087074492168213,-11.180237510182721,13.608537996976901,13.624656213128585,0.01611821615168374
4.628691280014991,7.299831442192534,14.043216256585815,13.919266463182138,-0.12394979340367662
6.262551992287072,-26.643054868918775,14.680059118381978,14.585740408187638,-0.09431871019434013
-15.742173859170727,-5.99781314459711,13.536050606282622,13.663072343138879,0.12702173685625695
15.869294636520003,-30.057901273851314,14.674585977221792,14.597519281074112,-0.07706669614768025
15.327370705931088,22.808955943201326,14.105833498395278,13.943986605772226,-0.16184689262305163
19.29055195089674,21.540296697629756,14.12595113329882,13.94634922513133,-0.17960190816748955
18.8048549748857,-20.490839883472326,14.098488770048,14.18395032894416,0.08546155889616003
30.036082507903444,26.290948167179444,14.18450198296722,14.002939352591035,-0.18156263037618459
-21.154400253396723,-26.071126137377384,13.65755290754377,13.633278259094494,-0.024274648449276626
30.485403132659663,-28.84416004726679,14.231271259798161,14.26132392604133,0.030052666243168602
-25.09649529166653,20.764137846261967,14.08192147013383,13.863401846928138,-0.21851962320569207
30.855308156093777,-29.531536086927503,14.237221097259313,14.265448771617574,0.028227674358261012
0.3052365853616976,13.66530193764087,13.915871302740403,13.921514881907573,0.005643579167170287
25.42536077366462,-8.562160729211442,14.207328011018712,14.211698404069988,0.004370393051276622
-28.118724678099404,19.879034738723107,13.912240732978237,13.821953224375903,-0.09028750860233359
3.8586205181602367,-11.21433650938571,13.941467888195515,13.952592704425909,0.011124816230394075
22.15717739001321,13.36233485833639,14.280997470170432,14.040241521214192,-0.24075594895623986
26.394736371510675,-11.07052835732457,14.202480244305676,14.222066111350896,0.019585867045220695
-7.757792071628835,-25.44563057657757,14.084971684638663,14.037553955757852,-0.04741772888081108
0.6253278458116043,-2.7031509021178195,13.900285029227945,13.91528205117749,0.014997021949545442
12.208759878140448,-31.727534005083818,14.721322612019291,14.595703797464656,-0.12561881455463464
3.296091178623513,14.010970685469914,13.984574561091105,13.924560210482177,-0.06001435060892746
-30.29372444776059,-29.746044782986864,13.749463578191623,13.70541339769373,-0.044050180497892555
-2.73985437804901,-15.293550261880682,13.861494101572283,13.844055546311331,-0.01743855526095217
10.790583970481094,4.615541486472232,14.18228936493248,13.991912470560994,-0.19037689437148586
28.67075501459056,20.111485824961044,14.182162881411648,14.050025129170411,-0.13213775224123658
-8.15519353957756,11.60033661558385,13.792058315956758,13.911847181951105,0.11978886599434624
10.573710871447588,27.41445555548941,13.954549937465384,13.94414017929663,-0.010409758168753669
10.341531071914204,13.645300617811586,14.197212873338302,13.930590897507427,-0.26662197583087455
-12.977713417414364,-12.353610296173748,13.624445186715395,13.609534364312251,-0.014910822403143342
2.639710886323371,-25.57567686499751,14.579170794670596,14.55500168852004,-0.024169106150555564
31.745333807879817,17.125097854607013,14.226618664423405,14.118293684157901,-0.10832498026550397
-2.975922653739488,-9.623676011852439,13.752768392553257,13.838109311890287,0.08534091933703003
-20.979091692391677,-15.352575323941025,13.619241153351345,13.641494148187336,0.022252994835991302
17.542469017413808,-20.946843155107373,14.088067230721753,14.230521208679962,0.14245397795820836
0.3990449099934068,0.04827427439032306,13.913049194697876,13.912365531385895,-0.0006836633119817748
7.798643836200256,20.404474273342466,14.00071031148547,13.934834355428858,-0.06587595605661178
-23.981672838177964,16.61320715685511,13.775028300948538,13.830978642135788,0.055950341187250174
8.258703756159633,13.60310824542399,14.131707280724585,13.928662461391774,-0.2030448193328116
-21.489447346117906,-13.421532407946785,13.633360263656268,13.61015112601502,-0.023209137641247324
23.602195999325303,4.885772685664712,14.283813463730368,14.14526723292086,-0.13854623080950823
23.497190744779246,20.27387436673849,14.169816529166196,13.985297682795006,-0.18451884637119065
-18.68323187019292,-20.82628997003917,13.569659062421499,13.58014579171718,0.01048672929568184
9.840817031119734,25.831192597067535,13.980710138645268,13.94194220826286,-0.038767930382407556
28.549556097477335,-28.886720100982373,14.217240962704942,14.249705477264353,0.03246451455941113
15.48451854876646,-22.680951901796995,14.097574389161087,14.34846706710032,0.2508926779392322
22.273648440886426,-7.329412227140203,14.186246077138147,14.173963031202948,-0.0122830459351988
-20.330179974017426,3.1662847196201795,13.635694323034537,13.726367877443705,0.09067355440916813
22.48702633122783,-17.779083611067044,14.135474118271237,14.169759584446325,0.03428546617508843
29.64202998577941,28.27854317850511,14.025277554147399,13.977639763923353,-0.04763779022404613
1.9337535708855427,28.15381732714549,13.794697332338224,13.937026474709286,0.14232914237106264
-31.801858366864067,-8.77537104060844,13.90471296307212,13.765257229303133,-0.1394557337689868
-4.384416259437899,13.768175013399258,13.808659255594048,13.917364542309114,0.10870528671506641
15.354109294944742,-21.74904159879312,14.096626308800452,14.320026509974907,0.2234002011744547
-16.9464940079232,-4.944287797399987,13.577050218821745,13.664042828743696,0.08699260992195157
-8.576592956933773,-19.248501386127543,13.79710330031805,13.831924414381705,0.0348211140636554
-1.5979079951405453,-27.385910014261867,14.377588168362054,14.367182492469485,-0.010405675892569022
19.701973985535112,-1.877164472913691,14.211071711646857,14.146709934594023,-0.06436177705283441
23.48922882831109,1.0895101484477365,14.255562050130216,14.183039402939174,-0.0725226471910414
18.729262581883127,-20.681210693962697,14.09679125426883,14.192558404675598,0.09576715040676831
30.634612573538618,4.848450801806756,14.325595508660374,14.23135969184637,-0.09423581681400428
7.46559455164617,-22.24023018895278,14.44902138923886,14.51810047389701,0.06907908465814927
-7.800210920672974,24.507921696476657,13.72902393766772,13.924673107996602,0.19564917032888296
0.48337984805054646,-16.702762303746162,13.935102747572905,13.972817486305242,0.03771473873233688
-20.00783819475503,-30.462343440225915,13.66772183824494,13.6679156131084,0.0001937748634599501
30.504162163898236,-1.0365453620599823,14.28182478551724,14.278992067350964,-0.0028327181662763934
-23.128540142598325,-9.010433251979116,13.615153570246965,13.550563518835704,-0.06459005141126184
-2.4834564121037843,13.017381921987429,13.870586085885874,13.918359956363455,0.04777387047758097
21.438845841177148,15.44183538448214,14.245682946243871,14.010042006286875,-0.23564093995699587
-26.991912272640242,-7.771001265791369,13.658166701275325,13.620167115452336,-0.037999585822989346
-3.606734417939734,-1.143716257733665,13.85450627909163,13.854887104776358,0.000380825684727526
-21.63103479875398,-8.93279229351485,13.641877991156726,13.562440775525834,-0.07943721563089134
8.130927105991262,26.361214638118263,13.944180847137408,13.940906079370482,-0.0032747677669267006
27.946991350398974,-14.970035812091211,14.185890000852371,14.238741058619231,0.052851057766860166
9.810330422534257,12.398100710191187,14.1996798927585,13.928901272008417,-0.2707786207500824
0.923471064486975,-3.7809400310287344,13.89811700307468,13.918740792110478,0.02062378903579898
15.869316366437033,21.77358029618547,14.144587916063074,13.943474723869013,-0.20111319219406099
-14.352140463805938,-29.826789513870587,13.695286491953334,13.738795675193193,0.043509183239859084
20.097981807220933,4.240293445346438,14.258269553584935,14.10921612712037,-0.14905342646456532
-17.90600769340223,-25.210586169987835,13.564211211695516,13.615854115912812,0.05164290421729589
22.22437432041852,-13.06198256491998,14.161771264633671,14.169473869717079,0.007702605083407477
-6.381330050682941,1.5200847986521993,13.830885321976279,13.856596188411215,0.025710866434936364
31.858852474831252,16.57844581990429,14.236025391636357,14.125314542019243,-0.11071084961711364
-4.799073205790833,-13.914942782981186,13.81028398504721,13.795191637361768,-0.01509234768544232
25.719196826431663,26.26512594957247,14.26121251915494,13.956752362887602,-0.30446015626733747
9.047074095850583,-5.709819316655285,14.066082052305044,14.013978851055688,-0.052103201249355635
-30.81702331101846,-3.474607783069473,13.681475335787205,13.61868078254125,-0.06279455324595418
2.0101779011283583,-29.317671755228922,14.482668819633558,14.454115893800893,-0.02855292583266511
11.992400170617785,-7.059607085215347,14.106457298164246,14.048862671765491,-0.05759462639875501
27.36221665214544,20.725400062248966,14.209930827180969,14.02774632730608,-0.18218449987488938
-28.13683340111742,3.831609768863345,13.632806865759054,13.650756012756364,0.017949146997310095
-3.4711354973167303,28.22049712654369,13.72660250744832,13.932192890046895,0.20559038259857587
-2.1599682095121864,-28.763186176481447,14.316618589789266,14.296554024926968,-0.020064564862298795
-0.026013874726039887,-31.320167758921507,14.37246289077628,14.373948729377526,0.001485838601245959
-31.101142578743676,1.4888744209843523,13.63023584767489,13.59438808885505,-0.03584775881983937
30.81226984775393,14.561987267387806,14.268820469773793,14.133354045074563,-0.13546642469922965
28.563793270592953,28.308272442181725,14.081107761249456,13.964192170925353,-0.11691559032410304
-20.922199300508737,-6.470446942183486,13.647691992754938,13.602037439444908,-0.045654553310029655
17.41080580497949,-17.080585902802454,14.102455378657698,14.107695180284558,0.005239801626860441
9.539450175855201,18.568727223517378,14.068181357597407,13.934633581219652,-0.13354777637775506
-11.10141337691168,3.5524406463293303,13.712988043003843,13.828250097675788,0.11526205467194472
24.639062768496338,26.146831285056777,14.236946425283612,13.955658893441349,-0.2812875318422634
8.055766010330153,-16.242534622684218,13.973663414569625,14.02100724667298,0.0473438321033548
-20.25936555134856,-21.180396422385854,13.603149875357957,13.588049000920481,-0.015100874437475653
9.901631903489132,-5.821387505132641,14.073623731855442,14.024310098194924,-0.04931363366051755
20.968833712360748,-0.5625636897644881,14.227875408397011,14.163135738102072,-0.06473967029493899
28.300949393105952,24.997255084638,14.247845004249157,13.99513362766815,-0.25271137658100784
30.739028917113238,16.355740645852165,14.238691396286178,14.113963339516967,-0.12472805676921084
3.927620939630174,26.87915347381343,13.814508336777171,13.937598586404295,0.12309024962712378
8.941607535978491,23.52956412306255,13.98842582186634,13.938897597073696,-0.04952822479264363
11.880343364011686,3.164954390157689,14.175347376335868,14.02015309260039,-0.1551942837354776
7.607168531695265,-27.47726033189342,14.684900212537112,14.594363561118882,-0.09053665141822975
-17.19660405488228,-25.336554712085913,13.548951988521372,13.614775918979324,0.06582393045795243
6.841409351050345,12.25803271836746,14.112741438597311,13.926074996420308,-0.18666644217700323
-0.46811560711966393,-18.786635468906347,14.086411612379468,14.10330072739696,0.016889115017491463
-19.60006034248736,-25.178576170874756,13.598246638900285,13.62076406528334,0.02251742638305565
0.5194007378761683,-8.84226151875324,13.864293805299386,13.914460824738264,0.05016701943887725
-6.75170939899818,-28.208700666567736,14.162220142449218,14.075415130835069,-0.08680501161414966
-17.55944029854237,0.5848914129517127,13.585002321842818,13.728212428456585,0.14321010661376654
6.331608185044075,-11.738762932311381,13.977882977681261,13.980755715788145,0.002872738106884043
-9.164070075150072,-4.380801563672222,13.692222727589074,13.753830812264775,0.06160808467570078
6.020447293845457,-8.604408564671623,13.990448201447581,13.977020363502783,-0.013427837944798071
22.679209384745107,7.803322076640882,14.29969867315852,14.103931105461221,-0.19576756769729897
3.758746837738485,-23.870504346297537,14.678593591917933,14.599514898465452,-0.07907869345248031
-23.718240173641483,17.87353580093535,13.767680313187364,13.847199759039203,0.07951944585183846
1.4650718839309746,24.912929605073735,13.762635294209243,13.933462121949727,0.17082682774048408
-21.305328432545558,-0.486489634400165,13.666757329403074,13.675957108869444,0.009199779466369407
-4.432852913514402,5.095316516444328,13.8641505395973,13.908918814922433,0.044768275325132834
-4.268513567462236,-19.625810688851253,13.929462974938808,13.948616362231778,0.019153387292970336
29.175624921008577,11.425549521858088,14.319941268518368,14.14575194928063,-0.17418931923773862
-16.655127340715005,29.17809206911531,13.599464798177284,13.921172567539433,0.32170776936214907
20.366623702346708,4.722240893799565,14.263255161758092,14.107520117155042,-0.1557350446030501
-2.145698456211967,-2.1283809725739147,13.869335480632785,13.85753354243065,-0.01180193820213482
-22.099778636920675,15.019509313497132,13.653147032787322,13.833932116187075,0.18078508339975308
-5.38686633791017,4.804184813879246,13.844743865125963,13.902127479155665,0.05738361402970149
-4.729740255679637,11.835869690631014,13.84171696120841,13.91517967165609,0.0734627104476786
20.216859533852407,11.366241499562186,14.310706068024924,14.037178610104592,-0.2735274579203324
-1.8888266751708542,0.5446969364244652,13.88711807087823,13.893794669138682,0.006676598260451527
4.138485237183765,9.72636460867679,14.04333331279464,13.921172917960853,-0.12216039483378793
21.660803127674058,6.276489112186695,14.28217657054742,14.107264744149102,-0.17491182639831848
5.859114761921177,0.05301336377306143,14.038234593975524,13.978861260847005,-0.059373333128519334
20.76322848399228,-17.75950871404092,14.127328617101572,14.148547557762878,0.021218940661306362
14.341674801986741,-6.83046545857097,14.142236901653469,14.077666312555284,-0.06457058909818514
-26.3472985422369,12.276527687103659,13.791601205750897,13.759705054233876,-0.031896151517020854
-0.32249845903140795,-5.147864154389303,13.875242889706186,13.900682559261343,0.02543966955515664
4.594600037605019,9.531346981439924,14.054432427456806,13.92139734867235,-0.13303507878445586
-17.52070366080128,-5.947174516599489,13.57335392046252,13.644890927673949,0.07153700721142897
-6.089191043162167,13.223892647438213,13.79464530188195,13.91529231661934,0.12064701473738992
4.689838708034067,-17.909349350150798,13.983250860319847,14.122732260716555,0.13948140039670776
-20.17726653797221,23.703981834292883,13.638377462693768,13.912677584601933,0.27430012190816555
-21.925397288012988,-30.434562332949994,13.699811844065879,13.673546789462042,-0.026265054603836546
-20.73951060843875,-22.821796532231637,13.62739424491258,13.603779108612105,-0.023615136300474404
-14.547471555842932,-18.12018564394088,13.636028958769039,13.626583299682938,-0.009445659086100733
30.795079198398483,9.65608408656717,14.348913691706498,14.183736660587757,-0.16517703111874127
16.787953319544144,-15.557863468741317,14.100551887131285,14.100978010578924,0.0004261234476388154
-4.86303228256385,25.973369143167744,13.742714052759133,13.92875457835137,0.1860405255922366
-26.24682991037659,20.32092311956071,13.977794844018307,13.846492482629767,-0.13130236138854023
-24.58995781836409,10.648518352161744,13.695692790414569,13.760973408051928,0.06528061763735948
-10.203897598006762,-5.710846428683503,13.667131478752582,13.725482992297334,0.058351513544751654
9.92485011243464,3.8442939022072053,14.159116966467241,13.989314829878786,-0.169802136588455
-28.698753822982802,30.63357319672579,13.954295706925693,13.91166802838225,-0.04262767854344318
29.44692091839105,-14.184536773621524,14.177056604069605,14.257699878324177,0.0806432742545713
17.846311258056083,12.6289448847823,14.296141591546665,13.995265924333241,-0.3008756672134236
-15.912982479673289,11.011832784211357,13.559009074294526,13.856766684962713,0.29775761066818696
-15.796911416597176,0.044774466252704315,13.553408710816228,13.74112859758643,0.18771988677020168
0.5931705764910831,-2.009841229718731,13.904059357019992,13.914872930384444,0.010813573364451656
-26.96301824425109,21.270908061499775,13.94743560329565,13.849028639505322,-0.0984069637903282
22.03478407755339,-20.42282554131689,14.115671950484717,14.162539012991552,0.046867062506834145
22.786947689731797,25.103462262661353,14.205096359561484,13.952969650410772,-0.252126709150712
-4.942619386463427,-21.714782729186915,14.072803453319791,14.04610930814518,-0.026694145174610995
19.316245758755286,-27.603576956996818,14.181380004476974,14.425512754442698,0.24413274996572376
-6.6794261343487875,23.757868435948645,13.721081854646949,13.92496220511307,0.20388035046612174
14.701381254362467,3.5864732856266315,14.220900157837107,14.050187578279518,-0.17071257955758945
14.978337067549887,-22.75666937768402,14.097129753221614,14.369866312983474,0.27273655976186006
22.714083899329033,-3.5286403175317744,14.216584011043448,14.182181417284925,-0.03440259375852328
-16.066999151225183,21.03830932759464,13.6091492025121,13.91382014418031,0.30467094166820985
-22.37365669066508,-30.88132833987246,13.707266450877151,13.678800863567803,-0.02846558730934845
17.636234723645515,17.82398283729129,14.171615236438923,13.94124982109193,-0.23036541534699317
-27.561163752799075,-1.902320708508661,13.616638449648685,13.59123430476103,-0.025404144887653857
16.108645159422807,-5.894157583498632,14.159498594980201,14.09990349469284,-0.05959510028736048
6.578066645954841,-30.558437753510248,14.616642660634044,14.512673674958782,-0.10396898567526236
22.12410591566504,10.43910343528119,14.315818566828169,14.069984286670831,-0.24583428015733766
-15.693323464199047,-8.553147259814885,13.558579956108362,13.630290654321678,0.071710698213316
-26.664420466195153,29.549668961991593,14.044710586244278,13.91246161075944,-0.13224897548483838
5.013364468492618,10.492195399248317,14.070761469910103,13.922707675842593,-0.14805379406750951
-18.411045738516087,-18.13374823649346,13.548775223170823,13.562107965892622,0.013332742721798851
-19.7296550312063,1.3581606452412842,13.646931977929782,13.71346186638901,0.06652988845922891
2.801748902093294,19.012056473230622,13.870503738506232,13.928957014650964,0.05845327614473206
26.19530202411316,7.55679565825244,14.318982898371113,14.149325788193151,-0.1696571101779618
-24.14338802551088,-19.034480655383895,13.646015672373329,13.695293672217732,0.04927799984440284
11.191442841850282,-14.981837841741822,14.030900884264462,14.036239027191156,0.005338142926694545
19.68700421244978,15.02406601264726,14.251277904198833,13.992999683083806,-0.2582782211150274
-25.874720787493445,25.370509562641516,14.025620677596603,13.90424416918439,-0.12137650841221337
-15.11382784646851,-15.147150574505453,13.593614457206666,13.550937899797683,-0.04267655740898313
-24.30810197980462,-22.559116553164728,13.635107387019959,13.651450124700672,0.016342737680712816
-17.64501193108954,27.113781246446145,13.588029735013537,13.918275683519944,0.3302459485064073
30.48722144405592,31.180875199501195,13.981152220243374,13.965835517283193,-0.015316702960181061
8.407670605047606,29.14976361698455,13.900079046621352,13.943858284989778,0.04377923836842612
-11.28998425036729,-17.773554883300896,13.708657356349962,13.710404596977542,0.0017472406275800267
14.892484570765404,-23.148337982170432,14.098700726281622,14.38701516290606,0.2883144366244377
30.503811611937238,4.284948426227537,14.320302405366832,14.235576673375013,-0.08472573199181888
-4.588843770163486,28.224171813182316,13.716225088738188,13.931183526777309,0.21495843803912074
-23.48997802953697,-19.579234656257057,13.637819766915152,13.671291120307997,0.03347135339284435
26.95830631865895,26.026212752668968,14.298591762870181,13.968159039246757,-0.33043272362342435
-27.814682576020722,15.325982051203624,13.924397634636428,13.77665570269342,-0.147741931943008
-3.245024590776879,31.655523224519975,13.715760643589867,13.935725484588362,0.2199648409984949
-31.501083047935587,23.471701741143384,13.921114351613653,13.824405723139991,-0.09670862847366202
14.9311786696681,-15.74646198969986,14.081752345876707,14.078826311241832,-0.002926034634874952
-28.039438449420437,-10.406605951291489,13.824350802283105,13.707202274661793,-0.11714852762131223
0.260183912129186,31.435031125250248,13.753883751831024,13.938688478072953,0.18480472624192856
17.46745466985108,24.485442289695243,14.088609830764723,13.947550153012696,-0.1410596777520272
21.463063242353257,13.22738650690571,14.282597545337884,14.033173659913714,-0.2494238854241697
-30.536370632058556,-21.496807285893226,13.812835104080243,13.82396640551819,0.011131301437947272
-13.469081729740203,-27.26791875140559,13.730226905661201,13.764085083571192,0.03385817790999113
-14.526424508497591,8.280682982825411,13.552944770831225,13.842351718398836,0.28940694756761154
16.27635714191419,19.884698033123946,14.099260528179222,13.942013749879449,-0.15724677829977374
-10.766476263538806,-2.573351482578637,13.694826115489246,13.760408655575782,0.06558254008653641
-10.376378205509354,2.354872077497113,13.727016770396565,13.823169348961214,0.09615257856464865
20.189404511849474,-16.451516492082618,14.12981323290441,14.142299845244596,0.012486612340184777
-4.231699711074604,-27.69160701141491,14.282138822192362,14.186850334681065,-0.09528848751129715
27.865571090336744,-7.628906850690221,14.232359276186482,14.24232677726809,0.009967501081607821
7.4512523422502355,8.135027512412272,14.115477987598146,13.922633505337814,-0.19284448226033213
3.3561677613635723,3.0260314580943515,13.988399888242887,13.91769734518002,-0.0707025430628665
-2.8725453637384035,15.147721678616684,13.800546264197079,13.920071111140272,0.1195248469431931
16.115760028923823,-10.130184331417446,14.128783043965706,14.096813187103946,-0.03196985686176035
4.061473984234958,16.512700381450728,13.948631264513951,13.927677389292743,-0.02095387522120795
-20.38493052395458,-17.058383086190318,13.594602171546615,13.626847142496004,0.03224497094938883
25.388313167613425,18.744184525775268,14.205117166601035,14.02412066380823,-0.1809965027928051
-2.7022208101617338,14.93570224322967,13.809392626696804,13.92002007393892,0.11062744724211626
17.565794692059725,1.8170551387263956,14.225114025994007,14.103344741691362,-0.12176928430264411
21.1436899928172,22.657380618853345,14.157380718317071,13.949110806530504,-0.20826991178656762
-15.999797399597632,27.830580213014635,13.614187501156833,13.920461058187973,0.30627355703114034
21.85429963109346,-28.355858254600307,14.201181542783143,14.391446500314805,0.19026495753166195
-17.311105907755476,1.4434646082926932,13.58654960586288,13.739992391521834,0.15344278565895486
10.980339041048829,27.011364276858536,13.965634473734399,13.944118191399156,-0.021516282335243275
-24.989107096413235,12.713074745504073,13.771977761563233,13.77874534945415,0.00676758789091636
12.44464147564701,5.600900483485013,14.204898168328175,14.001909781748507,-0.20298838657966733
-4.707018236702503,-26.833244986264866,14.285083595385535,14.176687426052908,-0.10839616933262697
-18.214840171107483,-12.748778461953066,13.553903322743126,13.548904017605004,-0.004999305138122523
26.272915163026255,31.456836227759837,13.931723035422237,13.962283639462136,0.030560604039898465
31.636802390451216,14.68833467284481,14.267623306816198,14.142100077819912,-0.1255232289962862
28.423929227419443,1.598630525016219,14.288332467451582,14.237930760169945,-0.05040170728163673
11.894510565056862,-14.80263238252433,14.06431085515589,14.04422522220143,-0.02008563295446031
20.905885690908732,2.675683467182317,14.251164859324097,14.135197496102633,-0.11596736322146484
14.93638477690397,13.686340643432118,14.274340862733446,13.948896801583123,-0.3254440611503231
18.885400023011805,-8.744770536622717,14.155354338581935,14.13160723487799,-0.02374710370394517
4.5907193370536845,-9.869653314185761,13.960796024128346,13.960836285791123,0.00004026166277704135
14.193496704955734,13.569309848834422,14.278327818564083,13.941049733275543,-0.3372780852885402
-27.16002115412202,-2.359084617145207,13.614314106242684,13.589531704481347,-0.02478240176133717
-14.750305029374012,0.8125686357841815,13.551558975951833,13.760397890620144,0.20883891466831095
-7.163806434076797,-2.699038648237803,13.753162711883439,13.796936578204148,0.04377386632070923
17.150895307035128,29.167128229468062,13.999380473974625,13.951798654344298,-0.04758181963032726
22.253445511896203,10.250950885534913,14.31527748605267,14.073500936169156,-0.2417765498835145
11.602087318344196,7.615296284301124,14.215393664204775,13.970867696260463,-0.24452596794431258
-17.06908078258241,-22.259544245802665,13.516290924532322,13.58765385053207,0.0713629259997468
3.7239083599965497,19.299785527545907,13.902024055746757,13.930071459181057,0.028047403434300122
-1.9231605371655789,10.224036749707366,13.899992619642862,13.916161671364472,0.016169051721609762
-6.3346637550271225,25.511566851296777,13.715313940279096,13.9269735413592,0.21165960108010395
31.484244943119137,22.77827805876874,14.203525622357553,14.056813242763212,-0.1467123795943408
17.61288357740726,23.448306358963002,14.107915116233665,13.94667722252727,-0.16123789370639408
1.935248269885129,-4.3831250621557984,13.915122813692108,13.930287394386328,0.01516458069422022
18.730916348214834,6.168359959921595,14.263732453486908,14.072671830907176,-0.191060622579732
-12.266539556159238,-10.929064686861608,13.652935567991983,13.635631972376272,-0.017303595615711487
6.747554941821079,23.706396374548376,13.918774598191252,13.93708054315387,0.01830594496261817
5.767417359351256,4.191975444878722,14.05581782316428,13.935060652291781,-0.12075717087249771
-1.277736265044986,-23.706784730333332,14.495269363473275,14.44747142458084,-0.047797938892435
-0.8211189020325733,9.194439846104054,13.93917570750559,13.916162974595945,-0.02301273290964545
1.6269175845905366,6.723061410290249,13.965034708613416,13.915987359802253,-0.049047348811162905
2.2972288099819167,-13.949731402565767,13.896294375277236,13.935002835926205,0.03870846064896938
25.112864000923686,17.22478869048699,14.21929122024392,14.03643239664061,-0.18285882360330952
26.5780989448889,-28.664357863917942,14.211858482641182,14.289084896591238,0.07722641395005603
8.477525879523164,-10.16819753460966,14.020261741561788,14.005067369225488,-0.015194372336299722
-2.9592725880797914,18.08035952658787,13.713732976060639,13.922833507508434,0.2091005314477954
1.988322263204637,-2.880898613508485,13.923363687571378,13.930797221907298,0.0074335343359202
-1.4191115968801,-30.46087566676956,14.346042659424496,14.30357934761889,-0.04246331180560681
-6.687480640337711,-11.069813200326912,13.732462993469712,13.75028216565702,0.017819172187309107
-24.09815921315122,31.233678793390673,14.041334880651167,13.916418669544178,-0.12491621110698858
-15.411141126682153,-3.1961869457040137,13.55258649160902,13.703087912553006,0.15050142094398566
31.50661022975268,-24.06883315862666,14.290011950052126,14.27688211772969,-0.01312983232243603
-0.7432373549382163,-14.6819231915985,13.881302031202226,13.891312185354376,0.010010154152150008
23.045095132133945,26.197441385586608,14.183504995896607,13.954263388805783,-0.22924160709082386
-2.6628900416064596,-21.939266736279848,14.302104780999924,14.213843629974175,-0.08826115102574938
20.54522864420425,16.717980086453203,14.233656534668812,13.985990804459691,-0.2476657302091212
-21.134331210260513,6.196545996700912,13.623657958374896,13.750140122018648,0.1264821636437521
-23.15113936321292,-29.67413457073947,13.686373697363756,13.670694408383138,-0.015679288980617656
-27.31549630602983,4.423846042295111,13.620881365480571,13.665768070396204,0.0448867049156334
-8.86590542563897,6.826644550697743,13.774040542835598,13.88682324539051,0.1127827025549113
-0.08884275484922455,-11.735779583323108,13.831501523363372,13.906629023468467,0.07512750010509528
18.899480623682095,2.4683658260683785,14.237675130621838,14.112882397519796,-0.12479273310204242
-7.6917521085376706,25.773584318465353,13.711436525547418,13.925997509460151,0.21456098391273315
9.627885500243949,-22.36834532770696,14.139071863141844,14.55345820509266,0.4143863419508165
24.879453804421914,-2.6927022820491686,14.235464999478301,14.209198816529856,-0.026266182948445405
22.551937295595906,-30.117518953582874,14.234275063326969,14.437572462561686,0.20329739923471735
25.631514958731238,-4.355146881535944,14.227947957703343,14.217117728398385,-0.010830229304957584
-1.8869010917935967,5.7223776376655024,13.91572309587931,13.91183354922205,-0.0038895466572590465
14.447627316730632,20.33628090209377,14.153814681098702,13.94079393437969,-0.21302074671901217
-30.933497957441645,-4.5916962623263515,13.829728882568473,13.647259543687193,-0.1824693388812797
-5.66576309158409,-2.753658338620106,13.775795447864944,13.812094712023388,0.03629926415844409
-3.0847780679218957,-27.124536805377808,14.34067888476439,14.276010287560869,-0.06466859720352147
20.45556065170775,-10.810793193998109,14.151165790556119,14.14919405054719,-0.0019717400089298565
-29.50725629091245,30.504820537287976,13.944617422734606,13.910810593881859,-0.03380682885274666
-4.28959916786399,7.138114906040272,13.859510877940911,13.91102759956935,0.05151672162843823
17.169155333837914,8.64772580532049,14.272549117675998,14.02806940826378,-0.24447970941221797
-26.887416275129254,2.680990762435968,13.659283483433487,13.651730741647558,-0.007552741785929129
-19.6367591754738,5.201581461084977,13.614658040558133,13.755402434929511,0.14074439437137798
23.18580759002581,-31.071609795350476,14.290797550802356,14.456408692410951,0.16561114160859525
0.10730326309665372,-30.717456262722443,14.390338530196795,14.39199163178609,0.0016531015892944367
18.679622365166686,-19.624144381270312,14.103347260132837,14.156025715842583,0.05267845570974572
-0.34732614880558543,29.00976378493081,13.761186359887557,13.935788444344297,0.17460208445674041
-24.509844978041798,7.572044487931031,13.59881330974546,13.729038428838384,0.1302251190929251
24.691120649798734,-23.3095138158302,14.133277501547807,14.193440976865752,0.060163475317944304
-11.090200212177507,-6.869543538528504,13.660448169306536,13.700994452265794,0.04054628295925866
-21.274811684141113,-29.434673351644236,13.679614225781743,13.662867835525093,-0.01674639025664959
5.245805657003785,2.675525743142032,14.033813899652273,13.944341897218582,-0.08947200243369124
-17.909028271622113,-31.772148265328454,13.60619486644263,13.672866937136883,0.06667207069425274
22.97380499158011,-2.71950791522071,14.22408671947636,14.185953617398468,-0.03813310207789122
30.60054037457482,-8.304641148013133,14.244192652761404,14.275578752644444,0.031386099883039975
-9.712722232647351,-22.88834691353979,13.779756428520919,13.92817664866704,0.14842022014612155
-27.54375835511067,9.741957945738875,13.76464893363304,13.720021049284826,-0.04462788434821441
26.832806951199267,-27.385705714926083,14.219670480726709,14.237340005872642,0.017669525145933562
0.2953635102981593,25.7524354446807,13.769219043395534,13.933215345018242,0.16399630162270817
13.394185920982139,1.430292241679119,14.196249990309921,14.056491752169654,-0.1397582381402671
1.0999379032981906,30.644390984027083,13.784446427750503,13.93868357249064,0.15423714474013828
24.7424163530373,6.649791465575873,14.303652669794289,14.14097222481389,-0.16268044498039913
-21.498962640736273,10.447361124496751,13.595943877260478,13.79157505650762,0.19563117924714213
14.452093330239812,13.217711680682982,14.284602764816741,13.947827235755256,-0.33677552906148556
-13.48989010861822,-5.451153348419581,13.622140054090368,13.694056134590234,0.0719160804998662
-10.625948577586769,-16.597427087291322,13.711708526964618,13.680485481893909,-0.03122304507070872
12.302207761485619,-2.4508318550104065,14.139425432504396,14.056095033201847,-0.08333039930254849
-23.743839316192123,-5.67267590619123,13.647966199730167,13.582541644341534,-0.06542455538863301
-17.208191742462027,-1.2995146116716114,13.592470344580331,13.708766418944947,0.11629607436461598
13.672502911622772,1.5905768053174114,14.199454707881989,14.058230805930565,-0.14122390195142387
-2.1221292644413197,0.3490651119775521,13.883200355341682,13.889238418204336,0.006038062862653959
-16.832373541565637,-29.09433395149685,13.604645409417277,13.646306170174674,0.041660760757396886
25.657554429283813,-29.609389856570125,14.22705282431748,14.344903794203535,0.11785096988605481
22.24602929025407,-25.225025227952834,14.128097832451324,14.270313384856468,0.14221555240514405
29.072675807692562,23.780725156425838,14.126492993965694,14.01708450823061,-0.10940848573508433
26.74159354283558,25.866102564461784,14.286311314016203,13.967168988607296,-0.3191423254089063
-8.398762822982775,27.188790749145973,13.649409844089073,13.926727762229907,0.2773179181408345
-25.53152799798586,-17.803903418431887,13.631762433733288,13.747284338872758,0.11552190513947025
-0.9055303072875205,-3.6661806560229024,13.876136560093272,13.886779387137128,0.010642827043856329
28.17441469534652,23.66599928998562,14.128086359555354,14.00732006142156,-0.12076629813379469
-30.65391418027454,21.60899386867537,13.939699256743339,13.813530937565789,-0.12616831917755
-0.17020089870072042,-25.605563722718777,14.489214681189967,14.504494254816155,0.015279573626187926
7.419986562819325,6.049453771586542,14.10296464166419,13.936046094214873,-0.1669185474493169
-9.063894618438205,-22.540165263355163,13.804814483547975,13.948139160509717,0.14332467696174156
7.232480526236991,-5.764305458529627,14.033742765471878,13.991822627319616,-0.041920138152262254
9.010267620981274,31.58103965878191,13.867831140815136,13.94675968720096,0.07892854638582314
18.7560388768582,4.47598886162892,14.251868246859235,14.09043058867616,-0.16143765818307543
-31.916609804980382,31.596132978746887,13.905917719004838,13.906579706933261,0.0006619879284226471
3.3559845377312314,29.002352656791885,13.815723811395621,13.939137390123586,0.12341357872796443
29.08002804849508,-7.951856122738491,14.237737544144926,14.257077935270384,0.019340391125458822
0.06995218552823701,25.178677865814905,13.746130989477452,13.932455238350643,0.18632424887319132
10.528512721195554,28.572914530415474,13.93117926075429,13.945221475604923,0.014042214850633172
0.9575091974117527,7.843203119234204,13.962699193919615,13.916465845731912,-0.04623334818770353
-24.861161513657926,12.2583321355498,13.74986542644588,13.775254922034138,0.02538949558825898
13.369097654224916,9.448364196725137,14.249144501599778,13.973499621882139,-0.27564487971763896
6.9006085677190185,-23.234914549281953,14.682194492348236,14.59414075015741,-0.08805374219082651
19.93179333342197,-15.701782641783552,14.130579049384938,14.139596591266642,0.009017541881704005
-18.77289245459002,7.88100790431605,13.625601985128943,13.793106661039555,0.16750467591061202
-30.14794499894692,23.346667688561077,13.932057328276152,13.837408135223635,-0.09464919305251662
1.767458471886279,-22.36036386077027,14.667358020357934,14.448448461908535,-0.21890955844939874
-23.56002872753163,4.219684179588157,13.645322534267047,13.703376955206448,0.05805442093940094
-6.10286900923208,10.464467717180398,13.833066491479002,13.912606728061402,0.07954023658239961
-10.32020062943132,0.2974596011078674,13.705658655089826,13.801840178456267,0.09618152336644137
-18.685552748361623,-7.513943358752186,13.600550862046894,13.612133851178305,0.011582989131410315
25.820601023568422,11.657424489176215,14.31394423272709,14.102471384930109,-0.2114728477969816
19.29971041509686,8.947383436736224,14.287430069586769,14.05094532899265,-0.2364847405941184
5.2108233072452705,29.248497118073345,13.800054501267473,13.941056790205325,0.14100228893785172
-8.145489780403878,0.21203686361760532,13.770458633476599,13.823968235466772,0.053509601990173294
-27.42814399341257,17.352017586769996,13.92742372242116,13.802340536978804,-0.12508318544235664
28.514464390482708,2.4608120483417792,14.295312281017061,14.230142910510484,-0.06516937050657745
-22.434715062781926,-20.02865636020295,13.642882603793815,13.638390451810325,-0.004492151983489734
19.4697154191786,21.84986510365689,14.134438122267664,13.946811486417799,-0.18762663584986505
16.27032153051492,25.164406660653952,14.070416016585098,13.947122997839537,-0.12329301874556009
-21.981633156531274,21.055471011463723,13.712107498270871,13.899504436713908,0.18739693844303673
-13.144903389289887,22.019847370239397,13.56658550775205,13.917419158443375,0.35083365069132455
12.401710264388505,-23.252705045422402,14.100686590824743,14.482742738417661,0.38205614759291784
-27.206293469958148,-3.3762152095408453,13.596355213916421,13.5757870241033,-0.020568189813120696
-13.107375410502293,-30.410650824885707,13.765889363654889,13.796923133772317,0.03103377011742836
-6.730416248139839,-26.34533752167078,14.15659487840819,14.080060124255628,-0.07653475415256317
22.910355069868345,16.29705944304247,14.23286025093226,14.019156526907643,-0.2137037240246169
8.748650199074582,28.387941959964287,13.912750699391957,13.943429283016627,0.030678583624670352
-12.903602181077794,-1.6123053520504627,13.637469043832702,13.750292110275298,0.11282306644259599
27.240467226019156,-0.14566212126798206,14.268422946754459,14.239883947726158,-0.02853899902830115
-23.90777060037029,29.41992202159306,14.059218800125944,13.914834132351833,-0.1443846677741103
8.116731622728501,21.78721829570315,13.991933509370329,13.93646215575706,-0.05547135361326916
5.0624273737278,28.744129231403306,13.801505809188363,13.940433700000362,0.13892789081199908
17.381519883883747,-12.866492705299692,14.116223780300617,14.110187404055859,-0.006036376244757946
-15.781962356964577,-28.606285023469646,13.673104852434527,13.651250251807236,-0.021854600627291276
-26.048825786876556,11.1700384196661,13.749733410232789,13.751075973729844,0.0013425634970545275
19.781101684159758,-10.494415464481804,14.148225690065148,14.141211365177336,-0.007014324887812506
-14.738041551213755,-29.35611290655897,13.679709413108784,13.713940369901042,0.03423095679225874
-6.746716026862934,31.894031074621196,13.612257842531083,13.932783131204195,0.32052528867311203
-24.82550246082397,-8.463383263656993,13.614454901040066,13.58107597855354,-0.0333789224865253
2.382667679938855,10.41648169647496,13.99948963170619,13.920250259228405,-0.0792393724777849
-4.250644477989333,17.661553920515153,13.741821052425953,13.92125748380232,0.17943643137636656
25.363071395574018,-11.748430369464124,14.192256067403843,14.20894004757709,0.016683980173247903
-27.511273532770836,-30.87260821666014,13.684271579491352,13.694459059076346,0.010187479584994108
20.794687061554853,13.477458681406318,14.277677963517018,14.022448955910697,-0.25522900760632083
-18.33205188533666,24.460141868927842,13.589557257292462,13.915082340414436,0.32552508312197403
1.29308563072437,-11.246866275895712,13.86754476109005,13.923411778191733,0.05586701710168285
-30.578514824633224,-19.264611951116443,13.878142237147639,13.855449475841107,-0.02269276130653175
2.824050661585403,-21.259313636414106,14.699079126994807,14.374991317066126,-0.324087809928681
-17.98684329850557,-30.68201915420415,13.60979217755845,13.663634749003823,0.0538425714453723
-4.850232594086442,24.127437819358747,13.743598439575049,13.926977932099112,0.18337949252406283
-28.747557956648976,-26.506256117154024,13.741122745445253,13.710321543553745,-0.030801201891508256
28.699760787819137,-13.058800520841132,14.202475475900055,14.249204054374497,0.04672857847444156
-9.695794797276946,-14.651086415744466,13.699029995762713,13.679246553640485,-0.019783442122227157
16.546284607101768,18.780207745750886,14.129723024483066,13.941188396678882,-0.1885346278041844
9.532915635184708,-27.886275319644653,14.719828539364379,14.622575406825986,-0.09725313253839296
-12.531929588759688,21.504851172417503,13.552543889233954,13.917475763383466,0.3649318741495122
20.19992714678917,7.527140462952779,14.282889511686012,14.076562976077293,-0.20632653560871894
24.702858787789317,14.054635314294217,14.271773974320407,14.064127664797523,-0.2076463095228842
-29.555787520779752,-14.323861922311515,13.830877523083386,13.835531691182807,0.0046541680994209855
23.98640218936474,30.321388534391332,14.00619110477335,13.959111522126802,-0.04707958264654799
-31.701223574066155,-28.8601215269291,13.736698854946095,13.75319939238752,0.016500537441425323
11.808352436412314,-31.39564356983621,14.719465671789461,14.59482111969849,-0.12464455209097025
-12.030411621822438,3.986817718196704,13.685446575967102,13.823037353190852,0.13759077722374968
27.664684244254474,-28.984222890719835,14.20978167061786,14.274422032550458,0.06464036193259837
3.2296767396601638,-2.9403999401111705,13.95497719294067,13.945156385309526,-0.00982080763114368
-0.9040636684768302,27.557071208216293,13.785586161400303,13.933876605033403,0.1482904436330994
1.001559603597812,-18.894654969629556,14.2943003668622,14.157391198000205,-0.13690916886199567
29.90325049789041,-10.437853978037445,14.226792153841394,14.265660113019,0.03886795917760644
-6.123291225947106,20.795655528562897,13.741650350188351,13.92259655861978,0.18094620843142906
25.260260552421194,5.7250766750166875,14.299637185983567,14.156819572271523,-0.14281761371204382
22.76447262301857,-28.416602977606445,14.203860931524138,14.371770175810886,0.16790924428674714
6.554772209937859,19.904372065126623,13.966536398454508,13.933222622753346,-0.033313775701161674
-5.141297274533592,-30.610395645899438,14.162429388875324,14.140060763743941,-0.02236862513138327
25.617434048069782,-22.679129030044606,14.15527985601071,14.205240201073082,0.049960345062372014
-21.07809956422721,-8.781207851587872,13.653037158669695,13.570273767925464,-0.08276339074423156
-30.292759471753016,-4.588178101802178,13.755102264748384,13.63092010680582,-0.12418215794256326
-30.603024690374788,-21.631390153687477,13.812044220146309,13.823824060674267,0.011779840527958996
-25.139824600675908,13.40713929679918,13.80084241366098,13.784544811268105,-0.01629760239287492
19.97232261764691,-1.3027199616777665,14.216714779919531,14.150435641931313,-0.06627913798821794
-18.766590861387762,30.374288435914465,13.638102563100446,13.920417868954159,0.2823153058537127
11.107691887899357,30.524095657317062,13.9044710190864,13.947636563441435,0.043165544355035834
-5.421875179566825,-22.496455318474624,14.109457332536023,14.077778208307754,-0.03167912422826902
21.43662847974715,16.322713240860892,14.231496146467748,14.000930929300539,-0.230565217167209
-1.8152484068829864,30.8398978113294,13.747788780927376,13.936231082135986,0.18844230120861027
17.290205748297375,6.433956625698102,14.257212935223162,14.052374204854862,-0.2048387303682997
-6.577678279884694,4.951515755791476,13.82387489531461,13.891082310495124,0.06720741518051376
-24.224388105411613,-6.266644309972158,13.637565149023278,13.56971067984397,-0.06785446917930749
-17.929670128955458,-24.38343391602993,13.56453575780795,13.608740696915437,0.044204939107485686
14.523629101804154,-27.660373342738893,14.648105574941258,14.561663023721104,-0.08644255122015387
-10.860949963210913,-15.40042809965854,13.68486815651655,13.65169377450267,-0.03317438201388079
-12.716894024864843,-16.551972679241217,13.65999918391526,13.629192012399065,-0.030807171516196163
0.9830967904333292,2.231827629503364,13.932184081759388,13.91105301448241,-0.021131067276977333
-27.36437745826059,-0.1916560529133946,13.654295907840488,13.615611108362025,-0.038684799478463816
12.04403795033381,19.4018467292666,14.125156630884593,13.937710448411467,-0.18744618247312594
-31.850151765450086,-21.980060296884858,13.803814061877926,13.85071927950324,0.046905217625313966
29.018603609258875,23.636380191403397,14.131608701581305,14.017914060763996,-0.11369464081730918
20.12187718320329,-11.367813993666054,14.146038090577933,14.14470951767504,-0.0013285729028940096
-18.725974733249913,-12.488849477210195,13.57491743322367,13.546876385419738,-0.028041047803931463
24.23939950453608,-28.89196119951479,14.21538402077408,14.353336277198819,0.13795225642473952
13.158074021425016,-16.915786193930956,14.061827792103612,14.13559913228391,0.07377134018029707
-15.835729159541444,28.22148091095862,13.615886418020091,13.920988430081657,0.30510201206156573
-14.892638073510497,-26.90702664871209,13.682795900324434,13.684344707679902,0.0015488073554674742
23.85109915847829,28.65864599838521,14.11095229349363,13.957378121923306,-0.15357417157032494
8.821781371031896,-12.210162330601818,14.005326173346283,14.00911089824115,0.003784724894867253
-1.0507367524691062,8.98716004625021,13.935344007018347,13.91575408111288,-0.01958992590546771
-23.14738312363599,26.434509348548595,14.102388405656619,13.91263111497561,-0.18975729068100833
-31.61172714775055,12.267367175753563,13.982378904068716,13.70383739699514,-0.27854150707357483
17.94407185933313,7.324918412276887,14.267938668454342,14.051155154659018,-0.216783513795324
-5.6898433065137795,1.017294278554651,13.838163571195588,13.858563764627467,0.020400193431878932
-26.917245900378433,-0.14745540254057232,13.660858471530437,13.620923898028511,-0.03993457350192564
-8.04385919921615,-16.02527140107265,13.765819521659989,13.7194419314727,-0.04637759018728893
-20.835558741556014,0.8438533660218823,13.638053517604803,13.696265612013311,0.05821209440850872
2.7256121270281355,9.423018727323871,14.003097139631127,13.919598635382213,-0.08349850424891336
17.47136236968671,28.360209501677502,14.018718990634857,13.95130737510228,-0.06741161553257768
-0.8907402994773648,8.856930257394225,13.939234621892139,13.915772917790449,-0.023461704101690017
-8.523319936686853,20.053220247981635,13.738582929622583,13.91970229842261,0.18111936880002766
-13.3496507963292,-15.405403800900217,13.635061312258959,13.592742984499509,-0.04231832775944966
-7.272970273525139,-3.9363093791698063,13.736752794364241,13.779656939567536,0.042904145203294775
-14.669938946860611,29.62648928032273,13.63361862246055,13.92340602931972,0.2897874068591708
15.438001441266614,-22.459669070367163,14.098973506223393,14.342288261711943,0.24331475548854975
0.6520619481221885,-4.813293139894704,13.888880145771743,13.915718035481133,0.026837889709389273
-28.87120256304874,-25.516814055685664,13.736941414755202,13.726940173528645,-0.010001241226557767
-13.45639229816694,-8.980249648858724,13.62596480093633,13.648422465854603,0.022457664918272613
-20.979603302434498,14.473404959957897,13.599707937804435,13.839979549119386,0.24027161131495056
-16.973842678880324,-14.300057392264392,13.51146001817688,13.541835731227666,0.03037571305078579
-22.27442774937174,23.144482031157537,13.846006158642489,13.910235016819815,0.06422885817732649
-7.938876697365799,-10.157315385980006,13.709737137948107,13.720582690442772,0.0108455524946649
1.3958142226415973,21.28958357893523,13.79449245556514,13.929889240731363,0.13539678516622367
-16.6022968613119,-5.219009350002352,13.558945953909076,13.664109202033258,0.10516324812418176
27.535221816336424,10.36601434005155,14.337375541079476,14.136685993004818,-0.20068954807465822
-17.01025221059519,12.384362919906565,13.610841361951728,13.859768508009262,0.2489271460575342
-7.552717049788889,-9.670750585688474,13.712660400514439,13.729699436794732,0.01703903628029302
10.472679166962777,19.271066902602257,14.082316939733222,13.936159711556956,-0.14615722817626597
-24.923108076828818,-19.939809881598038,13.633901583276343,13.702743957812759,0.06884237453641617
31.247587079739617,22.435306661183965,14.198639321984732,14.057465867590865,-0.14117345439386675
30.14766124979728,3.4244381008901428,14.311856708759555,14.240110103566474,-0.07174660519308063
18.459960397789537,-10.092002546517278,14.143115780002073,14.125411765438171,-0.01770401456390225
-21.070734584898794,18.18559212209199,13.600149992801397,13.87857212154227,0.278422128740873
-21.278907242122877,-25.921950644330003,13.656689004177545,13.632363599651617,-0.024325404525928462
-31.251371816578512,-29.80172934739482,13.747020386010592,13.728954997487426,-0.018065388523165637
31.099435880984608,-8.295672252774729,14.246857279543969,14.281727009126639,0.03486972958267032
20.45923343151732,19.889043364120127,14.141431439481234,13.952241147754128,-0.18919029172710644
22.693057144265254,26.44127776824439,14.159651396050805,13.954180570874977,-0.20547082517582815
-26.303793561333762,27.41552160593274,14.03970199225557,13.910720973640789,-0.1289810186147804
-27.21601300111302,-28.063078598780606,13.668818800177185,13.669147035142815,0.00032823496563061383
-5.497427925934126,18.157795428933802,13.744128939505485,13.920608320263902,0.1764793807584173
19.434074497710675,21.033855564912386,14.11251676187278,13.945988677592059,-0.16652808428072063
10.976637520260809,-9.99101680700101,14.047824180782834,14.034284507172927,-0.013539673609907155
11.20136175607103,-30.999607214156462,14.718604829149212,14.591321217619813,-0.12728361152939982
-0.6787984796750095,1.2648914888147544,13.906263992658026,13.908610202507584,0.002346209849557468
13.981263944284386,-1.0592458410898757,14.182472483634848,14.077602219940148,-0.10487026369469987
15.264654374721466,-16.786762713129697,14.081494492155882,14.14623942335854,0.06474493120265912
16.666279528169632,14.383231078464625,14.260046492990723,13.962793211252901,-0.29725328173782195
-25.616476937220092,-12.039726829422058,13.628077217178582,13.683179336431829,0.05510211925324704
-12.963280694886599,-3.502498552062306,13.622190273312993,13.725028310881983,0.1028380375689899
-8.62562685796886,10.92465464207325,13.770358283329841,13.910766284844474,0.14040800151463273
25.43335490400444,-19.257492635401988,14.142269704889507,14.205112249358429,0.06284254446892135
8.718775652748512,31.43643883658965,13.865309953449476,13.94635544055825,0.08104548710877424
-6.16925717466502,-6.944942151904613,13.749711707951954,13.762299779559616,0.012588071607661178
-7.09347850384782,-21.31768727565578,13.846475681054113,13.947365965326494,0.10089028427238134
-14.052068774294497,-2.3884189785745207,13.61494340479532,13.72801181160777,0.11306840681245056
-17.300524925604364,13.805572629850289,13.628238752971122,13.871838197406221,0.24359944443509995
5.947623190389763,-26.65326619724088,14.671500912018331,14.579570302811208,-0.09193060920712348
1.791439312761156,-28.42933340640645,14.494653813304847,14.472681131492173,-0.021972681812673756
-6.444792759686678,24.6859461535889,13.724329654725182,13.926073916897824,0.2017442621726424
13.608194515607586,-1.0117586502040012,14.180566638188543,14.073091051671314,-0.10747558651722855
-6.547221858097764,8.089154970861657,13.820986565273198,13.90990294906912,0.08891638379592237
30.459417952709167,18.61122089706241,14.200890217612361,14.087295940797686,-0.11359427681467515
9.429588734250999,-11.24170312419303,14.020120349010798,14.015964178297367,-0.0041561707134309955
20.547788498743977,28.1461483575385,14.046954888488653,13.953888014548351,-0.09306687394030178
28.976509709543826,-4.915325941542136,14.253017326581027,14.257701197085295,0.004683870504267773
24.92547646965692,12.3445114848707,14.30041313599044,14.084476469786214,-0.21593666620422525
-12.181595227406575,20.912421288776905,13.537698479497497,13.917219337448664,0.3795208579511673
-4.349247439518464,-1.2145549772518578,13.834945985563037,13.846097990390287,0.01115200482725065
10.831849445149082,-24.745629716054196,14.58955516168807,14.59400822161149,0.00445305992342071
25.47516840241012,14.39198449381476,14.266811309878719,14.07006127481191,-0.19675003506680966
2.0371869607437745,23.94678478289194,13.768378960666862,13.933044648441602,0.16466568777473967
-5.395598699519184,-4.430038213341206,13.764995958029573,13.793111440809366,0.0281154827797927
-20.618745623899812,31.916437306679228,13.835284072534964,13.920233310419187,0.08494923788422248
-7.10520188797171,31.42892530431582,13.598142579804906,13.932007682177582,0.33386510237267686
-25.401688695103438,-4.752715879757524,13.623168453866779,13.576967031578159,-0.04620142228862001
-19.011059486206534,4.732969101569864,13.613832117675603,13.757037290556603,0.1432051728810002
-26.126207655740977,-2.071262528555046,13.632083499693053,13.60423434782176,-0.02784915187129222
6.142803321979663,16.40982568098822,14.000579258882125,13.929463934139001,-0.07111532474312376
28.297258512981116,25.234469507439663,14.26173348572554,13.992642371331485,-0.26909111439405464
21.527759617229016,7.760606461835238,14.292490946943147,14.090338316197304,-0.202152630745843
3.1555626094583715,19.541962811789467,13.883043297638173,13.929791005088743,0.046747707450570886
6.426664824188208,-1.9684700571539722,14.036282270233164,13.984848625001927,-0.051433645231236724
-6.506976316327567,-15.59511551471926,13.79182527800419,13.754840693226662,-0.036984584777528084
-16.55937350305821,13.075025533487072,13.610424962045839,13.871904877793199,0.2614799157473602
1.4991339460116677,-30.116508641248316,14.448617981965914,14.427070372249837,-0.02154760971607672
-23.618074491992196,-8.967080463126827,13.608783039373398,13.561991048357273,-0.04679199101612497
27.839342557591777,16.540362874722994,14.232740061869698,14.076719495275068,-0.1560205665946306
12.276401492754452,20.41460085492399,14.1186414817261,13.938902133431016,-0.1797393482950831
5.801687684137576,-13.833867762831574,13.955930053376743,13.974858814142243,0.01892876076549932
9.254320915877273,-25.201187581415738,14.687137659439152,14.668535902981557,-0.018601756457595542
3.7187165719674553,15.854631377894066,13.954658376634026,13.92672926104068,-0.02792911559334499
-5.1930844238521345,-2.33567329265572,13.782327933737669,13.822549019289896,0.040221085552227365
5.029353159207865,9.061440233646643,14.063014641752188,13.921336121526876,-0.14167852022531235
-9.342236650309665,14.616109841305061,13.718358025943033,13.913692954444421,0.19533492850138856
-1.8986288883072149,-21.49465840416525,14.325628600271203,14.228096145341183,-0.09753245493002005
-3.608030220554596,-25.288568470571434,14.351852147082468,14.286653089247103,-0.06519905783536473
10.206067840059063,23.408843198279477,14.022318300913383,13.939926565828387,-0.08239173508499675
31.794910113977075,11.51276149157411,14.320690801346878,14.176775114132237,-0.14391568721464054
21.94675008212323,-22.967634760920888,14.099823535172485,14.196935463559406,0.09711192838692106
-8.495635577733594,-1.9532225174870845,13.763318317030336,13.79254642966738,0.02922811263704439
12.768652001516777,-22.15897827259161,14.085307886147017,14.430156453797087,0.3448485676500699
-15.682839127934677,-20.415229015124595,13.612712346854764,13.58542452149691,-0.027287825357854345
4.852704605521595,-19.361350970112056,14.044059900339736,14.246552996377222,0.202493096037486
16.1573899745621,-27.93690487841217,14.518756491290281,14.513220933458843,-0.005535557831437998
-21.253431655113324,2.7259686297813985,13.64894466965595,13.71189506161475,0.06295039195880037
-2.9264976131156075,4.248940508170534,13.89443094230685,13.909464022655404,0.015033080348555217
20.499374916738667,-18.693592272152884,14.119295375274381,14.144715058492249,0.025419683217867473
-23.816859944860504,15.369316896894787,13.75358609639178,13.819469423141669,0.06588332674988884
-12.892697014361111,-14.933233514883227,13.625965879336757,13.603537566567,-0.02242831276975643
-10.311321359474078,-26.899453990092496,13.927261454937343,13.924525358392495,-0.0027360965448472996
3.6661265104196943,-17.453201184243532,13.977374723586019,14.072771088532482,0.09539636494646331
-7.6313542972485,-24.378517968080104,14.07392395956283,14.045140809994997,-0.028783149567832567
-18.752161002468675,1.3274017647006673,13.617280677620645,13.72348941943519,0.10620874181454454
-15.724583645093901,-9.019248866712495,13.552677214373887,13.62388560521544,0.07120839084155328
-16.583760005983393,23.725272598181178,13.619426554039798,13.915954825324066,0.2965282712842683
-29.025482398810404,7.155863639917584,13.690912748865436,13.676765967750475,-0.014146781114961371
21.725998572763004,-27.88269149126547,14.194029097010809,14.377639586848224,0.1836104898374149
16.341905273415506,15.107895754083344,14.24883655654122,13.951366795555767,-0.29746976098545197
19.168281526261133,-19.660748939312548,14.106215861156114,14.145604221141449,0.03938835998533463
-20.25655928264632,-4.33593148288616,13.653440693808683,13.636904467963106,-0.016536225845577235
-12.926491951300576,2.729836354765318,13.6649550575696,13.800149794546378,0.13519473697677853
9.280390694982273,-30.686734961459955,14.718088200339086,14.561258936751756,-0.15682926358732985
19.491057475415552,21.469639222923284,14.123906698773265,13.946462483834303,-0.17744421493896212
-29.90976966640259,17.511602585437217,13.984242626299965,13.777751392647613,-0.20649123365235234
28.27623824960282,1.2905466315148857,14.284981727822773,14.239307891529537,-0.04567383629323629
6.454220179401176,17.59071647168988,13.992850422366837,13.930890143619532,-0.06196027874730525
-0.6874985173647872,2.8946932510345533,13.915150842210931,13.910181188555578,-0.004969653655352957
-8.200634849470589,5.8694282177042965,13.780670591216783,13.883670619008333,0.10300002779155015
-5.137680156392236,5.063568945981345,13.848377005884156,13.907531357423833,0.05915435153967685
5.640113186936972,26.530536530625334,13.866754188548718,13.938812809839705,0.07205862129098684
23.69667222781328,-10.916539591179216,14.182578749103117,14.188942439560464,0.006363690457346749
5.882915260377999,-22.133196143721023,14.674536457431197,14.490293224288502,-0.18424323314269486
-26.781683171476757,-12.059154810869245,13.718273383300515,13.713192073950536,-0.00508130934997908
-9.15985874486821,12.419995943540243,13.772602318943058,13.911730749082768,0.13912843013971
-12.189098772167405,-9.114074426865201,13.640071043742555,13.660103952507264,0.020032908764708424
16.523462263502452,9.829866709861577,14.277779523837165,14.008009195890988,-0.2697703279461763
6.473123436042734,-25.389656960515737,14.710547978062522,14.61562283471949,-0.09492514334303159
19.120606512061144,-28.078933654339593,14.191669176075198,14.447172388499776,0.2555032124245784
-28.950263149252066,8.3769727274437,13.74562894214654,13.690575265389432,-0.05505367675710815
6.383680048942487,28.348944274881532,13.87108588316754,13.941248249810645,0.07016236664310505
-25.51366613445809,-4.850688158076956,13.61860504875436,13.574504069328144,-0.04410097942621505
28.75945218616034,-16.05967331051383,14.157424849521714,14.248063459223028,0.09063860970131365
-9.116871173294477,2.042835888007538,13.761587658962268,13.833187115939491,0.07159945697722314
-14.172495198477378,-1.9990996608645943,13.608853620933598,13.731809361535488,0.12295574060189018
-14.212865975131756,-14.144107574385707,13.607499449745621,13.573117049247234,-0.034382400498387256
-31.022586692527142,-11.264992903773525,13.859609989262841,13.802588912053182,-0.057021077209659765
-7.7040961752634445,19.20234132576725,13.744503595856813,13.919620431000505,0.17511683514369203
-30.459394818088427,-7.888162651250582,13.995470856347879,13.710841874322055,-0.2846289820258239
28.599367209158267,17.083654913591246,14.224260926089261,14.080379596565207,-0.14388132952405464
29.912417661038404,-22.70977210210379,14.258680161458122,14.25810303488772,-0.0005771265704019868
-21.31889703144114,-28.5912870982989,13.672539135950222,13.65567592882526,-0.016863207124961477
-23.56965050775638,-15.604968879143826,13.628534816698611,13.71301885529968,0.08448403860106879
4.405456391830938,-24.05085754538186,14.699768763782313,14.618183789868672,-0.08158497391364072
-23.438445252617896,-12.115755163774068,13.624143265350211,13.629655682354246,0.005512417004034376
-13.589795323348156,24.18372943359318,13.59976511033764,13.91911223587701,0.3193471255393714
-26.349390560496794,10.800121590970967,13.751740583312436,13.743949939453522,-0.007790643858914592
-30.85323206203413,-30.133023050732994,13.75,13.71433832450788,-0.03566167549212018
24.87426573046242,25.43525554317126,14.241328127216445,13.955182707125678,-0.28614542009076693
-2.2199885015207244,-9.623911449286389,13.766089772834537,13.856015516835809,0.08992574400127218
-27.82474689000474,18.495455824753186,13.92269379774889,13.810323788766539,-0.11237000898235117
-13.272456733592136,-21.537167789015115,13.700407251913196,13.724880067190643,0.024472815277446713
-18.81684095839438,-29.986777374277224,13.637648012440629,13.660136703874116,0.022488691433487418
-22.79211202616731,23.08340964812745,13.960555014221532,13.90970670157291,-0.050848312648621885
7.267881480782734,-30.164621222620838,14.648963477337263,14.533687214610666,-0.11527626272659752
-3.315433813796986,-30.58278187662318,14.25327847766933,14.218856353026759,-0.034422124642571106
10.358604124931581,18.753061276009277,14.087169071128155,13.935554513099353,-0.1516145580288022
0.5449800081069753,27.394501422801547,13.794312824117757,13.935032311385687,0.14071948726792982
25.73890069958606,24.867195527115122,14.235976284696214,13.96524989840283,-0.27072638629338464
11.824773794879015,30.044407709957135,13.921087275366709,13.94782172122063,0.026734445853920263
7.258076366840115,7.779108465964974,14.109893314494881,13.922113643033851,-0.1877796714610298
6.877294187631335,8.485519874650741,14.103773455366156,13.922452895236109,-0.18132056013004672
-11.676976778460997,30.28489314182041,13.61611746891138,13.926756230025658,0.31063876111427824
-0.8351865621091008,-9.731955035644582,13.798817378691412,13.888824765499768,0.09000738680835596
23.830762091140613,25.347207757963425,14.226413669285307,13.954151735660624,-0.27226193362468365
2.8349986707948034,15.820212890045504,13.92825722604416,13.925895048782639,-0.0023621772615207703
12.317909838429486,-28.993324687566165,14.729031158549452,14.652967675435017,-0.07606348311443512
27.700885307259988,-0.6365233041137373,14.26774968080624,14.245127147204146,-0.022622533602094208
21.247864860061597,3.3637890668591695,14.25839739037596,14.132269278230016,-0.12612811214594366
12.891610402446155,1.542484276148059,14.190262416524458,14.049209632682036,-0.14105278384242226
13.042448406452323,5.905830230571972,14.215327820819613,14.006050965700863,-0.20927685511875005
-21.47685782634627,-9.280685550324833,13.6394040720903,13.559540603824473,-0.07986346826582746
7.010474471529321,-18.465104861416187,13.990102803675748,14.195812955472606,0.2057101517968576
-0.5660761850278817,-7.751240817014626,13.848062454073556,13.895075522918216,0.0470130688446595
13.979355082638016,-19.022968998675452,14.062747830396257,14.27351977777529,0.21077194737903326
23.27267766414706,-11.02666344280209,14.178347299618324,14.18365317908806,0.005305879469736041
11.028884058313722,-2.3114055808470653,14.117522113189983,14.040680970275064,-0.07684114291491895
-16.177662029523376,-29.53954161011702,13.66107103547408,13.648168857703306,-0.012902177770774514
-19.09280804939494,-0.2932097137275278,13.633780993386923,13.70191467564471,0.0681336822577876
15.663005887886811,-3.204807072333786,14.176544522414831,14.09648927895437,-0.08005524346046045
5.908324137256876,10.549401545881906,14.091229086091516,13.923574151496961,-0.16765493459455527
14.693094738269572,19.614986434904374,14.149956255551217,13.94031763521537,-0.20963862033584668
11.006098695643885,11.30017861777766,14.227671522328484,13.9289213249789,-0.29875019734958386
25.76392729763994,14.253806906000023,14.269449231938237,14.075005480221861,-0.19444375171637596
-2.5919303472508943,24.596447739990325,13.757844763361957,13.92947887187092,0.17163410850896277
-13.258575322649428,27.429249295572326,13.62674986985844,13.922556501368936,0.29580663151049613
3.662673174886102,9.445906601686772,14.028784582434694,13.920470019585125,-0.10831456284956964
1.6801806272372488,11.511323321907298,13.987760846219222,13.920674258161531,-0.06708658805769119
0.38638591452667015,19.22431456188334,13.793198746161018,13.926973716966865,0.1337749708058471
12.895022387270224,-6.945133296548676,14.13063773793565,14.059949235372445,-0.0706885025632058
-29.680123319249773,7.968014685318728,13.75872297819994,13.678485350077125,-0.08023762812281454
25.525103343099772,-8.480535565570214,14.208557153753823,14.212977500183435,0.0044203464296117545
25.846358728037117,-12.301476656472587,14.191121692802993,14.21454486892866,0.02342317612566802
9.766396416002245,10.688819862426215,14.189431091707537,13.927205590993728,-0.262225500713809
-11.32545440457362,-31.74925858059843,13.887581060981828,13.871091261641567,-0.016489799340261513
-14.002486488836887,29.006031298583352,13.641825540968977,13.923409839439994,0.2815842984710173
-23.802085809180703,3.519917731791736,13.658211341876576,13.693355776788398,0.035144434911821065
-21.303545835795596,16.80153128325759,13.62777681509126,13.861356879039253,0.23358006394799347
-24.451580210356745,31.4583283164851,14.052236888428538,13.91631601099096,-0.13592087743757908
-0.5525693614945837,11.750858946350242,13.93094247866571,13.918882878620423,-0.012059600045287056
-6.8701160604695275,-30.958417437967825,14.083892115336468,14.064809410016316,-0.01908270532015166
31.374949703980363,9.420562708386875,14.353993957155012,14.19323264658702,-0.1607613105679917
-22.135936436450805,27.43352971732353,13.94366746226863,13.914515539518122,-0.02915192275050771
-10.316159738105036,-13.584845537751754,13.68574697742747,13.664485019049746,-0.02126195837772471
25.95174877357318,21.651821560434456,14.156606526161255,14.001002528335944,-0.15560399782531142
-1.6461929480867354,-21.513458707063457,14.350396957744126,14.246180378377181,-0.10421657936694473
-7.1014310673215135,-25.30433542559097,14.126928675186036,14.066142114370576,-0.06078656081546008
-0.022548030712115974,-23.738237985403337,14.558924318238486,14.532383002805837,-0.026541315432648815
-17.00781391455034,31.435649068669605,13.586363919277703,13.923039953675213,0.3366760343975095
31.458723367873823,-16.832782414259327,14.244787110604069,14.280815042458036,0.03602793185396713
-9.807594045045668,3.0111219491498105,13.755485595184508,13.836188068855925,0.08070247367141725
13.055516181709457,10.259251389782229,14.251682508227983,13.961315573507454,-0.2903669347205291
-10.561079320215661,-18.74978525467334,13.738752358566193,13.7655604737994,0.02680811523320692
-10.711370346543895,14.528315152690439,13.709796771517384,13.912367125927613,0.20257035441022886
-26.88795026544848,0.018795896926711464,13.662670641499112,13.623356070652031,-0.03931457084708079
-15.517715514724628,12.006773994499248,13.564864640970406,13.87155638664477,0.30669174567436386
-1.7744245071156826,-29.123689237535466,14.327365859111946,14.313023005400913,-0.014342853711033499
20.61687798738798,-23.406742432149258,14.096519980581949,14.244523048850017,0.14800306826806775
-16.090508611815793,-8.185172947509884,13.551997894589693,13.630878139421338,0.07888024483164457
-9.739172622036719,13.30061583653928,13.739744807099184,13.912058846402926,0.17231403930374256
-27.072988943233057,2.620733466912597,13.659977606254277,13.649122714389414,-0.010854891864862992
-27.773974676982228,-17.124545116314287,13.73919124167934,13.81344268021864,0.07425143853930116
-1.9631611720513504,30.225957800142886,13.739745830013554,13.935502281806716,0.19575645179316226
-1.081974168171513,9.665227360049045,13.92836269972946,13.916382649915143,-0.01198004981431744
10.432294425461144,-15.713911718613161,13.999778066314148,14.027649468572033,0.02787140225788498
-1.0185814919241878,-28.18339640063453,14.370799972666457,14.38566237777693,0.01486240511047221
12.840803743319874,-25.406638760140986,14.378746318009888,14.543392232483654,0.1646459144737662
-23.568448613995805,24.097414891867572,14.117628007236801,13.909985464120062,-0.20764254311673902
-17.79778766576559,-0.7863929709293416,13.601168708062922,13.709207003513374,0.10803829545045218
13.197469441252252,5.701140982301993,14.217139730735825,14.010051142435271,-0.20708858830055377
-0.5396103021482901,31.691793768706482,13.738938267295287,13.938212403377113,0.19927413608182576
20.210497185010638,-0.6374365311325008,14.22280088820417,14.153837357043969,-0.06896353116020038
16.013518341769213,24.281290375253597,14.075413952314264,13.946034751048256,-0.12937920126600844
13.139335747606559,25.601598241386824,14.030098522048894,13.944709071317611,-0.08538945073128268
12.046085434837103,-30.899983366280047,14.721757376741136,14.609329328715448,-0.11242804802568784
4.237579385800444,2.7998659611893686,14.009273763750288,13.930771881039677,-0.07850188271061143
-9.488190086960678,-28.819268611754275,13.991363957992204,13.956183265276312,-0.03518069271589219
2.257510980382527,-25.793862708594908,14.558867535603536,14.54406646172752,-0.014801073876016702
-0.421690766906444,-6.156516008119482,13.8680251054869,13.898395982209411,0.030370876722511042
-18.560018135643418,-30.197937491137083,13.62847430646218,13.661184637494662,0.03271033103248122
-22.816462197465704,-11.065142581206004,13.631349995681056,13.589774436217105,-0.04157555946395064
23.729617208581345,27.263052361056722,14.161007171641964,13.95591604757005,-0.20509112407191488
15.05589999703406,-19.205720117818544,14.073680442693249,14.240276830564202,0.16659638787095332
18.990895273644043,24.535890208341407,14.110621294914178,13.94897964248107,-0.1616416524331079
-3.3777627839943634,21.502879862148696,13.715310546705776,13.925769817343461,0.21045927063768488
-13.779105007761558,26.99682692577486,13.632466476619427,13.92166586217106,0.28919938555163327
16.692539452382142,-22.315716336453463,14.09588063370785,14.299771179900011,0.20389054619216118
-9.582242620253922,12.566495484724712,13.758617186521207,13.911489885126223,0.15287269860501596
-11.69451118374807,-2.6353443014894893,13.664876682412366,13.749769441718385,0.08489275930601892
24.69622413645684,21.485600086018387,14.14409197572515,13.987414980776004,-0.15667699494914622
-15.016134142164084,22.42350463483448,13.62660247418774,13.91611439854866,0.28951192436091944
10.374824877282443,3.9366149351209643,14.167138964351409,13.993846836673443,-0.17329212767796598
-28.89443182238208,-24.0236633281336,13.74117080715581,13.747873794647125,0.006702987491316037
13.187309853723406,-26.935878884425357,14.677813553403595,14.585167919966024,-0.09264563343757182
-14.156666378834892,-6.164356157422027,13.605467463056911,13.677698549372812,0.07223108631590058
7.338051252367933,11.509964843166088,14.128662397102007,13.925800387389275,-0.2028620097127316
-9.271497375866517,30.6126088533927,13.533485225644057,13.929253670329846,0.395768444685789
-15.38574895607475,26.00026891334229,13.629069365368416,13.919244425518357,0.29017506014994154
-24.690337062107048,-15.078619832352715,13.616453636273361,13.729383145355557,0.11292950908219623
-7.144596817432074,8.174214533188064,13.813610364058345,13.909443979463228,0.09583361540488333
7.656504560640045,5.056104333058769,14.103055920297024,13.949172573398132,-0.15388334689889227
16.23689891890848,-5.6782807922306375,14.161995156796296,14.101628494980023,-0.06036666181627304
-26.407630605564144,25.988491783274746,14.034397228555914,13.905184028837827,-0.12921319971808742
-23.587255992384208,25.140510099207447,14.080226052724388,13.910978918415509,-0.16924713430887905
-3.4133035412687036,-3.953409277245555,13.808276426840244,13.827394460446024,0.019118033605780127
4.065313817677804,11.260080543169536,14.04812928769575,13.922592393673465,-0.12553689402228407
-14.244253715498495,-7.856010494180751,13.614306465188267,13.654726300449145,0.040419835260877335
20.03680848706049,-5.093404811728377,14.189473262788503,14.148378549827253,-0.041094712961250224
-13.275427298816986,15.82558026135527,13.549100631595605,13.911300174888634,0.3621995432930287
19.334875121366608,13.778155744402511,14.271106285884354,14.001556559427504,-0.2695497264568498
31.87369739561379,10.827016090385229,14.331919232512764,14.184807083576946,-0.14711214893581825
-29.670650341402407,22.290750619836878,13.93246335557401,13.831212359238405,-0.10125099633560453
-7.204049883966448,9.1060413689518,13.805803121942615,13.910292807368828,0.10448968542621273
-31.334022245368047,-1.098844395652847,13.550493828761018,13.577305557801504,0.026811729040485233
-18.30782275131964,-12.208394032080896,13.556786078043537,13.554960867997654,-0.0018252100458830967
-22.630510739319618,2.3353437247751927,13.672064934488318,13.693144033422469,0.021079098934150053
-1.887025395672893,-1.1825149902907341,13.877535356326007,13.872599676247363,-0.004935680078643756
-28.30481394814155,1.4006974899274311,13.671926168419374,13.623072059863915,-0.04885410855545835
21.289455602804985,-9.226870943299275,14.16634590850255,14.16054508695171,-0.0058008215508387195
4.083261177635144,-6.344257851156144,13.97140583013947,13.954843612011297,-0.01656221812817371
13.937941502434704,-5.00049201666571,14.153623962818187,14.074118293048423,-0.07950566976976425
-1.8721585739486883,28.13907704783712,13.777206209784651,13.933563087182451,0.15635687739779947
22.10580972691919,9.01418546994232,14.30474830170456,14.084455768388048,-0.22029253331651155
-18.3728066212921,-2.9684867098263368,13.612772275921895,13.674679987418262,0.06190771149636731
22.13058211458631,15.199851164562851,14.249933192318169,14.020968004386967,-0.2289651879312018
10.120086066705348,-19.076821913537927,14.012040121275302,14.282569019745958,0.27052889847065664
-26.843191247983924,30.2534033235436,14.040280099775968,13.912981342401197,-0.1272987573747706
12.521864603281252,6.29047924471277,14.210943741820579,13.99573965764139,-0.21520408417918802
-27.64246806147591,-4.938002040525092,13.578688470874622,13.571693048864496,-0.006995422010126262
1.635339994313476,-7.644664281381154,13.891344716735752,13.927079783952902,0.03573506721714992
-15.631711807520183,-9.573212598497207,13.554711437580785,13.617650626364915,0.06293918878412974
20.09875966797533,29.58847319275415,14.025117434712328,13.954878334354584,-0.07023910035774428
-11.885698765190284,-3.8162649029588565,13.633803388160388,13.732355176689584,0.09855178852919622
-30.47110717267391,19.047552406576266,13.979862160705006,13.788172188722063,-0.19168997198294235
23.22952939821794,-9.464853317543266,14.182488344690046,14.184098047392093,0.0016097027020460786
-24.54796339957491,-10.566555787493613,13.606881608174529,13.622274944639848,0.015393336465319152
-5.026017647210509,17.49079788991576,13.752745705680882,13.920389381963071,0.16764367628218935
-5.084373869654129,23.100443959341405,13.729326355894026,13.925770841266239,0.19644448537221315
14.165216446318013,11.28852120123819,14.274010932442971,13.964225700551731,-0.3097852318912402
27.405629740360858,15.938801037741264,14.242445976895448,14.077637226758942,-0.16480875013650653
8.815196797611954,2.33957266135355,14.119800246503514,13.991308367900688,-0.1284918786028264
-28.74386765539205,6.843442051574449,13.652752696203722,13.676420081387782,0.023667385184060308
8.456979865494795,10.89634042685487,14.153276864727903,13.926219967791619,-0.2270568969362845
0.744414517724266,-4.843689532840472,13.889831017214163,13.916770445734915,0.026939428520751818
-20.419422708509394,19.193324582290877,13.616513094713616,13.896210605761766,0.2796975110481501
15.086199379151118,-25.65257885427627,14.148529339187434,14.46922991829459,0.32070057910715555
21.87682177517626,-18.034209311447135,14.13026321227301,14.162086987287202,0.031823775014192535
13.362829100706563,-31.199744309755594,14.724636203405101,14.62821373784144,-0.09642246556366096
-24.053082869204054,-10.066612653576158,13.609089978577366,13.598249905547457,-0.010840073029909192
12.688808672594021,12.033272766411024,14.27041617998133,13.938551730293627,-0.33186444968770346
-17.799868044227573,-28.21550548373544,13.578673143586533,13.641634299775397,0.06296115618886411
-21.593019542629698,17.29477200820463,13.651622826252432,13.863546363432699,0.21192353718026702
-0.10358905418294029,-28.47379745625097,14.416059068237523,14.438593930641096,0.02253486240357283
-27.90083998311215,-15.158321125352629,13.75779475273081,13.812677805384247,0.0548830526534374
-17.751505639800335,-4.554028218260953,13.583342909400193,13.660600306909153,0.07725739750896032
-29.118071521796928,-26.011459608057834,13.750472099693411,13.726464927705809,-0.02400717198760205
-12.191649242310696,-3.206148578463349,13.646938320964324,13.73706459217617,0.09012627121184558
-7.234722165463381,-31.434881029316088,14.062181952361176,14.04813284455576,-0.014049107805416128
-0.3762990447387864,-9.469411708851169,13.825617835280157,13.899678254609553,0.07406041932939544
-19.284537359443362,27.991877383527864,13.62274931209718,13.917640519233297,0.29489120713611605
6.975083489065142,30.67519753611098,13.860248006289961,13.944037767025073,0.08378976073511168
23.176918088287714,-24.42935814504149,14.104426483859434,14.219576684682263,0.11515020082282845
-2.6170841927620643,-0.3528246600054956,13.873078657577059,13.875677517982231,0.0025988604051718767
-16.08921319974037,-6.20403269724622,13.535312076949971,13.65670859657926,0.12139651962928966
6.256421892604386,6.844467854776859,14.078950431671403,13.920300460574488,-0.15864997109691537
8.170740273951395,-24.987479612538408,14.691532876360208,14.655298649259837,-0.03623422710037083
16.901677850514375,30.28917366133429,13.976326181574839,13.952659782536445,-0.02366639903839385
-9.532657468424482,25.24991310140672,13.610265559426637,13.923821882486228,0.3135563230595917
-24.18978985100538,-8.641330636047655,13.60660621002691,13.569026438933605,-0.03757977109330568
3.920102498275405,4.033227636117992,14.009039216255726,13.91545978216155,-0.0935794340941758
-25.289526027423648,-9.937534140470895,13.616866404582115,13.626663912292926,0.009797507710811004
-4.6181778895828245,-7.4957414610262205,13.750848378186454,13.79907539508182,0.04822701689536579
-31.259973936183954,10.758060435019708,13.92757978464051,13.69148023262423,-0.23609955201628097
-0.8057129198073483,-14.52937557300001,13.87912037893011,13.889822761185377,0.010702382255265874
-2.6589735372765446,-27.675065503064523,14.333594217181105,14.290465756791145,-0.04312846038996021
26.37806208646365,-10.080056593678684,14.2087577640558,14.222479854068535,0.013722090012734611
24.472937078614102,10.770601537857672,14.331503123381967,14.095192092286451,-0.2363110310955161
20.644626085055762,-3.8546753239717972,14.201884958356683,14.156715373918638,-0.0451695844380442
17.90926423944564,-17.192036975804953,14.106607034971013,14.113762792838296,0.0071557578672827304
-18.595366962913808,6.942671133207874,13.612297048488717,13.78498817049988,0.17269112201116243
26.081376224500772,-28.026398846952176,14.200551862784769,14.278239079462587,0.07768721667781797
-20.475683106676264,-16.735107941426506,13.596274806934623,13.633554613129974,0.03727980619535032
-20.934449127870124,14.046476455478327,13.614815527879855,13.835908444280317,0.2210929164004618
26.73047404233583,5.152925205815791,14.304453481373848,14.180638111205994,-0.12381537016785416
10.98839610170728,31.206930167863554,13.886599067218238,13.948189947567291,0.06159088034905302
-11.097031717083652,-24.618259828957598,13.814133367161148,13.868712112988504,0.054578745827356556
-19.406722544163188,-27.212152676741745,13.615121717270165,13.637838664170694,0.022716946900528612
22.745307990179107,-20.575154163915407,14.119020879479432,14.171192133276632,0.05217125379719967
14.421801175149774,-8.232893623363964,14.132667450734395,14.077591031604614,-0.05507641912978123
11.046174502298662,28.129653728291345,13.943804169045205,13.94526119769199,0.0014570286467847637
-8.815743141238073,-30.124978226353427,14.035851147951462,13.982571120581401,-0.05328002737006088
28.35682422302208,-27.096585401141404,14.238560997222189,14.236208032370246,-0.002352964851942474
23.657946322597837,31.406493133616166,13.975742504519143,13.959865054078044,-0.015877450441099228
16.630945481637326,-25.139965648749474,14.134222572204937,14.402039832530452,0.2678172603255149
19.6546649607805,-17.510380327073833,14.121026751755288,14.135054074625188,0.01402732286990016
-15.492523678494159,31.317231946108798,13.62734901098953,13.924298468864158,0.29694945787462856
2.089711495961275,21.986430202665346,13.809332240060222,13.931193155302047,0.1218609152418253
11.200264446349877,17.682426144418542,14.139144993877656,13.93528008998191,-0.2038649038957452
28.084079589302412,4.077324079724754,14.304123445108804,14.208227315422462,-0.09589612968634142
-16.05288426829749,-6.545264861152219,13.532701969069292,13.652646774560832,0.11994480549154041
30.176177735425505,-5.5328443043037865,14.259765907720068,14.272086160677237,0.012320252957168876
-5.587069457541553,29.488795576566197,13.699721992754718,13.931503989018902,0.23178199626418383
18.387430314289965,-4.378600867447986,14.184674638500336,14.128812856304823,-0.055861782195513854
12.216499427429994,-0.3316756434645498,14.15295237955896,14.056639830039204,-0.09631254951975521
-15.973979669242425,20.405474022446285,13.620700581261392,13.913291383883994,0.29259080262260184
25.249864653107586,19.36668883423779,14.210750988232183,14.016013746856672,-0.19473724137551152
31.541996689343392,-28.072529250028822,14.235279995744625,14.274815503456272,0.03953550771164771
-20.04001543871147,-14.269016198203694,13.6014385838315,13.592810950803601,-0.008627633027899151
-26.788779149636987,26.666980207875625,14.033590788715719,13.908376378723709,-0.12521440999200983
5.661893024629144,-15.854784104249575,13.94167841821714,13.973394957161673,0.03171653894453286
16.61144990221716,-3.0023977457112636,14.183651954537703,14.108200247373988,-0.0754517071637153
3.220805410083898,-6.311766465118168,13.943035736316569,13.945031146943775,0.0019954106272059846
-0.6363887976834377,-5.164261751727992,13.871377839423385,13.893248306714355,0.021870467290970197
-30.930550229978948,23.086042890733594,13.920442395149953,13.82634012805554,-0.0941022670944136
-9.572100718555149,-0.07083760320296761,13.72837082565302,13.805672455496069,0.07730162984304911
11.819565452795047,19.455913980928244,14.118147532072491,13.93755939786062,-0.18058813421187203
-26.237942515386003,-30.983924746928686,13.656805097735536,13.691526545192314,0.03472144745677852
-2.6445717499811607,-18.656896190690404,13.929985144646679,13.949994346305738,0.020009201659059173
31.107562592561635,27.874598366972897,14.017313598888311,13.999666623437436,-0.01764697545087479
-1.8640276309452162,-26.10565237530632,14.417214549074355,14.381084703524214,-0.03612984555014087
-19.314611338149227,20.306149146668155,13.60662223736078,13.910167715460638,0.3035454780998581
12.234882599629422,24.87121478584811,14.031335544125898,13.943181851679704,-0.08815369244619475
7.411843198065739,-6.925319990594488,14.031761517226595,13.99313784898348,-0.03862366824311536
-21.72547049752952,28.227176463901273,13.895090096633327,13.915656369561018,0.020566272927691642
-17.92274689293891,21.51707937260641,13.605514957379814,13.912602181270486,0.30708722389067233
21.732948753625095,8.20344443406831,14.296821844821089,14.088272292208476,-0.2085495526126131
18.526653746586234,22.22539767767494,14.124590266785281,13.946320633958091,-0.17826963282719
14.035166447647597,14.55991536675888,14.25157520911171,13.934824287604728,-0.3167509215069817
-0.13223674774113192,17.71311600566272,13.809599376173948,13.925039741577846,0.11544036540389868
-13.809736743999458,30.93674719268988,13.641952757931996,13.925454899918668,0.2835021419866717
-27.59843684949361,-30.16564607463898,13.685117861708484,13.688584263125001,0.0034664014165173285
-18.056950674616935,19.02040421567063,13.61622485105811,13.91006190503506,0.29383705397694904
0.07269463292843881,-29.621144620724444,14.415346392318789,14.418345115798829,0.002998723480040155
-11.771981259695153,-12.741645307760251,13.647356507109695,13.629947546742706,-0.017408960366989135
-19.67718884559308,-19.211661608754042,13.586249694585856,13.57954977753765,-0.006699917048205606
31.614114605604513,-2.3116129017188882,14.28640084909042,14.29180402801793,0.00540317892751041
21.916265489055306,-29.283125354371073,14.215837613421044,14.423051164346791,0.20721355092574711
29.37339661531695,-22.465024371108072,14.24919135803746,14.251619305594147,0.002427947556686405
-1.027163071713467,-0.36294511305388966,13.892849868831874,13.892388862704552,-0.0004610061273222499
-26.673305773147675,-31.64184185483529,13.65198265088679,13.698575500044146,0.0465928491573564
28.079502067337543,-8.291914993094728,14.230354452211275,14.244546422333409,0.014191970122134023
19.186436949463285,-31.53608422930514,14.7031902326551,14.568969519146208,-0.13422071350889198
-7.05854340708148,10.530399042425842,13.818297328404952,13.911804519109683,0.0935071907047309
26.631985821167156,-13.624398245798659,14.186421146084594,14.223391076519496,0.0369699304349016
22.535850532302142,22.525393005600165,14.147430420479553,13.950362562992181,-0.19706785748737232
13.169123816862253,26.718158286367576,14.008351241270178,13.945817734298949,-0.06253350697122961
27.910244817171254,-27.328046104354613,14.230017222079102,14.2305648604962,0.0005476384170979287
9.488519189180153,-24.68888824709498,14.677515934446049,14.641602521767862,-0.035913412678187484
12.094249466695913,-9.798955528987186,14.095557838826334,14.048049448728616,-0.047508390097718234
-4.980903596703371,-4.166645548107979,13.766995907897321,13.80093695272364,0.0339410448263191
-9.653871644045687,6.243587643326741,13.733872743901133,13.87226252809509,0.13838978419395787
-27.08240330748376,21.08179711320311,13.942907974531654,13.845748690448916,-0.09715928408273733
-21.037209702883438,-23.113207622315628,13.634489626689822,13.607222445933948,-0.02726718075587442
-3.3943116640869277,12.874921189484034,13.855480288965332,13.917396484956734,0.061916195991402745
-22.084476503339665,14.574643838801876,13.636986266833748,13.82935362544998,0.1923673586162309
-9.791790519165438,-6.6664644373597,13.673509953956003,13.717395854488247,0.04388590053224384
19.314803306872,29.988746971728403,14.006216550328972,13.954555639125715,-0.05166091120325689
-28.611583382719537,22.643668205799642,13.939359594258818,13.846192627857368,-0.09316696640144961
-12.017814972527766,8.407334552501197,13.715106828445712,13.870276931459873,0.1551701030141608
31.76422315255735,28.902018026030483,14.001221992323654,13.997074408778353,-0.004147583545300648
18.191604213150114,-12.881211594931173,14.121825730634734,14.120049267651567,-0.0017764629831678036
19.595917395213093,-9.433140977250083,14.154543553886672,14.139750387521222,-0.014793166365450361
-20.556727892675298,28.225531124555395,13.72264761371,13.916713948624176,0.1940663349141758
-5.4662741621419215,-20.9432324556661,13.946913276009354,13.971376840469803,0.02446356446044895
-22.02536340890189,29.049621674556533,13.906546666152515,13.91618133540791,0.009634669255394357
-29.405148114882827,-27.060036433690655,13.778779392146042,13.719462637006115,-0.059316755139926514
-14.966826238271125,20.76893840667936,13.613244963492166,13.914556222803037,0.30131125931087155
-29.765506194294808,11.370224924961711,13.876922488305345,13.713835628110813,-0.16308686019453233
-8.878007829483956,-10.722758322267893,13.700990150797125,13.69837236193424,-0.0026177888628851065
9.697365706059145,-5.180766461388522,14.077346500108352,14.022301069696555,-0.05504543041179666
21.224536515342194,-5.4056057255080034,14.194102310047176,14.162619834486602,-0.031482475560574485
31.69407873857309,11.255572924729101,14.32483297289675,14.17819848884009,-0.14663448405666024
5.701169904756313,-15.037288739790355,13.942395257149656,13.97379063821284,0.0313953810631844
-7.0721111944827015,7.628078053683396,13.81331547049226,13.908980599844506,0.09566512935224658
-1.1408657619100495,-24.924985319613015,14.483319140595484,14.457468544044133,-0.02585059655135069
-5.324061928285467,20.007399561324995,13.733272957504232,13.922557237202525,0.18928427969829364
-23.248846416302342,25.343825906341422,14.082986825744078,13.911482564281995,-0.17150426146208275
-24.119524918569567,30.479080177831896,14.027509668769397,13.915668289464822,-0.11184137930457538
-12.466791914643672,30.63202191226283,13.629689356890182,13.92637674105486,0.2966873841646773
-2.375942625002402,-13.921511242244698,13.848821269089582,13.852589953522896,0.003768684433314462
0.6174575767737878,-13.212146296236206,13.875816511906203,13.915849339079317,0.04003282717311407
21.538980731352268,-19.5099005886662,14.118400535362388,14.157005012386858,0.03860447702446912
21.425905623021507,-12.176629803840733,14.156830539592738,14.16019606935605,0.0033655297633128356
-0.15849245040597992,-17.49725241053364,13.93811537073612,14.0195020650927,0.08138669435657953
26.418964982785944,-15.117586401588895,14.175808279375751,14.21983501484956,0.04402673547380864
18.512489325916178,1.2966370214141776,14.22715128525402,14.12024939437627,-0.10690189087775082
16.602899748445218,-18.743997707119064,14.089450109999103,14.174456824210127,0.08500671421102446
8.021398140437746,18.687645684303476,14.028253910948562,13.93337304882144,-0.09488086212712155
24.190778954851076,29.589637628963573,14.052188846380737,13.958587854880893,-0.09360099149984435
1.3785845429897847,18.062351431345277,13.842043017533408,13.9267472451912,0.08470422765779162
17.356082048139065,-2.173952169850395,14.19474495826074,14.117896785834306,-0.07684817242643405
-26.912836393482287,-0.20865847569274365,13.65995495468009,13.620173058695176,-0.03978189598491433
-5.579328009602854,26.81524645714103,13.719192654123463,13.928921003996653,0.2097283498731901
-9.413154893954335,6.730259720962373,13.757339468427311,13.879998720493676,0.12265925206636474
12.46812098657751,2.912106501599297,14.186544888274083,14.02992412622617,-0.15662076204791298
12.602011621515679,1.0636251649128,14.177887660197863,14.050618382124059,-0.12726927807380406
23.01980438464851,-10.170448233851445,14.178683186513394,14.181074811339828,0.002391624826433514
-9.726052558075871,-27.20478924160259,13.967035264689812,13.949154404949773,-0.017880859740039057
-21.17745292098131,-11.962539588454433,13.646045398839059,13.568768619680075,-0.0772767791589839
20.7749725362389,-4.24786393521628,14.199914747155693,14.158009079833999,-0.04190566732169465
21.825627969564067,10.958696954246193,14.317664801434194,14.060988278538398,-0.25667652289579657
2.151365785486526,-31.28830488302379,14.434237054833863,14.41410883473661,-0.0201282200972539
-7.40886069512495,-14.292092569796857,13.751854423781749,13.73339586806984,-0.01845855571190924
-25.834577839035127,-10.529233068858595,13.618323521628831,13.65406669618246,0.03574317455362852
20.257615621532096,21.392904624053138,14.122581742215463,13.947082840511566,-0.1754989017038966
22.118454485300624,15.653146271560615,14.24266844301474,14.016145593114134,-0.226522849900606
-2.828943318541029,2.9807714522881668,13.888940687696042,13.908323892461976,0.01938320476593347
-5.441072908645218,24.661025881869925,13.733832526877789,13.926959396499601,0.19312686962181225
1.134681425394497,2.497614289082321,13.936073528316795,13.911447868884313,-0.024625659432482294
-6.172671546470681,-21.997002395650924,13.990153617337473,13.995543498224178,0.005389880886705001
29.85972482287942,29.819204613679382,13.973469535189919,13.964404848700275,-0.009064686489644203
-7.420077994622716,22.815915596117705,13.725457081930736,13.923378472551112,0.19792139062037606
-30.571917537093178,-17.127819250089757,13.961267654937643,13.884395870221267,-0.07687178471637601
15.734083509316484,-1.804757001956368,14.187771037066224,14.098405575018328,-0.08936546204789586
23.755220612866772,12.040050349248865,14.304349671528207,14.073353731992684,-0.23099593953552322
1.5098458493162497,-3.635166693622672,13.910021122147747,13.925401694454324,0.015380572306577633
27.96800112599834,22.574783121158774,14.155605247802708,14.016057562786154,-0.139547685016554
4.169329692181407,-19.794453501376026,14.245294670332502,14.27516021936415,0.02986554903164773
-19.04766221101589,-23.881179030124393,13.584315124098492,13.60780120834544,0.02348608424694909
-28.2774090857721,-2.1727070464783367,13.601548899246506,13.580123108798182,-0.021425790448324378
23.38472602509114,0.9708748460383632,14.254075415757407,14.182989201581027,-0.07108621417638084
-16.03322170102011,2.110759964710681,13.568467180873618,13.760640843478766,0.192173662605148
-24.802971451765075,7.481178954777867,13.595903406681996,13.724964834419715,0.12906142773771911
2.3601092644031283,-28.34734465763153,14.516202131672934,14.483006653879922,-0.03319547779301146
-29.87913647144058,-19.748197678160544,13.851348454908274,13.831113894597868,-0.02023456031040638
-24.814929192239333,20.275051927346887,14.023818136140743,13.861172865970504,-0.16264527017023944
23.50504048629329,25.551121285663562,14.21537324487565,13.95405409168619,-0.26131915318945964
-8.87169021877196,9.658500633085403,13.754669306092099,13.909316703227539,0.15464739713543985
-25.597797122473267,-23.58360263424879,13.64837487100812,13.67021751609112,0.021842645082999823
-24.51576895576155,-14.678419013322,13.61980448424337,13.715773873370523,0.0959693891271538
-8.684374211702703,23.59424564774283,13.720277297811018,13.922986711341895,0.20270941353087757
-3.2917657740314965,4.726672175194743,13.8905265708008,13.909595800937003,0.01906923013620343
-27.239995970823593,-21.572399919207108,13.660869966665064,13.739290948860452,0.07842098219538762
-9.030863060342242,29.330896477870688,13.518142500206128,13.928230086314503,0.41008758610837504
0.4407260746440613,31.196563988920182,13.764580160072732,13.938621079369412,0.17404091929667942
-24.696118825420918,-7.458709304125492,13.618816165843315,13.554748159858434,-0.06406800598488083
-1.254531060729306,-2.134246017680084,13.880240033971184,13.87841668587508,-0.0018233480961029613
-5.237020668408583,4.02700335832008,13.850394754152491,13.895433066831144,0.04503831267865266
-28.473551929295418,11.638971633800693,13.843006077128937,13.730386100721715,-0.11261997640722221
10.94041864676175,31.369345693110645,13.883018133184,13.948303808038828,0.06528567485482739
5.321032644513529,-18.962661032868866,13.999760639484702,14.218390273092325,0.21862963360762322
-15.619286007947174,-30.359594354670875,13.668438537037366,13.675236147653546,0.0067976106161804495
4.747840901175799,4.793673038725267,14.032214297263835,13.916946601572954,-0.11526769569088025
-18.236060944792456,-15.539957562640751,13.5439815720888,13.576187823067182,0.03220625097838159
-17.39766315816926,9.635455476516555,13.601910340129187,13.826371328339773,0.2244609882105859
-29.15240281219949,25.902938983662395,14.030247080066712,13.875194926252913,-0.15505215381379855
-8.858141157648802,-25.767275717638384,14.015715815262826,13.989458111141118,-0.026257704121707803
21.28516233958584,-5.668052476125261,14.192366461333778,14.163161876656607,-0.029204584677170686
-18.83063332947637,-27.54952112268427,13.61089576463391,13.639005279324842,0.028109514690932258
-12.810110114840555,-7.662983046858315,13.635947641909283,13.672434648141536,0.036487006232253094
22.34196798515096,21.570730208306777,14.121370716131501,13.957844579545863,-0.16352613658563797
17.0631192861928,11.831125549969691,14.295196159444334,13.993948284066413,-0.3012478753779213
17.667722709373777,-24.626549489280748,14.132437482376965,14.358834639873736,0.22639715749677158
-30.655207178585044,20.495902997212873,13.95347020146243,13.801655865265914,-0.15181433619651585
17.604390961862954,14.296118748777864,14.261570351889876,13.975124790250932,-0.28644556163894386
-15.824973233407349,-25.99377943755706,13.639999210363726,13.626239586741043,-0.013759623622682682
3.188657958872291,-25.437273914177496,14.602765520104628,14.566420911751159,-0.036344608353468644
-14.513369493902431,-8.170399343671342,13.602924318190677,13.647778475476754,0.04485415728607656
0.07316546627664167,-2.2164335644591873,13.89657959086855,13.908970784276676,0.012391193408126
-13.391174394760114,-17.005435575824606,13.648894598033841,13.630820024810811,-0.0180745732230303
-6.871528611722383,-25.386652526234634,14.142205108375133,14.075892023567004,-0.06631308480812947
6.571791039529508,-0.527402912379273,14.047330263911235,13.987698151109981,-0.059632112801253356
5.366363794400321,4.337871434619274,14.045156627947698,13.928668259574742,-0.11648836837295562
-14.125449125158774,-25.24294075382148,13.696117031780526,13.711172316751217,0.015055284970690863
30.837840907736165,30.722371428313885,13.978688887054744,13.967011730708547,-0.011677156346197037
31.051123834882453,-30.18362259179849,14.24370337977672,14.267452198097116,0.02374881832039577
-29.460714895265774,14.576299252439448,13.947938906784792,13.751229240487087,-0.19670966629770525
-27.96098540315461,-7.5783827562090025,13.73453324061809,13.640339159075593,-0.09419408154249709
-12.23578471697953,-24.592649034833016,13.73356221876323,13.80721047340765,0.07364825464441971
27.925712979508468,-19.36640901808152,14.179356711404523,14.235731335423898,0.056374624019374764
17.56128830838947,-30.167359217535882,14.677496178216842,14.559126712674466,-0.11836946554237571
7.705128087153007,-15.260593097662593,13.970013679658882,13.99659961905997,0.026585939401087444
7.345903269904888,22.565750866832374,13.956666368408092,13.936517795990596,-0.02014857241749546
-5.121663803965141,-26.0151803187061,14.25916973710395,14.169518895056488,-0.08965084204746177
10.88002956639395,-9.203873011684422,14.053845588147247,14.033697455581663,-0.02014813256558412
-14.063335356266862,3.6454369964098134,13.605772466434525,13.79786322906254,0.1920907626280144
-2.341060587149059,19.120652924046063,13.728260584678415,13.924401546363066,0.19614096168465167
-11.434324224336912,7.072365914005502,13.71766232679087,13.862232527019552,0.1445702002286815
-2.556197241920856,23.77554623226223,13.751604883328646,13.928716006662013,0.17711112333336665
-12.520454246790244,-23.112438317275867,13.726134930125902,13.779032363725934,0.05289743360003207
-23.618184781952785,24.31008611155807,14.111057404145404,13.910146415961927,-0.20091098818347675
5.880167463705092,-9.022706648304542,13.98570673986863,13.975450824065163,-0.01025591580346763
-16.699086739839125,29.070429976083744,13.597130030835887,13.921028431681352,0.32389840084546506
26.223600162321,-14.254528106449598,14.179814562499912,14.217968996932045,0.0381544344321334
11.47559979831152,-2.5158135501683816,14.121094973118804,14.045972012379295,-0.07512296073950964
-24.704429330010257,15.131834228386538,13.800217734244978,13.807536060281448,0.007318326036470424
-16.197781873512646,-8.685372073734442,13.53944679135325,13.623223493441623,0.08377670208837351
13.835727261752197,-27.225101747658073,14.685068918728597,14.571538642888576,-0.11353027584002007
18.19962009011997,-22.419162417858736,14.093606512509556,14.267292976624454,0.17368646411489763
-14.743232154026082,15.184531266051074,13.572676570689506,13.9093489605244,0.33667238983489334
-25.64999492888242,0.740906448687852,13.668387126793593,13.644165650565983,-0.02422147622761095
-1.089764518615695,2.760581423106572,13.909417877631086,13.909686714158639,0.00026883652755316234
-15.932017138282909,5.401354992417723,13.581360355373638,13.796778382579266,0.21541802720562764
-16.609546207909858,30.340159687270038,13.604470013066992,13.922339628446124,0.3178696153791325
-30.965621916229672,-13.90556813016368,13.817931536402176,13.861711625109958,0.04378008870778238
-1.9544037849505003,-30.918055783199087,14.323142591869484,14.276880225207613,-0.04626236666187111
31.422750528861407,14.378791684748379,14.272362057757725,14.14268348282153,-0.12967857493619483
-27.092972216030233,-4.274621850333396,13.576971307445246,13.565280159599272,-0.01169114784597447
-11.320736607410872,13.530659640850494,13.712124011002095,13.910848408976607,0.19872439797451236
3.9205719788042757,-4.939994536585601,13.97042865071878,13.952905255917436,-0.01752339480134424
22.52378240316643,6.012293039675193,14.285240896941833,14.12050682606694,-0.16473407087489278
-12.449233009259729,10.312706869684341,13.669005737759258,13.88601072038823,0.21700498262897128
-31.877907974039957,9.624406988160032,13.914816344970697,13.672853499367596,-0.24196284560310133
18.05971358006328,4.885493995556395,14.250557121333657,14.077721102427846,-0.17283601890581046
-13.304753052942552,-23.481513730508063,13.712124764939981,13.740033626872318,0.027908861932337103
6.999643253753391,-3.307958944707451,14.040145172204912,13.990827182946589,-0.049317989258323536
-30.394714927269973,-13.614648389120816,13.8219060045007,13.840551888704933,0.018645884204232743
-12.277612774355617,29.899670809582936,13.629327538249564,13.925838719520025,0.2965111812704606
-16.095673506375384,-2.0285006572032884,13.553627798059532,13.711052559602654,0.15742476154312257
-19.972415427663073,-16.436160775879358,13.578061704910633,13.624857350905593,0.04679564599496011
-26.20668345767678,-11.197677705167287,13.640793966949428,13.678841325100823,0.03804735815139537
-10.770195957068509,-21.880591554327694,13.7674057136181,13.86251646918847,0.09511075557037074
21.54643492338998,-8.954594966601938,14.16964197572144,14.163881229403863,-0.005760746317577059
22.32537495714741,-31.14721014027714,14.373130330536902,14.479757062909604,0.10662673237270148
-29.03085296782362,2.484273398143955,13.65951034599659,13.62692743977109,-0.03258290622550142
22.75633959635202,-27.91278547627119,14.194946982934672,14.35398538137198,0.15903839843730871
15.234683781459466,7.080465525305101,14.249971401810553,14.020655407856829,-0.22931599395372437
-20.57343755251707,6.060731383081112,13.622731855895235,13.75463481472898,0.13190295883374503
-19.752276028024525,6.818454289031912,13.618110822826551,13.771408479345613,0.15329765651906158
-4.505044932239599,-19.536977523913798,13.91101410422557,13.93956568831448,0.02855158408890901
4.879157780158124,-8.342809614543874,13.972240062773464,13.964021845350208,-0.00821821742325568
5.197865960113496,27.105516160224987,13.85158069716547,13.93896903480657,0.08738833764109977
-16.901267491397967,14.623863975450085,13.617868955311808,13.884787748001392,0.26691879268958374
31.446809534443204,-4.549057231231977,14.273390333473056,14.288345681623312,0.014955348150255787
9.642014969731719,-29.993906426313274,14.718644254497557,14.582093672508096,-0.1365505819894608
17.618433341002813,19.918144012648582,14.107309061612083,13.943262407227536,-0.16404665438454735
22.14572266874169,31.436931567546445,14.00103669955324,13.958524088624607,-0.042512610928632455
17.18532556490061,21.25610637255153,14.108826511997885,13.9441660543416,-0.164660457656284
17.416820590261217,-2.9370512299486933,14.189004598758261,14.118064712521347,-0.07093988623691416
-25.395721543815135,-4.00912784117363,13.632370759398876,13.586720127714916,-0.04565063168396044
-26.05510083789128,23.89599873760298,14.00508769698226,13.886620512046171,-0.11846718493608854
13.397894937467292,-1.8913600570936921,14.173147749168912,14.069868324507562,-0.1032794246613502
5.290142979319285,-18.834636362583517,13.997773987674629,14.207284830846772,0.20951084317214352
8.842796327090689,-17.060693125994668,13.983249508981078,14.098685030804209,0.11543552182313022
-24.332973766841846,25.014814573032993,14.062192443951004,13.910181344141424,-0.15201109980957916
27.39878048603935,-11.046617904813075,14.207686532318718,14.234443348543852,0.026756816225134372
-15.76726540153858,30.683996461665366,13.622887027253185,13.923436037302093,0.30054901004890766
-17.270151111065687,22.586179165145865,13.610210330149036,13.914229286621833,0.3040189564727971
30.030233815813318,-0.7271731756289768,14.281091451479114,14.273448094748504,-0.007643356730609341
10.94260477639883,-16.758615619075464,14.011839662473285,14.097195841333876,0.08535617886059121
11.371618998806674,-26.043970935130005,14.673757425883249,14.620405035979031,-0.053352389904217645
20.745233364983335,2.182568464532814,14.246749225262434,14.13832479434524,-0.10842443091719467
-15.597257374941073,0.2650241170126293,13.550400780374423,13.745590717931133,0.19518993755671055
-5.220710464633427,-25.115815875012892,14.247348522935663,14.185053386820615,-0.06229513611504878
-21.829404125275758,11.573558571753573,13.604733020562314,13.800075483578109,0.19534246301579472
13.15190451560266,-9.488743688318266,14.11549020064869,14.061172278517668,-0.05431792213102149
30.47258021025126,-18.751659462980783,14.242126387431682,14.267473856674355,0.02534746924267317
-12.487633926393656,4.0592497621279335,13.678861307417495,13.818965508369944,0.14010420095244847
-9.05995794197954,31.50585038466388,13.527075149944583,13.930310705675225,0.4032355557306424
15.94624289796807,-5.0120730237397595,14.165581207625268,14.098585780551181,-0.06699542707408668
-4.976899969665638,-26.620121632837147,14.271301549686665,14.164197959486183,-0.10710359020048266
-3.594652430177412,-6.034679478255079,13.763992466919275,13.823228838027562,0.0592363711082875
-5.907208317912719,25.168279311855684,13.721983818856502,13.927028363045252,0.20504454418875007
3.0505136198095784,-6.655384330630433,13.9364240779788,13.943115553945997,0.006691475967198102
-24.73172474572214,-22.57056498953856,13.644784270084816,13.662043567440236,0.017259297355419534
14.491440992266838,-25.63722399070074,14.28459024967854,14.490650829516277,0.20606057983773596
13.335956187539132,-19.998141904609938,14.05502607525441,14.33208680754354,0.2770607322891294
22.802049018986544,-8.132179949168737,14.183377181509146,14.179800837457021,-0.0035763440521243695
30.170278489717084,19.921343820904575,14.178507550993741,14.070261410940349,-0.10824614005339228
4.17780357804584,11.781666772958339,14.053886978094145,13.923199624178908,-0.13068735391523667
1.880085382583033,7.5505238976970475,13.97279811868049,13.91701839740386,-0.05577972127663067
-21.879554804817566,7.497303914929439,13.615947919616687,13.756106611129931,0.14015869151324445
-23.745126961368896,-19.120398014352496,13.645302073460881,13.684017173699182,0.03871510023830105
-14.148200763563167,26.8742748604815,13.63445882120985,13.921212646829112,0.286753825619261
26.45974817336262,5.807476622369549,14.307410825648299,14.170588578194671,-0.1368222474536278
25.037859880006295,-3.535649676956119,14.230477817417395,14.21049718002986,-0.019980637387535083
-14.592666147044746,7.390759970246513,13.560563735508012,13.832166728937684,0.2716029934296724
13.080100522562418,-11.123075501345312,14.103496019234722,14.059071418492719,-0.04442460074200305
4.168235929184824,-23.297004780345027,14.714188219682677,14.559193586477189,-0.15499463320548834
21.137678171517663,12.489102714708501,14.30178301389954,14.03682158096994,-0.2649614329295993
-16.088499409751265,-29.484312113475916,13.669426110829704,13.647415990928186,-0.02201011990151791
0.8602295614589579,-19.145828584252065,14.33279672110639,14.175606515514692,-0.15719020559169827
21.768273415192198,-17.62305672755044,14.133001029965993,14.161007455969834,0.02800642600384151
-18.498579575204673,18.58263041654658,13.617596589730987,13.909237585476001,0.29164099574501456
17.04709467988254,-21.553671736829592,14.08783993205872,14.264066387790924,0.17622645573220375
28.47501447158266,0.12819220733628356,14.277747389643263,14.253717256734257,-0.02403013290900624
-15.653955083869448,4.894144269919963,13.57248648552898,13.794319138206593,0.22183265267761243
-25.98017246147817,22.090189986580548,14.075635319676842,13.868171135030714,-0.2074641846461276
4.672844109127908,3.087248492097636,14.020326348321209,13.933113037505239,-0.0872133108159705
-4.192434942047058,-10.924854678687822,13.77769446527289,13.809374500727678,0.03168003545478726
24.40052905565844,-29.044398453218,14.217860992920999,14.354909272463415,0.13704827954241594
-16.529174208337956,-28.404525775435154,13.615884443945344,13.63938491368713,0.023500469741785324
-16.29780067147685,5.041905673840695,13.590375039035,13.789072981473407,0.19869794243840566
20.82097554185254,2.5037823306757687,14.249452132645564,14.135935384131233,-0.11351674851433025
14.852525132743082,9.038143491964568,14.261420320405302,13.995809295294421,-0.2656110251108803
5.042150973910331,29.976379025146905,13.82283060646094,13.941609066500718,0.11877846003977766
12.695267718962086,-24.709178414448907,14.206803801000992,14.523877353296484,0.3170735522954917
16.07225910910836,-14.709242570597588,14.09572548039732,14.09284872596431,-0.0028767544330108308
-29.358442549522813,18.134471538002117,13.955080844353812,13.790229461567828,-0.16485138278598477
5.073293789653185,-28.706666019394326,14.582158827160782,14.521559680875034,-0.06059914628574781
-4.530477845639204,-5.242263103133446,13.75492720640176,13.801011947475367,0.046084741073606494
3.8090278616026794,-12.59237018878666,13.930231993268041,13.95211471506253,0.021882721794488802
-26.24574403948447,-16.612070662036977,13.64639076534012,13.781646292231665,0.13525552689154452
24.200316532956926,-7.735856134335087,14.197365660496441,14.19713946564466,-0.00022619485178054788
-8.294588037295775,7.858886440998511,13.783130105255747,13.903875466616789,0.12074536136104186
12.560993542921999,-26.522582456625067,14.662554963691287,14.593552962429127,-0.0690020012621595
2.5930842121646833,3.836222108968343,13.971854312609572,13.914066322735335,-0.057787989874237056
-3.9627517144077373,10.753740031085094,13.86274634721431,13.914826441913931,0.052080094699620716
-19.04312870714451,-1.7743812345795291,13.631409687674081,13.683139449795574,0.05172976212149294
15.222014475959803,30.026361800490484,13.955857149388066,13.950882988613063,-0.0049741607750029004
18.540240419328143,-10.05681919292347,14.143843784181932,14.126416565715868,-0.01742721846606443
18.30031242827023,-26.302895868034845,14.16435625771395,14.403477098012008,0.23912084029805847
28.383884471443338,29.16058203776933,13.996777573339008,13.961972209151334,-0.034805364187674215
-29.966239841134957,7.667233863064979,13.756810133436234,13.672249107536263,-0.08456102589997094
-11.964045992913164,1.5508992438356728,13.663510706265745,13.7977826578297,0.13427195156395477
-6.359009335901455,-17.06252162973381,13.841838011565244,13.799610087109878,-0.04222792445536605
-13.40509837105055,26.357627107380914,13.625977463519597,13.921385580861509,0.2954081173419123
16.083077736932097,-11.357401065542987,14.119639220515186,14.095494459119701,-0.024144761395485048
-25.271279322442865,8.567363927280155,13.621949961853534,13.731578356527951,0.10962839467441654
-26.084364162768964,15.986475562333936,13.864642895495297,13.802024647361788,-0.06261824813350891
25.552563238505456,-22.75816896373037,14.154265860958088,14.204392079271768,0.05012621831368058
-11.837864466095247,31.34100479551516,13.619835035815656,13.927633533723256,0.3077984979075996
18.517241724341503,1.193858713707776,14.226460352560471,14.121367215530299,-0.1050931370301722
-17.926131014804632,16.16188269853521,13.622533655572095,13.890320112068178,0.2677864564960828
-0.94402492568166,4.635086195364565,13.921502803474906,13.91163471716286,-0.009868086312046387
-16.73400874352685,27.257705238979106,13.612324132010736,13.919240706526441,0.3069165745157054
-12.807322253479427,-25.469986525004067,13.734412290688448,13.784076479170611,0.04966418848216314
-8.630243887131513,-1.9251837060113601,13.762962764709522,13.791485803651739,0.028523038942216417
25.773264181824047,2.106902965341135,14.276388212201729,14.2003842203859,-0.07600399181582951
26.157104466077215,-9.172974935168362,14.211640834039962,14.220326239404095,0.008685405364133203
-6.198090247950567,6.622363156500548,13.824488820127161,13.908798395020655,0.08430957489349389
-18.043003284332677,21.129614426247088,13.607082965597833,13.912117842249,0.3050348766511668
17.47365036516416,-21.67652850642417,14.087564738709924,14.258213502309072,0.17064876359914827
9.715178683787428,-22.472607752106434,14.142394495144973,14.5541367765209,0.4117422813759273
26.23164904714659,-28.763362338338396,14.212214001151306,14.300932916317933,0.088718915166627
-11.489803020507523,11.655650456861302,13.70643870791185,13.908878777392749,0.20244006948089854
28.84761067389929,-10.119362801670064,14.222351385551507,14.25286160467134,0.030510219119832982
25.62359659378854,24.57033177463662,14.230076721051077,13.966906037060857,-0.2631706839902197
-3.616674421446568,22.248467350076005,13.718531886725273,13.926275591550949,0.20774370482567583
0.5166208116759634,-28.961403771433318,14.443970864677278,14.441001186970645,-0.0029696777066323676
-3.840504028067926,0.6305711853436904,13.86316730900602,13.874034184646474,0.01086687564045441
0.40237594502345075,9.777019536397994,13.964258721473227,13.917836140876062,-0.04642258059716475
9.525162752865931,29.854957769628243,13.896282032232847,13.945554169084112,0.04927213685126475
-24.771247080131396,18.401629740692343,13.830323898039381,13.841671968169111,0.011348070129729493
13.549449146714046,-31.95029877619318,14.717566071008141,14.616596036671497,-0.10097003433664398
-17.0282473432583,-22.24241314032701,13.514352152775984,13.58737997164532,0.07302781886933474
22.12382384668406,24.148251948562795,14.172399458429794,13.951443334436227,-0.22095612399356668
-0.22669272074691094,31.081464247644796,13.75420423904234,13.937904728211729,0.1837004891693894
-7.1793239830085085,2.3151213978580927,13.813524296347627,13.85661454895093,0.043090252603303014
-22.213560839583756,-21.752116007945823,13.648510576054232,13.609296525696175,-0.039214050358056696
-8.655521186075674,8.523007460324926,13.769126552558689,13.9071288706841,0.13800231812541064
-31.737174593524998,-16.68994071864809,13.936934148721011,13.919930363019116,-0.017003785701895424
18.036232393876084,9.666945058523737,14.28555293288537,14.02812621138434,-0.2574267215010302
-4.252755805685062,-3.3122885734158842,13.78743816846254,13.819784107711198,0.032345939248658695
-0.49289605022155314,24.35689508574491,13.735258280886383,13.931149055068802,0.19589077418241985
20.31768800583238,21.589765868345758,14.13213671989454,13.947327990440245,-0.1848087294542946
7.766698610784154,1.58299100208432,14.086849332856879,13.986332044609936,-0.10051728824694273
-2.563911338345818,-25.066846491486345,14.417168913211668,14.36060557937964,-0.056563333832027496
-29.510843211780866,8.7751001445598,13.783970883024725,13.688879165640662,-0.0950917173840633
-8.312117553132495,-3.6945995815055284,13.711762477770394,13.771798253875009,0.06003577610461441
15.609522498406136,15.227212134917565,14.236617765097186,13.941210430307988,-0.2954073347891981
2.8516412657562284,-13.520858245732612,13.906595523406748,13.941282473038335,0.03468694963158647
-14.27057947663549,20.416054062513318,13.596663997724999,13.91484533972236,0.31818134199736114
-13.017050535170569,1.3187631042973393,13.664002756075877,13.784153690223206,0.12015093414732902
1.3573953952412836,20.83896386857957,13.798320006421108,13.929417885824623,0.1310978794035158
-16.22790959063731,2.252168466288211,13.569776661150485,13.76008525299307,0.19030859184258553
19.506916429418283,3.733763079856807,14.250911411947495,14.10723611222251,-0.14367529972498438
8.74497955743967,-28.576532886061045,14.711634170142624,14.593719292731656,-0.11791487741096773
-6.990657443809482,8.27251836959418,13.816627437536308,13.909678718862091,0.09305128132578311
6.251085377385834,29.291972458297757,13.843362392439829,13.94204164444223,0.0986792520024018
27.542084242364055,15.68227204466222,14.246943400209283,14.081945721243233,-0.16499767896604922
-28.040684799492347,-19.74955208445919,13.749541325505898,13.784444729636363,0.03490340413046411
24.061365439250864,-24.787845042274107,14.136950999605515,14.211143449404135,0.07419244979861972
13.120612884177717,-29.590077455479737,14.734923749468107,14.656121917861618,-0.0788018316064889
-18.895674426026417,9.907457906246925,13.619863322218402,13.813400297362726,0.19353697514432433
3.624628885121524,6.7926469343289,14.014660325345748,13.917865196644772,-0.0967951287009754
-31.42034420452658,-18.596847113162156,13.89713573259556,13.885909192273028,-0.01122654032253223
-19.96968139224972,-9.69353781634193,13.614580577447521,13.57012727308165,-0.044453304365871915
23.329826329065384,-29.256407589383194,14.220677752962027,14.388172213948543,0.1674944609865161
-30.478279076245904,-2.431926957703091,13.590732956055444,13.586168656152056,-0.004564299903387692
-23.715861525422312,-4.4204938957783,13.64608994427456,13.599155530885698,-0.04693441338886295
-3.523453156282528,-26.384552340834098,14.347255658457016,14.265351854268523,-0.0819038041884923
-17.087483362596558,-21.494360092102326,13.529743528797809,13.58106267109809,0.05131914230028123
-10.471689723676391,-13.910174511236463,13.67561661622292,13.660821235577366,-0.014795380645553635
9.403534566381914,-15.63569229062712,13.980313923467051,14.015942436460758,0.03562851299370706
3.8985219211770996,-1.0846707495620223,13.979564033286701,13.954699732852175,-0.024864300434526143
-21.6294106808012,7.6320802208014555,13.618970569875833,13.760192785453178,0.14122221557734527
9.865266894735,-2.5261095510806797,14.103527756858782,14.026338358116272,-0.07718939874250985
-30.656469349096675,21.68816116065249,13.93935435503778,13.814347495201211,-0.125006859836569
30.17506402074291,15.255853130635359,14.256825461686615,14.118432607343127,-0.13839285434348803
15.496041049445992,13.605641971722847,14.277126661623381,13.95654981745673,-0.32057684416665033
4.66189409095513,17.19048945266649,13.945926197703276,13.928878128177198,-0.01704806952607818
0.16118914465118905,30.357802602689134,13.759772052940106,13.937555198933696,0.17778314599359035
-7.018772128244052,-12.433650579147262,13.735123484719452,13.742519938373416,0.00739645365396413
1.5941217754966246,-12.172928703038153,13.87958579741521,13.926893943240215,0.047308145825004644
10.449777103999864,-3.9884801813314326,14.09605111862362,14.032365298318998,-0.063685820304622
5.6604704908262065,6.05981753822708,14.059889512906892,13.919000249622467,-0.14088926328442497
12.790728002721885,-13.059449715206917,14.086515914261609,14.05431074663816,-0.032205167623448716
23.040365348083675,16.802989407714925,14.22438931853124,14.015523624412708,-0.20886569411853095
14.121110405545771,2.6141907649422294,14.210025965582245,14.053142190804122,-0.1568837747781231
-2.3680011666158833,29.7868522602582,13.729650415622045,13.93471001206988,0.20505959644783545
-15.82821935113293,11.80804373001505,13.567185549212134,13.866149267246907,0.2989637180347735
-6.689509385852141,-11.060388561438309,13.732365890536114,13.750233520707717,0.017867630171602755
1.1500986506387534,30.539112354454687,13.784091107477993,13.93862704199552,0.15453593451752745
18.392853774904083,-19.544627755799404,14.101715161354456,14.160070412437392,0.05835525108293638
17.305523583056328,26.24393872901811,14.04758099885025,13.94910694639088,-0.09847405245936969
-10.088124734875962,-27.951270721769973,13.947979921337087,13.932047079364933,-0.01593284197215361
-19.638800783223495,7.948956188619867,13.627755382814941,13.784657518587707,0.15690213577276602
-27.578998424447597,3.531228653078699,13.6408084265664,13.653464640775377,0.012656214208977445
-1.0271261777465028,-17.37418996646238,13.90647639844585,13.952560684377223,0.04608428593137326
-26.006559082838343,10.19426598808409,13.722483947954142,13.741125661651703,0.01864171369756029
20.007771105569198,21.681909519183186,14.132107883177918,13.94713639241113,-0.1849714907667881
-23.237241239826076,-28.334440530025205,13.69380466121762,13.659319503401562,-0.03448515781605721
13.580745741285071,-16.738712874980983,14.066171589938133,14.12553286430552,0.059361274367386585
-16.351067299805734,-22.5106012660969,13.576760205729537,13.587635992104872,0.01087578637533504
13.790558611368212,13.488209646162112,14.280900065915201,13.936975271100003,-0.343924794815198
6.219600144978877,-18.345620361296035,13.988988091000918,14.176780061998002,0.18779197099708433
-31.23026917302061,12.594605942160442,13.977947829949855,13.71136560551946,-0.2665822244303957
-10.208851732072858,-16.336394389717995,13.71508063050602,13.680234131847454,-0.03484649865856504
0.8393360480388381,25.774902409995377,13.783873460328927,13.93373008500322,0.1498566246742925
-25.178812182913518,-27.497591957741214,13.67268592660086,13.657995442443049,-0.014690484157810602
-0.9861860855933884,-11.606015324604591,13.8098115941899,13.885365093055295,0.07555349886539453
-12.042360705293625,-11.934487922547838,13.645320883044285,13.624904945537594,-0.020415937506690796
16.54655661059308,-1.9192038196244638,14.19184491935521,14.108221755826884,-0.08362316352832622
22.0980669589147,30.324678304745504,14.03082824005274,13.957403405289238,-0.07342483476350203
10.861901262380577,14.118047462447898,14.203750461526095,13.931520456498278,-0.2722300050278168
5.674692933766238,-23.546497398427938,14.716110765874511,14.601372049079387,-0.11473871679512371
10.692521945571826,-12.062104101149849,14.030386159182465,14.0303813186372,-0.000004840545264173102
14.942008413008999,-25.027712632020332,14.128089937908491,14.452256058799707,0.3241661208912152
-4.683151372741804,-14.52467978667162,13.82085324686824,13.797975644344845,-0.022877602523394103
-8.886960110201372,30.912624755894967,13.528094552267005,13.929892797632403,0.40179824536539854
29.776203796474753,7.5700162339838215,14.340217434599918,14.192831691356577,-0.14738574324334053
21.60545355195074,20.48738537211844,14.136348907296863,13.960040303514429,-0.1763086037824344
-15.601486256721444,-29.369812245873554,13.675002420379847,13.667595264696205,-0.007407155683642586
-23.30146940811177,26.861632420959253,14.116767819328537,13.912905249756703,-0.20386256957183413
20.174055449988202,17.184351210637665,14.234570267783,13.97665767893703,-0.25791258884597035
-17.046558839831377,-19.93428509886366,13.526047489845698,13.567384188243361,0.04133669839766263
-28.749878495163067,-24.74687293690753,13.734761985750616,13.734352023049397,-0.00040996270121951284
6.05721215441622,22.209420085987816,13.918228434977523,13.935004724223239,0.016776289245715503
-20.79476711992215,-28.285521999865338,13.65306867166571,13.651414446678592,-0.0016542249871189796
28.40789344541391,-8.388745740310789,14.2313185053192,14.248529221958965,0.01721071663976481
-23.80171612313592,-10.299172638805864,13.610044180987597,13.597205819027185,-0.012838361960412215
-15.059617548560752,-9.826894263903121,13.600227469066095,13.620405460718448,0.020177991652353455
3.699501712816641,6.425131970488287,14.015286802074932,13.91757702002365,-0.09770978205128245
7.992785082909499,26.088360569736928,13.94168618278439,13.940516560783319,-0.0011696220010701808
-4.803046245301907,31.07219948909978,13.695687626335962,13.93374843259526,0.23806080625929837
-23.056671261725924,-18.51435480228192,13.638543218367836,13.674804949085203,0.03626173071736716
-7.957500517797968,1.220894808457011,13.785283146775354,13.836710389192197,0.05142724241684249
-29.28862232009432,25.900524777782643,14.026992636023785,13.873726124459747,-0.1532665115640377
-22.804147974263913,-29.32798766559631,13.692561388933013,13.666624596016051,-0.025936792916962048
16.222023368475234,4.975861322705256,14.240163394088492,14.054392339912894,-0.18577105417559814
17.318235029631822,-16.64773014077776,14.103033087431603,14.106825937464354,0.00379285003275065
26.13943299532712,-19.88562315865969,14.132750479062805,14.213413254280804,0.08066277521799847
8.801234916915654,-3.704926869179289,14.081423102116904,14.012486355398025,-0.0689367467188795
-25.915291217414634,17.11816143339116,13.885636617686833,13.815875291440088,-0.06976132624674491
7.526302222637156,28.211152626859402,13.89957023486359,13.942150265496535,0.042580030632944244
-10.821300101714286,-10.297176586491737,13.666000464672958,13.659176769654744,-0.0068236950182143374
17.338691532700643,16.733179013444925,14.204961091297301,13.946754394478639,-0.2582066968186627
29.466022333216195,21.52813010726687,14.20287253276761,14.045108305454884,-0.1577642273127271
-12.097251372209278,-30.72029992079893,13.833000226045684,13.839865434731879,0.00686520868619489
-14.123324222656088,-14.707552298239627,13.616482147060903,13.574372979494473,-0.04210916756643002
9.043033069833342,-20.642874275400054,14.043603160907937,14.40186594030296,0.35826277939502305
-19.499975977898252,10.267075548913738,13.60568947106916,13.810830653302252,0.20514118223309197
16.292313433700294,-19.107783289944756,14.085199850803185,14.194893493751097,0.10969364294791184
-16.412217607548627,-5.16972250326382,13.552845014935123,13.666765123349375,0.11392010841425204
-26.787751476295377,11.869326556594515,13.791189574479123,13.750699768916705,-0.04048980556241766
20.262784695265452,-28.327485757971615,14.20029607846255,14.428630315301241,0.22833423683869114
-27.134815807347366,-14.885339249432086,13.735705874351448,13.786978420145287,0.05127254579383944
-23.268323512258057,-16.194685129356145,13.638326317572009,13.71178112423607,0.07345480666406168
18.060518669064543,-0.8031292042884957,14.208741011720921,14.127510224376007,-0.08123078734491429
2.4512931128338025,-31.835314684991097,14.430284673288257,14.408745948121032,-0.021538725167225437
29.929311354761566,-7.871327324375926,14.242546947060337,14.267585066477768,0.02503811941743095
-29.7340591566305,8.13204788217093,13.767614441448334,13.67966194605383,-0.08795249539450367
20.9602902962081,1.6003010029088713,14.24396361886482,14.146950433892538,-0.09701318497228151
-17.979037543767006,18.676949563339242,13.619764263674858,13.909799792115445,0.2900355284405869
-19.089633824740133,-26.049571492710108,13.58973883028802,13.626767655931184,0.0370288256431639
-11.236559359071286,16.672865483641417,13.682082493353182,13.91396870651812,0.23188621316493752
-20.01059090969344,11.607772543858765,13.601214202627471,13.81970812872093,0.2184939260934584
12.414634196989098,-3.880704000256813,14.135723176533041,14.056392826275612,-0.07933035025742896
-1.312438423928377,-15.156014090904272,13.880299171157176,13.877858865713877,-0.0024403054432990956
-22.995669308926118,-11.331230564440482,13.629373779381515,13.600425209785854,-0.028948569595661056
-28.189961675495155,-26.70314498117512,13.730993337791533,13.693489927147178,-0.03750341064435503
19.66219035722674,23.549450760957484,14.141723320093863,13.948632390435915,-0.1930909296579486
18.595169887636963,-7.0503203486965305,14.166218626407328,14.129340892744052,-0.0368777336632764
-17.65591368399153,-20.18877563765789,13.530818431277726,13.571461224009376,0.04064279273164928
31.141994777575043,-10.45104795092977,14.218076034995843,14.280903905729561,0.06282787073371843
5.311173047908582,9.15070819164145,14.069750110625362,13.92167799913532,-0.14807211149004296
-7.1153317468227755,-18.14176928903165,13.849645618776805,13.823582999777678,-0.026062618999127096
-9.056392928785996,-3.0749985263003268,13.741432645437028,13.771987762864823,0.030555117427795153
-3.507288031908246,5.662204814992826,13.8839807689447,13.910306781135608,0.0263260121909088
18.993381269988006,31.050914128336764,13.995030149608162,13.955293324837752,-0.03973682477040974
-13.051761488811522,-1.4401918856127693,13.636671143411736,13.750965401218512,0.11429425780677605
-22.473826413921955,30.77659790849409,13.999094531153208,13.917447924036237,-0.08164660711697103
-18.499923092047332,-1.1716065297617533,13.620281256818334,13.696748942152665,0.07646768533433068
29.295931683816086,-22.668717945678345,14.249353192700292,14.250538210140936,0.0011850174406440317
5.310715020632273,17.86612125355851,13.945820198580769,13.930120640451833,-0.01569955812893653
-12.289275900823448,-11.010409849080986,13.651052403612727,13.634331080079814,-0.01672132353291289
21.002950783210387,-9.575467180202615,14.161994911604586,14.156791862285223,-0.005203049319362663
-9.200349846659023,-16.885655810161154,13.75616160856514,13.725441229139145,-0.030720379425995148
11.507958839303683,21.519532056894484,14.086576578267465,13.939276134378236,-0.14730044388922892
-23.82962437169889,-23.06745834697911,13.636831198520987,13.632382598454269,-0.0044486000667181
6.215066965661144,8.927945373332072,14.088790962424948,13.922281351518047,-0.16650961090690153
-31.9599758831474,20.757468832946522,13.961114321493115,13.790620782738994,-0.17049353875412088
-14.626965848086158,-23.7259321739647,13.674353196552996,13.671005436061183,-0.0033477604918132897
-30.344506179701476,-0.329544993561278,13.607467667368933,13.582243504461443,-0.025224162907489855
21.629600402131643,-7.012907610988364,14.184687332025106,14.166351074192738,-0.018336257832368474
1.6095355845315922,-2.296162484420641,13.918985071400439,13.926451977429323,0.007466906028884779
-25.119342608298446,9.746440800552357,13.680822821808455,13.745752474024226,0.06492965221577052
-15.31135929153676,25.42787438300087,13.624968969539127,13.918757333950577,0.2937883644114496
22.02295960215158,23.470579170753766,14.169909560797556,13.950695430711118,-0.21921413008643853
13.753523471277255,-13.565918855755037,14.089559865264924,14.065446628164375,-0.0241132371005488
6.869853084446994,-27.03688884510241,14.682017716084232,14.58929064922621,-0.09272706685802135
-5.021456943883308,29.386501758340636,13.695023856416729,13.931917478222998,0.23689362180626894
-16.322884472236474,-22.46036525658355,13.577771113861967,13.587113256862793,0.009342143000825587
1.0574654456584156,9.626056281948927,13.973856167096313,13.918283570083265,-0.05557259701304851
-23.472072200565492,-7.7617684948002434,13.627069934067586,13.558197189427393,-0.06887274464019377
7.352581534876208,12.935655995118658,14.114849580552164,13.927194693761253,-0.18765488679091114
-14.226929716374109,-19.6510383194653,13.6432109201055,13.657131740037972,0.013920819932472739
-21.081422281519338,-19.461343096939395,13.622148367659516,13.611780290697753,-0.010368076961762895
0.5649411952427954,-12.009410766540562,13.850025123668122,13.915176794268797,0.06515167060067562
18.94706414378136,-4.363763032374813,14.188136062498948,14.135644521978053,-0.05249154052089544
23.190735877146217,21.923971781754823,14.111393717900631,13.964546134503372,-0.14684758339725867
-7.108798854630592,17.318138102552247,13.74786812340588,13.918334597324838,0.17046647391895853
20.623382171776015,6.282138919251928,14.275997595193576,14.094562912613736,-0.18143468257984097
0.5729730763100847,-2.4542926366526245,13.901150046300309,13.914670962032819,0.01352091573251002
29.5737365799407,-31.654352805400777,14.276830139069057,14.323895037824164,0.047064898755106555
13.53556201863271,27.978012115773154,13.988843032257623,13.947370302316541,-0.04147272994108242
-31.457350935800513,-25.11087777873926,13.771703758387904,13.798094570260615,0.02639081187271053
26.110989643751935,-13.751860139876882,14.182403166219851,14.216896647401272,0.03449348118142126
-16.116542103967525,-21.984236937189152,13.582421743705403,13.582344968585232,-0.00007677512017068011
9.122742848369015,-13.85762636736748,13.993508969763898,14.012637301548157,0.01912833178425899
31.59585415961127,-2.9315539243063853,14.284012900039418,14.291191733137522,0.007178833098103965
-0.8792992085445448,-1.798481592768006,13.886753875473067,13.887284005097149,0.00053012962408161
-29.661170056588062,-13.593233494280732,13.828359111793251,13.821446983460985,-0.00691212833226551
-31.866916685399303,-29.959850651431225,13.748407295298612,13.742420045766258,-0.005987249532354966
-31.076303682626275,27.157593040602933,14.03182157402885,13.868183508701103,-0.16363806532774738
16.900724599125624,19.88687184346616,14.101093872390294,13.942581688766316,-0.15851218362397823
-5.278870698726685,-13.68717544096549,13.791162401721872,13.783812198788972,-0.007350202932899563
13.098419015532222,-6.476308852335528,14.137256667185374,14.062779750112547,-0.07447691707282722
28.774750406290188,-7.328133199382307,14.240123186318808,14.253709031127835,0.013585844809027137
26.767630239144104,26.501529486457102,14.286891333575134,13.960933470710481,-0.32595786286465334
17.26056324773934,-31.077363561168987,14.708092871901787,14.598819894143475,-0.10927297775831235
25.247607310236475,8.949569689467062,14.323132311550806,14.123412776670877,-0.19971953487992877
9.523104915263737,0.4639968166133741,14.125836537976971,14.019277873983452,-0.10655866399351943
-26.631225163473545,14.225882624959247,13.891608791619499,13.777470020146673,-0.1141387714728257
15.950185512694311,25.64685000593346,14.054828459515118,13.947300241564127,-0.10752821795099088
6.3333689840335765,-19.612055903932102,14.004513954156048,14.28445476812368,0.2799408139676327
-31.406774006099212,-29.887962404736506,13.747929584486476,13.731723402640233,-0.01620618184624334
-3.5356868378758364,10.272632169187759,13.883933880435583,13.914747396217075,0.030813515781492384
30.240278633383596,-11.570220640924404,14.21161296243985,14.269102042772957,0.05748908033310762
-14.037258828984896,16.41658216406612,13.561295517545496,13.911182298157671,0.3498867806121755
-21.281632293120502,-5.699298145460972,13.662972885481235,13.608278728936716,-0.054694156544519146
-15.346608919594082,-19.76969734546328,13.615225707972952,13.597909853203056,-0.017315854769895722
-20.248711387055046,-24.337254277048274,13.615470041272175,13.615441575154712,-0.000028466117463210594
-20.962137914517463,-0.8368605579296045,13.663204119255983,13.67502701232256,0.011822893066577578
-17.50632457319073,26.417795708865874,13.600242032634457,13.91772713294851,0.3174851003140535
-9.1738742014224,-0.7844099179156032,13.747632216700039,13.800592428435843,0.05296021173580456
1.6814290274926336,28.552718603938708,13.788178026367799,13.937184241203731,0.14900621483593213
-21.090776461590195,-13.83435922691573,13.622288929734612,13.60950406748023,-0.01278486225438158
16.08618468420338,10.948758181058082,14.283158371827401,13.991141307096568,-0.29201706473083355
23.64190154749395,-16.83363664565462,14.147968696227611,14.184569889899986,0.03660119367237513
19.90966456632043,20.627253639597058,14.114114641739807,13.946025785476587,-0.16808885626321945
-8.17659075644847,9.918575765617028,13.778465557175291,13.91019858489991,0.1317330277246178
-7.175172954014478,-19.806848241639436,13.846273612241475,13.886791388030414,0.04051777578893834
-25.057191109001614,7.084602174251025,13.600742187042549,13.718045673608376,0.11730348656582734
-30.46148324454537,5.787993700599664,13.645102339708258,13.646976969750114,0.0018746300418559514
-23.08511321943309,21.15071298641869,13.917128635920278,13.888829367093155,-0.02829926882712286
-24.37445751958203,22.466635781880022,14.148308222314167,13.889193178202587,-0.2591150441115797
-18.628401468022922,12.018442409435934,13.613991846083135,13.838726898873684,0.22473505279054962
23.608488153376335,-9.023610079434746,14.187631921866183,14.1890397540888,0.001407832222616534
-17.36367604158462,9.882604966383099,13.6052607587367,13.829365066107483,0.22410430737078357
5.225226522079836,-11.757459432670565,13.95750919459088,13.968171792903199,0.01066259831231875
28.083955749804225,-29.57899426384504,14.219279087614469,14.28558541979567,0.06630633218120074
-28.10637546203595,-2.7576155622711767,13.595417494661557,13.574312907153212,-0.02110458750834532
-28.183403776287086,-15.479859645848151,13.776310678905704,13.827223151449926,0.05091247254422271
-11.171398943307125,5.500844399688063,13.710368695552944,13.848271365578515,0.13790267002557144
6.205671914926683,-26.006668259894504,14.693833771821078,14.597510296392304,-0.09632347542877362
5.384964439905609,11.294471366370168,14.083439842667515,13.923821643159835,-0.15961819950767975
-6.822145299464744,-18.087789898059093,13.856069778979842,13.828432778637348,-0.02763700034249439
-10.576078576230628,5.9548130737694365,13.710610168467376,13.859415644400412,0.1488054759330364
-14.914615272579802,-10.041601981118909,13.605600506946868,13.619143668639651,0.013543161692783912
19.729258135365264,24.445683805950246,14.132944451315595,13.94956139637219,-0.18338305494340545
8.690921063756946,-10.352822930293215,14.0207339902006,14.007506278533379,-0.013227711667221698
29.683259267273648,-5.646440563788325,14.255679972588721,14.265946104375939,0.010266131787217248
-25.056836476070828,14.086607595694097,13.812640972712698,13.792664550773239,-0.019976421939459144
-21.893546080378428,-25.675629622998827,13.65929760405313,13.632106017220961,-0.027191586832168824
-30.484235434245214,-2.722355736278324,13.601708483777553,13.592981508844856,-0.008726974932697473
14.813647985206124,-29.441018480349733,14.69978255792308,14.61449722456393,-0.08528533335914901
-2.7573143467973438,-4.859907950462635,13.81685851667759,13.842989860657141,0.026131343979551858
-12.003977436450327,-24.164156810190455,13.71166980844098,13.815962076489546,0.10429226804856562
-20.48650419898138,-9.485621998054533,13.627359089391401,13.567361584479892,-0.059997504911509125
12.024471904148157,-26.45631164288767,14.672285389694357,14.611005690796082,-0.061279698898275115
11.322934362288287,31.0090934888365,13.895356321819865,13.948301468583134,0.052945146763269335
2.152746430324875,-15.993750067334105,13.92555414233037,13.933487100024154,0.007932957693784104
8.069464599526746,-14.75404778833633,13.97490831071101,14.000712287806389,0.025803977095378627
-19.10757881260477,-10.811231467848536,13.589617727485143,13.564695226888567,-0.02492250059657586
27.088060437252274,-18.727753227728606,14.14124661592934,14.22581689836634,0.08457028243699938
-3.979576601562556,11.439882875760041,13.854171949870958,13.915475895240727,0.0613039453697688
-2.6218075481635665,20.470425612776303,13.715501770727904,13.925454711721855,0.20995294099395068
27.898850277044673,6.927503366522728,14.32388548069302,14.176577359284217,-0.14730812140880367
3.7071034946752306,30.361814466948942,13.838784981025867,13.940772570306907,0.10198758928103935
-6.4202011899866775,13.962002690911135,13.773289868853798,13.915707382778395,0.14241751392459712
6.886135101747563,-0.08333053862786244,14.05555455438051,13.991862273648579,-0.06369228073193156
-19.2529078845061,-19.40184058864977,13.57429584343101,13.569515520510194,-0.0047803229208156495
-11.168514288283696,-16.426979737924697,13.691512033040679,13.661017968874482,-0.03049406416619682
-25.81231456648326,20.712564038145054,14.031302290499536,13.855269053092801,-0.1760332374067346
-27.70513295174662,-5.819063390745612,13.615461680101822,13.593492515175798,-0.02196916492602341
-27.987599023272452,-7.568166750754301,13.736218574873849,13.640780150060966,-0.09543842481288323
22.23470600623814,-31.615379981505875,14.524622612277907,14.498640928940276,-0.025981683337631623
-12.711384798492169,17.595928187384665,13.553968895639166,13.913526362957894,0.3595574673187283
-9.33123760875533,-24.69325711031864,13.958809679416696,13.964385447324748,0.005575767908052143
18.874627185467816,9.461258177160282,14.28893780295393,14.040465293870923,-0.24847250908300644
-19.60394471974103,23.208381855249748,13.596205108281962,13.912717045020008,0.31651193673804556
-3.2741887577900997,-6.451183289612246,13.761921148367845,13.830845852755447,0.06892470438760157
12.242847372360956,20.8697194591995,14.109644892856517,13.939312621157303,-0.1703322716992144
30.239774515564186,-14.094703926426774,14.172214934187725,14.267518033768868,0.0953030995811428
17.360966360978864,28.202672578977776,14.020961789911121,13.951054714825522,-0.06990707508559879
-23.312403313582152,-2.6301461108789397,13.673315300751277,13.626760135889349,-0.04655516486192823
-31.73005218207507,15.601753508639106,14.028865430964105,13.73811594552258,-0.2907494854415251
22.55548396919955,6.452852252260207,14.288955527426003,14.116349922023186,-0.17260560540281666
2.0295586227772304,26.758467725014633,13.80293904281173,13.9357615531105,0.13282251029877123
29.65867651918034,-29.9057983113805,14.232153251870713,14.259454940777063,0.027301688906350208
-4.980767586004575,25.076114756857486,13.740389669931595,13.927778665545889,0.18738899561429356
20.979327724842037,-19.277797259307256,14.11697315971603,14.15025934932505,0.03328618960902041
20.75233231919264,2.683686924625441,14.250299629828254,14.13324352872996,-0.11705610109829401
20.373232484903333,-21.09678679784917,14.101598248022324,14.167933999210563,0.0663357511882392
15.376473170292172,-0.07084744140455967,14.19776284455719,14.095347631181882,-0.10241521337530735
-14.43081934518245,-27.387001693661773,13.692780561817983,13.713366111201056,0.020585549383072888
-8.657000450218419,-22.032201473310003,13.793327418436018,13.938062121518294,0.14473470308227654
23.527266311095758,-23.629403111172287,14.108392702457627,14.182619932063663,0.074227229606036
0.10065063229473026,2.9715784409093686,13.92516332088994,13.910969931250147,-0.014193389639792997
-3.6144316776152934,25.56621283774472,13.765248573684197,13.929491689978727,0.16424311629453037
-6.698408681119659,15.26349918581063,13.743549249507488,13.916716081968989,0.17316683246150077
29.429188300314244,-31.776088844300155,14.281335553514241,14.331708651423419,0.0503730979091781
8.802627909912289,20.142621421952512,14.027625451735245,13.935490546045875,-0.09213490568937033
-29.751360368070337,-22.023888055442896,13.803510206879402,13.796865294584375,-0.006644912295026728
10.067065712986874,-13.952319737885553,14.003157239503047,14.023384892468844,0.020227652965797205
-23.55363249720063,-13.539048489150254,13.623385202447238,13.66522534933635,0.041840146889111196
1.7994417001897318,-13.653475390466284,13.889341820628143,13.929321991551562,0.03998017092341932
19.387751421222838,6.823001699280724,14.272910665586014,14.073926015422321,-0.19898465016369293
25.400128192137466,-31.707544193646484,14.302040492724919,14.425959906799461,0.12391941407454254
27.627637597940627,2.675185486975394,14.291491822817845,14.217123982890469,-0.07436783992737617
-28.50525388032996,3.6358450190593032,13.635466843245037,13.644766940189605,0.00930009694456757
-28.653430793510346,25.32322976404253,14.025522049605192,13.874303384704328,-0.15121866490086333
-3.059437335473639,-10.368113787714336,13.754535801058083,13.8361775852277,0.08164178416961754
-26.026696905647285,23.99681327219586,14.003287142382733,13.887995721087636,-0.11529142129509751
-23.50834341806882,3.4294576362631233,13.663600255330676,13.695503644851263,0.031903389520586245
12.85267831494977,28.311165671620884,13.975490732490995,13.947074181467308,-0.02841655102368712
13.81536286497878,-31.015201168512355,14.71580686153124,14.640509060666194,-0.07529780086504623
-15.0685600949651,3.4390711847530184,13.550518851037909,13.785015043806487,0.23449619276857803
30.2286962339997,3.4796692315562936,14.312729576934768,14.240528146401447,-0.07220143053332073
-19.354943579854286,-3.3996590632740507,13.634014621771009,13.658656759282628,0.02464213751161992
-20.4546792956529,-7.201147542823982,13.629996971082601,13.597468287294253,-0.032528683788347834
-25.75049218211877,-1.8868482467042824,13.64170610276113,13.610617732230814,-0.03108837053031621
23.193800878408155,9.831264853217021,14.317812931074817,14.089289529406798,-0.22852340166801888
-16.414605033127827,4.506943096387502,13.58439652557366,13.782134890301181,0.19773836472752215
1.839339205943574,-16.497910211338905,13.941526039830826,13.971746941220077,0.030220901389251154
-15.783990483529081,6.599257815438534,13.581124101738977,13.811111691910881,0.22998759017190373
-18.09376342150572,19.7103860102764,13.625163027649059,13.910696963346714,0.2855339356976554
31.10691434068682,7.298730774523712,14.346031554977959,14.211847357414845,-0.13418419756311373
3.705772978816114,0.30041753162666396,13.982946998526424,13.95006605238442,-0.03288094614200432
-16.96551261052933,-1.398757155938803,13.588090351142098,13.710044046593877,0.12195369545177925
16.64752761275406,-16.106670968761748,14.097840390249615,14.098906014376558,0.0010656241269426658
28.631703085556566,20.79559685727299,14.206548364854402,14.042494288764594,-0.16405407608980838
-16.716378844151095,-31.727564812730286,13.603999538477803,13.668827129520807,0.06482759104300406
2.321302985268389,22.461812889571412,13.812973966691107,13.931863562067171,0.11888959537606425
21.538718723513682,-3.777278255308957,14.207791192145974,14.167670175751342,-0.04012101639463239
19.006498606317557,-19.50934315556573,14.106466763907498,14.144083717312629,0.037616953405130715
-12.244177835461663,19.64718352805499,13.553038472635041,13.915936922879416,0.3628984502443746
30.43250187651072,-0.6668998869999996,14.283926796087789,14.278395941704725,-0.00553085438306411
21.912105780178855,11.545698602676794,14.313735195056157,14.055988772355825,-0.25774642270033254
-8.140066205184596,30.622514951326494,13.524487293092651,13.93028862636065,0.4058013332679984
-6.877352758396839,-6.733166842208618,13.726788560254827,13.747401463803202,0.020612903548375527
30.59679901151955,4.066162065418773,14.319110005328442,14.238966191653263,-0.08014381367517842
-4.11140621014556,16.831025892310414,13.762566735434717,13.920579094455231,0.15801235902051403
10.441649071377135,15.411153241054663,14.149685886997851,13.932392299173205,-0.21729358782464558
-3.2984598648917256,29.61542713244973,13.719325067609951,13.933700715782003,0.21437564817205157
22.61278177066044,21.536407005982696,14.121453950774043,13.961499080580726,-0.15995487019331733
10.220635848550408,27.71643323602094,13.945657180402785,13.944112745935143,-0.001544434467641409
25.84116160041907,-5.455648287591501,14.221624236686045,14.218847420789414,-0.0027768158966310352
10.881281870373158,-18.036694246951136,14.00582035647609,14.20385689801939,0.19803654154330097
20.397259597695488,-7.953086639597139,14.17071199817129,14.150626786367216,-0.020085211804074632
21.805847721970608,24.7352445525092,14.174864699818817,13.951723817658278,-0.22314088216053918
-25.475848072490564,26.11869919958695,14.047486337649655,13.910215002533906,-0.13727133511574863
20.017039578933584,28.06379760389946,14.047840203879764,13.953327246047186,-0.09451295783257763
-4.5345592910383345,20.332075619039664,13.727409665939184,13.923587253898441,0.19617758795925688
-31.75379997755322,-17.30201114736952,13.926584649386655,13.912012772547504,-0.014571876839150733
16.598845406429966,17.98059222019407,14.15477652481934,13.94046140236289,-0.21431512245644946
28.454613734030858,-16.14208482330779,14.16123557241832,14.244258628585689,0.08302305616736838
19.408316133342822,14.365027211770645,14.261567930007809,13.996399509753731,-0.26516842025407783
-0.7896779695898744,-22.796850790689355,14.513581522166994,14.40602308459383,-0.10755843757316441
-20.722879066992725,10.135985637633034,13.596422917021487,13.796478596835072,0.20005567981358574
20.550221650621374,-14.08078492432061,14.142628798977231,14.148224113495575,0.005595314518343386
27.988068724272487,8.292051794788932,14.334972942911982,14.16359280344331,-0.17138013946867225
14.347027879457038,15.268240274361865,14.224906346582499,13.935793101781545,-0.28911324480095324
-24.70201962401979,-11.967873237662786,13.6130210543332,13.658326840348392,0.04530578601519153
28.29291659187394,-7.6792510846093975,14.235029752512864,14.247557003609566,0.01252725109670294
16.514556251352268,-3.178991115358251,14.18183448657086,14.106886910976838,-0.0749475755940221
-3.0458627862637897,9.716128318150119,13.888257688936402,13.914652186158156,0.026394497221753355
-0.5416353621786314,-30.22488860775774,14.383613193464626,14.366945408466963,-0.016667784997663304
11.361904944047858,-8.54214296542954,14.074934222283344,14.04006660928151,-0.034867613001834385
26.680920994974024,11.061526330316632,14.324233796797547,14.119101734344856,-0.2051320624526909
2.6373141231239217,-6.074644147414993,13.925949957596469,13.938379113409749,0.012429155813279635
-12.085589425391873,-3.9290396588117105,13.625432482328037,13.728767988970864,0.10333550664282676
-21.446239568381912,-8.011359659084832,13.655567240427242,13.576405869015005,-0.079161371412237
-9.802080898243162,-7.43954868899646,13.681258709510418,13.70721258663075,0.02595387712033137
-15.269996584400012,-19.982278517467996,13.622469990803394,13.603879353422476,-0.018590637380917485
-7.598504358885606,-28.27523592188149,14.109975093740298,14.038764027679296,-0.07121106606100192
-21.668496714770924,-8.568928239374088,13.643398042596862,13.566785516808553,-0.07661252578830968
-14.184139922903505,12.091204824353937,13.515732882305757,13.886583669101263,0.370850786795506
-18.182384448838775,26.040116679525653,13.59967847845179,13.91674857712653,0.31707009867474056
-31.24859637382643,21.847324131494098,13.938126594360321,13.809770729941011,-0.12835586441931035
10.849254248577694,20.70800171940887,14.076908880074965,13.93789301332845,-0.13901586674651512
31.138734437180204,-16.990809733924927,14.241018196255382,14.276776411674078,0.03575821541869573
-14.142419202314997,-29.257345992787727,13.702355787000561,13.745134259987768,0.04277847298720694
2.9726301751849533,-20.25545306086847,14.646881560190582,14.29610255097721,-0.35077900921337246
-19.38225131490362,-6.308649333153106,13.622166870828735,13.620459688510088,-0.0017071823186469715
-9.628731044208905,-5.827166282611323,13.678263436893168,13.730060369880134,0.051796932986965416
1.0152676338773006,-22.472976567977582,14.629495006106957,14.446541147009645,-0.18295385909731188
-31.146995945712185,-28.7216547468638,13.744781216320991,13.741022476196427,-0.0037587401245637864
-10.804589008417189,-6.9454640930417995,13.664496764014507,13.70303080622963,0.03853404221512413
-26.0024092773807,3.5537808496488665,13.653206731443348,13.67040695389682,0.017200222453471525
-14.757731985236596,-3.39504044764287,13.568171669349171,13.707418655948052,0.1392469865988808
-4.072785030487466,11.144266281314046,13.853116717116885,13.915105046526143,0.06198832940925847
14.967518012969087,7.880069246394669,14.253965694051875,14.009153411679614,-0.24481228237226027
25.71499142620182,-21.238535596727566,14.136770359680614,14.207341747187156,0.07057138750654168
24.878377167691603,-0.8080317407111224,14.249613683495646,14.210599197925708,-0.03901448556993792
0.011821712956098906,11.264644449638212,13.949868314268844,13.918923337737953,-0.030944976530891566
18.045797187522922,-31.060056160737396,14.705312828409358,14.579356621735766,-0.12595620667359242
10.539193091489864,-0.2997260643745463,14.13055614583724,14.036221621254253,-0.09433452458298675
-6.544016526600686,-14.291936361390512,13.767996652108899,13.753881854548734,-0.01411479756016476
-0.27583169042009814,-29.593440299937733,14.40171234474947,14.399859257967707,-0.0018530867817627694
28.369167411810587,-28.008882476823644,14.219793184834707,14.235789822209902,0.015996637375195633
-15.506937405222715,18.847844835159762,13.615390866998347,13.912205687660578,0.29681482066223097
-7.261431093941319,16.210859928267105,13.733825162431318,13.917123598626624,0.18329843619530628
-12.259377995531864,25.998448293600013,13.600930099103364,13.922075935475975,0.3211458363726116
-30.529424581957706,30.6527405595509,13.925222593621854,13.910027551389666,-0.015195042232187816
-23.491121137722878,30.19236093841625,14.009249174590213,13.91596002112803,-0.0932891534621838
-18.153574488688164,-7.9639092338930055,13.587567885821164,13.611905878056291,0.024337992235127004
-25.522326060846353,8.606137351949357,13.628494416273913,13.729332009449621,0.10083759317570795
31.389571442276072,13.959429340411752,14.279079301086043,14.146603786879744,-0.13247551420629833
16.249619396623054,-25.66051971030506,14.146238854643752,14.429768931642558,0.2835300769988063
17.20141651657967,-19.675643836391252,14.091110341469896,14.1933405430133,0.1022302015434029
22.596447266092653,21.975297768440335,14.112738196508634,13.956773942818462,-0.15596425369017197
-2.4520438578731785,-7.221165125843697,13.772591174438592,13.850368533936994,0.07777735949840192
24.115221926454623,-9.050607906321723,14.192994860067735,14.195262040028021,0.0022671799602864695
-12.16754571406777,-5.714890326748581,13.632794493337983,13.704627898021153,0.07183340468317034
28.335177780817908,-16.795507744750118,14.156805835880567,14.242379684085853,0.08557384820528569
-21.11478952009265,11.028987402132039,13.581275004448973,13.801842845525488,0.22056784107651595
25.91426847727719,24.640854229145894,14.23337640337051,13.96972133782875,-0.26365506554176044
-1.313272755530292,24.563117457288413,13.744096469403791,13.930605366602048,0.18650889719825692
-15.84565817586499,22.498083899688453,13.62423280085443,13.915434891055945,0.2912020902015158
-11.610090787757208,29.84288998273636,13.61108476063793,13.926388654894371,0.31530389425644145
9.730878981433776,11.154418201753998,14.191009051383935,13.927624451709875,-0.26338459967406
6.927222649609618,-11.173209352243312,13.994717318555882,13.987495483223823,-0.007221835332059001
8.765589081357128,-26.472470835096935,14.71284079123952,14.636585338244682,-0.07625545299483782
-31.235156999585264,15.262430561230097,14.017974372813484,13.739742831203753,-0.2782315416097312
-18.27516868152079,-26.551170372982035,13.58480604162754,13.628630996702439,0.04382495507489992
-28.182268065619056,-15.084981830274216,13.776284788302572,13.818136822896998,0.04185203459442555
9.530286083653941,-8.638069563097147,14.044560221716724,14.017671809472208,-0.026888412244515436
-24.63577967749054,-30.323798331185756,13.683685933833313,13.68088507326449,-0.002800860568823893
-22.615133798264736,-26.307299488427567,13.679917274411773,13.639803511562901,-0.040113762848871914
19.805787533121936,-28.949286283239694,14.22161997596693,14.46178875343819,0.24016877747125953
13.56303430242756,10.758314675431038,14.263642091340282,13.962354360470453,-0.30128773086982896
29.938347437916235,-24.53111254107528,14.270261817805808,14.257283957491172,-0.012977860314636658
7.981378587942935,-27.043114439922462,14.697535227657227,14.610214484253236,-0.08732074340399087
1.0305755750209755,30.938344150622115,13.787698484895145,13.938905480010778,0.15120699511563274
11.422170887100414,10.328396020262772,14.234462468699938,13.940696123727577,-0.29376634497236154
18.98687961986201,-11.450825648231643,14.136314846153411,14.130814476130894,-0.0055003700225171315
-14.901474060710584,-2.8745959109509656,13.558380789753121,13.712677931204768,0.15429714145164652
-30.601916218927137,-22.80605220318153,13.768142602665076,13.807791162786929,0.03964856012185258
-23.540317731991195,-27.64818952121209,13.691730267878787,13.654285869519754,-0.03744439835903357
24.893936497137837,-28.29593457628517,14.204625758026395,14.31635668925987,0.111730931233474
22.07456512262933,-24.489919345242967,14.106633780529974,14.248194433690255,0.14156065316028155
-31.63113825198524,-6.085723040732866,13.980952226844547,13.699231405390936,-0.2817208214536109
-30.557232427150474,-26.14954838775835,13.797544908016889,13.761102176055735,-0.036442731961153996
28.806341230636676,25.94582323651,14.291020634821534,13.991510981621875,-0.2995096531996584
-29.863539054967397,23.439266421842902,13.937698926971557,13.841407815944203,-0.09629111102735344
22.407833375519857,-17.977738676056013,14.133606710710806,14.168660361763553,0.03505365105274727
-0.0627080540236733,6.660326763699061,13.943527903670077,13.914395362378375,-0.02913254129170184
-8.894673172800154,16.835628992547306,13.708185329350842,13.916248718023681,0.2080633886728389
17.384215365586655,20.67950824049123,14.109125339293897,13.943787718783039,-0.16533762051085787
6.452544918235006,14.394651352197883,14.052247644454434,13.927792437329591,-0.12445520712484281
-18.631276753945308,-29.87064355612023,13.62859797888253,13.658559500952752,0.029961522070221847
-27.22420388982747,18.18553027865441,13.918578710273698,13.81338314707405,-0.10519556319964707
-8.465915209786097,-14.5521581695524,13.730369992020869,13.70837314335379,-0.021996848667079405
-30.211407359823134,15.96573441916108,14.006328721858711,13.75808276068606,-0.24824596117265152
0.6755102435601259,14.118238243245209,13.913200667999519,13.922289224456371,0.00908855645685236
-24.79902043016746,22.780530060255508,14.156497596392848,13.888040400772512,-0.26845719562033565
14.834415165445904,-19.734479444693918,14.069483750921261,14.267328025008855,0.19784427408759342
14.56337002191502,-17.250713043392423,14.073022766108,14.179718229644246,0.10669546353624604
10.329209888328052,18.52892106405087,14.091654712693796,13.935310738742096,-0.1563439739516994
27.63665794269582,20.650296802020797,14.210081939948786,14.031865582905766,-0.17821635704301997
18.023571155123776,26.189909016462387,14.069155559538093,13.949705335719027,-0.11945022381906512
29.30201215601437,30.73646168354056,13.96907003019245,13.964330895772319,-0.004739134420130853
-30.96887064635557,-18.920691282180563,13.895824298164287,13.870040673931562,-0.025783624232724733
-8.92668271394971,-18.142008338452037,13.776149288850464,13.780685901849486,0.004536612999022083
18.144315071778188,-11.496931660817637,14.130890556283912,14.120511141191683,-0.010379415092229394
5.629827869151782,-15.971963034633667,13.941413226684194,13.973037539701266,0.03162431301707258
7.365084414842848,-1.5555697604461827,14.059444452443854,13.996595288985562,-0.06284916345829217
18.290741948580973,-18.848833586790846,14.104221122413803,14.137689941862654,0.03346881944885105
30.289504172889927,-15.328547744613068,14.190384496070457,14.267359177788325,0.07697468171786781
-12.265940976425455,1.2874437078137575,13.657771623391774,13.791777009792382,0.13400538640060766
-0.5883035225061448,-12.871917028465319,13.85498101906181,13.894869055124916,0.03988803606310576
-28.03824287153423,29.10711793500146,13.990941305728423,13.910787862897203,-0.08015344283121983
3.1101620853251575,15.882912828846528,13.936648822786031,13.926205156192772,-0.010443666593259238
-13.677818649020928,8.38040137518982,13.584475765010469,13.8524042608413,0.2679284958308319
-15.470475690167682,-25.930085793320586,13.659816840376621,13.644762647252325,-0.015054193124296233
24.744539532637,6.79154861052583,14.304799418157407,14.139536230507966,-0.16526318764944037
-3.9850887647728612,14.517520214718438,13.800242294246491,13.918452361014934,0.1182100667684427
-22.12943854423878,-3.803706670563713,13.645185872759892,13.623999207871186,-0.02118666488870602
-25.660830269800805,27.73803472607112,14.05124346432305,13.911616093708874,-0.13962737061417663
-11.482005247670685,0.32447504705140773,13.665811669185802,13.78982019412763,0.12400852494182857
30.906812382189614,-8.802587388002621,14.24280401938747,14.279038510338207,0.03623449095073639
0.6762894856673611,31.95884037697416,13.753250345547503,13.93957301396158,0.18632266841407663
9.047432343801134,-4.904190277545041,14.073336241887235,14.014587438981918,-0.05874880290531692
-10.144044487778935,22.906683279272528,13.626171837908444,13.920997809109746,0.29482597120130194
-20.838858741835544,18.761274921525228,13.624504264200814,13.887163176086183,0.26265891188536905
-2.6603068153305145,12.390950174721759,13.878369440948848,13.917592829930369,0.03922338898152056
-11.707767308848616,-28.78187687964843,13.847686500044496,13.860538781046607,0.012852281002110999
11.387026317935423,6.754214789852298,14.205712763704154,13.977126543229486,-0.2285862204746678
18.89597116512607,-4.641437911387982,14.185885811166974,14.134813570141432,-0.0510722410255422
-22.182408634476623,4.067498664407232,13.64708884241254,13.716349391171104,0.0692605487585638
31.64195185823676,18.62630395408626,14.201621093619117,14.101552528745746,-0.10006856487337146
7.8335085975851015,-24.567133656675892,14.688423115195299,14.657398058372625,-0.031025056822674202
-0.44379088550788026,16.637206471542335,13.830300711808645,13.923715108279314,0.09341439647066885
19.82173714846636,-14.463765849363185,14.134349103879252,14.139015284984639,0.004666181105386968
-29.064756963768616,-25.37905789929578,13.740023191264484,13.733728544077723,-0.006294647186761537
-8.137579294926297,-23.047156971950386,13.920297125437827,13.989758870425257,0.06946174498743041
2.0152617520644043,1.5629578614344197,13.945242041341757,13.916442999657242,-0.028799041684514748
-14.222183447939472,-2.2226569870789348,13.603519253730106,13.728369745235518,0.12485049150541272
-18.418501809180057,8.341846258540443,13.618255111037776,13.80177179565157,0.1835166846137941
2.193983998582418,-28.16829560417522,14.515072020250742,14.484963773676974,-0.03010824657376787
15.887244640979247,23.2494493212777,14.098270679601582,13.944920719485875,-0.15334996011570645
-20.73254018316669,24.980316282402484,13.690283516284557,13.913410816857583,0.22312730057302588
1.8160766769122532,-7.799315051931735,13.894305036706807,13.929145329390623,0.03484029268381583
12.777648623981015,-8.558718812906008,14.116566702553893,14.057308553495089,-0.05925814905880422
-20.01357582606476,-19.91015787593632,13.589477581598466,13.57856858552676,-0.010908996071705701
-0.9128632502345937,-25.078616157848167,14.485720736442413,14.468667253336076,-0.017053483106337808
-13.292155479917689,-4.48090407380046,13.617083111300566,13.70879444667291,0.09171133537234333
-7.200903430596135,22.862959823185953,13.722915087266195,13.923622673594734,0.20070758632853902
4.461939550915936,12.462454715820883,14.05219227241702,13.92411663572397,-0.1280756366930511
18.09502824271332,-9.511300722492393,14.144990892791803,14.1213996811662,-0.023591211625603847
17.01082912293046,5.803664056077125,14.25069048978146,14.05546919435742,-0.19522129542404087
8.597208787785178,27.716507678832762,13.926103256237575,13.9426415872778,0.016538331040225174
17.305682024118987,-5.531152161207807,14.169584766211877,14.114764635548045,-0.05482013066383118
-19.81940108244497,10.736832095295327,13.597156764120811,13.81245258679834,0.215295822677529
10.748598538812097,-6.152761998432474,14.079859467093897,14.034383973192949,-0.045475493900948294
-26.71327739926666,25.165929970458187,14.016914497769466,13.893180658799213,-0.12373383897025292
-2.372642976715916,10.266141848619242,13.895852302058792,13.915795117218202,0.019942815159410543
10.686216133838087,25.186376428172146,14.00991059146192,13.942083685536081,-0.0678269059258394
23.709504690668822,-23.54518657883483,14.110014375025228,14.181207534892087,0.07119315986685848
-3.497187928209037,-31.034222247930813,14.244998338578768,14.210115326100125,-0.03488301247864278
5.182522167544732,-11.61345012220277,13.957604605855545,13.967677030288458,0.010072424432912896
-5.898536050921059,-14.29294084180276,13.779067540447393,13.76917173609642,-0.009895804350973592
-28.71767307030327,-26.84829917535626,13.743536926742042,13.704902877894718,-0.038634048847324465
-5.343045600758387,-26.955775088895813,14.249809042951288,14.138669608289502,-0.11113943466178533
17.424797314713892,30.262257553510473,13.9837541297982,13.953107784571424,-0.030646345226776006
13.176536919123556,29.906947601549888,13.941412135781484,13.948913592071957,0.007501456290473385
-13.140337308334196,-3.8524491541043204,13.614417862504492,13.718592323600413,0.10417446109592099
30.95669754908485,-18.374314556520012,14.246639735422313,14.273670391975283,0.0270306565529701
-4.873371302507657,-14.347499579357589,13.81273637504638,13.793458735995559,-0.019277639050821804
-22.898549542661662,23.39307947433025,13.992434066629254,13.90991023521772,-0.08252383141153352
-24.05038414592815,-17.04758185098001,13.626516731876249,13.720005194983324,0.09348846310707515
3.1666414311957425,-14.17935452286028,13.910191272743555,13.944906755937529,0.034715483193973995
12.542904141934827,-31.665925115697036,14.725516955180735,14.603275383914758,-0.12224157126597746
-15.478428236909338,12.6719488614579,13.573818165861251,13.879060855920153,0.30524269005890226
14.574345650274033,11.437535668236478,14.277509016643888,13.967675251034025,-0.30983376560986287
-17.975760005276072,-19.337277110274613,13.528365528821595,13.56504335991167,0.036677831090074164
-7.425840201861732,-13.990967847026475,13.748443802935045,13.732974845708839,-0.015468957226206115
8.502237004414923,8.651702950493714,14.143321259141395,13.924086489518542,-0.2192347696228527
-22.016672394188184,6.08672137337031,13.62051237117538,13.739622501459046,0.11911013028366568
-13.00167645679958,24.141850537606146,13.596135801737837,13.91960464841933,0.323468846681493
-23.65953094967724,-31.298582027602976,13.701660568582328,13.686363744898188,-0.015296823684140648
22.394277653033576,25.20158790730291,14.190459064225548,13.95270885240826,-0.2377502118172874
9.344023662796673,-18.92769235658602,14.011875382874411,14.261214427117539,0.24933904424312736
-30.58002179232792,-29.659443315620948,13.747915651879987,13.713858137804985,-0.034057514075001905
27.676247506106,13.034959125344464,14.291116892645254,14.110881250500553,-0.18023564214470156
23.693529250867314,29.96051222858523,14.027768585814393,13.95849650710504,-0.0692720787093517
26.70058527546602,13.79361915838411,14.278064375570658,14.091166685473906,-0.1868976900967514
12.975188081099489,-27.380702796244385,14.691743860406866,14.60887782129536,-0.08286603911150614
-20.285314920770617,-21.13911675904653,13.603842107677934,13.587769853789077,-0.0160722538888578
24.29396097021406,6.4658837301409875,14.299490703663928,14.137403223357405,-0.1620874803065231
7.172548393497635,-1.5185134927791992,14.05423875292821,13.994276548426168,-0.05996220450204248
-0.1680688690240828,-11.91797892523411,13.830476862613715,13.90476374234782,0.07428687973410497
1.8062667011139482,4.0741038428813425,13.953672949894768,13.913583717295674,-0.040089232599093805
-11.597626623855959,-30.274937560989066,13.862803750058733,13.862302476724233,-0.0005012733344997855
4.675062708908669,-21.41224825209477,14.57517842825932,14.414411838474443,-0.16076658978487757
2.9954605776163135,31.188502736522338,13.828945125234407,13.94092849817447,0.11198337294006322
6.682959556035399,15.878763535983438,14.024786473666772,13.92943898427314,-0.09534748939363169
-26.480382258973698,28.530614767670585,14.057737679115949,13.911641186633986,-0.14609649248196277
-13.11108729332279,27.999126295041066,13.630658613900565,13.923242230738747,0.2925836168381828
-27.438568274029876,-1.5855894739071275,13.627338943456172,13.596660454515144,-0.030678488941028093
-0.8563268844098602,-30.789213004414478,14.359910842241726,14.332467829602448,-0.027443012639277953
1.4582057030401216,-11.185708363711,13.87262422583298,13.925286196644814,0.052661970811833214
15.55569355285514,-26.5602762368556,14.270950739390958,14.484281427594198,0.2133306882032393
11.804565609927089,2.63649007979442,14.169774276608194,14.024679339423106,-0.14509493718508892
-2.8346799073480256,17.108686303679626,13.759117087263109,13.922005111190655,0.16288802392754675
16.961378285269383,1.3367156290482995,14.218124888906328,14.100931917927161,-0.11719297097916659
0.31648938477093225,8.056869499328755,13.95609992336031,13.916091910832423,-0.04000801252788655
31.17404562373688,4.415435292712175,14.32536793488454,14.242399504583199,-0.08296843030134049
7.010285863204736,-1.414282709776984,14.050216587730723,13.992377146925476,-0.05783944080524783
2.768576466006621,18.826875758090132,13.867626549114352,13.928747558312969,0.06112100919861696
-26.902855777678518,21.01312369997777,13.952303258359175,13.846918971033105,-0.10538428732606953
-5.974107195355131,13.707626498553878,13.784309547510862,13.915865228524684,0.13155568101382187
-23.494454248263132,-28.36145421552412,13.687161971854303,13.660341899632671,-0.026820072221632074
-10.65480440221566,-16.038728272744386,13.696877587724266,13.658117461808407,-0.03876012591585898
8.08195870104899,15.951203594981948,14.085774374845771,13.930777003555464,-0.15499737129030677
-7.6012761096591674,29.822500042549848,13.60117953739658,13.930001890441842,0.3288223530452612
7.44892745116443,-6.76822159757576,14.033694024064452,13.993707637112884,-0.03998638695156842
23.521023053906987,-18.579138714156798,14.136651150691296,14.181990634654882,0.04533948396358589
8.606209642653262,7.828814080339718,14.142118251163025,13.932153534816333,-0.20996471634669156
2.155082023559025,-14.943566528927803,13.904887353594848,13.933448030926042,0.028560677331194384
19.86197654373838,-12.781045598630627,14.139246584116204,14.140562432695633,0.001315848579428902
30.872091169332784,-0.020169582460809465,14.291091233073244,14.284238483939397,-0.006852749133846814
7.563386121660166,29.59296735309165,13.881411950126711,13.94352250579606,0.06211055566934931
-17.99898700288381,-15.22716553149776,13.534531869202684,13.562997404576906,0.02846553537422203
10.532118749944232,-25.430634957448447,14.68397709598993,14.629525648717877,-0.05445144727205253
-6.477082819589725,-27.137442935411265,14.177676775448575,14.08940091753437,-0.08827585791420489
11.208370685400489,-16.263952299960827,14.024947494182948,14.05866720974314,0.03371971556019204
-2.0298578873049564,-3.324021382837074,13.863788698779715,13.86012549263089,-0.003663206148823761
-21.406181545986435,8.853319806927097,13.60996059850364,13.775571453439772,0.1656108549361317
23.32669010803506,-0.733981184293981,14.24082258756345,14.191743549803457,-0.04907903775999323
-29.225621187993013,-1.5916128009760655,13.599837650142605,13.577650371226982,-0.022187278915623665
-11.906542034427126,21.771589913425757,13.53831867507082,13.918300924009932,0.37998224893911114
-2.1649810205220703,-19.201077278172427,14.00361381080025,14.025410110740664,0.021796299940413988
18.473326307825182,5.397113871154957,14.256619941345983,14.077485927580334,-0.1791340137656494
-19.302983215159536,-10.387330276623196,13.59820697740415,13.568149123897157,-0.030057853506992416
11.60210603046675,19.934412561771715,14.105158617643598,13.937825870759326,-0.1673327468842718
-15.032812347765876,-19.371330288908638,13.622196227614376,13.611335217420741,-0.010861010193634613
-6.542348104759654,-15.354502784596747,13.784271347267193,13.753987785692543,-0.03028356157465062
-26.91719744122397,-13.652926576426928,13.732958201227113,13.75318788841785,0.02022968719073681
14.109117079654695,-14.896317468235694,14.081484171019195,14.069422226622835,-0.012061944396359436
-15.799164761591868,-16.871222405773857,13.546088453897196,13.548376190916997,0.002287737019800673
13.34114804791708,27.96350263564026,13.989244707801355,13.9471800585967,-0.04206464920465436
14.425683534414738,25.19931832398506,14.04574139111754,13.945485115329424,-0.1002562757881158
-21.346577596297443,-6.9002821004092425,13.645258068749177,13.591940392468265,-0.053317676280911996
-4.81878379814485,-0.03182777771817058,13.831608079745628,13.856536253410013,0.024928173664385156
24.25823672043466,-11.046147568788577,14.187127973429686,14.195775697389859,0.008647723960173437
-6.335033224232987,24.135111769318712,13.726728950596735,13.925639765667066,0.19891081507033093
16.163532903381544,20.77098218445441,14.125837644074764,13.942770090684881,-0.18306755338988268
-29.25024305645573,17.934252579581717,13.953378622069934,13.78924211667184,-0.1641365053980941
19.39982420357402,31.190097237860286,13.995739128138037,13.955796497383666,-0.03994263075437132
16.53505602822937,1.3027414319224135,14.21532932241812,14.096086474327345,-0.11924284809077434
-13.610204039977042,5.56036267054413,13.617443491876347,13.82306951565948,0.20562602378313244
27.45211578666607,-19.845099871112033,14.16998642142985,14.229600988203881,0.05961456677403021
28.617657924295315,-7.000353434801461,14.240939486736178,14.251979692296135,0.011040205559957883
20.63606637613848,6.66644220605567,14.279148134897387,14.090754373709238,-0.18839376118814855
18.25562406499637,20.767396806829545,14.118530243006681,13.94466257496552,-0.1738676680411615
14.105853544975218,-31.267092153269175,14.70825807944051,14.640925178663847,-0.06733290077666254
-25.76404254900413,7.548139044894555,13.585071847214145,13.715497030943645,0.13042518372949985
6.506514865550528,-30.515502098498594,14.613709030112222,14.512185426652923,-0.10152360345929878
-16.227444466114143,-26.350110014236073,13.618806601165861,13.62061312942615,0.001806528260289042
-8.092465572886233,-27.134634455604335,14.072675398816656,14.019743153258073,-0.052932245558583446
14.572019386455366,26.39817783312219,14.022405706379024,13.946779127344811,-0.07562657903421233
12.990951451120168,1.2479406526290546,14.19194103762878,14.05345783283029,-0.13848320479849008
-27.701745222115427,9.497601502642517,13.762790873836918,13.715743452565748,-0.04704742127117001
-1.2715746578781548,-7.106434812430287,13.837838988496404,13.878323727467288,0.04048473897088378
29.642808145011415,13.269447193555628,14.289158468992413,14.132430550083786,-0.15672791890862747
19.286425796541643,21.571590731081237,14.126636843734444,13.946375801898851,-0.18026104183559255
30.46560057590124,23.170307144088248,14.179648396278646,14.040355714595387,-0.13929268168325848
11.69864950283641,-3.8685232989100413,14.115998590444468,14.047675898341636,-0.06832269210283215
-10.878167277021376,23.43328938895499,13.55465220276857,13.92084266000075,0.3661904572321788
9.380336740420674,23.282852134306623,14.00469673930567,13.939056193176116,-0.06564054612955417
22.359443171873103,-23.036223250300267,14.101916348006089,14.189478581120136,0.08756223311404732
-9.87674676457894,4.735582331997421,13.736534570863222,13.853831763188088,0.11729719232486602
27.004967150026282,23.954770454624246,14.180004460834366,13.990089466827634,-0.18991499400673284
-20.03453102255849,13.571565282737822,13.61916296051875,13.840381179523945,0.22121821900519478
8.392471718906727,30.25901461264845,13.877961271724486,13.944919097901263,0.06695782617677715
6.851330591875417,-24.36381133368453,14.704230066237194,14.646287332230909,-0.05794273400628569
27.622166978741966,-9.425716400150236,14.22013117131466,14.238206858175666,0.018075686861005025
3.7475290453799914,1.8741698708295615,13.99296514739184,13.93434563344764,-0.058619513944201174
15.370524686943824,30.548853001467023,13.947600233822042,13.951523739342715,0.0039235055206727765
7.950733063433567,2.6273460542032794,14.096887018055831,13.977805053026625,-0.11908196502920632
-4.9375622911457455,18.0860740780125,13.738739157285714,13.921046218436723,0.18230706115100936
-1.5132132213808944,10.396153455999674,13.913964570667545,13.916699924178623,0.002735353511077676
-13.194815994747465,19.288958678249195,13.569757071866977,13.914728376724314,0.34497130485733685
11.829513687100707,-11.765393483704585,14.076160397535633,14.043348152948761,-0.032812244586871486
-10.063165567928266,-25.79334668698619,13.93751067898448,13.934555602219053,-0.002955076765427833
-10.827282947685553,-0.3456362548510228,13.685375195410245,13.788794398826928,0.1034192034166832
-19.980965263498817,-1.5076098274635612,13.656541311812601,13.676680608675676,0.020139296863074918
-27.87847070580387,-27.184182356547417,13.718422370847362,13.679031709551815,-0.03939066129554725
20.104470718455538,8.516864001535552,14.289244758159441,14.065193076865341,-0.22405168129409958
29.106864812936607,-16.811252741139334,14.173499892555405,14.25187124004607,0.07837134749066443
-9.789544250736434,-1.6120344650260563,13.737707977275015,13.783285191471391,0.04557721419637595
-18.353594887003588,-20.034682855068432,13.54573793296279,13.572259191644855,0.026521258682064897
3.2159184293346215,10.26531045525941,14.0201067934781,13.920858945580116,-0.09924784789798302
-16.117410082558067,16.353199727079918,13.602758508361875,13.90923575934829,0.3064772509864149
-7.601648914795845,-22.924712790462294,13.956127129327387,13.997701356510591,0.04157422718320447
11.288884180247315,-26.507253487288025,14.690147612824138,14.639994449419707,-0.05015316340443121
19.5147547799588,0.8304613557447595,14.229732188851033,14.137271941149631,-0.0924602477014016
-11.13101645022428,-27.162531777112754,13.875569141375616,13.888649852029852,0.013080710654236327
-21.51012710957847,29.65787503676463,13.843102835428743,13.91723751374881,0.07413467832006759
-14.936751117410687,-25.919201048442652,13.686361330645067,13.673389139602682,-0.012972191042385006
21.551157699745573,-15.426243734278628,14.145785600871871,14.159707226844192,0.013921625972320939
9.544096617822646,30.375179509724546,13.887134287739803,13.946075292709947,0.058941004970144206
-21.518901608887774,-11.91749003474657,13.64174430295592,13.576399555997527,-0.06534474695839343
-3.042334190496682,-19.15637709832533,13.952504354690817,13.964224269438427,0.01171991474761036
5.1517260885852565,-21.560710086644647,14.55536300918524,14.433371333542116,-0.12199167564312496
-1.5725291121784792,-17.46107837298714,13.897001310633604,13.928458821006837,0.03145751037323308
28.454638779647667,-9.420071067530898,14.224523766988774,14.248460195557204,0.02393642856842959
29.474468553214315,15.60625979700881,14.250168174317835,14.106280531335646,-0.1438876429821896
0.4687512911226577,-7.522726752274217,13.871733772565488,13.913802216358539,0.04206844379305075
-10.599253750852974,28.836383864482144,13.559245797726675,13.926329673157007,0.36708387543033183
23.520165817081008,-13.272284225463245,14.171647199390264,14.185296863981895,0.01364966459163064
0.5583145217075227,11.66234174536637,13.960747443160415,13.919803866101121,-0.04094357705929319
20.787723644164892,-0.6738914705084866,14.22600936296039,14.160844963310378,-0.06516439965001197
-30.680905055913883,-28.736651480661266,13.749756965192056,13.728991089369805,-0.02076587582225109
9.476145788428447,-25.213977843686926,14.687970686745262,14.660798699236503,-0.027171987508758377
-20.514139894996063,19.388790646579317,13.622110325155639,13.897290130814996,0.2751798056593575
-15.938004314068607,3.523770294681121,13.562779072413756,13.776706944000532,0.21392787158677606
13.386864256092998,25.60592176166943,14.030227534074942,13.944937582438701,-0.08528995163624131
11.661352648043412,1.757681253150217,14.160432836146562,14.031996647474916,-0.12843618867164608
5.340884541584018,1.718359029899247,14.03310970907956,13.95537145285472,-0.07773825622483876
20.065177403464773,22.931961612874034,14.14411626152874,13.94839940483436,-0.19571685669438033
29.41858554845104,20.164733419732052,14.179429713779722,14.05859019798076,-0.1208395157989628
-10.049278534066765,-17.261292141045125,13.742813185319626,13.719911615948607,-0.022901569371018837
-13.983317922387634,-21.703763508263314,13.667447012205216,13.688074149779553,0.020627137574336984
-14.576528643902314,-9.98246376918219,13.618106059021452,13.623495918686505,0.0053898596650530095
18.36973719155312,26.55898148404477,14.06208643805031,13.950376587642513,-0.1117098504077969
-16.95194168419227,-18.532454372425498,13.509007772358883,13.554916018768285,0.045908246409402054
19.128933388371244,15.544234370011843,14.241877174674208,13.980833958730027,-0.2610432159441807
3.6895263633618214,29.002457783146184,13.82106574916783,13.93943976424422,0.11837401507638923
-8.098696501506822,-13.020985329246663,13.735034832640428,13.716975938203635,-0.018058894436792983
4.481581709320558,17.64703237120932,13.926528585023178,13.929156996033681,0.002628411010503484
-17.087641748445584,-9.403238840117616,13.55862006579671,13.604441839092122,0.045821773295411816
5.5973435448701565,-16.17209807567739,13.947546920104216,13.9871260211798,0.03957910107558327
17.90053505811961,10.745230891956012,14.292619859058995,14.015352577447537,-0.27726728161145786
-2.3325595491657296,-3.2034418480225426,13.85923872551183,13.852947710794638,-0.006291014717191956
-31.879881209700464,8.508291538917533,13.879560695816489,13.660938990146326,-0.21862170567016292
-12.541754087691189,8.538507465359373,13.686645420473358,13.866124262811256,0.17947884233789857
30.61360504323069,-4.182983567330211,14.270453382458644,14.278315647365195,0.007862264906551175
6.63126424871696,-11.080119057743993,13.989204824825602,13.984123138270265,-0.005081686555337583
-26.258016994754634,19.49133074085151,13.907955046346979,13.837533625669018,-0.07042142067796142
14.048160538326641,-15.566876197405847,14.076375394007636,14.068770755885804,-0.007604638121831542
-17.550815537771037,-7.972288056322853,13.568864548167468,13.61818216916278,0.04931762099531234
5.845191948189054,12.658943281957171,14.076194827829513,13.925560556507442,-0.15063427132207075
-12.008022023349731,-24.401638312064534,13.728368945273395,13.817807547704554,0.08943860243115864
15.52235144550415,-27.877927930590502,14.596922264779897,14.53253669650464,-0.06438556827525765
30.169787104584167,0.9742224738770915,14.293838428147502,14.265647611075261,-0.02819081707224136
14.03081178438277,-13.439840262984816,14.09210625591778,14.068920638424926,-0.02318561749285486
4.1827487166291775,-22.26764689699349,14.707502928774822,14.476285186912927,-0.23121774186189548
19.358099462307877,22.340143745444898,14.135992820628653,13.947185291891117,-0.18880752873753615
-12.823504226902386,-16.502548160865302,13.659134418243566,13.624748394118834,-0.03438602412473202
-21.779264726322054,-7.118036237129672,13.648295020613704,13.58451900459043,-0.0637760160232741
-23.608600951791963,27.475237067353795,14.131781438858868,13.913221341296438,-0.21856009756242933
11.348875619641419,29.44639645093538,13.923020081404836,13.946811115092142,0.023791033687306395
1.172188157951993,4.703411313936172,13.948510122222473,13.91361872522852,-0.034891396993952384
-1.6290999039850433,9.780815067477079,13.909703724887308,13.915998792808631,0.006295067921323394
15.705033464625338,-29.171344040016727,14.684576014435365,14.5719476668285,-0.11262834760686502
-13.861617813860093,-9.12893491486215,13.621335674812627,13.64219205317512,0.020856378362493544
8.129996918437548,-10.741696225424086,14.011624969472107,14.001150070961316,-0.01047489851079142
10.957489947381589,-22.77174755416825,14.083378645751255,14.518924455907973,0.435545810156718
14.287945959671816,-7.270865025733379,14.138831642813571,14.076681192614199,-0.06215045019937193
-5.57911170554862,-0.3648429003542333,13.80327586128,13.844141926324102,0.04086606504410284
8.312741568384908,-28.041470318956875,14.700988620325326,14.596335361387348,-0.10465325893797761
-8.451690069356886,-30.26421038759093,14.048452522729246,13.997992444983803,-0.050460077745443144
-10.878676409363635,7.603210697604879,13.71598419390659,13.873775735784655,0.15779154187806554
-21.247187502604284,-24.103885280724924,13.628204043033856,13.616472015103023,-0.011732027930833056
-16.131272302568696,-1.6220025912653782,13.552870765392685,13.715972612777236,0.16310184738455114
0.31928505680282626,-8.370674895235773,13.864674350704313,13.912155034702083,0.04748068399777061
-29.23283067549969,-1.7654045515947985,13.592056292979692,13.575309271968456,-0.01674702101123593
16.781949443512914,-16.767107561146858,14.097467356507726,14.100148310297534,0.002680953789807816
19.19610594943643,14.351410082086588,14.26157370766434,13.993953624787238,-0.2676200828771016
18.929582646664706,4.743175406101081,14.254779731665561,14.08979029213081,-0.16498943953475198
6.9609772590572945,30.328504584379374,13.863120395394539,13.943689124457139,0.08056872906260004
12.364219469085882,-12.631187559649788,14.084520567424622,14.049432445683328,-0.03508812174129439
14.470488041826407,12.729580510337769,14.286659639741412,13.953085273996901,-0.3335743657445107
10.44885639738667,27.413205230282827,13.953649887674121,13.944025818676968,-0.009624068997153401
-29.55418464003833,6.403052262580957,13.666077481180007,13.663142882142722,-0.0029345990372853237
9.186998400170374,-29.285028785781833,14.718768261104524,14.587787263590256,-0.13098099751426773
31.992360675182297,-31.180864499833703,14.261557105088896,14.278417900500786,0.01686079541189045
-24.174335445858368,-10.192993367296019,13.609082194575016,13.60422554730101,-0.004856647274007031
13.15571461545575,17.756151678579656,14.174253738890403,13.937123638308881,-0.23713010058152229
21.56798705771844,15.32475099375938,14.24766395703353,14.0128233476428,-0.23484060939073004
-2.3140150812889146,25.910354084383485,13.760543264894617,13.931003579351827,0.17046031445721077
-11.348177735031186,-2.9389399089184067,13.669112703333049,13.74948218143142,0.0803694780983708
12.002015406598481,13.59432911726936,14.25929628730334,13.932046332794584,-0.3272499545087548
-16.358323889250855,21.24169591283882,13.61389754357084,13.913753161890929,0.29985561832008933
29.68400242600122,-22.61610681241853,14.254694129594952,14.255349213112378,0.0006550835174259362
-15.276259563933152,-10.413343339682179,13.582633206801855,13.61046824484935,0.02783503804749543
0.21962678241339972,24.09899585471669,13.732946164326368,13.931544939005818,0.19859877467944997
21.806698649692137,-16.995769361309762,14.138061388975645,14.161872621273515,0.023811232297870077
23.61057818583155,0.4706527597059633,14.251428861699857,14.190900315055353,-0.06052854664450358
4.248960866034729,4.06325975244183,14.01685647280857,13.917881844357742,-0.0989746284508275
-24.25560002522043,0.25857838711852565,13.662427283646824,13.653797713170555,-0.008629570476269777
-2.418082854673351,-18.23113395994489,13.90752097813226,13.938317549200287,0.030796571068027134
8.734260103272362,-19.007168786978248,14.009030507756504,14.260954386780897,0.2519238790243925
-31.288745780964014,27.5058445130582,14.037896419309028,13.86964400497519,-0.16825241433383908
16.71727814485037,17.568381528984062,14.168678226933489,13.940169402924973,-0.22850882400851624
-29.72332991496817,14.91943571182341,13.968442971640972,13.752103710517424,-0.2163392611235473
24.043327433303624,17.712039743703436,14.209938638238622,14.018372643236447,-0.19156599500217553
26.274657227800866,-1.5740076086602102,14.252055813261398,14.227041879257328,-0.025013934004070038
24.912318650205833,24.291033804996893,14.217267147243174,13.961117597435353,-0.25614954980782123
31.878923188098177,-5.5648709456099965,14.2689369651196,14.293031197412452,0.02409423229285146
21.159601350344396,28.81952843614704,14.051036783962147,13.955094806896266,-0.09594197706588048
10.168043841448004,2.6999692005434923,14.156642392586523,14.004079601937043,-0.15256279064947975
-8.624198366685256,21.466464458433244,13.734436454813133,13.920979957674298,0.1865435028611646
-13.13264607763741,-9.444188139622412,13.636879098547874,13.645806453920573,0.008927355372698287
27.270464347771934,-21.786512829553544,14.200363827206413,14.22615102176347,0.025787194557057802
10.65054697261239,16.409765390793503,14.143894737368694,13.933549018416262,-0.21034571895243204
-3.094057098128964,11.1321294501575,13.885472323342004,13.91598026115966,0.030507937817656483
7.0033928206039135,1.8044796842158703,14.068110833599539,13.974745153257635,-0.09336568034190407
28.580245109510237,16.566375642972403,14.23295183434219,14.085480988454004,-0.14747084588818637
-14.332905957764325,-8.780741654432099,13.616062823141485,13.641736737825616,0.025673914684130494
-6.536565239494173,6.651482889629214,13.818786770489417,13.908519861801036,0.08973309131161855
8.438345161917617,3.8918866486544985,14.11767228945864,13.97070725059662,-0.14696503886202095
3.3436251210935595,24.40797956220179,13.81547399761288,13.934675390466875,0.119201392853995
-16.44198836753462,29.431236174360457,13.607527258915045,13.921610958085834,0.31408369917078893
-28.63802317505621,-9.954433238520814,13.895381437737615,13.712019650475623,-0.18336178726199215
-7.494851850737696,-10.15665770050932,13.715903134951354,13.731100487891933,0.015197352940578668
-3.9209122188944363,14.06898402673157,13.813386556117909,13.918076001577523,0.10468944545961456
17.63778266907373,12.635489397038725,14.296694313748088,13.992656991872373,-0.30403732187571464
-10.810399403137495,-10.260470379350423,13.666589650592872,13.6597705766921,-0.006819073900771855
1.788510993008913,30.141273630548724,13.797784423011258,13.938820196917009,0.14103577390575062
1.0573994576601962,11.340210510952886,13.97635421921689,13.91994409719099,-0.05641012202590012
-12.30406989666217,23.785299545735313,13.569724676869457,13.919891445591082,0.3501667687216248
7.593387129186745,-30.69531421490708,14.660632558499689,14.529138113045539,-0.13149444545415
-18.593248894730202,-21.711953462864216,13.559399911382311,13.587564420448743,0.028164509066431975
17.04690211064151,9.728215163747493,14.280106891752611,14.015436900597297,-0.26466999115531387
-24.306382606572768,-26.433614319022354,13.68157492599965,13.646080321129137,-0.0354946048705127
15.132620794111737,-1.2118977831321374,14.188312518775527,14.091519892590886,-0.0967926261846408
-6.572277567054186,-20.742171815673885,13.852368923494792,13.937374718726247,0.08500579523145468
20.480004535134945,-18.578113644906722,14.120075695599072,14.144548734810783,0.024473039211711622
22.177100482025928,-13.48539063725805,14.159652298847407,14.168627180536658,0.008974881689251646
-15.659808399507007,-5.1373796865587025,13.54569802274069,13.675157425727253,0.1294594029865639
-2.102359382867732,-6.140056438707013,13.818933504685074,13.85858411564574,0.03965061096066691
-17.356649821486528,-11.540934385137227,13.548542693699119,13.573735189747309,0.02519249604818974
8.461002167599773,-30.264702385769525,14.697882967928852,14.554261549136198,-0.14362141879265344
-5.533712132981442,24.07919725497743,13.736553591677222,13.926311795720244,0.1897582040430219
31.18564192146996,12.311313620315616,14.30689342130466,14.161114589208411,-0.14577883209624787
-9.280072053139051,-17.888254573278246,13.766552857785895,13.762466173866631,-0.0040866839192634785
-31.616919729424467,7.737118650142712,13.837182735705143,13.655506927231993,-0.18167580847315
-16.126495942498657,-17.715276487222717,13.521506836687463,13.54528885830665,0.023782021619187077
-10.721450483934802,6.255035178667882,13.714839463600525,13.861074852558495,0.1462353889579706
12.17290812640973,-12.921263769012349,14.081085196995067,14.047274408923473,-0.033810788071594544
-13.816420251617124,7.202497498219969,13.591407274235738,13.838383911924838,0.24697663768909983
16.096101039155528,-26.510188452776426,14.222405573827645,14.463775925468726,0.24137035164108056
-16.809798768509197,20.86229830068047,13.616979191554137,13.912976471344823,0.29599727979068646
25.27361251721618,9.037345725590583,14.323940146684935,14.12282452475842,-0.20111562192651533
7.250069988385576,-31.841879147909054,14.639793879205378,14.499490265106637,-0.14030361409874104
-26.909537531299407,1.2543705010797268,13.669664729386183,13.636293972429929,-0.0333707569562538
4.8762360095792445,-17.74465418313681,13.981335337488828,14.111018135992456,0.1296827985036284
-9.611704058508948,-12.947762538805272,13.701606170334545,13.681131995272745,-0.020474175061799826
24.115040117597687,-6.35816104810857,14.20426580214035,14.19713343064714,-0.007132371493209888
-30.806179222819075,25.22712370387221,13.978923404231988,13.850473575827648,-0.1284498284043405
-20.396094464848325,31.54559354149668,13.779391739768432,13.920075833134558,0.14068409336612575
29.241510418037777,1.8059666527001923,14.294896739149523,14.245756877113864,-0.04913986203565912
0.04670933317755299,17.55210936704944,13.817925449546454,13.92504593628252,0.10712048673606667
5.882412285940504,2.0980031899777103,14.052511440002778,13.958056241838253,-0.09445519816452475
13.414632977831587,31.851004364648468,13.92178024850525,13.951012671614412,0.029232423109162298
31.27485450281233,23.398121235018372,14.185691049453153,14.047869164016898,-0.13782188543625473
8.73634671008596,-3.3026141764003825,14.08489025692608,14.011997264896872,-0.07289299202920851
-21.31871883015456,-10.644334149802013,13.62788853445868,13.543445843003443,-0.0844426914552372
-29.891394429858536,-31.465513230735063,13.756958960447687,13.706899041633452,-0.05005991881423455
30.667124254824294,8.568337353660773,14.352981066573115,14.193394597896045,-0.1595864686770696
29.91476666404826,-8.815899563812565,14.236608852160732,14.26681562732371,0.03020677516297887
-19.481358934278198,9.014705787067726,13.62730195179387,13.79768231233343,0.17038036053956063
-5.891893462826445,-19.719856111722457,13.858664986530519,13.913812688935526,0.05514770240500688
9.865005709512445,-31.133647039709167,14.717964314222186,14.563308046009764,-0.15465626821242218
-20.35034269655869,21.460289541425325,13.62012200324365,13.9103471574245,0.2902251541808507
26.179203309674108,3.5735960056135596,14.289090693189967,14.190206331528763,-0.09888436166120407
-19.58275858472507,-7.756070126867158,13.618600457175772,13.59947386240233,-0.01912659477344114
28.48563159447405,-18.064245255920525,14.174743459891841,14.24343918572201,0.06869572583016925
-4.1741185351733066,0.279791773157541,13.854801385644908,13.866761962850717,0.011960577205808676
-17.86933361863577,12.456147917492693,13.610630666341178,13.85143257322336,0.24080190688218117
20.193994217908894,5.613329346338155,14.268457358711437,14.096226845646653,-0.17223051306478432
-31.243870707018928,-14.914154164213258,13.837409809084875,13.891906630332247,0.05449682124737265
18.694034947933794,17.67783680701327,14.19074854729796,13.953530858855618,-0.23721768844234248
-9.183389806967952,-6.641465891354329,13.691488391743597,13.724166861835723,0.03267847009212588
14.702789431189458,7.984483183998179,14.253108079597084,14.00485026335764,-0.24825781623944287
-3.174955873111635,-28.287091946913826,14.295015723337782,14.241609768127661,-0.05340595521012048
-17.98273156601224,4.747720745549607,13.616191735376034,13.76808833666732,0.1518966012912859
18.89937299672865,31.628416831041832,13.984365521608863,13.955767585583358,-0.028597936025505533
17.441484284348448,-28.426976744102895,14.398013127951813,14.49989210973081,0.1018789817789969
-0.8303512600428533,21.100817744933202,13.715902478404573,13.92768891136099,0.21178643295641741
-23.584321372566855,31.8129927241514,14.03755694935639,13.917445545457634,-0.12011140389875585
22.81156273471423,11.210365050553328,14.32005844834853,14.070409031245498,-0.249649417103031
-17.42053506705382,29.124657675165636,13.579999957593087,13.9204271522183,0.34042719462521376
-10.26044044770758,23.82858470208712,13.593933461914851,13.921785417274412,0.32785195535956113
-26.488714242181764,-14.671580993464978,13.67505744344117,13.765680512932965,0.09062306949179444
-0.17314084735939872,-6.551290080619296,13.868974998436148,13.904308181808211,0.035333183372063814
16.426241306754477,11.599953802919437,14.289756913160534,13.988570292333463,-0.30118662082707104
8.162924471111644,-3.1978007232796415,14.072793840026208,14.005087291449213,-0.06770654857699476
-24.78719020356303,-0.6751114578796376,13.659630145256411,13.63661315759551,-0.023016987660900767
30.16014227950076,-23.229992052958714,14.265621918361887,14.260828006783255,-0.004793911578632404
30.80418390339196,22.88794705562924,14.195409578660382,14.047394037311413,-0.14801554134896833
22.96302749743011,4.148408021035266,14.274817165268162,14.145081439908003,-0.12973572536015965
-30.166540310861805,-7.160944166672834,13.98404779196355,13.686730117211177,-0.2973176747523727
17.89072436198869,14.394434065787323,14.260185421179772,13.977600601858304,-0.2825848193214675
-17.71240605490948,7.899673993857277,13.611260355798713,13.804540099352845,0.19327974355413247
-28.090601299768956,-26.724467231187816,13.729221646530386,13.690678141956704,-0.038543504573681275
7.276729958812602,22.667790329818033,13.953140557365614,13.936553958407186,-0.016586598958427956
-0.47752913830762367,28.569924745109418,13.769769252005075,13.935244353815234,0.16547510181015923
23.62460762943205,2.478909492447997,14.266100146178202,14.170361151342833,-0.09573899483536863
27.857188376149537,-10.89521169715156,14.21101988296419,14.240182124570621,0.029162241606432104
25.255243152215684,22.92002626210366,14.11961663644413,13.979435505089684,-0.14018113135444565
11.618192979015113,-7.248527277710814,14.093160124302406,14.044160331473464,-0.04899979282894229
26.088705403758738,-24.25009551539265,14.20363026277845,14.21006087558666,0.006430612808209446
17.316751355355137,17.279828424967015,14.18477392022419,13.940849676510918,-0.2439242437132716
-25.737011108639273,25.235188049739904,14.027114304913844,13.904261011222893,-0.12285329369095166
-30.777101394618292,-13.666712153689566,13.818672833358345,13.851449157913693,0.03277632455534807
-25.862226857478035,2.2777373883361776,13.665384915354458,13.65829417327305,-0.007090742081407697
-18.133851564295767,-14.034059498381282,13.548652266933702,13.539052723188124,-0.009599543745578032
9.300672523851183,-26.522927974278645,14.712896051848858,14.645699877439682,-0.06719617440917602
6.4395970889443035,23.664745400469428,13.909553330439401,13.93676110696856,0.027207776529159844
-27.067846046257834,23.506462246966606,13.964324008910065,13.871740744266694,-0.09258326464337152
-14.814036283945796,-11.067745538843454,13.614030655418603,13.606837244063895,-0.007193411354707635
22.165041687836144,-28.919891452671628,14.212727676461572,14.404117625709151,0.19138994924757924
23.20522067939939,-2.603927705491486,14.226399783117929,14.188860681251061,-0.0375391018668676
20.727515312406105,-9.620535982329258,14.160021583781589,14.153401190883201,-0.0066203928983874505
21.734997874370848,11.654411032130099,14.313467198057342,14.052709172825052,-0.2607580252322901
-16.439905020749876,-14.552711834823434,13.509366842591813,13.544199730088888,0.034832887497074694
12.994149840987475,-31.566906937729463,14.731228734530967,14.613819778808288,-0.11740895572267895
22.58974922270965,26.532627148577056,14.151730256579972,13.954175442783265,-0.1975548137967067
10.492151319323021,14.158440333457271,14.187058531264244,13.931224501206174,-0.25583403005806993
29.616232841475885,5.936387538104988,14.327252202353872,14.207728841268779,-0.11952336108509343
-14.344336140004856,27.53870068957361,13.628671207857462,13.921678561666145,0.29300735380868304
22.03149667737071,-25.075069647725066,14.125181314989055,14.27011062779629,0.14492931280723553
13.825807423644761,21.63541521151312,14.121090148592584,13.941488946463831,-0.17960120212875275
-13.234548159562841,-15.45038945037868,13.63746895659995,13.595472289811003,-0.04199666678894687
31.906043996922044,-25.30198076851226,14.298410965928115,14.281029428731783,-0.017381537196332175
12.950145066023353,-9.886893351037578,14.110877514574986,14.05841472297888,-0.05246279159610623
-17.670779433306663,16.79585382596747,13.607888890202968,13.899780997711373,0.29189210750840466
-13.094206196383716,22.010519047865785,13.564952664851129,13.917456065962147,0.35250340111101863
-12.624428832862748,31.53330225648792,13.627351694618145,13.927106997931192,0.2997553033130469
19.962335712758602,-26.57470473017886,14.165105784042183,14.373288717952052,0.2081829339098693
-24.94214296157626,-14.475783344693177,13.617101693861684,13.721945158118897,0.10484346425721291
-15.244639762162855,25.337820860009458,13.624289068162822,13.918730559173673,0.2944414910108506
18.143819013234754,30.98865505961554,13.968977667840988,13.954463095569746,-0.014514572271242088
-30.93135806999502,30.938805676402836,13.904905118745404,13.909940424748083,0.005035306002678652
-6.826357985782792,29.231104536661626,13.68479450485188,13.930131245595275,0.2453367407433955
-19.117497179056883,-12.206355948810625,13.582394752549028,13.546409938301428,-0.03598481424760003
5.722748424809659,11.22794626426829,14.090927568884375,13.924063313703494,-0.16686425518088122
6.971958440330155,-10.709775699342032,13.999688580254528,13.987975388239963,-0.011713192014564555
-21.766859614821406,-29.641937437406483,13.69077388915587,13.666175339057858,-0.024598550098012595
7.698706594350611,-0.679141610362521,14.073264693207513,14.001318630410877,-0.07194606279663596
25.94043974646506,26.314702581993657,14.265818686654196,13.95700089164654,-0.3088177950076556
31.290168231817674,-5.643510530385228,14.265132771156765,14.285733002272764,0.02060023111599918
-10.26487555850165,16.143105965302837,13.715851538393455,13.914336090428995,0.1984845520355396
-21.338274207069176,-10.625942519175574,13.628132516446156,13.543478344165853,-0.08465417228030248
1.1571204415200853,-9.448777362715575,13.871895535667393,13.92175279360746,0.0498572579400669
15.219497948504795,-2.338715593249738,14.180607271985673,14.091733594552466,-0.08887367743320773
14.279321072059588,11.909939939906515,14.279045531601252,13.95920796993544,-0.31983756166581223
-23.891798985102632,-23.31292461091629,13.640151833639514,13.630615801423245,-0.009536032216269419
4.64382935324582,17.76549767184283,13.926530787127051,13.929418796220977,0.0028880090939260583
10.037276690750112,10.601158711543945,14.196665682046238,13.927366154502801,-0.26929952754343667
-13.040065362187256,-28.80112736213526,13.761507104072354,13.80049127665585,0.03898417258349518
26.278596005215235,2.4004122130513323,14.281474755394559,14.203516137866469,-0.07795861752808975
9.703046367677338,25.498129015298062,13.985708667500713,13.941494698254278,-0.04421396924643517
-27.50289589046193,20.173726882576325,13.919080014184244,13.831617473752873,-0.08746254043137114
0.4074218454752625,-24.210575242927035,14.55971430243991,14.555799451038364,-0.003914851401544794
3.075722726839963,-8.407332166624073,13.933321761235685,13.943511804278218,0.010190043042532793
-15.85275610666627,15.963655080804557,13.597876073100306,13.909098230637863,0.3112221575375571
16.300343300214628,-28.71018049801001,14.617865071752384,14.537386327317583,-0.08047874443480119
-10.368127341097008,8.477663235096998,13.732021303204373,13.888502749829255,0.15648144662488228
6.888020018439086,-29.74790729654422,14.63433294452185,14.534906000550205,-0.09942694397164509
11.077582756587468,23.189165211183052,14.056854751814093,13.940503563171491,-0.11635118864260185
-11.241869686197987,14.05940349588085,13.708751353129998,13.911432102733517,0.20268074960351967
-2.395862470546696,-20.475478288247707,14.176158418400604,14.113166397146376,-0.06299202125422809
-10.546894102667906,-19.65601842688961,13.745690245455311,13.801069661136706,0.05537941568139537
-20.229264358528646,17.88232591501552,13.603347049897167,13.88425476623372,0.28090771633655365
-2.9964816159268963,9.164735179658457,13.880549333913885,13.91416277574086,0.03361344182697401
-26.29990576680354,28.664746173417996,14.055632090128993,13.911934683254334,-0.1436974068746597
-17.697671428855763,2.1079865457503075,13.615035682710284,13.742978524928711,0.12794284221842744
24.263012916635844,-26.294815265730676,14.177450913000353,14.260083909796503,0.08263299679614988
10.9460847383869,26.69672648250924,13.97425370125032,13.943782343074094,-0.03047135817622504
13.523726861205546,4.205992295823101,14.214101743242937,14.029446125570267,-0.1846556176726697
-0.7642433810678355,31.416582117748668,13.747012189847025,13.937742218362477,0.19073002851545162
-29.630418326058766,-7.320895874820621,13.921008008123904,13.67679491415244,-0.24421309397146373
9.759719152801274,18.628976918285936,14.07214763052065,13.934891566871816,-0.13725606364883447
23.834237334071226,9.72796057473547,14.320829322492038,14.098160174082034,-0.22266914841000407
17.187475171161807,-29.676981097206657,14.64969305676955,14.55059785879868,-0.09909519797087007
-5.95936987178397,-21.153797383958498,13.922538324665233,13.967869187127008,0.04533086246177476
-2.973571311974368,23.852993589034924,13.750500195284335,13.928412788537901,0.17791259325356634
25.290098246479424,-16.618667561984005,14.159589164168134,14.204997667433537,0.0454085032654028
-31.314765241194827,-19.93369040179777,13.821888788418072,13.865015636270824,0.04312684785275245
-4.2873748632546835,15.95212124794827,13.771939932370165,13.919568183989124,0.14762825161895954
-31.34769951891451,20.663277441524272,13.956029433031981,13.796103358457744,-0.15992607457423702
26.754077684172394,4.425142159777543,14.298925700891072,14.188431043253145,-0.11049465763792732
-13.249190500220287,28.24704509106423,13.628517259034233,13.923357246041144,0.2948399870069114
20.28833759463334,27.290105441328215,14.050208657729769,13.952823595591424,-0.09738506213834519
10.328580390484035,21.066344571440823,14.05819937647294,13.93776829728246,-0.1204310791904799
5.059844877786119,-22.169988683518874,14.68100514310274,14.481226817531772,-0.19977832557096775
-9.568108690162092,16.780095733779305,13.7143041502251,13.91558461924164,0.20128046901653995
3.670763579181134,-21.5701376884818,14.68977148230233,14.412473535690431,-0.277297946611899
-2.5399726851177746,-23.029257748709753,14.410047988964953,14.30992685574746,-0.10012113321749361
12.783448739553194,-15.667824195693171,14.068026189682847,14.054390968424647,-0.013635221258200048
-17.9794856693276,11.758328519702701,13.61322126039527,13.842829511978643,0.2296082515833735
-25.82397274707025,-31.631282884613462,13.658055521172036,13.695882686597981,0.037827165425945
30.1432136479916,28.259493440758284,14.000242680725178,13.983944390227078,-0.016298290498099277
-30.540876376319346,-30.875401288654167,13.75,13.703761482597661,-0.04623851740233853
17.924351087862455,-3.153638034392401,14.190470994827644,14.124087800357529,-0.06638319447011476
-31.63274734562968,10.43268723673372,13.929788103483462,13.68406390617368,-0.2457241973097819
10.204379859898829,11.660878478609504,14.207027033376674,13.928544195274187,-0.2784828381024873
-27.494537812504824,1.772151120187388,13.66870367509031,13.635614225423275,-0.03308944966703464
-30.436065770632254,-23.857972721157182,13.758894135184788,13.789250290604025,0.03035615541923775
26.13950956714907,12.231879590417456,14.303397235817364,14.10043401457345,-0.2029632212439143
20.845824299189545,-1.64353500334132,14.219570521894433,14.160825832393867,-0.05874468950056588
27.023206166103066,20.114426688997064,14.209043248485173,14.029915299919098,-0.17912794856607483
-24.186931235376356,3.569514981373999,13.653185549426896,13.6898073412455,0.03662179181860381
-23.292462490337655,-18.008853820467316,13.637802972274105,13.68767560238845,0.049872630114345284
2.9349870723263365,-7.28257390616254,13.93134602022026,13.941840638816847,0.010494618596586847
20.60972199743199,-7.001257286975388,14.178649456595846,14.153930043878471,-0.024719412717374212
-16.432772107806286,-14.162603226641089,13.50496202616224,13.54935889718576,0.044396871023520745
17.507515397380068,-20.966522369357413,14.08772013718931,14.232062397519321,0.14434226033001174
-4.671960588259346,21.31579832588939,13.724323202016828,13.924415715345095,0.20009251332826672
30.468276604288697,16.320263399444052,14.239023912928396,14.111029404808002,-0.12799450812039304
-26.344117505796035,-18.493003824722955,13.649191052954908,13.758514804597725,0.10932375164281716
17.27578525190328,14.710066229935364,14.254204424013539,13.966851074761363,-0.28735334925217515
7.12545008097748,2.3105977481912916,14.07408645742635,13.971013383583688,-0.10307307384266196
-23.00945976603338,17.56583408031269,13.730464011033728,13.851429455021915,0.12096544398818665
-0.3657722923427542,29.74719116901956,13.758503906253138,13.93648611030505,0.17798220405191323
25.399970976121345,29.421529976307077,14.057313675541302,13.959520830861658,-0.09779284467964366
-13.439426459466404,17.849924452888004,13.54254272476049,13.913112634084845,0.3705699093243542
23.47009850488793,10.98563222087219,14.327720070165592,14.080752493250577,-0.24696757691501503
-13.402433738430915,-2.774580629688387,13.624158443247579,13.72986171375287,0.10570327050529116
-5.806657333893291,-14.244759020922146,13.781420393314079,13.77134510184221,-0.010075291471869363
-26.12742757081373,19.63847911509447,13.925369531528691,13.840485107241918,-0.08488442428677345
4.3936258680280815,6.142883402363367,14.03173758391173,13.91793264173894,-0.11380494217278958
-16.381277746293122,3.1552351808994175,13.565998720760806,13.768083813771666,0.20208509301085975
-17.18774168153319,29.379525047404883,13.587101184133402,13.920885023990785,0.33378383985738225
6.706778229074693,23.782184536899436,13.915694303885989,13.93711700904022,0.02142270515423128
-19.490817198403498,11.620317190351628,13.600634296581037,13.825348160364097,0.22471386378306057
-23.173690265161923,-30.635418064048366,13.697843006979081,13.679114620868479,-0.018728386110602457
14.206294877265869,-30.18194167846542,14.711345545029435,14.663373026621228,-0.04797251840820671
27.58718597493879,13.58158562734414,14.282281750435903,14.10415872728758,-0.1781230231483235
1.2645708721968774,23.55888695015117,13.768253120544365,13.931968689085888,0.16371556854152303
-8.113174109107618,30.79144318965743,13.518921853968845,13.9304766465536,0.4115547925847558
-31.030296728582826,-17.02090747971718,13.979327615984491,13.897483915076643,-0.08184370090784832
-0.5271242628734925,-6.186161860365232,13.866547476074928,13.895900379139457,0.0293529030645292
-25.868704442940015,-10.923448419906954,13.613969143592037,13.66397497337122,0.050005829779182775
-0.513379708353682,-19.071915044715148,14.14045195537419,14.123366596500038,-0.017085358874151524
23.74165941297734,15.967453506900704,14.239262612570705,14.032687109805748,-0.20657550276495762
-20.488670590601366,1.9214846498778826,13.649673919413615,13.711423966731077,0.06175004731746192
19.680815726149802,-9.098913238877458,14.157392490920875,14.141035756733292,-0.016356734187583655
-11.67448107464304,3.024856069899762,13.689994094461992,13.816557088610368,0.1265629941483759
-8.655948902043122,17.771593730381248,13.721679856974417,13.91737177773383,0.19569192075941366
-1.2525000774367285,-16.918282258430438,13.907548105132959,13.91497223457105,0.007424129438090787
-0.35991951762444074,27.378015124599685,13.789849224899635,13.934196275089109,0.1443470501894737
-4.925959672528236,10.436769374549861,13.84695937788908,13.913646469378367,0.0666870914892872
-8.163673645098449,19.013319500535545,13.742145090074898,13.919020824025274,0.1768757339503768
12.371285668281374,1.0265880975326453,14.16982326793177,14.048188354326374,-0.12163491360539602
29.923505404743686,-14.877642832218704,14.171041740526116,14.26313463352577,0.09209289299965384
17.414095746824827,-31.61952656382448,14.7142359418201,14.614483556322691,-0.09975238549740872
-21.11764658990389,4.422735674502455,13.640515805330217,13.731414708469623,0.09089890313940607
5.010757101497028,-25.093394343569713,14.673340482256958,14.601494161191937,-0.07184632106502065
19.08163473283011,-0.12330623639200411,14.21962690003311,14.140464943629071,-0.07916195640403778
-6.247832263924678,-24.59027585270006,14.177480921501914,14.130524249288792,-0.046956672213122275
2.736573323728713,-25.813812194469826,14.573459288345832,14.550583986095022,-0.022875302250810137
4.916463238198837,-14.134171509899772,13.936003492563653,13.96480815505388,0.028804662490227173
22.143223107192647,-31.78681110522278,14.58155138197048,14.506954466745015,-0.07459691522546485
-23.725717963869485,4.0114737499743,13.647528225781182,13.699402942468422,0.05187471668724086
23.824951519095393,31.092689933341994,13.98137550835365,13.959712405687105,-0.021663102666545697
0.3258444596362935,-20.15774846066096,14.44356322606777,14.249503663420555,-0.19405956264721524
13.08176016612498,-1.2517446650500617,14.175728366244913,14.066495143525861,-0.10923322271905178
15.909674659004295,-13.407837650970158,14.103603500934918,14.091843281668385,-0.011760219266532701
21.58430214652453,-8.396118437899673,14.174336963840462,14.164761593582343,-0.009575370258119165
-7.668331933843227,-4.729955791088635,13.7115142508882,13.765126372173224,0.05361212128502402
21.77881845424281,25.795969341120127,14.153225046549146,13.952726899523366,-0.20049814702577962
-29.893526987615516,21.4126561484847,13.938845884336011,13.819494065557238,-0.11935181877877277
-21.027313581549812,29.087031829623122,13.789796812930108,13.917122059151668,0.1273252462215595
-11.726751682082345,-30.402085928652753,13.8551735096462,13.856479661852893,0.0013061522066930564
-12.723177209489393,12.370851432293755,13.614362408536376,13.905040727012352,0.290678318475976
-16.842182054233064,5.874692211514059,13.575377643162032,13.792180322741915,0.21680267957988342
16.835860018462213,16.261362717568417,14.214910031748733,13.945491740950084,-0.2694182907986491
-7.127379202132936,24.025384292599725,13.718764214701794,13.924815403631522,0.2060511889297274
8.778617094868714,-8.678688497945693,14.036678119184188,14.008480379470253,-0.02819773971393502
25.226218430019067,8.250973947669202,14.318113818299839,14.130356368280518,-0.18775745001932087
-24.64553822763957,-1.0584992949072358,13.661493739067236,13.633117760464183,-0.028375978603053298
26.94273384449739,30.127538680095306,13.975966697743416,13.961602905642918,-0.01436379210049843
17.349686811985222,6.630330600596565,14.259140827571027,14.051074023702418,-0.20806680386860954
27.391020569850326,14.21549836646291,14.271727407389905,14.095230736290901,-0.17649667109900413
-31.78601772209729,-6.109676674902268,13.967274773685796,13.70371090842879,-0.2635638652570069
14.782193794818454,-0.22625845105211795,14.19310934670093,14.08798829303606,-0.10512105366487035
3.035801764176931,9.722712342900607,14.01261579873285,13.92017007293097,-0.09244572580188049
-3.6543889418281097,15.769199232025898,13.780164080174503,13.919964621777494,0.13980054160299105
12.357155161136355,7.057915653059389,14.215316334448794,13.985818073354174,-0.22949826109461924
-5.102707183337465,26.248353071488552,13.73608345851694,13.928803763653105,0.19272030513616478
12.053401877981578,16.56256113483152,14.173012542217878,13.934968376551288,-0.23804416566659015
18.589072087279455,-10.881088978578681,14.138366936178585,14.126393499329783,-0.01197343684880181
-11.746940034533594,28.521894800442553,13.579211435435463,13.924984921181633,0.34577348574616984
21.739960049205884,5.840676774592566,14.279324203677238,14.11272378386171,-0.1666004198155271
-29.89463851196816,-13.054359938557077,13.82425956315585,13.815010833331845,-0.009248729824005153
-5.512267892487003,-17.296662372534485,13.86104899822868,13.828754862630708,-0.03229413559797223
8.285284604751062,17.819327995925313,14.051639932152828,13.932771013169107,-0.1188689189837202
-30.178592344080982,10.044987378025283,13.8568503273569,13.695337434101974,-0.16151289325492613
-9.436271217017506,21.837056746669425,13.716157228261146,13.920603027932914,0.20444579967176857
-16.710794272372397,18.251869169528007,13.605994236540921,13.910537340948643,0.30454310440772225
4.225377211978845,-6.519624996193976,13.973137810983506,13.956471142348521,-0.01666666863498456
22.77881924746569,9.97346709066197,14.316460597966872,14.082765480206037,-0.23369511776083485
-16.17674345690083,19.5322570795065,13.630816553407971,13.912261700287957,0.28144514687998523
-11.577584616565503,-28.25973843393004,13.85301560353671,13.867197186542752,0.014181583006042331
-26.606062131137676,-8.967455981727838,13.644722921476877,13.6378198481585,-0.006903073318376585
18.317993747902094,-10.007601645506675,14.142854710181982,14.123744847568425,-0.019109862613557738
18.20817090687421,17.117249605769025,14.203098897970486,13.953390446368035,-0.24970845160245148
-27.629695298880158,-12.409693196113409,13.785982182357776,13.742750855894936,-0.04323132646283945
-12.125232335588848,17.15816173886791,13.604528843792167,13.913633477380401,0.3091046335882339
11.71084576028531,-6.29324490152846,14.10159590369686,14.046005999027331,-0.05558990466952807
15.610322070754854,-25.280847008329637,14.134533859119365,14.436603956121257,0.30207009700189147
23.374297777314645,14.687274248878282,14.259690559013269,14.041411738469465,-0.21827882054380332
5.701696535385317,-29.818025242301985,14.58243591166831,14.511024493559889,-0.071411418108422
20.367256964659703,13.880401618295323,14.270400250728795,14.013084302568119,-0.2573159481606755
-26.452920462940426,-6.861151984816459,13.59755594690196,13.585620530398842,-0.01193541650311758
9.065631419145603,-2.9486318713383497,14.095742719606184,14.016275909017333,-0.07946681058885119
-23.39820627850485,-26.101745102859894,13.685894109521634,13.640415917309015,-0.045478192212618396
-5.409928173043234,23.829415481283647,13.735962867767276,13.926181998840674,0.19021913107339827
3.9034455163492936,-22.621397683316516,14.715562958378614,14.500765753604417,-0.21479720477419662
-1.3697006594967363,18.98103156800704,13.747213324588595,13.925146583108837,0.1779332585202429
-25.943569794444976,-8.706020985999288,13.596158699315378,13.615012439900399,0.018853740585020873
-9.270991387500992,-7.331291069725729,13.690637724157664,13.714249548236298,0.023611824078633603
7.101535911442866,-31.455430379717853,14.635190716615083,14.504478835532396,-0.1307118810826875
5.970894783676279,23.6903894371223,13.89358039705596,13.93636118816492,0.04278079110896016
30.26608014036192,-19.807329914662944,14.245784100836815,14.264271530531543,0.018487429694728164
19.78680272106405,-20.10668591396076,14.106103098043278,14.146674088248938,0.04057099020566035
-13.77490435695627,-28.283156160457544,13.717421148280835,13.756447878435267,0.0390267301544327
26.61072310829779,-17.31845586933195,14.16090673295513,14.220820493352583,0.05991376039745333
11.564783946648014,7.29345202240043,14.211513463878818,13.97373208036877,-0.23778138351004863
6.21130928595305,-31.87460841945937,14.593924346820904,14.479158012134901,-0.11476633468600284
-6.624431362747231,-4.038220674802979,13.755170100141212,13.78519936708237,0.03002926694115793
0.18147228021844342,28.474645759068615,13.774948052771357,13.935749272333046,0.16080121956168902
30.727321315454454,15.966424993976148,14.24529812969283,14.117835470781722,-0.1274626589111083
11.960487039950756,-2.7637149223701627,14.125665615984392,14.051695649607623,-0.07396996637676878
11.93113445152185,16.246898559476378,14.179584595121645,13.934551773576183,-0.24503282154546113
30.3092786747956,0.3967026742571136,14.290632695934473,14.273303337520796,-0.017329358413677554
3.812338939987413,-9.182233453075305,13.954554491546265,13.951939245033175,-0.002615246513089531
11.188358944181218,11.06621831118489,14.231604958731367,13.930237748298115,-0.3013672104332521
15.035029529125886,25.16736421246268,14.050635603469596,13.946006379591593,-0.10462922387800333
-14.219051227053718,12.338552875815026,13.524898440332347,13.888849630146304,0.3639511898139567
17.63594010662318,-8.286019093747939,14.151527428723814,14.116723505729158,-0.03480392299465507
14.99436646259636,-29.474733261565817,14.694681426660445,14.609025132059978,-0.08565629460046686
-22.64755820502551,3.0734046860172697,13.67107435331816,13.700828398950883,0.029754045632722992
16.122929473386733,-16.47390343253013,14.09134588689788,14.104962121387135,0.013616234489255419
26.40093573431877,-1.003764142246098,14.257375441383816,14.229008581155325,-0.02836686022849122
13.155559363412841,15.761467670670037,14.214091548166952,13.935191147479054,-0.27890040068789723
-28.620028151261593,28.71279410966799,13.98194282001622,13.909878618781661,-0.07206420123455892
-23.076224040061717,-2.3290271949243646,13.689867496043561,13.633186115941738,-0.05668138010182311
21.22262980285354,13.342638932315623,14.280397902209826,14.029054836732772,-0.25134306547705343
1.7560311840679645,7.125714000584672,13.968795737972679,13.916494438698628,-0.052301299274050805
29.378804623310565,14.703843509757988,14.265301420680109,14.114420795152219,-0.15088062552788983
-6.9321457335788566,-17.600499772090366,13.842526726133775,13.806914195340108,-0.03561253079366722
28.780552572304053,-31.3410495561118,14.268575679713916,14.331750444298443,0.06317476458452731
-26.002742063106062,8.053451955645869,13.590520592244523,13.718353048671323,0.12783245642680008
12.129169976198448,15.284423725463341,14.20798592390448,13.933798845774971,-0.2741870781295095
-11.966644589047988,5.635429818568802,13.716879237075391,13.841280907888896,0.12440167081350495
-15.982217712610193,15.832764694348967,13.600555269752439,13.907406279881192,0.30685101012875293
31.61855283666513,22.360709285937354,14.19434284979739,14.062756298185628,-0.13158655161176291
8.03659994409167,5.0557313315352275,14.112303518037576,13.95380883246216,-0.15849468557541613
1.1661961172263418,-8.6894077462645,13.875812087076147,13.92180856881759,0.04599648174144377
-14.5409946528247,-3.333815268201249,13.580217495968597,13.71051255768289,0.13029506171429261
-24.912996321597973,-2.5168999730871775,13.64739306853793,13.611279592443779,-0.036113476094151054
4.602958329913967,10.685329566561876,14.060434435543655,13.92252284400409,-0.13791159153956478
3.4751991675073626,31.74089364936046,13.829867582225912,13.941898389968372,0.11203080774246033
4.125749881620202,-28.662684143236774,14.566359315342172,14.50450345224159,-0.06185586310058255
6.136290952990443,7.887003361442289,14.081235810627124,13.921201548182545,-0.1600342624445794
-4.841202127353796,5.964815242288267,13.852115446550691,13.909391075338052,0.05727562878736059
28.46866368660485,-25.984087364850673,14.256082445625438,14.238280367038291,-0.017802078587147108
-20.319348640486844,-5.109274131856928,13.656818239593022,13.626161671809083,-0.030656567783939437
20.392543243102878,31.051423512423042,14.009077772731466,13.956561808841721,-0.052515963889744555
-13.787696116523023,-7.764117515849705,13.630480973154391,13.660760437887168,0.030279464732776873
18.79395341309911,-3.1579079832944714,14.195658413242747,14.134682876234674,-0.06097553700807268
-10.386797217574497,-14.56242204775058,13.68165778869124,13.662872892286687,-0.018784896404552498
20.107785187030196,19.33705691221318,14.154145576306549,13.953650232559731,-0.20049534374681777
-10.92166603938255,-10.948107245648536,13.655671638420502,13.64997729239498,-0.005694346025522989
-25.519627493939275,-11.990835147114034,13.62487177126581,13.679600328845638,0.05472855757982842
-8.019715404096779,27.445485456104763,13.685126691629014,13.92731994695064,0.2421932553216255
5.274445319346519,30.077201585184085,13.820910488186547,13.941917255106304,0.12100676691975742
13.15414427166386,22.913055607054844,14.089259666470156,13.94211796586553,-0.14714170060462628
-22.768055877001018,20.119962037039024,13.800612561689364,13.881204253510218,0.08059169182085313
8.787755457309693,30.843412856246303,13.868753364390606,13.945843459587675,0.07709009519706811
-2.3504363451600625,27.207067307467256,13.770609093797496,13.932226763516308,0.16161766971881164
29.36531719385882,-8.593687950663643,14.234887560006484,14.260189412980223,0.025301852973738548
2.983074822572199,5.077518428160204,13.988914017293503,13.915622257535237,-0.0732917597582663
-17.96444082241532,-13.299783464858436,13.541360375574719,13.544376401761102,0.0030160261863834137
-22.648022367433,-26.447787221545973,13.684815251999613,13.641124719987443,-0.043690532012169214
11.427793138119007,25.0641526255339,14.019447894517352,13.942637335387406,-0.07681055912994594
-15.333535412235364,-18.308058636961277,13.594933080341427,13.585915385037685,-0.009017695303741746
-29.889805126944225,11.633688576984134,13.89130593108573,13.715326370834921,-0.17597956025080919
-0.9975859498157718,14.421017357841535,13.86537678076559,13.921066298298388,0.05568951753279805
25.21222096336863,-15.586914577798645,14.165751781571027,14.204683649000351,0.03893186742932464
-17.513685018584226,12.981072939832906,13.615106039605832,13.860793957849468,0.245687918243636
-29.313019246271637,15.623515693942949,13.962152345265098,13.76395329147339,-0.19819905379170777
-30.44821607169932,-29.100369788333786,13.746153952553048,13.718130944453323,-0.028023008099724578
-31.016151411017077,5.157396700451656,13.559271632948219,13.634381154578726,0.0751095216305071
-15.320816183770802,-1.4023308416518958,13.541327580894327,13.727420979772901,0.18609339887857423
-7.968839364266621,21.79809702831914,13.729995613645523,13.921895145822319,0.19189953217679623
25.674193131601626,23.967862453602514,14.217026711568383,13.973735647238618,-0.24329106432976566
2.7011309086845543,26.708432721502135,13.798302066011907,13.93632169408495,0.13801962807304413
6.55802140410978,24.572673993968927,13.907144028542582,13.937747984829132,0.03060395628654966
27.660211702630093,9.191452589878892,14.339301408808383,14.150321975292677,-0.18897943351570667
-21.63621706238623,-16.42628137807847,13.627086886370131,13.667210924181731,0.04012403781159968
28.703339494710846,-30.52685751532855,14.244525992152447,14.304547079705227,0.06002108755278002
28.62748133251136,4.311018087854478,14.309253215734287,14.212440054708981,-0.09681316102530602
-5.966020432404449,13.563299007366993,13.78786951716403,13.915732739896521,0.12786322273249162
15.954902985381779,-25.124380319425867,14.12892335733133,14.418292093626972,0.28936873629564275
-20.815105691248917,15.876481970246402,13.599680128481321,13.85667373507877,0.2569936065974492
10.655054621109628,24.302064836223302,14.018728698391564,13.941198768560472,-0.0775299298310923
-18.48614557901687,0.6276674004142819,13.610710814102282,13.718850976007955,0.10814016190567344
12.40194016225643,12.958992473390204,14.274080520565649,13.931793282230641,-0.3422872383350075
-8.756887961753698,-14.03099868304399,13.712427858178888,13.70144815382365,-0.010979704355237985
10.030077098744279,-30.64944131958817,14.718350778100081,14.576208988418283,-0.1421417896817978
-5.6603320946151285,-9.072595062883565,13.751813726923567,13.774487920700235,0.022674193776667906
-24.206043358136796,2.8417081108839,13.663390907974827,13.681849180231344,0.01845827225651675
27.646281262564976,23.697032760887446,14.140534442919137,14.000563402540859,-0.13997104037827768
0.9336116160336019,16.020509800565847,13.875385902345979,13.924365954396329,0.048980052050350054
-13.034408826771717,22.47996951317478,13.56879220471195,13.917965037466626,0.34917283275467526
-4.327627405788398,-5.534213666992677,13.754572085370116,13.805835214179575,0.0512631288094596
12.786548016485987,18.545858331449402,14.15072828005481,13.937554109398533,-0.21317417065627708
3.8527081774681236,23.421120610407456,13.836366292316772,13.934180727377163,0.09781443506039089
7.767984708718728,6.01903689038366,14.110767898340418,13.940600995705429,-0.17016690263498901
22.25357799251622,9.015390599111093,14.30564462715353,14.086244266230457,-0.21940036092307302
22.120432551633733,-11.565095199751866,14.165441153781424,14.169129641292145,0.003688487510720151
14.088551306950897,28.209979406601057,13.982693598447272,13.948096167172068,-0.03459743127520376
-8.718592025710777,-26.36385123373011,14.027931732822772,13.994283016423761,-0.03364871639901068
26.786322050697777,5.3272266950775204,14.306008703503476,14.179521274699892,-0.12648742880358377
-9.835924468682904,4.541915998329458,13.741241728450195,13.852200467517088,0.11095873906689313
-11.014985739697806,27.016372028115732,13.55158848587595,13.924189779575636,0.3726012936996863
-5.411049661769134,5.160266795744427,13.843148826465935,13.905665785687784,0.06251695922184908
-31.485854786367604,-14.984719678690482,13.841427168610402,13.899665572834042,0.05823840422364057
-1.1493295890510424,-31.235194520993716,14.339868826772285,14.310964772430186,-0.028904054342099528
14.27771972609839,-27.261816903734875,14.63552546325861,14.55652281836928,-0.0790026448893304
-25.058750703408812,-29.62214721577506,13.674452998066922,13.676084827966234,0.0016318298993116542
19.045712610124873,20.336141720128524,14.120430994477012,13.9449608143443,-0.1754701801327112
10.367438362106,-18.086282496188865,13.99421624767453,14.20217734104882,0.20796109337429058
26.072755711991128,25.692802166012086,14.264625865545826,13.960804687902893,-0.3038211776429325
-6.306812581436979,28.643502029959436,13.698851196005377,13.930032843689595,0.23118164768421856
11.105702818753763,-8.983266589709189,14.061371792129753,14.03661330316128,-0.024758488968473102
-7.159881810833689,-20.385790080977053,13.833272620688557,13.909623777123798,0.0763511564352406
-24.859551768648195,26.66370960197807,14.097270092601264,13.911301499886578,-0.18596859271468524
-25.579263185700015,0.3185778095758849,13.65935459431174,13.640414525409783,-0.018940068901956764
-7.79172297430452,-11.028561814092122,13.720468588809153,13.724122847159542,0.003654258350389128
28.068610633335794,19.07028536237317,14.191397763296543,14.053423874294307,-0.13797388900223595
12.615879979343141,-26.427974856666964,14.655699605451511,14.588149285960315,-0.06755031949119683
-5.234700635000159,30.39087748814245,13.703790750123943,13.93269721511617,0.22890646499222633
27.43775734694303,18.359459311797565,14.202326970447013,14.053065743512956,-0.14926122693405652
-12.155441014556487,4.84107974933287,13.697401620541392,13.83081605283087,0.13341443228947902
-30.882308138302967,22.54840638644881,13.92735459180268,13.821122003715448,-0.10623258808723257
-19.8044014979479,-30.10959082750756,13.660382396882131,13.664228049901437,0.0038456530193062832
11.672257243279695,-18.53990072869327,14.032906372763728,14.255123587352541,0.22221721458881305
-21.487248661503052,25.78421613915306,13.795743079668334,13.913505640285317,0.11776256061698298
26.32936544803062,-29.874914373483698,14.232809125549196,14.338256235950965,0.10544711040176935
-25.938950123656987,-15.131147610670908,13.621639538614042,13.76227155770756,0.14063201909351797
-26.960409913287748,-6.359049284931942,13.585924841992849,13.586981094522804,0.001056252529954449
7.4587990823232815,28.40669933043889,13.89493561210326,13.942278526644717,0.04734291454145634
24.300875151286313,20.476207825239804,14.176063105587666,13.993006022708515,-0.18305708287915046
-22.71733262511139,-25.52178992282341,13.670941817697646,13.633292381118931,-0.03764943657871456
1.3851225386411556,19.887169589530444,13.813619315000839,13.9285209628405,0.11490164783966073
27.459420476266217,22.79383239558021,14.138040803781092,14.007600290475075,-0.13044051330601647
-18.169532394226053,25.935581273968694,13.599899343443541,13.91665895562689,0.3167596121833487
11.709962835851861,16.312820711311545,14.172380357362599,13.934415198884073,-0.2379651584785254
-27.84965482098429,26.477365091685172,14.064784990487906,13.895117140998467,-0.16966784948943925
-0.6250489538376272,17.74870013614982,13.794193306769799,13.92462760264248,0.1304342958726803
4.769875131908719,24.192561559974386,13.855152921087452,13.935759243349517,0.08060632226206543
9.431855271980098,6.643748514847644,14.159310764549907,13.95443707956789,-0.20487368498201697
-17.692541131409605,-29.799444081581278,13.598935534376812,13.65506607767368,0.056130543296868396
25.479574508569627,-3.8632782397754326,14.230834523156606,14.21563485564336,-0.01519966751324553
-11.642376994767567,-5.763877709894416,13.643715901339808,13.70955303730462,0.06583713596481111
-21.562990242824633,-20.1608527490065,13.63526171474213,13.61446925870646,-0.020792456035669815
24.893932500931996,11.222685222985632,14.328188729694581,14.09566086099307,-0.23252786870151176
-8.4099770782436,14.325235321205462,13.739822801218423,13.91425602999026,0.17443322877183576
11.144195377839551,2.148530216219818,14.158778869993679,14.021663163312653,-0.13711570668102624
20.043705593296146,-22.420413491344895,14.090765286420796,14.223079572233264,0.13231428581246796
0.3390882528786321,-18.361793623831964,14.07049197053088,14.104674000822783,0.03418203029190359
-0.3851726463760272,4.611972358431764,13.928288614853184,13.912118785511451,-0.016169829341732722
-22.324524198119235,-29.118749393792143,13.695724624588845,13.66333799071531,-0.032386633873535686
-16.812336034454695,-14.965773847866785,13.52087362239369,13.53487157467998,0.013997952286290527
-24.637916980400973,-31.21685670453978,13.689190693719603,13.688650063373167,-0.0005406303464354778
-10.253598891549792,-2.6458338839396873,13.715089979464983,13.764897413942556,0.04980743447757341
-23.724733614332592,8.531241339383499,13.593327952572029,13.747577143795969,0.15424919122393987
-20.83538001681363,8.218153465004669,13.623355124511505,13.774849890808337,0.15149476629683178
15.891133229827588,16.326304293709413,14.196904731048303,13.938217446774061,-0.2586872842742416
-1.8928830207869751,16.486605238999758,13.797044085028702,13.922255973587694,0.1252118885589919
7.269651298972633,16.286214502667328,14.043358376672089,13.930365391789154,-0.11299298488293452
12.035884676265077,2.19614455673878,14.168814011213545,14.032039603750613,-0.1367744074629318
-9.131500923126794,-10.070357268095371,13.689840373496544,13.692326969212688,0.00248659571614418
-2.355106399108635,-25.528386952077554,14.417894710772764,14.363000662232595,-0.05489404854016833
11.000567563677606,26.37403340263736,13.984164444329798,13.943519109213389,-0.04064533511640889
8.314465972255668,-9.652301520762599,14.023274155362737,14.003180319279455,-0.020093836083281857
-12.768830029742816,13.951100272357593,13.584799384275195,13.909943376174391,0.3251439918991963
-13.300732379604142,18.720864033624345,13.55760221422755,13.914082048313556,0.3564798340860058
8.57742962587335,-29.24767645222456,14.705129267009411,14.576997605160694,-0.12813166184871783
-1.210283981403201,-15.08020467404539,13.880678120037748,13.88027391098264,-0.00040420905510885063
-3.8483542769678394,-11.142703147350026,13.777043084657866,13.817538527011035,0.04049544235316915
6.895861863634607,-3.5489672212172962,14.036680678235308,13.989381591047133,-0.04729908718817555
-0.9653301354236064,20.319598756406755,13.734742925638425,13.926809780860042,0.1920668552216167
-31.538975124914366,19.304394371488748,13.988388812642027,13.779596434791616,-0.20879237785041127
28.945512917235966,-8.16034633768217,14.235605459687182,14.255291411332417,0.019685951645234567
-31.08324347272095,3.273315421025295,13.619538985004173,13.613593156916163,-0.005945828088009364
0.6963544145555147,-7.491499793382722,13.874749551293746,13.916389250202656,0.041639698908909395
15.506758856846915,-11.018253485081438,14.118894482357208,14.08872493345401,-0.030169548903197452
1.5105172666629727,-22.745142503523304,14.645522802985624,14.475761572184453,-0.16976123080117134
28.91058156059723,8.193681195985313,14.339819038940668,14.17585037543618,-0.16396866350448747
28.509016797268373,30.98092214474174,13.962673175183989,13.963849064800243,0.0011758896162543664
19.34967974520933,25.09618022374916,14.10234772253488,13.949847571860854,-0.152500150674026
-16.419734555744036,28.23257664251392,13.60886688194331,13.920469924181294,0.31160304223798363
-10.414486789823485,25.12463310447862,13.55978403298054,13.922901359666685,0.3631173266861456
20.6903474800274,-15.936219138147955,14.136468225577953,14.148789766386495,0.012321540808541087
-17.91564874896124,-27.70507582316761,13.578113358594768,13.637554520507463,0.05944116191269444
-15.292769653640256,3.6675185798947894,13.556876776447846,13.785074216348754,0.22819743990090835
7.169696486011311,8.234492476065256,14.109982254976389,13.922474702026635,-0.18750755294975363
-15.861195719748572,3.9240255292284445,13.570793978903584,13.781785854889755,0.21099187598617064
-5.888882262009751,4.938874574394681,13.835190443913003,13.898244535720227,0.06305409180722421
-0.6107494255272812,7.113394883352967,13.939212873126625,13.914337609626365,-0.024875263500259592
-22.32323587468293,6.172631739424375,13.616816978911523,13.73729032692582,0.12047334801429699
-19.03390290142272,30.87737653343092,13.671139716265149,13.920662984012345,0.2495232677471968
-8.460193180510842,-26.085573184110388,14.043021615325118,14.005983022722248,-0.03703859260287068
-31.860127553460764,15.083151290317218,14.025886947299256,13.731211604667969,-0.2946753426312867
21.731860898261502,26.266620107307673,14.133082446518346,13.953140287168004,-0.1799421593503414
5.209593282688111,-4.139325035783429,14.006458998001559,13.968387424355923,-0.03807157364563629
-11.65101663370828,7.501267976925277,13.717023215355601,13.864507429415763,0.147484214060162
-5.043854409781133,27.224596302343812,13.731886409573885,13.929802834609031,0.19791642503514595
-22.5246299518128,-22.900004486663583,13.656729830877927,13.609925468205317,-0.04680436267261001
5.572737693868142,1.6948729583214472,14.040241422612914,13.958439363261329,-0.08180205935158469
18.53455944571222,25.989707121240208,14.067408507324886,13.949974473271379,-0.11743403405350783
-28.245073627576126,18.844277204801465,13.929621479365466,13.80958808022153,-0.12003339914393507
21.711267554132597,24.34033462133877,14.168211944334445,13.951255535385354,-0.21695640894909118
3.9352695958202233,-22.20736945868498,14.71119173972742,14.467798401627684,-0.24339333809973596
-14.205745100786785,-4.867690210672414,13.616721055761937,13.694075799780714,0.07735474401877696
3.980601969644546,3.3298088924694085,14.006468081008125,13.92217493230145,-0.08429314870667426
-24.82964740970703,20.753742495727543,14.080638019428468,13.866117991223513,-0.21452002820495508
8.408607263544802,-10.004038629636185,14.021050015990678,14.004273160037174,-0.016776855953503755
7.50651327020131,29.399235244322426,13.883060849109881,13.943283286794058,0.060222437684176455
12.50985118432044,-0.017306736720080096,14.16621642333732,14.060450831256366,-0.10576559208095304
-7.473565025926803,6.291404900517797,13.79892532698132,13.89586970397773,0.09694437699640979
10.051537896458122,31.632231344454404,13.875630257550315,13.947752930333605,0.07212267278329065
2.7206187902308088,10.259353681025232,14.007125116552679,13.92040430965714,-0.08672080689553852
22.234260909091383,12.966135337543868,14.287939424514088,14.045266784161129,-0.24267264035295888
2.530586448513958,-25.909691869253265,14.563320188673295,14.545222376012811,-0.018097812660483825
-13.030139720812109,10.186094236914464,13.627871999643725,13.878507524044768,0.25063552440104253
-0.6922317961903062,-1.3474781372823799,13.89171552446777,13.891686976711322,-0.000028547756448560335
-29.356539732035834,21.334337588175465,13.928038480623071,13.824348192137741,-0.10369028848533013
-11.556803495848605,-16.175272692097167,13.669811745395398,13.642050988554107,-0.027760756841290757
-18.29686081031503,-15.017209031780432,13.540243171280114,13.565740075228208,0.025496903948093674
24.207845242166137,18.20999866302617,14.210880341659887,14.015242502676442,-0.1956378389834459
-22.285502475298557,7.796632981354172,13.613857407783222,13.754995828359862,0.14113842057663994
-22.945413287717955,-10.060713431673953,13.613154312216471,13.570007476514863,-0.0431468357016076
8.386318898571254,-28.64919860199548,14.701052089828748,14.58546021736391,-0.11559187246483837
-20.923078997687476,-31.38901114384654,13.68680236073386,13.678768963742586,-0.0080333969912747
-2.5201172855665277,-20.967590972817497,14.215348054938763,14.14475027418971,-0.0705977807490541
31.597882204659548,30.020312432757635,13.995251840814806,13.983514717406475,-0.011737123408330774
-6.623142381020912,-31.815673933136765,14.082293726548553,14.0737456369522,-0.008548089596352781
30.960946921382828,4.707148739269606,14.32642321472461,14.236794069230637,-0.08962914549397283
17.399730971058595,-5.982249433150564,14.166540161872101,14.115572534134914,-0.05096762773718666
-28.519345387215907,-2.9775220415252903,13.574771153583763,13.567072350700556,-0.007698802883206568
5.378594734068159,-20.982479953400798,14.369863236962818,14.388709831185693,0.018846594222875268
26.34681030014245,-15.974529870340191,14.170233750359715,14.21841102065154,0.04817727029182528
1.999634730579828,-3.049300980649825,13.922746519592451,13.930936426371636,0.008189906779184852
-19.082569524048424,-28.818445290759357,13.630170971912971,13.65080061263087,0.020629640717899633
31.71260682082098,18.869610392243956,14.197798832395026,14.09990453845874,-0.09789429393628701
21.23485406779063,-25.105897549549255,14.14086502342238,14.290330221172564,0.14946519775018352
-0.2845833681644194,-31.52584389250677,14.359821330754603,14.351941041097794,-0.00788028965680887
-0.7117227477625221,16.539933126504025,13.827791048058527,13.923378061476141,0.09558701341761378
-1.4059641904343394,24.68608923503833,13.745252387237318,13.930640493898862,0.18538810666154326
23.551344352785783,25.417173327201276,14.218560483667979,13.95396629248044,-0.26459419118753935
-9.132193113621838,-3.5046203653939756,13.716944182626033,13.765586245066029,0.04864206243999547
-0.4262371655333439,-6.964374863880941,13.863241226140374,13.898338780570421,0.03509755443004714
13.59925726761805,-26.701534531637336,14.655005346429,14.561588448275167,-0.09341689815383347
6.379300345121685,-8.87456144126677,13.997350941454636,13.981119201515838,-0.016231739938797674
-4.815893558401903,19.03817947190256,13.722370581244475,13.922078832826104,0.19970825158162953
0.1817991409581552,-23.599746356999475,14.569550702399686,14.525338330764221,-0.04421237163546543
7.789556508093298,28.851664969333633,13.899404791503041,13.943009336024502,0.04360454452146101
14.86972279522189,2.9796330710416328,14.217076113289817,14.05849728052165,-0.15857883276816764
24.401510626191403,-17.704395690953895,14.14718258713173,14.193378352278135,0.046195765146404
11.210351231253249,17.93661465682343,14.134035748040386,13.93553547625212,-0.1985002717882658
10.366867116731797,13.313613582615147,14.20850946746017,13.930292536482696,-0.27821693097747335
9.356229709859669,-24.072339061931352,14.666222310816439,14.624485865364733,-0.04173644545170596
-23.49512373814867,-0.782481733981605,13.668184470449273,13.64890181780304,-0.019282652646232634
-3.15042921868465,19.505999977701727,13.714218919807031,13.924041360998965,0.2098224411919336
22.991606062306175,-19.868348224879412,14.12486968855075,14.174666432001596,0.04979674345084639
-31.88921693267484,0.8995536725373299,13.617110660482682,13.579759476942453,-0.03735118354022937
6.2768543643081784,-27.23475179386685,14.662342246437355,14.5740663776854,-0.08827586875195514
-28.45848979137054,-1.0475588037581929,13.63667492885914,13.592866873111195,-0.04380805574794522
14.941993183941591,5.438365530504022,14.235720331300808,14.034022397395965,-0.20169793390484259
-25.23939526153881,-16.567888050822262,13.625141193970085,13.756712180069094,0.13157098609900864
8.990761703676888,6.626461778170373,14.14687376282015,13.94923952117618,-0.1976342416439696
9.092612070347364,-29.384710955459084,14.718650972350023,14.583987488668875,-0.13466348368114822
-5.4100905324668105,12.081345211274197,13.82958484818862,13.914800908628374,0.0852160604397536
-28.959857686933233,-20.506695655679216,13.804038151263304,13.797452660497301,-0.0065854907660032325
-8.87189899943921,7.904468492650949,13.769687540529779,13.898245312349502,0.1285577718197235
8.670806193487351,-8.536279845809155,14.036881638374336,14.007273240598769,-0.029608397775566786
12.436671843236404,-11.745186776341477,14.090284647266323,14.050763048007187,-0.03952159925913534
-15.526952085668448,-28.976323130970236,13.676649016558446,13.66818769809027,-0.00846131846817677
-31.476639733539898,18.04321561961394,14.013109495545358,13.766817364269322,-0.24629213127603578
-31.98895973975455,-15.906706706662398,13.927526328237509,13.93357993848034,0.006053610242831908
11.053740662368043,-13.45157042372351,14.031749278879685,14.03457702318592,0.0028277443062343366
9.976283659911736,23.822888878930293,14.00618248814847,13.94011943066826,-0.06606305748021057
10.29220321509856,26.506389807562755,13.971866045260365,13.94300537428976,-0.028860670970605184
26.931325844126604,-11.332882342153546,14.203326783189151,14.228508897991963,0.02518211480281174
18.748609503799756,10.778156773894516,14.2979385119522,14.025348936596771,-0.27258957535542905
10.388321606006421,-8.166194976940517,14.057775895832457,14.028483023340499,-0.029292872491957667
-29.1901480249864,10.134972018504477,13.820161862551231,13.70676766493249,-0.11339419761874048
-3.607467467501351,21.10587083430729,13.719884685276298,13.925177044978312,0.20529235970201398
15.91487618473618,3.919225102329662,14.230843341077492,14.061545544633699,-0.16929779644379295
-28.9092217082881,3.18917927978287,13.647082765783933,13.635727624228009,-0.01135514155592432
-24.38609932600321,-26.78201167948673,13.678952622987513,13.649351155651427,-0.029601467336085818
9.711517388697324,-8.148517400441406,14.05077868171425,14.020247730124417,-0.03053095158983332
28.59894313553253,-15.493520594540144,14.167116819727234,14.246441036984656,0.07932421725742245
-1.9211531085492695,-3.7207193313717326,13.863364673970327,13.862725230699448,-0.0006394432708791697
3.599300876950778,-21.044426524635952,14.66656680223738,14.368977217189759,-0.29758958504762134
-28.267632807545745,9.268050549762776,13.773249752096179,13.707302428615971,-0.06594732348020749
5.957627788963521,26.532913359756037,13.875854548866034,13.939102860001011,0.06324831113497709
-16.89708020993345,-5.303884042609575,13.567132579589943,13.659880317595762,0.09274773800581926
-3.4521073710549643,7.000124078220523,13.878696676276457,13.911652897895756,0.03295622161929934
2.581410774981002,14.719336426671454,13.937138472464913,13.924598760678164,-0.012539711786748953
6.071747130698903,-17.878751829073437,13.983480227798577,14.13588127725387,0.15240104945529254
11.887987249347695,15.890367159499597,14.18778983777356,13.934167281630486,-0.25362255614307294
8.667439723642275,-30.291802403270268,14.70554293776479,14.557623878750457,-0.1479190590143329
-18.11958038437905,24.509430195115094,13.589922372274547,13.915322640778175,0.32540026850362835
13.954925046127045,-24.129691691265855,14.116996519502354,14.456668328340733,0.33967180883837855
-7.157976325395651,-26.61818458605041,14.130440470221572,14.061075901795212,-0.0693645684263604
27.861895461052214,-13.804413716139585,14.19323372791357,14.238421829291617,0.04518810137804685
-4.3545458525288225,10.484474943038833,13.861124468160611,13.914210527922215,0.053086059761604076
25.645706244917164,-30.98303505678102,14.278868061135931,14.39421011371086,0.11534205257492935
-23.923259980853523,-11.633253860186272,13.61568411288874,13.630890482432182,0.015206369543442122
8.910368440545867,17.351782198212447,14.081960525615383,13.932884560403762,-0.1490759652116207
20.973555197421774,-5.2341215458130534,14.19396836266103,14.159689612809219,-0.03427874985181134
-23.042112129944968,28.731212074692117,14.0676728220808,13.914951447579597,-0.15272137450120304
4.805909450320499,-19.981487118158817,14.132854792452196,14.298112137922738,0.1652573454705415
-1.4332344497754264,-2.736378165173612,13.874800150526593,13.874221282606268,-0.0005788679203249103
10.172599366298726,18.906161516522957,14.077528149617255,13.93553426214484,-0.14199388747241493
6.98329403990968,20.73142108931637,13.98136805270269,13.934412174403944,-0.046955878298746256
18.090980112264724,-5.2604965782112245,14.17646222123303,14.124538447684566,-0.051923773548463004
-30.06327976843211,11.88974597441021,13.908103498872151,13.716217235492982,-0.19188626337916936
24.52827923999609,-13.660612687890207,14.175017233778176,14.19746655521252,0.022449321434343972
22.437912121504844,-14.035802469702418,14.159751031007142,14.171494416452463,0.011743385445321053
6.170562234441142,-7.519588416615278,13.999723287088841,13.978660119692805,-0.02106316739603642
29.557130439648937,-30.05125856447539,14.233593345644385,14.267083159468141,0.033489813823756265
31.938993074597334,-3.6220653575921133,14.282271068441727,14.294985061382485,0.0127139929407587
-6.865048564898764,16.77499947241538,13.744506637191929,13.918029330476964,0.1735226932850349
-0.4216056542641198,12.211078563152753,13.925524442565296,13.919447402233878,-0.006077040331417649
-8.244687784357914,12.23046369210006,13.790307194466568,13.912376513397147,0.12206931893057948
-15.464051707867085,19.16976850825887,13.617890589046844,13.912556416382122,0.2946658273352778
-2.3006456370616064,-28.051469563866682,14.331223007233692,14.304759125753097,-0.026463881480594864
17.56084381912047,1.6482981768104352,14.223903024604503,14.105024709097172,-0.11887831550733097
19.0021451016824,17.030565734000078,14.221795341059574,13.963960934294878,-0.2578344067646956
15.28237096524996,-15.009784733028724,14.087936392714738,14.082996557589212,-0.004939835125526315
3.141954515628484,-2.5411676252605773,13.954674428544932,13.944386694940276,-0.010287733604656069
-6.446295050684974,1.5478700151497549,13.82935505110039,13.856204051655746,0.026849000555356994
-23.66757819487743,31.4368611282952,14.036753967656125,13.91700571647893,-0.1197482511771959
-26.950816574105268,2.9588336568442557,13.654114095971684,13.654019858073818,-0.00009423789786566772
18.964920390245226,9.50521039469809,14.28983116303323,14.04111248506079,-0.24871867797244107
-21.61134700599664,-5.5886411502550075,13.665112926582882,13.606227812665963,-0.05888511391691864
-15.379335998619652,29.815055468613792,13.632408239179982,13.92294581173647,0.29053757255648804
7.304844320179548,28.02451991709048,13.895131147844214,13.941768768834844,0.04663762099063007
-0.8949180092233391,-25.87001676617286,14.456288260011258,14.450455594873484,-0.005832665137774029
-9.107292934591086,-15.730759372170304,13.724221811507611,13.693254171072635,-0.030967640434976573
5.607691601309227,-13.496652915590722,13.954065359343486,13.972631032772117,0.018565673428630802
-4.685175342425197,12.727242998024636,13.8248543783418,13.916083576500265,0.09122919815846409
20.195957707710008,-25.250308135579715,14.13915609954177,14.320417386603461,0.18126128706169098
-26.211921748576543,-2.416274082656898,13.6293506690179,13.598830382336395,-0.030520286681504416
-22.397414798566444,17.955312781968345,13.706415787277997,13.862063688810537,0.15564790153253938
2.7641860733147965,-5.895899395353936,13.929994417011528,13.939811110296166,0.009816693284637523
-0.915040704983042,31.12540425257565,13.757682740316685,13.937323479730791,0.17964073941410597
1.1682180455070608,2.4083230548008387,13.936072645021495,13.91139176056308,-0.024680884458415875
16.10730338693545,1.9406626859651581,14.21722842189998,14.08429467607926,-0.13293374582072026
-3.669662281936567,18.089663687054205,13.722723815776682,13.922198730253829,0.19947491447714683
30.221961103476275,26.130504801681376,14.178624715949166,14.006859320181277,-0.1717653957678884
18.658781380025374,8.913470315354076,14.283347057874506,14.04348373544197,-0.2398633224325355
-31.321326838690922,-26.568166648002254,13.793169879361162,13.774787397952752,-0.01838248140841081
-9.431126595928312,29.541063109134633,13.53096899510664,13.928070946409415,0.3971019513027745
2.7489108955548076,-22.066621871435203,14.710005058595073,14.43908253796588,-0.27092252062919187
6.186374497495315,-5.533180114412701,14.011627722600977,13.979246554102414,-0.03238116849856354
-3.708891985625961,25.269101578954192,13.764885318453267,13.92911825879264,0.16423294033937275
8.764466102293333,9.461650811479124,14.154713222043632,13.925108771628825,-0.22960445041480781
1.2377811518578596,29.50253618954183,13.77898773571533,13.937702321102488,0.158714585387159
26.37012041001588,1.9387165713144796,14.278730698410193,14.209392827855387,-0.069337870554806
-16.58986267611293,-13.37600677479216,13.519020164324013,13.557945053990917,0.03892488966690344
-10.007557341985695,24.61876186434074,13.57958069632544,13.922780076714906,0.34319938038946596
13.609496643433637,8.197683502622496,14.243118244070043,13.989327129221051,-0.2537911148489922
22.355663908954632,-4.276069758325789,14.20920132187751,14.17725260157164,-0.031948720305869927
3.5056748101981796,-2.0972142222681924,13.966711747627691,13.949152501082589,-0.01755924654510288
-15.5080989785124,-7.201872615034304,13.543984284131923,13.649861673931719,0.10587738979979555
3.686918934517891,-6.907165346041786,13.957604922255213,13.950370400714268,-0.007234521540944172
17.448989578622765,-13.502536563775344,14.113304324914175,14.110532658066633,-0.0027716668475417094
0.0374185169565493,20.19870364339245,13.763975874548983,13.927601404685527,0.16362553013654413
3.3064843911900184,10.248180079906781,14.022574164945237,13.920924425931926,-0.10164973901331109
-22.105391634625455,-20.2515076438673,13.645909699636931,13.626997521080929,-0.018912178556002246
7.33703939716181,-22.221351750322924,14.474376773416925,14.515052370169842,0.04067559675291754
-30.002787674132733,-0.43082990541789457,13.612333790974116,13.58454371587218,-0.02779007510193665
-6.794643738845572,23.917389513939256,13.720538268686681,13.9250123252033,0.20447405651661832
-9.493396146064768,3.803913856398978,13.761010138176788,13.847964791609877,0.08695465343308939
-15.918487643819567,8.285550569951177,13.561152899477902,13.82765641978433,0.26650352030642743
-10.90308548421821,18.090874870959254,13.710219754357885,13.91564461381117,0.20542485945328437
23.27361830056836,-4.435433393167841,14.213474645839511,14.1883206479933,-0.02515399784621053
19.79546240643249,-11.761653680374444,14.14170866133764,14.140435957818115,-0.0012727035195254643
-0.30087864386027974,22.436777188192664,13.729285943034316,13.929462956630063,0.2001770135957468
-3.852509813589542,30.044545465079757,13.72320766557008,13.93361431640073,0.21040665083065058
8.017943632301943,-21.1842732421147,14.067631659936763,14.43568306115507,0.36805140121830604
-13.042043324600535,-28.09021520058785,13.75721742350099,13.79420878815004,0.03699136464905095
25.428991813752646,-24.647267092387295,14.187120817102159,14.201689919774086,0.01456910267192768
27.09712679539942,-3.3100259277118695,14.244412836418585,14.235763713373146,-0.008649123045438856
28.480397703480442,-20.253204760773393,14.214335660290686,14.242006643748619,0.027670983457932508
-24.08083274433342,-18.70024039805932,13.646596225365638,13.698260355463903,0.051664130098265204
1.3261855779296,-10.957163868764532,13.868037272507122,13.923770183690747,0.05573291118362533
16.742616227380708,5.940971967365357,14.250042469908632,14.050784361857747,-0.19925810805088418
-23.832728473666535,-3.6360135636590982,13.644952084920595,13.608140230980663,-0.03681185393993225
17.676164490298298,20.34967955597596,14.109294356986437,13.943732776139184,-0.16556158084725325
-25.402758877683304,8.430578813556934,13.61386681971785,13.728727878621509,0.11486105890365828
16.44700664775405,27.271705182193585,14.02389643381639,13.949324564169777,-0.07457186964661311
9.436719301327635,0.85745028105665,14.127957201037699,14.014167560461534,-0.11378964057616514
20.556890392632305,-21.74579378254095,14.098536441262063,14.186687646191254,0.0881512049291917
30.02647727910533,17.64899254487866,14.216625778098681,14.091942456220034,-0.12468332187864739
3.380882997248378,24.14085370631588,13.814351279335124,13.93445037724425,0.12009909790912587
7.871084087568654,17.161023828241404,14.058914977680338,13.931757911787967,-0.12715706589237108
24.79758890902273,-17.15024841926646,14.152883900269615,14.1986014081803,0.04571750791068574
13.783112230289063,-20.79161943388941,14.064932590569082,14.343887210540627,0.2789546199715449
16.909246354892154,10.486650493707522,14.28486164421314,14.00593785673389,-0.2789237874792505
12.715258519908012,25.81014134578271,14.022227378572518,13.944526777462393,-0.07770060111012533
-14.473758846817404,7.951364483773375,13.558675655846098,13.839400344996738,0.28072468915063986
10.95031710397513,-0.009581448217936384,14.137416034077244,14.041449803618534,-0.09596623045871056
-0.7323251630910406,-10.653553795248094,13.805560199359935,13.891318894811485,0.08575869545155079
5.500360992772642,-15.606223170009947,13.94030652907864,13.971541995240914,0.031235466162273795
-29.90304442792924,14.358117054791038,13.963764103663244,13.744218307956741,-0.21954579570650345
7.056067050336452,-6.2627771451403405,14.026211774415282,13.989298734317119,-0.03691304009816321
30.62390410661464,-22.14674626651989,14.26529451700837,14.267215102896118,0.0019205858877491266
3.9982592254683027,-22.29186876320764,14.712373305240149,14.475542943801493,-0.2368303614386562
-8.198073405913604,-29.924944952494513,14.06906534243871,14.009608194464986,-0.059457147973724034
-9.413265626184959,-6.666848699925367,13.684740291125065,13.7214008451517,0.036660554026635594
-22.84262589564627,18.423541335281463,13.739181480843683,13.86233679427209,0.12315531342840735
3.6103151593278255,26.976485863243184,13.80723351490125,13.937405318793157,0.13017180389190663
-5.307908617883847,5.24443906674238,13.84481822351253,13.907655396884266,0.06283717337173655
-17.41571947943838,2.809635804558525,13.592558660113998,13.753442403307027,0.160883743193029
7.993586166085734,-20.471538729982207,14.025011231092378,14.375536295957732,0.3505250648653533
18.99734893112459,26.331749261039043,14.06036450537054,13.950725229565464,-0.10963927580507615
14.788540521599273,-3.580010177894188,14.16867106792034,14.08555032997357,-0.08312073794676955
25.00212928491247,-13.569265718607738,14.178025964227881,14.203357925746355,0.025331961518473278
-3.6991325285692653,8.955347311983765,13.8662175937956,13.913323153854469,0.04710556005886879
8.741295867275497,18.455226096029115,14.051149519722156,13.933800299660245,-0.11734922006191084
-12.747995121004024,18.119854875969345,13.543959572643079,13.914000738832684,0.3700411661896048
14.508423406370468,-3.5695706601907915,14.16706356335037,14.082144232269997,-0.08491933108037308
-31.040522630183396,-11.934991521172947,13.852756666848371,13.818412129757808,-0.034344537090563065
13.674027289132582,-18.772980788757778,14.060194240009814,14.27587636890646,0.2156821288966455
-13.56920710810629,22.20145487040019,13.581493811258264,13.917210565463979,0.33571675420571445
-4.658036762386516,0.7918564305960984,13.851323423548735,13.867092143137006,0.015768719588271196
-31.28220872474916,15.538179609792863,14.02055287614246,13.742182827789044,-0.27837004835341617
-4.251429577872749,-29.873092249670357,14.211458195624115,14.179910914954897,-0.031547280669217415
-9.163901745469097,-31.783575175264737,13.978445149727659,13.964239586876117,-0.014205562851541842
0.14102504955231865,-29.302394455921082,14.42511463451689,14.427153827179636,0.0020391926627461032
1.3747075433254068,12.929609302953246,13.95145443649967,13.921771387723375,-0.02968304877629535
15.384299783172438,15.884747555908397,14.205318960000625,13.937330370873287,-0.2679885891273379
-31.98340193981771,15.1533719639893,14.028439809090187,13.730653955691318,-0.2977858533988691
20.78171915111809,-15.319150614475014,14.139758649780267,14.150300447914093,0.010541798133825608
28.07237779766961,-30.247139911243117,14.235327816566135,14.30970773843842,0.07437992187228382
3.384543353824789,-9.754991156092991,13.938438120958843,13.947108867597013,0.008670746638170357
-12.310479299969607,11.494601288254927,13.663804411034619,13.900075204893913,0.23627079385929406
-26.90471314059485,1.0663761846994504,13.669386675364505,13.634341766385027,-0.03504490897947754
11.133671218198366,-20.750037510141823,14.05313804232158,14.434648660958919,0.38151061863733915
27.173107162881706,14.829290676907874,14.261075343648741,14.086245183442008,-0.17483016020673325
-11.197861606754998,21.507726328776158,13.586434204090088,13.91868754779988,0.33225334370979276
16.501916297737203,22.881817885752547,14.118143062855026,13.945121622721647,-0.17302144013337895
17.48201648090106,-3.4631036054020896,14.185650508150271,14.11846474815693,-0.06718575999334142
8.87935914731856,0.8669545358263164,14.113956858822451,14.007276720957236,-0.10668013786521513
-25.717827662722037,10.969714487761294,13.73253704425425,13.752447783208245,0.01991073895399431
-6.358156554740425,12.636070757096455,13.805794396996053,13.914479114168204,0.10868471717215122
22.13722866722609,15.312827631057651,14.248132235028265,14.019883939436536,-0.22824829559172954
24.350972918145466,3.5583072459052474,14.278572318799428,14.168082438966499,-0.11048987983292946
10.819973638648506,0.21155739982830823,14.138370146585736,14.037686743035298,-0.10068340355043759
1.649632696284229,-0.2854210002529598,13.929702097666993,13.927890832735775,-0.0018112649312183038
12.134271771664302,-20.098189957933776,14.048183742571862,14.38004449055791,0.3318607479860489
-27.09168312010525,6.959602809925393,13.579657030851438,13.695160749389654,0.11550371853821595
-22.82663536960107,-24.96418738411475,13.668434810141074,13.6287829487189,-0.039651861422173695
-10.545525729264043,9.41248913500035,13.727621145637997,13.896585174150456,0.16896402851245895
-7.64869817287682,2.164505152260766,13.797499984563643,13.850037111759866,0.0525371271962225
8.785057226169421,29.995236876707096,13.884794519727599,13.945019343835526,0.06022482410792662
6.84819212636156,25.281861417034165,13.909668875871574,13.938697977362267,0.02902910149069271
22.58709499802586,25.653672198102107,14.18495883532512,13.953321549783873,-0.23163728554124674
12.296058055983053,-11.887523446448824,14.087511103096816,14.048942564972457,-0.03856853812435901
14.640831594631344,-3.515786490043652,14.168234442448526,14.083798295192036,-0.08443614725648985
26.05186516966655,22.416441654779916,14.129954949536438,13.994337552190393,-0.13561739734604572
-29.37742041836615,6.146072108956723,13.63795286396066,13.662277033354004,0.02432416939334381
22.810315463795483,20.41101676530996,14.153936869992613,13.975512109322748,-0.17842476066986457
28.761112298207337,10.888928690433723,14.32943160223309,14.146233979014305,-0.18319762321878486
14.112739492526856,15.54117914342666,14.216191351953153,13.935845187460297,-0.28034616449285643
20.41297636996984,30.097156170639984,14.020794639524834,13.955655879875593,-0.06513875964924054
-15.439131326440908,9.78652770983625,13.560817223350831,13.848729388418459,0.2879121650676275
-21.6467232654963,-30.94434685065182,13.698809076803215,13.67712210326562,-0.02168697353759441
-7.9735775712746815,-9.475873691074348,13.7028591059666,13.719718123386123,0.01685901741952378
21.579518624420572,-13.251862786463583,14.15520821068976,14.16141540882164,0.006207198131878755
-17.400206267372972,28.740821814777554,13.58463974322261,13.920073734203259,0.33543399098064874
22.594685475315075,-6.433866061886306,14.194531049185716,14.178547329683987,-0.01598371950172961
17.133352275496506,-27.916246058316915,14.313890182599236,14.489060576594268,0.17517039399503176
-30.9143503334385,18.42727973602583,14.001748460150303,13.776866800842162,-0.2248816593081404
-3.869000438328733,-26.78199758327078,14.324279657767478,14.232937905444542,-0.09134175232293629
15.37192861774799,-27.28544703205933,14.460730079461278,14.516948777638552,0.05621869817727365
19.672935794896276,-20.69765713504649,14.101011643959659,14.17049717992946,0.06948553596980211
-7.769449078117823,-21.25498841735307,13.820147171674238,13.9289204129106,0.10877324123636178
9.678669114985098,-11.764022946252176,14.017910423084212,14.018830112617096,0.000919689532883794
-18.530167372468135,-26.382422319231118,13.587318736983619,13.627945931476503,0.040627194492884655
-1.3353224669759527,-0.7630020909834556,13.88690550704587,13.883911056617345,-0.0029944504285257523
-14.933677442467314,25.63762852616844,13.627581806575552,13.919302807452489,0.29172100087693664
-12.59614824499824,15.965363289507422,13.581080794037716,13.91205118633968,0.330970392301964
-31.84797775084715,-4.210472127719825,13.763283242440274,13.661720139857321,-0.10156310258295242
-31.419910499890506,17.597489351256975,14.019216943388944,13.762668569041116,-0.25654837434782785
24.0999546886573,-10.629555264683425,14.187381665818,14.194087220063667,0.006705554245666434
-4.1877446135508976,-4.324377000391621,13.770534487330087,13.809073073029037,0.038538585698949746
-19.674832944860107,-11.88103089668877,13.602742250327806,13.544745054617913,-0.057997195709893035
27.699473789525335,-27.83114530083369,14.219452262722768,14.232436626974893,0.012984364252124792
25.751936945084708,16.875399823944846,14.225745420377514,14.047824170833788,-0.17792124954372568
-31.442630591797666,24.9828633105351,13.960622779054091,13.841128269321034,-0.11949450973305709
-31.38786266808107,-5.752563026621175,13.965116691800999,13.68541642962568,-0.27970026217531796
18.053489312986557,-27.308792509620673,14.195818155737902,14.445298789175412,0.2494806334375106
1.7560918525119575,-10.740558657250041,13.883045926749421,13.928646829738403,0.04560090298898167
25.5712979146454,9.549896585314578,14.329827011998322,14.121166884798685,-0.20866012719963756
-25.41753909441993,21.310592331627774,14.096980690408026,13.865823944752398,-0.23115674565562827
30.733603123141435,-8.181900389240667,14.245910005750188,14.277293800710403,0.03138379496021493
30.10238141894053,27.368663204902802,14.06810203246036,13.992633434242778,-0.07546859821758112
-25.354308227071655,25.91939939865719,14.047334634579528,13.910132076336664,-0.13720255824286376
-31.178017664207964,4.705622604017108,13.548967489272258,13.627852166243855,0.0788846769715974
-1.964938776865182,3.3646244339193956,13.90163075831139,13.909478754153826,0.007847995842436006
31.922875311655943,9.620289405133171,14.352611198371239,14.19785080837037,-0.1547603900008685
-13.66208284208463,-14.891278232936486,13.62228928448454,13.58531011756768,-0.03697916691685954
1.1233953707357216,12.92678185517753,13.947859182352474,13.921540896976932,-0.026318285375541706
4.004580126635496,-25.239088863960113,14.637930101936794,14.58320930718502,-0.05472079475177338
2.0988218211488743,-19.31469484512529,14.346018002139154,14.20735687787817,-0.13866112426098454
16.595950091978487,-11.12460049084222,14.124578947835799,14.101919691377855,-0.022659256457943755
2.300631104501413,-20.565816056566504,14.668866347082805,14.311336376471079,-0.35752997061172564
3.5852858002516186,26.72594633164892,13.809328786444215,13.937139925765264,0.12781113932104837
31.336649946917028,-2.9921041617142663,14.281719630438197,14.287962437370345,0.006242806932148071
14.166231775093422,9.862449751554593,14.263896962446859,13.978944436696045,-0.2849525257508141
19.734097942523356,-26.97214881078971,14.175362590801738,14.392950210064496,0.21758761926275838
-10.166438413747088,31.42940460611704,13.556005961067179,13.929233900899717,0.3732279398325389
-30.242864912744388,1.728054825650986,13.658813504485487,13.606029234066458,-0.052784270419028445
-24.996103045246585,-23.41044616253911,13.662729423480586,13.657308785808535,-0.005420637672051143
-30.91973483470605,22.834333364639626,13.921648318994787,13.823772424011775,-0.0978758949830123
-21.761507815981226,16.28601851262553,13.664642424847365,13.851011911349616,0.18636948650225094
22.4392799475318,-25.22496198822534,14.12369330063721,14.265673112214028,0.14197981157681738
22.87755990825982,1.9928062157625206,14.258214880949554,14.166269447281865,-0.09194543366768926
12.938761112241956,-3.5361436675671456,14.156079399559273,14.063039043304773,-0.09304035625449991
-24.307964908891243,-6.221358269912159,13.637668338987595,13.569415421791641,-0.06825291719595405
-1.6207428089029818,27.361081706572982,13.781659605943462,13.933037249732674,0.15137764378921226
-13.871878345941546,19.592195154851886,13.587177131669879,13.914408549305254,0.32723141763537456
21.712817036542134,18.03549242423967,14.2330697857554,13.986633942007886,-0.24643584374751448
17.388879199124155,13.964751710610244,14.26746390966915,13.975915463223657,-0.2915484464454927
-13.60854345391688,17.276549033775673,13.54818647896967,13.912403914371358,0.36421743540168805
13.50992358068983,-23.184569477966647,14.102416866506823,14.439376520983204,0.3369596544763809
27.956515763644468,-20.816492301761045,14.209626031865527,14.235204292651272,0.025578260785744433
-0.3776353028334256,3.2780037765138417,13.921031271446195,13.910833334165305,-0.010197937280889136
-10.812161269828927,0.03570607696686068,13.678092975204274,13.793839159430428,0.11574618422615401
-27.086548622175272,7.459441150418861,13.607028322985698,13.700541545292982,0.09351322230728343
24.653634475368264,13.92374489103885,14.27394991501845,14.064877550979713,-0.20907236403873775
-3.946361252115487,4.374937999098634,13.878990267821875,13.908661831301897,0.0296715634800222
8.280312719619552,-25.320337721949514,14.69900507740688,14.650654104365941,-0.04835097304093949
-5.28606273386189,-21.68294242101635,14.038311422509377,14.020999733587383,-0.017311688921994417
5.736093940233317,-21.249461621523523,14.410197892237413,14.41520284477813,0.005004952540717866
21.274014508605006,27.17832935985831,14.07759271140947,13.953608582215786,-0.1239841291936834
31.97739350875925,-18.10213659615937,14.260273901114141,14.286407822203998,0.02613392108985657
-15.305253440360246,-22.619270616474218,13.637507386749459,13.624890962721233,-0.012616424028225381
-2.362441080262549,-21.01323870866976,14.2343729465247,14.158783829832853,-0.07558911669184809
8.851293002547187,-24.0082082677768,14.672089673050216,14.6408482972747,-0.031241375775517
29.822398505125335,-6.4273683812954445,14.251916658362848,14.267171176356046,0.015254517993197325
-26.71488310184285,19.36991598014795,13.899524702598226,13.831399874303303,-0.06812482829492339
-0.9088158502330685,20.012526574151963,13.746584669870957,13.926563520754435,0.17997885088347765
-9.89576560891468,-21.087263726447944,13.780434731270566,13.872043475521593,0.09160874425102783
-31.670824482084058,24.429225470334245,13.936664007169254,13.83281113706117,-0.1038528701080832
2.6550200633699177,24.77708013551007,13.796650603262195,13.934408908313705,0.1377583050515092
-22.25231232344457,16.848209156435964,13.6988094681888,13.85180329514678,0.1529938269579798
23.59126407088857,-14.385526557863166,14.165257675732567,14.185476484774151,0.020218809041583796
4.881824731355529,-18.41510199647157,13.991061836762853,14.167399324022782,0.1763374872599286
-13.86479314269311,-2.14933152729931,13.622871158993451,13.733111371179476,0.11024021218602442
5.433979282581575,22.58188296431871,13.90250796171972,13.934800742846523,0.03229278112680234
22.58899787504066,21.693935147721056,14.118380266509103,13.959584705391185,-0.15879556111791793
-13.438900144417104,20.95441725157854,13.582702255342392,13.91612058845659,0.33341833311419755
23.79647430929981,28.94898794263873,14.09766239159677,13.957609886912234,-0.14005250468453667
17.37021807152187,-2.367211613774984,14.193283691032754,14.117924124036342,-0.07535956699641133
-0.23907423766999614,23.05920740496869,13.735216896261667,13.930121946145674,0.1949050498840066
-26.060612046318568,4.905144059798957,13.63109066061049,13.684190832521546,0.05310017191105665
-12.97206978638792,2.8093005302240996,13.664027053173326,13.800513744475653,0.13648669130232705
-4.129252387140568,14.898006480409357,13.787553727413687,13.91869030880205,0.13113658138836293
-0.16271145131933906,7.269553262381692,13.945577038015925,13.914894922470173,-0.030682115545751287
-10.878451092079729,-29.322215907250566,13.904429515018219,13.89522236483956,-0.009207150178658807
-22.332888880977833,16.170766144853538,13.69767242172709,13.843730685148236,0.14605826342114625
-31.615475013616738,30.176556671792504,13.925512125737505,13.894642493608288,-0.03086963212921745
28.027099370398076,-0.5856476718225991,14.270063236454009,14.24914103782286,-0.020922198631149413
-2.9006412482632555,-5.635813457019445,13.789734535550165,13.839643298772828,0.049908763222662245
-7.62272487584238,-20.902772934315863,13.815240188590382,13.918725579016616,0.1034853904262345
-8.151348212601228,28.042412049259823,13.65732182632026,13.92777892735505,0.2704571010347898
-21.87247875397479,-23.08299221248037,13.651493162840701,13.60951796102997,-0.04197520181073067
6.164932433784017,-0.6085728027663748,14.039644515943214,13.982678684434669,-0.056965831508545506
-29.5193128296466,-1.7226078317179017,13.588894339698157,13.572832046403859,-0.01606229329429887
-26.791418916785275,-10.516636975004694,13.694283098335351,13.678057615627596,-0.016225482707755035
-8.292218635163216,6.341105701923183,13.779692684660915,13.887726716469858,0.108034031808943
-3.883482447183482,14.213941466842925,13.810013109030832,13.918250349828245,0.10823724079741304
-21.905013992569117,20.169200226402538,13.690160254714009,13.890871797928822,0.20071154321481366
7.379859527701647,21.370240952368277,13.978069323191793,13.935390418619587,-0.04267890457220602
4.803442219743339,8.922105687560098,14.056437678510726,13.920996409396466,-0.1354412691142599
-29.39937169565406,30.470300778747642,13.94559498069708,13.910874923280225,-0.034720057416855354
-3.4955996705669605,-1.5758577734172547,13.849394280735963,13.850433094380087,0.0010388136441239482
12.27717420976495,-13.654348912358927,14.078137483785781,14.0485062534431,-0.029631230342682002
-30.785318623536163,-19.805680181454157,13.84015945557816,13.853325067599917,0.0131656120217567
2.8275515812179393,-13.6162195623845,13.906081289832528,13.941014412959003,0.034933123126474896
6.760826256311418,13.38470938031513,14.080461846822434,13.927093436006963,-0.15336841081547092
-17.112653023698606,31.961196939872245,13.585518948109804,13.923454067732774,0.3379351196229692
-6.556586168477182,-13.875502428901761,13.76406095146948,13.753558084036003,-0.010502867433476837
-19.733632251786098,24.18789830750969,13.625415183018388,13.91354842225722,0.2881332392388316
17.99568809895036,-7.003755494643258,14.162947944820322,14.122069632084976,-0.040878312735346256
-3.847201384871447,-3.789723020393538,13.790910972540814,13.817858882219515,0.0269479096787002
-30.306974433310906,-7.147941448276114,14.00758189824049,13.689995383215097,-0.31758651502539337
30.993276586008896,9.065901852491223,14.357104985718856,14.192238445538168,-0.1648665401806877
27.00395829323486,21.131542299669142,14.200294987982863,14.019191711733463,-0.18110327624940048
6.6762949338167275,30.094854803804495,13.846643175263122,13.943204782874957,0.09656160761183585
5.508252385671952,-3.055085562114158,14.016753117534343,13.972840511778791,-0.043912605755551226
16.72415335145118,-23.80390608462777,14.11924487479957,14.352122217960325,0.23287734316075515
-10.209350196206728,12.322010503979577,13.746433530815503,13.910684724060419,0.16425119324491533
-6.356669517413323,27.36170324589554,13.705643754581416,13.928745918269305,0.22310216368788893
2.240692274713034,27.84572583039911,13.799559137724426,13.937006174272158,0.13744703654773183
-29.144988340719927,-31.49063214489378,13.734157672203452,13.704831393552219,-0.02932627865123294
-4.785170534433377,29.346324367887384,13.698245192576172,13.93209269093456,0.23384749835838825
-26.879123953971572,6.446694015344029,13.578615085418088,13.691946863713625,0.11333177829553698
21.68350696170713,-1.9050167590671805,14.222766036304995,14.170838978526506,-0.05192705777848872
-17.453202387486378,-2.1349368816318446,13.589674158554697,13.695284240968801,0.10561008241410441
13.683807898477603,24.595494274383817,14.05107531494249,13.944227835986304,-0.10684747895618685
0.08813170239729118,-18.772470812205157,14.136262643173284,14.134165944233127,-0.0020966989401571823
15.377258826048141,1.293429408411889,14.208317858822262,14.082071851168214,-0.12624600765404814
25.95865182437398,-5.267205028595605,14.223394119963082,14.22042066533811,-0.002973454624971339
-23.206194259485684,13.633170648640032,13.72712046032711,13.807437854288144,0.08031739396103355
28.839996853611716,-10.569398571131494,14.219532741603441,14.252486587153138,0.032953845549696936
-31.74463438560398,-13.587378011103787,13.809340515887161,13.874180580664394,0.0648400647772327
-7.7432785063111,-23.44410551469157,13.996517789174918,14.01450543567072,0.017987646495802423
10.804209608274604,-18.97516276085267,14.024347667439425,14.281811556205747,0.2574638887663223
-28.842303299549705,26.33796372803934,14.044145333149583,13.883115775397314,-0.16102955775226846
20.883178552993343,18.97863932813172,14.174518224491411,13.966796520543248,-0.20772170394816314
-28.41122249187712,-19.224008319974672,13.771895414503607,13.801007657371727,0.029112242868119864
-10.22176474661373,-2.0628721252748505,13.727794673517527,13.772831377333073,0.04503670381554592
25.537542590897573,10.974082440732161,14.33024164005487,14.106068575156513,-0.2241730648983573
8.648130648435533,29.183505081360657,13.899251375365674,13.944108888947714,0.04485751358203949
-22.856404025104112,8.501782156335814,13.608259500880248,13.756462085962507,0.14820258508225947
-22.862479213149754,-7.378688923164262,13.641314302453772,13.569647070805711,-0.07166723164806044
21.46637605765899,18.35249838792297,14.213421541830368,13.980361318577263,-0.23306022325310494
-11.575721499517151,6.832825885300444,13.720151174497586,13.858182001204723,0.13803082670713707
9.313755460946197,2.4211816989469526,14.13449384743409,13.996542958409892,-0.13795088902419828
-0.8411892208549929,-9.78718448266411,13.797571757974664,13.888686029361164,0.09111427138650008
16.746169739891606,28.319428307988993,14.011733370557428,13.950610662500141,-0.0611227080572867
-0.21048515046838645,14.436367445266058,13.884252432869456,13.921794478794988,0.03754204592553201
30.007711001017327,9.472622633236462,14.348247122503183,14.176032556919647,-0.17221456558353587
-7.654333288527681,-11.487905648276929,13.71906066553936,13.727405974331017,0.008345308791657402
25.43051907136219,-7.439949916009503,14.210425231941635,14.21246329736864,0.0020380654270049092
-17.52940701018261,-11.387363832562684,13.5550206407674,13.573906259542795,0.01888561877539452
-23.53887773538319,29.622442117822708,14.032607549299119,13.915364632853949,-0.1172429164451696
25.23202520588208,3.9782800721243703,14.286991678418344,14.174489293952906,-0.11250238446543825
-0.07442727773587876,23.08972862684746,13.732571621790235,13.930300724886811,0.19772910309657554
0.7609223015420099,30.880145076874356,13.778344434687146,13.938604726378994,0.16026029169184852
25.528988853498916,-27.02059618908107,14.211555020043367,14.255601794013856,0.044046773970489284
-1.0991240851364878,16.2847435622485,13.825736891313902,13.922779764123772,0.09704287280987067
2.2498688441584775,-30.943375791061158,14.446045145987197,14.422937492454203,-0.023107653532994377
20.560331536047187,-21.883925684106828,14.09767016590942,14.191534640986431,0.09386447507701057
-28.39342925814624,0.593427425773541,13.66168492390776,13.613530819802413,-0.04815410410534682
-21.566629546348373,-22.914537684562113,13.64540738528506,13.607117849120325,-0.03828953616473463
23.82657280919109,-15.788483417233309,14.155961588663297,14.187496875577395,0.03153528691409768
12.584146897668155,-0.6100728989838942,14.16425134256125,14.060911735641094,-0.10333960692015687
19.097313492718385,30.3205757655116,14.00022357186065,13.954679998125616,-0.04554357373503315
6.062539051489324,-14.089108833794832,13.958636313310992,13.977841951012802,0.01920563770181083
-8.471912464407502,-23.715702888102413,13.958395220039518,14.002135379349461,0.04374015930994268
8.32089619714177,17.149077900717607,14.072387468762132,13.93215398139498,-0.14023348736715135
-10.612656493768107,-22.52012918741177,13.75711995539327,13.876550044744743,0.11943008935147326
-8.21193637439503,29.84750551048632,13.549685762108833,13.929472703623988,0.3797869415151549
5.904436800257777,-12.08334281522756,13.967779979301415,13.975918177528884,0.008138198227468862
-31.606165700324077,-3.3562913678134336,13.693692765195262,13.635991387894943,-0.05770137730031877
-9.479179387275238,-2.6136335883475468,13.740228029024228,13.773521030667899,0.03329300164367055
28.244823927091552,-3.4387344598193934,14.250934771111494,14.249654740766562,-0.0012800303449314043
6.030787177760892,-28.52263826222876,14.61293494601519,14.543407272260104,-0.06952767375508628
-20.83059342034496,30.279398230407814,13.799758893850024,13.91845544174852,0.11869654789849626
29.420600628365023,11.700332736925596,14.315515026534143,14.145903888808654,-0.1696111377254894
-30.449702901813694,3.0358023895693265,13.63611701013883,13.61777372909776,-0.01834328104107108
27.5288374366993,-7.148437693000133,14.231235872771494,14.238481037381236,0.007245164609742005
-3.682399059469809,23.587806318216643,13.742084827749892,13.927513513223127,0.18542868547323543
12.355497905738005,-29.501008224835786,14.72861943703154,14.643430638051042,-0.08518879898049825
-9.620921015047962,0.5463832752222331,13.738565298867591,13.811900764773423,0.0733354659058314
-9.424340626866808,18.878144252296927,13.723664111396488,13.917747393551315,0.19408328215482662
-4.084087724767485,-17.57567765498912,13.88263579819262,13.873414161003835,-0.009221637188785436
-22.659482544794656,16.190993081732238,13.711602492726827,13.84048637681829,0.12888388409146323
2.5913965368421046,-2.2917867469939637,13.941745175052507,13.937863805232517,-0.003881369819989544
-6.555609384812577,29.023525517616825,13.692494805954148,13.930175519340205,0.237680713386057
27.470559212113862,22.693179470430685,14.142420148353718,14.00877402710882,-0.1336461212448974
20.196441614894724,-29.560546912819923,14.30177472852486,14.474227419193788,0.1724526906689281
4.21194649750111,-21.74443474544178,14.674214452948965,14.434462823220377,-0.23975162972858755
14.579268780347512,0.4057086365995133,14.196721314352398,14.081500967945551,-0.11522034640684709
-30.746850693775066,17.377757164468164,14.012122939154219,13.767457275246684,-0.24466566390753464
28.305216075272234,12.072328207153959,14.308075760881648,14.128473936281104,-0.1796018246005442
30.800113641769343,-3.1525100433979816,14.276421728555572,14.281256080437162,0.004834351881589427
7.381714832336506,-13.021773681493997,13.983620818614597,13.992780867072922,0.009160048458324965
26.95413903807399,27.852956201042353,14.205457506042384,13.959409739823014,-0.24604776621936963
-17.52343110496829,1.7836698465872374,13.604152436941948,13.741368383534438,0.13721594659248915
-0.9437384751452242,-9.835039415554554,13.7921512557728,13.886259884833471,0.09410862906067052
21.433704423247654,21.3393976518919,14.126876002937165,13.949160734373196,-0.17771526856396846
-28.815179985487006,-8.616310004265294,13.879124938030095,13.685821802854568,-0.19330313517552788
15.728593497907049,17.878324365233716,14.147515373390082,13.939573664586298,-0.2079417088037836
28.478805563067773,-3.9490808957982324,14.250501144211471,14.252177117935398,0.0016759737239269157
-2.097158422744684,-30.89500001969001,14.317353844087963,14.270770042979755,-0.04658380110820737
-2.3637346511842097,16.565957664841704,13.78377685728766,13.92190613696018,0.13812927967252087
-23.853798780476573,6.924703176878005,13.62468763334696,13.729090187397933,0.10440255405097254
27.49193212161945,-7.317560500961257,14.230318643007843,14.237920938934339,0.007602295926496083
-4.7132950732199035,26.21529061425298,13.744674094947799,13.92912463912245,0.184450544174652
17.724654978315094,0.7155869532952366,14.218072573076697,14.116639742092357,-0.10143283098433997
16.280509977047977,-13.418603211405802,14.105753079122437,14.096354762936718,-0.009398316185718514
-12.86974836147023,-24.051671297729072,13.716014207863399,13.768395560697403,0.05238135283400425
-17.238342047492708,-18.835614003895245,13.51452346899414,13.558426819179285,0.04390335018514513
-22.797375514493083,13.737463992179784,13.698946023001833,13.812880153810005,0.11393413080817183
-24.215296567346456,-12.152268398652275,13.619695181501186,13.650205806790503,0.030510625289316806
15.970153285929008,10.667210380394124,14.280491407884476,13.992630636124444,-0.2878607717600321
30.47703061901123,23.9871757189889,14.14311784327991,14.032071061067127,-0.11104678221278341
20.314645243827222,21.696196977565393,14.136846522840596,13.947428338074236,-0.1894181847663603
19.560053602255124,-26.509996432399873,14.161944864338786,14.380634211227147,0.21868934688836106
-21.395339841496224,-30.821284528842632,13.690277758161088,13.675283137608902,-0.014994620552185367
9.72218118638201,-30.26915598526569,14.71852792385474,14.578055219764558,-0.14047270409018253
15.164349620225337,23.71269940333317,14.06682793063603,13.944714369390308,-0.12211356124572248
-22.72905044004645,7.4737722594637646,13.620847481195712,13.74685650754067,0.12600902634495803
-27.940966646689375,-2.9259016616087337,13.597650214249482,13.573872228558796,-0.023777985690685455
-0.9841638775385064,10.94783202649996,13.933063805298305,13.917713813761651,-0.015349991536654173
-6.125270641060432,-17.100253338610514,13.848247526892573,13.806611234394703,-0.04163629249786993
28.739744224718848,-1.473551263455164,14.267650088954348,14.25716046929117,-0.010489619663177407
14.050514673883939,23.19302368846708,14.087787699382178,13.94320152062141,-0.1445861787607683
1.2795616412971569,-20.47407789675323,14.566218415212013,14.288995379166796,-0.2772230360452177
-20.736048850795136,4.246688793347431,13.639332503876458,13.733581259940998,0.09424875606453931
-19.35927498008528,16.78688625531784,13.61121627292,13.881797937337954,0.2705816644179535
-14.356773546708908,12.868387876373426,13.545223758960093,13.893036688547157,0.34781292958706445
10.842650430651027,-29.856089287738243,14.7189998626709,14.607612890034238,-0.11138697263666231
11.137281633383878,-28.674388732181498,14.719791746339677,14.637048048401295,-0.08274369793838154
-12.503123228111754,3.6365516982183834,13.67576702712975,13.814297042336332,0.13853001520658204
-20.324309188283706,-14.604296231090956,13.603203037065535,13.607715390453349,0.004512353387813306
-1.1164506850410092,20.15663139521515,13.73754236813039,13.926514953230797,0.18897258510040693
24.100940671739814,-26.65157501037298,14.183415440512276,14.27670550706093,0.09329006654865424
17.901421561375308,-7.113897995169545,14.1616113025471,14.120838151782884,-0.04077315076421684
30.302533850861693,-30.430226281767034,14.242035065012127,14.26271788800988,0.02068282299775248
19.15499831480485,0.6658271182280231,14.226256518810478,14.134585199804956,-0.09167131900552228
-12.617668321482775,8.489289745591115,13.682948942439237,13.864795570070747,0.1818466276315096
-1.9070371603414316,-11.236299716356477,13.779454540600932,13.863529325996685,0.08407478539575308
11.632048164730278,-4.421405850772921,14.111281924645118,14.04644953261957,-0.06483239202554714
17.689565277912244,18.454757168254112,14.152801570711311,13.941909214539853,-0.21089235617145796
13.595667189822137,-26.887704783379668,14.671371968099951,14.568365007632806,-0.10300696046714464
11.344790815321922,-31.794785368795466,14.718212631223132,14.5779847464326,-0.14022788479053183
2.9228486578410298,3.066249850353593,13.977243120728122,13.913619261138699,-0.0636238595894234
-27.168615194050872,-13.08642948029209,13.759909630564215,13.746573586753241,-0.013336043810973308
19.35326509406331,30.486553166447976,14.002875170453926,13.95507274487149,-0.04780242558243586
-1.7522594062380676,16.843609701468672,13.791099282598143,13.922729261811394,0.13162997921325115
-11.208400827320993,7.675884765962827,13.712692484976468,13.87105715077286,0.15836466579639108
-19.718069361179346,-28.70202326650398,13.638349628148395,13.651735414546366,0.013385786397970278
27.20449907615653,-27.06392109435344,14.228085022139746,14.222040444191206,-0.006044577948539853
28.66989274042404,-17.25705695432606,14.1683823778782,14.246212393770017,0.07783001589181815
-4.700257061988552,1.5441402395239479,13.85786189630135,13.874661396176984,0.016799499875634893
7.132805775772731,16.140271476413716,14.037283969727756,13.930099993227069,-0.10718397650068745
-22.61556508006963,7.828328216963222,13.616104701876768,13.751836979995028,0.13573227811825994
-2.86119344162919,31.552843651952635,13.719405093744246,13.935973860731353,0.21656876698710725
19.615603484886613,17.37331306114625,14.220474282040154,13.967902876528983,-0.25257140551117097
28.58529875465038,-15.158147544444013,14.172468337770617,14.246482648701356,0.07401431093073896
14.694938103602027,20.4653427650319,14.15442584726305,13.941143088460013,-0.2132827588030377
9.30951844638323,-10.019794683003965,14.02991722566505,14.014522009495296,-0.015395216169753922
8.546604329073432,2.578997354258732,14.11351648316234,13.985565830044788,-0.12795065311755138
-30.108447192191846,11.090646549047435,13.881961937181327,13.707223339846005,-0.17473859733532215
4.009428456912822,-10.6485699715681,13.948918183497128,13.954272784320608,0.005354600823480382
-12.225174825536335,21.56544823697694,13.540006362002945,13.917812463293927,0.37780610129098235
-0.2370600253943138,-11.052527871032908,13.824905361679125,13.903075423640411,0.07817006196128595
22.50253070682725,28.542717777193843,14.073944800970684,13.956043676299718,-0.1179011246709667
27.133035731744442,-8.59367555704555,14.22245282191451,14.232704455223951,0.010251633309440678
-11.672686216454196,-1.5878664286704733,13.666230724335037,13.763650595995827,0.09741987166079014
-5.979810337647706,8.41527202159007,13.826060152553909,13.910733091652421,0.08467293909851215
8.177877169715401,18.396646063615123,14.036373966711814,13.933232952059182,-0.10314101465263192
-21.675766921220884,6.014607770054198,13.62134683052926,13.742465508227957,0.12111867769869633
5.2959542180014125,-21.07603597619132,14.40890294737085,14.395628501229838,-0.013274446141011254
25.472375088284743,18.832036576889003,14.203302569984615,14.024239194189303,-0.1790633757953124
31.438734703360794,-13.066777972081866,14.18947527640655,14.282922684802578,0.0934474083960275
0.4988780406945921,-12.751636455216861,13.865269588015781,13.914471714991352,0.04920212697557069
15.786672239993102,0.6422651041893914,14.205858151455729,14.093776709037963,-0.1120814424177663
-21.88539362609545,-21.22219268965435,13.658077390451522,13.608189487865632,-0.04988790258589049
-11.898678850251123,26.671102919884603,13.58420746914236,13.923054453245598,0.3388469841032382
17.47091065276831,8.484166651417546,14.273214609277698,14.03343375498787,-0.23978085428982787
-23.731253619308347,25.433103505555543,14.116540271160991,13.911131870428509,-0.20540840073248212
-24.818397267047146,22.928706847774095,14.157262530422496,13.889414136298813,-0.2678483941236838
-15.176878344290664,11.519869211134825,13.554682053464955,13.869978551321326,0.31529649785637126
-23.40206396797918,14.852161308071658,13.733170805296819,13.81835272877836,0.08518192348154052
-21.75600940584247,13.035600580147403,13.600280703081554,13.816432894039053,0.2161521909574997
31.274901686943053,-24.48089750207194,14.289008842198339,14.273771666081691,-0.015237176116647433
-28.157206910490622,0.8707803612032521,13.670337763517406,13.618988842516062,-0.051348921001343584
-27.700899935316976,-27.615368334594805,13.69804316290069,13.668650942299815,-0.029392220600875874
-26.043041381784768,-16.99971292806739,13.625261996901921,13.771221086417869,0.14595908951594794
26.300244929077785,-6.5264151439608895,14.221423267452199,14.223742756224294,0.0023194887720947577
22.02337809527524,-1.423483543285748,14.228175845973507,14.175342307878703,-0.052833538094803956
-12.7880514124546,22.905814416037494,13.567723429310943,13.918600836123,0.3508774068120566
-0.40220215813231164,16.381648983938298,13.838827203015901,13.923505226747382,0.08467802373148103
-14.6490505800285,-24.314720786284695,13.677079132945765,13.674932102493065,-0.0021470304527007045
22.346341246452802,-12.694771554315182,14.164032622368715,14.171205094375503,0.007172472006788055
-29.400412145596185,0.2854386996106584,13.641750962762917,13.599581089975317,-0.04216987278759987
30.242181981404705,-26.781941541135808,14.251226349006624,14.259618152182837,0.00839180317621313
-7.457081262891421,2.495680419546794,13.806069946747478,13.855596139842039,0.049526193094560966
-27.328498566475332,10.48550656513791,13.779393525742762,13.730224897646153,-0.04916862809660927
3.9434655337675792,20.978029257110997,13.880309764017756,13.931896231482803,0.05158646746504658
3.4519791509387616,6.072617230077611,14.00694624379588,13.917011204047176,-0.08993503974870443
-13.751916482474122,28.465588879961338,13.632028429757995,13.92311336491522,0.291084935157226
-30.87006607850838,23.224117060320097,13.924174330398426,13.828452234904837,-0.09572209549358845
25.571902705054598,4.988140536113548,14.296341594157258,14.168217364939183,-0.12812422921807531
30.45896884659321,-31.224580844557174,14.257500714074126,14.287311976571898,0.02981126249777155
17.64401462013003,-5.156002110118685,14.174616277969431,14.119169426600246,-0.05544685136918481
14.845432971138415,9.415071639845458,14.26439332985026,13.991835788049844,-0.27255754180041514
-28.65551642589385,-22.36795659520891,13.75751673242026,13.764370320697335,0.006853588277074607
2.7438519493884144,20.52256379328739,13.855006543045114,13.930367849503881,0.07536130645876682
2.806135230119594,-15.048961005824047,13.913079768936369,13.940860348305474,0.027780579369105496
-0.6683744031845009,-25.234563549470018,14.487444804691588,14.480891122829002,-0.0065536818625862026
30.83462392397894,2.2496089283555776,14.307755072845273,14.260597886999827,-0.04715718584544604
-13.133363495966876,10.256544897769672,13.61616313302558,13.878164737031458,0.2620016040058779
9.240516798594015,-29.016631172385004,14.718987238513321,14.594219045080852,-0.12476819343246959
-23.380828912014678,7.675847185483917,13.61487784823122,13.742105090283658,0.12722724205243807
-29.553628663795976,-17.473038384544672,13.897316385199353,13.853853179354402,-0.04346320584495089
25.28271487937839,3.4718726680083805,14.28333801225925,14.180329400703588,-0.1030086115556621
-26.196424848168455,21.46252181850855,14.034388209613997,13.859191622393197,-0.17519658722079967
15.502457583248919,-31.03167091523502,14.6778033114917,14.645820728806193,-0.03198258268550802
-30.23917578649558,8.586339467907884,13.811138485431133,13.679151911466706,-0.13198657396442748
2.9962324091783543,10.710393662868285,14.015750067456496,13.92109102948172,-0.09465903797477537
-18.861517592940586,31.82103068529978,13.671836639014517,13.921733373157782,0.24989673414326496
-9.78824181580972,-14.754541278953148,13.69630938785497,13.677063180817942,-0.019246207037028285
-4.761382241377454,-11.95645190500607,13.78897541291564,13.795962036401434,0.006986623485794041
9.29857121891122,13.977366734796547,14.150140868883485,13.929967404191471,-0.2201734646920137
-6.953858619088784,21.564511787838455,13.747300498320197,13.92258868642092,0.17528818810072266
9.247850637363207,-5.384903758304297,14.071014046684526,14.016669501824135,-0.054344544860391863
-5.169380818118448,6.03307909600337,13.845546286006885,13.909159794007833,0.06361350800094812
-1.156502920123863,-5.916482277783977,13.85744179536467,13.880975117221928,0.02353332185725776
-26.69395453059653,-7.939557804298346,13.644740410931156,13.616472703349979,-0.028267707581177248
-11.466220170166132,-18.170248032173838,13.703899434752186,13.721626661467935,0.01772722671574911
15.637307699117223,-17.223064595198316,14.084564152284132,14.148045064604998,0.06348091232086617
16.704296572400303,-12.583308463498092,14.11414265214433,14.102146133128505,-0.011996519015825768
-16.40327151955949,0.8059179011000666,13.563122210920767,13.742815904973265,0.17969369405249758
-28.32614198989083,13.28621700292706,13.892993954714019,13.749501183232036,-0.14349277148198247
-21.552027126178338,-27.60642326973666,13.67484774509836,13.647833885229758,-0.027013859868601386
9.80802973452547,31.92584164441074,13.870664161373869,13.947816686039937,0.0771525246660687
19.338506336638424,-21.912331760162814,14.090364503101172,14.221872187611487,0.13150768451031425
11.036932298155058,21.638770516653096,14.071189669356727,13.93896477883321,-0.13222489052351705
-17.401600275730196,0.9784349830397829,13.579589351413595,13.734078244867002,0.1544888934534061
4.98173865198676,-11.007152220451374,13.957737867164044,13.965355224180128,0.007617357016084014
-26.72692774812277,20.628373087922114,13.95596343232462,13.844682709886495,-0.11128072243812426
-19.715058593277178,3.5467994193387113,13.628669107014854,13.736939179339798,0.10827007232494346
-24.00577252207374,-29.92995413127977,13.679865361445701,13.675534154864344,-0.0043312065813569944
30.270902398448527,-14.335924416629574,14.175668923745867,14.267750533020504,0.09208160927463638
-21.430490141702336,20.8042701566196,13.677000043019813,13.902666248917818,0.2256662058980048
7.126663330929823,22.313437133286435,13.954676141029962,13.936074680866527,-0.01860146016343478
-0.20412570360680604,-10.883471312606545,13.825153373420486,13.903844989352853,0.0786916159323674
-0.38695010242236805,0.49368481042429835,13.905629228124155,13.908127583629778,0.002498355505622385
10.999039259511342,-9.571167114949667,14.051849187655147,14.034872415639082,-0.016976772016064956
27.414438384513637,15.439227125376242,14.250947636308684,14.082896438080818,-0.1680511982278663
12.166957731325482,4.097778053727609,14.188320803181771,14.014026461171463,-0.1742943420103078
-5.969318322733216,-26.258623518136446,14.205537926785262,14.113055900295857,-0.09248202648940484
-14.1003440540687,-7.0354874826794,13.617708631151132,13.666943283918544,0.0492346527674119
24.249675923702476,14.898091682030824,14.256982114833983,14.049906354849181,-0.20707575998480188
-31.551008154349276,-31.387121051071205,13.738838745260662,13.714957307595768,-0.023881437664893923
25.158477363265334,-2.3873299420326077,14.239239672963889,14.212828445408272,-0.026411227555616534
19.031455772880904,10.284853212567889,14.296182386687486,14.033883318477379,-0.2622990682101065
18.439637394290813,-20.502385335610533,14.096402436544142,14.19312757920162,0.096725142657478
28.417788565182654,20.95684603975384,14.216580321779132,14.038224323353203,-0.17835599842592842
-24.605060314127506,-4.886267811116241,13.639396780884049,13.583665964883602,-0.05573081600044638
0.28763132064798214,7.228084154335015,13.951042010117636,13.915262872408848,-0.035779137708788156
-29.675904773415326,23.818838577096137,13.950663557181947,13.847440382393813,-0.10322317478813403
-5.595691001282006,1.4054898530881843,13.845496459251322,13.863697899702139,0.01820144045081662
30.974411271430043,-26.926273729700824,14.246806795610057,14.26854351769842,0.02173672208836308
3.2892820550273,-28.972874264172255,14.533405106095087,14.482400879709102,-0.05100422638598445
25.113863289924147,9.08423569395353,14.323356705719737,14.120394028252056,-0.20296267746768137
21.82172099599307,31.950942979232146,13.991264373261755,13.958728410663749,-0.03253596259800595
-4.6568210947413675,24.40104943139159,13.74592209141824,13.927418272519551,0.18149618110131094
0.440561007424499,-17.302050820414514,13.956609530345148,14.020583808482057,0.06397427813690904
-9.886228816854931,-19.895898594597107,13.753502507250529,13.82602951910355,0.0725270118530208
-7.0765829223622845,0.4189035494112332,13.794464900553894,13.837496390614637,0.04303149006074314
7.892810537379276,-12.563502104650333,13.99280949414801,13.99856593874423,0.005756444596219268
25.95578262502277,-30.526820698490972,14.259441766739425,14.37048713067685,0.11104536393742492
17.236391836444838,-4.168691187481535,14.179237541312023,14.11494200711606,-0.06429553419596346
-31.968507114757998,18.570334927638704,14.004082986373286,13.767223759325683,-0.23685922704760287
28.500792860940173,-8.870956929949742,14.228407284674708,14.249371664019106,0.020964379344398765
-0.6673183560752705,23.504336497278423,13.738647070233434,13.930165068721545,0.19151799848811102
-29.198655017866898,0.28794500717405214,13.64516146558907,13.601745162387171,-0.04341630320189793
-26.623241243844717,14.128890724101986,13.891428301972388,13.77652102985173,-0.11490727212065721
14.873054423023333,-23.559599694090338,14.107314581982296,14.402409766332426,0.2950951843501297
-8.783164561823455,-25.524232826974895,14.019126116633494,13.993177562617413,-0.02594855401608065
7.288349209211255,24.068356795764743,13.926018926106345,13.937921287116746,0.011902361010401208
-9.841392553163871,4.344282438770371,13.744135668043416,13.850036507378068,0.10590083933465166
3.725924057521169,19.85604461351975,13.892396853990304,13.930612161896475,0.03821530790617089
11.884896629252069,30.11157447647824,13.920198514588279,13.947941275344348,0.02774276075606963
27.618140802693596,-31.952229543961934,14.297779100091487,14.381459812585497,0.08368071249400977
24.804569206093767,12.645117738294218,14.295482561260942,14.079902910523108,-0.21557965073783336
-23.567815877191272,-13.823618397253945,13.62221864213588,13.67211257487074,0.04989393273485909
17.408713608575184,-20.13533841079112,14.091026583546899,14.204770762929304,0.11374417938240455
0.7433755547287078,17.385042803355113,13.841472552031574,13.925515444312223,0.08404289228064954
-26.11665318634801,-6.8384551734300345,13.591086965223393,13.576567140144133,-0.014519825079259974
14.304571770279416,-22.672974135464095,14.0948533731578,14.391766644694679,0.2969132715368783
-8.73127701750969,3.9176679177906806,13.780505826666012,13.857250682844713,0.07674485617870097
20.355410275592135,-29.113423097949003,14.223180130135585,14.454455440193843,0.2312753100582583
14.062732357021666,27.70442349438496,13.994185364049219,13.947583011458736,-0.046602352590483065
-7.4426462028683815,-26.473373630900042,14.111068080095224,14.049089135239502,-0.06197894485572242
-30.510411229843122,-7.593242279464604,14.01589964124211,13.70537167974249,-0.3105279614996199
-23.158347642460797,-31.570193168496658,13.710470562681902,13.687188492806351,-0.023282069875550704
6.779571816417182,24.960281267184513,13.9098208340133,13.938324259436213,0.02850342542291351
-16.63198605389261,-26.67906241961323,13.5930221899842,13.624709812060436,0.031687622076235655
-19.37816061851948,0.29914984410460477,13.633683066329453,13.705900426473798,0.07221736014434477
4.084071033821743,-19.553764418370015,14.181658906699113,14.253972519152805,0.0723136124536925
16.632200274956475,-16.021310699628124,14.097898110242328,14.098770646698133,0.0008725364558053172
8.060227529173893,-21.39913303628245,14.104317912301267,14.45421226319208,0.34989435089081233
28.37316467507172,26.0855668090786,14.300059035033636,13.984790536758814,-0.31526849827482195
-14.374832696111596,25.743525809266522,13.630903563099146,13.919911848496877,0.28900828539773116
10.396267176115032,-6.779897051412753,14.070339829573754,14.029619583420342,-0.04072024615341263
-18.034778775881286,-23.191862484095573,13.558404770030801,13.598710815331717,0.04030604530091608
-31.63643889951718,14.361930353962727,14.018313790739802,13.725895795742657,-0.2924179949971446
-27.541840049561756,-30.162312327215496,13.683505493285443,13.688381973494469,0.0048764802090257575
-10.928137810290359,-8.977387573493651,13.655536284168232,13.675243458255146,0.019707174086914137
19.032040191203627,-19.313146248290337,14.107967847118408,14.136468942146974,0.02850109502856668
-20.36306189274675,-24.5213003946007,13.620972709105397,13.61739067422463,-0.0035820348807664715
-14.776256383653227,17.732045558229018,13.57791506599035,13.911786936786848,0.33387187079649827
4.192037082008724,21.896337597717633,13.880493800512664,13.93301111065336,0.05251731014069705
23.589467730539972,4.89945859239856,14.283832900582345,14.144970971231846,-0.13886192935049912
11.891271796472807,-0.4563921299829232,14.142805007483641,14.052582580922024,-0.09022242656161694
16.38954057145083,-8.870643230768472,14.139371979544585,14.10109454329148,-0.038277436253105535
-31.63284402102454,1.4838605951308352,13.62732919306433,13.588701948119136,-0.03862724494519476
14.843040180829554,-13.900878405257266,14.093752020152099,14.078473893399917,-0.01527812675218243
-21.62544788744239,21.324763054161274,13.692980034478007,13.906147417738314,0.21316738326030737
-8.440988051532408,-4.837767313900422,13.697918412146505,13.755536127519813,0.05761771537330773
10.804652557546618,-2.479511571720117,14.113535606285495,14.03782206936631,-0.07571353691918503
-16.40913858237279,-8.292356361946695,13.549201782737946,13.62610591930137,0.07690413656342443
11.164911794431944,30.828419152556087,13.897543305786968,13.947983232367744,0.05043992658077556
14.563499907879255,11.714508323720906,14.279382736698615,13.964686788038906,-0.3146959486597094
11.00411613472906,23.037955794534362,14.060828233238945,13.940290499923053,-0.12053773331589213
-6.023167225318893,-23.770827548535188,14.170474696060344,14.141223975382664,-0.02925072067768042
-19.91759066946934,31.987100289685777,13.710583837302211,13.920937186861426,0.21035334955921492
23.937113906785264,30.04972923986567,14.018287631106423,13.958803684679143,-0.05948394642727983
27.28215562684504,13.064852443485663,14.290244696711172,14.105769980878728,-0.1844747158324438
1.7427608280458315,-7.627323773250801,13.893738303349302,13.92830061215485,0.03456230880554756
6.827168355357507,11.2503229402257,14.115699550314357,13.925085871670387,-0.19061367864397027
-25.09770377655922,29.478807213061657,14.038619491330701,13.913812800440146,-0.12480669089055496
26.90242698436856,17.2327114783077,14.220946627706805,14.058160991751944,-0.16278563595486162
-21.445001294941555,4.0557971082125235,13.646865769670454,13.724036605466104,0.0771708357956502
-12.662130679342745,-16.04291901063351,13.654438002050231,13.61073157363328,-0.04370642841695016
-17.787842681001337,-11.049585624682173,13.567608926502439,13.575570128926502,0.007961202424063174
-6.677983527552271,21.636496481346782,13.744981673325196,13.92290843339446,0.17792676006926378
-2.85834589216595,23.606863453576743,13.748409137034812,13.928278773005877,0.1798696359710643
-21.62287876955267,-29.970957958256164,13.689364724862504,13.668592763494106,-0.020771961368398095
-6.033216993860847,-11.957976958206174,13.760097379581097,13.76583554601781,0.005738166436712433
1.1599142711353352,2.71481311828056,13.937733245769625,13.91168114751655,-0.026052098253074973
6.331610474697051,6.22335756776647,14.077036414964011,13.92098812774278,-0.15604828722123187
17.3958608046392,30.724122394391017,13.973878649826798,13.95352899242377,-0.02034965740302752
10.921207400767543,-6.243295538523697,14.080943323291212,14.036419743542961,-0.04452357974825105
-3.1952912863758627,5.65728503149009,13.892609579732797,13.910584762145978,0.0179751824131813
3.491582932530818,7.683386275940428,14.015181416648733,13.918607527487422,-0.09657388916131104
7.8044258409332485,18.842722898572333,14.01819849987302,13.933326648726338,-0.08487185114668172
-20.95432403493347,14.45913199609793,13.600540198029952,13.840095255088341,0.2395550570583893
25.763212549195224,10.659334349292507,14.330327985649646,14.112064767466238,-0.21826321818340766
20.653047833950374,24.46491136540586,14.14967421243644,13.950417207484755,-0.19925700495168464
-0.43444264293746926,24.077295129663653,13.732660445725273,13.930931166011698,0.19827072028642512
-2.049485569925416,-29.684562880959184,14.31574897478814,14.281230718890145,-0.03451825589799462
18.067505935045375,-9.601137560869653,14.144196889540217,14.120996875412713,-0.02320001412750372
29.271543339285294,-18.962947436055536,14.219645255938095,14.252554035217415,0.032908779279319234
15.007674350176778,13.188443416754978,14.287136210607033,13.954900208407492,-0.3322360021995401
-0.9383363154586064,-15.623525597565653,13.889682691291469,13.886749628877423,-0.002933062414046006
1.2710669540084751,-9.391414259676573,13.875137823174036,13.923045349993076,0.047907526819040314
-28.027477210785975,0.10564876699603332,13.645110652581801,13.612209732971538,-0.0329009196102632
15.976264304364882,-10.281304464360325,14.12688818356548,14.094999742861177,-0.03188844070430363
-28.06356536108241,-9.041377441233301,13.800024842021495,13.676499566095755,-0.12352527592573992
11.628517565746762,-23.56559501892712,14.136147871438272,14.52246880465319,0.3863209332149182
15.802969141978686,20.090933275713965,14.11167917199116,13.941784532395767,-0.16989463959539286
-23.729427030274422,1.224974097756828,13.659364969070113,13.669670012627252,0.010305043557139015
10.843063973538378,-9.358649976761534,14.052045977691712,14.033130854694928,-0.018915122996784106
13.226634432319614,8.206708329890901,14.236072412046969,13.984567927491895,-0.251504484555074
23.63248532344732,-24.84999590875639,14.122362142495671,14.223654581231008,0.10129243873533689
-27.92567898839905,-26.605811301865366,13.7208382304936,13.68810992534271,-0.03272830515088998
-6.69182015188666,6.802884230561681,13.815486840377291,13.90852583208571,0.09303899170841845
-17.933678222958143,-14.851336308802338,13.53156289122587,13.552719611490717,0.02115672026484816
6.509045765433314,29.83642572431505,13.838160518609097,13.942802860145354,0.10464234153625718
-2.839217590209735,30.121807715369577,13.720903114416323,13.934607460283138,0.2137043458668142
-5.049629946926174,-30.996424922727478,14.16091390196717,14.143241858693354,-0.017672043273815774
29.953067846537884,-17.45560166239749,14.21938783587498,14.2618873968215,0.04249956094652063
25.369742387044703,20.25686559823633,14.206642459259296,14.008294808860295,-0.19834765039900049
19.78758445928375,11.54784910335929,14.30956048377654,14.030073991719128,-0.27948649205741205
-28.40777805576358,12.598026814576933,13.868311955030613,13.74130282446459,-0.12700913056602303
26.684739279340405,-17.688509297041485,14.155159877425675,14.221500534066228,0.06634065664055377
7.129083529619109,-7.473999796381044,14.021489807426976,13.989560450136691,-0.031929357290284344
20.32595077116607,1.8446652934158578,14.241868400149421,14.136699414185236,-0.10516898596418578
-7.672647797578286,31.34547959944942,13.543204788272497,13.931412596295411,0.3882078080229139
-31.330055524542516,-17.256903086904536,13.952146671900792,13.901874854376192,-0.05027181752459953
-8.81004901852679,-12.042609575031179,13.704763423263248,13.700064626972086,-0.0046987962911622105
12.793872106004159,-17.245144022155955,14.057386190977772,14.159122393066898,0.10173620208912659
1.0399192315478274,-18.864368542568414,14.281891363406727,14.155506578573787,-0.1263847848329398
-21.88142338227201,-11.539408994367797,13.63735412888886,13.576926312133462,-0.06042781675539821
-7.468183434452364,-9.468089647247382,13.713867401909207,13.731689160499363,0.017821758590155667
-29.715740002468237,-18.172707919376172,13.893508739945386,13.84843375716113,-0.04507498278425537
2.3046947400487667,22.772503548303767,13.809608886813464,13.932149492420589,0.12254060560712432
-7.164963743692105,2.1998490820556,13.813153378601298,13.855538307120916,0.042384928519618725
-24.82399800993654,-8.112846528581848,13.620298100878124,13.572997366751487,-0.04730073412663671
11.509629260124377,-18.568825863770464,14.029745043838174,14.255703405390635,0.22595836155246118
-3.6669568705557296,8.421927264715073,13.868010339370258,13.91283556237375,0.044825223003492454
-8.685527581067227,-31.796053342319702,13.997138974147374,13.984844516381838,-0.012294457765536393
-12.069028969446805,2.173500781102284,13.675312084238694,13.803305092053543,0.12799300781484924
-12.502690256011618,-4.682299325303511,13.624260923178579,13.714533412017516,0.0902724888389379
-28.597892881790003,-31.082444158397237,13.72606258534616,13.699609780576557,-0.026452804769602878
30.370175851676855,-14.552257328775717,14.181352367017935,14.268837629343286,0.0874852623253517
-26.1077257301518,0.75099802707836,13.66687688475038,13.639424103272258,-0.02745278147812158
-7.599755277561911,15.647758671729108,13.72886928048694,13.916271487992947,0.18740220750600756
-8.636171228641267,18.795599531359706,13.727528708311924,13.918381706870049,0.19085299855812465
8.435213987220607,-14.193521643250193,13.983610525248185,14.004837654207337,0.021227128959152353
15.873609499135924,20.346426136081313,14.117054872283262,13.942096058927921,-0.17495881335534058
29.19297599041615,15.798450500891171,14.246619428912016,14.100867874092756,-0.1457515548192596
-14.370581044395657,18.475522488112787,13.57697933125921,13.912874823338875,0.33589549207966485
-15.575391714489491,-30.069153264063353,13.669868033046175,13.675075002345585,0.0052069692994098915
11.076616454001488,9.724826497587792,14.221726907488835,13.942708989776769,-0.27901791771206597
-15.393726548647123,-3.5233600283068895,13.553059661357395,13.699008924006396,0.1459492626490011
-16.700519169838216,-11.229048621539775,13.54055749805162,13.584750335195086,0.044192837143466335
-17.105693261486408,-22.821475194258696,13.53106099617155,13.592647751363424,0.06158675519187362
19.05744506633961,15.06865745349004,14.249890627540218,13.984867081756898,-0.2650235457833201
31.452641468368917,-9.323040006153335,14.23143677629492,14.285433748075446,0.05399697178052598
-31.053678804871822,9.368985025469982,13.885096265925625,13.678863336838553,-0.20623292908707214
-19.767921009087466,-18.440800591338544,13.588472831002791,13.592355087548606,0.003882256545814755
12.75384130116558,12.826402960987224,14.281423148857327,13.931983746547637,-0.34943940230968984
3.700074025767101,-19.797841385517962,14.352844261408436,14.269789274507419,-0.08305498690101665
29.73391755057377,-19.33101871023655,14.233571005622263,14.258016973147543,0.0244459675252795
-26.907288869156574,-29.277501252805173,13.650718601787885,13.678751864295537,0.028033262507651813
20.468935989133023,28.710433243763404,14.042270504848112,13.954363205445048,-0.08790729940306363
-24.73824554975525,0.3803242290968569,13.66292123068371,13.649982041273594,-0.012939189410115404
19.976169855242034,-17.144373925646867,14.125211768102465,14.139241357639138,0.01402958953667266
-16.237609994622296,22.484742325709966,13.62211220867362,13.915066760070406,0.29295455139678594
-15.51476770106219,-8.139817342252805,13.565468956925873,13.63756843492564,0.07209947799976746
3.9248889065680146,-16.235839144766516,13.937694897109086,13.973456099472598,0.03576120236351166
-0.5150222133860609,19.07790614657378,13.767937504749696,13.926014982698613,0.15807747794891647
2.982261649831365,-23.55577736052755,14.665322901340527,14.562744598491383,-0.10257830284914426
-7.501814004483897,21.04002655685862,13.738492546869542,13.921584006785393,0.1830914599158504
20.66682365462922,13.682936582996561,14.274056883321006,14.018771629778643,-0.25528525354236287
-19.38176105615345,24.57528123891609,13.606713455024959,13.91424258274306,0.3075291277181016
23.704949494606446,5.28882169170695,14.287251270759294,14.142363098269788,-0.14488817248950525
9.408732825742526,-24.142247167127728,14.666675455789122,14.625041377026008,-0.041634078763113536
-20.17631006657367,-12.306459092524513,13.619463912994824,13.551253273374087,-0.06821063962073737
-26.17184432624017,-30.547116487625132,13.658871893494315,13.687529347735353,0.028657454241038494
-12.494545678987173,-29.00704691143398,13.79788989745514,13.826158623770809,0.028268726315669568
13.704538209169755,-18.696933301867936,14.060651411046148,14.272035427109204,0.21138401606305557
-0.7961329003224122,11.552835260762123,13.928569832441179,13.918470313717945,-0.010099518723233558
15.256006405639404,22.837083161991167,14.10393328821306,13.94394918011829,-0.15998410809477015
-21.96224422221814,-12.022383602423666,13.637653333781019,13.590055371019378,-0.047597962761640744
4.095195433342077,-21.500574858255774,14.664099549204813,14.413063653016783,-0.25103589618803035
-21.467278056651615,30.618472460360586,13.894350328216113,13.918206924457134,0.02385659624102132
5.823805671619027,12.962781095001269,14.065825331387524,13.925835518075687,-0.13998981331183735
-5.535014762434599,26.859703552855613,13.720315496965327,13.929004230688372,0.20868873372304542
9.591023399879312,26.894973557600018,13.95621625949363,13.942746370590065,-0.013469888903564708
1.1150149766963438,-13.930180791995035,13.889295949209837,13.921553931659421,0.03225798244958433
-27.977236467601394,13.642650434203219,13.914112018600726,13.756995644860826,-0.15711637373989973
20.55042411563464,29.029341136448224,14.040912326637851,13.954745996080728,-0.08616633055712342
20.313577590874893,31.03758150160065,14.008141030862562,13.956476836771406,-0.05166419409115619
11.945700547318424,21.551616569915602,14.099288747951004,13.939703919673114,-0.15958482827788956
-3.2576206607048235,1.1291317535767007,13.873330072558957,13.88552189137471,0.012191818815752598
-27.998148763280668,-18.064466179879965,13.74112306657622,13.806324673167383,0.06520160659116314
-10.566189062515619,5.437075171452314,13.712077938586681,13.854003266914765,0.14192532832808347
24.348382055515856,-20.850470813351286,14.12684035988184,14.190757909800194,0.06391754991835441
7.372121989058357,-1.750357849903338,14.058667540923796,13.99653496835422,-0.06213257256957583
30.126613461527505,-29.87262246924174,14.23356532121307,14.25626353920178,0.022698217988709857
1.5561280437720129,2.5114624604769986,13.942682176477254,13.911843220298255,-0.030838956178998345
11.898370768141191,-20.13582776708232,14.04833669745485,14.390101283189534,0.3417645857346834
4.367997587472999,-25.060783324796873,14.6539171273009,14.59289277325927,-0.061024354041629536
-6.3020182352515945,2.7933982800188204,13.835907603977336,13.871005144741755,0.03509754076441851
24.22923691631094,31.01070118048675,13.97067543030891,13.959999362724004,-0.01067606758490669
17.749076509921238,31.761728523854714,13.95925506909375,13.954854275094599,-0.004400793999151276
11.583356914818104,22.2851149657335,14.080404044312779,13.940086122327108,-0.1403179219856714
-29.08327122093361,-6.955048771674896,13.851202803512887,13.654519438431484,-0.1966833650814035
22.884316183207588,-31.191515469627667,14.344613480441971,14.467923619925356,0.12331013948338487
0.6865971469993184,14.154886580161637,13.912191501996324,13.922334775039,0.010143273042675816
-23.335748239074256,-3.492210271530226,13.654707436234144,13.615279051991429,-0.039428384242715
-20.811914325775817,4.874749182826136,13.627433021321723,13.739470328590803,0.11203730726908034
15.717370653644586,1.1981844253481597,14.209691669906745,14.08719917795489,-0.12249249195185463
-2.825048765585926,-11.348447686287805,13.759309269922209,13.841790935345577,0.08248166542336755
-5.43449837363422,2.268192679499819,13.85376775667392,13.874598711095231,0.020830954421311887
9.147437639562675,23.243630260199723,14.00056463521496,13.938807132175421,-0.061757503039538975
21.686758240003783,0.1277764384724449,14.23714282284288,14.170989671528298,-0.0661531513145821
-10.922945237415142,-11.396514459156109,13.661971210901198,13.649975016842426,-0.011996194058772502
9.992450996942246,-26.334995091987103,14.70411017409494,14.662594327335105,-0.04151584675983422
24.69657822869828,-20.70530518850245,14.129750782185322,14.195135803698033,0.06538502151271075
2.420409920164616,5.022495888952946,13.972884338534756,13.915059039382573,-0.05782529915218326
9.29567642657338,-20.179392327673185,14.034359128603922,14.36580727487682,0.33144814627289776
14.67798886781349,-26.453464103699574,14.395773459547378,14.512889786395919,0.11711632684854045
-11.441085011120116,-3.68460938611873,13.65013344645019,13.738780939600586,0.08864749315039688
26.05093436205403,17.192751049222643,14.220774125997877,14.048195517342425,-0.17257860865545283
-3.370721147732226,22.328909680388485,13.719630027230684,13.926576415212745,0.206946387982061
-19.73637175725387,12.21881353755883,13.608800710141876,13.829124543456203,0.22032383331432648
0.08872672521714975,21.29684510579431,13.745322123732247,13.928711727290967,0.18338960355871947
8.637213425703308,-6.383126406877643,14.056425556166584,14.008478693820601,-0.047946862345982666
-28.647620419480916,-27.95059130741621,13.732431174340663,13.688106561580783,-0.044324612759879756
19.60769595171989,-7.413501978577742,14.169751661687338,14.141408667927653,-0.02834299375968463
-18.056874866074217,16.264165438326337,13.61959456832771,13.890024994839692,0.27043042651198235
9.560045850076548,30.149100819842232,13.891275870861026,13.945870732970853,0.05459486210982689
11.881758250668106,7.476261158047919,14.216871458640453,13.975709985487649,-0.241161473152804
-4.1397662617047715,-5.460657422549524,13.756087590312973,13.810280577764777,0.05419298745180434
23.985373100242256,-4.094632148152201,14.220156343775049,14.197250760548089,-0.02290558322695979
-10.432302579864903,-19.754818586560276,13.747216448424014,13.80761872903032,0.060402280606306036
3.1791376716885154,12.078172455913034,14.017210275314099,13.922581823081634,-0.09462845223246497
-17.559371797015167,-9.747663903699944,13.562529131758312,13.59495615978028,0.032427028021967175
0.21866321741900663,-4.326658336359671,13.886138030952896,13.910757710244164,0.02461967929126807
9.695869397964017,-5.983399951884223,14.070107976113434,14.021680858323773,-0.04842711778966091
7.92747983927444,-4.483483134902613,14.060479501054022,14.001253548189979,-0.05922595286404331
-11.794733524930948,24.90032608285741,13.56516275293311,13.9214332136358,0.35627046070268875
-25.17935265227991,11.178525180404876,13.718240315167503,13.760377391793599,0.042137076626096004
23.836011317062734,-7.203922553113394,14.196896405548655,14.193098446011867,-0.003797959536788298
-18.97031119960105,25.753262324350693,13.585677349441482,13.915756628352076,0.33007927891059374
-18.99027162886466,-16.26469652726533,13.549708381356176,13.60227165239845,0.052563271042274096
5.915936217381557,-26.08149522746001,14.682430680383128,14.590523934106436,-0.09190674627669182
-1.0304605880181938,8.96541451310334,13.9360380703225,13.915751390401676,-0.020286679920824113
-20.356397313273312,5.486874747481558,13.619777943968106,13.750818924990362,0.13104098102225592
5.185169862786886,-0.2676034065043851,14.022072774695221,13.970993555147837,-0.05107921954738437
-6.996685443770957,21.404341918958238,13.747189054867462,13.922394710050574,0.17520565518311138
-6.8417696557471785,-0.22707986517951895,13.784259554600014,13.832560868216309,0.048301313616294195
2.1718816814160604,-2.4850554297913874,13.92996063927097,13.93286047009047,0.002899830819499627
26.523801564260147,-8.206228964938028,14.218889418681119,14.225445413656866,0.006555994975746771
20.700652447262883,-8.56489943165893,14.16768480206653,14.153865527127271,-0.013819274939258719
11.801502374096202,9.389526710140252,14.239410729380321,13.955001315985976,-0.28440941339434467
21.493688683131722,19.576907003589348,14.164711188707445,13.968067477351152,-0.19664371135629288
26.028401544545467,-20.44929629017026,14.131991812166687,14.21169388383586,0.07970207166917298
3.7578303812280254,25.762669364601912,13.824803659106927,13.936363119729945,0.11155946062301858
25.673804923449552,18.30393726201722,14.203985302251997,14.032140144489988,-0.17184515776200904
12.944182111010605,27.539062956007918,13.99443123777959,13.946409132276736,-0.04802210550285402
-30.612568654789385,-23.922911899650067,13.75888802543595,13.79284425498255,0.03395622954660027
-22.47158015303718,-30.696600124289603,13.70324068408339,13.677495927798443,-0.0257447562849471
5.716910231592998,-0.3101184636481875,14.03295262297657,13.977442254599802,-0.05551036837676726
8.043260901510024,6.696664305378306,14.120694876691276,13.93696789158794,-0.18372698510333585
-4.224684009606371,19.284360944709952,13.720957519864085,13.922853104781483,0.20189558491739845
-25.25493773206511,-0.8799045191036825,13.657151447773563,13.628989247636365,-0.0281622001371975
26.057349882361123,-3.277611534346285,14.23840062789699,14.223115743040516,-0.015284884856473724
0.812053151563326,-2.470581862771965,13.903921283460198,13.917391515965456,0.013470232505257584
-0.5509365249369367,6.202136099897878,13.93496007293748,13.913509033121052,-0.021451039816428263
12.966012099403443,-18.24819017541168,14.05411369473139,14.245336362365295,0.19122266763390527
-29.083961819400272,-10.117080515290795,13.938772515621084,13.727066065486765,-0.21170645013431866
-12.26315062987549,1.485997880864133,13.66189183294456,13.793922412932714,0.13203057998815382
12.553999286966842,-17.064374481377243,14.056916163538473,14.141209198324935,0.08429303478646233
-26.016773130962534,28.23884770541695,14.051705093290762,13.91177868306469,-0.13992641022607266
31.045600911493324,-14.809694948648307,14.209421399979995,14.276992901879856,0.06757150189986127
26.91281926653504,-1.0005696917282307,14.260472075826538,14.2352495575421,-0.025222518284438777
27.589437601424613,-1.140539674731123,14.263412296063565,14.243390866011314,-0.020021430052251432
7.360270315687487,-7.737305623831446,14.024726255946693,13.992206656442434,-0.03251959950425842
-20.812915329486273,-4.888605835896293,13.66703971994066,13.623808533429232,-0.04323118651142899
-0.7890662141933475,-17.18768140228689,13.916104236407708,13.95312280292823,0.037018566520520935
17.63537260739148,9.1568092937705,14.279066605626658,14.028501507810576,-0.25056509781608227
-29.12073019466888,19.302635257900498,13.935174143494782,13.80519597146723,-0.12997817202755257
4.632169491296388,-6.413124830094411,13.980466029684077,13.961091748265376,-0.01937428141870079
-25.22189567760254,-0.2767597673560971,13.654657715603484,13.63719901694704,-0.017458698656444227
23.737617394934112,2.5378513726547354,14.267190854763232,14.171130619720257,-0.0960602350429749
0.4703800612807143,2.6765619051246006,13.928345529013011,13.911019201276124,-0.017326327736887137
16.64345278039562,12.782435622800087,14.298106480655786,13.979023213400945,-0.3190832672548414
17.17878306672766,-20.253607448454375,14.08850404078493,14.21450982221525,0.1260057814303206
23.102486264512095,15.14021311775889,14.25185885678752,14.033428103571852,-0.2184307532156673
-31.600296081065565,-15.648464494309607,13.899161118044676,13.917794167395265,0.01863304935058885
-18.68746948079476,-13.768599932307517,13.569999418667045,13.54701179902247,-0.02298761964457441
-9.403292647368893,-10.800369182659054,13.690930120721598,13.685934528489364,-0.004995592232234003
16.764644579983006,-6.851432360471492,14.156627526785671,14.10718053154819,-0.04944699523748142
16.85644958100648,14.612388547106484,14.256060953410053,13.96274772237648,-0.2933132310335722
12.90293058669878,26.314482202669325,14.013827535974066,13.945185435478031,-0.06864210049603514
-9.711362688656138,14.056851264585276,13.721267373753433,13.912816652225972,0.19154927847253944
-0.3545286188729193,-26.444516052092872,14.452207810830393,14.471843416110188,0.019635605279795243
-27.737826017147768,8.222954614275139,13.68223997026287,13.701778265739211,0.019538295476341005
-4.314698653253032,29.80495472309753,13.716280903103307,13.93296335423349,0.21668245113018259
-0.5449251461227718,-18.40837617605247,14.004219702722216,14.06771566350193,0.06349596077971498
-30.96496823901836,-27.557960680069804,13.784214208790376,13.75225885479914,-0.03195535399123628
-4.083380965738172,-19.786277632677688,13.954840136258927,13.95922981399238,0.004389677733453112
6.422624609135724,-5.094106231934198,14.018927518505517,13.98245515774989,-0.036472360755627875
-9.378697427289652,-3.6423055400800664,13.706070051925426,13.761180630060482,0.05511057813505538
-4.6765647422970105,-11.248630598684898,13.780494682182624,13.797926912079257,0.017432229896632734
18.103603293251403,-19.4373890837917,14.100046857480834,14.163185343889781,0.06313848640894726
-5.080874432924979,-18.045580426463445,13.8866283850603,13.868040877172202,-0.01858750788809793
7.8183176334080144,8.71082723301361,14.125532868813778,13.923523964237258,-0.20200890457651965
-30.953211424751395,-14.635272234160688,13.829956122868282,13.878134296774126,0.048178173905844446
-3.1413586985469095,13.946542455167155,13.829656835701641,13.918663856682885,0.08900702098124391
-26.80661037798759,-10.293493207021719,13.69459141655055,13.673324738777495,-0.021266677773054354
25.389907786626395,-2.9770934786962044,14.236499828102147,14.215206681040486,-0.021293147061660633
-0.827884963863319,-25.215181704017063,14.483195738717539,14.470898097498052,-0.012297641219486621
-24.636934673263077,27.27137863856295,14.114404890050567,13.912091926008463,-0.20231296404210397
19.687941885818148,24.548119614843152,14.128789740668964,13.949623188210902,-0.1791665524580619
-13.212732721776781,-11.014204826311072,13.628298726106477,13.624498756085812,-0.003799970020665455
28.143846711183187,27.954827542823693,14.137792734941744,13.962718972757177,-0.17507376218456727
12.081948677499547,16.350358648395172,14.1801756947165,13.934788675929617,-0.2453870187868823
-5.0774403910575785,-26.48666310878575,14.264437605446634,14.160869728171596,-0.10356787727503836
8.44849452887911,-27.19420578037016,14.7072442986915,14.616010335949426,-0.09123396274207352
25.08711484449718,-7.4852386611919925,14.206900540148618,14.208206827359627,0.001306287211008339
-14.547636334844519,-2.0806388703245133,13.578266908839648,13.726772652298825,0.148505743459177
-5.099211268092752,0.25317486363848474,13.829333041772944,13.856678125269289,0.027345083496344458
7.665010329527185,15.569397234367685,14.069082948928239,13.930029269181928,-0.13905367974631133
26.690052229393594,-8.753221524262067,14.218197833839447,14.227150504621745,0.008952670782298
-10.681834645599338,-5.892961270953656,13.660954109188888,13.718046662661067,0.05709255347217912
-18.885857477216625,2.7585566947560025,13.623390471365969,13.73732381712923,0.11393334576326097
9.050110156960464,-16.2973587481804,13.97648870634904,14.036923137882578,0.06043443153353856
-7.35037945384709,-29.9467067628172,14.100274030774976,14.04612147252721,-0.054152558247766436
6.191164634757001,-2.709205648952725,14.027512591287055,13.981422914749386,-0.04608967653766882
-28.18278197973263,-6.390062619223194,13.688556558949847,13.618710154064148,-0.06984640488569838
-2.860792366025926,-8.271014753355708,13.734778797900496,13.840751919251845,0.10597312135134906
-17.801891677598448,14.448404944001076,13.620965048798336,13.873377025224952,0.2524119764266164
-23.655570014791017,5.10306107573647,13.630409749277145,13.711778299744125,0.08136855046697988
-18.58297698529133,9.36208150774273,13.615684561437677,13.810901268628953,0.19521670719127648
15.766098146994523,-7.427736324702622,14.146602476855382,14.094578518922969,-0.05202395793241266
-0.6850927777962781,0.9433325886520976,13.904456791332432,13.90829298811538,0.003836196782946999
19.79981240809815,-25.46729607895795,14.13924994892518,14.337668631023456,0.19841868209827673
7.412814239973478,-20.10659014653462,14.015977283130397,14.338274334288606,0.32229705115820906
4.150103756104947,-26.118185102848635,14.620972638327208,14.563799732413244,-0.057172905913963845
-30.41102221044725,2.1994056486610063,13.652097271568163,13.609270649901617,-0.042826621666545606
-26.527441271862834,9.70843497889809,13.723854361033023,13.730430429270086,0.006576068237063026
25.054716979615982,18.517630670754876,14.20948769134576,14.02239129689691,-0.18709639444885084
-9.652727136551555,14.681203507555594,13.709378241984911,13.913474631930445,0.20409638994553347
-20.443822246211653,4.205074933062598,13.635238480887349,13.736233587834644,0.10099510694729474
-10.81980780140303,14.772476358658295,13.706172998528674,13.912505385652429,0.206332387123755
-20.654529839343688,-6.554564567391125,13.639388166550077,13.603776904995637,-0.03561126155443972
22.09863812767719,-19.688644119106996,14.12049054025225,14.163784079372583,0.043293539120332625
-30.921881420440833,9.493390082567124,13.881976151331497,13.681585256769562,-0.20039089456193437
-30.505500636524523,30.03522290516411,13.950459137508172,13.904895196714973,-0.045563940793199365
12.730302544426067,-7.2681503684163715,14.124255817887734,14.05769944948388,-0.06655636840385348
19.95707009973723,16.448028847351416,14.239462182688268,13.981606494352237,-0.257855688336031
-24.7066897282512,2.053588451440902,13.659948854032848,13.668147057627007,0.00819820359415857
-8.684242530545916,-11.112674964715673,13.70712453668764,13.702986547242988,-0.00413798944465249
24.90449721266974,12.843752429132245,14.292404363627067,14.079072362853987,-0.21333200077308057
17.8551642652273,-7.388286393815278,14.159413024355132,14.120068599687096,-0.03934442466803567
31.55806556017575,24.879919343803593,14.078186204416163,14.036039755781667,-0.04214644863449557
16.280977004762335,-15.039484022498392,14.096012079608755,14.095144794228666,-0.0008672853800888447
12.770197615370776,-0.942506575200774,14.168696405170977,14.06292990350593,-0.10576650166504642
24.72869448297599,17.295039346034606,14.217712893895428,14.031025870755288,-0.18668702314013963
7.327618804103672,7.123305659409262,14.107579751633551,13.923846264562355,-0.18373348707119597
3.544365071160648,24.241320412410474,13.818116657353457,13.934695859995262,0.11657920264180532
26.016328028475364,-18.04835098430827,14.154589826081317,14.21304581948541,0.058455993404093576
28.02779554159715,29.66731496587075,13.979167742666096,13.96214040108276,-0.01702734158333641
18.674435311623583,25.20190214314148,14.085771260712376,13.949338049702327,-0.1364332110100488
-11.525694906684379,-11.34587625745479,13.657413440275853,13.638048719602354,-0.019364720673499036
16.553028853834462,-6.0474382451441855,14.160985858726612,14.10520446047225,-0.05578139825436246
30.805022527720276,-28.691650863195186,14.232716822498634,14.26535455808306,0.03263773558442473
-20.57052558434787,-10.928338645014769,13.61645799248006,13.547671081622966,-0.06878691085709399
6.893608910992938,18.561575539674173,13.986884626832191,13.932228859379647,-0.054655767452544524
-21.19589118560949,0.3961597473123035,13.650970239305913,13.687677605059747,0.036707365753834154
-3.7713799993428623,-24.17536643672561,14.336548731380393,14.303206709843348,-0.03334202153704524
9.012561274330515,13.858973042144711,14.1460254923021,13.929593513789438,-0.21643197851266116
-14.531320758880206,-15.481400775785303,13.62181993098765,13.56475692707251,-0.05706300391513963
18.457575839451053,27.702649358214643,14.0436813526788,13.951564119670273,-0.09211723300852626
-27.503054238527234,-13.38430680411384,13.773977867566689,13.761892538621991,-0.012085328944698048
-31.13814023964899,-21.559673325783095,13.806345120994465,13.838379759517299,0.03203463852283406
-13.195458848184565,-26.284343612438725,13.739626471514786,13.77026460586513,0.030638134350343904
16.370893850949372,7.6086101708940035,14.260485518230949,14.0290564764211,-0.23142904180984836
22.65375030751725,-13.218394513186027,14.165009970725762,14.174662804090564,0.00965283336480205
5.854097728155104,16.244282381305652,13.99509362321821,13.92904192462303,-0.06605169859517979
