x,y,source_reference_height_m,native_height_m,difference_m
-10.286861355834859,-6.211632919940179,79.95785970691153,79.96102855040674,0.0031688434952030775
-20.031647597615446,-3.3168529445482733,80.73062002188234,80.72213487142963,-0.008485150452713697
8.188229386262442,16.720211234426827,84.71170312242317,84.7110888318883,-0.0006142905348696104
1.3124926600730618,-0.18094883152345886,81.8509595744014,81.7861972191079,-0.06476235529349594
-13.44968046183304,-17.28140903309731,80.04719524782091,80.027593130509,-0.019602117311904976
6.6497893686412795,-28.99697292137823,78.56688688800119,78.51743295556237,-0.04945393243882279
-16.688210176673714,21.83967915187371,84.79222738184563,84.77669577991033,-0.015531601935308004
-26.239465816590396,29.694025137358878,86.00856769883453,85.96375101795051,-0.04481668088401136
-30.84400254020985,23.98483915840481,85.02137477152175,85.0713169237934,0.04994215227165455
7.679517903303925,-18.21381149617492,79.62180334354619,79.6363701625859,0.014566819039714574
22.778757932154107,-9.897621470090549,79.29984403086473,79.25604701734626,-0.04379701351847132
-2.8425557158610744,13.026850501734195,83.44969907344591,83.45063514894754,0.0009360755016274425
-10.5245007851249,22.837691278736692,84.82021796405192,84.84517599652575,0.024958032473833214
-31.954366232675056,17.35955199274931,84.06511486262414,84.07347673833075,0.008361875706611954
-22.81179507247723,14.367273306464305,83.34265660853885,83.29762589590771,-0.045030712631131564
-28.197976036391246,8.103707984489041,82.2389695417217,82.24523722508913,0.006267683367426002
9.897260587953689,-27.642489543654428,78.64048487290505,78.67840411550274,0.0379192425976953
-10.887431225584557,8.227785262916584,81.16992333051273,81.12116421694967,-0.04875911356306517
-16.578475864876488,0.7482906369157902,80.95816677746649,80.95789651681659,-0.00027026064989854603
25.74436981135174,-14.336408076074676,78.67390416343946,78.66530213009052,-0.008602033348935834
-19.215424649167446,3.5331412526143637,80.94065225561968,80.95194564105658,0.011293385436900394
-9.708911205077158,-0.580965989670176,79.39212143661442,79.39978194489075,0.007660508276330802
1.724131930798542,12.132004269627132,83.53098363173459,83.55420156712866,0.023217935394072242
2.019133773831996,13.090580511209552,83.81711603900509,83.79439171699511,-0.022724322009977982
-25.312491439720226,15.982609027612277,83.51229843857429,83.54028971401803,0.027991275443739028
-11.578806174449944,-28.340591455192595,77.94340322768515,77.94357044394297,0.00016721625782167848
-22.347282091662642,-1.2509144094685212,80.83093777039423,80.81807246217264,-0.012865308221591931
13.515639117865476,-14.059402713908156,80.61260269905465,80.60256780486817,-0.010034894186475185
-2.34044728459439,-6.151468686731228,80.18575464665562,80.1867883143739,0.0010336677182749554
-12.761682412435697,-26.51077508948797,78.98675842639943,78.97458693901413,-0.012171487385302271
11.723406049442602,-13.164159755538975,80.44307566148815,80.44011560528902,-0.0029600561991287577
15.146180097583887,25.18785751919077,86.36781547386914,86.40900834065842,0.04119286678927381
-23.306042792826155,26.121949459770143,85.14221728304949,85.14983669159038,0.007619408540890049
8.425322183185386,-30.40483071828651,78.3075204975445,78.32002273885534,0.0125022413108411
28.66187073091053,29.15681267778409,82.35081317986564,82.33521534512607,-0.015597834739565997
-9.982283438056008,20.958217062900893,84.62779639794252,84.6146771398207,-0.013119258121818689
-31.817171124190438,-29.486279419383372,77.63961763604449,77.63305269584866,-0.006564940195829649
-4.6405549067625245,-19.483480736395414,79.41503698058635,79.41075531546332,-0.004281665123031075
-11.878099607232457,-31.487733954392517,77.55065420412534,77.55049233142603,-0.00016187269930867387
22.033835833603824,-30.58695322596224,77.85112113330274,77.85155581390214,0.0004346805993975522
-23.292188578956818,11.728253347019688,82.17194369397795,82.16494752236598,-0.006996171611973523
3.7943054198160056,-2.867469413609811,81.5247544592005,81.53114923290327,0.006394773702780299
22.57131028213132,-24.657266220508788,77.43546716784094,77.42406582693486,-0.01140134090607603
-5.2678572678834,-17.68896462518645,79.44848714257662,79.46985853424964,0.021371391673014273
-5.224615823750199,21.040450420353956,84.49436581012274,84.52825527724652,0.033889467123771055
-4.929971596568514,-24.086828919584867,78.35126672384513,78.3457329412899,-0.005533782555232847
30.580597566801735,17.61430845944679,81.90112705672732,81.90346006839975,0.002333011672433827
26.060961124602066,-8.566035763502803,79.32295325071398,79.3294852164143,0.006531965700318665
-7.299915297953838,23.670554583511176,84.76815684959206,84.78551286019135,0.017356010599286265
-4.374997634615845,29.764486487739006,85.1349360007736,85.16894226344567,0.03400626267206519
10.115475607431037,16.30736996240728,84.7505567809343,84.69455011630572,-0.05600666462858328
-9.83144313417965,27.969769355448307,85.23944485530961,85.23864092287396,-0.000803932435658794
16.06211476635908,-24.15269179293299,78.73324369342642,78.73524637106657,0.002002677640149386
-6.69890489437455,5.816010752969262,79.77588463638361,79.77301442620825,-0.002870210175359489
-16.662949268075437,-22.376093842665178,78.30203161549126,78.25186120497959,-0.050170410511668706
-17.46549636413181,31.829358838144657,86.27216928296869,86.26327430669181,-0.008894976276877742
4.149454831306208,18.295253845134766,84.75765915636195,84.76404812168094,0.006388965318990358
1.1853791783126724,18.918878413705542,84.69734379575507,84.68564853154348,-0.011695264211596168
-17.622428977800496,22.63098479615349,84.8241663282872,84.82448597437761,0.0003196460904035803
-12.729964195607216,26.19653673820065,85.364121802564,85.41142933742562,0.04730753486161632
0.21337026215481814,-24.61439493391464,78.45735755648931,78.44610820364457,-0.011249352844743044
-4.677870408035204,-14.689726583703155,79.63943260659704,79.65644483313963,0.01701222654259027
13.450242295331833,-6.820065527427978,81.5590044225248,81.54244100684335,-0.01656341568144626
-3.0971117465825273,0.4650950803594682,80.74746878259407,80.74615900802041,-0.0013097745736558863
-25.53138127501505,-23.261060656680797,78.51779161035964,78.51301917679751,-0.004772433562123979
31.621521948308278,4.490886091018282,81.15505651021414,81.15506225717806,0.000005746963921637871
-12.131859703273726,28.42768056625514,85.58503143197422,85.5545527821479,-0.030478649826321202
21.22996422064233,31.144604504705676,86.41843245009284,86.38706615695112,-0.03136629314171557
-3.3783279426928488,-1.8183819106657921,80.19953164971429,80.20967836439245,0.01014671467815731
-28.397460668041525,25.96398048153126,84.88279152739867,84.88662193200325,0.003830404604585169
-27.745978473441497,20.025292381247098,84.5635254404099,84.55442293660691,-0.009102503802992601
-13.194452776543102,-20.328657904818343,79.84922849010114,79.84079427181575,-0.008434218285387374
-18.84197462620409,-16.141864255045782,79.90285402541765,79.88291777751202,-0.01993624790563331
16.804171277796883,2.457488003870182,82.42408764634925,82.46863314426588,0.044545497916629984
-6.767664761009193,-27.476121834471968,78.23570499626662,78.21527719595693,-0.02042780030969027
-29.48754374630652,-9.230645000315945,80.18658268949369,80.15768981666548,-0.028892872828208738
2.3518826932284966,4.286078956743246,82.19146045894604,82.205823232022,0.014362773075959012
-2.2722379542996762,-11.972386937112297,79.28156926395522,79.27656805638313,-0.005001207572092881
1.3823304740842985,10.854625370656663,83.13992939855234,83.13326676586823,-0.006662632684111713
13.31324180384518,6.220059471555544,82.94377141904876,82.93200049865648,-0.011770920392280004
11.020773563694057,0.6430654913352996,82.0625362475364,82.03929859451998,-0.02323765301642311
6.6286120650808655,31.325956028842647,87.1794161130307,87.16620008943481,-0.013216023595887805
11.484533918826806,-28.59654643791012,78.63078467294662,78.6648592123313,0.03407453938467597
21.199006271677547,25.706439629132,86.2693844650109,86.25588601024063,-0.01349845477027145
-30.23583151943358,27.815873136335043,85.8351832808778,85.81993018870618,-0.015253092171619187
-2.6938403597829605,21.109802556365636,84.64277445700601,84.64316075495346,0.0003862979474433814
27.850092214421807,21.8742519210902,82.16654520146983,82.16630096594908,-0.00024423552075347743
14.774596880221871,-0.4671836057566807,82.34643597490592,82.33169006443117,-0.01474591047474405
30.266631761770583,-13.488669426907684,78.60674238908612,78.62607182820469,0.01932943911856455
-4.009993329662201,8.147476794262559,81.15977250973845,81.16451994566631,0.004747435927868082
-16.6641040053431,8.780265274857229,80.98042979074596,80.98145146645737,0.0010216757114136499
-17.823553575951756,18.783255514517734,83.65914044213405,83.71435043516475,0.055209993030700844
-18.05260754518836,27.6571508523164,85.05676198938394,85.06132291044108,0.004560921057134237
-15.448451380524872,-11.980793949354627,80.2203754814294,80.22632816051771,0.005952679088309765
-4.726376477942409,21.228439573496296,84.53684340043814,84.5542874607799,0.017444060341759382
17.57822741430988,21.357742822408667,85.99148527732461,85.95874414767786,-0.03274112964675169
-31.21134701930962,-9.497809931728497,79.95812675271287,80.01160520282055,0.05347845010767571
8.242628576560577,-17.790069734328178,79.66591190809442,79.67757178086602,0.011659872771602409
-12.227745377146206,27.62418077477718,85.46580720961663,85.4836179249367,0.01781071532006706
8.971395441183475,-2.9506069009826987,81.45915263483155,81.4592735358203,0.00012090098874750765
-31.446139798467833,12.93752968852479,83.38444562122501,83.398499011979,0.01405339075398615
-13.94427632802983,-2.276470389703107,80.70926510784281,80.72329356241117,0.014028454568361326
1.8401679677497,1.0163628679159444,81.9134628182759,81.90689527517073,-0.006567543105177265
13.815499305140534,-15.342572716582104,80.16946695887691,80.1726665699799,0.0031996111029855
10.785981736558888,12.141813431380648,83.92561741635687,83.93292732171692,0.007309905360045832
25.74979610100393,-10.235329748906317,79.10245762824354,79.10227986442999,-0.00017776381355361082
-23.757577541301444,-1.9282848210194032,80.71282007157666,80.69034587662385,-0.02247419495280667
12.963541342216153,19.544311597683183,85.06407693542562,85.09822501607545,0.034148080649828216
19.386712157858298,1.3173254065407818,82.32004595133367,82.319350165287,-0.0006957860466627608
27.767193059052914,-25.86691473725414,77.00487914376617,76.99662950181741,-0.00824964194876543
25.813845987992828,-4.568073118752871,80.16213938076393,80.17733794875905,0.015198567995113876
8.132607805507384,11.094246364838021,83.74541191339901,83.73716430375796,-0.008247609641045983
-19.221221068197885,-24.206077973055308,77.90770410628484,77.95622643696584,0.04852233068099565
30.403404343650656,-22.998025812208887,77.42648397106848,77.50604028253458,0.07955631146610642
29.45287382983021,-23.40525642195786,77.4172687890683,77.45173434298135,0.034465553913051394
6.097342259842641,-22.651309249787047,79.22181814316572,79.21373468116435,-0.008083462001366115
-8.679935676659667,15.581244641616514,83.64369961835847,83.66670502896987,0.02300541061140393
-23.808554901187136,-30.123382491931082,77.71814682808541,77.74047749201095,0.02233066392554406
6.2211732330982485,-2.257948201708082,81.54647074883421,81.58942874532354,0.04295799648933496
-15.21509694367736,-23.568664283086143,78.71639047864849,78.72048387864514,0.0040933999966483725
25.58708828617948,22.26516298573435,82.57275166147684,82.5878522448838,0.015100583406962187
11.706902817377951,-14.447528478077324,80.23569223132726,80.26333139365913,0.02763916233186592
-0.260025602515249,-4.776383913667189,81.28184226869887,81.27061616264263,-0.011226106056241747
8.131611020074466,1.1514700688491786,82.02158616944021,82.02445302577617,0.0028668563359559585
22.39793015904256,14.748402193458972,84.03130684894431,84.08919044784841,0.05788359890409822
-4.42808727263332,28.593337675622614,85.09500134050789,85.10018147149815,0.0051801309902543835
21.630141158778613,12.648595963327637,84.77766775140839,84.79196238084648,0.014294629438097672
12.505994459470692,-5.009229941269297,81.44760579054338,81.52436262183146,0.07675683128807975
-20.770575208193925,6.937658793334634,80.96013914826948,80.96278982413595,0.002650675866476604
-21.611555121290102,-13.335605101494515,80.15885953800391,80.14292223472181,-0.015937303282100856
16.940311451933695,-2.9062382026333395,82.18071590386721,82.16544186653167,-0.015274037335544222
20.776248174156237,-22.80401716238041,77.45573336872147,77.45588460141515,0.00015123269368189085
28.029400890198296,5.731509001877967,81.48110097000173,81.48081341338919,-0.000287556612548201
-7.822337283514344,9.334692406122798,81.10085203542964,81.1290543281774,0.02820229274776409
-7.8949892977671965,13.088801066893573,83.30188446505763,83.30171478948743,-0.00016967557019142987
17.35543827941212,22.489269850438234,86.27519662490032,86.2554814935226,-0.019715131377722628
5.8638713860202145,10.688190262569485,83.59334591170457,83.59925047147271,0.005904559768140416
4.904612472515417,31.94667652189944,87.34300161690385,87.30609509788394,-0.036906519019908046
-13.836032135361044,6.863726445639443,81.00641760967403,81.01506869026596,0.008651080591931759
-24.954102609349448,21.793821762736442,84.65177115560121,84.67359857783164,0.021827422230430216
29.27829377938356,3.2444569174878595,81.00647783138565,81.02202002083281,0.015542189447160126
-11.296962623642457,8.67875825871377,81.38910439245214,81.42722243130825,0.03811803885611198
-18.02175273422843,-6.47825706688112,80.44801100536023,80.4602752507657,0.012264245405475549
-30.493565337485492,6.348174241349341,82.04374043449506,82.04827382683465,0.00453339233958161
-18.289374113474565,-27.771753110958564,77.56988596359453,77.57100982556584,0.0011238619713083153
14.102849856450327,-20.85085183017278,79.2441602889874,79.2352849992798,-0.008875289707603429
28.66848727640992,-27.320434083664615,77.07586322799176,77.07025006367535,-0.005613164316415009
-22.521169935155108,-29.743990723779554,77.546327949103,77.56470030977361,0.018372360670610988
-31.853656481636484,-2.600016457303745,80.426323407435,80.40767761676298,-0.018645790672024987
17.429867758229776,14.293172832685663,84.70784676664019,84.76002351889322,0.05217675225303253
-2.853404216300035,2.5965692969118095,80.9486614407348,80.94883690186215,0.0001754611273554474
-2.307216343728278,-11.650440269503044,79.26850835807105,79.21875338949351,-0.049754968577531145
13.087560764855837,17.883169600925008,84.98248061863121,84.98416626178327,0.0016856431520579918
16.79455348087913,2.097629194570068,82.41726842270374,82.45920063333487,0.041932210631131284
15.223310085400072,17.938411853731374,85.08896993974592,85.0786018435914,-0.010368096154522277
3.509162970162947,-26.834582551671083,78.72697316327742,78.68100567387387,-0.045967489403551554
30.62267370861956,9.461104463984263,81.61203792653927,81.60192107709881,-0.010116849440464648
30.82071967644098,-25.604709694353446,77.11344716528636,77.11060816855701,-0.0028389967293520613
6.880902074327757,7.896903759762175,83.10597905805204,83.10486787459185,-0.00111118346019623
30.489358824153115,-15.152406443824844,78.48266200381133,78.49494488598633,0.012282882175000509
7.292677294642665,-31.77688594851078,78.13772135636503,78.14317381739343,0.005452461028397693
16.86499938425473,-7.891196623522731,82.22893701690046,82.16334482612099,-0.0655921907794692
15.387853064802755,24.175001081159976,86.34030685771806,86.31125280928109,-0.029054048436975677
18.476500944040225,4.024224695687813,82.53645628723189,82.54497672699131,0.008520439759422516
-5.814397254354915,-24.796281670431142,78.31301665535004,78.32202898291776,0.009012327567717193
-31.383681295277448,-23.186740353201458,78.34899897117641,78.34187901824423,-0.0071199529321859245
5.498055818395713,-6.007104072581647,81.10965945761343,81.1294407842491,0.01978132663566612
-22.962839076005388,28.943408565154733,85.71678548449287,85.71631703972204,-0.000468444770831411
17.323276950391566,5.341492417718328,82.88432735372434,82.88399306923982,-0.0003342844845235504
17.71454764013655,-10.794428433713165,80.72931658900475,80.74916900371616,0.019852414711408528
23.4479912049497,18.93914388117406,83.37883753294415,83.3754229863209,-0.003414546623247361
19.311776517113053,26.24648218079252,86.39106244231914,86.41423097371991,0.023168531400770576
28.460153612260356,-15.170240126408956,78.55831219946974,78.56301751559047,0.004705316120734437
22.61518872182109,-17.032068888442055,78.49245413644272,78.49109302830617,-0.0013611081365496602
13.677545031839962,-27.598345843952764,78.71446495219807,78.70040902703195,-0.014055925166118755
30.10165737260983,5.596009192902962,81.39267347237875,81.39191794664309,-0.0007555257356557377
-9.05717276297981,-15.656170264799009,79.90730646527597,79.90900021030792,0.0016937450319574054
25.634015207616656,-20.186569905981877,77.9077340537535,77.90948667269885,0.0017526189453462848
18.84734434383771,-18.3321886420442,78.70941235423729,78.71074979541201,0.0013374411747264503
-31.955826044469582,-12.880625213324755,79.57583464669855,79.55338001114724,-0.022454635551312663
-19.639429155740288,-2.235597135576171,80.89621575989676,80.87796292374351,-0.018252836153251906
-24.263090330356995,31.21660242135526,86.15194962766826,86.17955969055981,0.02761006289155432
16.103568035165146,2.1783850096049875,82.4201885891392,82.48176165606215,0.061573066922946396
8.099125633154948,-3.954700546194225,81.32160211254131,81.31996545708898,-0.0016366554523301602
13.369921780001043,-17.833114400789626,79.77036063294793,79.75686021068012,-0.013500422267810563
-2.163655749521716,-16.10140527358506,79.59674599578373,79.60404081265328,0.007294816869546139
28.945990844090886,29.777801236570284,82.31104227776845,82.30693302083007,-0.0041092569383778255
-21.744173462024555,13.46199257741786,82.66730380346229,82.6850770480273,0.017773244565006507
-15.123672255635661,-1.7332493348973514,80.8074895006485,80.82834001802527,0.020850517376771904
19.11549018334867,-29.332746276733168,78.28633022908681,78.2918315274162,0.005501298329392057
5.230226861172703,-18.40822943431992,79.65812655188866,79.65338598593354,-0.004740565955117404
-1.7639578002208225,26.06733752811852,84.97663578048983,84.98063966828873,0.004003887798901928
8.995122213743187,20.445222076372076,85.46321063133908,85.42408951678999,-0.03912111454908995
21.052154823077437,-5.474353807959403,82.04142542748423,82.0408008395149,-0.0006245879693267398
-4.422246007922169,17.4223009669074,84.09858338354233,84.1672052465885,0.06862186304616102
4.19107813420537,-18.13203488379571,79.63223517809092,79.67035101306595,0.03811583497503079
19.69119845239817,31.5177739897063,86.95160965454038,86.94956426304768,-0.0020453914927003325
-4.809615689032839,-18.01205470150537,79.4147105677861,79.46936342472148,0.0546528569353768
25.832929909757205,-11.12389196030098,78.99368863890409,78.99309328240135,-0.0005953565027425611
-7.476675078575553,-23.415664079590016,78.4062577196209,78.41284942298658,0.00659170336568593
-30.628759716268718,4.932849033577611,81.86099440363706,81.84257375109163,-0.018420652545430016
15.978172155004842,16.715531266973578,85.04913967108268,85.0381674611841,-0.010972209898582719
24.12625452062833,-12.06405062897533,78.91835587477489,78.91932280608995,0.0009669313150624248
-7.826146497928207,15.418896623435344,83.69665296866621,83.73254804926896,0.03589508060274227
28.97033642247351,29.141025899782058,82.33730331220806,82.32141424170368,-0.015889070504385927
-27.79462145125118,31.686764586518166,86.79703081849179,86.79773931979364,0.0007085013018439668
19.228949713664456,-2.841695221007555,82.25819515457708,82.26479581834967,0.006600663772587723
28.181897054806974,27.10041244059955,82.33650651957281,82.33402214362735,-0.002484375945456918
-28.144798084113695,-22.43679590489264,78.58769303273743,78.58168283179715,-0.006010200940281152
-17.080891760220396,14.50581166530938,82.42950428768677,82.4525407793325,0.023036491645726187
-24.416477976539234,-23.497970710617437,78.56170568341174,78.56916821652331,0.007462533111564085
10.099861904895135,17.50435800313454,84.83070412400342,84.82151105895511,-0.009193065048307858
-0.5925365467602504,-25.60716839486107,78.32856992061797,78.32408224261343,-0.004487678004537088
18.45798223972963,-31.260879075469703,78.21218833264516,78.18479065188919,-0.027397680755967713
30.5148630557169,-15.155094601098028,78.48165228020054,78.49393091932262,0.012278639122087043
13.197272067355556,-11.863719942893184,80.69208561639796,80.66304290191123,-0.02904271448673512
25.651181568846873,10.305470075275707,81.98109368976961,82.00416766463154,0.02307397486192997
-31.566603870416493,14.668172640289768,83.73171874779129,83.6873799216431,-0.0443388261481914
29.332052139752506,10.738740838121217,81.7345159269965,81.72600342495598,-0.008512502040517234
15.27023694481187,18.289866453837398,85.0982268764445,85.11493745118098,0.016710574736478634
-8.102428288091424,19.64942939271159,84.36110286005203,84.35868183484092,-0.002421025211106098
11.163086696046506,24.176742922272062,86.38651465282622,86.36980637730089,-0.016708275525331828
-10.641406943815554,24.5360647676955,84.97646944109748,85.04150814530055,0.06503870420307578
-14.393694331888803,22.668152792699857,85.10519423824852,85.08358096148613,-0.02161327676238045
-0.36445643308417885,-7.475712567622573,80.78587832762592,80.78022528342031,-0.005653044205615743
-9.780388554891388,-0.777592789938069,79.42434511895901,79.44243776864039,0.018092649681378248
-23.108558827622588,6.539179106997274,81.01225982464892,81.0391550316902,0.026895207041278013
-14.592592052696865,-8.105047222268531,80.3746540586161,80.34986572707803,-0.024788331538076136
26.072622198679248,-9.75265491556938,79.15507432224857,79.16373606743203,0.008661745183459857
-19.051347426641975,-7.928466728239762,80.33472852566646,80.32784003154985,-0.0068884941166089675
-30.891560769118215,-0.07516467532472149,81.2825451016915,81.2861908163475,0.0036457146560024967
9.583282876118986,4.101323898880416,82.43108841860204,82.3973628454316,-0.03372557317044311
-14.974708488472025,-28.17453937362913,77.70650191532104,77.70681386303212,0.0003119477110828939
-6.289147503563235,-12.0544737018187,78.91083055278943,78.91222312756443,0.0013925747749965467
1.1812589268209166,19.67158960509883,84.83973738159746,84.80036868037345,-0.039368701224006486
-13.661275567755595,24.166368793303995,85.23770334573311,85.24026720755487,0.0025638618217556086
-6.076400002168164,-28.89803536746841,78.15539414009137,78.1247410300657,-0.03065311002566773
-0.7134872334193929,21.015496562388726,84.82962069842338,84.79804113526482,-0.0315795631585587
-25.75537872591319,-5.060261107479306,80.3807737991335,80.38872224124134,0.007948442107846176
15.010210810636785,-17.47226361785126,79.71718376906823,79.69883736896602,-0.01834640010220312
-8.151486417520239,-23.400718457221892,78.48888257438914,78.51081594602555,0.021933371636407628
-18.851090569624567,-18.901636554409862,79.37626820745614,79.37693377767161,0.0006655702154745313
-3.031347936865423,6.08662225306184,80.91170927238727,80.91257050715755,0.0008612347702836587
-29.581258451641432,-16.470705085566983,79.00906885626074,79.06162959153599,0.05256073527525018
9.982526503682955,30.422584842909473,86.85305608617801,86.84357980326789,-0.009476282910128475
29.34793451921005,22.276940057815033,82.09752601080461,82.0996117623749,0.0020857515702914498
-8.38931788502655,-19.738828590881553,79.60764274346653,79.60080594906456,-0.00683679440196272
-12.848011837596573,21.55769282562354,84.8795113771884,84.91421500793851,0.03470363075011562
26.293991820032524,-4.936063488345205,79.99380253685794,79.99940785773961,0.00560532088167065
17.409204184935632,-21.249126321073945,78.65572714996156,78.67858032408807,0.022853174126510112
-11.793515991547395,-12.757214646084272,80.20459541295195,80.20834884397823,0.003753431026282783
27.511508985365417,1.0909155496361294,80.67887803039453,80.71482826194459,0.03595023155006061
-30.37788865000875,21.300834960400024,84.68171298761413,84.66239387696731,-0.019319110646819126
28.050214168192618,30.72349921055303,82.33104372023578,82.33437377590867,0.003330055672890353
14.988745658049773,18.022735425201333,85.09081052608737,85.07824721737688,-0.012563308710483057
-20.666966237229722,-25.05308124848728,78.02944664827677,78.01205161845068,-0.017395029826090536
-31.84400573846319,28.03219555533733,86.20724941441514,86.20746961338726,0.00022019897211578154
-24.017537925172228,-30.619158527063618,77.72302713290836,77.74968698997615,0.026659857067798498
30.40519788853222,-2.3736369729419025,80.2043476198374,80.21439070475037,0.010043084912965128
-23.745415262983556,-20.457570548231963,78.72488100498637,78.72326911666826,-0.0016118883181093224
25.39057216951756,-4.616381660111102,80.15380125979699,80.19799621610792,0.04419495631093184
1.7669870054706323,17.049401731300556,84.41232724191607,84.43252373285732,0.020196490941245315
-7.124661101438058,30.45678199116759,85.16475142428357,85.16481764120944,0.00006621692587316375
-25.938029617504284,-2.86413541918197,80.54026298132608,80.54486206466673,0.004599083340650623
-22.473418041664935,-16.692215142728124,79.42598151862576,79.439635934273,0.013654415647238238
17.959594096947967,-30.6425678489568,78.32815264546237,78.30323620546535,-0.024916439997014095
9.337817211653942,-10.47132176600541,80.58583336559072,80.5833657242504,-0.0024676413403170727
-2.6410097109565953,6.271481535852544,81.04438282749493,81.04485280083424,0.00046997333930676177
-12.464495175677833,7.457751108329582,81.0340398382511,81.08533910714566,0.05129926889455305
-7.486551080046176,1.6163544565202486,79.44877295631532,79.42713440221705,-0.0216385540982742
-12.071516899787312,-25.45535472321197,79.69779466241263,79.7004318745383,0.0026372121256628134
29.192949393333755,-11.434589291802986,78.8881194436281,78.87929497488066,-0.008824468747434366
-13.298237068903262,21.852314895859244,84.94016794052564,84.94778155463906,0.007613614113424205
-3.4086770694661084,-9.03111122120498,79.40962429128064,79.40964371687157,0.00001942559093492946
-26.29300999393007,16.02867896940024,83.45719779701729,83.45541852949881,-0.0017792675184722384
-21.9874695528811,-29.30412261301211,77.50197160539506,77.50392007888905,0.0019484734939965165
26.856820668018848,2.384295037420685,80.92403498090003,80.93117778107155,0.0071428001715219125
5.150319503845182,29.84469089399434,86.88955834800596,86.88459658121627,-0.004961766789691069
21.424890829910396,-15.94049735732451,78.75198258313777,78.78219142260257,0.030208839464791026
16.717705109510284,-3.156132187496837,82.15156573782961,82.14857581104857,-0.002989926781040708
9.12974913368884,15.12473403090518,84.4599788077558,84.48267968412611,0.022700876370308265
2.575022319811197,7.922026783692317,82.58605036277973,82.61508201569644,0.02903165291671428
22.754762839453242,-16.91970913298956,78.51009647215739,78.50835425999506,-0.0017422121623269504
19.201828226345853,-17.72149260894868,78.78079885279526,78.78072052291505,-0.00007832988021050369
21.036015507249573,4.709420811089238,81.93513285935234,81.94947942479735,0.014346565445009674
-17.652988658610518,-18.393824393294842,79.58006016694713,79.55726408871885,-0.022796078228282113
10.423740776947213,24.800521179184685,86.56992505177557,86.56671601347429,-0.0032090383012786106
-26.74276285127292,-7.822059299576843,80.27171674242092,80.2692834495616,-0.002433292859322478
5.039092595073974,-1.6194610636233122,81.67199199090707,81.6873935129334,0.015401522026323278
30.0982124888044,-11.307300050738185,78.94107616465452,78.9859395544204,0.04486338976587945
16.5986684814025,-11.332498231761228,80.81271268638969,80.82842952159085,0.01571683520116096
-14.327908577812629,-1.2906216525005831,80.80392969913035,80.79098818104983,-0.012941518080523906
-4.364727600809097,-26.0076198230702,78.24897881982159,78.24267747274945,-0.006301347072138697
-21.707438357797052,2.5683604759226384,80.96758463221711,80.97834115793802,0.010756525720907462
15.240216779980464,-22.10625519735207,79.00566919112023,78.98238685376457,-0.023282337355666982
18.07026036698968,29.016633854550626,86.95724791369233,86.95746487160865,0.00021695791632225792
17.313227866027944,-30.611054934121903,78.3810125409027,78.35602990087455,-0.02498264002815631
19.597716985547116,2.273852366946585,82.23975104296916,82.21323204473563,-0.026518998233527213
5.897861912979501,-17.100915452958617,79.8219959314918,79.8139542757537,-0.00804165573809712
-5.965384368476478,13.698135658522688,83.51381722471966,83.48859484869058,-0.02522237602907751
-8.837461453974768,-14.638000383442517,79.820699927523,79.82215108104825,0.00145115352525238
29.47688979454923,-16.101269477184466,78.49199213367325,78.48701276268064,-0.004979370992614918
5.571123342966146,22.76895056656396,85.5959718409581,85.59607296439448,0.00010112343638013499
14.040976385641017,-6.758271327419017,81.75223228465515,81.72246410584742,-0.029768178807728418
-29.013680333873367,-27.387243235932786,77.79378202436996,77.80640773769925,0.012625713329285304
-6.386946441524657,5.392695484245962,79.87534978603642,79.86663064847967,-0.008719137556752798
-21.19675793094556,10.28774730798446,81.02650282837749,81.04015210814259,0.013649279765104438
17.199502300450533,30.133978064497178,87.22428505532334,87.19396918499125,-0.030315870332088934
1.1201609485119945,-17.97620398070371,79.5053989181602,79.48591695901654,-0.019481959143661243
0.02339622408666031,8.502888027051576,82.23609085668524,82.24710643724852,0.011015580563281446
-11.492172836622778,26.531775324757525,85.27981281484327,85.29731731732714,0.017504502483873807
-9.746477664993918,-23.757864114316675,79.41909288934617,79.36509543037853,-0.0539974589676433
10.40232508615695,13.8371138072892,84.30021400687146,84.29710200327402,-0.0031120035974367966
18.461837309426727,-18.557174770430912,78.73616728555139,78.74558614491937,0.009418859367983146
1.6812097864461748,26.07101783695233,85.30075375656936,85.3151546477986,0.014400891229229273
-8.879801944442562,27.68175403840644,85.1608410645756,85.154126487328,-0.006714577247606712
-0.27097084273950145,28.917555881243146,85.09730256856032,85.11846430083949,0.021161732279168177
-16.09263943611849,13.102572436075086,82.10644305373384,82.11382836349037,0.007385309756529068
-29.39106459550142,8.568124734472903,82.36702569390825,82.38762789335287,0.020602199444624603
30.985487636006354,28.159832187584335,82.25837776024053,82.25629161275798,-0.0020861474825579762
0.08192297192680797,-18.895591929705525,79.43192021138397,79.35069381548574,-0.08122639589822711
-29.761229850729727,1.958968123524805,81.54464858564148,81.54074209951504,-0.00390648612643929
-17.402961613757384,-27.622240300151745,77.59727279451502,77.59803138892829,0.0007585944132699751
-28.829750389129025,20.67666729674103,84.6925580484913,84.6242618444009,-0.0682962040904016
-16.65803801909918,-7.976645483618547,80.34031901517447,80.3459008568779,0.005581841703431678
-11.213342132020735,8.009769420428896,81.08880415983059,81.0321430607296,-0.056661099100992374
-9.373228210750746,27.547911689513832,85.18729116653475,85.17614251403779,-0.011148652496956402
9.004331517508085,14.96345549994983,84.41699247568626,84.45139798657924,0.03440551089298083
14.17111932147894,19.680083288007154,85.10171319728926,85.09917853358529,-0.0025346637039689313
19.260089293359897,20.43393402789897,85.50625434055529,85.51455996994969,0.008305629394399716
-15.51663538486956,9.122481322624374,81.03347201618763,81.02861464878072,-0.004857367406913227
4.012913850788159,4.009709170806829,82.43989774000582,82.43953174060836,-0.00036599939745940446
-27.082408245362096,-19.970536129379504,78.82398278136608,78.79651081159786,-0.027471969768228632
-0.9811222834888795,9.101651579680407,82.29961628683503,82.29818299314091,-0.0014332936941201524
19.86243371125036,16.82764143681421,84.99483571176678,84.93185980986827,-0.06297590189851121
30.528007364003066,17.385955764079753,81.89537625088084,81.8964176198004,0.0010413689195587494
23.768528165803133,-17.100644897815656,78.46559979837133,78.46204759210423,-0.003552206267102065
-9.4846042797518,27.626031826261745,85.19905121760947,85.1894534539673,-0.00959776364216225
17.84192752460362,10.134463692463676,83.93738051611956,83.92343555225958,-0.013944963859984227
-21.588807705502084,-10.106120109138942,80.25239149384696,80.25803808944214,0.00564659559518077
23.124412692858733,-10.86549385860058,79.10237138368122,79.11400042387923,0.011629040198016583
-14.095171313481934,-7.509883688639562,80.39033668044301,80.39521968028036,0.004882999837349189
-17.30697110779056,-19.84054993434421,79.36316125425306,79.34825444259715,-0.014906811655905017
13.900110287926871,-16.416954286107682,79.91556220033101,79.90381614998225,-0.011746050348762083
-5.388980669589557,-21.968210363139313,78.63946112715072,78.6260369440301,-0.01342418312061966
-4.137993596533924,-23.499631027317207,78.38498830817092,78.39519278384573,0.01020447567481142
-4.255145429628641,-26.47292481053438,78.22375497820717,78.21715802681351,-0.006596951393660788
-8.382828065302647,17.981493562847007,84.24938427657614,84.23452603682112,-0.014858239755014324
2.4717472222021115,-29.866825035397746,78.24967059536336,78.22359249679627,-0.02607809856708343
-20.511089687568962,-26.698470498552723,77.62275902676394,77.58983394886863,-0.03292507789531385
18.099943834165423,27.867386441031144,86.6450844602627,86.64135209141153,-0.0037323688511605724
16.760086430939253,7.927108482321586,83.38681022085764,83.41635308360173,0.029542862744094123
28.25647298665497,-26.05577576700344,76.97415756684735,76.96646483626542,-0.0076927305819367575
-18.12249815077297,-13.833956222535974,80.302825717979,80.30747788694275,0.00465216896374443
-6.759012985286589,-11.129270378837454,78.61296337131859,78.6127652220104,-0.00019814930818995435
-18.18409194580861,-30.54994832467314,77.42807700777396,77.42149355651267,-0.006583451261292339
4.533435420200384,29.362754618553026,86.7910559564617,86.79001106762927,-0.0010448888324390282
16.61993434060976,1.2297449246164547,82.41206559659537,82.44091814958836,0.028852552992987057
17.70322139305538,22.64206189549011,86.26762584868759,86.25539449059248,-0.012231358095107225
27.979041440454097,0.5462673741615447,80.59172893592572,80.62133117632666,0.02960224040094772
-26.196023505129254,-9.743742188864886,80.26920237596272,80.26650189567921,-0.002700480283508
-22.43184833437701,11.770006247492702,81.77758545303107,81.75293812379347,-0.024647329237595272
-8.237938557056594,-5.795064386598057,79.00486661763327,78.98284290549164,-0.02202371214163179
23.369522524744923,-23.464788432840813,77.33235903201737,77.34295031335675,0.010591281339387137
-31.065207416710834,26.042551104525636,85.32857556151343,85.37103430039892,0.042458738885486014
-9.18496113137602,17.5462577999101,84.12776981939831,84.12075306766566,-0.007016751732649595
26.42809253212951,-7.136726770759722,79.67426480891368,79.6359129317443,-0.038351877169375825
-14.080762452367097,-7.251854543850094,80.40507725329067,80.4093835710995,0.004306317808826066
-24.494055870236167,22.375623903744604,84.65244740243715,84.68731684443685,0.0348694419997031
27.074597806666922,22.17217970719914,82.1954806516076,82.19134673078865,-0.004133920818944148
-9.779909279174504,9.186293021484914,81.51904439445902,81.50754947410357,-0.01149492035544597
0.8348349201890315,-31.252461921103944,77.8684520544065,77.87994290981605,0.011490855409547862
-7.872762605148331,15.54167120794515,83.7240477885119,83.75392213319932,0.029874344687428334
-29.619432598336743,-29.811564475257434,77.639703963876,77.64931377120406,0.009609807328061493
-26.538932361170936,-13.063086032181168,79.91334418144154,79.9022678484782,-0.011076332963341429
-22.420189742167437,-11.345555535507643,80.28503844549228,80.27338199105623,-0.011656454436050012
-23.248400426581597,-18.273301513262297,79.04889809512255,79.1028501111516,0.05395201602904365
28.225076574605275,19.631666437057753,82.1237369161725,82.12385470908816,0.00011779291565972017
3.5695256950789656,-11.101733903397474,80.55169323710656,80.55042383622377,-0.0012694008827907055
23.808788972503585,4.539781765345673,81.41605261550191,81.41437727608421,-0.0016753394177015934
-1.7754250905279605,30.558452090293926,85.15147410874646,85.14399216874229,-0.007481940004169019
31.386621862545688,-1.7747732495689377,80.25428968816964,80.26651083251846,0.012221144348828261
16.889406819044268,10.176388700273755,83.92777648008894,83.88816708628934,-0.03960939379959427
17.69787980556579,-17.274789509786935,79.23391203195634,79.23069802219352,-0.003214009762814385
15.763207069836149,-28.393112512313515,78.5189062920967,78.48767528571845,-0.03123100637824905
14.352489057196124,10.678536123131934,83.93718000789245,83.94413277160082,0.006952763708369503
-5.14782024514507,-8.098889074303493,78.73197152070551,78.73241990856854,0.00044838786303103007
23.991052413358183,25.56615464912815,85.00480727437915,85.00424070438703,-0.0005665699921166834
-21.00256521695932,0.6914757684444481,81.03205764213826,81.04511416482659,0.013056522688330574
4.855343452807176,-21.82020855427988,79.23209755327294,79.24096601021608,0.008868456943147862
-5.101085900089892,-11.516665146309485,78.8843164486999,78.88452089288658,0.00020444418667864284
-28.996946142112776,29.019679487541495,86.14044089176576,86.12330423186474,-0.017136659901026974
-14.272274632687385,-14.191798264488774,80.24029270944217,80.22634588961874,-0.013946819823431156
-28.45767565054375,-15.586913860345959,79.25328911306677,79.25108157377677,-0.0022075392899978397
-5.879910569291091,-10.961194961002931,78.66364050543683,78.66312516058314,-0.0005153448536958649
-30.17369285017736,11.724256844099997,83.06391847652054,83.00489224094855,-0.05902623557199149
-22.116621258775332,-7.097753301033599,80.33832051500012,80.3748831548216,0.03656263982148289
-24.988721975053103,-24.915665544365346,78.12972665545182,78.15988021595493,0.030153560503109134
28.58460322295163,-4.290292439044428,80.02342110697934,80.02655366639685,0.0031325594175086735
-19.890085311286448,5.102301973342271,80.95379719819047,80.95541174227286,0.00161454408238626
3.8414494677684488,-16.052295395261396,79.93498442549772,79.9362862330153,0.0013018075175779131
-6.242316496650361,28.393986445491144,85.09931222881356,85.11248096677849,0.01316873796493212
7.03137869950428,29.520282127575825,86.87402075436914,86.80982934644732,-0.06419140792182532
16.50763637525936,8.86413217465249,83.64941273947417,83.61054199721436,-0.03887074225981735
-14.968088009766653,-26.107738146853798,78.82128550574818,78.8220866811262,0.000801175378015273
18.492799926120014,27.21752872032362,86.51171510651685,86.52691572352008,0.015200617003230832
-21.69555109625753,-14.432089202406395,79.92930218809109,79.94288178923253,0.013579601141444186
-22.158223947789686,7.105623171512285,80.97401102344371,80.96912370858938,-0.004887314854329361
-28.55816256596735,22.787565064661344,84.90605911845944,84.87272411409825,-0.03333500436119152
-18.264014733698552,-5.829868367414086,80.50670228754396,80.51233397995185,0.005631692407888522
20.15334071975738,-9.861520842801745,80.14154634591011,80.1549231530566,0.013376807146485703
-11.767105084359976,20.431045853747506,84.75459142036664,84.77568671393475,0.02109529356810924
26.29959582013599,-2.180710977994835,80.68638848210719,80.68817525577522,0.0017867736680301505
-19.208682587506686,11.39712701880699,81.26730219242705,81.26139350487364,-0.005908687553414893
-24.3230407275926,31.45245054530318,86.20123915724925,86.2220798859865,0.020840728737255176
23.62634174606753,-25.057264956615946,77.3563322597641,77.35631268671187,-0.000019573052227883636
19.675854292857387,22.14345651041235,86.08090526675247,86.05155575984556,-0.02934950690691096
25.433305336921016,20.61173170993567,82.59395035546518,82.60632542530956,0.012375069844381414
-0.9814367926242156,3.7634771831477636,81.53678234939244,81.5357612535952,-0.0010210957972418555
10.526074866187479,-31.376526808000584,78.27040352948548,78.32699950632933,0.05659597684385176
-10.727128235405026,-19.333863036041237,79.78799573429376,79.79817582999804,0.010180095704285463
19.7536594849877,10.110000686451365,84.04201412926312,84.05444828838802,0.01243415912489354
10.644603069896782,16.531939409285407,84.78807001153807,84.73592873005464,-0.052141281483429225
21.055516201808572,15.47193535958283,84.76265776525477,84.76224614383932,-0.0004116214154521458
4.313239347597481,-14.222183709615571,80.12326501450315,80.11128811599664,-0.01197689850650363
-1.7405533519678045,30.42318531533632,85.14114684222194,85.12981071228543,-0.011336129936509565
-2.007338656889303,29.712357674856776,85.06179692473738,85.07125061599423,0.00945369125685147
-31.982098456290622,-11.908070822248035,79.72883389416685,79.7332169247862,0.0043830306193513024
-2.636802569174158,25.74346233809819,84.95385552128575,84.95519405511862,0.001338533832878852
10.417770199515964,14.649528402087412,84.48033485769055,84.44559184453816,-0.03474301315239359
26.819006471077763,-23.201293702516168,77.39938520285821,77.4620968786143,0.06271167575609127
25.396928575424994,21.588711669760613,82.71953403146766,82.7180622058207,-0.0014718256469592461
16.923871903707862,-29.71571232918901,78.47937508355538,78.39981270899725,-0.07956237455813664
5.337576360389363,-15.548467877134364,80.01784582069205,79.98655901237973,-0.03128680831231634
-13.148369029551127,13.61186282982365,82.65399290913305,82.66141867674263,0.007425767609575473
25.729524139416597,-19.109253242234892,78.09161814574247,78.09030002062144,-0.001318125121031244
-23.750159080142453,-8.810692089954678,80.25702644567355,80.28086940504978,0.023842959376239037
14.482518175222069,-19.22164817651818,79.44987717992944,79.44784612415,-0.002031055779440294
7.138412243187815,-21.336905286832653,79.30719399397863,79.31292538434789,0.0057313903692630674
-18.490126909687703,-2.624383049463802,80.89897303780498,80.92473916467173,0.025766126866756167
15.235706779563579,22.501077809386203,86.1606391985365,86.13625870050339,-0.024380498033110598
19.76821022651319,-20.57624959927582,78.08680936675312,78.0858269010425,-0.0009824657106207724
-8.455733128312012,9.956528515341475,81.63759075333883,81.63188666145864,-0.005704091880190276
-28.315153241021925,13.077649736453715,83.0824828252138,83.07980612768573,-0.002676697528073646
11.689996643742319,-19.76223676598027,79.50510816627038,79.49546019136214,-0.009647974908233437
29.27581696624882,22.625609069235267,82.09699134513869,82.10128172174231,0.004290376603620416
-1.1266871981786508,-0.4270098397523512,81.27520861278283,81.28962924098083,0.014420628197996166
-5.932942694376621,9.589917586884802,81.36953662005666,81.3863473777199,0.016810757663236586
16.98941010163179,15.640322298307154,84.96944035256155,84.95362758461742,-0.01581276794412645
15.769630174005627,-22.123819639755986,78.98399485838388,78.97702973547536,-0.006965122908525245
-10.020481856464926,5.710926251433172,80.11516053649811,80.11509059560404,-0.00006994089406475723
-8.300637893129341,-11.47053401933173,78.93122600391546,78.92051334285529,-0.010712661060168216
11.729068662181184,1.774003310008034,82.2031348261138,82.19384415432864,-0.009290671785151972
14.385116931867216,13.190171311281524,84.27268570225476,84.3109016690571,0.03821596680234052
4.999978054671402,-19.82463508909229,79.52803376642564,79.48521153680582,-0.042822229619815744
1.6185640597129947,0.15594237503552932,81.87820343590226,81.83218333902998,-0.046020096872283034
4.882475549339354,4.111708409192758,82.49917011450874,82.4528712602861,-0.04629885422264124
-1.4133200098822556,28.23685154795605,84.99927232620787,85.0199544061519,0.020682079944023712
-21.861140425653005,-6.850230399243344,80.3515410152921,80.39708619160265,0.045545176310554325
-3.9170513393476654,-0.008315511281026033,80.37547042057457,80.37616812030842,0.000697699733848367
-14.774711946089589,16.869140456878448,83.38009258704874,83.42851728044785,0.04842469339911304
26.25530161384207,8.539129291593973,81.75780214685473,81.7572789412451,-0.0005232056096247106
-30.49315802753363,17.602385745072723,84.10591616219169,84.10853394993272,0.0026177877410304973
2.140195737100896,-19.68583040868146,79.25675939790116,79.25561157383937,-0.0011478240617890378
19.413987691841818,-12.412106774644649,79.29119676354681,79.28940096451134,-0.0017957990354631193
-31.919484621077252,-14.17218298689523,79.29871405379056,79.30228137516265,0.0035673213720883723
0.1223332126026051,-2.068754913752869,81.57494572878183,81.6232509288615,0.04830520007966754
-4.627472248250207,-12.675247626335612,79.23712884034953,79.23733075739517,0.0002019170456435404
-1.5912920604476213,-14.426498475961651,79.71060192601831,79.70138368892968,-0.009218237088632009
16.64752223532635,-31.92384376059259,78.28010246499264,78.25651055625924,-0.023591908733394007
13.702082683290712,-9.087915412596118,81.25400786772909,81.25359168707702,-0.00041618065206705523
28.091375063669382,23.410559429034365,82.14576725249492,82.14847477895324,0.002707526458323173
-2.6894403708355483,-6.950561343392749,79.90448550875045,79.91622205616355,0.01173654741309349
-13.323723722485255,5.944270823622581,81.00332006240092,81.00582340402532,0.002503341624404243
-12.337468263030523,24.711137038155066,85.1800787818143,85.21553610342107,0.03545732160677062
7.174254442886301,17.856077426811282,84.88796197097683,84.86138630420906,-0.026575666767769235
-26.46919000252207,21.749657808735456,84.81586056867965,84.809578181805,-0.006282386874659096
-11.408093659588097,-3.4796690918627533,80.37846868940439,80.37287099982994,-0.005597689574443621
-15.531642130529256,-21.627812899014017,79.05408079515266,79.04827171313241,-0.005809082020249434
-24.659026127626277,15.215874544217357,83.46732546026831,83.49549628962109,0.028170829352774263
-16.728630576550202,19.7595657808469,84.12869502334901,84.15380445669956,0.025109433350550603
2.18565517402309,2.4169791266441294,82.02983846264154,82.04809462910728,0.018256166465747015
-3.3597678046637753,8.919024104217513,81.64660987086546,81.65472519742842,0.008115326562958103
9.925649824197542,-30.941166861077498,78.30137212437847,78.33957132431792,0.03819919993944154
-27.949919513543662,-11.593553308140109,80.0479819803881,80.04500933423958,-0.0029726461485211075
-12.230296388716077,5.4779535605730985,81.01023582023481,81.00358257628021,-0.006653243954602317
15.03146499161575,-9.723452063293223,81.3730262739751,81.37005565068314,-0.0029706232919579634
16.712140984910555,27.688960762974276,86.64421193741809,86.66991406318047,0.02570212576237907
13.951192482877268,12.198508496065912,84.11475174982328,84.08942638444178,-0.025325365381505094
3.8679724107111255,31.021350394387056,87.02933576732369,87.0382286304606,0.008892863136907181
14.737217821190882,-5.252171602719258,81.97668100646985,81.97021955086996,-0.006461455599890087
8.348746607635775,-22.74039685334367,79.13201700568199,79.13410846525555,0.00209145957356327
20.882396258335746,-12.428162976061948,78.84242877579608,78.85199427484471,0.009565499048633797
-28.459128814440596,13.004646287120643,83.08525040951785,83.08386842514179,-0.0013819843760671802
-23.515072244703433,1.0322756753953044,80.96654812330408,80.9571437301267,-0.009404393177376846
24.338620176478962,19.42171343708423,82.9769743095601,82.9860518827284,0.009077573168298159
10.103162898553528,16.807365241318337,84.77876914232371,84.74739201334681,-0.03137712897689937
-15.167026931305578,27.245398626177234,85.65409650785936,85.64930520420641,-0.0047913036529507735
10.89656609560592,-11.990237981061405,80.46402310522892,80.53251509087842,0.06849198564950143
-8.09693044909968,-29.482645391998403,77.99779202557099,78.02414258937849,0.02635056380749745
-13.26567464635015,-27.19704048616071,78.40094986468021,78.40051591295956,-0.0004339517206517485
5.053547036241383,14.521770594879875,84.23599104880871,84.22737262633618,-0.00861842247253719
-20.329523548751354,-28.18201385177108,77.51589353813242,77.52691585098039,0.011022312847970284
0.44760983280035305,-2.1674362926311943,81.58625848859609,81.60819944657533,0.021940957979239784
-6.853465520892847,16.54720892389261,84.12834844504408,84.11975741462778,-0.00859103041629794
-7.0629309300366,17.62512647695616,84.22731187189618,84.21746262281383,-0.009849249082350298
26.472667535210036,-20.903689812286387,77.77057004926766,77.78739663825809,0.016826588990426217
-31.4926434647952,16.82378203439987,84.01048677650664,84.01733070619925,0.006843929692607276
14.683394885860544,20.792028958739714,85.46251629640915,85.50980831128794,0.04729201487879209
-2.33811393449502,7.682014727010454,81.40709403332353,81.39382134348615,-0.013272689837378948
-0.6808512076323012,8.954986052474617,82.28247421448397,82.29290530979407,0.010431095310096339
-0.0793531334470643,29.486509115932478,85.15131244444278,85.15914809354119,0.007835649098410613
-24.95560863122929,6.430287736909911,81.38937382961949,81.36311614512833,-0.026257684491156397
-23.398358198875073,-31.59071735413633,77.66105929638306,77.63799516655664,-0.02306412982642314
-23.672656636460573,-20.22097426452573,78.72971081555575,78.73207067674832,0.002359861192573476
-30.86332215639181,12.32782118331729,83.25630554846398,83.21397093635832,-0.04233461210566247
7.4326559100993705,-6.075070509486821,81.05770202125902,81.07137090539541,0.013668884136393444
-4.381119565389106,29.225495134124202,85.11882696121548,85.13748459948076,0.018657638265281662
9.556547167850333,-2.8698969375166143,81.47668889190521,81.47576883870137,-0.0009200532038420306
24.048858242712804,-17.349038898459007,78.41890528469885,78.41532131034634,-0.0035839743525087897
-31.73320160093749,-16.779037216029614,78.91933252215507,78.89962487218095,-0.019707649974122887
1.0146560477986313,-19.73384434578017,79.23889660490137,79.25457992462518,0.015683319723805766
-6.5627624019222495,23.986956136926857,84.79909853171358,84.8267116388695,0.027613107155914918
6.90119006840073,-1.175088861319061,81.67796179660428,81.7250957005307,0.04713390392642225
-21.718034028463087,-21.312434469935177,78.73910397561909,78.77419078361915,0.03508680800005948
14.607403338162953,28.968508809785305,86.74047162616965,86.73986143705147,-0.000610189118177118
21.07777194007428,-19.12235545926434,78.15082514751934,78.16050586559253,0.00968071807318438
-24.745963650641222,-12.946224080350177,80.04120479238867,80.05037718422611,0.009172391837438454
28.207254416327167,-5.064698151940711,79.93972124769638,79.94076977472271,0.001048527026327406
-3.991058538490634,12.042144225397713,82.92331087279138,82.92356121111308,0.0002503383217060673
31.044842277268877,28.85033113692117,82.25015431114683,82.23585701925005,-0.014297291896781417
-17.45224890480108,-30.73031989080721,77.4110548177112,77.40312370189125,-0.007931115819957313
-15.091984858002768,20.03859674448946,84.4277817137881,84.44489304486481,0.017111331076719694
-25.181162798867163,31.386509095292354,86.20955197337702,86.24132004498001,0.031768071602996883
21.128721252803878,10.240460861213244,84.23880358575207,84.22868136559829,-0.010122220153775174
31.935448051131836,30.99804882629941,82.13720512023002,82.16050004635731,0.023294926127292115
-10.79153688398629,-5.6384672701304694,80.17866019746393,80.18001328785533,0.0013530903914045211
-24.627680551935,15.702140535256454,83.55856611267629,83.59454086174647,0.035974749070177836
20.313468387521155,-27.04486451995347,78.31958347876525,78.31923361631915,-0.0003498624461002464
17.866810063019706,-25.624180893196908,78.55196905654773,78.54070848392219,-0.011260572625545251
24.41854732779766,-13.803621281483892,78.74345956857235,78.77770804220428,0.03424847363193351
-19.80139037912231,-29.075577503134944,77.47609243376176,77.47731576388209,0.0012233301203252722
0.5962828077195397,-12.496190733993394,79.86521507631741,79.82178205165326,-0.04343302466415366
-17.113617117187225,12.339179287482445,81.76167874530195,81.77478215467839,0.013103409376441277
16.394734854911427,3.2408947948875735,82.46500351845883,82.50186145491635,0.036857936457522555
-17.88657858457082,30.964421862659727,85.83746320933523,85.85790805058573,0.020444841250508716
24.549822306022513,-26.557931047233943,77.5938868155113,77.59388310535194,-0.0000037101593619581763
-17.85827794567495,22.193861385069567,84.74949857186313,84.75341577764415,0.0039172057810219485
13.255901495955825,-10.167031090883263,80.8393937248001,80.84764142588394,0.008247701083831771
-17.365741677677093,22.1215631036234,84.80313689480121,84.78668596241327,-0.016450932387940043
-2.317270978242661,25.083317174626977,84.91352210611262,84.91148623505954,-0.0020358710530814506
-27.15977360211827,19.728323456755113,84.5375267640231,84.51832059355996,-0.019206170463135663
15.978273747374466,-12.709518816942143,80.59622616780564,80.65692276510673,0.06069659730108867
-11.159724445700263,-19.1438271177855,79.80811164553265,79.81515235821985,0.007040712687199857
0.5764264202783451,-18.519441996662827,79.43603080584207,79.40875495397093,-0.027275851871138457
-8.741804659238845,-20.400940607185788,79.63984088003642,79.63590018284992,-0.00394069718649348
-28.100364377767484,18.14048539645941,84.10081344519962,84.10246072429116,0.0016472790915429414
10.037727977164849,5.0209361700509305,82.5658085089508,82.55431144469462,-0.011497064256175804
2.115250172506734,12.770466827184691,83.75416218379009,83.73777998664771,-0.01638219714237721
9.973490294607075,-20.153915674328495,79.43823671940234,79.42884655790418,-0.00939016149816041
3.6470822771818163,20.576868951674427,85.12624100003656,85.10964484218832,-0.016596157848240978
10.818099512040007,-17.533598118683095,79.77684098955687,79.76361427078481,-0.013226718772060053
28.031052212001377,14.528699999147463,81.94959109896799,81.9392772981304,-0.010313800837579379
-5.0746716455328595,18.434210279143812,84.17561087846984,84.22881883335779,0.05320795488795227
-24.728763903066415,-9.00667788844217,80.2647608648161,80.27953487035101,0.014774005534917478
19.803586664999592,-2.9078664212506595,82.27803241864599,82.29397342011497,0.015941001468974036
21.448891490018603,-11.952067497873976,78.91377839256411,78.91872495981758,0.004946567253469425
-21.53252211797635,24.059937367068166,84.68931994676379,84.75443298119862,0.0651130344348303
24.55160870533836,8.249935799385277,81.80384719783972,81.8096941252388,0.005846927399090873
24.79494636829603,-5.974547104389316,79.8343869551023,79.79467160042292,-0.03971535467938736
-31.048631372485723,-11.274437012801457,79.87280743768791,79.88273150028353,0.009924062595615624
31.919767614903563,22.201324135949058,81.98904042706721,81.98402841546412,-0.005012011603085398
11.354946594587894,23.606760981268955,86.19316063997161,86.1787598696645,-0.014400770307105404
15.742870372990112,22.18739805890867,86.19556498489784,86.19251416093464,-0.0030508239632069944
-1.831856354936697,-12.836236342424428,79.54605032035293,79.50516332836965,-0.04088699198328527
19.459620704377606,-25.493483909020455,78.16658378194344,78.15120296228187,-0.015380819661572787
28.797362956416507,30.519921211418897,82.29917760990821,82.30234879649436,0.0031711865861439037
-19.972902446114745,18.86567886871881,84.06209100740351,84.04792846785045,-0.014162539553055353
25.626838370138366,3.6066929110780066,81.17782189795152,81.18442901041767,0.006607112466156195
17.738741088687327,-24.48202687058332,78.54187584247447,78.51138523615872,-0.030490606315751734
-5.134127046537223,-6.413640653745375,78.95913567350297,78.95877541531874,-0.00036025818423013334
-20.431941630332247,14.899375402189769,83.29879282353767,83.28669747888671,-0.01209534465095885
-10.163994453035585,13.872354779084453,83.25795760671218,83.26273989217,0.004782285457821445
12.720043640212744,31.669705108253837,87.53357164528217,87.55240825342023,0.01883660813805932
10.462635660306155,12.91741170753118,84.06729763630148,84.09574125400759,0.028443617706116697
16.3964128596429,22.884994451840015,86.26431446739203,86.25746008963978,-0.006854377752247842
7.319346050917737,-14.731534569192519,80.05226736139888,80.04973608821119,-0.0025312731876852013
9.886484991238106,21.394298740012204,85.68021634307898,85.6619598165146,-0.018256526564385922
12.970109992038864,-29.837458272153206,78.57009083159984,78.57444587896795,0.004355047368107989
-26.10280512661356,17.298373062987018,83.84143684108855,83.90109933062101,0.059662489532456675
-11.043755370494218,-2.006649886946562,80.27973651699249,80.27973941944913,0.0000029024566430280174
-14.747385744784907,-31.91709510554157,77.2953219101035,77.36125642744177,0.06593451733827749
-7.136492822592551,-0.6579472593613644,79.14482760063535,79.1318706246016,-0.012956976033748902
13.46900904003735,-15.612435384801621,80.07689451408426,80.05173056068097,-0.02516395340329325
15.811639266661643,22.90944904759518,86.23937645248007,86.2280532795818,-0.01132317289827256
15.820789464217093,-18.810846209179296,79.21931874716954,79.2907725403096,0.07145379314006561
-31.211412777968683,21.56369458534906,84.69192318801736,84.70152008233198,0.00959689431462607
14.574903809367008,-12.459261921058776,80.71860736490453,80.72601131793152,0.007403953026994259
11.162706307702905,-25.347920940765327,78.90817798607198,78.88826127925427,-0.019916706817710406
-29.623502645929563,-23.092082680253377,78.4514327082607,78.44530878926274,-0.006123918997957389
29.515921847666718,2.472017842878074,80.86310507778924,80.89504520819678,0.031940130407534184
-22.155945147287156,5.23852989559942,80.96254680493129,80.95069413915917,-0.011852665772124737
-9.11565594195725,18.175243980384103,84.26725996249618,84.2400965663102,-0.0271633961859834
-26.030653470764904,25.35302235506073,84.98230199844784,85.04434035830805,0.062038359860210335
8.028925281904804,-22.369613340384248,79.15934678961678,79.16461643117165,0.005269641554875193
1.3562652308548522,-8.494175628871623,80.85040878213086,80.82935969523609,-0.021049086894763036
-13.054095704241256,-29.6165764789367,77.68213766107696,77.68180037000892,-0.00033729106804969433
26.348365927948052,-21.798660324771987,77.64741240661063,77.65359363520416,0.006181228593533206
29.972094195671936,8.968463936656782,81.6144201556964,81.60819351696011,-0.00622663873627971
-23.74006699952819,24.949348391165337,85.00054084638789,84.96894687037202,-0.031593976015869885
31.63187220981765,-14.709376637684215,78.46294881449064,78.48094217330795,0.017993358817307126
-8.658040691496403,-24.266010791724533,78.68181844183025,78.66181861826342,-0.019999823566820396
-3.018113910888111,-16.361536855188916,79.56610994830325,79.56822229693142,0.002112348628173777
-8.9749151870218,30.72856084247657,85.25367395639788,85.25368999151972,0.000016035121845447975
7.532043854293626,-24.64213086742909,78.94701467745914,78.95487752788036,0.007862850421219036
1.018438295708087,10.996171072711967,83.12093523915202,83.13256362948133,0.011628390329306626
-26.19879550770107,-16.20717061459814,79.35432844021285,79.33369949716177,-0.020628943051079318
-17.640539431474657,-19.42402352975696,79.41479484937207,79.40644064490826,-0.00835420446381363
-31.210598664373208,-24.824480525558577,78.14814616893008,78.12875128203966,-0.019394886890424345
-8.188239501126255,2.7458666815332577,79.29743976257515,79.29796354947635,0.0005237869011978091
-26.752659304846937,-1.7737922033368392,80.63101648656443,80.6390746521349,0.008058165570460574
-3.3064684915068128,-14.578958368046806,79.68314272340156,79.65398202242541,-0.0291607009761492
-26.516106833598776,-27.58919419769854,77.47423201708274,77.4956366067622,0.021404589679463015
4.670097190660627,18.134561356755114,84.77507893338004,84.764430505305,-0.010648428075043626
21.670183780203992,-16.382870797156862,78.64196786046644,78.62692947359503,-0.015038386871410125
11.63008800693462,-24.269564868932157,78.99721443488355,78.97671812777442,-0.020496307109127088
-11.789159273283616,-29.806749446340675,77.7547914373893,77.7551210173788,0.00032957998949711964
-10.995898477106934,-21.999180971348352,79.79407676362077,79.82097087982542,0.026894116204658758
17.98197231858132,-6.436803148375567,82.65972836279984,82.66260339783616,0.0028750350363253574
-11.836923333220348,-22.969525777376568,79.83517946487066,79.84330466465475,0.008125199784089432
6.876988877428879,4.5843638913650295,82.519916115092,82.5223165150293,0.00240039993730079
16.623267264032584,2.0489301894055387,82.41668661024296,82.4629378471613,0.04625123691833721
-4.388983030637149,11.537663466543393,82.61395549428883,82.61481844817614,0.0008629538873066167
26.705738211677705,-22.776999262176588,77.45896369508829,77.52385680602168,0.06489311093339722
-29.09948905051518,-27.77946454024915,77.7935828325245,77.77639402331727,-0.01718880920724075
-0.6410165358668323,16.42087820817035,84.18990316298509,84.18788061444528,-0.002022548539812874
23.74996415619308,12.405380865585293,83.45325391358034,83.45102429360233,-0.002229619978010078
-15.574704699348707,-15.213148897614126,80.23101960452716,80.17328204597958,-0.05773755854758633
25.593132514252588,9.922144967141591,81.96559729587484,81.96028744245064,-0.0053098534242082
-6.023677525216279,-27.298034573498434,78.23899758223565,78.20844888068847,-0.030548701547189694
-25.598696490913852,-9.068336421578586,80.26912639454864,80.27255006274248,0.0034236681938466518
11.145995815082983,22.77902551395365,85.93530523430263,85.92192256217233,-0.013382672130305195
19.647930657398724,9.068770380891827,83.55577600247713,83.55143495648217,-0.004341045994962656
-20.505500293104376,-2.655470093893804,80.78808911968454,80.76902977403982,-0.019059345644720338
-11.449849317225805,24.779014918351066,85.07871054251109,85.1231095294854,0.04439898697431488
27.65540869346988,-15.34227499301808,78.58399719557922,78.58291281281276,-0.001084382766450176
-24.85463113562571,14.898030897373424,83.4126064186078,83.42907980301958,0.01647338441178192
24.083606446904234,14.088862777520404,83.13938905838067,83.14009678328672,0.000707724906050089
-24.923490832721768,24.86885586667097,84.99929946694067,84.94195091348799,-0.05734855345268386
6.299260656433923,-31.974054734450092,78.10298315273992,78.07142931071861,-0.031553842021310174
-24.087074492168213,-11.180237510182721,80.27925055839077,80.27398374762421,-0.005266810766556773
4.628691280014991,7.299831442192534,82.90567388961696,82.86116987314587,-0.04450401647109459
6.262551992287072,-26.643054868918775,78.8401030627811,78.82853837982776,-0.011564682953334682
-15.742173859170727,-5.99781314459711,80.62741915022704,80.63049842396038,0.0030792737333342757
15.869294636520003,-30.057901273851314,78.48431636329991,78.40225505968495,-0.08206130361496378
15.327370705931088,22.808955943201326,86.19462729804447,86.15973492594837,-0.034892372096095414
19.29055195089674,21.540296697629756,85.94621033585125,85.90502557286736,-0.041184762983888845
18.8048549748857,-20.490839883472326,78.32146179376782,78.32522596974555,0.0037641759777216066
30.036082507903444,26.290948167179444,82.2238511063129,82.22042437441442,-0.0034267318984859685
-21.154400253396723,-26.071126137377384,77.8370355940755,77.84731939745042,0.010283803374917966
30.485403132659663,-28.84416004726679,76.89746803687227,76.88831548084461,-0.009152556027657965
-25.09649529166653,20.764137846261967,84.60253194219287,84.60086292756604,-0.0016690146268274475
30.855308156093777,-29.531536086927503,76.83068075748801,76.8367929009348,0.006112143446785012
0.3052365853616976,13.66530193764087,83.88943104329701,83.86928479559081,-0.020146247706193776
25.42536077366462,-8.562160729211442,79.32816764555932,79.32879459082596,0.0006269452666458619
-28.118724678099404,19.879034738723107,84.50054046467226,84.51097685036844,0.010436385696181105
3.8586205181602367,-11.21433650938571,80.51456642207592,80.5136864516632,-0.0008799704127113728
22.15717739001321,13.36233485833639,84.4323413344751,84.42949164338144,-0.00284969109365818
26.394736371510675,-11.07052835732457,78.98739082407171,78.98675711156301,-0.0006337125087014783
-7.757792071628835,-25.44563057657757,78.31389340754667,78.3056311148005,-0.008262292746167077
0.6253278458116043,-2.7031509021178195,81.5521723346808,81.56817718450768,0.01600484982687078
12.208759878140448,-31.727534005083818,78.39316993178825,78.37215175552306,-0.021018176265187094
3.296091178623513,14.010970685469914,84.06087946818324,84.06020828699657,-0.000671181186675085
-30.29372444776059,-29.746044782986864,77.68337966327691,77.68577890342377,0.002399240146857551
-2.73985437804901,-15.293550261880682,79.65965370264202,79.64044455564493,-0.01920914699708476
10.790583970481094,4.615541486472232,82.42704685156511,82.45843413078809,0.03138727922298301
28.67075501459056,20.111485824961044,82.11890623739968,82.11725791197874,-0.0016483254209447296
-8.15519353957756,11.60033661558385,82.55762212994225,82.59197827006277,0.03435614012052213
10.573710871447588,27.41445555548941,86.61452753593143,86.6239644992808,0.009436963349372718
10.341531071914204,13.645300617811586,84.24851994266177,84.24835720778347,-0.00016273487830176236
-12.977713417414364,-12.353610296173748,80.21889811773026,80.22728768755735,0.00838956982708794
2.639710886323371,-25.57567686499751,78.71917911577991,78.70261351626517,-0.016565599514734686
31.745333807879817,17.125097854607013,81.81216508428898,81.81801695664166,0.005851872352678811
-2.975922653739488,-9.623676011852439,79.39888724689528,79.39857296846762,-0.0003142784276661814
-20.979091692391677,-15.352575323941025,79.82009978471139,79.83340545396256,0.013305669251167274
17.542469017413808,-20.946843155107373,78.62628441764338,78.64732103714562,0.021036619502240228
0.3990449099934068,0.04827427439032306,81.81076421643121,81.78082077620908,-0.029943440222126583
7.798643836200256,20.404474273342466,85.35289799089315,85.34748656904914,-0.005411421844016218
-23.981672838177964,16.61320715685511,84.00247547047694,84.00177773836282,-0.000697732114119276
8.258703756159633,13.60310824542399,84.18760495857516,84.19051174205688,0.002906783481719799
-21.489447346117906,-13.421532407946785,80.15086303119722,80.1452933078629,-0.005569723334318155
23.602195999325303,4.885772685664712,81.48564162159822,81.48539197082661,-0.00024965077160743476
23.497190744779246,20.27387436673849,83.59496299012416,83.59496252563491,-4.6448924706510297e-7
-18.68323187019292,-20.82628997003917,78.84160629209025,78.85733331748156,0.015727025391313987
9.840817031119734,25.831192597067535,86.61690005932662,86.62669222090439,0.009792161577763636
28.549556097477335,-28.886720100982373,77.16232578785726,77.14667916829988,-0.015646619557372787
15.48451854876646,-22.680951901796995,78.90002719546477,78.90965743029183,0.009630234827056938
22.273648440886426,-7.329412227140203,80.57432565713839,80.59915916406764,0.024833506929255122
-20.330179974017426,3.1662847196201795,80.9529401352528,80.97374548755124,0.020805352298438606
22.48702633122783,-17.779083611067044,78.36489012915929,78.36393640236851,-0.0009537267907830937
29.64202998577941,28.27854317850511,82.317983354008,82.31335147272277,-0.00463188128523484
1.9337535708855427,28.15381732714549,85.61469168280654,85.60673831199159,-0.007953370814945515
-31.801858366864067,-8.77537104060844,79.95617947756693,79.99420885291288,0.03802937534594264
-4.384416259437899,13.768175013399258,83.43691795910958,83.43230099761419,-0.004616961495386818
15.354109294944742,-21.74904159879312,79.05615462469834,79.05510984476551,-0.0010447799328261453
-16.9464940079232,-4.944287797399987,80.734851288994,80.66665832485258,-0.06819296414141718
-8.576592956933773,-19.248501386127543,79.63820547761776,79.63788137769596,-0.0003240999217979379
-1.5979079951405453,-27.385910014261867,78.11329268157938,78.13191323105089,0.01862054947150682
19.701973985535112,-1.877164472913691,82.3234226591117,82.32938387163178,0.005961212520077197
23.48922882831109,1.0895101484477365,81.01286855765522,81.02381948830393,0.010950930648704116
18.729262581883127,-20.681210693962697,78.33658900732377,78.34022198026126,0.0036329729374955377
30.634612573538618,4.848450801806756,81.24761436959324,81.24649385085252,-0.0011205187407199446
7.46559455164617,-22.24023018895278,79.1992881672497,79.20212092262253,0.0028327553728217936
-7.800210920672974,24.507921696476657,84.85519075877167,84.84956315934,-0.0056275994316763445
0.48337984805054646,-16.702762303746162,79.62100904361921,79.5917662492253,-0.029242794393908866
-20.00783819475503,-30.462343440225915,77.40114527920974,77.40094856145555,-0.00019671775419283222
30.504162163898236,-1.0365453620599823,80.36318076489601,80.35388296656777,-0.009297798328248064
-23.128540142598325,-9.010433251979116,80.25327803527016,80.27085162578241,0.017573590512256487
-2.4834564121037843,13.017381921987429,83.48737851006021,83.48335748878523,-0.00402102127497983
21.438845841177148,15.44183538448214,84.55289470049534,84.54946039937319,-0.003434301122155148
-26.991912272640242,-7.771001265791369,80.27490707003211,80.26875229941975,-0.0061547706123690205
-3.606734417939734,-1.143716257733665,80.22873344749273,80.26230749565893,0.033574048166201464
-21.63103479875398,-8.93279229351485,80.2639145794457,80.27925302709654,0.015338447650847797
8.130927105991262,26.361214638118263,86.53868208287822,86.53875887309309,0.0000767902148623989
27.946991350398974,-14.970035812091211,78.5814501444759,78.57956571901572,-0.0018844254601759758
9.810330422534257,12.398100710191187,83.99569419916529,83.98759823778823,-0.008095961377051708
0.923471064486975,-3.7809400310287344,81.50537156785481,81.48921684250932,-0.01615472534548701
15.869316366437033,21.77358029618547,86.10015476853259,86.10100562985704,0.0008508613244515573
-14.352140463805938,-29.826789513870587,77.55903201931251,77.55992581221199,0.0008937928994754429
20.097981807220933,4.240293445346438,82.16066514944018,82.1638322463857,0.0031670969455177556
-17.90600769340223,-25.210586169987835,77.73105340313342,77.7323684482793,0.0013150451458869838
22.22437432041852,-13.06198256491998,78.8166949141187,78.86054453509803,0.043849620979329984
-6.381330050682941,1.5200847986521993,79.80006579200116,79.75919466673055,-0.04087112527061265
31.858852474831252,16.57844581990429,81.78403472266601,81.78698618517724,0.0029514625112341264
-4.799073205790833,-13.914942782981186,79.54954958393526,79.54954788293989,-0.0000017009953694469004
25.719196826431663,26.26512594957247,83.14315256749846,83.14101320949467,-0.002139358003788061
9.047074095850583,-5.709819316655285,81.12355897200227,81.12879487742117,0.005235905418899733
-30.81702331101846,-3.474607783069473,80.40434835283781,80.39620171023947,-0.008146642598347853
2.0101779011283583,-29.317671755228922,78.28629273779097,78.25592623217308,-0.03036650561789145
11.992400170617785,-7.059607085215347,81.09241749520504,81.18225198020464,0.08983448499959934
27.36221665214544,20.725400062248966,82.19836418227135,82.19371876775372,-0.004645414517625568
-28.13683340111742,3.831609768863345,81.73966198899673,81.72939833727848,-0.010263651718247502
-3.4711354973167303,28.22049712654369,85.05849280281053,85.05723677520899,-0.0012560276015420868
-2.1599682095121864,-28.763186176481447,78.00612785432023,77.989214747451,-0.016913106869225203
-0.026013874726039887,-31.320167758921507,77.77445758873708,77.78366493366467,0.009207344927588679
-31.101142578743676,1.4888744209843523,81.47319838420762,81.47312173699031,-0.0000766472173125976
30.81226984775393,14.561987267387806,81.80535115574519,81.77342712084423,-0.0319240349009533
28.563793270592953,28.308272442181725,82.36661047993029,82.36083441591907,-0.005776064011214999
-20.922199300508737,-6.470446942183486,80.37744534432031,80.43457154643504,0.05712620211473052
17.41080580497949,-17.080585902802454,79.34830964504245,79.33976710439875,-0.008542540643702523
9.539450175855201,18.568727223517378,85.03680052437493,84.99436727190242,-0.042433252472505956
-11.10141337691168,3.5524406463293303,80.50556637907127,80.47060632946209,-0.03496004960918242
24.639062768496338,26.146831285056777,84.33159514953947,84.32315162120604,-0.008443528333430095
8.055766010330153,-16.242534622684218,79.8536305745336,79.85635748113748,0.0027269066038826395
-20.25936555134856,-21.180396422385854,78.69641376023247,78.62821604345157,-0.06819771678090092
9.901631903489132,-5.821387505132641,81.12989146445977,81.13274438417909,0.00285291971931656
20.968833712360748,-0.5625636897644881,81.99115256883876,81.99212840604314,0.0009758372043791042
28.300949393105952,24.997255084638,82.20190183721769,82.20189848527507,-0.000003351942623908144
30.739028917113238,16.355740645852165,81.84253557416854,81.84280580321811,0.0002702290495761872
3.927620939630174,26.87915347381343,86.29877034487049,86.30080805650046,0.0020377116299670206
8.941607535978491,23.52956412306255,85.98718877485885,85.98064866835016,-0.006540106508694521
11.880343364011686,3.164954390157689,82.2624122484102,82.27024371703932,0.007831468629120764
7.607168531695265,-27.47726033189342,78.65949411231841,78.64335659363465,-0.01613751868376312
-17.19660405488228,-25.336554712085913,77.75033402278714,77.75216022290414,0.0018262001169944142
6.841409351050345,12.25803271836746,83.92977439788484,83.92013571276891,-0.009638685115930912
-0.46811560711966393,-18.786635468906347,79.4364840236212,79.35808806106097,-0.0783959625602364
-19.60006034248736,-25.178576170874756,77.79136282725966,77.77567132993795,-0.015691497321711267
0.5194007378761683,-8.84226151875324,80.7417060873045,80.73527647554772,-0.006429611756772147
-6.75170939899818,-28.208700666567736,78.20120236934784,78.17856634500546,-0.02263602434237555
-17.55944029854237,0.5848914129517127,80.97783768117732,80.99172040794556,0.013882726768244424
6.331608185044075,-11.738762932311381,80.41243184809389,80.41527652642225,0.002844678328358441
-9.164070075150072,-4.380801563672222,79.22581029723095,79.24773824077707,0.02192794354611749
6.020447293845457,-8.604408564671623,80.77424572638026,80.7808706866668,0.006624960286544024
22.679209384745107,7.803322076640882,82.01661469646015,82.00251510393294,-0.014099592527216487
3.758746837738485,-23.870504346297537,78.89176259205493,78.89027490457681,-0.001487687478118005
-23.718240173641483,17.87353580093535,84.252563376819,84.26219028002814,0.009626903209138504
1.4650718839309746,24.912929605073735,85.1569589444945,85.17541382452106,0.018454880026553155
-21.305328432545558,-0.486489634400165,81.01585692635652,80.96844618910077,-0.047410737255745516
-4.432852913514402,5.095316516444328,80.48603846755545,80.47120985515392,-0.014828612401529995
-4.268513567462236,-19.625810688851253,79.41070780945705,79.41271169306594,0.00200388360889292
29.175624921008577,11.425549521858088,81.77447883139605,81.76012714066627,-0.014351690729782263
-16.655127340715005,29.17809206911531,85.51002735998833,85.50918203950067,-0.0008453204876559539
20.366623702346708,4.722240893799565,82.13704219381732,82.16098622399825,0.023944030180928166
-2.145698456211967,-2.1283809725739147,80.67341100480597,80.67453837766675,0.001127372860779019
-22.099778636920675,15.019509313497132,83.49667423991872,83.53349805528413,0.03682381536540902
-5.38686633791017,4.804184813879246,80.18673224582948,80.17471403627552,-0.012018209553957604
-4.729740255679637,11.835869690631014,82.71295591849774,82.73778268821187,0.024826769714124453
20.216859533852407,11.366241499562186,84.43723557879291,84.4347735787052,-0.0024620000877035864
-1.8888266751708542,0.5446969364244652,81.15696402667908,81.12205901438911,-0.03490501228996834
4.138485237183765,9.72636460867679,83.25806038117308,83.3093476593354,0.05128727816232015
21.660803127674058,6.276489112186695,82.0608800780745,82.01212818251662,-0.04875189555788495
5.859114761921177,0.05301336377306143,81.85763891779902,81.89296078260156,0.035321864802540404
20.76322848399228,-17.75950871404092,78.44028980296443,78.48210557914116,0.041815776176733266
14.341674801986741,-6.83046545857097,81.85308700789263,81.83280341210035,-0.020283595792278675
-26.3472985422369,12.276527687103659,82.82074280877411,82.81729612553714,-0.0034466832369730582
-0.32249845903140795,-5.147864154389303,81.19988531680738,81.18726331511941,-0.012622001687972784
4.594600037605019,9.531346981439924,83.29624680927796,83.29130203796625,-0.004944771311713225
-17.52070366080128,-5.947174516599489,80.56781727835713,80.54171512180713,-0.026102156549995925
-6.089191043162167,13.223892647438213,83.34225772765306,83.28243659402601,-0.05982113362705377
4.689838708034067,-17.909349350150798,79.68878817872088,79.71043358939424,0.0216454106733579
-20.17726653797221,23.703981834292883,84.67962411005942,84.68308129564412,0.003457185584693434
-21.925397288012988,-30.434562332949994,77.49258029962245,77.47882971124506,-0.013750588377391182
-20.73951060843875,-22.821796532231637,78.45431764429894,78.39487475094664,-0.05944289335229769
-14.547471555842932,-18.12018564394088,79.92712154589188,79.91871492200514,-0.008406623886742182
30.795079198398483,9.65608408656717,81.61591639135185,81.5984639164588,-0.01745247489304802
16.787953319544144,-15.557863468741317,79.79005857590576,79.76675516582002,-0.023303410085745213
-4.86303228256385,25.973369143167744,84.95617599598937,84.9520116859012,-0.004164310088171419
-26.24682991037659,20.32092311956071,84.67516798993361,84.69682624631923,0.02165825638562069
-24.58995781836409,10.648518352161744,82.0735475497953,82.10714572940242,0.03359817960712519
-10.203897598006762,-5.710846428683503,79.9122128806196,79.91443630847404,0.0022234278544317476
9.92485011243464,3.8442939022072053,82.3919045321611,82.35034239059829,-0.0415621415628209
-28.698753822982802,30.63357319672579,86.70559524921269,86.69703969922152,-0.008555549991172029
29.44692091839105,-14.184536773621524,78.5565829743004,78.56003100608844,0.0034480317880394296
17.846311258056083,12.6289448847823,84.41961752404322,84.45019705848104,0.03057953443781969
-15.912982479673289,11.011832784211357,81.5205091063111,81.51479859303917,-0.0057105132719215135
-15.796911416597176,0.044774466252704315,80.95168105664527,80.94854194950437,-0.003139107140896158
0.5931705764910831,-2.009841229718731,81.60582615973144,81.61477975120567,0.008953591474238465
-26.96301824425109,21.270908061499775,84.83932883534035,84.83283985847606,-0.006488976864289953
22.03478407755339,-20.42282554131689,77.96237131788207,77.96173135427802,-0.00063996360405838
22.786947689731797,25.103462262661353,85.44572893255688,85.43495063472778,-0.010778297829091343
-4.942619386463427,-21.714782729186915,78.80809689620776,78.79176218426647,-0.01633471194128333
19.316245758755286,-27.603576956996818,78.39811567903872,78.39780692919726,-0.000308749841465783
-6.6794261343487875,23.757868435948645,84.77473880148129,84.80126121801982,0.026522416538526272
14.701381254362467,3.5864732856266315,82.4230325319923,82.42933992490796,0.006307392915658738
14.978337067549887,-22.75666937768402,78.87680213351746,78.90330808307654,0.026505949559080477
22.714083899329033,-3.5286403175317744,81.40897262730931,81.42095396815839,0.01198134084907565
-16.066999151225183,21.03830932759464,84.59603523322421,84.60423306182206,0.008197828597843682
-22.37365669066508,-30.88132833987246,77.55050996478367,77.5287867365756,-0.021723228208074374
17.636234723645515,17.82398283729129,85.06968836538479,85.06546711349486,-0.0042212518899305
-27.561163752799075,-1.902320708508661,80.68619639873123,80.68745943775691,0.0012630390256873625
16.108645159422807,-5.894157583498632,82.37983794634835,82.37462472455594,-0.005213221792402578
6.578066645954841,-30.558437753510248,78.30658320399928,78.341701847147,0.03511864314771174
22.12410591566504,10.43910343528119,84.11333903702209,84.09294217225096,-0.02039686477112923
-15.693323464199047,-8.553147259814885,80.33792608143958,80.33056082754456,-0.0073652538950170765
-26.664420466195153,29.549668961991593,86.00388390792449,85.95958856123714,-0.044295346687349024
5.013364468492618,10.492195399248317,83.53987979371605,83.52551135136748,-0.014368442348569488
-18.411045738516087,-18.13374823649346,79.5488406716316,79.55300662571491,0.004165954083319434
-19.7296550312063,1.3581606452412842,80.97837008165403,81.04023512511843,0.06186504346439392
2.801748902093294,19.012056473230622,84.80865316694123,84.80050049544128,-0.008152671499942699
26.19530202411316,7.55679565825244,81.72277495882511,81.69979172156418,-0.022983237260930878
-24.14338802551088,-19.034480655383895,78.84572952092,78.91683788578717,0.07110836486717176
11.191442841850282,-14.981837841741822,80.1121977245213,80.11418911499098,0.0019913904696835516
19.68700421244978,15.02406601264726,84.8615673217862,84.90872316887955,0.04715584709335019
-25.874720787493445,25.370509562641516,85.00400740999912,85.04565991226404,0.041652502264923896
-15.11382784646851,-15.147150574505453,80.2391095667333,80.18517422134416,-0.05393534538914935
-24.30810197980462,-22.559116553164728,78.68863887769535,78.67057119983725,-0.01806767785809882
-17.64501193108954,27.113781246446145,85.07591294474423,85.10127852312202,0.0253655783777873
30.48722144405592,31.180875199501195,82.20812113000925,82.21743477294005,0.009313642930806054
8.407670605047606,29.14976361698455,86.6808689072938,86.68863825850083,0.00776935120703115
-11.28998425036729,-17.773554883300896,79.89873623039415,79.92783497178058,0.029098741386434313
14.892484570765404,-23.148337982170432,78.82415439600908,78.86165177638149,0.03749738037241457
30.503811611937238,4.284948426227537,81.15454306069626,81.15258308129843,-0.0019599793978244406
-4.588843770163486,28.224171813182316,85.07934501135973,85.0854177819453,0.006072770585561216
-23.48997802953697,-19.579234656257057,78.79338911655283,78.82845612318896,0.03506700663612605
26.95830631865895,26.026212752668968,82.32988672354702,82.32985636398836,-0.000030359558664372344
-27.814682576020722,15.325982051203624,83.51240602909117,83.50757289187447,-0.004833137216692762
-3.245024590776879,31.655523224519975,85.26107717504391,85.26405361143863,0.0029764363947180073
-31.501083047935587,23.471701741143384,85.14812700658574,85.15945529839709,0.011328291811352642
14.9311786696681,-15.74646198969986,79.99806843220625,80.0231537054797,0.02508527327344723
-28.039438449420437,-10.406605951291489,80.21235434588334,80.20927104145362,-0.0030833044297224887
0.260183912129186,31.435031125250248,85.31464308408667,85.29494186820627,-0.019701215880402856
17.46745466985108,24.485442289695243,86.3006451164386,86.30107891021218,0.00043379377358121474
21.463063242353257,13.22738650690571,84.81488102401228,84.7975414742195,-0.017339549792779962
-30.536370632058556,-21.496807285893226,78.60864706803706,78.59698447530344,-0.011662592733614474
-13.469081729740203,-27.26791875140559,78.34072473970873,78.34537917211016,0.004654432401423492
-14.526424508497591,8.280682982825411,81.01847188274141,81.00840247980209,-0.010069402939322458
16.27635714191419,19.884698033123946,85.2491005423477,85.2682940360084,0.019193493660694116
-10.766476263538806,-2.573351482578637,80.10021978989812,80.09526609445896,-0.004953695439155581
-10.376378205509354,2.354872077497113,79.96225516716231,79.95495009786272,-0.0073050692995906275
20.189404511849474,-16.451516492082618,78.86865256107484,78.8687826433,0.0001300822251550926
-4.231699711074604,-27.69160701141491,78.16170176006618,78.15433991149062,-0.007361848575555996
27.865571090336744,-7.628906850690221,79.57377709584857,79.54848971288345,-0.0252873829651179
7.4512523422502355,8.135027512412272,83.15831837561123,83.15282386306149,-0.005494512549745423
3.3561677613635723,3.0260314580943515,82.2077071263948,82.24939051044163,0.04168338404683425
-2.8725453637384035,15.147721678616684,84.01384841794375,84.01277786093695,-0.0010705570067983672
16.115760028923823,-10.130184331417446,81.03480201648941,81.04195387910052,0.007151862611110005
4.061473984234958,16.512700381450728,84.48300163676659,84.47804962248885,-0.0049520142777339515
-20.38493052395458,-17.058383086190318,79.5793606645895,79.5696964149638,-0.00966424962570045
25.388313167613425,18.744184525775268,82.4761244291042,82.47118288754027,-0.004941541563937335
-2.7022208101617338,14.93570224322967,83.99120981049168,83.99921769099657,0.008007880504891318
17.565794692059725,1.8170551387263956,82.41738688249234,82.4288773743033,0.01149049181096018
21.1436899928172,22.657380618853345,85.71891365687489,85.71701635473006,-0.0018973021448260852
-15.999797399597632,27.830580213014635,85.51034681317222,85.50788362845755,-0.002463184714670774
21.85429963109346,-28.355858254600307,78.05069352846665,78.04942596904874,-0.0012675594179114569
-17.311105907755476,1.4434646082926932,80.96727076639033,80.95555587514814,-0.011714891242192493
10.980339041048829,27.011364276858536,86.6234250956512,86.62397510995372,0.0005500143025187754
-24.989107096413235,12.713074745504073,82.87851960276507,82.86139397615963,-0.017125626605434263
12.44464147564701,5.600900483485013,82.69943324802465,82.72407459041841,0.02464134239376392
-4.707018236702503,-26.833244986264866,78.23141774112665,78.20558290699677,-0.0258348341298813
-18.214840171107483,-12.748778461953066,80.26122332698914,80.27578493152357,0.014561604534435446
26.272915163026255,31.456836227759837,82.3690029070736,82.36498081821203,-0.004022088861560746
31.636802390451216,14.68833467284481,81.76334376957547,81.72797167588256,-0.03537209369291361
28.423929227419443,1.598630525016219,80.73506261803959,80.78039524330802,0.04533262526842918
11.894510565056862,-14.80263238252433,80.16952847696224,80.21484350343088,0.04531502646864283
20.905885690908732,2.675683467182317,81.87566757797103,81.84542267346421,-0.03024490450681583
14.93638477690397,13.686340643432118,84.40284500321246,84.41233236382472,0.009487360612254747
18.885400023011805,-8.744770536622717,81.0756709462872,81.07044620573883,-0.005224740548371187
4.5907193370536845,-9.869653314185761,80.66703087969772,80.66184674165358,-0.005184138044143083
14.193496704955734,13.569309848834422,84.341673294791,84.36813682293807,0.026463528147075976
-27.16002115412202,-2.359084617145207,80.55487321809208,80.56441232634914,0.009539108257058615
-14.750305029374012,0.8125686357841815,80.92611370939593,80.92155095887952,-0.004562750516413416
-7.163806434076797,-2.699038648237803,78.86803875094907,78.87010394613975,0.0020651951906813792
17.150895307035128,29.167128229468062,86.96434974653612,87.02603978217988,0.06169003564376396
22.253445511896203,10.250950885534913,83.96361060893163,83.90871430251775,-0.054896306413880325
11.602087318344196,7.615296284301124,83.32011104760468,83.3288143298101,0.00870328220541694
-17.06908078258241,-22.259544245802665,78.24966757190114,78.22690011600083,-0.02276745590030771
3.7239083599965497,19.299785527545907,84.90480929350835,84.89962888987206,-0.005180403636288133
-1.9231605371655789,10.224036749707366,82.52904090798047,82.52233800986049,-0.006702898119982592
-6.3346637550271225,25.511566851296777,84.915768496964,84.91173652774654,-0.004031969217464848
31.484244943119137,22.77827805876874,82.00084353724776,82.01697882046348,0.016135283215717777
17.61288357740726,23.448306358963002,86.28100992410637,86.26253280701731,-0.018477117089062745
1.935248269885129,-4.3831250621557984,81.4535363031271,81.43967520028255,-0.013861102844543893
18.730916348214834,6.168359959921595,82.9979888894601,83.00102801697736,0.0030391275172547694
-12.266539556159238,-10.929064686861608,80.25872673610198,80.25553346738063,-0.0031932687213469535
6.747554941821079,23.706396374548376,85.842194640439,85.8283083665098,-0.013886273929202275
5.767417359351256,4.191975444878722,82.48741277072006,82.46261618855645,-0.02479658216360292
-1.277736265044986,-23.706784730333332,78.38978000287398,78.4415889667074,0.05180896383342315
-0.8211189020325733,9.194439846104054,82.34566197458223,82.34780640910174,0.002144434519507854
1.6269175845905366,6.723061410290249,82.2100153697441,82.25602127303652,0.04600590329242493
2.2972288099819167,-13.949731402565767,79.95736127562972,79.95286734586291,-0.004493929766809401
25.112864000923686,17.22478869048699,82.5825478620183,82.62890801892758,0.04636015690927309
26.5780989448889,-28.664357863917942,77.42926608035741,77.42277395622303,-0.006492124134382493
8.477525879523164,-10.16819753460966,80.59341920807557,80.59342382288816,0.000004614812581849037
-2.9592725880797914,18.08035952658787,84.27711046528155,84.27995927196051,0.0028488066789549293
1.988322263204637,-2.880898613508485,81.54493246298111,81.52066723209933,-0.024265230881781008
-1.4191115968801,-30.46087566676956,77.81887953965094,77.84738027101592,0.028500731364985654
-6.687480640337711,-11.069813200326912,78.60497566662877,78.60487762764949,-0.00009803897928861716
-24.09815921315122,31.233678793390673,86.15185677696238,86.17612136397943,0.024264587017057693
-15.411141126682153,-3.1961869457040137,80.77064310510703,80.79824696872727,0.02760386362024292
31.50661022975268,-24.06883315862666,77.4399225262912,77.43424972145465,-0.005672804836549972
-0.7432373549382163,-14.6819231915985,79.71353210963485,79.69934883854401,-0.014183271090843164
23.045095132133945,26.197441385586608,85.22453207454296,85.22681766418461,0.002285589641644492
-2.6628900416064596,-21.939266736279848,78.54705873673065,78.59648386740547,0.049425130674819684
20.54522864420425,16.717980086453203,84.85979027518745,84.81467437606258,-0.04511589912486613
-21.134331210260513,6.196545996700912,80.95768992795236,80.95587577496781,-0.0018141529845507876
-23.15113936321292,-29.67413457073947,77.63484490606069,77.65978570913106,0.024940803070364836
-27.31549630602983,4.423846042295111,81.60948101629388,81.64465303941157,0.035172023117681306
-8.86590542563897,6.826644550697743,79.76403994518654,79.7821105308455,0.018070585658961136
-0.08884275484922455,-11.735779583323108,79.80665629617062,79.8067251136179,0.00006881744728559624
18.899480623682095,2.4683658260683785,82.40967849141782,82.40360673466107,-0.0060717567567536435
-7.6917521085376706,25.773584318465353,84.95616548273225,84.94563660252541,-0.010528880206834401
9.627885500243949,-22.36834532770696,79.20846311059178,79.20872224651977,0.00025913592799042817
24.879453804421914,-2.6927022820491686,80.64350892887497,80.65344717788656,0.009938249011597122
22.551937295595906,-30.117518953582874,77.83210579355824,77.82727887307834,-0.004826920479899854
25.631514958731238,-4.355146881535944,80.23856220628036,80.28096098546325,0.04239877918288926
-1.8869010917935967,5.7223776376655024,81.2674024383636,81.26127794851735,-0.006124489846257575
14.447627316730632,20.33628090209377,85.26486898676954,85.28361383490456,0.018744848135014536
-30.933497957441645,-4.5916962623263515,80.38515610957832,80.36044213575184,-0.02471397382647922
-5.66576309158409,-2.753658338620106,79.17565572770258,79.2541689586178,0.07851323091522033
-3.0847780679218957,-27.124536805377808,78.12218498789844,78.1746959617154,0.05251097381696468
20.45556065170775,-10.810793193998109,79.55685029198852,79.55694259671694,0.00009230472841181836
-29.50725629091245,30.504820537287976,86.71685733581853,86.78488843816717,0.06803110234864107
-4.28959916786399,7.138114906040272,80.66475697585614,80.66475777302733,7.971711966092698e-7
17.169155333837914,8.64772580532049,83.58288844378123,83.58421621093332,0.0013277671520910417
-26.887416275129254,2.680990762435968,81.52835399695518,81.5383282616289,0.009974264673729749
-19.6367591754738,5.201581461084977,80.95429426335721,80.9582972158728,0.0040029525155915735
23.18580759002581,-31.071609795350476,77.68369570988907,77.68276414850149,-0.0009315613875742201
0.10730326309665372,-30.717456262722443,77.86511013398501,77.87277241080788,0.00766227682287024
18.679622365166686,-19.624144381270312,78.44304653444202,78.45158889066896,0.008542356226939773
-0.34732614880558543,29.00976378493081,85.09499631298223,85.1194729724602,0.024476659477969065
-24.509844978041798,7.572044487931031,81.41182461784112,81.3850755777679,-0.026749040073212882
24.691120649798734,-23.3095138158302,77.36959544116138,77.3909292640525,0.021333822891122622
-11.090200212177507,-6.869543538528504,80.29644843278888,80.29998221053047,0.0035337777415946903
-21.274811684141113,-29.434673351644236,77.45692051256384,77.48910319045207,0.032182677888229705
5.245805657003785,2.675525743142032,82.26992093735805,82.24903939273932,-0.020881544618731596
-17.909028271622113,-31.772148265328454,77.34948386256332,77.32512267906677,-0.02436118349655203
22.97380499158011,-2.71950791522071,81.48392766921788,81.47828381958702,-0.005643849630857289
30.60054037457482,-8.304641148013133,79.65189640219364,79.67514115390918,0.02324475171553786
-9.712722232647351,-22.88834691353979,79.63384084668891,79.6445052574118,0.010664410722881712
-27.54375835511067,9.741957945738875,82.42398985534378,82.39963320659322,-0.024356648750554655
26.832806951199267,-27.385705714926083,77.36575441437842,77.36360747187226,-0.0021469425061582115
0.2953635102981593,25.7524354446807,85.0514153851226,85.05243819781953,0.0010228126969309415
13.394185920982139,1.430292241679119,82.32248734484104,82.32543126265439,0.0029439178133543464
1.0999379032981906,30.644390984027083,85.40649504440913,85.41089464511377,0.004399600704644513
24.7424163530373,6.649791465575873,81.68175485027334,81.68916588840439,0.00741103813105326
-21.498962640736273,10.447361124496751,81.1171794487263,81.04731961536116,-0.06985983336514323
14.452093330239812,13.217711680682982,84.28418384935186,84.32126812901804,0.03708427966617478
-13.48989010861822,-5.451153348419581,80.52488064511235,80.50543337729025,-0.01944726782210182
-10.625948577586769,-16.597427087291322,79.95410144063055,79.96133137171618,0.007229931085632302
12.302207761485619,-2.4508318550104065,81.87573748947773,81.86959897819571,-0.006138511282017589
-23.743839316192123,-5.67267590619123,80.38856362613738,80.41397193875687,0.025408312619489948
-17.208191742462027,-1.2995146116716114,80.95158066060279,81.0060893974391,0.0545087368363113
13.672502911622772,1.5905768053174114,82.33571717401429,82.33790991417122,0.0021927401569286076
-2.1221292644413197,0.3490651119775521,81.04867070592017,81.03463477691488,-0.014035929005288494
-16.832373541565637,-29.09433395149685,77.51107611190554,77.50829832971175,-0.0027777821937888802
25.657554429283813,-29.609389856570125,77.51234824135854,77.51485395013894,0.0025057087804043476
22.24602929025407,-25.225025227952834,77.62401210688648,77.6236941567392,-0.0003179501472772017
29.072675807692562,23.780725156425838,82.11103465272866,82.1131855663421,0.0021509136134341134
26.74159354283558,25.866102564461784,82.423825026046,82.42490025431148,0.00107522826547779
-8.398762822982775,27.188790749145973,85.10425956399065,85.08465784640373,-0.019601717586922973
-25.53152799798586,-17.803903418431887,79.11515972753541,79.11113734755666,-0.004022379978749768
-0.9055303072875205,-3.6661806560229024,81.12507376021678,81.13024392986105,0.005170169644273415
28.17441469534652,23.66599928998562,82.14315553437702,82.14392425036132,0.0007687159843072777
-30.65391418027454,21.60899386867537,84.69600371946268,84.68964496313272,-0.006358756329959192
-0.17020089870072042,-25.605563722718777,78.36731074978158,78.3451917272731,-0.02211902250847686
7.419986562819325,6.049453771586542,82.75968062827398,82.78076525673123,0.021084628457245458
-9.063894618438205,-22.540165263355163,79.2272927344587,79.22613612466498,-0.0011566097937247832
7.232480526236991,-5.764305458529627,81.09704057768742,81.11204854759431,0.015007969906889684
9.010267620981274,31.58103965878191,87.25043341022268,87.22310465169784,-0.027328758524845398
18.7560388768582,4.47598886162892,82.57359251455318,82.58601612285061,0.012423608297424948
-31.916609804980382,31.596132978746887,86.85588585005885,86.86006198556966,0.004176135510803647
3.3559845377312314,29.002352656791885,86.37975324514873,86.38117027947291,0.0014170343241772798
29.08002804849508,-7.951856122738491,79.54290840006476,79.56810262733099,0.02519422726622622
0.06995218552823701,25.178677865814905,85.02520136086254,85.03474864452377,0.009547283661234474
10.528512721195554,28.572914530415474,86.63579127284567,86.6251549351086,-0.010636337737068402
0.9575091974117527,7.843203119234204,82.21435274388523,82.26800233237748,0.05364958849224877
-24.861161513657926,12.2583321355498,82.77354037804778,82.73142054968025,-0.042119828367532364
13.369097654224916,9.448364196725137,83.7811321803879,83.78712420848463,0.0059920280967276085
6.9006085677190185,-23.234914549281953,79.11093845501233,79.11799460534641,0.007056150334079803
19.93179333342197,-15.701782641783552,79.04808798171773,79.02323629169173,-0.024851690025997186
-18.77289245459002,7.88100790431605,80.96777916476165,80.96593652335795,-0.0018426414036980532
-30.14794499894692,23.346667688561077,84.92587698914619,84.88442057242398,-0.04145641672221245
1.767458471886279,-22.36036386077027,78.76572570252162,78.76583729691542,0.00011159439380037384
-23.56002872753163,4.219684179588157,80.96248407638565,80.954010766083,-0.008473310302647974
-6.10286900923208,10.464467717180398,81.80477607747773,81.83425598928956,0.029479911811833404
-10.32020062943132,0.2974596011078674,79.79659662698978,79.79699752159767,0.0004008946078926101
-18.685552748361623,-7.513943358752186,80.35516729706559,80.36635643868313,0.01118914161753537
25.820601023568422,11.657424489176215,82.01313566339724,81.9997699506787,-0.013365712718538703
19.29971041509686,8.947383436736224,83.60978018985958,83.60705759684946,-0.0027225930101195672
5.2108233072452705,29.248497118073345,86.7783494766561,86.77129721750651,-0.0070522591495887355
-8.145489780403878,0.21203686361760532,79.05098403845476,79.02815607104488,-0.022827967409881467
-27.42814399341257,17.352017586769996,83.8021125899343,83.77495125420408,-0.027161335730212954
28.514464390482708,2.4608120483417792,80.88964937821896,80.91702608208738,0.027376703868412733
-22.434715062781926,-20.02865636020295,78.80885261994851,78.82544588118864,0.01659326124013205
19.4697154191786,21.84986510365689,86.04466961991531,86.00256351740236,-0.04210610251294611
16.27032153051492,25.164406660653952,86.33101311642825,86.38162922745742,0.05061611102917141
-21.981633156531274,21.055471011463723,84.35915221892658,84.36550620938583,0.006353990459246006
-13.144903389289887,22.019847370239397,84.97171917456382,84.95878405919603,-0.012935115367781691
12.401710264388505,-23.252705045422402,79.10117631999884,79.09600075457864,-0.005175565420202588
-27.206293469958148,-3.3762152095408453,80.45307465003734,80.4506714737137,-0.0024031763236394
-13.107375410502293,-30.410650824885707,77.58443153559713,77.58426217802416,-0.00016935757297176224
-6.730416248139839,-26.34533752167078,78.27056822115784,78.26326343834648,-0.007304782811360155
22.910355069868345,16.29705944304247,83.79533033648275,83.795021230555,-0.0003091059277551267
8.748650199074582,28.387941959964287,86.63590519743532,86.61987101609049,-0.016034181344835474
-12.903602181077794,-1.6123053520504627,80.70837023766262,80.70300985611505,-0.005360381547575344
27.240467226019156,-0.14566212126798206,80.56565242215434,80.5898772131794,0.024224791025062586
-23.90777060037029,29.41992202159306,85.85441358708442,85.8586696934994,0.004256106414970873
8.116731622728501,21.78721829570315,85.60743300613524,85.6043516619506,-0.0030813441846362366
5.0624273737278,28.744129231403306,86.68524676732518,86.67924164361804,-0.006005123707140569
17.381519883883747,-12.866492705299692,79.99933974322957,80.01873097645601,0.019391233226443205
-15.781962356964577,-28.606285023469646,77.59494712051527,77.59724969356236,0.0023025730470891403
-26.048825786876556,11.1700384196661,82.51505740824254,82.52910336115374,0.014045952911203585
19.781101684159758,-10.494415464481804,80.00863983395072,80.00820842625234,-0.00043140769838601045
-14.738041551213755,-29.35611290655897,77.58562910469354,77.58582146665604,0.0001923619625046058
-6.746716026862934,31.894031074621196,85.2593169221917,85.26170308830753,0.002386166115826427
-24.82550246082397,-8.463383263656993,80.27250637990417,80.28011031680325,0.00760393689907346
2.382667679938855,10.41648169647496,83.17492555879988,83.12015817538204,-0.05476738341783971
-4.250644477989333,17.661553920515153,84.13625273777042,84.1986353857686,0.062382647998177276
25.363071395574018,-11.748430369464124,78.92845639193398,78.92836993739232,-0.00008645454165900901
-27.511273532770836,-30.87260821666014,77.55962608409347,77.53149857613204,-0.028127507961428933
20.794687061554853,13.477458681406318,84.98823612605244,84.98329894402733,-0.0049371820251167264
-18.33205188533666,24.460141868927842,84.82640797472504,84.84388387337111,0.0174758986460688
1.29308563072437,-11.246866275895712,80.30794282010663,80.24289828029141,-0.06504453981521863
-30.578514824633224,-19.264611951116443,78.78527037769182,78.77192989274354,-0.013340484948273001
2.824050661585403,-21.259313636414106,79.05445169604651,79.0520631956045,-0.0023885004420094447
-17.98684329850557,-30.68201915420415,77.42388765773141,77.4100745753402,-0.013813082391209264
-4.850232594086442,24.127437819358747,84.82886339750397,84.85292265914717,0.02405926164320249
-28.747557956648976,-26.506256117154024,77.85503094661969,77.88253719216765,0.027506245547954222
28.699760787819137,-13.058800520841132,78.69451390145315,78.69432474511619,-0.00018915633695826273
-9.695794797276946,-14.651086415744466,79.97243719606237,79.9880647112536,0.01562751519122685
16.546284607101768,18.780207745750886,85.12961619795854,85.15155281286356,0.021936614905015972
9.532915635184708,-27.886275319644653,78.61169517610477,78.64229741941199,0.030602243307214394
-12.531929588759688,21.504851172417503,84.85550182872129,84.90354689506798,0.04804506634668826
20.19992714678917,7.527140462952779,82.90409630140407,82.88125749813067,-0.02283880327340171
24.702858787789317,14.054635314294217,82.78995984310399,82.79269622005019,0.0027363769462027676
-29.555787520779752,-14.323861922311515,79.38431923070598,79.3770057928185,-0.0073134378874897266
23.98640218936474,30.321388534391332,83.77805134313572,83.78494383494524,0.006892491809523449
-31.701223574066155,-28.8601215269291,77.75315649846054,77.74461268060014,-0.008543817860399372
11.808352436412314,-31.39564356983621,78.38331204294334,78.39394964577401,0.010637602830669834
-12.030411621822438,3.986817718196704,80.98920924973876,80.98961416228435,0.00040491254559071876
27.664684244254474,-28.984222890719835,77.27755408494099,77.25514240459253,-0.022411680348454865
3.2296767396601638,-2.9403999401111705,81.5230878765603,81.50194583590086,-0.021142040659441363
-0.9040636684768302,27.557071208216293,85.0107702442109,85.03352616871457,0.022755924503670144
1.001559603597812,-18.894654969629556,79.37476994819887,79.3868904241098,0.012120475910919026
29.90325049789041,-10.437853978037445,79.1781745329233,79.20469936644673,0.02652483352343893
-6.123291225947106,20.795655528562897,84.43744183065252,84.4872125275581,0.04977069690558267
25.260260552421194,5.7250766750166875,81.56690396149658,81.5676153592562,0.0007113977596162613
22.76447262301857,-28.416602977606445,77.93556289983002,77.92794453416855,-0.007618365661471671
6.554772209937859,19.904372065126623,85.205381317492,85.1779278912205,-0.027453426271492276
-5.141297274533592,-30.610395645899438,77.92795753760974,77.95973541610363,0.031777878493883804
25.617434048069782,-22.679129030044606,77.47991929226235,77.51067930397373,0.03076001171137932
-21.07809956422721,-8.781207851587872,80.2767231964822,80.28653637947099,0.0098131829887933
-30.292759471753016,-4.588178101802178,80.38783354861462,80.37019921669891,-0.017634331915715507
-30.603024690374788,-21.631390153687477,78.59773313345069,78.58914819554984,-0.008584937900849354
-25.139824600675908,13.40713929679918,83.0385845057424,83.02618565022057,-0.012398855521837504
19.97232261764691,-1.3027199616777665,82.37971069954766,82.3802041627592,0.0004934632115407567
-18.766590861387762,30.374288435914465,85.55649276789089,85.57879301280626,0.02230024491537108
11.107691887899357,30.524095657317062,86.92968112845672,86.89581737275188,-0.0338637557048429
-5.421875179566825,-22.496455318474624,78.5322440852003,78.55618830302213,0.023944217821821212
21.43662847974715,16.322713240860892,84.58414796137497,84.56428085453643,-0.019867106838532322
-1.8152484068829864,30.8398978113294,85.17533301156591,85.17336000416562,-0.001973007400295046
17.290205748297375,6.433956625698102,83.09551509176497,83.11320392050933,0.017688828744368834
-6.577678279884694,4.951515755791476,79.81794282170333,79.80510556832851,-0.012837253374812008
-24.224388105411613,-6.266644309972158,80.34921874452533,80.36857354027673,0.01935479575139709
-17.929670128955458,-24.38343391602993,77.77308757510578,77.77403188652943,0.0009443114236518113
14.523629101804154,-27.660373342738893,78.6749489354038,78.63614293823235,-0.03880599717145117
-10.860949963210913,-15.40042809965854,80.07683084733935,80.05405535111605,-0.02277549622330355
-12.716894024864843,-16.551972679241217,80.10203448333031,80.08191155367007,-0.020122929660246314
0.9830967904333292,2.231827629503364,81.93280799209288,81.89844510416478,-0.03436288792809705
-27.36437745826059,-0.1916560529133946,81.13678419196566,81.12847179240234,-0.00831239956332297
12.04403795033381,19.4018467292666,85.0568077404797,85.06045308878291,0.0036453483032090617
-31.850151765450086,-21.980060296884858,78.56359197740868,78.5629315680541,-0.000660409354580338
29.018603609258875,23.636380191403397,82.11132293199807,82.11422588155557,0.002902949557494594
20.12187718320329,-11.367813993666054,79.43401814264733,79.42792768088593,-0.006090461761402821
-18.725974733249913,-12.488849477210195,80.26744733717669,80.27418285010741,0.006735512930717391
24.23939950453608,-28.89196119951479,77.73104646896283,77.71186275779951,-0.01918371116332196
13.158074021425016,-16.915786193930956,79.90387881955867,79.87196390500941,-0.03191491454926165
-15.835729159541444,28.22148091095862,85.59280847693324,85.58864400989086,-0.004164467042386377
-14.892638073510497,-26.90702664871209,78.48795139872773,78.51804215398266,0.030090755254931878
23.85109915847829,28.65864599838521,84.11497127678665,84.11497207309534,7.963086972040401e-7
8.821781371031896,-12.210162330601818,80.37356162795292,80.38322259218057,0.00966096422764906
-1.0507367524691062,8.98716004625021,82.24700572786314,82.24652893959772,-0.00047678826541641683
-23.14738312363599,26.434509348548595,85.14210420918079,85.14447714079907,0.002372931618282337
-31.61172714775055,12.267367175753563,83.28867694031128,83.28657187144921,-0.0021050688620647406
17.94407185933313,7.324918412276887,83.3168312252299,83.31990908150189,0.0030778562719859792
-5.6898433065137795,1.017294278554651,79.99998759531248,79.94397069632953,-0.05601689898294637
-26.917245900378433,-0.14745540254057232,81.11163130311179,81.10864004136275,-0.002991261749045293
-8.04385919921615,-16.02527140107265,79.8451008142874,79.84641864486429,0.0013178305768803966
-20.835558741556014,0.8438533660218823,81.01895427833085,81.05547163927818,0.036517360947328825
2.7256121270281355,9.423018727323871,82.9319257201481,82.96999462840279,0.03806890825468656
17.47136236968671,28.360209501677502,86.74821466736364,86.78733309635584,0.03911842899219664
-0.8907402994773648,8.856930257394225,82.21860336789436,82.23117189079822,0.012568522903862345
-8.523319936686853,20.053220247981635,84.42292142723436,84.41871347043417,-0.004207956800186707
-13.3496507963292,-15.405403800900217,80.19714505345591,80.16091134566192,-0.03623370779399693
-7.272970273525139,-3.9363093791698063,78.83902704346254,78.87536702878195,0.03633998531941529
-14.669938946860611,29.62648928032273,85.9644499616905,85.95458861116083,-0.009861350529675406
15.438001441266614,-22.459669070367163,78.93746913344955,78.93737583661967,-0.0000932968298883452
0.6520619481221885,-4.813293139894704,81.44534815459618,81.4425453919831,-0.0028027626130722183
-28.87120256304874,-25.516814055685664,78.08629042141803,78.08307886689282,-0.003211554525208271
-13.45639229816694,-8.980249648858724,80.3307245467576,80.31994030503793,-0.010784241719662191
-20.979603302434498,14.473404959957897,83.29178110699264,83.29132383395188,-0.00045727304076592645
-16.973842678880324,-14.300057392264392,80.25359711986174,80.2411973885129,-0.012399731348835985
-22.27442774937174,23.144482031157537,84.60431342018913,84.63605134419417,0.03173792400504283
-7.938876697365799,-10.157315385980006,78.32542627667823,78.30945046920678,-0.01597580747144889
1.3958142226415973,21.28958357893523,85.10171062036044,85.12664853748538,0.02493791712494442
-16.6022968613119,-5.219009350002352,80.71526948414628,80.67049177623684,-0.04477770790943225
27.535221816336424,10.36601434005155,81.79245870966247,81.79017343032696,-0.0022852793355099266
-17.01025221059519,12.384362919906565,81.78973436753893,81.80693539213175,0.017201024592822023
-7.552717049788889,-9.670750585688474,78.25802530690757,78.2532298240484,-0.004795482859165645
10.472679166962777,19.271066902602257,85.15886793860503,85.15874044165405,-0.00012749695098079883
-24.923108076828818,-19.939809881598038,78.72409881942966,78.75226428017784,0.028165460748184046
31.247587079739617,22.435306661183965,82.015135664677,82.0214258131869,0.006290148509890514
30.14766124979728,3.4244381008901428,81.01384508918893,81.02431208320903,0.010466994020092102
18.459960397789537,-10.092002546517278,80.78363432172577,80.78301800858424,-0.0006163131415348744
-21.070734584898794,18.18559212209199,84.21336214611827,84.21295261145187,-0.00040953466640303304
-21.278907242122877,-25.921950644330003,77.90556913422907,77.91117204931217,0.005602915083102289
-31.251371816578512,-29.80172934739482,77.64233116813753,77.61617563921432,-0.026155528923212046
31.099435880984608,-8.295672252774729,79.66705592093214,79.69661008529316,0.029554164361016433
20.45923343151732,19.889043364120127,85.13007447189518,85.08488853073345,-0.04518594116173347
22.693057144265254,26.44127776824439,85.44224946589244,85.44793543692441,0.005685971031965664
-26.303793561333762,27.41552160593274,85.43265939488984,85.4329395486686,0.0002801537787604502
-27.21601300111302,-28.063078598780606,77.51000630891645,77.56778326940054,0.05777696048409098
-5.497427925934126,18.157795428933802,84.14258627938246,84.18088946206831,0.03830318268585131
19.434074497710675,21.033855564912386,85.7226300205535,85.719460446197,-0.0031695743564910117
10.976637520260809,-9.99101680700101,80.68354825372421,80.73098218139833,0.04743392767412047
11.20136175607103,-30.999607214156462,78.34961595497555,78.40211814890827,0.052502193932724595
-0.6787984796750095,1.2648914888147544,81.61230844570134,81.58708382728032,-0.02522461842102075
13.981263944284386,-1.0592458410898757,82.2486962711413,82.23533251745198,-0.013363753689318969
15.264654374721466,-16.786762713129697,79.80910576352395,79.83033872928564,0.021232965761697642
16.666279528169632,14.383231078464625,84.64541368872969,84.67346039653518,0.028046707805486903
-25.616476937220092,-12.039726829422058,80.15019268468414,80.15552535249557,0.0053326678114302695
-12.963280694886599,-3.502498552062306,80.62720071554115,80.64010255313181,0.012901837590661103
-8.62562685796886,10.92465464207325,82.27787765697731,82.28354149952466,0.005663842547349418
25.43335490400444,-19.257492635401988,78.06982359112425,78.06872745796439,-0.0010961331598622337
8.718775652748512,31.43643883658965,87.17496921336061,87.12536573549062,-0.04960347786999364
-6.16925717466502,-6.944942151904613,78.50383177727862,78.51572315135101,0.011891374072391159
-7.09347850384782,-21.31768727565578,79.22027712349433,79.19999214000856,-0.020284983485765906
-14.052068774294497,-2.3884189785745207,80.70594316473009,80.72768695357634,0.021743788846251277
-17.300524925604364,13.805572629850289,82.21475366032689,82.27275168949987,0.05799802917297825
5.947623190389763,-26.65326619724088,78.85492097128338,78.84420622992359,-0.010714741359791446
1.791439312761156,-28.42933340640645,78.40263069007929,78.34539598331831,-0.05723470676097975
-6.444792759686678,24.6859461535889,84.85664668636151,84.86620099664408,0.009554310282567258
13.608194515607586,-1.0117586502040012,82.20003290039818,82.18273376105371,-0.017299139344473247
-6.547221858097764,8.089154970861657,80.52521880919636,80.56087526554691,0.03565645635055148
30.459417952709167,18.61122089706241,81.94727644073353,81.95539327542674,0.008116834693211672
9.429588734250999,-11.24170312419303,80.49711401753673,80.51550568004058,0.01839166250384494
20.547788498743977,28.1461483575385,86.51333111777873,86.50916678267298,-0.0041643351057558675
28.976509709543826,-4.915325941542136,79.94929982768792,79.9521357860408,0.002835958352875423
24.92547646965692,12.3445114848707,82.60436465063773,82.65917059810334,0.05480594746560996
-12.181595227406575,20.912421288776905,84.76860550120892,84.84701178867634,0.07840628746741629
-4.349247439518464,-1.2145549772518578,79.95443533471297,79.9606885659851,0.006253231272125959
10.831849445149082,-24.745629716054196,78.97724158838373,78.93649844045629,-0.0407431479274436
25.47516840241012,14.39198449381476,82.35908944844881,82.35943052624792,0.0003410777991064151
2.0371869607437745,23.94678478289194,85.21694587772308,85.21850663022016,0.0015607524970846498
-5.395598699519184,-4.430038213341206,79.14654787691968,79.14541756273292,-0.001130314186767123
-20.618745623899812,31.916437306679228,86.17813612660083,86.13882693877562,-0.039309187825210756
-7.10520188797171,31.42892530431582,85.21278306923887,85.217098452543,0.004315383304131615
-25.401688695103438,-4.752715879757524,80.3992400190551,80.41303404300385,0.013794023948747736
-19.011059486206534,4.732969101569864,80.9433496633133,80.96131038754086,0.017960724227563674
-26.126207655740977,-2.071262528555046,80.6126515958037,80.61340182342752,0.0007502276238255945
6.142803321979663,16.40982568098822,84.59289112657537,84.56482122203413,-0.028069904541240476
28.297258512981116,25.234469507439663,82.21673148031887,82.21672757853288,-0.000003901785987636686
21.527759617229016,7.760606461835238,82.73056477852107,82.71782487218049,-0.012739906340584639
3.1555626094583715,19.541962811789467,84.93344769116305,84.90346859193963,-0.02997909922342501
6.426664824188208,-1.9684700571539722,81.58106198048108,81.6252162482478,0.044154267766714383
-6.506976316327567,-15.59511551471926,79.65699163117606,79.63511360737068,-0.021878023805371072
-16.55937350305821,13.075025533487072,82.04588111296633,82.08832098937346,0.04243987640712987
1.4991339460116677,-30.116508641248316,78.10219538555955,78.0992112493555,-0.002984136204048582
-23.618074491992196,-8.967080463126827,80.25159855246282,80.2782565067886,0.02665795432577056
27.839342557591777,16.540362874722994,82.02371489982363,82.0233565512505,-0.0003583485731297742
12.276401492754452,20.41460085492399,85.29371386638209,85.29371539606282,0.0000015296807305276161
5.801687684137576,-13.833867762831574,80.18391109097752,80.17102507892177,-0.0128860120557448
9.254320915877273,-25.201187581415738,78.89120348947408,78.8817453818075,-0.009458107666574733
3.7187165719674553,15.854631377894066,84.35167002210329,84.35659838399569,0.004928361892396538
-5.1930844238521345,-2.33567329265572,79.43118268175718,79.4737400883543,0.042557406597126146
5.029353159207865,9.061440233646643,83.28800286819151,83.2116165985791,-0.07638626961241357
-9.342236650309665,14.616109841305061,83.44433664300747,83.42716925720197,-0.01716738580550725
-1.8986288883072149,-21.49465840416525,78.76676192258597,78.74672339208688,-0.0200385304990931
-3.608030220554596,-25.288568470571434,78.26003768995865,78.27249677786467,0.01245908790602357
10.206067840059063,23.408843198279477,86.08330171518857,86.08228816737093,-0.0010135478176351853
31.794910113977075,11.51276149157411,81.6682305536464,81.60445854016457,-0.06377201348182382
21.94675008212323,-22.967634760920888,77.4076052810199,77.40757918845011,-0.00002609256978303165
-8.495635577733594,-1.9532225174870845,78.94993895562837,78.95013232723134,0.00019337160297538958
12.768652001516777,-22.15897827259161,79.02666793167478,79.0814321136812,0.05476418200642286
-15.682839127934677,-20.415229015124595,79.32149029198817,79.33225142126683,0.010761129278662906
4.852704605521595,-19.361350970112056,79.55605086315094,79.52397914626476,-0.03207171688617905
16.1573899745621,-27.93690487841217,78.49336663838139,78.48796069239397,-0.005405945987419614
-21.253431655113324,2.7259686297813985,80.96050139554146,80.97476211797475,0.014260722433292017
-2.9264976131156075,4.248940508170534,80.93955153365376,80.93520988933021,-0.004341644323545779
20.499374916738667,-18.693592272152884,78.29158534262547,78.30840120596584,0.01681586334036922
-23.816859944860504,15.369316896894787,83.5396040250059,83.53852179468093,-0.0010822303249682363
-12.892697014361111,-14.933233514883227,80.20546354339352,80.17899179961039,-0.02647174378313366
-10.311321359474078,-26.899453990092496,78.73838564518181,78.74690097607811,0.00851533089630152
3.6661265104196943,-17.453201184243532,79.69917189437889,79.73093464059883,0.031762746219939686
-7.6313542972485,-24.378517968080104,78.3465301250334,78.33945564755159,-0.007074477481808117
-18.752161002468675,1.3274017647006673,80.96834546669602,81.00600048602057,0.0376550193245464
-15.724583645093901,-9.019248866712495,80.31504673632037,80.31634628538833,0.0012995490679656996
-16.583760005983393,23.725272598181178,85.01956138999665,85.04502835925338,0.025466969256726202
-29.025482398810404,7.155863639917584,82.12891589512027,82.13442003749506,0.005504142374789467
21.725998572763004,-27.88269149126547,78.09728827275407,78.09860978422618,0.0013215114721134569
16.341905273415506,15.107895754083344,84.85550818866723,84.81789979108655,-0.03760839758068357
19.168281526261133,-19.660748939312548,78.31760594065426,78.32000284846835,0.0023969078140879674
-20.25655928264632,-4.33593148288616,80.60372590708587,80.61643020853319,0.012704301447314492
-12.926491951300576,2.729836354765318,80.93416699095172,80.93877190273876,0.004604911787041033
9.280390694982273,-30.686734961459955,78.3082084338277,78.3312616705427,0.02305323671500048
19.491057475415552,21.469639222923284,85.89096073540489,85.85389970698883,-0.03706102841606196
-29.90976966640259,17.511602585437217,84.09626469104008,84.10024563190386,0.003980940863783644
28.27623824960282,1.2905466315148857,80.68220097581923,80.73431218011373,0.05211120429450489
6.454220179401176,17.59071647168988,84.80351141580462,84.76755855615035,-0.035952859654273084
-0.6874985173647872,2.8946932510345533,81.62874437850694,81.61629414400646,-0.012450234500477109
-8.200634849470589,5.8694282177042965,79.36735965098029,79.34543979958354,-0.02191985139674557
-5.137680156392236,5.063568945981345,80.26725649578981,80.2535091308139,-0.013747364975913001
5.640113186936972,26.530536530625334,86.29959825233058,86.2983846205429,-0.0012136317876780822
23.69667222781328,-10.916539591179216,79.07142867598228,79.07663549035354,0.005206814371263135
5.882915260377999,-22.133196143721023,79.27136517014472,79.27047861078036,-0.0008865593643605507
-26.781683171476757,-12.059154810869245,80.09126651937717,80.0641787445057,-0.02708777487147529
-9.15985874486821,12.419995943540243,82.91190551688385,82.87674267581019,-0.03516284107365664
-12.189098772167405,-9.114074426865201,80.32391477074634,80.32284613258493,-0.0010686381614135598
16.523462263502452,9.829866709861577,83.84912871296231,83.80272535710772,-0.04640335585459354
6.473123436042734,-25.389656960515737,78.93390923663115,78.94398066805586,0.010071431424705679
19.120606512061144,-28.078933654339593,78.38382089132591,78.38324852918701,-0.0005723621388966649
-28.950263149252066,8.3769727274437,82.29805855076941,82.33163471692461,0.03357616615519987
6.383680048942487,28.348944274881532,86.6717567768362,86.63521771041313,-0.03653906642307447
-25.51366613445809,-4.850688158076956,80.39304404467464,80.40530798278193,0.012263938107295758
28.75945218616034,-16.05967331051383,78.52187258825654,78.51978104666273,-0.0020915415938134174
-9.116871173294477,2.042835888007538,79.16713056475888,79.16690741652839,-0.00022314823048930066
-14.172495198477378,-1.9990996608645943,80.73983483003428,80.74535744120647,0.0055226111721822235
-14.212865975131756,-14.144107574385707,80.23950749553364,80.22878811709994,-0.010719378433705629
-31.022586692527142,-11.264992903773525,79.87752227393676,79.8856649255122,0.00814265157544014
-7.7040961752634445,19.20234132576725,84.30209554681275,84.30687326717789,0.004777720365140681
-30.459394818088427,-7.888162651250582,80.15766275744475,80.12471190705759,-0.0329508503871665
28.599367209158267,17.083654913591246,81.99930283217047,82.00011474868377,0.0008119165132995931
29.912417661038404,-22.70977210210379,77.46979140660575,77.51887343164474,0.04908202503898451
-21.31889703144114,-28.5912870982989,77.49893405748011,77.52256548880622,0.02363143132610901
-23.56965050775638,-15.604968879143826,79.63585237346257,79.64055107877897,0.0046987053164002646
4.405456391830938,-24.05085754538186,78.93297500485554,78.93508940026004,0.002114395404504421
-23.438445252617896,-12.115755163774068,80.27158476300578,80.25965741598091,-0.011927347024865753
-13.589795323348156,24.18372943359318,85.23546950483633,85.23829045490642,0.0028209500700882018
-26.349390560496794,10.800121590970967,82.465534231323,82.46897018999856,0.003435958675552797
-30.85323206203413,-30.133023050732994,77.61701016986258,77.60006546247178,-0.016944707390806002
24.87426573046242,25.43525554317126,83.99363366075613,83.96605123765941,-0.027582423096717434
-2.2199885015207244,-9.623911449286389,79.6586791179475,79.64716382961284,-0.011515288334663865
-27.82474689000474,18.495455824753186,84.16551688498916,84.19126144472935,0.025744559740189743
-13.272456733592136,-21.537167789015115,79.84470392980916,79.82523003271099,-0.01947389709816605
-18.81684095839438,-29.986777374277224,77.44737767711982,77.44818420964096,0.0008065325211390473
-22.79211202616731,23.08340964812745,84.62445497544068,84.63613317873266,0.011678203291978662
7.267881480782734,-30.164621222620838,78.34313573309024,78.35561016591187,0.01247443282163374
-3.315433813796986,-30.58278187662318,77.89869955218121,77.85640457432179,-0.04229497785942726
10.358604124931581,18.753061276009277,85.03853901920728,85.03680236769613,-0.0017366515111518765
0.5449800081069753,27.394501422801547,85.09513040895504,85.09067091805689,-0.0044594908981565595
25.73890069958606,24.867195527115122,82.94110920218372,82.95415394478678,0.013044742603057102
11.824773794879015,30.044407709957135,86.67528357325833,86.67325686526122,-0.002026707997103472
7.258076366840115,7.779108465964974,83.08645757739825,83.08730430028619,0.0008467228879425193
6.877294187631335,8.485519874650741,83.22267114225411,83.20976001840002,-0.012911123854095763
-11.676976778460997,30.28489314182041,85.60049257634016,85.6112915297481,0.010798953407942236
-0.8351865621091008,-9.731955035644582,80.1047998146149,80.10162476737553,-0.0031750472393810014
23.830762091140613,25.347207757963425,85.04570178117766,85.0502514500103,0.004549668832638076
2.8349986707948034,15.820212890045504,84.2873249255654,84.30116711800754,0.0138421924421408
12.317909838429486,-28.993324687566165,78.64763913878458,78.65487337747867,0.007234238694081796
27.700885307259988,-0.6365233041137373,80.48277833715952,80.48458195732412,0.0018036201646083327
21.247864860061597,3.3637890668591695,81.82385283035511,81.79016807880637,-0.033684751548733516
12.891610402446155,1.542484276148059,82.29071017015181,82.29221985772004,0.0015096875682303335
13.042448406452323,5.905830230571972,82.84276283824131,82.82404876070377,-0.018714077537538287
-21.47685782634627,-9.280685550324833,80.25999660474942,80.27143232843963,0.011435723690212285
7.010474471529321,-18.465104861416187,79.62756614852957,79.63183122856212,0.0042650800325532146
-0.5660761850278817,-7.751240817014626,80.6586509335011,80.65207399820187,-0.0065769352992219865
13.979355082638016,-19.022968998675452,79.58715114118607,79.56440855628688,-0.022742584899191343
23.27267766414706,-11.02666344280209,79.06916736351157,79.08641765740772,0.01725029389615429
11.028884058313722,-2.3114055808470653,81.66902651574162,81.67805865383652,0.009032138094895004
-16.177662029523376,-29.53954161011702,77.47572256713926,77.47348688960815,-0.0022356775311038746
-19.09280804939494,-0.2932097137275278,81.07649148357912,81.07194831854993,-0.004543165029190277
15.663005887886811,-3.204807072333786,82.07781499912184,82.13611403304483,0.058299033922992294
5.908324137256876,10.549401545881906,83.56906123625137,83.57382796791927,0.0047667316678996485
14.693094738269572,19.614986434904374,85.14492999588012,85.16048017233132,0.015550176451199604
11.006098695643885,11.30017861777766,83.84009358991857,83.80012089331748,-0.03997269660108316
25.76392729763994,14.253806906000023,82.19770513915995,82.19780920430044,0.00010406514049066118
-2.5919303472508943,24.596447739990325,84.88103025795421,84.8805615230314,-0.00046873492280496976
-13.258575322649428,27.429249295572326,85.5260470842831,85.57051140193539,0.044464317652284535
3.662673174886102,9.445906601686772,83.10536784956881,83.16993631606447,0.06456846649565762
1.6801806272372488,11.511323321907298,83.36100743696096,83.37082155173927,0.00981411477830818
0.38638591452667015,19.22431456188334,84.69980905349014,84.68256657250696,-0.01724248098318526
12.895022387270224,-6.945133296548676,81.37669434208618,81.38730252240738,0.010608180321199256
-29.680123319249773,7.968014685318728,82.28866230310922,82.29922501762734,0.010562714518115968
25.525103343099772,-8.480535565570214,79.33890641350858,79.3398648580366,0.0009584445280239606
25.846358728037117,-12.301476656472587,78.85095023711662,78.8549688137754,0.004018576658779693
9.766396416002245,10.688819862426215,83.71946661885048,83.71149242941927,-0.007974189431209311
-11.32545440457362,-31.74925858059843,77.56168910777951,77.55376289357636,-0.007926214203152426
-14.002486488836887,29.006031298583352,85.82289696741972,85.81049605687554,-0.012400910544187127
-23.802085809180703,3.519917731791736,80.96743393852167,80.978640916284,0.011206977762327597
-21.303545835795596,16.80153128325759,84.04806999010802,84.03007525384696,-0.017994736261059074
-24.451580210356745,31.4583283164851,86.20552607577989,86.22803081605944,0.022504740279558177
-0.5525693614945837,11.750858946350242,83.18898195064872,83.17667739004757,-0.012304560601151593
-6.8701160604695275,-30.958417437967825,77.89894891216207,77.89895627048347,0.0000073583213975325634
31.374949703980363,9.420562708386875,81.5740810154225,81.55485891837581,-0.01922209704667921
-22.135936436450805,27.43352971732353,85.09335866837412,85.13177506079883,0.038416392424707624
-10.316159738105036,-13.584845537751754,79.99970008996374,80.06127700108472,0.06157691112098007
25.95174877357318,21.651821560434456,82.27232527969976,82.27204122949054,-0.00028405020921695723
-1.6461929480867354,-21.513458707063457,78.75696883037344,78.73396126535717,-0.02300756501627177
-7.1014310673215135,-25.30433542559097,78.31450325801529,78.3030771655407,-0.011426092474593474
-0.022548030712115974,-23.738237985403337,78.46134224690675,78.48645019656466,0.02510794965790808
-17.00781391455034,31.435649068669605,86.13559035964136,86.13510084414077,-0.0004895155005897323
31.458723367873823,-16.832782414259327,78.3655517574269,78.30227135732274,-0.06328040010416203
-9.807594045045668,3.0111219491498105,79.6294876982399,79.63199208452576,0.002504386285863802
13.055516181709457,10.259251389782229,83.85133653268181,83.84024304893438,-0.011093483747430355
-10.561079320215661,-18.74978525467334,79.79675963524883,79.80187333504988,0.005113699801043481
-10.711370346543895,14.528315152690439,83.30469071853247,83.34481037764849,0.04011965911601578
-26.88795026544848,0.018795896926711464,81.15959728049215,81.15942327877286,-0.0001740017192872756
-15.517715514724628,12.006773994499248,81.86504590441139,81.86670510660247,0.0016592021910781796
-1.7744245071156826,-29.123689237535466,77.97480056488757,77.97287332698437,-0.0019272379032031495
20.61687798738798,-23.406742432149258,77.47186334873945,77.50481752532077,0.03295417658132749
-16.090508611815793,-8.185172947509884,80.3412752938363,80.34537814285041,0.004102849014103072
-9.739172622036719,13.30061583653928,83.1228169379505,83.12501269023015,0.0021957522796469675
-27.072988943233057,2.620733466912597,81.55762086746397,81.54704262937364,-0.010578238090332093
-27.773974676982228,-17.124545116314287,79.04904325103531,79.10803874379525,0.058995492759933654
-1.9631611720513504,30.225957800142886,85.11166493522191,85.11029542695704,-0.0013695082648723655
-1.081974168171513,9.665227360049045,82.46372231366564,82.45772054095053,-0.006001772715109155
10.432294425461144,-15.713911718613161,79.99424754762244,79.98969656787897,-0.004550979743470407
-1.0185814919241878,-28.18339640063453,78.06983809937792,78.10791862077579,0.03808052139787321
12.840803743319874,-25.406638760140986,78.82189198301309,78.84751215588447,0.02562017287138474
-23.568448613995805,24.097414891867572,84.79066897531482,84.7935656560601,0.0028966807452803778
-17.79778766576559,-0.7863929709293416,81.02347606676376,81.02808869091717,0.0046126241534096835
13.197469441252252,5.701140982301993,82.77832016465597,82.78002623394941,0.0017060692934478539
-0.5396103021482901,31.691793768706482,85.25468077536854,85.25631848831858,0.001637712950042669
20.210497185010638,-0.6374365311325008,82.26554495907845,82.26890367676397,0.003358717685514989
16.013518341769213,24.281290375253597,86.29590211742396,86.31617876790114,0.020276650477171643
13.139335747606559,25.601598241386824,86.41240089302498,86.40896060252118,-0.003440290503803567
12.046085434837103,-30.899983366280047,78.46421137353711,78.45576520244953,-0.008446171087584275
4.237579385800444,2.7998659611893686,82.27073105578862,82.27546870714232,0.004737651353707406
-9.488190086960678,-28.819268611754275,78.03917557484694,78.0349124477695,-0.004263127077436479
2.257510980382527,-25.793862708594908,78.66579114514207,78.65983719325081,-0.0059539518912572476
-0.421690766906444,-6.156516008119482,80.98747613338591,80.98713211262874,-0.0003440207571685505
-18.560018135643418,-30.197937491137083,77.44063081830339,77.44197793713808,0.0013471188346869667
-22.816462197465704,-11.065142581206004,80.28365987025316,80.26367080094006,-0.019989069313098184
23.729617208581345,27.263052361056722,84.75762758490418,84.80486073162095,0.047233146716763486
15.05589999703406,-19.205720117818544,79.3313690786882,79.35216603039186,0.020796951703658806
18.990895273644043,24.535890208341407,86.29155686462596,86.27929692683959,-0.012259937786367914
-3.3777627839943634,21.502879862148696,84.62800876553317,84.634027271024,0.006018505490828829
-13.779105007761558,26.99682692577486,85.53458209792899,85.59339918808942,0.05881709016043146
16.692539452382142,-22.315716336453463,78.80568439798306,78.82624175839148,0.020557360408417935
-9.582242620253922,12.566495484724712,82.90397324821075,82.89582492220595,-0.00814832600480031
-11.69451118374807,-2.6353443014894893,80.514928503106,80.51296612552137,-0.0019623775846326907
24.69622413645684,21.485600086018387,83.30187845717516,83.30401564111345,0.00213718393828799
-15.016134142164084,22.42350463483448,85.04755393131447,85.02445860056221,-0.02309533075225545
10.374824877282443,3.9366149351209643,82.38282418416674,82.3488673200435,-0.03395686412324039
-28.89443182238208,-24.0236633281336,78.37043961081388,78.36080628299176,-0.009633327822115234
13.187309853723406,-26.935878884425357,78.76696046963944,78.73088617092944,-0.03607429871000534
-14.156666378834892,-6.164356157422027,80.4789744366134,80.48281138509999,0.003836948486593883
7.338051252367933,11.509964843166088,83.80957134424327,83.79495472006812,-0.014616624175147308
-9.271497375866517,30.6126088533927,85.25292228216136,85.2534115016645,0.0004892195031374058
-15.38574895607475,26.00026891334229,85.426354571189,85.41039919228315,-0.01595537890584353
-24.690337062107048,-15.078619832352715,79.66691564479218,79.67084774917684,0.003932104384659851
-7.144596817432074,8.174214533188064,80.4588950576956,80.50680629649176,0.04791123879616066
7.656504560640045,5.056104333058769,82.59744231785979,82.6068582215084,0.009415903648616109
16.23689891890848,-5.6782807922306375,82.33538158758446,82.33309159722815,-0.002289990356317162
-26.407630605564144,25.988491783274746,85.07560941847707,85.0770467814132,0.001437362936130171
-23.587255992384208,25.140510099207447,85.02471172200933,84.98930351091121,-0.035408211098115316
-3.4133035412687036,-3.953409277245555,80.05311391472765,80.0538791763874,0.0007652616597511042
4.065313817677804,11.260080543169536,83.65319533387242,83.64277732256073,-0.010418011311685405
-14.244253715498495,-7.856010494180751,80.37633165995133,80.37888345902397,0.002551799072634253
20.03680848706049,-5.093404811728377,82.33906998451027,82.3400571349781,0.000987150467821607
-13.275427298816986,15.82558026135527,83.2822849012912,83.2967873442559,0.014502442964698048
19.334875121366608,13.778155744402511,84.86487998302383,84.82726864260566,-0.037611340418166606
31.87369739561379,10.827016090385229,81.63092383925809,81.57507998928185,-0.0558438499762417
-29.670650341402407,22.290750619836878,84.86509466607137,84.82165349256998,-0.04344117350139243
-7.204049883966448,9.1060413689518,80.96002465869473,80.99161051797351,0.03158585927877766
-31.334022245368047,-1.098844395652847,80.97205935354008,80.9581099694371,-0.013949384102971862
-18.30782275131964,-12.208394032080896,80.25341882178546,80.26057845763216,0.007159635846704759
-22.630510739319618,2.3353437247751927,80.99170861437702,81.00007882688321,0.008370212506193297
-1.887025395672893,-1.1825149902907341,80.86653042435509,80.90217979949209,0.035649375136998174
-28.30481394814155,1.4006974899274311,81.47582786799244,81.45563538772619,-0.020192480266246093
21.289455602804985,-9.226870943299275,79.96051222409797,79.958806969583,-0.0017052545149738307
4.083261177635144,-6.344257851156144,81.13265410617383,81.15179808111974,0.01914397494590503
13.937941502434704,-5.00049201666571,81.74707675795392,81.82182048231306,0.07474372435913779
-1.8721585739486883,28.13907704783712,84.98214264126318,84.98970175168564,0.0075591104224628225
22.10580972691919,9.01418546994232,83.11739663531552,83.11716466185116,-0.00023197346435210875
-18.3728066212921,-2.9684867098263368,80.8472437503815,80.87592802940648,0.02868427902498638
22.13058211458631,15.199851164562851,84.16172573351736,84.23413231833393,0.07240658481657647
10.120086066705348,-19.076821913537927,79.55374895020256,79.55345385708823,-0.0002950931143317348
-26.843191247983924,30.2534033235436,86.23525736419259,86.23247933907172,-0.002778025120875327
12.521864603281252,6.29047924471277,82.93429325035767,82.92267890116646,-0.01161434919120552
-27.64246806147591,-4.938002040525092,80.36066868401272,80.36253753462579,0.00186885061306441
1.635339994313476,-7.644664281381154,80.91278664728105,80.93801460806962,0.025227960788569703
-15.631711807520183,-9.573212598497207,80.29087114902529,80.29847640656202,0.0076052575367242525
20.09875966797533,29.58847319275415,86.6775830825815,86.68918309831665,0.0116000157351408
-11.885698765190284,-3.8162649029588565,80.53893637555026,80.53749909526998,-0.0014372802802853357
-30.47110717267391,19.047552406576266,84.28462294384055,84.29767461424105,0.01305167040050037
23.22952939821794,-9.464853317543266,79.32108588587154,79.30959462398056,-0.011491261890981264
-24.54796339957491,-10.566555787493613,80.27536604151503,80.27394408817258,-0.0014219533424437714
-5.026017647210509,17.49079788991576,84.064884400159,84.14241757992026,0.07753317976126084
-5.084373869654129,23.100443959341405,84.75092709140634,84.74848827195909,-0.0024388194472493296
14.165216446318013,11.28852120123819,84.00865699268915,83.99365659242874,-0.015000400260419156
27.405629740360858,15.938801037741264,82.02627513272063,82.02559392659198,-0.0006812061286467497
8.815196797611954,2.33957266135355,82.18264410558297,82.18403980414064,0.001395698557672631
-28.74386765539205,6.843442051574449,82.0708597460323,82.06184051796275,-0.00901922806954758
8.456979865494795,10.89634042685487,83.70489806817777,83.71356389473165,0.008665826553880152
0.744414517724266,-4.843689532840472,81.45206957958919,81.44760754356247,-0.004462036026723126
-20.419422708509394,19.193324582290877,84.1437651812537,84.13583277901547,-0.007932402238225222
15.086199379151118,-25.65257885427627,78.67577953038,78.69361792441158,0.01783839403158538
21.87682177517626,-18.034209311447135,78.32868346830777,78.33660510629413,0.0079216379863567
13.362829100706563,-31.199744309755594,78.51013585085396,78.46984283766041,-0.04029301319354772
-24.053082869204054,-10.066612653576158,80.25658896991028,80.27891193513872,0.02232296522844024
12.688808672594021,12.033272766411024,83.98271726321826,83.96118137825168,-0.021535884966581875
-17.799868044227573,-28.21550548373544,77.55510819218036,77.55104270535148,-0.004065486828878306
-21.593019542629698,17.29477200820463,84.10964380533972,84.09432135885649,-0.015322446483224894
-0.10358905418294029,-28.47379745625097,78.14065699700674,78.14331765768857,0.0026606606818262435
-27.90083998311215,-15.158321125352629,79.39100586579481,79.38674422768602,-0.004261638108786769
-17.751505639800335,-4.554028218260953,80.70028740968075,80.67742691881408,-0.02286049086667674
-29.118071521796928,-26.011459608057834,77.97295834399596,77.97340759393013,0.0004492499341779421
-12.191649242310696,-3.206148578463349,80.61605500791177,80.61022165293834,-0.005833354973432847
-7.234722165463381,-31.434881029316088,77.82454594183544,77.8245527745518,0.000006832716366034219
-0.3762990447387864,-9.469411708851169,80.33444418529578,80.32767826579001,-0.006765919505767215
-19.284537359443362,27.991877383527864,84.9896948499429,85.00847660943626,0.018781759493364802
6.975083489065142,30.67519753611098,87.0610703227205,87.02222609742907,-0.03884422529142739
23.176918088287714,-24.42935814504149,77.31862347945777,77.35869350196548,0.04007002250770597
-2.6170841927620643,-0.3528246600054956,80.7456226461359,80.77062430346555,0.025001657329653426
-16.08921319974037,-6.20403269724622,80.62649675034916,80.61531884318693,-0.011177907162235101
6.256421892604386,6.844467854776859,82.9096352726657,82.910020928142,0.0003856554763075337
8.170740273951395,-24.987479612538408,78.88385804953853,78.88708694177879,0.003228892240258574
16.901677850514375,30.28917366133429,87.2293175415749,87.20235739789207,-0.026960143682828175
-9.532657468424482,25.24991310140672,84.98586448048295,85.01154785389392,0.02568337341097049
-24.18978985100538,-8.641330636047655,80.26426306936268,80.28418400210276,0.019920932740078
3.920102498275405,4.033227636117992,82.42906701881061,82.42767869744848,-0.0013883213621284085
-25.289526027423648,-9.937534140470895,80.26813843905927,80.27235715287546,0.004218713816186437
-4.6181778895828245,-7.4957414610262205,79.01961918598813,79.01896317355468,-0.0006560124334527018
-31.259973936183954,10.758060435019708,82.9607362065654,82.94800999184685,-0.01272621471855473
-0.8057129198073483,-14.52937557300001,79.71660772249045,79.7059214174583,-0.010686305032152177
-2.6589735372765446,-27.675065503064523,78.08265267833806,78.10217002022951,0.019517341891443607
26.37806208646365,-10.080056593678684,79.10704743758737,79.10963969771133,0.0025922601239614096
24.472937078614102,10.770601537857672,82.68393665610071,82.68378344472599,-0.00015321137472312785
20.644626085055762,-3.8546753239717972,82.29839719655055,82.30097766300022,0.0025804664496718033
17.90926423944564,-17.192036975804953,79.20768132228001,79.20625861146975,-0.0014227108102602415
-18.595366962913808,6.942671133207874,80.96732330771583,80.97351458981204,0.006191282096210671
26.081376224500772,-28.026398846952176,77.51578189420867,77.51567125934493,-0.00011063486374496279
-20.475683106676264,-16.735107941426506,79.62433320413861,79.61782266817389,-0.006510535964721953
-20.934449127870124,14.046476455478327,83.06092885860058,83.06078315911122,-0.00014569948935161392
26.73047404233583,5.152925205815791,81.4176591835594,81.41837985889889,0.0007206753394939369
10.98839610170728,31.206930167863554,87.25367172614058,87.20175949811376,-0.05191222802682205
-11.097031717083652,-24.618259828957598,79.71336933134113,79.69368991383271,-0.01967941750841362
-19.406722544163188,-27.212152676741745,77.58515621708537,77.58757729533201,0.002421078246641173
22.745307990179107,-20.575154163915407,77.93064476192671,77.92604144708443,-0.0046033148422850445
14.421801175149774,-8.232893623363964,81.7046322645227,81.70472980478547,0.00009754026277164485
11.046174502298662,28.129653728291345,86.60734936308673,86.60619790264352,-0.0011514604432107944
-8.815743141238073,-30.124978226353427,77.88868330048207,77.90836516544586,0.01968186496378621
28.35682422302208,-27.096585401141404,77.09951877197807,77.07546200454264,-0.024056767435425286
23.657946322597837,31.406493133616166,84.11061616043139,84.11848324424784,0.007867083816449849
16.630945481637326,-25.139965648749474,78.68526215293066,78.68561462270993,0.0003524697792727238
19.6546649607805,-17.510380327073833,78.72919080678487,78.72927014493212,0.00007933814724481181
-15.492523678494159,31.317231946108798,86.16413128135952,86.21403401304728,0.04990273168776582
2.089711495961275,21.986430202665346,85.3142339894847,85.30777489076156,-0.00645909872314121
11.200264446349877,17.682426144418542,84.87689668768273,84.87414504066004,-0.0027516470226913725
28.084079589302412,4.077324079724754,81.18824967428569,81.18793578345701,-0.00031389082867860907
-16.05288426829749,-6.545264861152219,80.5879070257784,80.56638316914483,-0.021523856633578475
30.176177735425505,-5.5328443043037865,79.86940627435507,79.87406485365291,0.004658579297839083
-5.587069457541553,29.488795576566197,85.14262918474017,85.14271748999502,0.00008830525484881946
18.387430314289965,-4.378600867447986,82.25032807550726,82.20802486021165,-0.04230321529560399
12.216499427429994,-0.3316756434645498,82.05152284035583,82.04638909024425,-0.005133750111582458
-15.973979669242425,20.405474022446285,84.43381423821585,84.43499376428181,0.0011795260659681617
25.249864653107586,19.36668883423779,82.52488770483181,82.54134211863966,0.016454413807849733
31.541996689343392,-28.072529250028822,76.76150597438968,76.7626928569721,0.0011868825824166152
-20.04001543871147,-14.269016198203694,80.1359790267883,80.13700542478628,0.0010263979979754367
-26.788779149636987,26.666980207875625,85.1862606251444,85.18608393025828,-0.0001766948861217088
5.661893024629144,-15.854784104249575,79.97780102629824,79.94365704894247,-0.03414397735576813
16.61144990221716,-3.0023977457112636,82.14494235655815,82.16339022808121,0.018447871523065373
3.220805410083898,-6.311766465118168,81.18984301236024,81.18141725196442,-0.008425760395823545
-0.6363887976834377,-5.164261751727992,81.06559449430463,81.05337497840337,-0.0122195159012648
-30.930550229978948,23.086042890733594,84.99820156610718,84.9938756262653,-0.004325939841891113
-9.572100718555149,-0.07083760320296761,79.33515908528098,79.3344275501044,-0.000731535176583975
11.819565452795047,19.455913980928244,85.09138938286993,85.09048684360569,-0.0009025392642456609
-26.237942515386003,-30.983924746928686,77.62695438862409,77.58875878377404,-0.038195604850045584
-2.6445717499811607,-18.656896190690404,79.42215830475791,79.4254127064513,0.003254401693382647
31.107562592561635,27.874598366972897,82.24963060518328,82.24889340059171,-0.0007372045915730041
-1.8640276309452162,-26.10565237530632,78.22366424117047,78.23029341737296,0.006629176202494591
-19.314611338149227,20.306149146668155,84.13695477122872,84.17716918864461,0.040214417415896264
12.234882599629422,24.87121478584811,86.36638822037077,86.35905347741502,-0.007334742955748652
7.411843198065739,-6.925319990594488,80.94979346557548,80.96903108076619,0.019237615190704105
-21.72547049752952,28.227176463901273,85.19726360103746,85.18753691968406,-0.009726681353399158
-17.92274689293891,21.51707937260641,84.5573611211618,84.56774433170314,0.01038321054133462
21.732948753625095,8.20344443406831,82.89859865547473,82.93979368567095,0.04119503019622073
18.526653746586234,22.22539767767494,86.22872669353731,86.20590158436765,-0.022825109169659186
14.035166447647597,14.55991536675888,84.6247490679998,84.62499738967152,0.00024832167171950914
-0.13223674774113192,17.71311600566272,84.41393055042784,84.41627338096417,0.0023428305363353275
-13.809736743999458,30.93674719268988,86.07691921791557,86.03576588302592,-0.04115333488965689
-27.59843684949361,-30.16564607463898,77.53336833614061,77.5590893451767,0.02572100903608998
-18.056950674616935,19.02040421567063,83.71034624422818,83.76620848826948,0.05586224404130746
0.07269463292843881,-29.621144620724444,78.0159616655574,78.0085462465724,-0.007415418985004862
-11.771981259695153,-12.741645307760251,80.20533260022557,80.20840796487636,0.0030753646507832855
-19.67718884559308,-19.211661608754042,79.24379032785308,79.2488942276288,0.005103899775718901
31.614114605604513,-2.3116129017188882,80.19513921172702,80.21150637773842,0.016367166011391987
21.916265489055306,-29.283125354371073,77.97108063895375,77.96914337962369,-0.001937259330063057
29.37339661531695,-22.465024371108072,77.51020574449197,77.53548523975954,0.025279495267568564
-1.027163071713467,-0.36294511305388966,81.32035546715159,81.33527696487525,0.014921497723662469
-26.673305773147675,-31.64184185483529,77.53840783759786,77.55090088506982,0.012493047471963337
28.079502067337543,-8.291914993094728,79.46809005248865,79.47174884419437,0.00365879170571759
19.186436949463285,-31.53608422930514,78.10556160301581,78.08913621315293,-0.01642538986288855
-7.05854340708148,10.530399042425842,81.81813960870967,81.88977149143271,0.07163188272303955
26.631985821167156,-13.624398245798659,78.68510437903295,78.69288525407774,0.007780875044787194
22.535850532302142,22.525393005600165,85.18169555436096,85.22771775689864,0.046022202537685075
13.169123816862253,26.718158286367576,86.59847778134686,86.59816827441729,-0.00030950692956821513
27.910244817171254,-27.328046104354613,77.19438657787839,77.17035116069593,-0.024035417182460606
9.488519189180153,-24.68888824709498,78.95430803920564,78.9464170528475,-0.007890986358148666
12.094249466695913,-9.798955528987186,80.82696140393583,80.84804188534966,0.021080481413832786
-4.980903596703371,-4.166645548107979,79.36245099832627,79.36135962266106,-0.001091375665211558
-9.653871644045687,6.243587643326741,79.9404289405884,80.00142906944498,0.06100012885657691
-27.08240330748376,21.08179711320311,84.83002080589645,84.83568224166798,0.005661435771529
-21.037209702883438,-23.113207622315628,78.50500413395896,78.44623694591556,-0.05876718804340442
-3.3943116640869277,12.874921189484034,83.29916748795726,83.30139650489858,0.002229016941313944
-22.084476503339665,14.574643838801876,83.33625577281316,83.34740500589436,0.011149233081198417
-9.791790519165438,-6.6664644373597,79.72932933430319,79.73108018529408,0.0017508509908878978
19.314803306872,29.988746971728403,86.97559391448753,86.91122152720733,-0.06437238728020134
-28.611583382719537,22.643668205799642,84.90893556052384,84.87567415122159,-0.03326140930225563
-12.017814972527766,8.407334552501197,81.24479561460146,81.23915134936885,-0.005644265232604084
31.76422315255735,28.902018026030483,82.21678304934206,82.20683117770825,-0.009951871633802511
18.191604213150114,-12.881211594931173,79.66046845242549,79.7173417422023,0.05687328977680295
19.595917395213093,-9.433140977250083,80.51024955604049,80.49030143507267,-0.01994812096782539
-20.556727892675298,28.225531124555395,85.01436453387463,85.02585859425946,0.011494060384833915
-5.4662741621419215,-20.9432324556661,79.34495701066608,79.3431367247691,-0.0018202858969829094
-22.02536340890189,29.049621674556533,85.5287016241458,85.54977543316019,0.02107380901439626
-29.405148114882827,-27.060036433690655,77.84531278337502,77.88006925283322,0.03475646945820188
-14.966826238271125,20.76893840667936,84.62052655428138,84.60588919405038,-0.014637360231006369
-29.765506194294808,11.370224924961711,82.94003123307625,82.89221002571414,-0.04782120736211937
-8.878007829483956,-10.722758322267893,78.84835126949291,78.83371540569702,-0.014635863795888326
9.697365706059145,-5.180766461388522,81.19504278046722,81.20172141485642,0.006678634389203353
21.224536515342194,-5.4056057255080034,81.88508530503721,81.87522699218215,-0.00985831285505867
31.69407873857309,11.255572924729101,81.660119334309,81.6013446070164,-0.058774727292600915
5.701169904756313,-15.037288739790355,80.0571925365285,80.04186700419976,-0.01532553232874534
-7.0721111944827015,7.628078053683396,80.20451741287984,80.24485412745578,0.04033671457594323
-1.1408657619100495,-24.924985319613015,78.3321699636008,78.34328251683974,0.0111125532389309
-5.324061928285467,20.007399561324995,84.36715745581304,84.4123032313735,0.045145775560456514
-23.248846416302342,25.343825906341422,85.02250924876469,84.98422024279428,-0.038289005970412404
-24.119524918569567,30.479080177831896,86.02294845178031,86.04828487968527,0.0253364279049606
-12.466791914643672,30.63202191226283,85.80387858848546,85.79934612359037,-0.004532464895092403
-2.375942625002402,-13.921511242244698,79.69943238764856,79.68323045863227,-0.01620192901629025
0.6174575767737878,-13.212146296236206,79.78835837078199,79.80502106848256,0.01666269770056772
21.538980731352268,-19.5099005886662,78.07778431634348,78.08262639538057,0.004842079037089775
21.425905623021507,-12.176629803840733,78.87812731446478,78.87895241611945,0.0008251016546694245
-0.15849245040597992,-17.49725241053364,79.50708995198852,79.49095919925465,-0.0161307527338721
26.418964982785944,-15.117586401588895,78.63235782867034,78.62319946583365,-0.009158362836686251
18.512489325916178,1.2966370214141776,82.4335570263224,82.44160375389478,0.008046727572377677
16.602899748445218,-18.743997707119064,79.07347876125338,79.08736032352753,0.013881562274150383
8.021398140437746,18.687645684303476,85.05655223102859,85.06024523699564,0.003693005967051022
24.190778954851076,29.589637628963573,83.64967157659594,83.6579295388043,0.008257962208361391
1.3785845429897847,18.062351431345277,84.55317587979073,84.56684106893911,0.01366518914838366
17.356082048139065,-2.173952169850395,82.23513331381005,82.21918300839648,-0.015950305413568344
-26.912836393482287,-0.20865847569274365,81.08843782690444,81.08398012034856,-0.0044577065558826234
-5.579328009602854,26.81524645714103,85.00275773324091,84.99891646100227,-0.003841272238645388
-9.413154893954335,6.730259720962373,79.94023284871166,80.00086038034178,0.060627531630117915
12.46812098657751,2.912106501599297,82.27198838007402,82.29464420109582,0.022655821021800193
12.602011621515679,1.0636251649128,82.27470303403379,82.24727828385906,-0.027424750174731116
23.01980438464851,-10.170448233851445,79.24256559113313,79.20380557249946,-0.03876001863366696
-9.726052558075871,-27.20478924160259,78.54718966116675,78.53114480870198,-0.016044852464773385
-21.17745292098131,-11.962539588454433,80.28309457398223,80.28365168493117,0.0005571109489466153
20.7749725362389,-4.24786393521628,82.22547812603408,82.2032773639096,-0.022200762124469975
21.825627969564067,10.958696954246193,84.4430557992536,84.44070288307648,-0.0023529161771165263
2.151365785486526,-31.28830488302379,77.98300739123788,77.96854934454056,-0.014458046697313875
-7.40886069512495,-14.292092569796857,79.57829737094718,79.61351768202825,0.03522031108106205
-25.834577839035127,-10.529233068858595,80.28265211654518,80.24442587260907,-0.03822624393610852
20.257615621532096,21.392904624053138,85.70755141099865,85.70727547220953,-0.0002759387891160259
22.118454485300624,15.653146271560615,84.20545080704966,84.23702833562194,0.03157752857228502
-2.828943318541029,2.9807714522881668,80.95939203567104,80.9593934776361,0.0000014419650540276052
-5.441072908645218,24.661025881869925,84.85505256175853,84.87540052817445,0.020347966415926066
1.134681425394497,2.497614289082321,81.95008467897094,81.91780186531861,-0.03228281365232988
-6.172671546470681,-21.997002395650924,78.66378753693262,78.66350400578446,-0.00028353114815615754
29.85972482287942,29.819204613679382,82.26723237487917,82.2639419926975,-0.003290382181674545
-7.420077994622716,22.815915596117705,84.66857011934596,84.69085289315841,0.022282773812449364
-30.571917537093178,-17.127819250089757,78.92479650411742,78.92698897025326,0.0021924661358383446
15.734083509316484,-1.804757001956368,82.25533631584612,82.25789942480507,0.002563108958952398
23.755220612866772,12.040050349248865,83.41040120162565,83.40841055785337,-0.00199064377227387
1.5098458493162497,-3.635166693622672,81.49704944020175,81.48344554467636,-0.013603895525392318
27.96800112599834,22.574783121158774,82.15419249820306,82.15691682472743,0.0027243265243726
4.169329692181407,-19.794453501376026,79.4571344449885,79.44424804525725,-0.012886399731243614
-19.04766221101589,-23.881179030124393,77.9105568827937,77.97615511637433,0.06559823358063
-28.2774090857721,-2.1727070464783367,80.74044784284276,80.7222313572128,-0.018216485629949375
23.38472602509114,0.9708748460383632,81.02921201043745,81.03448928200243,0.005277271564978037
-16.03322170102011,2.110759964710681,80.99991722973134,80.97608718318374,-0.02383004654760157
-24.802971451765075,7.481178954777867,81.47404737903048,81.44161874344026,-0.03242863559022169
2.3601092644031283,-28.34734465763153,78.47575896777322,78.41710303391747,-0.05865593385574641
-29.87913647144058,-19.748197678160544,78.75247108583613,78.76382004668633,0.011348960850199319
-24.814929192239333,20.275051927346887,84.53856509655866,84.53817308058042,-0.0003920159782353494
23.50504048629329,25.551121285663562,85.13279263361692,85.15501036409219,0.0222177304752762
-8.87169021877196,9.658500633085403,81.58996460467495,81.54764552634319,-0.042319078331757964
-25.597797122473267,-23.58360263424879,78.43652033824316,78.42736281845777,-0.009157519785389923
-24.51576895576155,-14.678419013322,79.7527680244805,79.75461083560253,0.0018428111220316623
-8.684374211702703,23.59424564774283,84.78263987435967,84.81000501208769,0.027365137728011746
-3.2917657740314965,4.726672175194743,80.83692608546994,80.82337919829848,-0.013546887171457911
-27.239995970823593,-21.572399919207108,78.69193870412613,78.67037399717817,-0.02156470694795587
-9.030863060342242,29.330896477870688,85.21258116301831,85.1918325670269,-0.02074859599140666
0.4407260746440613,31.196563988920182,85.32371350447232,85.30844103199802,-0.015272472474308074
-24.696118825420918,-7.458709304125492,80.29794708641587,80.29987126240681,0.0019241759909363054
-1.254531060729306,-2.134246017680084,81.04340682272178,81.06450070633893,0.02109388361715503
-5.237020668408583,4.02700335832008,80.21903000373851,80.21742856387326,-0.001601439865254406
-28.473551929295418,11.638971633800693,82.80396922057471,82.79153302175911,-0.012436198815606758
10.94041864676175,31.369345693110645,87.31054694616864,87.27068660232605,-0.03986034384259085
5.321032644513529,-18.962661032868866,79.60239657916385,79.58977270150106,-0.01262387766279005
-15.619286007947174,-30.359594354670875,77.419738795467,77.42908778736584,0.009348991898846748
4.747840901175799,4.793673038725267,82.58880973212206,82.56245239193044,-0.02635734019162328
-18.236060944792456,-15.539957562640751,80.05235139127697,80.03598192986593,-0.01636946141104545
-17.39766315816926,9.635455476516555,81.01985442959528,81.00979261049471,-0.010061819100570801
-29.15240281219949,25.902938983662395,84.90788545825671,84.91824916189594,0.01036370363922856
-8.858141157648802,-25.767275717638384,78.53868511529494,78.59674638546433,0.058061270169389445
21.28516233958584,-5.668052476125261,81.88958784650588,81.91186837125059,0.022280524744715535
-18.83063332947637,-27.54952112268427,77.57360326461486,77.57673474526932,0.003131480654460006
-12.810110114840555,-7.662983046858315,80.3965660945118,80.3865052747737,-0.01006081973810069
22.34196798515096,21.570730208306777,84.90861892186176,84.8778095865034,-0.030809335358355838
17.0631192861928,11.831125549969691,84.24265031328889,84.23198851871705,-0.010661794571845462
17.667722709373777,-24.626549489280748,78.56723666827438,78.53362980120457,-0.03360686706980687
-30.655207178585044,20.495902997212873,84.50922720459486,84.50837508872878,-0.0008521158660812489
17.604390961862954,14.296118748777864,84.73796210015938,84.78601984366655,0.04805774350717229
-15.824973233407349,-25.99377943755706,78.51556089392506,78.51547692201994,-0.00008397190511288954
3.188657958872291,-25.437273914177496,78.78223258212257,78.75219794451208,-0.030034637610498294
-14.513369493902431,-8.170399343671342,80.36836641112191,80.3473908856034,-0.020975525518508675
0.07316546627664167,-2.2164335644591873,81.5653404383123,81.61479479125593,0.0494543529436271
-13.391174394760114,-17.005435575824606,80.07494654545863,80.0495109443973,-0.025435601061332136
-6.871528611722383,-25.386652526234634,78.30787340476216,78.29783292372014,-0.010040481042025817
6.571791039529508,-0.527402912379273,81.7687987499936,81.81168984752895,0.042891097535346034
5.366363794400321,4.337871434619274,82.52475999035052,82.4878647117553,-0.03689527859522457
-14.125449125158774,-25.24294075382148,79.40572931021188,79.4049975407226,-0.0007317694892776672
30.837840907736165,30.722371428313885,82.19678088790738,82.20744698836806,0.01066610046068206
31.051123834882453,-30.18362259179849,76.7895047791174,76.8086348730577,0.01913009394030496
-29.460714895265774,14.576299252439448,83.5750431405952,83.58153465698737,0.006491516392173935
-27.96098540315461,-7.5783827562090025,80.26119940841089,80.26715486367077,0.005955455259879727
-12.23578471697953,-24.592649034833016,79.88612776312685,79.88679808526847,0.0006703221416159977
27.925712979508468,-19.36640901808152,78.0176271549356,78.01165837856038,-0.005968776375212315
17.56128830838947,-30.167359217535882,78.40135570558206,78.37453178200344,-0.02682392357861829
7.705128087153007,-15.260593097662593,79.98146225807776,79.97877592961407,-0.0026863284636817752
7.345903269904888,22.565750866832374,85.68171305940224,85.67915096651424,-0.0025620928879988014
-5.121663803965141,-26.0151803187061,78.26850873874784,78.25383514788551,-0.014673590862329888
10.88002956639395,-9.203873011684422,80.78159896224857,80.83004536548401,0.048446403235445246
-14.063335356266862,3.6454369964098134,80.97413576804597,80.98029408140731,0.006158313361339651
-2.341060587149059,19.120652924046063,84.41174188140316,84.44076911115789,0.02902722975473182
-11.434324224336912,7.072365914005502,80.81547016372502,80.81807193715255,0.002601773427528542
-2.556197241920856,23.77554623226223,84.82646485705456,84.83278604635748,0.006321189302923358
-12.520454246790244,-23.112438317275867,79.85653617910867,79.86072938110502,0.004193201996343987
-23.618184781952785,24.31008611155807,84.84273226644282,84.81431973468429,-0.028412531758533532
5.880167463705092,-9.022706648304542,80.72799110432817,80.73026805487777,0.0022769505496000875
-16.699086739839125,29.070429976083744,85.4698789409448,85.4757668355997,0.005887894654904358
26.223600162321,-14.254528106449598,78.6575305396323,78.65720543134144,-0.00032510829086618287
11.47559979831152,-2.5158135501683816,81.72687106680007,81.70345062732248,-0.023420439477590094
-24.704429330010257,15.131834228386538,83.45164435027056,83.47003487374768,0.01839052347712311
-16.197781873512646,-8.685372073734442,80.3217598093759,80.33118579921008,0.009425989834170423
13.835727261752197,-27.225101747658073,78.73029396848483,78.70172514724928,-0.028568821235552377
18.19962009011997,-22.419162417858736,78.34763883724753,78.33685922409299,-0.010779613154539902
-14.743232154026082,15.184531266051074,82.89408570362518,82.91080998607472,0.016724282449544603
-25.64999492888242,0.740906448687852,81.06392755566532,81.06281662078393,-0.0011109348813818087
-1.089764518615695,2.760581423106572,81.50151861849704,81.49481137132223,-0.006707247174816189
-15.932017138282909,5.401354992417723,80.9736646396848,80.98807774207783,0.014413102393035615
-16.609546207909858,30.340159687270038,85.79942815804853,85.82957180649724,0.03014364844871409
-30.965621916229672,-13.90556813016368,79.35054450947432,79.3827183926026,0.03217388312828007
-1.9544037849505003,-30.918055783199087,77.74873936615157,77.78977662279989,0.04103725664832325
31.422750528861407,14.378791684748379,81.78660583780918,81.72984359592957,-0.05676224187961054
-27.092972216030233,-4.274621850333396,80.39847885033058,80.3979687068634,-0.0005101434671814786
-11.320736607410872,13.530659640850494,82.93639868707531,82.93594298285689,-0.00045570421842455744
3.9205719788042757,-4.939994536585601,81.34231008219983,81.31644074527458,-0.02586933692525406
22.52378240316643,6.012293039675193,81.75637934512636,81.75653474423943,0.00015539911306916565
-12.449233009259729,10.312706869684341,81.78134974829214,81.77023922780262,-0.011110520489523878
-31.877907974039957,9.624406988160032,82.77620485515523,82.79301540444536,0.016810549290127597
18.05971358006328,4.885493995556395,82.823522521529,82.82397674724062,0.00045422571162134773
-13.304753052942552,-23.481513730508063,79.80314538707286,79.76300792177156,-0.04013746530129936
6.999643253753391,-3.307958944707451,81.4032054913001,81.42876061984451,0.025555128544411332
-30.394714927269973,-13.614648389120816,79.43767363576082,79.4565071095296,0.01883347376877964
-12.277612774355617,29.899670809582936,85.75453889483869,85.74080453296041,-0.013734361878277923
-16.095673506375384,-2.0285006572032884,80.84456831068144,80.89296803174638,0.04839972106493917
-19.972415427663073,-16.436160775879358,79.74134463378168,79.73416580328825,-0.007178830493430155
-26.20668345767678,-11.197677705167287,80.25910050702703,80.2035062218989,-0.05559428512812303
-10.770195957068509,-21.880591554327694,79.79583229926108,79.81933166747665,0.02349936821556753
21.54643492338998,-8.954594966601938,79.98767101615171,80.00360097705845,0.015929960906746032
22.32537495714741,-31.14721014027714,77.77281879547702,77.77360121211983,0.0007824166428065382
-29.03085296782362,2.484273398143955,81.61922059490121,81.59806904633447,-0.021151548566734846
22.75633959635202,-27.91278547627119,77.96400978270248,77.96383823239992,-0.0001715503025536691
15.234683781459466,7.080465525305101,83.17001158177122,83.17340000446781,0.0033884226965881226
-20.57343755251707,6.060731383081112,80.96533601542002,80.95790652249732,-0.007429492922696568
-19.752276028024525,6.818454289031912,80.96223666379016,80.9682009125859,0.005964248795734761
-4.505044932239599,-19.536977523913798,79.41355976987273,79.41047169116632,-0.003088078706412034
4.879157780158124,-8.342809614543874,80.84019250570591,80.8291087633426,-0.011083742363311444
5.197865960113496,27.105516160224987,86.40564613930864,86.39207365875687,-0.013572480551772514
-16.901267491397967,14.623863975450085,82.46697722115447,82.48613389783013,0.019156676675663675
31.446809534443204,-4.549057231231977,79.97680123452078,79.98063154791902,0.003830313398239582
9.642014969731719,-29.993906426313274,78.3817643411653,78.42371633573259,0.04195199456729881
17.618433341002813,19.918144012648582,85.22288620100949,85.23478436805563,0.011898167046140884
22.14572266874169,31.436931567546445,85.9549884494141,85.9388029303087,-0.016185519105405888
17.18532556490061,21.25610637255153,85.90181001910082,85.86793321932043,-0.033876799780387046
17.416820590261217,-2.9370512299486933,82.19572787736622,82.17831673544886,-0.017411141917364148
-25.395721543815135,-4.00912784117363,80.44035802769056,80.44888738194065,0.008529354250086385
-26.05510083789128,23.89599873760298,84.86961439156562,84.86858900271368,-0.001025388851942921
13.397894937467292,-1.8913600570936921,82.07142653281113,82.06061631622485,-0.010810216586278898
5.290142979319285,-18.834636362583517,79.61525052136665,79.60102034657015,-0.014230174796495021
8.842796327090689,-17.060693125994668,79.76022966091489,79.77164357863816,0.01141391772327438
-24.332973766841846,25.014814573032993,85.03332647078405,85.00407017010183,-0.029256300682220626
27.39878048603935,-11.046617904813075,78.96719143405718,78.97023921100582,0.0030477769486338957
-15.76726540153858,30.683996461665366,85.99352641654797,85.9939644108015,0.0004379942535308601
-17.270151111065687,22.586179165145865,84.87005980900899,84.87201968058304,0.001959871574044314
30.030233815813318,-0.7271731756289768,80.4131985973557,80.40088981469876,-0.012308782656944572
10.94260477639883,-16.758615619075464,79.87719027165696,79.86974973405982,-0.007440537597133812
11.371618998806674,-26.043970935130005,78.83149500279703,78.85264436446366,0.021149361666630284
20.745233364983335,2.182568464532814,81.8878600601072,81.8794087170912,-0.008451343016005808
-15.597257374941073,0.2650241170126293,80.94653920953374,80.94638126104823,-0.00015794848550854113
-5.220710464633427,-25.115815875012892,78.29983070158204,78.30094149721761,0.0011107956355687065
-21.829404125275758,11.573558571753573,81.47886774457882,81.42768226949553,-0.05118547508328675
13.15190451560266,-9.488743688318266,80.99346819918706,80.992227265489,-0.0012409336980567787
30.47258021025126,-18.751659462980783,78.07819646709596,78.04532503649475,-0.032871430601218776
-12.487633926393656,4.0592497621279335,80.98738475323051,80.99077429412993,0.003389540899419785
-9.05995794197954,31.50585038466388,85.38260131408148,85.38791363032026,0.005312316238772041
15.94624289796807,-5.0120730237397595,82.15982215147562,82.23563332324612,0.07581117177049634
-4.976899969665638,-26.620121632837147,78.25175927837017,78.22062238280034,-0.031136895569829903
-3.594652430177412,-6.034679478255079,79.67539153876001,79.67149546815257,-0.0038960706074391283
-5.907208317912719,25.168279311855684,84.8917921137688,84.89777224637244,0.005980132603639277
3.0505136198095784,-6.655384330630433,81.08562391066808,81.08153622698667,-0.004087683681404997
-24.73172474572214,-22.57056498953856,78.65035493216693,78.62628783611721,-0.024067096049719794
14.491440992266838,-25.63722399070074,78.70610701805421,78.71820671279288,0.01209969473866579
13.335956187539132,-19.998141904609938,79.41199411501498,79.4248829282248,0.012888813209826822
22.802049018986544,-8.132179949168737,79.92063748858334,79.9222355566081,0.0015980680247622558
30.170278489717084,19.921343820904575,82.02956240634323,82.03068896148024,0.0011265551370058802
4.17780357804584,11.781666772958339,83.75767333659718,83.76365698505434,0.005983648457160484
1.880085382583033,7.5505238976970475,82.3750327806508,82.42038490924318,0.04535212859238413
-21.879554804817566,7.497303914929439,80.96868283993315,80.96659139048539,-0.0020914494477608514
-23.745126961368896,-19.120398014352496,78.8439181907483,78.91276098608304,0.06884279533474569
-14.148200763563167,26.8742748604815,85.57492910519517,85.61389969416912,0.03897058897395311
26.45974817336262,5.807476622369549,81.54149116040863,81.54132477646014,-0.00016638394848200733
25.037859880006295,-3.535649676956119,80.41448329111779,80.41238839962662,-0.0020948914911684824
-14.592666147044746,7.390759970246513,80.99416901604631,80.99790277800692,0.0037337619606034878
13.080100522562418,-11.123075501345312,80.69174732600058,80.68719923214064,-0.0045480938599382625
4.168235929184824,-23.297004780345027,78.95151088184026,79.00885004611156,0.057339164271297705
21.137678171517663,12.489102714708501,84.94751014961975,84.95491753642116,0.00740738680141817
-16.088499409751265,-29.484312113475916,77.48091985802506,77.48172244186051,0.0008025838354512871
0.8602295614589579,-19.145828584252065,79.34556998354182,79.35515727454192,0.009587291000102027
21.768273415192198,-17.62305672755044,78.40367121955009,78.40778458445472,0.0041133649046258824
-18.498579575204673,18.58263041654658,83.68317979028127,83.64748590280782,-0.0356938874734567
17.04709467988254,-21.553671736829592,78.73726495326903,78.75779802479876,0.0205330715297265
28.47501447158266,0.12819220733628356,80.5431969277183,80.5424928649538,-0.0007040627644983033
-15.653955083869448,4.894144269919963,80.97969229454588,80.99288524233,0.013192947784119724
-25.98017246147817,22.090189986580548,84.78331760737542,84.78343564847765,0.00011804110222612962
4.672844109127908,3.087248492097636,82.33416164406945,82.30958972550981,-0.024571918559644246
-4.192434942047058,-10.924854678687822,78.83712589854795,78.84071527103814,0.003589372490182541
24.40052905565844,-29.044398453218,77.70251672382756,77.68467852239387,-0.017838201433690415
-16.529174208337956,-28.404525775435154,77.57657270675833,77.58666767527082,0.010094968512490254
-16.29780067147685,5.041905673840695,80.97637770156209,80.98779193521698,0.011414233654889472
20.82097554185254,2.5037823306757687,81.88853578915948,81.86586978643551,-0.022666002723966017
14.852525132743082,9.038143491964568,83.71873823878498,83.64084136805864,-0.07789687072633456
5.042150973910331,29.976379025146905,86.91443422604496,86.90919521253282,-0.005239013512138513
12.695267718962086,-24.709178414448907,78.88444134916271,78.90211478984143,0.017673440678720453
16.07225910910836,-14.709242570597588,80.1596409226321,80.14405646762178,-0.015584455010312581
-29.358442549522813,18.134471538002117,84.17234721501171,84.15767028260277,-0.014676932408946186
5.073293789653185,-28.706666019394326,78.54078300894581,78.57427738207595,0.033494373130139365
-4.530477845639204,-5.242263103133446,79.39524853903112,79.3912108112308,-0.004037727800309199
3.8090278616026794,-12.59237018878666,80.21947965594566,80.21100469925128,-0.008474956694385583
-26.24574403948447,-16.612070662036977,79.27117679610096,79.26195853681186,-0.009218259289099251
24.200316532956926,-7.735856134335087,79.44617051790584,79.4669772038774,0.02080668597156432
-8.294588037295775,7.858886440998511,80.27459774245989,80.2741467413565,-0.00045100110338580635
12.560993542921999,-26.522582456625067,78.79396514799788,78.8007789900591,0.006813842061220043
2.5930842121646833,3.836222108968343,82.19313417264884,82.21569435125491,0.022560178606070735
-3.9627517144077373,10.753740031085094,82.2995844463042,82.35347414163236,0.053889695328166454
-19.04312870714451,-1.7743812345795291,80.99683499344341,80.98089813472882,-0.01593685871459627
15.222014475959803,30.026361800490484,87.11088606522654,87.10915888077733,-0.0017271844492086075
18.540240419328143,-10.05681919292347,80.76631422920255,80.76539649586874,-0.0009177333338072913
18.30031242827023,-26.302895868034845,78.48609568272994,78.51627360381212,0.030177921082184866
28.383884471443338,29.16058203776933,82.36343780637206,82.34790897381062,-0.01552883256144355
-29.966239841134957,7.667233863064979,82.25530845510752,82.25655760872986,0.0012491536223393496
-11.964045992913164,1.5508992438356728,80.80969571686016,80.81442798915444,0.00473227229427664
-6.359009335901455,-17.06252162973381,79.58046418425977,79.54676876167095,-0.033695422588820634
-13.40509837105055,26.357627107380914,85.46588057936145,85.51617281439462,0.05029223503316871
16.083077736932097,-11.357401065542987,80.85282583154859,80.84715051617611,-0.005675315372471346
-25.271279322442865,8.567363927280155,81.66506222816835,81.66090422259637,-0.004158005571980539
-26.084364162768964,15.986475562333936,83.44630786449179,83.44654415317069,0.00023628867890579386
25.552563238505456,-22.75816896373037,77.46268578139428,77.49697183279682,0.034286051402531825
-11.837864466095247,31.34100479551516,85.68336994160086,85.71224993197552,0.028879990374662157
18.517241724341503,1.193858713707776,82.43355111333929,82.4439123531246,0.010361239785311227
-17.926131014804632,16.16188269853521,83.21149001402146,83.22003213083434,0.008542116812876088
-0.94402492568166,4.635086195364565,81.56554112383806,81.55033871408516,-0.015202409752902213
-16.73400874352685,27.257705238979106,85.26311872551081,85.30902886143973,0.04591013592892068
-12.807322253479427,-25.469986525004067,79.68274562023318,79.67756588391904,-0.005179736314133265
-8.630243887131513,-1.9251837060113601,78.95870052034591,78.95892655332605,0.0002260329801373473
25.773264181824047,2.106902965341135,80.9091137853008,80.91095355677668,0.0018397714758719985
26.157104466077215,-9.172974935168362,79.23421941276514,79.24973701195913,0.01551759919398421
-6.198090247950567,6.622363156500548,80.05663050549134,80.06119581705833,0.004565311566992136
-18.043003284332677,21.129614426247088,84.4126341234301,84.42870663057087,0.016072507140776793
17.47365036516416,-21.67652850642417,78.63517063063424,78.65259014410017,0.017419513465938508
9.715178683787428,-22.472607752106434,79.19878882924151,79.19931984633729,0.0005310170957812943
26.23164904714659,-28.763362338338396,77.47273529269918,77.46744055140452,-0.005294741294662231
-11.489803020507523,11.655650456861302,82.35551492336923,82.32988622797575,-0.025628695393479006
28.84761067389929,-10.119362801670064,79.16879151119514,79.16585004255893,-0.0029414686362088105
25.62359659378854,24.57033177463662,83.0019987945256,83.01288367357805,0.01088487905244051
-3.616674421446568,22.248467350076005,84.69751949907698,84.69632605573094,-0.0011934433460396576
0.5166208116759634,-28.961403771433318,78.16684806810038,78.14032966605262,-0.02651840204775624
-3.840504028067926,0.6305711853436904,80.53872911223169,80.53702102309316,-0.001708089138531932
0.40237594502345075,9.777019536397994,82.66504235711022,82.68389438357534,0.01885202646511175
9.525162752865931,29.854957769628243,86.65987070386402,86.6818175203271,0.021946816463085383
-24.771247080131396,18.401629740692343,84.3651846355136,84.34398231520696,-0.021202320306642264
13.549449146714046,-31.95029877619318,78.47060344937952,78.44735697390311,-0.023246475476412343
-17.0282473432583,-22.24241314032701,78.26603624829296,78.24338724118827,-0.022649007104689645
22.12382384668406,24.148251948562795,85.86481915152491,85.83707728028097,-0.027741871243947003
-0.22669272074691094,31.081464247644796,85.23530413041918,85.2305826637479,-0.004721466671284702
-7.1793239830085085,2.3151213978580927,79.58934558635049,79.5895984142862,0.00025282793571079765
-22.213560839583756,-21.752116007945823,78.73740870864617,78.741052601515,0.003643892868822718
-8.655521186075674,8.523007460324926,80.78834670054157,80.78615671608506,-0.002189984456506977
-31.737174593524998,-16.68994071864809,78.92244231849199,78.90552111188984,-0.016921206602148686
18.036232393876084,9.666945058523737,83.82504989973035,83.83045146672069,0.005401566990343554
-4.252755805685062,-3.3122885734158842,79.71577713003009,79.7515102291477,0.035733099117607026
-0.49289605022155314,24.35689508574491,84.97986177051442,85.00770237097515,0.027840600460734777
20.31768800583238,21.589765868345758,85.74742279055403,85.74718746447869,-0.00023532607534093586
7.766698610784154,1.58299100208432,82.07920401587268,82.08670816752283,0.007504151650152835
-2.563911338345818,-25.066846491486345,78.26934354926422,78.29166596639507,0.02232241713085159
-29.510843211780866,8.7751001445598,82.41415873975102,82.42966372623751,0.01550498648649068
-8.312117553132495,-3.6945995815055284,78.87295013167734,78.86644335358496,-0.006506778092386867
15.609522498406136,15.227212134917565,84.85607658671584,84.8269369512282,-0.029139635487638316
2.8516412657562284,-13.520858245732612,80.04526178384924,80.03863864423796,-0.006623139611278361
-14.27057947663549,20.416054062513318,84.61153173375634,84.62495599156725,0.013424257810910944
-13.017050535170569,1.3187631042973393,80.89095615136257,80.85219217437768,-0.038763976984895976
1.3573953952412836,20.83896386857957,85.03565255379115,85.0324409463962,-0.003211607394945304
-16.22790959063731,2.252168466288211,80.99541104214883,80.97508608356168,-0.02032495858715322
19.506916429418283,3.733763079856807,82.26722071857907,82.26473009168102,-0.0024906268980515733
8.74497955743967,-28.576532886061045,78.51151147906248,78.53306220173059,0.021550722668109756
-6.990657443809482,8.27251836959418,80.5225580643623,80.57856680220911,0.05600873784680971
6.251085377385834,29.291972458297757,86.81199470508093,86.7984051552782,-0.013589549802730971
27.542084242364055,15.68227204466222,82.008084105332,82.01242891112315,0.004344805791149042
-28.040684799492347,-19.74955208445919,78.82911995170993,78.8355607714834,0.0064408197734735495
24.061365439250864,-24.787845042274107,77.27070530884767,77.26824880529728,-0.002456503550391176
13.120612884177717,-29.590077455479737,78.58885318846826,78.60143137420151,0.012578185733246983
-18.895674426026417,9.907457906246925,80.98866362763313,80.98715184773692,-0.001511779896205212
3.624628885121524,6.7926469343289,82.67854684937248,82.69257976840635,0.014032919033866165
-31.42034420452658,-18.596847113162156,78.82806476700192,78.7874964748737,-0.04056829212821356
-19.96968139224972,-9.69353781634193,80.25733973761594,80.29719191366296,0.039852176047020293
23.329826329065384,-29.256407589383194,77.81522506812526,77.79267091457073,-0.022554153554523282
-30.478279076245904,-2.431926957703091,80.61786899191227,80.58902162645154,-0.02884736546073441
-23.715861525422312,-4.4204938957783,80.4723905019548,80.47738317146856,0.004992669513754322
-3.523453156282528,-26.384552340834098,78.19608781435562,78.21600748912036,0.019919674764736328
-17.087483362596558,-21.494360092102326,78.56582560221443,78.54338318678512,-0.02244241542931036
-10.471689723676391,-13.910174511236463,80.08347952346439,80.08343654749083,-0.00004297597355673588
9.403534566381914,-15.63569229062712,79.97298971741918,79.96904796157914,-0.0039417558400458574
3.8985219211770996,-1.0846707495620223,81.77435134997799,81.76213441178027,-0.012216938197724403
-21.6294106808012,7.6320802208014555,80.96921208319634,80.9683253246946,-0.000886758501735585
9.865266894735,-2.5261095510806797,81.52402557171928,81.52330619185626,-0.0007193798630140691
-30.656469349096675,21.68816116065249,84.70791461473519,84.70288112863301,-0.005033486102178131
30.17506402074291,15.255853130635359,81.83360975209152,81.83627227963756,0.002662527546036131
15.496041049445992,13.605641971722847,84.40947883762112,84.41303204473866,0.0035532071175339297
4.66189409095513,17.19048945266649,84.63600091737419,84.6148610910236,-0.021139826350591306
0.16118914465118905,30.357802602689134,85.23325165375661,85.23016074290871,-0.0030909108479022507
-7.018772128244052,-12.433650579147262,78.95403358857864,78.95388603742677,-0.0001475511518691519
1.5941217754966246,-12.172928703038153,80.07480112689382,80.05169513150459,-0.02310599538922986
10.449777103999864,-3.9884801813314326,81.36029182002153,81.3820321619487,0.021740341927170448
5.6604704908262065,6.05981753822708,82.77304050564659,82.75033580077687,-0.022704704869724424
12.790728002721885,-13.059449715206917,80.64274465034717,80.60688026423706,-0.035864386110105784
23.040365348083675,16.802989407714925,83.7255325706063,83.72545312553386,-0.00007944507244417309
14.121110405545771,2.6141907649422294,82.36493148800584,82.36997781690395,0.005046328898117736
-2.3680011666158833,29.7868522602582,85.0864418709059,85.09290181506562,0.006459944159715292
-15.82821935113293,11.80804373001505,81.76434966781193,81.76138576640898,-0.0029639014029498867
-6.689509385852141,-11.060388561438309,78.60224227332702,78.60215693633742,-0.00008533698959922731
1.1500986506387534,30.539112354454687,85.42084915940022,85.42576914815434,0.004919988754124915
18.392853774904083,-19.544627755799404,78.52733636162228,78.54181008139888,0.014473719776603389
17.305523583056328,26.24393872901811,86.44932399599776,86.4504077121451,0.0010837161473347123
-10.088124734875962,-27.951270721769973,78.12530344428879,78.12619686445562,0.0008934201668324704
-19.638800783223495,7.948956188619867,80.97226170567838,80.97178566686324,-0.00047603881513680335
-27.578998424447597,3.531228653078699,81.63781382388956,81.67022363410013,0.03240981021056655
-1.0271261777465028,-17.37418996646238,79.50029202541518,79.5025180732238,0.002226047808619569
-26.006559082838343,10.19426598808409,82.20492535212603,82.20763840332847,0.0027130512024484688
20.007771105569198,21.681909519183186,85.89093404301723,85.89077262024689,-0.0001614227703328197
-23.237241239826076,-28.334440530025205,77.72732763487126,77.7202159825536,-0.00711165231766131
13.580745741285071,-16.738712874980983,79.9020595832346,79.87881121736915,-0.023248365865455867
-16.351067299805734,-22.5106012660969,78.35353422668489,78.2845614664985,-0.06897276018638365
13.790558611368212,13.488209646162112,84.30685857333555,84.32182135070242,0.014962777366875457
6.219600144978877,-18.345620361296035,79.67396004985241,79.67735200765092,0.00339195779851309
-31.23026917302061,12.594605942160442,83.32388322025798,83.32019024624145,-0.0036929740165305702
-10.208851732072858,-16.336394389717995,79.94404876739381,79.94861422914326,0.004565461749450606
0.8393360480388381,25.774902409995377,85.09692519095012,85.14971805432823,0.05279286337811584
-25.178812182913518,-27.497591957741214,77.6442770247927,77.64156572425873,-0.0027113005339742813
-0.9861860855933884,-11.606015324604591,79.534280020009,79.5342897263158,0.000009706306798307196
-12.042360705293625,-11.934487922547838,80.22682213019665,80.22672087053142,-0.00010125966522878116
16.54655661059308,-1.9192038196244638,82.25729427986067,82.25529202196313,-0.0020022578975442684
22.0980669589147,30.324678304745504,85.99091489073517,85.96986034644391,-0.021054544291260413
10.861901262380577,14.118047462447898,84.38806439246505,84.37271339921844,-0.015350993246613598
5.674692933766238,-23.546497398427938,79.08265784784786,79.0856751638666,0.003017316018741667
10.692521945571826,-12.062104101149849,80.44542704221807,80.51090534142455,0.0654782992064753
14.942008413008999,-25.027712632020332,78.71858455255784,78.73160609601983,0.013021543461988472
-4.683151372741804,-14.52467978667162,79.62580428279354,79.63976603655007,0.013961753756532858
-8.886960110201372,30.912624755894967,85.25709411489063,85.26245822679468,0.0053641119040435115
29.776203796474753,7.5700162339838215,81.55864180130007,81.54830253016124,-0.010339271138832373
21.60545355195074,20.48738537211844,84.81116748961288,84.77261776591244,-0.03854972370044152
-15.601486256721444,-29.369812245873554,77.52132225143521,77.52427773362002,0.0029554821848165602
-23.30146940811177,26.861632420959253,85.21922327524105,85.21416066197395,-0.005062613267099891
20.174055449988202,17.184351210637665,84.92573736575693,84.86620010270535,-0.059537263051581135
-17.046558839831377,-19.93428509886366,79.35384568946569,79.3367365786582,-0.017109110807481898
-28.749878495163067,-24.74687293690753,78.25875915466176,78.27777674786735,0.019017593205589378
6.05721215441622,22.209420085987816,85.55074022203652,85.5536431559593,0.0029029339227832907
-20.79476711992215,-28.285521999865338,77.50425561609347,77.52807228892843,0.023816672834954034
28.40789344541391,-8.388745740310789,79.49109878471512,79.50667463884054,0.015575854125415844
-23.80171612313592,-10.299172638805864,80.26305635227125,80.27530382910133,0.012247476830083315
-15.059617548560752,-9.826894263903121,80.29358262242272,80.28631870752095,-0.007263914901770363
3.699501712816641,6.425131970488287,82.65886385904435,82.66473185116581,0.005867992121466159
7.992785082909499,26.088360569736928,86.51836588962915,86.51884132869414,0.0004754390649850393
-4.803046245301907,31.07219948909978,85.19636255346542,85.24072470811137,0.0443621546459525
-23.056671261725924,-18.51435480228192,78.99592600501023,79.05850097703045,0.06257497202021511
-7.957500517797968,1.220894808457011,79.2495552371198,79.21625595468659,-0.033299282433205235
-29.28862232009432,25.900524777782643,84.91414715645156,84.92402038443737,0.00987322798580692
-22.804147974263913,-29.32798766559631,77.61906623715443,77.62106619008813,0.0019999529337013655
16.222023368475234,4.975861322705256,82.74218638990509,82.72823898339587,-0.01394740650921733
17.318235029631822,-16.64773014077776,79.47793736364218,79.46656849383629,-0.011368869805892245
26.13943299532712,-19.88562315865969,77.95185641865996,77.95133504358036,-0.0005213750796002614
8.801234916915654,-3.704926869179289,81.36870617229864,81.36023917399156,-0.008466998307085305
-25.915291217414634,17.11816143339116,83.78315021507464,83.86005964998643,0.07690943491178359
7.526302222637156,28.211152626859402,86.64928836070229,86.63299310408232,-0.016295256619969223
-10.821300101714286,-10.297176586491737,80.15341327403563,80.14364134577418,-0.009771928261443463
17.338691532700643,16.733179013444925,85.03643976167633,85.02035177665262,-0.016087985023716556
29.466022333216195,21.52813010726687,82.10555984611851,82.09428577127179,-0.011274074846724602
-12.097251372209278,-30.72029992079893,77.62436655506272,77.62431789288107,-0.000048662181654890446
-14.123324222656088,-14.707552298239627,80.24067465805742,80.20151518334534,-0.039159474712079145
9.043033069833342,-20.642874275400054,79.37297058501183,79.37023663220178,-0.002733952810046958
-19.499975977898252,10.267075548913738,81.00385238271737,81.01332044653924,0.009468063821870487
16.292313433700294,-19.107783289944756,79.05920541604783,79.12053295898457,0.0613275429367377
-16.412217607548627,-5.16972250326382,80.72411263573579,80.68892978767445,-0.0351828480613392
-26.787751476295377,11.869326556594515,82.78012317434421,82.77512030941047,-0.005002864933743467
20.262784695265452,-28.327485757971615,78.2322414652785,78.23215846049266,-0.00008300478584999382
-27.134815807347366,-14.885339249432086,79.51903445831347,79.50678693575398,-0.01224752255949113
-23.268323512258057,-16.194685129356145,79.51435293546459,79.52432790805926,0.009974972594676501
18.060518669064543,-0.8031292042884957,82.3624859781971,82.37096582557986,0.008479847382758976
2.4512931128338025,-31.835314684991097,77.91609645960848,77.90076903028825,-0.01532742932023723
29.929311354761566,-7.871327324375926,79.64330172159165,79.64749416677995,0.004192445188294869
-29.7340591566305,8.13204788217093,82.32206815796155,82.33002403005614,0.007955872094584038
20.9602902962081,1.6003010029088713,81.80425434234878,81.83570132313984,0.031446980791059786
-17.979037543767006,18.676949563339242,83.61947657354754,83.66184034682003,0.042363773272484195
-19.089633824740133,-26.049571492710108,77.65463339913184,77.65912780427631,0.004494405144470193
-11.236559359071286,16.672865483641417,83.85745508177172,83.83828941340232,-0.01916566836939637
-20.01059090969344,11.607772543858765,81.29571380361227,81.29596662384579,0.00025282023351280714
12.414634196989098,-3.880704000256813,81.64441559525818,81.63667972539045,-0.007735869867730116
-1.312438423928377,-15.156014090904272,79.6863037379199,79.66847498926495,-0.017828748654949322
-22.995669308926118,-11.331230564440482,80.29091260321331,80.26733353348176,-0.02357906973155366
-28.189961675495155,-26.70314498117512,77.75883450863168,77.81233470385332,0.05350019522164473
19.66219035722674,23.549450760957484,86.22205670128933,86.21708277589478,-0.00497392539455177
18.595169887636963,-7.0503203486965305,82.44410505110102,82.44677307543864,0.0026680243376233648
-17.65591368399153,-20.18877563765789,79.21894023768908,79.21309824288608,-0.005841994803006401
31.141994777575043,-10.45104795092977,79.31740316996051,79.31740908043774,0.000005910477227644151
5.311173047908582,9.15070819164145,83.30680529618368,83.25335505955964,-0.05345023662404458
-7.1153317468227755,-18.14176928903165,79.49997243903428,79.5721837467133,0.0722113076790265
-9.056392928785996,-3.0749985263003268,78.97566488012491,78.98062479190395,0.004959911779039317
-3.507288031908246,5.662204814992826,80.76481634850458,80.7589003746817,-0.005915973822880005
18.993381269988006,31.050914128336764,87.17913494559956,87.17556899834149,-0.003565947258067581
-13.051761488811522,-1.4401918856127693,80.72892036813661,80.71680553956313,-0.012114828573487557
-22.473826413921955,30.77659790849409,86.02243396773227,86.02228976129987,-0.00014420643239532183
-18.499923092047332,-1.1716065297617533,81.0631612215029,81.05595061093037,-0.007210610572528253
29.295931683816086,-22.668717945678345,77.4771764190831,77.51051393314054,0.033337514057450335
5.310715020632273,17.86612125355851,84.77967321529599,84.75372755158354,-0.025945663712448663
-12.289275900823448,-11.010409849080986,80.25659146906727,80.25295710117187,-0.0036343678954011693
21.002950783210387,-9.575467180202615,79.9166939374365,79.91695452794872,0.0002605905122123886
-9.200349846659023,-16.885655810161154,79.82166221327014,79.84164481955733,0.0199826062871864
11.507958839303683,21.519532056894484,85.67470658915093,85.6420773300316,-0.03262925911933223
-23.82962437169889,-23.06745834697911,78.71277029144854,78.71169261401386,-0.0010776774346794582
6.215066965661144,8.927945373332072,83.28357619532107,83.2822216975652,-0.0013544977558694882
-31.9599758831474,20.757468832946522,84.60466668116659,84.58525062466464,-0.019416056501952994
-14.626965848086158,-23.7259321739647,79.10171651798295,79.11623314275293,0.014516624769981945
-30.344506179701476,-0.329544993561278,81.25122890865545,81.23963941241118,-0.011589496244269526
21.629600402131643,-7.012907610988364,81.23170178109685,81.23263223332098,0.0009304522241393443
1.6095355845315922,-2.296162484420641,81.60551328379552,81.56920296693428,-0.03631031686123265
-25.119342608298446,9.746440800552357,81.84521205680021,81.86621844267306,0.02100638587285175
-15.31135929153676,25.42787438300087,85.42798198585712,85.42352863089864,-0.004453354958471323
22.02295960215158,23.470579170753766,85.68304303942635,85.7296016845976,0.046558645171245416
13.753523471277255,-13.565918855755037,80.67693737215257,80.68771970340556,0.010782331252997324
6.869853084446994,-27.03688884510241,78.76235793317413,78.74309939997255,-0.019258533201579553
-5.021456943883308,29.386501758340636,85.13084397518148,85.14029777385178,0.009453798670307378
-16.322884472236474,-22.46036525658355,78.37771792738003,78.30966669023474,-0.0680512371452977
1.0574654456584156,9.626056281948927,82.7294730153298,82.71701638463321,-0.01245663069659031
-23.472072200565492,-7.7617684948002434,80.29900884500778,80.31113232155434,0.012123476546562983
7.352581534876208,12.935655995118658,84.0610626094111,84.04963816538347,-0.011424444027625213
-14.226929716374109,-19.6510383194653,79.82876980413332,79.85577586003257,0.02700605589924976
-21.081422281519338,-19.461343096939395,79.07650969229616,79.04907720469693,-0.027432487599227784
0.5649411952427954,-12.009410766540562,79.92709959234847,79.87195392949428,-0.055145662854187094
18.94706414378136,-4.363763032374813,82.24083994238472,82.23121256954786,-0.009627372836860104
23.190735877146217,21.923971781754823,84.6239888517202,84.56791594945757,-0.05607290226262762
-7.108798854630592,17.318138102552247,84.2336989056113,84.23388850148012,0.0001895958688180599
20.623382171776015,6.282138919251928,82.39563762370064,82.39591223523188,0.00027461153123908844
0.5729730763100847,-2.4542926366526245,81.5704261871188,81.58597614272779,0.015549955608989308
29.5737365799407,-31.654352805400777,76.91383272409703,76.91055857360223,-0.003274150494803507
13.53556201863271,27.978012115773154,86.68351602362931,86.68385928531521,0.0003432616858987103
-31.457350935800513,-25.11087777873926,78.09598143919956,78.10352508894296,0.007543649743396941
26.110989643751935,-13.751860139876882,78.69002841244264,78.69484950286719,0.0048210904245422626
-16.116542103967525,-21.984236937189152,78.55488304738985,78.5496943634359,-0.005188683953946338
9.122742848369015,-13.85762636736748,80.1824300034753,80.17579236586549,-0.006637637609813396
31.59585415961127,-2.9315539243063853,80.1345116898915,80.15008902174173,0.015577331850238352
-0.8792992085445448,-1.798481592768006,81.22544270072495,81.25345171667925,0.0280090159542965
-29.661170056588062,-13.593233494280732,79.49939495332818,79.50767336722525,0.008278413897073733
-31.866916685399303,-29.959850651431225,77.55574481435066,77.55106911535655,-0.004675698994105915
-31.076303682626275,27.157593040602933,85.74889062609014,85.67258656487134,-0.0763040612188064
16.900724599125624,19.88687184346616,85.13263660782667,85.13521926677548,0.00258265894881049
-5.278870698726685,-13.68717544096549,79.44361002980004,79.44360877547682,-0.0000012543232230655121
13.098419015532222,-6.476308852335528,81.44923231317222,81.48410799579716,0.03487568262494278
28.774750406290188,-7.328133199382307,79.64749424495758,79.59800834969191,-0.049485895265675595
26.767630239144104,26.501529486457102,82.45541135780297,82.45179914688059,-0.0036122109223839516
17.26056324773934,-31.077363561168987,78.34017216796786,78.30888766383923,-0.03128450412863515
25.247607310236475,8.949569689467062,81.93720141437376,81.94819369363603,0.010992279262268312
9.523104915263737,0.4639968166133741,81.91558715094918,81.9160243161397,0.00043716519051884006
-26.631225163473545,14.225882624959247,83.102473024976,83.10805340878139,0.005580383805380507
15.950185512694311,25.64685000593346,86.40795073141996,86.43229162668479,0.024340895264828077
6.3333689840335765,-19.612055903932102,79.54003979986774,79.54334905277754,0.00330925290980133
-31.406774006099212,-29.887962404736506,77.61278283753181,77.59202749722712,-0.02075534030468873
-3.5356868378758364,10.272632169187759,82.17943440409215,82.22867309062332,0.049238686531168696
30.240278633383596,-11.570220640924404,78.88983208063266,78.92158888834152,0.03175680770885947
-14.037258828984896,16.41658216406612,83.35111452252346,83.38157954046986,0.030465017946397666
-21.281632293120502,-5.699298145460972,80.42942206024978,80.49652322755837,0.06710116730859284
-15.346608919594082,-19.76969734546328,79.56667410640598,79.556248510014,-0.010425596391982594
-20.248711387055046,-24.337254277048274,78.12227646387305,78.11204101676199,-0.010235447111057283
-20.962137914517463,-0.8368605579296045,81.03039528810261,80.94917933742823,-0.08121595067437681
-17.50632457319073,26.417795708865874,85.06594272882845,85.07862147673215,0.012678747903706267
-9.1738742014224,-0.7844099179156032,79.11359494896662,79.11114284928048,-0.0024520996861383537
1.6814290274926336,28.552718603938708,85.53166993860846,85.51042614802763,-0.021243790580825817
-21.090776461590195,-13.83435922691573,80.10069626636607,80.11468655260398,0.013990286237913097
16.08618468420338,10.948758181058082,84.06258886483567,84.00454184605424,-0.05804701878143703
23.64190154749395,-16.83363664565462,78.51290316446608,78.50980811335423,-0.0030950511118561508
19.90966456632043,20.627253639597058,85.5633428636852,85.56573788104937,0.0023950173641793526
-8.17659075644847,9.918575765617028,81.51641323878209,81.53862713038714,0.022213891605048275
-7.175172954014478,-19.806848241639436,79.46981450630827,79.49233379327558,0.022519286967309426
-25.057191109001614,7.084602174251025,81.5001180374329,81.44442110029591,-0.05569693713698598
-30.46148324454537,5.787993700599664,81.9504101530315,81.94515211559258,-0.005258037438920837
-23.08511321943309,21.15071298641869,84.42816380681612,84.46741510362546,0.03925129680933992
-24.37445751958203,22.466635781880022,84.651186725004,84.6854616520141,0.034274927010102374
-18.628401468022922,12.018442409435934,81.58468309315731,81.58537863781623,0.0006955446589245184
23.608488153376335,-9.023610079434746,79.33371763418242,79.33378260651313,0.00006497233070490438
-17.36367604158462,9.882604966383099,81.03719599955016,81.0409647866942,0.0037687871440397203
5.225226522079836,-11.757459432670565,80.43712376844957,80.39440943884308,-0.04271432960648269
28.083955749804225,-29.57899426384504,77.19826480561797,77.17057488254545,-0.027689923072514944
-28.10637546203595,-2.7576155622711767,80.55224401654903,80.60318973304217,0.050945716493146165
-28.183403776287086,-15.479859645848151,79.3009361833112,79.29802869723831,-0.00290748607288549
-11.171398943307125,5.500844399688063,80.7018951593607,80.64837636372545,-0.053518795635255856
6.205671914926683,-26.006668259894504,78.90301928776927,78.90168662446246,-0.0013326633068118099
5.384964439905609,11.294471366370168,83.68978662495519,83.70290204068695,0.013115415731761004
-6.822145299464744,-18.087789898059093,79.47693963359703,79.53681086663049,0.05987123303346209
-10.576078576230628,5.9548130737694365,80.43958578135516,80.39699669862651,-0.04258908272865369
-14.914615272579802,-10.041601981118909,80.28504402778393,80.27857452620603,-0.006469501577896608
19.729258135365264,24.445683805950246,86.25617902221447,86.26461317797877,0.008434155764305729
8.690921063756946,-10.352822930293215,80.58001423938649,80.57828911700541,-0.0017251223810745842
29.683259267273648,-5.646440563788325,79.86187050956184,79.86369763300429,0.0018271234424531713
-25.056836476070828,14.086607595694097,83.23245401304212,83.22773260382586,-0.004721409216259076
-21.893546080378428,-25.675629622998827,78.11046756343967,78.10215218352076,-0.008315379918911958
-30.484235434245214,-2.722355736278324,80.51163079712376,80.49442035012444,-0.0172104469993144
14.813647985206124,-29.441018480349733,78.5974057257628,78.52258261781476,-0.07482310794803482
-2.7573143467973438,-4.859907950462635,80.21121147450256,80.20220238631423,-0.009009088188335568
-12.003977436450327,-24.164156810190455,79.8730373568732,79.87305823593114,0.000020879057942124746
-20.48650419898138,-9.485621998054533,80.26130509311704,80.28818349864089,0.026878405523845572
12.024471904148157,-26.45631164288767,78.817910753109,78.84739323528842,0.029482482179417957
11.322934362288287,31.0090934888365,87.16668812523366,87.11519993124686,-0.05148819398679905
2.152746430324875,-15.993750067334105,79.82530976613542,79.81274637471788,-0.012563391417543812
8.069464599526746,-14.75404778833633,80.04690478050195,80.03677503832057,-0.010129742181376855
-19.10757881260477,-10.811231467848536,80.25016499541674,80.29455042809181,0.044385432675071
27.088060437252274,-18.727753227728606,78.13895453805858,78.1344944456977,-0.004460092360886847
-3.979576601562556,11.439882875760041,82.63030765372815,82.66012536310733,0.029817709379173607
-2.6218075481635665,20.470425612776303,84.5689576148008,84.59262710268769,0.023669487886891716
27.898850277044673,6.927503366522728,81.62611100479715,81.58815330209784,-0.03795770269931609
3.7071034946752306,30.361814466948942,86.79266825499305,86.79775125319513,0.0050829982020843545
-6.4202011899866775,13.962002690911135,83.55374480349752,83.57656604896073,0.02282124546320574
6.886135101747563,-0.08333053862786244,81.82736106696234,81.86524533075657,0.0378842637942256
-19.2529078845061,-19.40184058864977,79.25250663108352,79.25503149053462,0.0025248594510998146
-11.168514288283696,-16.426979737924697,80.01465519161341,80.01943922328282,0.004784031669402111
-25.81231456648326,20.712564038145054,84.67734421330132,84.67476370094514,-0.0025805123561895016
-27.70513295174662,-5.819063390745612,80.32540841793413,80.33102580157606,0.005617383641933316
-27.987599023272452,-7.568166750754301,80.26088469565337,80.26732202911718,0.006437333463807704
22.23470600623814,-31.615379981505875,77.74449278468335,77.74564933330866,0.001156548625317555
-12.711384798492169,17.595928187384665,84.02381111075148,84.00836118639775,-0.015449924353731603
-9.33123760875533,-24.69325711031864,78.9261859395981,78.93582623660873,0.009640297010633958
18.874627185467816,9.461258177160282,83.80425076713152,83.80648447763967,0.002233710508150466
-19.60394471974103,23.208381855249748,84.662898757042,84.6674186234307,0.004519866388704941
-3.2741887577900997,-6.451183289612246,79.74266578668237,79.74544921915404,0.0027834324716735637
12.242847372360956,20.8697194591995,85.42443104786338,85.42443052527818,-5.225851964496542e-7
30.239774515564186,-14.094703926426774,78.54069730833088,78.54115398885774,0.0004566805268666485
17.360966360978864,28.202672578977776,86.69927955410405,86.74656741860264,0.047287864498585463
-23.312403313582152,-2.6301461108789397,80.66545228265275,80.6424181632915,-0.02303411936125599
-31.73005218207507,15.601753508639106,83.88520116960149,83.84735008781065,-0.03785108179083352
22.55548396919955,6.452852252260207,81.85741376274538,81.86849793279353,0.0110841700481501
2.0295586227772304,26.758467725014633,85.49043165258749,85.48757401953554,-0.0028576330519456405
29.65867651918034,-29.9057983113805,76.97814336352528,76.97369129723003,-0.00445206629524364
-4.980767586004575,25.076114756857486,84.8853336245997,84.90254579881494,0.017212174215245568
20.979327724842037,-19.277797259307256,78.12675176707745,78.13592815823098,0.009176391153530972
20.75233231919264,2.683686924625441,81.92195520149706,81.8913281305913,-0.030627070905751452
20.373232484903333,-21.09678679784917,77.97851338359848,77.97728903500989,-0.001224348588593216
15.376473170292172,-0.07084744140455967,82.39560643865553,82.39703524288467,0.001428804229135494
-14.43081934518245,-27.387001693661773,78.19922764837659,78.20964947203242,0.01042182365583244
-8.657000450218419,-22.032201473310003,79.11396499257245,79.11159738415093,-0.0023676084215225046
23.527266311095758,-23.629403111172287,77.31033947119698,77.32132957316422,0.01099010196723782
0.10065063229473026,2.9715784409093686,81.85610939390392,81.83035711697045,-0.02575227693347415
-3.6144316776152934,25.56621283774472,84.94247125295948,84.94102026901301,-0.0014509839464693641
-6.698408681119659,15.26349918581063,83.83542312584491,83.81919551104575,-0.016227614799163348
29.429188300314244,-31.776088844300155,76.92531662116838,76.92197351168375,-0.003343109484632123
8.802627909912289,20.142621421952512,85.39287644245336,85.35182418589152,-0.04105225656184075
-29.751360368070337,-22.023888055442896,78.57993010266678,78.57710084332066,-0.0028292593461145543
10.067065712986874,-13.952319737885553,80.19226229795136,80.19563552589047,0.003373227939107437
-23.55363249720063,-13.539048489150254,80.0229784584494,80.01366142857131,-0.009317029878090466
1.7994417001897318,-13.653475390466284,79.90560365797656,79.9203251107062,0.014721452729645534
19.387751421222838,6.823001699280724,82.99408833686707,82.99430367322493,0.000215336357868523
25.400128192137466,-31.707544193646484,77.38657264663146,77.38597246601113,-0.0006001806203386195
27.627637597940627,2.675185486975394,80.95331308584637,80.96839272925267,0.015079643406295418
-28.50525388032996,3.6358450190593032,81.73718301229967,81.70881027873419,-0.028372733565475983
-28.653430793510346,25.32322976404253,84.88139679518221,84.8926950319545,0.011298236772290693
-3.059437335473639,-10.368113787714336,79.17026747323857,79.16593515579181,-0.004332317446753109
-26.026696905647285,23.99681327219586,84.87318268385808,84.87359661912319,0.00041393526511512846
-23.50834341806882,3.4294576362631233,80.96837741285084,80.96924717629473,0.0008697634438874502
12.85267831494977,28.311165671620884,86.65054991643152,86.64918131940713,-0.0013685970243813017
13.81536286497878,-31.015201168512355,78.52738234815934,78.50851892900543,-0.018863419153902328
-15.0685600949651,3.4390711847530184,80.98664878995143,80.97449285646485,-0.012155933486582171
30.2286962339997,3.4796692315562936,81.02127114705408,81.03049459178669,0.009223444732612052
-19.354943579854286,-3.3996590632740507,80.74215814858076,80.76705990681927,0.024901758238513594
-20.4546792956529,-7.201147542823982,80.34561760446036,80.37666272146207,0.03104511700171031
-25.75049218211877,-1.8868482467042824,80.64683673581273,80.64345221600443,-0.0033845198082929073
23.193800878408155,9.831264853217021,83.304806890151,83.32986403392586,0.025057143774859014
-16.414605033127827,4.506943096387502,80.98275993281038,80.98952134084367,0.0067614080332845106
1.839339205943574,-16.497910211338905,79.72932557688549,79.71768129546156,-0.011644281423926373
-15.783990483529081,6.599257815438534,80.97313316697073,80.98476902202371,0.011635855052986699
-18.09376342150572,19.7103860102764,83.95706358415063,83.97861295718651,0.02154937303588156
31.10691434068682,7.298730774523712,81.49688208393543,81.4744764276899,-0.022405656245538808
3.705772978816114,0.30041753162666396,81.92995972853456,81.91734106606815,-0.012618662466408637
-16.96551261052933,-1.398757155938803,80.92107807802913,80.98355062101216,0.06247254298303062
16.64752761275406,-16.106670968761748,79.75459013731032,79.74300661323801,-0.011583524072307227
28.631703085556566,20.79559685727299,82.1438909484463,82.1275425679511,-0.016348380495202264
-16.716378844151095,-31.727564812730286,77.32933994797098,77.3214220000783,-0.007917947892678967
2.321302985268389,22.461812889571412,85.31132661350495,85.35316207598301,0.04183546247806191
21.538718723513682,-3.777278255308957,82.01143813181983,81.98599928065701,-0.025438851162817855
19.006498606317557,-19.50934315556573,78.3913109399999,78.39476868834232,0.0034577483424271804
-12.244177835461663,19.64718352805499,84.7210458271291,84.69607900620939,-0.02496682091971536
30.43250187651072,-0.6668998869999996,80.41124421020349,80.39830112949114,-0.012943080712346955
21.912105780178855,11.545698602676794,84.56453036353679,84.54693025113444,-0.0176001124023486
-8.140066205184596,30.622514951326494,85.20901734241117,85.25219750676423,0.04318016435306049
-6.877352758396839,-6.733166842208618,78.51204261957133,78.51447374165708,0.0024311220857526905
30.59679901151955,4.066162065418773,81.11408972102245,81.11188020491304,-0.002209516109417109
-4.11140621014556,16.831025892310414,84.07365745017992,84.12756127505548,0.05390382487556167
10.441649071377135,15.411153241054663,84.63097037997602,84.57395016347168,-0.05702021650434119
-3.2984598648917256,29.61542713244973,85.1152608274214,85.12920472402607,0.013943896604672545
22.61278177066044,21.536407005982696,84.74956586761755,84.71507086540764,-0.03449500220990842
10.220635848550408,27.71643323602094,86.61676704239447,86.62381120725371,0.007044164859237867
25.84116160041907,-5.455648287591501,79.92669982040636,79.93341457046189,0.006714750055536456
10.881281870373158,-18.036694246951136,79.71460936920491,79.69892679201818,-0.01568257718672328
20.397259597695488,-7.953086639597139,81.04401855707277,81.04624754181441,0.0022289847416345765
21.805847721970608,24.7352445525092,86.01855498881955,85.97581237613247,-0.04274261268707846
-25.475848072490564,26.11869919958695,85.22898132194875,85.196468669069,-0.032512652879745474
20.017039578933584,28.06379760389946,86.59489888489959,86.59475731062636,-0.00014157427322913918
-4.5345592910383345,20.332075619039664,84.44425379249012,84.46050036939933,0.01624657690921083
-31.75379997755322,-17.30201114736952,78.90198757098992,78.86346729555696,-0.03852027543295833
16.598845406429966,17.98059222019407,85.09801356813665,85.09018477924629,-0.007828788890364535
28.454613734030858,-16.14208482330779,78.52126401194835,78.51744033181954,-0.0038236801288036304
19.408316133342822,14.365027211770645,84.86926810473224,84.87151086187701,0.002242757144770735
-0.7896779695898744,-22.796850790689355,78.4972170295584,78.55546192792232,0.05824489836392388
-20.722879066992725,10.135985637633034,80.98670906597539,81.02354286823326,0.036833802257874027
20.550221650621374,-14.08078492432061,78.85071448819431,78.87063949424852,0.01992500605420844
27.988068724272487,8.292051794788932,81.66720007480248,81.6652803173644,-0.0019197574380740434
14.347027879457038,15.268240274361865,84.81037543534622,84.80683920431638,-0.0035362310298410193
-24.70201962401979,-11.967873237662786,80.21647733969624,80.22606914875757,0.009591809061333834
28.29291659187394,-7.6792510846093975,79.56054229037349,79.52818926275789,-0.03235302761559922
16.514556251352268,-3.178991115358251,82.13463168366016,82.15036884250156,0.015737158841403698
-3.0458627862637897,9.716128318150119,82.06015139396965,82.08340866590375,0.02325727193409932
-0.5416353621786314,-30.22488860775774,77.88568778430634,77.90614857468458,0.020460790378237448
11.361904944047858,-8.54214296542954,80.90391728207268,80.9565227058902,0.052605423817510655
26.680920994974024,11.061526330316632,81.86237507136242,81.86255298170728,0.00017791034485981072
2.6373141231239217,-6.074644147414993,81.31364524484238,81.3165842289621,0.0029389841197229316
-12.085589425391873,-3.9290396588117105,80.57837701482984,80.57857515278603,0.00019813795618972563
-21.446239568381912,-8.011359659084832,80.29938633401224,80.30367417130572,0.00428783729347515
-9.802080898243162,-7.43954868899646,79.72225310000678,79.73324688490665,0.01099378489986691
-15.269996584400012,-19.982278517467996,79.53304041048054,79.53104183204202,-0.001998578438517029
-7.598504358885606,-28.27523592188149,78.1831270757317,78.19183859699743,0.008711521265723832
-21.668496714770924,-8.568928239374088,80.27789860437996,80.28820645748849,0.010307853108528775
-14.184139922903505,12.091204824353937,82.06564501317207,82.07830412542164,0.012659112249565396
-18.182384448838775,26.040116679525653,84.92648349178974,84.93554129666309,0.009057804873350506
-31.24859637382643,21.847324131494098,84.75452380203379,84.7584752502032,0.003951448169416949
10.849254248577694,20.70800171940887,85.51831932347217,85.45370294996856,-0.06461637350361116
31.138734437180204,-16.990809733924927,78.35843483162868,78.28487210356099,-0.07356272806769937
-14.142419202314997,-29.257345992787727,77.64195665742955,77.64188052307627,-0.00007613435327868956
2.9726301751849533,-20.25545306086847,79.22478876338508,79.25003435191721,0.02524558853212966
-19.38225131490362,-6.308649333153106,80.4181763812106,80.46044883012321,0.042272448912612504
-9.628731044208905,-5.827166282611323,79.692323903142,79.68460802129896,-0.007715881843040506
1.0152676338773006,-22.472976567977582,78.70461261578721,78.7081645212257,0.003551905438484937
-31.146995945712185,-28.7216547468638,77.82031674563476,77.7929958973719,-0.02732084826286041
-10.804589008417189,-6.9454640930417995,80.18896381529358,80.19277544787322,0.0038116325796409
-26.0024092773807,3.5537808496488665,81.31711699263195,81.3635843566952,0.04646736406324692
-14.757731985236596,-3.39504044764287,80.70139612216447,80.75117928275715,0.04978316059268195
-4.072785030487466,11.144266281314046,82.46570821603696,82.50607465767686,0.04036644163990388
14.967518012969087,7.880069246394669,83.3979171387955,83.39797114692895,0.00005400813344635935
25.71499142620182,-21.238535596727566,77.73568858203987,77.74561678733124,0.009928205291373615
24.878377167691603,-0.8080317407111224,80.82959182881278,80.81443170902803,-0.015160119784752624
0.011821712956098906,11.264644449638212,83.0487506780924,83.09286490601131,0.04411422791891084
18.045797187522922,-31.060056160737396,78.2822955572962,78.24447423089912,-0.03782132639707925
10.539193091489864,-0.2997260643745463,81.87448770304081,81.86297383248697,-0.011513870553841343
-6.544016526600686,-14.291936361390512,79.5153291461753,79.54689520649656,0.03156606032125353
-0.27583169042009814,-29.593440299937733,77.98925949696292,77.9952045279932,0.005945031030279324
28.369167411810587,-28.008882476823644,77.19757043585382,77.19732349651595,-0.0002469393378703444
-15.506937405222715,18.847844835159762,84.0070039830862,83.9932966118215,-0.013707371264686685
-7.261431093941319,16.210859928267105,84.01660624916055,83.9770113033597,-0.03959494580084311
-12.259377995531864,25.998448293600013,85.29422631891042,85.33009737988941,0.035871060978990954
-30.529424581957706,30.6527405595509,86.73004995930154,86.76086443394512,0.030814474643577228
-23.491121137722878,30.19236093841625,85.9636899059562,85.97037135461068,0.00668144865447573
-18.153574488688164,-7.9639092338930055,80.33746584191788,80.3331428346979,-0.004323007219980468
-25.522326060846353,8.606137351949357,81.73141377067878,81.73750826060126,0.006094489922475077
31.389571442276072,13.959429340411752,81.80369673629869,81.71680997122166,-0.08688676507702553
16.249619396623054,-25.66051971030506,78.65674287206195,78.65740183325401,0.0006589611920588823
17.20141651657967,-19.675643836391252,78.79005895397285,78.78629277128987,-0.0037661826829804568
22.596447266092653,21.975297768440335,84.96144988094774,84.91670927700794,-0.044740603939800394
-2.4520438578731785,-7.221165125843697,79.96236068219338,79.97070214704388,0.008341464850502689
24.115221926454623,-9.050607906321723,79.28323337171537,79.2832310159565,-0.0000023557588662015405
-12.16754571406777,-5.714890326748581,80.50606705058638,80.50061044946186,-0.0054566011245213986
28.335177780817908,-16.795507744750118,78.43465475027608,78.415588958979,-0.019065791297080636
-21.11478952009265,11.028987402132039,81.05401300885588,81.03893958437223,-0.015073424483645681
25.91426847727719,24.640854229145894,82.66467614081232,82.66964182401806,0.004965683205739424
-1.313272755530292,24.563117457288413,84.91576251619695,84.94009719568066,0.02433467948371515
-15.84565817586499,22.498083899688453,85.0127191987472,85.00814858440592,-0.004570614341290025
-11.610090787757208,29.84288998273636,85.58847471520157,85.60285214727679,0.014377432075221463
9.730878981433776,11.154418201753998,83.79949893095491,83.77997215552445,-0.019526775430463772
6.927222649609618,-11.173209352243312,80.4627409138693,80.46921816409683,0.0064772502275332045
8.765589081357128,-26.472470835096935,78.74588243803763,78.73623067026104,-0.009651767776588827
-31.235156999585264,15.262430561230097,83.83901123892986,83.77237447794013,-0.0666367609897236
-18.27516868152079,-26.551170372982035,77.64626425299028,77.64873694259548,0.0024726896051987524
-28.182268065619056,-15.084981830274216,79.3776538750985,79.37317188686228,-0.004481988236221923
9.530286083653941,-8.638069563097147,80.80907156928217,80.82968148915415,0.020609919871986904
-24.63577967749054,-30.323798331185756,77.74292983665634,77.71318590375363,-0.029743932902718484
-22.615133798264736,-26.307299488427567,78.00257481813415,78.0148883163428,0.01231349820865546
19.805787533121936,-28.949286283239694,78.23342649779956,78.23548977841044,0.0020632806108835666
13.56303430242756,10.758314675431038,83.91188640619382,83.89189714833516,-0.01998925785865424
29.938347437916235,-24.53111254107528,77.3115515217022,77.3063624284242,-0.00518909327800543
7.981378587942935,-27.043114439922462,78.66592148997249,78.66367341508405,-0.00224807488844192
1.0305755750209755,30.938344150622115,85.38782826599173,85.38498619609874,-0.002842069892992072
11.422170887100414,10.328396020262772,83.77683313003581,83.76623499964963,-0.01059813038618529
18.98687961986201,-11.450825648231643,79.87936113738229,79.87668723618748,-0.0026739011948109237
-14.901474060710584,-2.8745959109509656,80.7353606893072,80.77037206737339,0.03501137806618715
-30.601916218927137,-22.80605220318153,78.43691500646979,78.42812467962352,-0.008790326846266794
-23.540317731991195,-27.64818952121209,77.83283906222086,77.86144287312459,0.028603810903732096
24.893936497137837,-28.29593457628517,77.66913839622639,77.66692202531527,-0.0022163709111140406
22.07456512262933,-24.489919345242967,77.46394250726293,77.46152939508914,-0.0024131121737838157
-31.63113825198524,-6.085723040732866,80.24467996945322,80.21329624594979,-0.03138372350342422
-30.557232427150474,-26.14954838775835,78.02592562311808,78.03043665789185,0.0045110347737704615
28.806341230636676,25.94582323651,82.24403602685865,82.24403178005261,-0.000004246806042829121
-29.863539054967397,23.439266421842902,84.90487285466719,84.86341807974927,-0.04145477491792349
22.407833375519857,-17.977738676056013,78.33155242451036,78.33091632770346,-0.0006360968069003547
-0.0627080540236733,6.660326763699061,81.86846235301863,81.90399998294775,0.03553762992912368
-8.894673172800154,16.835628992547306,83.99383889256069,83.99159873756848,-0.0022401549922079766
17.384215365586655,20.67950824049123,85.60710034405706,85.61164483011369,0.004544486056630603
6.452544918235006,14.394651352197883,84.2713803795075,84.27644901950997,0.005068640002463098
-18.631276753945308,-29.87064355612023,77.45747125948755,77.45780695497872,0.00033569549117373754
-27.22420388982747,18.18553027865441,84.07419931320652,84.08081346497673,0.0066141517702078545
-8.465915209786097,-14.5521581695524,79.76541490968546,79.76186989886159,-0.003545010823870598
-30.211407359823134,15.96573441916108,83.94340906167075,83.93712482316487,-0.006284238505884332
0.6755102435601259,14.118238243245209,83.96482348631557,83.9924229391471,0.027599452831537974
-24.79902043016746,22.780530060255508,84.70830823377011,84.74937542155706,0.0410671877869504
14.834415165445904,-19.734479444693918,79.3474103952959,79.30211114366031,-0.04529925163558346
14.56337002191502,-17.250713043392423,79.79536781037349,79.8023494899405,0.006981679567005017
10.329209888328052,18.52892106405087,84.98957489286053,84.98285218816001,-0.006722704700521831
27.63665794269582,20.650296802020797,82.18453986952278,82.17647809795892,-0.008061771563859566
18.023571155123776,26.189909016462387,86.40278523170886,86.41738760268565,0.014602370976788848
29.30201215601437,30.73646168354056,82.27118852210887,82.2766577499225,0.0054692278136343475
-30.96887064635557,-18.920691282180563,78.81113977939792,78.78147047534823,-0.02966930404969048
-8.92668271394971,-18.142008338452037,79.71012840400769,79.73472949610246,0.024601092094769683
18.144315071778188,-11.496931660817637,80.21380876476992,80.21104929748685,-0.002759467283070194
5.629827869151782,-15.971963034633667,79.96713868710317,79.9300555711646,-0.03708311593857161
7.365084414842848,-1.5555697604461827,81.636305296309,81.66319452473346,0.026889228424451517
18.290741948580973,-18.848833586790846,78.69606588974835,78.72345469037421,0.027388800625857357
30.289504172889927,-15.328547744613068,78.48695055218528,78.49633385883328,0.009383306648004464
-12.265940976425455,1.2874437078137575,80.8294896525924,80.82435275171721,-0.005136900875186257
-0.5883035225061448,-12.871917028465319,79.68704616132469,79.70426988845335,0.017223727128666155
-28.03824287153423,29.10711793500146,86.01501976168804,86.00153742821986,-0.013482333468175511
3.1101620853251575,15.882912828846528,84.31165395337939,84.32606801013983,0.014414056760443827
-13.677818649020928,8.38040137518982,81.07881842887457,81.10968741847627,0.030868989601700036
-15.470475690167682,-25.930085793320586,78.67645308798612,78.67622721794822,-0.00022587003789453775
24.744539532637,6.79154861052583,81.69205121250374,81.69721257932517,0.005161366821425872
-3.9850887647728612,14.517520214718438,83.66516047326314,83.65348147857436,-0.011678994688779198
-22.12943854423878,-3.803706670563713,80.58986200632515,80.57971307703184,-0.010148929293308129
-25.660830269800805,27.73803472607112,85.5758551805373,85.5797824577173,0.003927277179997191
-11.482005247670685,0.32447504705140773,80.50885544239974,80.51104337070191,0.002187928302177511
30.906812382189614,-8.802587388002621,79.689668136622,79.7000010254078,0.010332888785796968
0.6762894856673611,31.95884037697416,85.48632224713364,85.48405451563687,-0.002267731496772285
9.047432343801134,-4.904190277545041,81.22433571798018,81.22475720934106,0.000421491360881987
-10.144044487778935,22.906683279272528,84.77572425114967,84.82660412149102,0.050879870341347555
-20.838858741835544,18.761274921525228,84.18307737385784,84.17080751686461,-0.012269856993228245
-2.6603068153305145,12.390950174721759,83.23274200760949,83.20691565190901,-0.02582635570047387
-11.707767308848616,-28.78187687964843,77.88166152598096,77.88192450743054,0.0002629814495804794
11.387026317935423,6.754214789852298,83.01630363061619,83.03507347056282,0.018769839946628508
18.89597116512607,-4.641437911387982,82.24460307250354,82.22978639813121,-0.014816674372326588
-22.182408634476623,4.067498664407232,80.9558282537182,80.9513354431685,-0.004492810549692194
31.64195185823676,18.62630395408626,81.87851843309444,81.89193004648124,0.01341161338679342
7.8335085975851015,-24.567133656675892,78.93677195337794,78.9415722887131,0.004800335335161776
-0.44379088550788026,16.637206471542335,84.2320610960846,84.22505743413025,-0.007003661954357199
19.82173714846636,-14.463765849363185,79.0106423011845,78.9728105386773,-0.03783176250720999
-29.064756963768616,-25.37905789929578,78.13503479731165,78.13585589783047,0.000821100518820117
-8.137579294926297,-23.047156971950386,78.50908869577064,78.54787971950398,0.03879102373333865
2.0152617520644043,1.5629578614344197,81.95669447777193,81.95556689603582,-0.0011275817361138252
-14.222183447939472,-2.2226569870789348,80.72708261117982,80.7412114986449,0.0141288874650769
-18.418501809180057,8.341846258540443,80.96731067767365,80.96642013256933,-0.0008905451043261792
2.193983998582418,-28.16829560417522,78.48711929912015,78.42198658095496,-0.06513271816518795
15.887244640979247,23.2494493212777,86.26236717318784,86.25055830704396,-0.011808866143880437
-20.73254018316669,24.980316282402484,84.81847546857679,84.81855528885309,0.0000798202762979372
1.8160766769122532,-7.799315051931735,80.88570888925453,80.90231950522465,0.01661061597012292
12.777648623981015,-8.558718812906008,81.17694570846004,81.15366043861222,-0.023285269847818313
-20.01357582606476,-19.91015787593632,79.09136631315708,79.09182176178729,0.00045544863020552384
-0.9128632502345937,-25.078616157848167,78.33667413182874,78.34051981363264,0.003845681803895218
-13.292155479917689,-4.48090407380046,80.58278341744202,80.59844855128759,0.01566513384557311
-7.200903430596135,22.862959823185953,84.6723944601832,84.69946079498503,0.027066334801830294
4.461939550915936,12.462454715820883,83.87323075262907,83.89330930571182,0.020078553082754524
18.09502824271332,-9.511300722492393,81.09192330512066,81.09353052294856,0.0016072178278960791
17.01082912293046,5.803664056077125,82.95661464191951,82.94194898978635,-0.014665652133160734
8.597208787785178,27.716507678832762,86.6082691285794,86.60982300652046,0.0015538779410633197
17.305682024118987,-5.531152161207807,82.39446024179598,82.40959761942078,0.0151373776247965
-19.81940108244497,10.736832095295327,81.00601434569018,81.00967465210454,0.003660306414360548
10.748598538812097,-6.152761998432474,81.11493089843206,81.1675607808294,0.052629882397340566
-26.71327739926666,25.165929970458187,84.90348870304686,84.92668596248959,0.02319725944272477
-2.372642976715916,10.266141848619242,82.44838078759031,82.47840623059933,0.030025443009023434
10.686216133838087,25.186376428172146,86.63574835682941,86.63575139782773,0.0000030409983224899406
23.709504690668822,-23.54518657883483,77.32566819694298,77.33769827273402,0.012030075791031436
-3.497187928209037,-31.034222247930813,77.79423011966955,77.78875036183481,-0.005479757834734755
5.182522167544732,-11.61345012220277,80.45427385174958,80.42000645369784,-0.03426739805173895
-5.898536050921059,-14.29294084180276,79.52165077479563,79.51555222195871,-0.0060985528369172926
-28.71767307030327,-26.84829917535626,77.79141287609272,77.83849851502939,0.04708563893666451
-5.343045600758387,-26.955775088895813,78.2474132275737,78.2104972966785,-0.03691593089520495
17.424797314713892,30.262257553510473,87.26228168701391,87.24191785043159,-0.02036383658231955
13.176536919123556,29.906947601549888,86.74650052868283,86.73244269309707,-0.014057835585759904
-13.140337308334196,-3.8524491541043204,80.61432972882477,80.64412262554441,0.02979289671964125
30.95669754908485,-18.374314556520012,78.13260302084461,78.0912819548322,-0.04132106601241503
-4.873371302507657,-14.347499579357589,79.59886556199741,79.60255968083239,0.003694118834971505
-22.898549542661662,23.39307947433025,84.66436330379342,84.68351729972314,0.01915399592971312
-24.05038414592815,-17.04758185098001,79.33140959060923,79.33268684799431,0.0012772573850838853
3.1666414311957425,-14.17935452286028,80.04314447679668,80.02351913357015,-0.01962534322653653
12.542904141934827,-31.665925115697036,78.43250796143633,78.39363865170505,-0.03886930973128244
-15.478428236909338,12.6719488614579,82.06367663447614,82.06365722768244,-0.000019406793697385183
14.574345650274033,11.437535668236478,84.05196313489616,84.0406679196096,-0.011295215286551752
-17.975760005276072,-19.337277110274613,79.40360309234136,79.41629837811435,0.012695285772991838
-7.425840201861732,-13.990967847026475,79.5117165662869,79.56405746825256,0.05234090196564978
8.502237004414923,8.651702950493714,83.2665277448918,83.28237970830882,0.015851963417020443
-22.016672394188184,6.08672137337031,80.95175288913538,80.95168752045136,-0.00006536868401951779
-13.00167645679958,24.141850537606146,85.19586520596341,85.19210210969777,-0.0037630962656436395
-23.65953094967724,-31.298582027602976,77.67438500968585,77.67685138762265,0.0024663779367983807
22.394277653033576,25.20158790730291,85.70564587356293,85.66942003394577,-0.03622583961715975
9.344023662796673,-18.92769235658602,79.54942053821829,79.55988040838514,0.010459870166855012
-30.58002179232792,-29.659443315620948,77.69228275505138,77.68216131503245,-0.01012144001893489
27.676247506106,13.034959125344464,81.91623045332723,81.9115562775793,-0.004674175747936715
23.693529250867314,29.96051222858523,84.17825050770682,84.1782203843629,-0.00003012334391883087
26.70058527546602,13.79361915838411,81.99967103864029,82.00781064187137,0.008139603231086312
12.975188081099489,-27.380702796244385,78.75176692593975,78.7301791854252,-0.021587740514547704
-20.285314920770617,-21.13911675904653,78.71489835682594,78.64746496894199,-0.06743338788395192
24.29396097021406,6.4658837301409875,81.67578896882563,81.67659361724324,0.0008046484176134072
7.172548393497635,-1.5185134927791992,81.63718122651233,81.67220723674441,0.0350260102320874
-0.1680688690240828,-11.91797892523411,79.72892470970159,79.72899616784063,0.00007145813904685383
1.8062667011139482,4.0741038428813425,82.09180742881337,82.11416118607949,0.022353757266117213
-11.597626623855959,-30.274937560989066,77.71430719938786,77.71440469874838,0.00009749936052116936
4.675062708908669,-21.41224825209477,79.27834187827527,79.28028929704648,0.0019474187712091862
2.9954605776163135,31.188502736522338,86.49714726560443,86.52644355684683,0.029296291242403072
6.682959556035399,15.878763535983438,84.53349346489503,84.50886350134931,-0.024629963545720557
-26.480382258973698,28.530614767670585,85.69819776249739,85.70709060587878,0.00889284338138907
-13.11108729332279,27.999126295041066,85.59476222487739,85.58773382438164,-0.007028400495741494
-27.438568274029876,-1.5855894739071275,80.73976767020534,80.74394851549829,0.004180845292950153
-0.8563268844098602,-30.789213004414478,77.78422335090482,77.82403277193913,0.03980942103430607
1.4582057030401216,-11.185708363711,80.35010990883009,80.29338821290824,-0.05672169592185128
15.55569355285514,-26.5602762368556,78.6073313011952,78.61363098764791,0.00629968645270651
11.804565609927089,2.63649007979442,82.2380451566157,82.2444481615897,0.006403004974004034
-2.8346799073480256,17.108686303679626,84.16686545231835,84.19183408840865,0.024968636090306973
16.961378285269383,1.3367156290482995,82.41415926464624,82.43373546946029,0.019576204814043763
0.31648938477093225,8.056869499328755,82.1559349369967,82.16835029066122,0.0124153536645224
31.17404562373688,4.415435292712175,81.15647280784306,81.15545265108761,-0.0010201567554446456
7.010285863204736,-1.414282709776984,81.64702453262728,81.6898771616141,0.04285262898682163
2.768576466006621,18.826875758090132,84.77425417652752,84.77014915705718,-0.004105019470344473
-26.902855777678518,21.01312369997777,84.81634969395694,84.81598656263813,-0.00036313131880660876
-5.974107195355131,13.707626498553878,83.51838220921088,83.4932554005103,-0.02512680870059114
-23.494454248263132,-28.36145421552412,77.76577880774153,77.75692519561167,-0.008853612129854582
-10.65480440221566,-16.038728272744386,80.00905499782868,80.0092169305299,0.00016193270121789283
8.08195870104899,15.951203594981948,84.58339381982249,84.58653156618186,0.003137746359371363
-7.6012761096591674,29.822500042549848,85.18333988019648,85.18479378827348,0.001453908076996413
7.44892745116443,-6.76822159757576,80.96942235547758,80.98741663473689,0.017994279259312407
23.521023053906987,-18.579138714156798,78.21273879004295,78.21133855728779,-0.0014002327551594362
8.606209642653262,7.828814080339718,83.09652890635378,83.1199481242935,0.02341921793971835
2.155082023559025,-14.943566528927803,79.89920743467171,79.87515659266009,-0.024050842011618556
19.86197654373838,-12.781045598630627,78.9867591918451,78.98654940048648,-0.0002097913586140976
30.872091169332784,-0.020169582460809465,80.47705664979001,80.46259703777918,-0.014459612010838896
7.563386121660166,29.59296735309165,86.81258235777793,86.78492036534313,-0.027661992434801164
-17.99898700288381,-15.22716553149776,80.129893736855,80.10768215166273,-0.022211585192266625
10.532118749944232,-25.430634957448447,78.89415611721586,78.86292727930928,-0.03122883790658193
-6.477082819589725,-27.137442935411265,78.24372316906282,78.22505850411923,-0.018664664943585763
11.208370685400489,-16.263952299960827,79.94730981023581,79.9429445119241,-0.004365298311711285
-2.0298578873049564,-3.324021382837074,80.657944278677,80.66909728286362,0.011153004186624571
-21.406181545986435,8.853319806927097,80.9660919684201,81.02636020198173,0.06026823356162936
23.32669010803506,-0.733981184293981,81.16580684938862,81.17015225639919,0.004345407010575286
-29.225621187993013,-1.5916128009760655,80.99428612542512,80.97438360305078,-0.01990252237433765
-11.906542034427126,21.771589913425757,84.85872469806064,84.9043759798032,0.04565128174256472
-2.1649810205220703,-19.201077278172427,79.39290800993905,79.35398635857987,-0.0389216513591748
18.473326307825182,5.397113871154957,82.85340428220508,82.84100311945657,-0.012401162748503225
-19.302983215159536,-10.387330276623196,80.25128639627721,80.29676951017382,0.04548311389660853
11.60210603046675,19.934412561771715,85.2429473909433,85.22872721659455,-0.014220174348750447
-15.032812347765876,-19.371330288908638,79.72646746600519,79.723311834061,-0.0031556319441961023
-6.542348104759654,-15.354502784596747,79.66669057501045,79.64669990767074,-0.01999066733971233
-26.91719744122397,-13.652926576426928,79.7769227618612,79.76031337820994,-0.016609383651257303
14.109117079654695,-14.896317468235694,80.33255864096161,80.3601232540808,0.027564613119196224
-15.799164761591868,-16.871222405773857,80.01397278537488,80.0165714526694,0.002598667294520851
13.34114804791708,27.96350263564026,86.67091002548537,86.67119729824017,0.0002872727548037801
14.425683534414738,25.19931832398506,86.37017649821524,86.41672128984965,0.04654479163440328
-21.346577596297443,-6.9002821004092425,80.35208506972825,80.39613540516407,0.04405033543582704
-4.81878379814485,-0.03182777771817058,80.06169175845827,80.06170919990687,0.000017441448605381993
24.25823672043466,-11.046147568788577,79.0384790631401,79.03848017768514,0.0000011145450429239645
-6.335033224232987,24.135111769318712,84.80998745093353,84.83774474652587,0.027757295592337528
16.163532903381544,20.77098218445441,85.65961517109795,85.6634776531215,0.0038624820235497737
-29.25024305645573,17.934252579581717,84.14227989467223,84.11449487571561,-0.02778501895662089
19.39982420357402,31.190097237860286,87.04317275068662,87.03887453174215,-0.0042982189444700225
16.53505602822937,1.3027414319224135,82.41199441014037,82.44539254110927,0.03339813096890509
-13.610204039977042,5.56036267054413,81.00122102249031,81.00174217463938,0.0005211521490622317
27.45211578666607,-19.845099871112033,77.94101007646923,77.94091190074509,-0.00009817572413339803
28.617657924295315,-7.000353434801461,79.71373445754888,79.64931912863166,-0.0644153289172209
20.63606637613848,6.66644220605567,82.49266113638264,82.49288986455845,0.00022872817581287563
18.25562406499637,20.767396806829545,85.73832346367078,85.72577683520629,-0.012546628464491505
14.105853544975218,-31.267092153269175,78.50895465250714,78.49992968942566,-0.009024963081486703
-25.76404254900413,7.548139044894555,81.69832802551304,81.68009635769513,-0.018231667817900643
6.506514865550528,-30.515502098498594,78.3162076054391,78.3486159445472,0.032408339108101814
-16.227444466114143,-26.350110014236073,78.20829547883054,78.23282924784844,0.024533769017907048
-8.092465572886233,-27.134634455604335,78.2731295985031,78.27122830859281,-0.0019012899102932579
14.572019386455366,26.39817783312219,86.57129645617613,86.54328212164171,-0.028014334534418595
12.990951451120168,1.2479406526290546,82.30406863890877,82.304369445919,0.000300807010219728
-27.701745222115427,9.497601502642517,82.40590685044295,82.39201244294469,-0.0138944074982561
-1.2715746578781548,-7.106434812430287,80.47353755730731,80.47051393613437,-0.0030236211729430806
29.642808145011415,13.269447193555628,81.84420776737915,81.7979557075763,-0.046252059802839085
19.286425796541643,21.571590731081237,85.96009348898023,85.91768755329527,-0.0424059356849682
30.46560057590124,23.170307144088248,82.04635251080762,82.06367113159132,0.017318620783697725
11.69864950283641,-3.8685232989100413,81.51863564195945,81.51768636784,-0.0009492741194492282
-10.878167277021376,23.43328938895499,84.91317242005083,84.94770885148195,0.03453643143112117
9.380336740420674,23.282852134306623,85.96699993268852,85.98504996837956,0.018050035691032917
22.359443171873103,-23.036223250300267,77.39644379541332,77.39783527732813,0.0013914819148084234
-9.87674676457894,4.735582331997421,79.85017777378432,79.84348041856121,-0.006697355223110435
27.004967150026282,23.954770454624246,82.18324694393804,82.22930861023052,0.046061666292473546
-20.03453102255849,13.571565282737822,82.42753092637844,82.40772716253136,-0.01980376384707938
8.392471718906727,30.25901461264845,86.81340195420002,86.8341282115546,0.02072625735458189
6.851330591875417,-24.36381133368453,79.00746164425134,79.00265625809243,-0.004805386158906799
27.622166978741966,-9.425716400150236,79.2693008099249,79.2496801629347,-0.01962064699020516
3.7475290453799914,1.8741698708295615,82.10383319193295,82.13123276663804,0.027399574705086138
15.370524686943824,30.548853001467023,87.21457313250542,87.2192555961769,0.004682463671471737
7.950733063433567,2.6273460542032794,82.22267477905984,82.23170295720836,0.009028178148511756
-4.9375622911457455,18.0860740780125,84.12868516078727,84.2031011923768,0.07441603158953569
-1.5132132213808944,10.396153455999674,82.63388181144985,82.62489785068358,-0.008983960766272503
-13.194815994747465,19.288958678249195,84.53300451432291,84.53474905048002,0.0017445361571049034
11.829513687100707,-11.765393483704585,80.58961036056347,80.6061682334489,0.016557872885428537
-10.063165567928266,-25.79334668698619,79.0533655382569,79.06022073356593,0.006855195309029227
-10.827282947685553,-0.3456362548510228,80.13346791771154,80.13370490449137,0.00023698677982508798
-19.980965263498817,-1.5076098274635612,80.99496811995557,80.93235934893619,-0.06260877101938433
-27.87847070580387,-27.184182356547417,77.65318735304741,77.71205502536736,0.05886767231994838
20.104470718455538,8.516864001535552,83.25850318371943,83.27621963486295,0.017716451143527934
29.106864812936607,-16.811252741139334,78.41658646857873,78.38505481293389,-0.03153165564484084
-9.789544250736434,-1.6120344650260563,79.44390332557822,79.46166303626156,0.01775971068333604
-18.353594887003588,-20.034682855068432,79.25078480923419,79.26116265957286,0.010377850338670669
3.2159184293346215,10.26531045525941,83.25941681357838,83.2572812936626,-0.0021355199157824245
-16.117410082558067,16.353199727079918,83.10579329636879,83.11859266231825,0.012799365949462072
-7.601648914795845,-22.924712790462294,78.45868176361391,78.47840048561305,0.019718721999140598
11.288884180247315,-26.507253487288025,78.79516227540508,78.82112026451368,0.025957989108604806
19.5147547799588,0.8304613557447595,82.29212612697712,82.31268859745941,0.02056247048228954
-11.13101645022428,-27.162531777112754,78.54865091613635,78.54645384067456,-0.002197075461793929
-21.51012710957847,29.65787503676463,85.62710482758251,85.61204314904037,-0.015061678542139134
-14.936751117410687,-25.919201048442652,78.89894174054271,78.89839919061332,-0.0005425499293920666
21.551157699745573,-15.426243734278628,78.79019338116996,78.78875747025845,-0.0014359109115105184
9.544096617822646,30.375179509724546,86.81621206041883,86.78496566434706,-0.03124639607177926
-21.518901608887774,-11.91749003474657,80.28547181622679,80.2854597585834,-0.000012057643388629913
-3.042334190496682,-19.15637709832533,79.41256483074723,79.41096894238557,-0.0015958883616633557
5.1517260885852565,-21.560710086644647,79.29810040509622,79.29352193564843,-0.004578469447793054
-1.5725291121784792,-17.46107837298714,79.48728454562115,79.49140422943312,0.004119683811964592
28.454638779647667,-9.420071067530898,79.35001890891296,79.34983196013638,-0.00018694877657310371
29.474468553214315,15.60625979700881,81.88918069250964,81.8906572151736,0.0014765226639639195
0.4687512911226577,-7.522726752274217,80.94845248227341,80.95358539840161,0.005132916128204101
-10.599253750852974,28.836383864482144,85.39087793672368,85.39273535179397,0.001857415070290358
23.520165817081008,-13.272284225463245,78.80358472842313,78.83998190879839,0.03639718037526052
0.5583145217075227,11.66234174536637,83.24306269802383,83.2811198102938,0.038057112269967774
20.787723644164892,-0.6738914705084866,82.07710422016913,82.08345567404284,0.006351453873705282
-30.680905055913883,-28.736651480661266,77.81522911181912,77.78693504933463,-0.028294062484491178
9.476145788428447,-25.213977843686926,78.89627380999455,78.88548105497145,-0.01079275502310395
-20.514139894996063,19.388790646579317,84.16774247082265,84.16234053474764,-0.0054019360750032774
-15.938004314068607,3.523770294681121,80.99471266600499,80.98736059253758,-0.007352073467401965
13.386864256092998,25.60592176166943,86.41903699073796,86.41589124469701,-0.003145746040956965
11.661352648043412,1.757681253150217,82.19685989524461,82.18892199107049,-0.007937904174127652
5.340884541584018,1.718359029899247,82.11498118084914,82.12033301031353,0.005351829464387947
20.065177403464773,22.931961612874034,86.14629833464143,86.08533843860444,-0.06095989603699081
29.41858554845104,20.164733419732052,82.08172010596778,82.077475510235,-0.004244595732771472
-10.049278534066765,-17.261292141045125,79.84934053950329,79.8602306446386,0.010890105135317185
-13.983317922387634,-21.703763508263314,79.83110878965088,79.8290655213882,-0.0020432682626818632
-14.576528643902314,-9.98246376918219,80.28243604893672,80.27787047062785,-0.004565578308870499
18.36973719155312,26.55898148404477,86.41830301095676,86.44508854293201,0.02678553197524991
-16.95194168419227,-18.532454372425498,79.62644511977014,79.58957608700013,-0.03686903277001363
19.128933388371244,15.544234370011843,84.89659038211337,84.91812960313601,0.021539221022635502
3.6895263633618214,29.002457783146184,86.55363966499108,86.55613132535188,0.002491660360803394
-8.098696501506822,-13.020985329246663,79.373549637373,79.3491330140261,-0.02441662334690875
4.481581709320558,17.64703237120932,84.68652202756964,84.67806940926243,-0.008452618307202897
-17.087641748445584,-9.403238840117616,80.29284225376449,80.31983048827044,0.026988234505950004
5.5973435448701565,-16.17209807567739,79.94376163921464,79.91038306526633,-0.033378573948311896
17.90053505811961,10.745230891956012,84.10232356864702,84.05284872647266,-0.049474842174362266
-2.3325595491657296,-3.2034418480225426,80.5330967189814,80.5462381470687,0.013141428087308782
-31.879881209700464,8.508291538917533,82.56624532097551,82.57614011254772,0.00989479157220785
-12.541754087691189,8.538507465359373,81.22046892436234,81.20557210484786,-0.014896819514476078
30.61360504323069,-4.182983567330211,80.00652898726318,80.0275961371066,0.021067149843418065
6.63126424871696,-11.080119057743993,80.47613451592127,80.48262990670631,0.0064953907850338055
-26.258016994754634,19.49133074085151,84.54009030048604,84.51451633018395,-0.025573970302090743
14.048160538326641,-15.566876197405847,80.09607930090742,80.10781358153338,0.011734280625958604
-17.550815537771037,-7.972288056322853,80.3357571956096,80.33800973574327,0.002252540133667935
5.845191948189054,12.658943281957171,83.94043204850993,83.96298672913024,0.022554680620302747
-12.008022023349731,-24.401638312064534,79.87740632757746,79.87743806222426,0.000031734646796621746
15.52235144550415,-27.877927930590502,78.57121797899327,78.5341307055418,-0.03708727345147622
30.169787104584167,0.9742224738770915,80.58204831987273,80.63842327677375,0.05637495690102412
14.03081178438277,-13.439840262984816,80.6941557692751,80.70190648194806,0.007750712672958571
4.1827487166291775,-22.26764689699349,79.08497827150728,79.13952156873655,0.05454329722927298
19.358099462307877,22.340143745444898,86.15662848159889,86.11450791481226,-0.042120566786621794
-12.823504226902386,-16.502548160865302,80.11117036291665,80.08656865016907,-0.024601712747582383
-21.779264726322054,-7.118036237129672,80.33991446102927,80.37530307871945,0.035388617690188084
-23.608600951791963,27.475237067353795,85.42813663048366,85.41413099212602,-0.014005638357645012
11.348875619641419,29.44639645093538,86.65112291286243,86.63736379540623,-0.013759117456203285
1.172188157951993,4.703411313936172,82.02674575576692,82.04989219552832,0.023146439761390525
-1.6290999039850433,9.780815067477079,82.40924178088851,82.42081803485914,0.011576253970631
15.705033464625338,-29.171344040016727,78.51313415295232,78.45714684038067,-0.05598731257164502
-13.861617813860093,-9.12893491486215,80.31850036911803,80.3103254496154,-0.008174919502621947
8.129996918437548,-10.741696225424086,80.50942076753871,80.5171046465828,0.0076838790440802995
10.957489947381589,-22.77174755416825,79.17547898806026,79.16353549853834,-0.011943489521925699
14.287945959671816,-7.270865025733379,81.8112684395339,81.79881130764142,-0.012457131892489315
-5.57911170554862,-0.3648429003542333,79.72539825379364,79.7255792984129,0.00018104461925361193
8.312741568384908,-28.041470318956875,78.5639713781226,78.56977735701143,0.0058059788888300545
-8.451690069356886,-30.26421038759093,77.88038520871686,77.90835392402097,0.02796871530411238
-10.878676409363635,7.603210697604879,80.86571190901265,80.83867237720384,-0.02703953180881058
-21.247187502604284,-24.103885280724924,78.41645320547696,78.4070774669721,-0.009375738504857623
-16.131272302568696,-1.6220025912653782,80.86663004562675,80.91028612139976,0.04365607577301489
0.31928505680282626,-8.370674895235773,80.78587292189339,80.81447086992087,0.028597948027481834
-29.23283067549969,-1.7654045515947985,80.94711469860417,80.93531783938835,-0.011796859215820632
16.781949443512914,-16.767107561146858,79.5653554190721,79.55098654766026,-0.01436887141184684
19.19610594943643,14.351410082086588,84.86341925497075,84.85660105426403,-0.006818200706717903
18.929582646664706,4.743175406101081,82.60157738466562,82.60820094021429,0.006623555548671334
6.9609772590572945,30.328504584379374,87.00529278181195,86.93951780692862,-0.0657749748833254
12.364219469085882,-12.631187559649788,80.59483583044896,80.5842540705198,-0.010581759929152668
14.470488041826407,12.729580510337769,84.21020805487419,84.23005585921815,0.019847804343967823
10.44885639738667,27.413205230282827,86.61442365342859,86.62358618488301,0.009162531454421696
-29.55418464003833,6.403052262580957,82.02926739866705,82.00938401216327,-0.01988338650377841
9.186998400170374,-29.285028785781833,78.44310262345729,78.47809306314386,0.03499043968656679
31.992360675182297,-31.180864499833703,76.90435156741933,76.88224344506416,-0.022108122355163573
-24.174335445858368,-10.192993367296019,80.26161426204177,80.27767822105254,0.01606395901076496
13.15571461545575,17.756151678579656,84.97346051421263,84.97510879708726,0.0016482828746262612
21.56798705771844,15.32475099375938,84.47213486572173,84.49388125291667,0.02174638719493771
-2.3140150812889146,25.910354084383485,84.96515326696317,84.96569895124699,0.0005456842838214016
-11.348177735031186,-2.9389399089184067,80.37810435551286,80.37571023686563,-0.0023941186472313802
12.002015406598481,13.59432911726936,84.29527900468425,84.29345809347377,-0.0018209112104727865
-16.358323889250855,21.24169591283882,84.62514234080197,84.63717722873989,0.012034887937915073
29.68400242600122,-22.61610681241853,77.48487412146633,77.5215280450268,0.03665392356046482
-15.276259563933152,-10.413343339682179,80.26553756652044,80.26976468449716,0.004227117976725481
0.21962678241339972,24.09899585471669,85.04339885472007,85.04807029364673,0.0046714389266639955
21.806698649692137,-16.995769361309762,78.51472639425496,78.51506272050023,0.0003363262452609206
23.61057818583155,0.4706527597059633,80.93499665126183,80.91685246472943,-0.018144186532396134
4.248960866034729,4.06325975244183,82.45905001746372,82.44736192146227,-0.011688096001449821
-24.25560002522043,0.25857838711852565,80.88837556509431,80.93113303566204,0.04275747056773582
-2.418082854673351,-18.23113395994489,79.43218094859193,79.4386098980223,0.0064289494303721995
8.734260103272362,-19.007168786978248,79.52615252943829,79.54187266619843,0.015720136760137393
-31.288745780964014,27.5058445130582,85.95009578295836,85.86847851759207,-0.08161726536629033
16.71727814485037,17.568381528984062,85.08494277554462,85.06823782837498,-0.016704947169642992
-29.72332991496817,14.91943571182341,83.68111614918362,83.68334789404979,0.002231744866165286
24.043327433303624,17.712039743703436,83.1714749759097,83.17360175023231,0.002126774322604774
26.274657227800866,-1.5740076086602102,80.70021610096973,80.7647825320599,0.0645664310901708
24.912318650205833,24.291033804996893,83.88964462463213,83.88832133413425,-0.0013232904978792703
31.878923188098177,-5.5648709456099965,79.90427278936835,79.91501496186476,0.010742172496406965
21.159601350344396,28.81952843614704,86.3658710198649,86.35658962652505,-0.009281393339847455
10.168043841448004,2.6999692005434923,82.2266492019759,82.20564756125894,-0.021001640716960424
-8.624198366685256,21.466464458433244,84.52668227618314,84.56596472197266,0.039282445789524445
-13.13264607763741,-9.444188139622412,80.31515433112887,80.30265984539078,-0.012494485738088201
27.270464347771934,-21.786512829553544,77.6383092554318,77.6621394733269,0.023830217895095984
10.65054697261239,16.409765390793503,84.77853193506922,84.72311366616967,-0.05541826889955814
-3.094057098128964,11.1321294501575,82.65141729365801,82.70893380069393,0.05751650703591338
7.0033928206039135,1.8044796842158703,82.1032705883399,82.12046768167164,0.01719709333174535
28.580245109510237,16.566375642972403,81.98027613901554,81.9807001758503,0.0004240368347581125
-14.332905957764325,-8.780741654432099,80.33479191285937,80.32260216799756,-0.012189744861814233
-6.536565239494173,6.651482889629214,79.97180313649605,79.98320921789097,0.011406081394923717
8.438345161917617,3.8918866486544985,82.40497538031721,82.39769921719594,-0.007276163121275658
3.3436251210935595,24.40797956220179,85.60603947196236,85.59134612706008,-0.014693344902283911
-16.44198836753462,29.431236174360457,85.63147976251743,85.62441539946582,-0.007064363051611622
-28.63802317505621,-9.954433238520814,80.22516108779773,80.22369282208982,-0.0014682657079134742
-7.494851850737696,-10.15665770050932,78.32633617354594,78.32560775280837,-0.0007284207375732876
-3.9209122188944363,14.06898402673157,83.54543867494219,83.54479696834485,-0.000641706597335201
17.63778266907373,12.635489397038725,84.40412634876431,84.44029602423632,0.03616967547201
-10.810399403137495,-10.260470379350423,80.1442639674985,80.13517625166502,-0.009087715833487664
1.788510993008913,30.141273630548724,85.59515058358355,85.58117649149152,-0.01397409209202749
1.0573994576601962,11.340210510952886,83.21270198753638,83.24282090794982,0.030118920413443107
-12.30406989666217,23.785299545735313,85.1095374791287,85.0942569235677,-0.015280555561005826
7.593387129186745,-30.69531421490708,78.263984571473,78.28478846586444,0.020803894391434596
-18.593248894730202,-21.711953462864216,78.34039053767974,78.3544275541597,0.014037016479960585
17.04690211064151,9.728215163747493,83.83251092339893,83.80652136556797,-0.025989557830953913
-24.306382606572768,-26.433614319022354,77.97735996163658,77.96705457682452,-0.010305384812056673
15.132620794111737,-1.2118977831321374,82.30541273556928,82.2692081362873,-0.03620459928197306
-6.572277567054186,-20.742171815673885,79.3988789322244,79.39858379123415,-0.0002951409902607338
20.480004535134945,-18.578113644906722,78.31860384953463,78.33888113785146,0.02027728831683362
22.177100482025928,-13.48539063725805,78.80355178894239,78.82829666731594,0.024744878373553547
-15.659808399507007,-5.1373796865587025,80.69445720536989,80.6929410714438,-0.0015161339260885143
-2.102359382867732,-6.140056438707013,80.2874402081163,80.28917667672907,0.0017364686127763207
-17.356649821486528,-11.540934385137227,80.24163602786501,80.25685660274941,0.015220574884395432
8.461002167599773,-30.264702385769525,78.323536998137,78.33689599800738,0.01335899987037692
-5.533712132981442,24.07919725497743,84.81081974465656,84.84315307305187,0.032333328395310446
31.18564192146996,12.311313620315616,81.73246229013043,81.67004524172933,-0.06241704840110174
-9.280072053139051,-17.888254573278246,79.75150183989807,79.769912886778,0.018411046879933224
-31.616919729424467,7.737118650142712,82.40593524751851,82.40729662423195,0.00136137671343306
-16.126495942498657,-17.715276487222717,79.84531555482096,79.84546138997804,0.00014583515708466166
-10.721450483934802,6.255035178667882,80.51941739279599,80.47121204830073,-0.04820534449525837
12.17290812640973,-12.921263769012349,80.54686620912526,80.52130938367615,-0.025556825449100984
-13.816420251617124,7.202497498219969,81.00679548175785,81.01662618068455,0.00983069892670585
16.096101039155528,-26.510188452776426,78.58428697088532,78.59452651352701,0.010239542641699018
-16.809798768509197,20.86229830068047,84.45536448613684,84.49513522733993,0.039770741203085436
25.27361251721618,9.037345725590583,81.94994834521886,81.94695103896596,-0.00299730625289385
7.250069988385576,-31.841879147909054,78.12975408607191,78.12963757209735,-0.00011651397456091672
-26.909537531299407,1.2543705010797268,81.44934730867703,81.44273715712458,-0.006610151552450816
4.8762360095792445,-17.74465418313681,79.72691164847858,79.73647323700843,0.009561588529848564
-9.611704058508948,-12.947762538805272,79.66425804140567,79.66904356881517,0.004785527409495671
24.115040117597687,-6.35816104810857,79.6724239377888,79.69508780975255,0.02266387196374353
-30.806179222819075,25.22712370387221,85.07975870404299,85.06196267173362,-0.017796032309362886
-20.396094464848325,31.54559354149668,86.0278188732527,86.05285254189458,0.025033668641881945
29.241510418037777,1.8059666527001923,80.75046437415646,80.79435154982349,0.043887175667023826
0.04670933317755299,17.55210936704944,84.3992907837881,84.4059923618071,0.006701578018990517
5.882412285940504,2.0980031899777103,82.13596259388652,82.16573466106612,0.02977206717960712
13.414632977831587,31.851004364648468,87.5896754369717,87.58164926159023,-0.008026175381473877
31.27485450281233,23.398121235018372,82.02062182096807,82.0379609160985,0.017339095130424198
8.73634671008596,-3.3026141764003825,81.41551206475762,81.4107530478344,-0.0047590169232165636
-21.31871883015456,-10.644334149802013,80.26347694739036,80.25886701131348,-0.0046099360768749875
-29.891394429858536,-31.465513230735063,77.49393663578877,77.5004006768851,0.006464041096336359
30.667124254824294,8.568337353660773,81.55742184776834,81.55601474148133,-0.001407106287004467
29.91476666404826,-8.815899563812565,79.63931600925231,79.63971356045592,0.0003975512036049622
-19.481358934278198,9.014705787067726,80.97241182272298,80.98131074665247,0.008898923929493208
-5.891893462826445,-19.719856111722457,79.39901645383583,79.39840158893273,-0.0006148649030990327
9.865005709512445,-31.133647039709167,78.28014900783778,78.31648591516438,0.0363369073266
-20.35034269655869,21.460289541425325,84.40330180244476,84.36839979182432,-0.03490201062044207
26.179203309674108,3.5735960056135596,81.1535124022501,81.16004604995534,0.006533647705239787
-19.58275858472507,-7.756070126867158,80.3320375355966,80.33753419276752,0.005496657170922958
28.48563159447405,-18.064245255920525,78.22707908704471,78.20396478653424,-0.023114300510471253
-4.1741185351733066,0.279791773157541,80.35116895646867,80.35230012819106,0.001131171722391855
-17.86933361863577,12.456147917492693,81.6948770289061,81.71527308374469,0.020396054838585087
20.193994217908894,5.613329346338155,82.37897676976245,82.40237233529503,0.023395565532581486
-31.243870707018928,-14.914154164213258,79.12981755193103,79.17751085084137,0.047693298910346016
18.694034947933794,17.67783680701327,85.03174844832989,85.01181901138847,-0.019929436941424683
-9.183389806967952,-6.641465891354329,79.47889080330054,79.46594802579153,-0.012942777509010739
14.702789431189458,7.984483183998179,83.43112519887347,83.4311276169284,0.0000024180549331731527
-3.174955873111635,-28.287091946913826,78.07730509557038,78.0738478700339,-0.0034572255364793136
-17.98273156601224,4.747720745549607,80.96917900267347,80.97319255750011,0.004013554826642007
18.89937299672865,31.628416831041832,87.20251247962297,87.16412784408324,-0.03838463553972815
17.441484284348448,-28.426976744102895,78.50777074901326,78.47860956062789,-0.029161188385373293
-0.8303512600428533,21.100817744933202,84.83163805020452,84.79632294448439,-0.03531510572013019
-23.584321372566855,31.8129927241514,86.25499914968584,86.25202077459784,-0.0029783750880056914
22.81156273471423,11.210365050553328,83.96362959578673,83.96718080218291,0.003551206396181783
-17.42053506705382,29.124657675165636,85.3523720528874,85.35315352957156,0.0007814766841534038
-10.26044044770758,23.82858470208712,84.87299582354021,84.954167474731,0.08117165119078606
-26.488714242181764,-14.671580993464978,79.61533451669716,79.60389827655543,-0.011436240141733833
-0.17314084735939872,-6.551290080619296,81.02310550787467,81.02206479127172,-0.001040716602958014
16.426241306754477,11.599953802919437,84.1756136049627,84.1494304574469,-0.02618314751580897
8.162924471111644,-3.1978007232796415,81.42279320907593,81.4239494850811,0.0011562760051617715
-24.78719020356303,-0.6751114578796376,80.80393749217602,80.78195929561252,-0.02197819656349509
30.16014227950076,-23.229992052958714,77.42564083759834,77.48166725714223,0.05602641954389753
30.80418390339196,22.88794705562924,82.02874759239262,82.0509323978464,0.02218480545377588
22.96302749743011,4.148408021035266,81.41894989634784,81.49267471072814,0.07372481438029865
-30.166540310861805,-7.160944166672834,80.23563738935471,80.20484833176474,-0.030789057589970525
17.89072436198869,14.394434065787323,84.80125527142498,84.80879354643916,0.007538275014184137
-17.71240605490948,7.899673993857277,80.96427495823743,80.96255094093415,-0.0017240173032746497
-28.090601299768956,-26.724467231187816,77.74356675556243,77.8014971392915,0.05793038372907233
7.276729958812602,22.667790329818033,85.69151947439173,85.69061690275669,-0.0009025716350379298
-0.47752913830762367,28.569924745109418,85.06698701259104,85.08895395906588,0.02196694647483355
23.62460762943205,2.478909492447997,81.14052570645124,81.12710100364417,-0.013424702807071753
27.857188376149537,-10.89521169715156,78.97667722146763,78.98404071057367,0.007363489106040788
25.255243152215684,22.92002626210366,82.88985724902147,82.89563686277793,0.005779613756459412
11.618192979015113,-7.248527277710814,81.05741256610418,81.12530664012144,0.06789407401726066
26.088705403758738,-24.25009551539265,77.27003854074802,77.27003926079739,7.200493712389289e-7
17.316751355355137,17.279828424967015,85.05891257473125,85.04452417371743,-0.014388401013817997
-25.737011108639273,25.235188049739904,84.98965081056133,85.02255802881511,0.032907218253782844
-30.777101394618292,-13.666712153689566,79.41058129854241,79.43496457596835,0.024383277425940264
-25.862226857478035,2.2777373883361776,81.36141614348662,81.37191789115884,0.01050174767222245
-18.133851564295767,-14.034059498381282,80.30570243046432,80.29656452723196,-0.009137903232357303
9.300672523851183,-26.522927974278645,78.74804568976116,78.73934409816077,-0.008701591600384972
6.4395970889443035,23.664745400469428,85.81199341934655,85.80752666938169,-0.004466749964862515
-27.067846046257834,23.506462246966606,84.87632437168232,84.84066165585675,-0.03566271582556624
-14.814036283945796,-11.067745538843454,80.2435711115049,80.24784989125115,0.004278779746243799
22.165041687836144,-28.919891452671628,77.97250506374375,77.96671271358967,-0.005792350154081305
23.20522067939939,-2.603927705491486,81.3790886874927,81.40484982245975,0.025761134967055455
20.727515312406105,-9.620535982329258,80.00456449597864,80.01652856118383,0.011964065205191332
21.734997874370848,11.654411032130099,84.61688121250928,84.5532373517967,-0.06364386071258821
-16.439905020749876,-14.552711834823434,80.2516385941775,80.20297054726178,-0.04866804691572213
12.994149840987475,-31.566906937729463,78.4831404852183,78.42825259710514,-0.054887888113157146
22.58974922270965,26.532627148577056,85.5100662498838,85.51924082157309,0.009174571689285926
10.492151319323021,14.158440333457271,84.38004404078366,84.36645717136348,-0.013586869420180392
29.616232841475885,5.936387538104988,81.46638605015707,81.46609443771695,-0.00029161244012243515
-14.344336140004856,27.53870068957361,85.65542286545806,85.65911286450351,0.003689999045448644
22.03149667737071,-25.075069647725066,77.62023936086517,77.61979251172903,-0.00044684913613934896
13.825807423644761,21.63541521151312,85.75009838881722,85.76802449346934,0.01792610465211908
-13.234548159562841,-15.45038945037868,80.19209473030719,80.15788621471812,-0.03420851558907145
31.906043996922044,-25.30198076851226,77.2036558127715,77.1987684418507,-0.004887370920798162
12.950145066023353,-9.886893351037578,80.8371260096632,80.83830483934477,0.0011788296815780086
-17.670779433306663,16.79585382596747,83.38513004335161,83.39440682637505,0.009276783023437929
-13.094206196383716,22.010519047865785,84.97003837228193,84.95700154263734,-0.013036829644590853
-12.624428832862748,31.53330225648792,85.91240944054118,85.8676649272907,-0.044744513250478235
19.962335712758602,-26.57470473017886,78.29576908421626,78.29498541979297,-0.0007836644232952494
-24.94214296157626,-14.475783344693177,79.75219333942444,79.76214775814462,0.009954418720184322
-15.244639762162855,25.337820860009458,85.43526264353034,85.43154560564322,-0.003717037887113861
18.143819013234754,30.98865505961554,87.42880874747422,87.42857141573748,-0.00023733173674145291
-30.93135806999502,30.938805676402836,86.74661737746321,86.7946342997703,0.04801692230708454
-6.826357985782792,29.231104536661626,85.14749085978691,85.14961953974661,0.0021286799596964556
-19.117497179056883,-12.206355948810625,80.27067657543789,80.27043329826215,-0.00024327717574124108
5.722748424809659,11.22794626426829,83.68762334680325,83.69894554538915,0.011322198585901333
6.971958440330155,-10.709775699342032,80.51540066363373,80.52061905218483,0.005218388551099906
-21.766859614821406,-29.641937437406483,77.47712154880563,77.48944344391093,0.012321895105301905
7.698706594350611,-0.679141610362521,81.76152127997695,81.77738795138035,0.015866671403401256
25.94043974646506,26.314702581993657,82.89129061706785,82.89088043022632,-0.00041018684153470986
31.290168231817674,-5.643510530385228,79.86678925859849,79.89008016250864,0.023290903910151428
-10.26487555850165,16.143105965302837,83.69349422896533,83.69621150318149,0.002717274216152532
-21.338274207069176,-10.625942519175574,80.26316566940163,80.25861151351232,-0.004554155889309186
1.1571204415200853,-9.448777362715575,80.74577243434248,80.71728977700505,-0.028482657337434603
15.219497948504795,-2.338715593249738,82.15722911722935,82.18037556328251,0.023146446053161185
14.279321072059588,11.909939939906515,84.10264514991086,84.06750957413831,-0.03513557577254289
-23.891798985102632,-23.31292461091629,78.66824043399828,78.66505865532864,-0.003181778669642199
4.64382935324582,17.76549767184283,84.71704000379947,84.70481818513683,-0.012221818662638384
10.037276690750112,10.601158711543945,83.72373911037862,83.69833446361126,-0.0254046467673561
-13.040065362187256,-28.80112736213526,77.77923473761827,77.77894203642289,-0.00029270119537727624
26.278596005215235,2.4004122130513323,80.94307797243997,80.94351190708919,0.0004339346492230334
9.703046367677338,25.498129015298062,86.62514073435617,86.63608671884273,0.01094598448656825
-27.50289589046193,20.173726882576325,84.62027649308408,84.6031607516491,-0.01711574143497785
0.4074218454752625,-24.210575242927035,78.49281263266087,78.49291611097347,0.00010347831259593931
3.075722726839963,-8.407332166624073,80.82794439363197,80.85259687086084,0.02465247722886943
-15.85275610666627,15.963655080804557,82.99517561032455,82.99942302854299,0.004247418218440657
16.300343300214628,-28.71018049801001,78.48752499554608,78.45033325500599,-0.037191740540095
-10.368127341097008,8.477663235096998,81.21966956692461,81.20679718090683,-0.012872386017775739
6.888020018439086,-29.74790729654422,78.4306809007422,78.4163776213081,-0.014303279434102478
11.077582756587468,23.189165211183052,86.03681773109538,86.03039173950896,-0.006425991586425539
-11.241869686197987,14.05940349588085,83.09466293186466,83.10455223705945,0.0098893051947897
-2.395862470546696,-20.475478288247707,79.20151399924669,79.22116188170097,0.019647882454279397
-10.546894102667906,-19.65601842688961,79.78105476791421,79.7878472592575,0.006792491343290408
-20.229264358528646,17.88232591501552,84.02500003513566,84.02654024763189,0.001540212496223603
-2.9964816159268963,9.164735179658457,81.84022701691373,81.84477043330651,0.004543416392777999
-26.29990576680354,28.664746173417996,85.7510367106602,85.74339946146739,-0.0076372491928111685
-17.697671428855763,2.1079865457503075,80.97237970064131,80.95692590502205,-0.01545379561926552
24.263012916635844,-26.294815265730676,77.57248919029078,77.5724860484126,-0.0000031418781816228147
10.9460847383869,26.69672648250924,86.62556015271622,86.60111083306467,-0.02444931965155206
13.523726861205546,4.205992295823101,82.39632174351331,82.41776422555081,0.0214424820375001
-0.7642433810678355,31.416582117748668,85.23299067730467,85.22872134617538,-0.004269331129293619
-29.630418326058766,-7.320895874820621,80.24741325695959,80.2207021697861,-0.026711087173495685
9.759719152801274,18.628976918285936,85.0370289608494,85.01792981115331,-0.019099149696089057
23.834237334071226,9.72796057473547,82.87471847099093,82.85639069042983,-0.018327780561094187
17.187475171161807,-29.676981097206657,78.46722796839087,78.39967485718772,-0.06755311120315355
-5.95936987178397,-21.153797383958498,79.24681838555937,79.2467672473746,-0.00005113818475876997
-2.973571311974368,23.852993589034924,84.8343280393239,84.83952164484563,0.005193605521725431
25.290098246479424,-16.618667561984005,78.52319809221858,78.51812001131582,-0.005078080902762849
-31.314765241194827,-19.93369040179777,78.70209678685441,78.70064700052608,-0.0014497863283366996
-4.2873748632546835,15.95212124794827,84.05655578567135,84.04305348373101,-0.01350230194033486
-31.34769951891451,20.663277441524272,84.52606148326035,84.4921861040207,-0.03387537923964601
26.754077684172394,4.425142159777543,81.28813806919806,81.29187227705323,0.0037342078551745317
-13.249190500220287,28.24704509106423,85.64466299306679,85.6353834886346,-0.009279504432186059
20.28833759463334,27.290105441328215,86.54475183766397,86.51101456904775,-0.03373726861622117
10.328580390484035,21.066344571440823,85.61982192675622,85.57073973265062,-0.04908219410559411
5.059844877786119,-22.169988683518874,79.1967625841084,79.21059633191268,0.013833747804284258
-9.568108690162092,16.780095733779305,83.88709607755857,83.90694617710423,0.01985009954566408
3.670763579181134,-21.5701376884818,79.13046078333744,79.15853398687045,0.028073203533011792
-2.5399726851177746,-23.029257748709753,78.40084153557339,78.46485389262939,0.06401235705600072
12.783448739553194,-15.667824195693171,80.0559422246184,80.05779910091321,0.0018568762948092399
-17.9794856693276,11.758328519702701,81.44948955194434,81.45634415296037,0.006854601016030415
-25.82397274707025,-31.631282884613462,77.5540285796825,77.6012068745575,0.04717829487501035
30.1432136479916,28.259493440758284,82.29548169539055,82.29141523992057,-0.0040664554699816335
-30.540876376319346,-30.875401288654167,77.52357520961972,77.55744499465101,0.03386978503128546
17.924351087862455,-3.153638034392401,82.20698825741994,82.20033616486003,-0.006652092559903622
-31.63274734562968,10.43268723673372,82.92160850635553,82.92423888618146,0.0026303798259306177
10.204379859898829,11.660878478609504,83.8839744212776,83.85394839774224,-0.030026023535356217
-27.494537812504824,1.772151120187388,81.53105458262107,81.51159975115803,-0.019454831463036726
-30.436065770632254,-23.857972721157182,78.3096824373113,78.29481614787062,-0.014866289440675473
26.13950956714907,12.231879590417456,81.94057166091773,81.94591183473071,0.00534017381298213
20.845824299189545,-1.64353500334132,82.24165051412349,82.22549004176608,-0.016160472357412914
27.023206166103066,20.114426688997064,82.2086417673959,82.20514319346451,-0.003498573931395299
-24.186931235376356,3.569514981373999,80.99234460016453,81.01466270712251,0.02231810695798231
-23.292462490337655,-18.008853820467316,79.11084600985144,79.1563673088441,0.04552129899265367
2.9349870723263365,-7.28257390616254,80.93909281963218,80.9417013954809,0.002608575848725536
20.60972199743199,-7.001257286975388,81.76002651978689,81.76008883837628,0.00006231858938576806
-16.432772107806286,-14.162603226641089,80.26403082613035,80.21023216154644,-0.05379866458390836
17.507515397380068,-20.966522369357413,78.63468031210158,78.6561753033518,0.02149499125022203
-4.671960588259346,21.31579832588939,84.55081790751721,84.56409679729026,0.013278889773047808
30.468276604288697,16.320263399444052,81.85739638734307,81.85764004456209,0.00024365721901631332
-26.344117505796035,-18.493003824722955,78.96648471210423,78.98822947681026,0.021744764706028263
17.27578525190328,14.710066229935364,84.78897192752201,84.84781845360297,0.05884652608095564
7.12545008097748,2.3105977481912916,82.17362897506457,82.19061217157466,0.01698319651008262
-23.00945976603338,17.56583408031269,84.16272475093669,84.18595965861014,0.02323490767345504
-0.3657722923427542,29.74719116901956,85.15629799404479,85.15833125683085,0.0020332627860568664
25.399970976121345,29.421529976307077,82.80409119119068,82.8171819751717,0.013090783981027698
-13.439426459466404,17.849924452888004,83.97148376043518,83.95191791853297,-0.01956584190220667
23.47009850488793,10.98563222087219,83.46174970237749,83.46207282673821,0.00032312436071890716
-13.402433738430915,-2.774580629688387,80.66433863373958,80.68079060285541,0.016451969115834686
-5.806657333893291,-14.244759020922146,79.51958430022728,79.50717191769904,-0.012412382528239618
-26.12742757081373,19.63847911509447,84.57689020469851,84.55637600517638,-0.02051419952213962
4.3936258680280815,6.142883402363367,82.7358800967598,82.71224667467104,-0.023633422088764178
-16.381277746293122,3.1552351808994175,80.99244528505932,80.98122456694486,-0.01122071811445835
-17.18774168153319,29.379525047404883,85.44453803483559,85.44348895283511,-0.001049082000477597
6.706778229074693,23.782184536899436,85.8541941016099,85.83876801963753,-0.015426081972378825
-19.490817198403498,11.620317190351628,81.35574462803076,81.3469904501959,-0.008754177834859433
-23.173690265161923,-30.635418064048366,77.61773255504812,77.62897512770508,0.011242572656954053
14.206294877265869,-30.18194167846542,78.55753715633656,78.54167694016877,-0.01586021616779476
27.58718597493879,13.58158562734414,81.94543639297363,81.93716890665037,-0.008267486323262574
1.2645708721968774,23.55888695015117,85.1374987590936,85.16556844577069,0.028069686677085315
-8.113174109107618,30.79144318965743,85.20970518364089,85.2683295517027,0.058624368061813925
-31.030296728582826,-17.02090747971718,78.92786784507649,78.90801555856662,-0.019852286509873807
-0.5271242628734925,-6.186161860365232,80.93833379829404,80.93782017042352,-0.0005136278705180075
-25.868704442940015,-10.923448419906954,80.29381440567245,80.21631631357701,-0.07749809209543912
-0.513379708353682,-19.071915044715148,79.41428818506782,79.32871900452007,-0.08556918054775053
23.74165941297734,15.967453506900704,83.33047624852084,83.33104318186945,0.0005669333486082451
-20.488670590601366,1.9214846498778826,80.96637755530959,81.01951638870734,0.05313883339775316
19.680815726149802,-9.098913238877458,80.58570933132754,80.58211367844821,-0.003595652879326394
-11.67448107464304,3.024856069899762,80.77607412021469,80.76060519572015,-0.015468924494541625
-8.655948902043122,17.771593730381248,84.2139288156104,84.18443339250433,-0.029495423106070007
-1.2525000774367285,-16.918282258430438,79.53648628752151,79.54456976783743,0.008083480315917768
-0.35991951762444074,27.378015124599685,85.03989142063031,85.05608973479079,0.016198314160476457
-4.925959672528236,10.436769374549861,81.96620819470922,81.99947686445199,0.03326866974276754
-8.163673645098449,19.013319500535545,84.33214531285955,84.327179926834,-0.004965386025546081
12.371285668281374,1.0265880975326453,82.25518449901239,82.20425777657901,-0.05092672243337404
29.923505404743686,-14.877642832218704,78.51252242002077,78.52459369025034,0.012071270229569109
17.414095746824827,-31.61952656382448,78.26659051706807,78.2290532228882,-0.03753729417987017
-21.11764658990389,4.422735674502455,80.95594130409813,80.9490300743869,-0.006911229711235478
5.010757101497028,-25.093394343569713,78.91465502849066,78.90744940904106,-0.007205619449592859
19.08163473283011,-0.12330623639200411,82.44957819002146,82.44702557706938,-0.0025526129520727636
-6.247832263924678,-24.59027585270006,78.32789732606976,78.33293554356891,0.005038217499148345
2.736573323728713,-25.813812194469826,78.71940185100956,78.69357453692118,-0.025827314088388675
4.916463238198837,-14.134171509899772,80.16266686296957,80.1301423946942,-0.032524468275369145
22.143223107192647,-31.78681110522278,77.74058991435639,77.74189802702547,0.0013081126690792644
-23.725717963869485,4.0114737499743,80.95666748824867,80.95444635607346,-0.0022211321752081403
23.824951519095393,31.092689933341994,83.91729647380095,83.93437991532704,0.017083441526096976
0.3258444596362935,-20.15774846066096,79.18595970395009,79.19724323797575,0.011283534025665176
13.08176016612498,-1.2517446650500617,82.09827336256146,82.07725532291558,-0.021018039645881004
15.909674659004295,-13.407837650970158,80.44271387197115,80.4843748154746,0.041660943503444514
21.58430214652453,-8.396118437899673,80.28473855283534,80.28357841792217,-0.0011601349131638017
-7.668331933843227,-4.729955791088635,78.83804241691901,78.81199324824831,-0.02604916867069562
21.77881845424281,25.795969341120127,86.01861093041984,85.98190342201974,-0.03670750840009873
-29.893526987615516,21.4126561484847,84.7495735051243,84.71808202005708,-0.03149148506722099
-21.027313581549812,29.087031829623122,85.27232172370296,85.26910435038985,-0.003217373313106009
-11.726751682082345,-30.402085928652753,77.68961799071596,77.68971631782445,0.00009832710848911574
-12.723177209489393,12.370851432293755,82.34197388564573,82.36382796313504,0.021854077489308565
-16.842182054233064,5.874692211514059,80.97731483472286,80.98255617523952,0.005241340516661808
16.835860018462213,16.261362717568417,85.04092830973758,85.00562052061984,-0.0353077891177378
-7.127379202132936,24.025384292599725,84.80722639121414,84.82352698756557,0.016300596351428
8.778617094868714,-8.678688497945693,80.78343047511956,80.77744244708096,-0.005988028038601101
25.226218430019067,8.250973947669202,81.75275278765957,81.7690503925363,0.016297604876726268
-24.64553822763957,-1.0584992949072358,80.776170286116,80.74686442767045,-0.029305858445553667
26.94273384449739,30.127538680095306,82.39111190555586,82.39428271833643,0.0031708127805671893
17.349686811985222,6.630330600596565,83.13692223587583,83.16920734506627,0.0322851091904397
27.391020569850326,14.21549836646291,81.97676041601585,81.97348904062149,-0.003271375394362508
-31.78601772209729,-6.109676674902268,80.23238242159906,80.20220018512661,-0.03018223647244156
14.782193794818454,-0.22625845105211795,82.3627598565906,82.35941002870648,-0.003349827884122192
3.035801764176931,9.722712342900607,83.06990321834644,83.10044589288253,0.030542674536093273
-3.6543889418281097,15.769199232025898,84.017987357226,84.04468414062652,0.02669678340051007
12.357155161136355,7.057915653059389,83.17524469586684,83.17217105688727,-0.0030736389795720243
-5.102707183337465,26.248353071488552,84.96857074565092,84.96427617305014,-0.004294572600784363
12.053401877981578,16.56256113483152,84.83137069623737,84.78543892312457,-0.04593177311279817
18.589072087279455,-10.881088978578681,80.33591820188776,80.33355842027834,-0.002359781609428069
-11.746940034533594,28.521894800442553,85.55884161737804,85.52092466184808,-0.037916955529951224
21.739960049205884,5.840676774592566,81.88863802136929,81.87803973839884,-0.010598282970448736
-29.89463851196816,-13.054359938557077,79.55811474397076,79.61624940105658,0.05813465708581589
-5.512267892487003,-17.296662372534485,79.5008213674749,79.4850904843415,-0.015730883133400653
8.285284604751062,17.819327995925313,84.90744909798772,84.89948777412269,-0.007961323865032455
-30.178592344080982,10.044987378025283,82.69561849788859,82.69469083349851,-0.0009276643900761883
-9.436271217017506,21.837056746669425,84.62447429444707,84.65066079396442,0.02618649951735108
-16.710794272372397,18.251869169528007,83.60832564982572,83.66361606447857,0.055290414652859
4.225377211978845,-6.519624996193976,81.08985735573671,81.11513221645622,0.02527486071950591
22.77881924746569,9.97346709066197,83.63307179295585,83.63217068343492,-0.0009011095209245923
-16.17674345690083,19.5322570795065,84.14605443594861,84.14643680949486,0.00038237354624470754
-11.577584616565503,-28.25973843393004,77.95303519134521,77.95316270115556,0.0001275098103548089
-26.606062131137676,-8.967455981727838,80.26144620011364,80.26358691863331,0.002140718519669349
18.317993747902094,-10.007601645506675,80.88720953836767,80.8866095130344,-0.0006000253332700822
18.20817090687421,17.117249605769025,85.00967437462701,85.02693534854534,0.017260973918325817
-27.629695298880158,-12.409693196113409,79.94508390799112,79.93311541113812,-0.011968496853000943
-12.125232335588848,17.15816173886791,83.96463735741499,83.95921353896996,-0.005423818445024153
11.71084576028531,-6.29324490152846,81.160535769269,81.24275101801152,0.08221524874251429
15.610322070754854,-25.280847008329637,78.6858249720702,78.69198307273666,0.006158100666468158
23.374297777314645,14.687274248878282,83.52031784641072,83.54052175581722,0.020203909406504295
5.701696535385317,-29.818025242301985,78.42765677925833,78.43862950584501,0.010972726586686576
20.367256964659703,13.880401618295323,84.92038291132253,84.91690015970387,-0.0034827516186624052
-26.452920462940426,-6.861151984816459,80.304571827788,80.30408410376339,-0.0004877240246088377
9.065631419145603,-2.9486318713383497,81.46037649657707,81.45983708475056,-0.00053941182650874
-23.39820627850485,-26.101745102859894,78.09456820629171,78.06940945951514,-0.02515874677656882
-5.409928173043234,23.829415481283647,84.79375771757468,84.82215686779008,0.02839915021540662
3.9034455163492936,-22.621397683316516,78.99605667810526,79.06609652071421,0.07003984260894924
-1.3697006594967363,18.98103156800704,84.49238181973021,84.50321931438313,0.010837494652918167
-25.943569794444976,-8.706020985999288,80.26546639970348,80.26980847484094,0.004342075137458323
-9.270991387500992,-7.331291069725729,79.47349246719457,79.48091875975207,0.0074262925574970495
7.101535911442866,-31.455430379717853,78.1716996083447,78.19585629702414,0.024156688679440208
5.970894783676279,23.6903894371223,85.783388320864,85.78857571896462,0.005187398100616747
30.26608014036192,-19.807329914662944,77.9064658291934,77.89867272470681,-0.00779310448658066
19.78680272106405,-20.10668591396076,78.08569057389244,78.08553963264032,-0.00015094125211589926
-13.77490435695627,-28.283156160457544,77.7845375665853,77.78458229411581,0.00004472753050777101
26.61072310829779,-17.31845586933195,78.38363262666888,78.37436349732755,-0.009269129341333837
11.564783946648014,7.29345202240043,83.210454738467,83.22122427300815,0.010769534541140047
6.21130928595305,-31.87460841945937,78.11655655445917,78.08670413684561,-0.029852417613554394
-6.624431362747231,-4.038220674802979,78.87856457947625,78.9114414216921,0.03287684221585607
0.18147228021844342,28.474645759068615,85.12046131070484,85.129145772787,0.008684462082158007
30.727321315454454,15.966424993976148,81.82807859722718,81.8281841043512,0.00010550712401879991
11.960487039950756,-2.7637149223701627,81.80778912120442,81.80689233653166,-0.0008967846727614415
11.93113445152185,16.246898559476378,84.77136682313329,84.74749769012372,-0.023869133009569055
30.3092786747956,0.3967026742571136,80.53181824936821,80.5421498774354,0.0103316280671919
3.812338939987413,-9.182233453075305,80.75303690365546,80.76336550670885,0.010328603053395113
11.188358944181218,11.06621831118489,83.82948046940378,83.77776040680278,-0.05172006260099238
15.035029529125886,25.16736421246268,86.36872955554998,86.40939820794112,0.040668652391147475
-14.219051227053718,12.338552875815026,82.13486514623666,82.14438797795786,0.009522831721199054
17.63594010662318,-8.286019093747939,81.83907532434226,81.84232486199595,0.0032495376536871845
14.99436646259636,-29.474733261565817,78.59422928568898,78.50527247942182,-0.08895680626716285
-22.64755820502551,3.0734046860172697,80.96481357006279,80.97036942262548,0.005555852562693531
16.122929473386733,-16.47390343253013,79.76960465890046,79.76131330174988,-0.008291357150582712
26.40093573431877,-1.003764142246098,80.63928891484798,80.68474519912097,0.04545628427298709
13.155559363412841,15.761467670670037,84.77047004506872,84.77717179918831,0.006701754119589509
-28.620028151261593,28.71279410966799,85.94384032949534,85.93142020934313,-0.012420120152214054
-23.076224040061717,-2.3290271949243646,80.70395151933133,80.6799595648102,-0.02399195452112224
21.22262980285354,13.342638932315623,84.89926690049957,84.87848331997704,-0.02078358052253293
1.7560311840679645,7.125714000584672,82.28125774033853,82.3372336720021,0.055975931663567735
29.378804623310565,14.703843509757988,81.8771467328861,81.86458889372312,-0.012557839162980144
-6.9321457335788566,-17.600499772090366,79.54703234986458,79.58687796570811,0.0398456158435323
28.780552572304053,-31.3410495561118,77.02815587261946,77.01342485925355,-0.014731013365917534
-26.002742063106062,8.053451955645869,81.80714846341442,81.81170926250996,0.004560799095543189
12.129169976198448,15.284423725463341,84.65930817205431,84.62347216826767,-0.03583600378664187
-11.966644589047988,5.635429818568802,80.99963490283776,80.99121225712342,-0.008422645714333044
-15.982217712610193,15.832764694348967,82.9404280277296,82.94217929945546,0.001751271725865422
31.61855283666513,22.360709285937354,82.00007965473768,82.00190472778345,0.0018250730457793907
8.03659994409167,5.0557313315352275,82.6014934202563,82.60987867836816,0.008385258111857752
1.1661961172263418,-8.6894077462645,80.84585601718499,80.81750216611277,-0.028353851072211
-14.5409946528247,-3.333815268201249,80.68647275831191,80.73919146329777,0.05271870498586395
-24.912996321597973,-2.5168999730871775,80.60470177204157,80.60422301369952,-0.00047875834204091916
4.602958329913967,10.685329566561876,83.54666633079694,83.54563373362392,-0.0010325971730225092
3.4751991675073626,31.74089364936046,86.94332229932887,86.95170843587388,0.0083861365450133
4.125749881620202,-28.662684143236774,78.53981267574758,78.53701599433936,-0.0027966814082276414
6.136290952990443,7.887003361442289,83.09650704600801,83.09602062099434,-0.00048642501367623936
-4.841202127353796,5.964815242288267,80.34754097999976,80.3474055637515,-0.00013541624826984844
28.46866368660485,-25.984087364850673,76.97498995395009,76.97522854765,0.00023859369991896529
-20.319348640486844,-5.109274131856928,80.52052028064222,80.55165699951988,0.03113671887766145
20.392543243102878,31.051423512423042,86.70400036364012,86.67517749628813,-0.02882286735199102
-13.787696116523023,-7.764117515849705,80.37327432014852,80.37207665271306,-0.0011976674354627903
18.79395341309911,-3.1579079832944714,82.23744226766895,82.23700149290254,-0.00044077476641746216
-10.386797217574497,-14.56242204775058,80.07249465734478,80.05019152426458,-0.022303133080200155
20.107785187030196,19.33705691221318,85.09176750851096,85.12445614037972,0.03268863186876558
-10.92166603938255,-10.948107245648536,80.23399422112362,80.22295063821035,-0.011043582913274008
-25.519627493939275,-11.990835147114034,80.16365928922815,80.16978530159437,0.0061260123662236765
-8.019715404096779,27.445485456104763,85.09396255859676,85.07959383766543,-0.014368720931329904
5.274445319346519,30.077201585184085,86.93473848043328,86.93087650746713,-0.0038619729661490965
13.15414427166386,22.913055607054844,86.07196677999505,86.06849816990628,-0.0034686100887739713
-22.768055877001018,20.119962037039024,84.31891491646289,84.33767740122813,0.018762484765247223
8.787755457309693,30.843412856246303,86.97078389789375,86.94848709977988,-0.022296798113870864
-2.3504363451600625,27.207067307467256,84.99241702426983,84.9904663273563,-0.0019506969135250074
29.36531719385882,-8.593687950663643,79.58127145253833,79.58805018206509,0.006778729526757843
2.983074822572199,5.077518428160204,82.38346406483369,82.3426274250443,-0.040836639789390006
-17.96444082241532,-13.299783464858436,80.2761833615337,80.28938468932584,0.01320132779214589
-22.648022367433,-26.447787221545973,77.96781212482962,77.9977924552429,0.029980330413280853
11.427793138119007,25.0641526255339,86.54025605265018,86.5368983943602,-0.0033576582899854657
-15.333535412235364,-18.308058636961277,79.84071052266854,79.83952506304107,-0.0011854596274787355
-29.889805126944225,11.633688576984134,83.00959706642833,82.95520260660797,-0.054394459820358065
-0.9975859498157718,14.421017357841535,84.01161682106184,83.99791461098697,-0.013702210074868049
25.21222096336863,-15.586914577798645,78.64918879882907,78.63457421205972,-0.014614586769354787
-17.513685018584226,12.981072939832906,81.91291425269758,81.9709147318523,0.05800047915472817
-29.313019246271637,15.623515693942949,83.75838353341274,83.75536379520439,-0.0030197382083514412
-30.44821607169932,-29.100369788333786,77.76404355980881,77.7505998425785,-0.013443717230316565
-31.016151411017077,5.157396700451656,81.90080118016995,81.88667050747507,-0.014130672694875557
-15.320816183770802,-1.4023308416518958,80.84378163130626,80.85539972260725,0.011618091300988453
-7.968839364266621,21.79809702831914,84.54496186038604,84.5696223136418,0.024660453255762604
25.674193131601626,23.967862453602514,82.78619981528732,82.78298483429177,-0.0032149809955512865
2.7011309086845543,26.708432721502135,85.7802415269748,85.78208756621238,0.0018460392375772017
6.55802140410978,24.572673993968927,86.00653499674164,85.97305397925126,-0.03348101749037369
27.660211702630093,9.191452589878892,81.73046229761154,81.72529276312407,-0.005169534487464489
-21.63621706238623,-16.42628137807847,79.53878140683881,79.5391449918947,0.00036358505589362267
28.703339494710846,-30.52685751532855,77.0782648360324,77.05749431669675,-0.02077051933565599
28.62748133251136,4.311018087854478,81.21385534083026,81.21245328518222,-0.0014020556480431878
-5.966020432404449,13.563299007366993,83.46330840822502,83.42537172483283,-0.03793668339218925
15.954902985381779,-25.124380319425867,78.68569545021292,78.68633610397458,0.0006406537616641117
-20.815105691248917,15.876481970246402,83.90529747469448,83.90611782938022,0.000820354685743041
10.655054621109628,24.302064836223302,86.4193426126045,86.4030286045058,-0.016314008098689214
-18.48614557901687,0.6276674004142819,80.99783144245313,81.0236453177917,0.025813875338570824
12.40194016225643,12.958992473390204,84.15162473603904,84.14587819058704,-0.005746545451998486
-8.756887961753698,-14.03099868304399,79.68943037988844,79.68953562823229,0.00010524834385705617
10.030077098744279,-30.64944131958817,78.33072778032314,78.37523248934387,0.04450470902072823
-5.6603320946151285,-9.072595062883565,78.52260215183242,78.52961847498584,0.007016323153422377
-24.206043358136796,2.8417081108839,81.02987338246756,81.06965736036338,0.039783977895822886
27.646281262564976,23.697032760887446,82.1624441905808,82.166860871156,0.004416680575204168
0.9336116160336019,16.020509800565847,84.19714044712259,84.22245641060331,0.025315963480721848
-13.034408826771717,22.47996951317478,85.03323536363413,84.99513702105713,-0.038098342577001176
-4.327627405788398,-5.534213666992677,79.43793750951843,79.43420361478114,-0.003733894737294463
12.786548016485987,18.545858331449402,84.99796304069477,85.00112226887829,0.003159228183520213
3.8527081774681236,23.421120610407456,85.53854688444963,85.53956194649463,0.0010150620449991266
7.767984708718728,6.01903689038366,82.75026021809565,82.77927363523878,0.029013417143133324
22.25357799251622,9.015390599111093,83.0420139925503,83.04141561556976,-0.0005983769805339989
22.120432551633733,-11.565095199751866,79.00068645824854,79.01616293682845,0.015476478579913078
14.088551306950897,28.209979406601057,86.72042478880913,86.71818295508206,-0.00224183372706932
-8.718592025710777,-26.36385123373011,78.46082445747697,78.4914967422398,0.03067228476282935
26.786322050697777,5.3272266950775204,81.44697583822371,81.44700280455645,0.000026966332740130383
-9.835924468682904,4.541915998329458,79.79076469555379,79.77842807839276,-0.012336617161025742
-11.014985739697806,27.016372028115732,85.29732596153664,85.29705394918895,-0.00027201234769336224
-5.411049661769134,5.160266795744427,80.18093578497619,80.16897426221136,-0.011961522764821098
-31.485854786367604,-14.984719678690482,79.1153223338432,79.1565331264051,0.0412107925618983
-1.1493295890510424,-31.235194520993716,77.71631200972602,77.76566504310787,0.04935303338184838
14.27771972609839,-27.261816903734875,78.69930483258618,78.66781386615729,-0.03149096642889049
-25.058750703408812,-29.62214721577506,77.72763511663823,77.70594872038092,-0.021686396257308616
19.045712610124873,20.336141720128524,85.46975509489108,85.46973485455732,-0.00002024033376812895
10.367438362106,-18.086282496188865,79.69574130859579,79.67733741486029,-0.018403893735495558
26.072755711991128,25.692802166012086,82.72953601485987,82.73110158280404,0.0015655679441692882
-6.306812581436979,28.643502029959436,85.1143891235418,85.12209793118285,0.0077088076410518624
11.105702818753763,-8.983266589709189,80.82149422100018,80.87663878671937,0.05514456571918913
-7.159881810833689,-20.385790080977053,79.45236350937029,79.46358325564795,0.011219746277660647
-24.859551768648195,26.66370960197807,85.39932481388546,85.38863729028215,-0.010687523603309046
-25.579263185700015,0.3185778095758849,80.94309050301409,80.9473429922152,0.004252489201107323
-7.79172297430452,-11.028561814092122,78.68356529947874,78.6335246839965,-0.0500406154822457
28.068610633335794,19.07028536237317,82.10886021057911,82.11092737668078,0.0020671661016677945
12.615879979343141,-26.427974856666964,78.79210486739197,78.80227098483797,0.010166117446004819
-5.234700635000159,30.39087748814245,85.16644355274198,85.19661386823023,0.03017031548824889
27.43775734694303,18.359459311797565,82.11875820060422,82.11785522543862,-0.0009029751656015605
-12.155441014556487,4.84107974933287,81.01003264614164,80.99768517019079,-0.012347475950846842
-30.882308138302967,22.54840638644881,84.87592385566019,84.886511364936,0.010587509275808316
-19.8044014979479,-30.10959082750756,77.42273874989289,77.42297285309483,0.00023410320194727774
11.672257243279695,-18.53990072869327,79.66258031543555,79.65551448388753,-0.007065831548018764
-21.487248661503052,25.78421613915306,84.90155770854233,84.90534918022162,0.003791471679292613
26.32936544803062,-29.874914373483698,77.41611016564397,77.41135386934099,-0.004756296302986129
-25.938950123656987,-15.131147610670908,79.57569719337181,79.55995830678849,-0.015738886583321232
-26.960409913287748,-6.359049284931942,80.3171268791985,80.31739054083482,0.00026366163632474127
7.4587990823232815,28.40669933043889,86.67615165879444,86.66606165940999,-0.010089999384447879
24.300875151286313,20.476207825239804,83.21664746148763,83.20782122716545,-0.008826234322171445
-22.71733262511139,-25.52178992282341,78.23874887593989,78.22416509993315,-0.014583776006745097
1.3851225386411556,19.887169589530444,84.90144131047812,84.84598903283118,-0.0554522776469355
27.459420476266217,22.79383239558021,82.17399127213204,82.17536669231956,0.0013754201875144645
-18.169532394226053,25.935581273968694,84.91979733240643,84.92981624932274,0.01001891691630874
11.709962835851861,16.312820711311545,84.78352299236485,84.74768437851048,-0.035838613854366486
-27.84965482098429,26.477365091685172,85.00382063389553,85.03276937051837,0.028948736622837146
-0.6250489538376272,17.74870013614982,84.3867402140427,84.37920503615076,-0.0075351778919383605
4.769875131908719,24.192561559974386,85.78735727503768,85.75890926565992,-0.0284480093777546
9.431855271980098,6.643748514847644,82.87843495731573,82.8675908879251,-0.010844069390628874
-17.692541131409605,-29.799444081581278,77.4710717966801,77.47146066866485,0.0003888719847395805
25.479574508569627,-3.8632782397754326,80.38647688002187,80.37865925996371,-0.007817620058162333
-11.642376994767567,-5.763877709894416,80.42254872151585,80.40996078285922,-0.012587938656636766
-21.562990242824633,-20.1608527490065,78.89248614835952,78.87364712948214,-0.018839018877386593
24.893932500931996,11.222685222985632,82.44589578259584,82.45662253875648,0.010726756160636342
-8.4099770782436,14.325235321205462,83.44114555098142,83.42760684018134,-0.01353871080007707
11.144195377839551,2.148530216219818,82.17619853958267,82.19052224726605,0.01432370768337421
20.043705593296146,-22.420413491344895,77.57837362982178,77.57840125015247,0.00002762033068393066
0.3390882528786321,-18.361793623831964,79.45144035737906,79.41563661451801,-0.035803742861048704
-0.3851726463760272,4.611972358431764,81.73850040375685,81.72343432256196,-0.01506608119488817
-22.324524198119235,-29.118749393792143,77.56169945534035,77.55826781684796,-0.0034316384923869236
-16.812336034454695,-14.965773847866785,80.2266736278944,80.21799443937473,-0.008679188519664649
-24.637916980400973,-31.21685670453978,77.67984018204274,77.68131989647837,0.0014797144356322178
-10.253598891549792,-2.6458338839396873,79.7637000489099,79.78136307486669,0.01766302595679292
-23.724733614332592,8.531241339383499,81.2718333579536,81.26899164797963,-0.002841709973964157
-20.83538001681363,8.218153465004669,80.97476975249617,80.98691520214572,0.012145449649551665
15.891133229827588,16.326304293709413,85.0176521253639,85.01711354465674,-0.000538580707157621
-1.8928830207869751,16.486605238999758,84.15078681004147,84.159336256462,0.008549446420531126
7.269651298972633,16.286214502667328,84.62384552114223,84.60106963072059,-0.02277589042164152
12.035884676265077,2.19614455673878,82.23461364805837,82.23834708611835,0.0037334380599816086
-9.131500923126794,-10.070357268095371,78.80477245598092,78.80576099463377,0.0009885386528480922
-2.355106399108635,-25.528386952077554,78.24825975963503,78.25920297060114,0.010943210966104289
11.000567563677606,26.37403340263736,86.62894529199828,86.56730519647873,-0.061640095519550187
8.314465972255668,-9.652301520762599,80.65206974230018,80.6482802598772,-0.003789482422988044
-12.768830029742816,13.951100272357593,82.8053654449611,82.8139037902699,0.008538345308807038
-13.300732379604142,18.720864033624345,84.33955645600639,84.32747085382917,-0.012085602177222654
8.57742962587335,-29.24767645222456,78.42986490394864,78.45241063742108,0.022545733472441043
-1.210283981403201,-15.08020467404539,79.6938716650876,79.67382865028814,-0.02004301479945525
-3.8483542769678394,-11.142703147350026,78.91268922437234,78.91407776366852,0.001388539296172553
6.895861863634607,-3.5489672212172962,81.3750696702313,81.39760244831535,0.02253277808405585
-0.9653301354236064,20.319598756406755,84.72247134056363,84.72210787777304,-0.0003634627905881871
-31.538975124914366,19.304394371488748,84.28748308445144,84.28931758885075,0.001834504399312209
28.945512917235966,-8.16034633768217,79.52667765465597,79.55236234976265,0.02568469510667626
-31.08324347272095,3.273315421025295,81.66579036253994,81.68853843190055,0.022748069360616796
0.6963544145555147,-7.491499793382722,80.96579018138746,80.96339309104768,-0.0023970903397838583
15.506758856846915,-11.018253485081438,80.83268599788717,80.83294819425774,0.00026219637057067757
1.5105172666629727,-22.745142503523304,78.69170960180142,78.71022062185078,0.018511020049359672
28.91058156059723,8.193681195985313,81.61730770025163,81.61789463281278,0.000586932561148501
28.509016797268373,30.98092214474174,82.30489597976259,82.31031207235584,0.00541609259325071
19.34967974520933,25.09618022374916,86.30010263082295,86.31955123916269,0.0194486083397436
-16.419734555744036,28.23257664251392,85.429292294063,85.44527131053944,0.01597901647643596
-10.414486789823485,25.12463310447862,85.01736630122919,85.06646099395411,0.049094692724921174
20.6903474800274,-15.936219138147955,78.8702897654078,78.90876818083716,0.03847841542935271
-17.91564874896124,-27.70507582316761,77.58131060029343,77.58170993962827,0.0003993393348338259
-15.292769653640256,3.6675185798947894,80.98593411234646,80.9819142290242,-0.004019883322257556
7.169696486011311,8.234492476065256,83.17642730199611,83.16785475641191,-0.008572545584200952
-15.861195719748572,3.9240255292284445,80.99127266783992,80.99048386441733,-0.000788803422594242
-5.888882262009751,4.938874574394681,80.03261713342039,80.01925961436773,-0.01335751905266136
-0.6107494255272812,7.113394883352967,81.74401980340173,81.75600343689108,0.011983633489350609
-22.32323587468293,6.172631739424375,80.96029060139772,80.97523287780285,0.014942276405136568
-19.03390290142272,30.87737653343092,85.7242794719967,85.75339506607229,0.02911559407559139
-8.460193180510842,-26.085573184110388,78.4056138333602,78.43887045897701,0.03325662561680076
-31.860127553460764,15.083151290317218,83.82315868816552,83.76776411129805,-0.055394576867470846
21.731860898261502,26.266620107307673,86.03373983627029,86.04759424814719,0.01385441187690617
5.209593282688111,-4.139325035783429,81.34849098504557,81.35205527529371,0.0035642902481356487
-11.65101663370828,7.501267976925277,80.99025600681193,80.93571824976432,-0.05453775704761199
-5.043854409781133,27.224596302343812,85.02285748837102,85.02361044936916,0.0007529609981418162
-22.5246299518128,-22.900004486663583,78.728945223627,78.70453416634301,-0.024411057283984405
5.572737693868142,1.6948729583214472,82.09700414090577,82.11493711023832,0.01793296933254851
18.53455944571222,25.989707121240208,86.36150407808884,86.39398800271445,0.032483924625609006
-28.245073627576126,18.844277204801465,84.24513729186307,84.274012543135,0.028875251271927027
21.711267554132597,24.34033462133877,86.00045770098876,86.0110401494133,0.010582448424543145
3.9352695958202233,-22.20736945868498,79.06614895942701,79.12373781868678,0.05758885925976642
-14.205745100786785,-4.867690210672414,80.58767284267616,80.61207820443029,0.024405361754133992
3.980601969644546,3.3298088924694085,82.33603527999176,82.34676599035517,0.010730710363404228
-24.82964740970703,20.753742495727543,84.57247295811553,84.57135854544181,-0.0011144126737150373
8.408607263544802,-10.004038629636185,80.61045065507656,80.61038519195614,-0.0000654631204213274
7.50651327020131,29.399235244322426,86.79436908734398,86.76963787229869,-0.024731215045292743
12.50985118432044,-0.017306736720080096,82.12595630881025,82.12530889117573,-0.0006474176345108162
-7.473565025926803,6.291404900517797,79.62072891660236,79.60956891183373,-0.011160004768626663
10.051537896458122,31.632231344454404,87.37472092630628,87.3668386981481,-0.007882228158180737
2.7206187902308088,10.259353681025232,83.18134003839,83.15294971664659,-0.028390321743415825
22.234260909091383,12.966135337543868,84.49947236517545,84.50001753763158,0.0005451724561282845
2.530586448513958,-25.909691869253265,78.69159861299553,78.6719911802795,-0.01960743271602894
-13.030139720812109,10.186094236914464,81.63849880293468,81.64808235687977,0.009583553945091694
-0.6922317961903062,-1.3474781372823799,81.34637248264164,81.36636940953277,0.019996926891124644
-29.356539732035834,21.334337588175465,84.78368685952651,84.71954063566625,-0.06414622386026281
-11.556803495848605,-16.175272692097167,80.06941183346875,80.07159697648825,0.0021851430195027888
-18.29686081031503,-15.017209031780432,80.15781072390055,80.1175355101185,-0.04027521378205279
24.207845242166137,18.20999866302617,83.07667209778329,83.08243673037758,0.005764632594292607
-22.285502475298557,7.796632981354172,80.99829101524728,80.99324908744285,-0.00504192780442736
-22.945413287717955,-10.060713431673953,80.25914166077234,80.26368681390923,0.0045451531368883025
8.386318898571254,-28.64919860199548,78.49220813113104,78.50772959728984,0.0155214661588019
-20.923078997687476,-31.38901114384654,77.41705389822133,77.39838438741107,-0.018669510810255474
-2.5201172855665277,-20.967590972817497,79.09477371868755,79.07982857453729,-0.014945144150260603
31.597882204659548,30.020312432757635,82.17369657039939,82.19190454000055,0.01820796960116411
-6.623142381020912,-31.815673933136765,77.83370913642217,77.833715133595,0.00000599717283478185
30.960946921382828,4.707148739269606,81.21313969635914,81.21235154232164,-0.0007881540374938822
17.399730971058595,-5.982249433150564,82.5457040452849,82.58044906030541,0.03474501502051908
-28.519345387215907,-2.9775220415252903,80.5149495094844,80.55173781107952,0.036788301595123585
5.378594734068159,-20.982479953400798,79.39157192994858,79.3766268506955,-0.014945079253081417
26.34681030014245,-15.974529870340191,78.60786936529544,78.5954883483137,-0.012381016981748871
1.999634730579828,-3.049300980649825,81.52835613478496,81.5092557235994,-0.01910041118556194
-19.082569524048424,-28.818445290759357,77.50282341478457,77.50412585820412,0.0013024434195472168
31.71260682082098,18.869610392243956,81.88463793544702,81.89916763433462,0.014529698887599807
21.23485406779063,-25.105897549549255,77.75804442785402,77.75759883299635,-0.00044559485766626494
-0.2845833681644194,-31.52584389250677,77.73392854199878,77.74902436252243,0.01509582052365488
-0.7117227477625221,16.539933126504025,84.2027448249637,84.19713974075542,-0.005605084208283984
-1.4059641904343394,24.68608923503833,84.91512354905736,84.93943622803447,0.02431267897711109
23.551344352785783,25.417173327201276,85.1235119968152,85.1415200388602,0.01800804204499684
-9.132193113621838,-3.5046203653939756,79.04656263501289,79.05278515777506,0.006222522762172389
-0.4262371655333439,-6.964374863880941,80.84707354813438,80.84385414504513,-0.0032194030892469527
13.59925726761805,-26.701534531637336,78.74885127893128,78.72030146130348,-0.028549817627805396
6.379300345121685,-8.87456144126677,80.73864096767007,80.74212198446187,0.003481016791809566
-4.815893558401903,19.03817947190256,84.27090969329782,84.29913555876209,0.028225865464264643
0.1817991409581552,-23.599746356999475,78.48822659714108,78.51543429175773,0.02720769461664929
7.789556508093298,28.851664969333633,86.6957187684352,86.69981333127257,0.004094562837366311
14.86972279522189,2.9796330710416328,82.41714382326958,82.43234330201057,0.015199478740981931
24.401510626191403,-17.704395690953895,78.35240651117934,78.34952818634811,-0.0028783248312294063
11.210351231253249,17.93661465682343,84.88303588522635,84.90075620567497,0.0177203204486176
10.366867116731797,13.313613582615147,84.16338196059465,84.1788425453073,0.0154605847126561
9.356229709859669,-24.072339061931352,79.01610076547361,79.01451659822395,-0.0015841672496605952
-23.49512373814867,-0.782481733981605,80.80646964526075,80.807907483295,0.0014378380342492392
-3.15042921868465,19.505999977701727,84.40702272961589,84.42982485255544,0.022802122939552305
22.991606062306175,-19.868348224879412,77.99603049082953,77.99639841699585,0.0003679261663194211
-31.88921693267484,0.8995536725373299,81.43050734451762,81.39329714688907,-0.03721019762855349
6.2768543643081784,-27.23475179386685,78.78041719575387,78.76304224896694,-0.017374946786929968
-28.45848979137054,-1.0475588037581929,81.03511416690341,81.0449075663502,0.00979339944679225
14.941993183941591,5.438365530504022,82.72450986333433,82.7323870523379,0.007877189003565377
-25.23939526153881,-16.567888050822262,79.36016388165537,79.35338924714878,-0.006774634506584221
8.990761703676888,6.626461778170373,82.85737745089654,82.86880484867517,0.011427397778632553
9.092612070347364,-29.384710955459084,78.43046746374253,78.46272605523984,0.03225859149731036
-5.4100905324668105,12.081345211274197,82.76727894357698,82.78412355869298,0.016844615115999773
-28.959857686933233,-20.506695655679216,78.71807324760412,78.73597174536724,0.01789849776311314
-8.87189899943921,7.904468492650949,80.44057899350062,80.4810509791234,0.04047198562277288
8.670806193487351,-8.536279845809155,80.79515469791797,80.79188784511894,-0.003266852799029607
12.436671843236404,-11.745186776341477,80.64470559511798,80.62759094986151,-0.017114645256469885
-15.526952085668448,-28.976323130970236,77.57073792032557,77.57352863937737,0.0027907190518021707
-31.476639733539898,18.04321561961394,84.15522829133671,84.1512586522245,-0.0039696391122134855
-31.98895973975455,-15.906706706662398,78.95911054000439,78.96154422410035,0.0024336840959620076
11.053740662368043,-13.45157042372351,80.29711748584727,80.34469252971054,0.04757504386327582
9.976283659911736,23.822888878930293,86.22235464740429,86.22436379110133,0.00200914369703753
10.29220321509856,26.506389807562755,86.61696457773078,86.62039577906798,0.0034312013371931016
26.931325844126604,-11.332882342153546,78.94330244929048,78.94287245475154,-0.0004299945389476534
18.748609503799756,10.778156773894516,84.1503587573228,84.15491395882074,0.004555201497936423
10.388321606006421,-8.166194976940517,80.88587172563106,80.95228575315707,0.06641402752600811
-29.1901480249864,10.134972018504477,82.61998467286932,82.62894245104279,0.008957778173467545
-3.607467467501351,21.10587083430729,84.57860466913782,84.57613693525778,-0.002467733880038736
15.91487618473618,3.919225102329662,82.51991596343157,82.52628115745935,0.006365194027779353
-28.9092217082881,3.18917927978287,81.70269007457277,81.6643807766475,-0.038309297925266605
-24.38609932600321,-26.78201167948673,77.91281497485465,77.90079821992113,-0.012016754933526386
9.711517388697324,-8.148517400441406,80.86668617692501,80.91327848672655,0.0465923098015395
28.59894313553253,-15.493520594540144,78.54628243760794,78.55213598801214,0.005853550404196994
-1.9211531085492695,-3.7207193313717326,80.6925533026724,80.69713835239769,0.0045850497252928335
3.599300876950778,-21.044426524635952,79.20012957155197,79.2124820087314,0.012352437179430353
-28.267632807545745,9.268050549762776,82.43407628318103,82.43228346990547,-0.0017928132755571369
5.957627788963521,26.532913359756037,86.30894216334417,86.30491845828132,-0.004023705062849103
-16.89708020993345,-5.303884042609575,80.70052206565212,80.64121381601389,-0.05930824963823511
-3.4521073710549643,7.000124078220523,80.84241969094693,80.84242015093335,4.599864240617535e-7
2.581410774981002,14.719336426671454,84.12134012559929,84.12488927221249,0.0035491466131958305
6.071747130698903,-17.878751829073437,79.73302474737221,79.73460026615739,0.0015755187851738128
11.887987249347695,15.890367159499597,84.71495677416843,84.70195007249488,-0.013006701673546672
8.667439723642275,-30.291802403270268,78.32769759691645,78.34403302697437,0.016335430057921485
-18.11958038437905,24.509430195115094,84.83768827638377,84.85893315012153,0.021244873737757075
13.954925046127045,-24.129691691265855,78.8038273689188,78.80384082812989,0.000013459211089639211
-7.157976325395651,-26.61818458605041,78.26208783904895,78.25786912001386,-0.004218719035080198
27.861895461052214,-13.804413716139585,78.62509204583492,78.62567968360037,0.0005876377654487897
-4.3545458525288225,10.484474943038833,82.09954709075062,82.14604979019666,0.046502699446037354
25.645706244917164,-30.98303505678102,77.41865797396392,77.41582736597596,-0.0028306079879598656
-23.923259980853523,-11.633253860186272,80.2767468649234,80.27142675581179,-0.005320109111607962
8.910368440545867,17.351782198212447,84.83472920653888,84.79602309816897,-0.038706108369908065
20.973555197421774,-5.2341215458130534,82.01602538746349,82.02181557735287,0.005790189889381736
-23.042112129944968,28.731212074692117,85.66788875587618,85.6616115073514,-0.006277248524781953
4.805909450320499,-19.981487118158817,79.49610705959684,79.45879195867285,-0.037315100923990485
-1.4332344497754264,-2.736378165173612,80.93557925883447,80.94880338677982,0.01322412794534955
10.172599366298726,18.906161516522957,85.08127453378069,85.08591320055484,0.0046386667741558085
6.98329403990968,20.73142108931637,85.39056016911033,85.35419114927177,-0.03636901983855978
18.090980112264724,-5.2604965782112245,82.43473916554294,82.47393864965021,0.03919948410727159
-30.06327976843211,11.88974597441021,83.08400186053557,83.0225474026998,-0.0614544578357652
24.52827923999609,-13.660612687890207,78.74987838104764,78.78130819472213,0.03142981367449238
22.437912121504844,-14.035802469702418,78.78585340000049,78.78715644241228,0.0013030424117914663
6.170562234441142,-7.519588416615278,80.90413895148274,80.91378803459136,0.00964908310862711
29.557130439648937,-30.05125856447539,76.98591651684035,76.97914312144604,-0.006773395394304771
31.938993074597334,-3.6220653575921133,80.0736493664328,80.07896146244669,0.005312096013881273
-6.865048564898764,16.77499947241538,84.17998406246132,84.18749995963333,0.007515897172012842
-0.4216056542641198,12.211078563152753,83.38192101717203,83.36106613056558,-0.020854886606457512
-8.244687784357914,12.23046369210006,82.90649590263081,82.87198629530226,-0.03450960732854469
-15.464051707867085,19.16976850825887,84.12169108741809,84.106632516561,-0.015058570857078735
-2.3006456370616064,-28.051469563866682,78.04810149042437,78.05034324612464,0.0022417557002682997
17.56084381912047,1.6482981768104352,82.41643826380317,82.42446696232892,0.008028698525748723
19.0021451016824,17.030565734000078,84.99158572306008,85.01082734571588,0.019241622655798096
15.28237096524996,-15.009784733028724,80.19962732526842,80.24737507397644,0.047747748708019344
3.141954515628484,-2.5411676252605773,81.58168632354348,81.54975652642241,-0.03192979712106592
-6.446295050684974,1.5478700151497549,79.7808821558144,79.74183614551377,-0.03904601030062338
-23.66757819487743,31.4368611282952,86.18289801995424,86.19102857572844,0.008130555774201298
-26.950816574105268,2.9588336568442557,81.53510300560426,81.56794213255517,0.032839126950918285
18.964920390245226,9.50521039469809,83.81644989007319,83.81702727794644,0.0005773878732497906
-21.61134700599664,-5.5886411502550075,80.43523606880393,80.50291411605109,0.06767804724715631
-15.379335998619652,29.815055468613792,85.9572152244681,85.95735703879636,0.00014181432825921547
7.304844320179548,28.02451991709048,86.63803020596582,86.5959294277811,-0.042100778184718024
-0.8949180092233391,-25.87001676617286,78.2823618325473,78.29293930211304,0.0105774695657459
-9.107292934591086,-15.730759372170304,79.90979046394014,79.91112402703031,0.0013335630901707418
5.607691601309227,-13.496652915590722,80.22531166289113,80.19747033337427,-0.02784132951686047
-4.685175342425197,12.727242998024636,83.06549212791825,83.0785254500952,0.013033322176951856
20.195957707710008,-25.250308135579715,77.96404128103714,77.96426452647917,0.00022324544202945162
-26.211921748576543,-2.416274082656898,80.57352382132177,80.57603320733597,0.0025093860141964797
-22.397414798566444,17.955312781968345,84.1867418191166,84.20170034358846,0.014958524471850865
2.7641860733147965,-5.895899395353936,81.3389798949104,81.33920882121957,0.00022892630917681345
-0.915040704983042,31.12540425257565,85.21203345857366,85.19915398717964,-0.01287947139401524
1.1682180455070608,2.4083230548008387,81.95043327295407,81.91919652791374,-0.03123674504033147
16.10730338693545,1.9406626859651581,82.41620301867398,82.4752329791234,0.05902996044942199
-3.669662281936567,18.089663687054205,84.22550866703945,84.26112289834035,0.03561423130089736
30.221961103476275,26.130504801681376,82.20802878053084,82.20425088672884,-0.0037778938019954467
18.658781380025374,8.913470315354076,83.67500723417618,83.68215112328632,0.007143889110139412
-31.321326838690922,-26.568166648002254,78.01050102062466,77.98942919304923,-0.021071827575426028
-9.431126595928312,29.541063109134633,85.22845319698911,85.20753004033985,-0.020923156649260477
2.7489108955548076,-22.066621871435203,78.9267070944173,78.93741831823459,0.010711223817295945
6.186374497495315,-5.533180114412701,81.15497030924158,81.15769510709552,0.002724797853943528
-3.708891985625961,25.269101578954192,84.92305557040088,84.92460087346105,0.0015453030601690898
8.764466102293333,9.461650811479124,83.42461719617555,83.45050132418045,0.025884128004904028
1.2377811518578596,29.50253618954183,85.39143696623721,85.38396547190447,-0.007471494332733641
26.37012041001588,1.9387165713144796,80.86030838830943,80.86552196199078,0.005213573681345451
-16.58986267611293,-13.37600677479216,80.26152918985706,80.23554790311226,-0.02598128674479483
-10.007557341985695,24.61876186434074,84.93262179375444,85.00152060472642,0.06889881097198725
13.609496643433637,8.197683502622496,83.50760551517459,83.5070289980425,-0.0005765171320888385
22.355663908954632,-4.276069758325789,81.37353393724212,81.37410525325487,0.0005713160127527317
3.5056748101981796,-2.0972142222681924,81.63859411387645,81.61918374487176,-0.019410369004688732
-15.5080989785124,-7.201872615034304,80.49687990572504,80.47855076465535,-0.018329141069685306
3.686918934517891,-6.907165346041786,81.01027845786565,81.03919833570372,0.028919877838063712
17.448989578622765,-13.502536563775344,79.8459082669273,79.85241318947689,0.006504922549595449
0.0374185169565493,20.19870364339245,84.7993009177883,84.79723584262612,-0.0020650751621786867
3.3064843911900184,10.248180079906781,83.2680437135908,83.27235010473605,0.004306391145249222
-22.105391634625455,-20.2515076438673,78.82071448421804,78.83453029373321,0.013815809515165256
7.33703939716181,-22.221351750322924,79.20821082171832,79.21003621699934,0.0018253952810169949
-30.002787674132733,-0.43082990541789457,81.24892370772896,81.24884115166198,-0.00008255606698526208
-6.794643738845572,23.917389513939256,84.79304993713562,84.81692038836741,0.02387045123178666
-9.493396146064768,3.803913856398978,79.47228460003785,79.47750600187514,0.005221401837289363
-15.918487643819567,8.285550569951177,80.97935698112506,80.98157286573368,0.0022158846086171025
-10.90308548421821,18.090874870959254,84.32432895205599,84.27061140064906,-0.05371755140693324
23.27361830056836,-4.435433393167841,80.75382503996073,80.7539677345438,0.00014269458307580862
19.79546240643249,-11.761653680374444,79.37477719726732,79.37593147269045,0.0011542754231328445
-0.30087864386027974,22.436777188192664,84.97399068919097,84.91392257295041,-0.060068116240557856
-3.852509813589542,30.044545465079757,85.1380291008939,85.18176239392878,0.04373329303487594
8.017943632301943,-21.1842732421147,79.28867793634411,79.28996048622415,0.0012825498800310697
-13.042043324600535,-28.09021520058785,77.86229430142618,77.8626803353233,0.0003860338971293231
25.428991813752646,-24.647267092387295,77.18275488551156,77.18859504139465,0.0058401558830922795
27.09712679539942,-3.3100259277118695,80.15528119974203,80.15551919469829,0.00023799495625098643
28.480397703480442,-20.253204760773393,77.85695443083169,77.86190429637936,0.004949865547672516
-24.08083274433342,-18.70024039805932,78.93054760161907,78.98884529345676,0.05829769183769429
1.3261855779296,-10.957163868764532,80.39876042740298,80.33750078757373,-0.061259639829245316
16.742616227380708,5.940971967365357,82.9580803900467,82.94487237572211,-0.013208014324590067
-23.832728473666535,-3.6360135636590982,80.53475850608949,80.52769044682472,-0.007068059264767612
17.676164490298298,20.34967955597596,85.45771899956009,85.46256817379287,0.0048491742327883
-25.402758877683304,8.430578813556934,81.68908423540131,81.68439960526138,-0.004684630139934143
16.44700664775405,27.271705182193585,86.64143988511488,86.62194294171017,-0.01949694340470387
9.436719301327635,0.85745028105665,81.97433885603041,81.97169094415035,-0.0026479118800608603
20.556890392632305,-21.74579378254095,77.76749731537484,77.76488485960856,-0.002612455766282551
30.02647727910533,17.64899254487866,81.93572565129499,81.9369638831058,0.0012382318108166146
3.380882997248378,24.14085370631588,85.53547950534181,85.53292574005144,-0.002553765290372212
7.871084087568654,17.161023828241404,84.78155815087965,84.78609020780766,0.004532056928013617
24.79758890902273,-17.15024841926646,78.44217249777503,78.43959209446265,-0.002580403312379076
13.783112230289063,-20.79161943388941,79.25201505264889,79.25117120657792,-0.0008438460709641049
16.909246354892154,10.486650493707522,83.99935705404792,83.95058497085596,-0.048772083191963134
12.715258519908012,25.81014134578271,86.44446353297599,86.43423124888646,-0.010232284089525479
-14.473758846817404,7.951364483773375,80.99534989247437,81.00058615339422,0.005236260919858182
10.95031710397513,-0.009581448217936384,81.98201055229713,81.94128523430172,-0.04072531799540968
-0.7323251630910406,-10.653553795248094,79.8857824706943,79.885784603314,0.00000213261969861378
5.500360992772642,-15.606223170009947,80.007173304157,79.9766404985589,-0.030532805598113555
-29.90304442792924,14.358117054791038,83.5774627655614,83.57985783307086,0.002395067509453952
7.056067050336452,-6.2627771451403405,81.03778191519102,81.0546366036815,0.016854688490482772
30.62390410661464,-22.14674626651989,77.53644775421583,77.55325685441677,0.016809100200944727
3.9982592254683027,-22.29186876320764,79.06050213920541,79.12392512261638,0.06342298341097319
-8.198073405913604,-29.924944952494513,77.93133014613386,77.9634229750911,0.03209282895724641
-9.413265626184959,-6.666848699925367,79.5717111329195,79.55184730354884,-0.019863829370663666
-22.84262589564627,18.423541335281463,84.21788237824889,84.26052082134862,0.04263844309973308
3.6103151593278255,26.976485863243184,86.19101489985361,86.19175026206004,0.0007353622064272258
-5.307908617883847,5.24443906674238,80.21205953195107,80.20147245649797,-0.010587075453102557
-17.41571947943838,2.809635804558525,80.97787575195188,80.96630707857504,-0.011568673376842753
7.993586166085734,-20.471538729982207,79.36528899796782,79.36531196305113,0.000022965083303461142
18.99734893112459,26.331749261039043,86.3778920759795,86.41888715088811,0.040995074908607876
14.788540521599273,-3.580010177894188,82.01482468021158,82.03885236773556,0.024027687523982877
25.00212928491247,-13.569265718607738,78.74210485480019,78.75988899842562,0.017784143625434012
-3.6991325285692653,8.955347311983765,81.5777753337614,81.59742613947603,0.01965080571463318
8.741295867275497,18.455226096029115,85.03892018030442,84.99449159840243,-0.04442858190198251
-12.747995121004024,18.119854875969345,84.23406371458275,84.21165474008521,-0.022408974497537315
14.508423406370468,-3.5695706601907915,81.9978586778989,82.01843082187892,0.02057214398001861
-31.040522630183396,-11.934991521172947,79.77061711339788,79.7937429006498,0.02312578725192793
13.674027289132582,-18.772980788757778,79.6312466605795,79.61687072990762,-0.014375930671889137
-13.56920710810629,22.20145487040019,85.00646934943227,84.98237368578111,-0.024095663651152677
-4.658036762386516,0.7918564305960984,80.30205914607032,80.30329239786153,0.0012332517912057028
-31.28220872474916,15.538179609792863,83.88175491228634,83.83180994464976,-0.049944967636577076
-4.251429577872749,-29.873092249670357,77.9910411294354,78.0094980521552,0.0184569227197926
-9.163901745469097,-31.783575175264737,77.65486468160957,77.67340776257073,0.01854308096116597
0.14102504955231865,-29.302394455921082,78.06794103006716,78.05646901055944,-0.011472019507721143
1.3747075433254068,12.929609302953246,83.7396596828478,83.68192712152948,-0.05773256131831772
15.384299783172438,15.884747555908397,84.94155898353597,84.94399968820808,0.0024407046721108827
-31.98340193981771,15.1533719639893,83.83316309488607,83.78445795864154,-0.04870513624453565
20.78171915111809,-15.319150614475014,78.89498713146295,78.92699102221155,0.032003890748597996
28.07237779766961,-30.247139911243117,77.17238726296229,77.14285358933125,-0.029533673631036095
3.384543353824789,-9.754991156092991,80.7073882033815,80.72075493077806,0.013366727396558531
-12.310479299969607,11.494601288254927,82.1626441534774,82.15757818770012,-0.005065965777276915
-26.90471314059485,1.0663761846994504,81.42307338861904,81.42713984614166,0.0040664575226116995
11.133671218198366,-20.750037510141823,79.37057593802712,79.39008883579366,0.01951289776654619
27.173107162881706,14.829290676907874,81.99991385856322,82.0106494705469,0.010735611983676563
-11.197861606754998,21.507726328776158,84.79054754799392,84.79883028423042,0.008282736236495225
16.501916297737203,22.881817885752547,86.26734695591773,86.25871567378998,-0.00863128212775166
17.48201648090106,-3.4631036054020896,82.18492557511175,82.17342271816132,-0.011502856950428964
8.87935914731856,0.8669545358263164,81.97927644437927,81.97803586339884,-0.0012405809804221235
-25.717827662722037,10.969714487761294,82.39372216363252,82.4253694936816,0.03164733004908271
-6.358156554740425,12.636070757096455,83.07288852182005,83.05328185061389,-0.01960667120616222
22.13722866722609,15.312827631057651,84.16754504406373,84.22947321182468,0.061928167760953556
24.350972918145466,3.5583072459052474,81.22466615810103,81.22107671849649,-0.0035894396045392796
10.819973638648506,0.21155739982830823,81.98930005176999,81.95892066574721,-0.030379386022772792
1.649632696284229,-0.2854210002529598,81.83678419692647,81.78476178554101,-0.05202241138546526
12.134271771664302,-20.098189957933776,79.44292993687807,79.44769404142687,0.004764104548797832
-27.09168312010525,6.959602809925393,81.87272370280147,81.87265572571987,-0.00006797708159922422
-22.82663536960107,-24.96418738411475,78.41008461216117,78.40922693536373,-0.0008576767974375343
-10.545525729264043,9.41248913500035,81.7046277033613,81.7656816308699,0.06105392750860972
-7.64869817287682,2.164505152260766,79.44037136286214,79.44042504917347,0.00005368631133251256
8.785057226169421,29.995236876707096,86.68793810037157,86.74494152444888,0.057003424077308296
6.84819212636156,25.281861417034165,86.18041200073084,86.13102190233559,-0.04939009839524999
22.58709499802586,25.653672198102107,85.53684423431633,85.53455782254296,-0.002286411773368968
12.296058055983053,-11.887523446448824,80.62724106138687,80.6143026156627,-0.01293844572417413
14.640831594631344,-3.515786490043652,82.00931152165194,82.03375022070009,0.024438699048147328
26.05186516966655,22.416441654779916,82.22487832095769,82.22496691704676,0.00008859608907130223
-29.37742041836615,6.146072108956723,81.99966904369576,81.994758259192,-0.004910784503763921
22.810315463795483,20.41101676530996,84.0783456546888,84.07826713379589,-0.00007852089291304765
28.761112298207337,10.888928690433723,81.76591602768835,81.7608869554711,-0.005029072217254793
14.112739492526856,15.54117914342666,84.8228663701642,84.82054917837941,-0.002317191784797501
20.41297636996984,30.097156170639984,86.6205310953255,86.6111022366343,-0.009428858691208575
-15.439131326440908,9.78652770983625,81.21612823333416,81.20843866702138,-0.007689566312777174
-21.6467232654963,-30.94434685065182,77.49089898677029,77.46037486552429,-0.030524121246003233
-7.9735775712746815,-9.475873691074348,78.24993612934406,78.2684476518224,0.01851152247833454
21.579518624420572,-13.251862786463583,78.78879033122591,78.79798976312392,0.009199431898011312
-17.400206267372972,28.740821814777554,85.28373085603882,85.28090159482116,-0.0028292612176556986
22.594685475315075,-6.433866061886306,80.58718740478537,80.56573379048058,-0.021453614304789426
17.133352275496506,-27.916246058316915,78.52121949763776,78.5037255807611,-0.01749391687665991
-30.9143503334385,18.42727973602583,84.19683428492449,84.19664521893507,-0.0001890659894172586
-3.869000438328733,-26.78199758327078,78.18855755733283,78.19693409300825,0.00837653567542418
15.37192861774799,-27.28544703205933,78.59519566283865,78.5651434338215,-0.030052229017144327
19.672935794896276,-20.69765713504649,78.10869408082023,78.10770584330061,-0.0009882375196212934
-7.769449078117823,-21.25498841735307,79.29099774439833,79.27230137886978,-0.018696365528541037
9.678669114985098,-11.764022946252176,80.44133192982515,80.48361196561173,0.042280035786575354
-18.530167372468135,-26.382422319231118,77.65018078151265,77.65424540633991,0.004064624827265106
-1.3353224669759527,-0.7630020909834556,81.1477996107532,81.1645904953157,0.016790884562496444
-14.933677442467314,25.63762852616844,85.47307715587655,85.46243132294818,-0.010645832928375398
-12.59614824499824,15.965363289507422,83.41977481163653,83.42818927896208,0.008414467325550845
-31.84797775084715,-4.210472127719825,80.36446422742036,80.36000331684396,-0.0044609105763981916
-31.419910499890506,17.597489351256975,84.10050826556434,84.10266541487323,0.002157149308885664
24.0999546886573,-10.629555264683425,79.09252845852522,79.09253120758441,0.000002749059191842207
-4.1877446135508976,-4.324377000391621,79.67644513567333,79.6744667188587,-0.001978416814637285
-19.674832944860107,-11.88103089668877,80.27034038823001,80.27470555869483,0.004365170464822654
27.699473789525335,-27.83114530083369,77.2747689296909,77.27767000102365,0.002901071332757965
25.751936945084708,16.875399823944846,82.26308764284335,82.27422361996328,0.011135977119934637
-31.442630591797666,24.9828633105351,85.21784279978206,85.21747649449163,-0.000366305290427249
-31.38786266808107,-5.752563026621175,80.2888018937298,80.2558450277187,-0.032956866011090824
18.053489312986557,-27.308792509620673,78.51122484746352,78.51960136639408,0.008376518930560906
1.7560918525119575,-10.740558657250041,80.52417422682774,80.48642683594291,-0.03774739088483159
25.5712979146454,9.549896585314578,81.93594673015767,81.90885036843362,-0.02709636172404828
-25.41753909441993,21.310592331627774,84.6730084503845,84.67160278135098,-0.0014056690335166877
30.733603123141435,-8.181900389240667,79.646740762926,79.67807514473088,0.03133438180488213
30.10238141894053,27.368663204902802,82.27603712184529,82.26946010875054,-0.006577013094755557
-25.354308227071655,25.91939939865719,85.1993185074661,85.15107358872669,-0.04824491873941383
-31.178017664207964,4.705622604017108,81.85007063666765,81.830770056424,-0.019300580243651666
-1.964938776865182,3.3646244339193956,81.2306443089827,81.22903099292995,-0.0016133160527544987
31.922875311655943,9.620289405133171,81.5601632000741,81.52880568840763,-0.03135751166647083
-13.66208284208463,-14.891278232936486,80.22938826710151,80.18921555193387,-0.040172715167642536
1.1233953707357216,12.92678185517753,83.722459622616,83.65085255322758,-0.07160706938842054
4.004580126635496,-25.239088863960113,78.85919241703583,78.82538037645344,-0.03381204058239007
2.0988218211488743,-19.31469484512529,79.32191310397934,79.31219623195936,-0.00971687201997895
16.595950091978487,-11.12460049084222,80.87893220055832,80.88465756592048,0.0057253653621529565
2.300631104501413,-20.565816056566504,79.11201106712649,79.11686212076333,0.0048510536368411294
3.5852858002516186,26.72594633164892,86.14040554125627,86.13744195250467,-0.0029635887515979675
31.336649946917028,-2.9921041617142663,80.12729515103693,80.14601583618045,0.018720685143520654
14.166231775093422,9.862449751554593,83.83115947182512,83.81594635271671,-0.0152131191084095
19.734097942523356,-26.97214881078971,78.39160403603077,78.3912436450805,-0.0003603909502771785
-10.166438413747088,31.42940460611704,85.4366323098869,85.43534849524886,-0.001283814638043168
-30.242864912744388,1.728054825650986,81.5099014163655,81.51055886963084,0.0006574532653473852
-24.996103045246585,-23.41044616253911,78.48605239713497,78.51682588284878,0.030773485713808668
-30.91973483470605,22.834333364639626,84.95061470064194,84.96159960864017,0.010984907998235371
-21.761507815981226,16.28601851262553,84.00322604091542,83.98269371708929,-0.02053232382613146
22.4392799475318,-25.22496198822534,77.59253897907897,77.59227361089253,-0.00026536818643307925
22.87755990825982,1.9928062157625206,81.23897351643761,81.28598177155537,0.047008255117759745
12.938761112241956,-3.5361436675671456,81.80922983146394,81.80483922859328,-0.00439060287065729
-24.307964908891243,-6.221358269912159,80.34954758788126,80.36871652863896,0.019168940757694486
-1.6207428089029818,27.361081706572982,84.98965975852988,84.99453151087909,0.004871752349203007
-13.871878345941546,19.592195154851886,84.48791030144288,84.47170546318445,-0.016204838258431664
21.712817036542134,18.03549242423967,84.22391448287013,84.22809067348395,0.004176190613819131
17.388879199124155,13.964751710610244,84.62448699363061,84.6719973976399,0.0475104040092873
-13.60854345391688,17.276549033775673,83.70561379077726,83.71142829856454,0.005814507787277989
13.50992358068983,-23.184569477966647,78.95769355977421,78.96610178121868,0.008408221444469177
27.956515763644468,-20.816492301761045,77.7663140693971,77.79727174985001,0.03095768045291436
-0.3776353028334256,3.2780037765138417,81.7261828866937,81.71533172983125,-0.010851156862457856
-10.812161269828927,0.03570607696686068,80.1297561004929,80.1297675578512,0.000011457358297661813
-27.086548622175272,7.459441150418861,81.96004397087567,81.94880752648731,-0.011236444388359246
24.653634475368264,13.92374489103885,82.82369295710367,82.82275122280515,-0.0009417342985216237
-3.946361252115487,4.374937999098634,80.62613723173831,80.6195737503457,-0.006563481392618087
8.280312719619552,-25.320337721949514,78.85293849676188,78.85289253116947,-0.000045965592406105316
-5.28606273386189,-21.68294242101635,78.84241677242392,78.83255986029896,-0.00985691212495965
5.736093940233317,-21.249461621523523,79.36670333929695,79.3658094730079,-0.000893866289047196
21.274014508605006,27.17832935985831,86.29545640168743,86.3087536662762,0.013297264588771895
31.97739350875925,-18.10213659615937,78.16033175728272,78.11385271209863,-0.04647904518408552
-15.305253440360246,-22.619270616474218,78.9394920165143,78.90470758862742,-0.0347844278868763
-2.362441080262549,-21.01323870866976,79.04212309708575,79.02027359849237,-0.021849498593383032
8.851293002547187,-24.0082082677768,79.01136802594198,79.01005737167297,-0.0013106542690053402
29.822398505125335,-6.4273683812954445,79.77393641774181,79.76770694724752,-0.0062294704942900125
-26.71488310184285,19.36991598014795,84.47904653526466,84.45981200254957,-0.019234532715088903
-0.9088158502330685,20.012526574151963,84.68686413955758,84.69972866972944,0.012864530171853517
-9.89576560891468,-21.087263726447944,79.75195101018765,79.77917330744957,0.02722229726191472
-31.670824482084058,24.429225470334245,85.25999399613337,85.25285116624961,-0.007142829883761692
2.6550200633699177,24.77708013551007,85.4792001014963,85.51837774495469,0.03917764345838748
-22.25231232344457,16.848209156435964,84.06844810183865,84.06464831834494,-0.003799783493718678
23.59126407088857,-14.385526557863166,78.75162275835939,78.76172331125696,0.01010055289756906
4.881824731355529,-18.41510199647157,79.64570766752382,79.64557035154692,-0.0001373159769002541
-13.86479314269311,-2.14933152729931,80.7152560136002,80.72091226286405,0.005656249263850555
5.433979282581575,22.58188296431871,85.5554016646152,85.55100168562679,-0.0043999789884168194
22.58899787504066,21.693935147721056,84.8350129873489,84.79728217176586,-0.03773081558304625
-13.438900144417104,20.95441725157854,84.75715698901826,84.81976388830427,0.06260689928600982
23.79647430929981,28.94898794263873,84.15354890205239,84.15355155317964,0.000002651127246622309
17.37021807152187,-2.367211613774984,82.2245515863093,82.20273954754107,-0.0218120387682319
-0.23907423766999614,23.05920740496869,85.00307990754857,84.95738942071358,-0.04569048683498522
-26.060612046318568,4.905144059798957,81.34341728939853,81.43512384295836,0.09170655355983115
-12.97206978638792,2.8093005302240996,80.93687509834486,80.94554963886272,0.008674540517858986
-4.129252387140568,14.898006480409357,83.78513067440072,83.76204016476733,-0.02309050963339132
-0.16271145131933906,7.269553262381692,81.90999903159252,81.94097328998913,0.030974258396611276
-10.878451092079729,-29.322215907250566,77.8805041284195,77.88070563224224,0.00020150382273698142
-22.332888880977833,16.170766144853538,83.9285245972535,83.96483365551111,0.03630905825761488
-31.615475013616738,30.176556671792504,86.71009113656228,86.7231803905193,0.013089253957019764
28.027099370398076,-0.5856476718225991,80.46527764272365,80.46359851695861,-0.0016791257650368152
-2.9006412482632555,-5.635813457019445,80.03268215551678,80.02580747134003,-0.006874684176750634
-7.62272487584238,-20.902772934315863,79.4937419625019,79.49311716674342,-0.0006247957584832875
-8.151348212601228,28.042412049259823,85.13259459611606,85.13057476827237,-0.0020198278436964756
-21.87247875397479,-23.08299221248037,78.7016633515032,78.64114809835696,-0.06051525314623518
6.164932433784017,-0.6085728027663748,81.7616179922718,81.80530735498589,0.04368936271409041
-29.5193128296466,-1.7226078317179017,80.91494114825382,80.88382442141388,-0.031116726839940156
-26.791418916785275,-10.516636975004694,80.27653857101161,80.26958629755411,-0.006952273457500269
-8.292218635163216,6.341105701923183,79.50259302537094,79.53397650470362,0.031383479332674824
-3.883482447183482,14.213941466842925,83.59580785535421,83.59239903552727,-0.003408819826944409
-21.905013992569117,20.169200226402538,84.2761557247551,84.27027515062605,-0.005880574129051297
7.379859527701647,21.370240952368277,85.50663415617962,85.48828117616016,-0.018352980019457732
4.803442219743339,8.922105687560098,83.22069369791743,83.16865085223924,-0.05204284567818718
-29.39937169565406,30.470300778747642,86.70656341812618,86.75903042300685,0.052467004880668355
-3.4955996705669605,-1.5758577734172547,80.1939338046687,80.21400333393417,0.02006952926547001
12.27717420976495,-13.654348912358927,80.47333520944953,80.45803507616189,-0.015300133287638573
-30.785318623536163,-19.805680181454157,78.72927898251372,78.72798268622682,-0.0012962962868954264
2.8275515812179393,-13.6162195623845,80.0377894208211,80.02973315995379,-0.008056260867306264
6.760826256311418,13.38470938031513,84.1151353143452,84.11126258168032,-0.003872732664873979
-17.112653023698606,31.961196939872245,86.39525335375099,86.39476777551492,-0.0004855782360664307
-6.556586168477182,-13.875502428901761,79.41222324336802,79.44931730098105,0.037094057613032305
-19.733632251786098,24.18789830750969,84.74963214180762,84.74730757133608,-0.0023245704715435522
17.99568809895036,-7.003755494643258,82.64981299116488,82.6498107320754,-0.0000022590894843688147
-3.847201384871447,-3.789723020393538,79.87388645809366,79.8778715206669,0.003985062573235609
-30.306974433310906,-7.147941448276114,80.22786154615486,80.19816005296394,-0.029701493190913197
30.993276586008896,9.065901852491223,81.57041488750475,81.56527442671292,-0.0051404607918357215
27.00395829323486,21.131542299669142,82.21460406249253,82.21389582055437,-0.0007082419381561067
6.6762949338167275,30.094854803804495,86.95853801393159,86.90028940448722,-0.05824860944436239
5.508252385671952,-3.055085562114158,81.47563033432402,81.49385844390449,0.018228109580462615
16.72415335145118,-23.80390608462777,78.73077273185658,78.72628472591475,-0.004488005941823303
-10.209350196206728,12.322010503979577,82.74785044657776,82.73962560340766,-0.008224843170097529
-6.356669517413323,27.36170324589554,85.04479707494504,85.05090279460718,0.006105719662144793
2.240692274713034,27.84572583039911,85.72994470202471,85.72023929436435,-0.009705407660362653
-29.144988340719927,-31.49063214489378,77.46397371953762,77.50749607836602,0.0435223588283975
-4.785170534433377,29.346324367887384,85.12681016429649,85.14038006771423,0.013569903417746332
-26.879123953971572,6.446694015344029,81.74393093113885,81.74370958176831,-0.0002213493705340852
21.68350696170713,-1.9050167590671805,82.02930840769365,82.02944051455944,0.00013210686579157027
-17.453202387486378,-2.1349368816318446,80.95081495210468,80.99539635931441,0.04458140720973347
13.683807898477603,24.595494274383817,86.29323061280539,86.3251634510986,0.03193283829321558
0.08813170239729118,-18.772470812205157,79.43630756573793,79.36358823402352,-0.07271933171440992
15.377258826048141,1.293429408411889,82.39700344691262,82.4207589020131,0.023755455100484824
25.95865182437398,-5.267205028595605,79.94655118910207,79.94757331211576,0.001022123013697751
-23.206194259485684,13.633170648640032,83.1079523858599,83.05847339859928,-0.049478987260627605
28.839996853611716,-10.569398571131494,79.0513303960943,79.03825823539377,-0.013072160700531299
-31.74463438560398,-13.587378011103787,79.42529810325605,79.42166824032928,-0.0036298629267719207
-7.7432785063111,-23.44410551469157,78.40153345277098,78.41767803085501,0.01614457808403813
10.804209608274604,-18.97516276085267,79.59235713667209,79.57512215320793,-0.017234983464163633
-28.842303299549705,26.33796372803934,85.01221856905603,85.01698964657444,0.004771077518412881
20.883178552993343,18.97863932813172,84.51076497447104,84.51321274302344,0.0024477685524004755
-28.41122249187712,-19.224008319974672,78.85445777230001,78.86329761128601,0.008839838986006043
-10.22176474661373,-2.0628721252748505,79.7353882789951,79.73358009129888,-0.0018081876962270371
25.537542590897573,10.974082440732161,82.09023532424774,82.09188321920409,0.0016478949563492051
8.648130648435533,29.183505081360657,86.66902509532613,86.67578348690613,0.006758391579992917
-22.856404025104112,8.501782156335814,81.06841072264329,81.09448014737595,0.026069424732654056
-22.862479213149754,-7.378688923164262,80.31765689964836,80.34683365206438,0.02917675241602069
21.46637605765899,18.35249838792297,84.27509962762133,84.30222572579169,0.027126098170356272
-11.575721499517151,6.832825885300444,80.85108713147854,80.86730783144637,0.01622069996783182
9.313755460946197,2.4211816989469526,82.19156525305901,82.19093827928899,-0.0006269737700250744
-0.8411892208549929,-9.78718448266411,80.08764274410281,80.08512335503008,-0.00251938907273086
16.746169739891606,28.319428307988993,86.73472553005178,86.80186179798407,0.06713626793229821
-0.21048515046838645,14.436367445266058,84.00623049724979,84.01548541054777,0.009254913297979783
30.007711001017327,9.472622633236462,81.6411162605758,81.63201641848823,-0.00909984208756498
-7.654333288527681,-11.487905648276929,78.80093515386814,78.79906169189502,-0.001873461973119106
25.43051907136219,-7.439949916009503,79.57534813039511,79.53056033854023,-0.044787791854886905
-17.52940701018261,-11.387363832562684,80.2422883248332,80.26373313354777,0.02144480871457688
-23.53887773538319,29.622442117822708,85.87241135545973,85.87549251238715,0.0030811569274220574
25.23202520588208,3.9782800721243703,81.2578062115959,81.2650944306502,0.007288219054288447
-0.07442727773587876,23.08972862684746,85.01989908401238,84.96941943958996,-0.05047964442242403
0.7609223015420099,30.880145076874356,85.34008056168128,85.33744131683657,-0.0026392448447012384
25.528988853498916,-27.02059618908107,77.54969649825233,77.54992820346821,0.00023170521588156134
-1.0991240851364878,16.2847435622485,84.14756233349172,84.16233709923829,0.014774765746565777
2.2498688441584775,-30.943375791061158,78.04907100886393,78.03192636700552,-0.01714464185840825
20.560331536047187,-21.883925684106828,77.72444972167203,77.7244987272001,0.00004900552806930136
-28.39342925814624,0.593427425773541,81.34979993298775,81.31612076494324,-0.03367916804451454
-21.566629546348373,-22.914537684562113,78.64445011993546,78.58144647570994,-0.06300364422551752
23.82657280919109,-15.788483417233309,78.66786024088336,78.66298911033246,-0.004871130550895941
12.584146897668155,-0.6100728989838942,82.08325785593165,82.06985703376219,-0.013400822169458593
19.097313492718385,30.3205757655116,87.08063460704409,87.02503806933657,-0.05559653770751538
6.062539051489324,-14.089108833794832,80.15130644202392,80.15009212818403,-0.0012143138398954534
-8.471912464407502,-23.715702888102413,78.64487053623999,78.6472686474427,0.0023981112027087192
8.32089619714177,17.149077900717607,84.78733589038337,84.78128272677526,-0.006053163608115142
-10.612656493768107,-22.52012918741177,79.82188988116482,79.81672820789413,-0.005161673270691836
-8.21193637439503,29.84750551048632,85.1984009180814,85.19616499079478,-0.002235927286619699
5.904436800257777,-12.08334281522756,80.38339366047781,80.37606751015693,-0.007326150320878355
-31.606165700324077,-3.3562913678134336,80.38905312937257,80.38874313886708,-0.0003099905054853025
-9.479179387275238,-2.6136335883475468,79.26061883001591,79.25291152496065,-0.0077073050552627365
28.244823927091552,-3.4387344598193934,80.12507753123222,80.12383701738902,-0.0012405138432001195
6.030787177760892,-28.52263826222876,78.61995834145812,78.6255121615712,0.0055538201130787
-20.83059342034496,30.279398230407814,85.69535323827176,85.68738615060097,-0.007967087670792239
29.420600628365023,11.700332736925596,81.77765526359653,81.75513337350772,-0.022521890088810892
-30.449702901813694,3.0358023895693265,81.64141540730132,81.65310705628953,0.011691648988204406
27.5288374366993,-7.148437693000133,79.69080530182032,79.65836277221928,-0.03244252960104177
-3.682399059469809,23.587806318216643,84.81605486858378,84.83340620776968,0.017351339185907477
12.355497905738005,-29.501008224835786,78.6013612304123,78.60295649063397,0.0015952602216771083
-9.620921015047962,0.5463832752222331,79.38818832958584,79.38216127266487,-0.006027056920970608
-9.424340626866808,18.878144252296927,84.39190948831437,84.3583640894478,-0.033545398866564824
-4.084087724767485,-17.57567765498912,79.46860726757012,79.5117099472302,0.04310267966008041
-22.659482544794656,16.190993081732238,83.88450828047651,83.93343050060018,0.04892222012367142
2.5913965368421046,-2.2917867469939637,81.6155794191524,81.56214466670644,-0.05343475244595197
-6.555609384812577,29.023525517616825,85.1378186117658,85.1386643463151,0.000845734549301369
27.470559212113862,22.693179470430685,82.1743674959773,82.17534603205794,0.0009785360806517929
20.196441614894724,-29.560546912819923,78.13842732679336,78.13935582614765,0.0009284993542877373
4.21194649750111,-21.74443474544178,79.17313129797931,79.2074026971394,0.034271399160090255
14.579268780347512,0.4057086365995133,82.37431591700852,82.37678469813844,0.0024687811299202167
-30.746850693775066,17.377757164468164,84.07864940181007,84.08242103457735,0.00377163276728254
28.305216075272234,12.072328207153959,81.84270771279253,81.83610075875843,-0.006606954034097612
30.800113641769343,-3.1525100433979816,80.11255604752463,80.13343904152451,0.020882993999876476
7.381714832336506,-13.021773681493997,80.2682635404777,80.25549451755717,-0.012769022920537054
26.95413903807399,27.852956201042353,82.44854058801737,82.44873853586773,0.00019794785036708618
-17.52343110496829,1.7836698465872374,80.97090751642367,80.95609146202827,-0.01481605439539635
-0.9437384751452242,-9.835039415554554,80.03935554421363,80.03743489585767,-0.0019206483559628396
21.433704423247654,21.3393976518919,85.23572886587496,85.24309759212674,0.007368726251783642
-28.815179985487006,-8.616310004265294,80.2577979562953,80.20085976671962,-0.05693818957568908
15.728593497907049,17.878324365233716,85.09281162705902,85.088322212129,-0.00448941493002053
28.478805563067773,-3.9490808957982324,80.0632602852899,80.0658414989306,0.0025812136406955233
-2.097158422744684,-30.89500001969001,77.76137549916378,77.79051859143408,0.029143092270302873
-2.3637346511842097,16.565957664841704,84.14079537738318,84.15374928823513,0.01295391085194808
-23.853798780476573,6.924703176878005,81.20241654914716,81.2014899256325,-0.0009266235146583313
27.49193212161945,-7.317560500961257,79.66099612224298,79.63004377462967,-0.030952347613308007
-4.7132950732199035,26.21529061425298,84.97274141193115,84.96658781047383,-0.006153601457327795
17.724654978315094,0.7155869532952366,82.42567090177505,82.44389648237954,0.01822558060449353
16.280509977047977,-13.418603211405802,80.31089941442767,80.33647452560679,0.0255751111791227
-12.86974836147023,-24.051671297729072,79.88777654023053,79.8878251820818,0.000048641851265074365
-17.238342047492708,-18.835614003895245,79.54639037204963,79.4960662712454,-0.05032410080423233
-22.797375514493083,13.737463992179784,83.0904988309877,83.0645244939197,-0.025974337067992792
-24.215296567346456,-12.152268398652275,80.22630825176469,80.22909068403106,0.0027824322663718704
15.970153285929008,10.667210380394124,84.00253033379795,83.945280983783,-0.057249350014956235
30.47703061901123,23.9871757189889,82.06692909249108,82.06757762907982,0.0006485365887414218
20.314645243827222,21.696196977565393,85.7821063329998,85.78189024784282,-0.00021608515697835173
19.560053602255124,-26.509996432399873,78.34128964505214,78.33072380470648,-0.010565840345662991
-21.395339841496224,-30.821284528842632,77.46579615089523,77.43439907218608,-0.03139707870914776
9.72218118638201,-30.26915598526569,78.35802285367407,78.39789748642742,0.03987463275335301
15.164349620225337,23.71269940333317,86.31469442818852,86.24444163695522,-0.07025279123330108
-22.72905044004645,7.4737722594637646,81.0221471191917,81.025265133251,0.00311801405929657
-27.940966646689375,-2.9259016616087337,80.49918717144024,80.57273648883836,0.07354931739811832
-0.9841638775385064,10.94783202649996,82.83499430067464,82.86409197133463,0.02909767065999347
-6.125270641060432,-17.100253338610514,79.55530965961876,79.51192936841831,-0.043380291200449506
28.739744224718848,-1.473551263455164,80.34575858955864,80.34368412227842,-0.0020744672802237574
14.050514673883939,23.19302368846708,86.20768207397386,86.15639124666514,-0.051290827308719145
1.2795616412971569,-20.47407789675323,79.11251716911823,79.11662863240244,0.0041114632842038645
-20.736048850795136,4.246688793347431,80.95320702843054,80.94835629646082,-0.004850731969725075
-19.35927498008528,16.78688625531784,83.59620267020858,83.60721542945552,0.01101275924693823
-14.356773546708908,12.868387876373426,82.27406748390949,82.27710063720657,0.0030331532970819808
10.842650430651027,-29.856089287738243,78.42909933098682,78.50062351716116,0.07152418617434364
11.137281633383878,-28.674388732181498,78.57856569706217,78.63911849655186,0.06055279948968462
-12.503123228111754,3.6365516982183834,80.97107963534933,80.97884569241069,0.007766057061360243
-20.324309188283706,-14.604296231090956,80.03896373957355,80.0457257248292,0.006761985255650416
-1.1164506850410092,20.15663139521515,84.68360455436066,84.69461034744576,0.011005793085104187
24.100940671739814,-26.65157501037298,77.69130787788905,77.69130459819301,-0.000003279696031199819
17.901421561375308,-7.113897995169545,82.58404977729093,82.58276965968739,-0.0012801176035424078
30.302533850861693,-30.430226281767034,76.87272993272774,76.87272942644682,-5.062809123046463e-7
19.15499831480485,0.6658271182280231,82.41339818546527,82.42165391893093,0.008255733465659887
-12.617668321482775,8.489289745591115,81.1959464010812,81.19058397998029,-0.005362421100912229
-1.9070371603414316,-11.236299716356477,79.37070997208839,79.3757834599597,0.005073487871314342
11.632048164730278,-4.421405850772921,81.40658709815057,81.44821151444772,0.041624416297153743
17.689565277912244,18.454757168254112,85.09646611727896,85.10946116225196,0.012995044972996084
13.595667189822137,-26.887704783379668,78.75085177652538,78.71689619521119,-0.03395558131418852
11.344790815321922,-31.794785368795466,78.27959926096489,78.32792176439716,0.04832250343227429
2.9228486578410298,3.066249850353593,82.15608609417218,82.20697513217263,0.05088903800044875
-27.168615194050872,-13.08642948029209,79.8647110672573,79.84557164647397,-0.01913942078333264
19.35326509406331,30.486553166447976,87.00878944702902,86.9934886912829,-0.015300755746110895
-1.7522594062380676,16.843609701468672,84.19879307613397,84.19688712486457,-0.0019059512693928582
-11.208400827320993,7.675884765962827,80.96140724132482,80.90327423583821,-0.058133005486610045
-19.718069361179346,-28.70202326650398,77.49706251779331,77.49851046064614,0.0014479428528346716
27.20449907615653,-27.06392109435344,77.28197072207038,77.27722069588306,-0.004750026187323897
28.66989274042404,-17.25705695432606,78.35794266938416,78.3284529583498,-0.02948971103435838
-4.700257061988552,1.5441402395239479,80.35038265218428,80.34792401303332,-0.0024586391509586747
7.132805775772731,16.140271476413716,84.59652244750876,84.57123677917411,-0.025285668334646516
-22.61556508006963,7.828328216963222,81.0316899558407,81.05623428241503,0.024544326574329034
-2.86119344162919,31.552843651952635,85.24651572797883,85.25176983679874,0.005254108819912062
19.615603484886613,17.37331306114625,84.9740798104804,84.93136541523496,-0.04271439524544007
28.58529875465038,-15.158147544444013,78.55396255669383,78.56038096849188,0.006418411798051693
14.694938103602027,20.4653427650319,85.34455907592853,85.36924420807297,0.024685132144441013
9.30951844638323,-10.019794683003965,80.63877584425634,80.63469629665039,-0.0040795476059543034
8.546604329073432,2.578997354258732,82.21638754420388,82.21985561097488,0.0034680667709920954
-30.108447192191846,11.090646549047435,82.93164715971714,82.8805661572559,-0.05108100246124536
4.009428456912822,-10.6485699715681,80.60692324982004,80.6068342293401,-0.00008902047994752138
-12.225174825536335,21.56544823697694,84.84966349951264,84.90256349265115,0.052899993138510126
-0.2370600253943138,-11.052527871032908,79.94512765391931,79.94514463895312,0.000016985033809646666
22.50253070682725,28.542717777193843,85.58866408321317,85.55005977291972,-0.038604310293450794
27.133035731744442,-8.59367555704555,79.4369778661096,79.41750312301619,-0.019474743093411462
-11.672686216454196,-1.5878664286704733,80.5274482518982,80.52080655724416,-0.006641694654049957
-5.979810337647706,8.41527202159007,80.79664680115413,80.80974288476533,0.013096083611202403
8.177877169715401,18.396646063615123,85.00978207115443,85.0039890371608,-0.005793033993626295
-21.675766921220884,6.014607770054198,80.952764452708,80.95180244727685,-0.0009620054311483273
5.2959542180014125,-21.07603597619132,79.37641343283447,79.36150480176325,-0.01490863107122209
25.472375088284743,18.832036576889003,82.44139264609589,82.43870897326073,-0.0026836728351611328
31.438734703360794,-13.066777972081866,78.63086265915385,78.69874498667272,0.06788232751887335
0.4988780406945921,-12.751636455216861,79.8169243587137,79.79976506259476,-0.01715929611894751
15.786672239993102,0.6422651041893914,82.40754889014246,82.42958258393148,0.022033693789012432
-21.88539362609545,-21.22219268965435,78.74652484197749,78.78314527693203,0.0366204349545427
-11.898678850251123,26.671102919884603,85.33086746081945,85.35107618940367,0.020208728584222513
17.47091065276831,8.484166651417546,83.54528007608381,83.55338059180548,0.008100515721665147
-23.731253619308347,25.433103505555543,85.09413855305934,85.077900983884,-0.016237569175331146
-24.818397267047146,22.928706847774095,84.720673094985,84.76433898673163,0.043665891746627494
-15.176878344290664,11.519869211134825,81.76610208046932,81.76236765571237,-0.0037344247569564004
-23.40206396797918,14.852161308071658,83.42100725013944,83.43020036111865,0.009193110979211383
-21.75600940584247,13.035600580147403,82.32408252189107,82.36212374871893,0.0380412268278576
31.274901686943053,-24.48089750207194,77.35394744159001,77.34591352670468,-0.008033914885331228
-28.157206910490622,0.8707803612032521,81.3922794642618,81.36559595633284,-0.0266835079289649
-27.700899935316976,-27.615368334594805,77.60707315743379,77.62157877447287,0.014505617039077379
-26.043041381784768,-16.99971292806739,79.2158388757025,79.21395412916968,-0.0018847465328235558
26.300244929077785,-6.5264151439608895,79.76774429149401,79.75767723696396,-0.01006705453005452
22.02337809527524,-1.423483543285748,81.7972763061866,81.79768389549662,0.00040758931001505516
-12.7880514124546,22.905814416037494,85.07240967577779,85.02593597273912,-0.04647370303867149
-0.40220215813231164,16.381648983938298,84.19797619028826,84.19081026097047,-0.0071659293177930294
-14.6490505800285,-24.314720786284695,79.08583082785213,79.13286536405514,0.04703453620300024
22.346341246452802,-12.694771554315182,78.85907205749132,78.88790503096934,0.02883297347801772
-29.400412145596185,0.2854386996106584,81.34000718465626,81.32194028733792,-0.01806689731833444
30.242181981404705,-26.781941541135808,76.866294783091,76.86539808415357,-0.0008966989374386003
-7.457081262891421,2.495680419546794,79.50510435375135,79.50536877100818,0.0002644172568295744
-27.328498566475332,10.48550656513791,82.54761944617717,82.55595435586727,0.008334909690105974
3.9434655337675792,20.978029257110997,85.18957079886061,85.17268717940841,-0.016883619452201515
3.4519791509387616,6.072617230077611,82.56682420918622,82.56712879645204,0.0003045872658162807
-13.751916482474122,28.465588879961338,85.71890339562822,85.71098189514976,-0.007921500478460075
-30.87006607850838,23.224117060320097,84.99808900698964,84.99531997920342,-0.002769027786229117
25.571902705054598,4.988140536113548,81.42473958763688,81.42843911256246,0.003699524925579567
30.45896884659321,-31.224580844557174,76.8196695629164,76.81967109452944,0.000001531613037286661
17.64401462013003,-5.156002110118685,82.34646303375104,82.37860768168294,0.03214464793190075
14.845432971138415,9.415071639845458,83.77330745234968,83.71587760159433,-0.057429850755355005
-28.65551642589385,-22.36795659520891,78.58012717491546,78.57339102120405,-0.006736153711415227
2.7438519493884144,20.52256379328739,85.11075217061298,85.0542797695507,-0.05647240106227969
2.806135230119594,-15.048961005824047,79.95466187969488,79.9195308297417,-0.03513104995317917
-0.6683744031845009,-25.234563549470018,78.34673068039939,78.34313135603654,-0.003599324362852485
30.83462392397894,2.2496089283555776,80.78598229975799,80.82169435463948,0.03571205488148621
-13.133363495966876,10.256544897769672,81.64544548617081,81.65528269026011,0.009837204089294005
9.240516798594015,-29.016631172385004,78.47177653175154,78.50968902731387,0.03791249556232401
-23.380828912014678,7.675847185483917,81.14964189857517,81.16972871213628,0.02008681356110742
-29.553628663795976,-17.473038384544672,78.92485054887597,78.96204289292889,0.03719234405292582
25.28271487937839,3.4718726680083805,81.16634722664996,81.17136806056565,0.005020833915693856
-26.196424848168455,21.46252181850855,84.76807638453309,84.76653235350128,-0.0015440310318126649
15.502457583248919,-31.03167091523502,78.42804648285387,78.38971163148953,-0.038334851364339784
-30.23917578649558,8.586339467907884,82.44724905669769,82.44265708190693,-0.004591974790756126
2.9962324091783543,10.710393662868285,83.35952022925821,83.3095054563591,-0.05001477289910383
-18.861517592940586,31.82103068529978,86.11737475928993,86.13203806768769,0.014663308397757646
-9.78824181580972,-14.754541278953148,79.993061443478,79.99195382004076,-0.001107623437235361
-4.761382241377454,-11.95645190500607,79.03335829339694,79.03372597672757,0.000367683330622981
9.29857121891122,13.977366734796547,84.28145587979209,84.29317383312852,0.011717953336429332
-6.953858619088784,21.564511787838455,84.50786227978743,84.5594874872607,0.05162520747326482
9.247850637363207,-5.384903758304297,81.16678857645222,81.17229593648192,0.005507360029696429
-5.169380818118448,6.03307909600337,80.2505708768065,80.25063501013048,0.00006413332397414706
-1.156502920123863,-5.916482277783977,80.72060691643672,80.71986525714944,-0.0007416592872857564
-26.69395453059653,-7.939557804298346,80.26757929116621,80.26578610877246,-0.0017931823937544777
-11.466220170166132,-18.170248032173838,79.8822998214438,79.91430702671366,0.03200720526986345
15.637307699117223,-17.223064595198316,79.66827621355168,79.65709643789451,-0.011179775657168989
16.704296572400303,-12.583308463498092,80.36321899268555,80.36684399702251,0.0036250043369676632
-16.40327151955949,0.8059179011000666,80.95671900901924,80.9604151673385,0.0036961583192578473
-28.32614198989083,13.28621700292706,83.12914849613828,83.1264783761137,-0.0026701200245895507
-21.552027126178338,-27.60642326973666,77.57955558858687,77.55475845650625,-0.02479713208062151
9.80802973452547,31.92584164441074,87.47187422415315,87.46869249456005,-0.0031817295931091394
19.338506336638424,-21.912331760162814,78.01923213811914,77.98332482196933,-0.03590731614980314
11.036932298155058,21.638770516653096,85.74142976609069,85.6815862390904,-0.059843527000296604
-17.401600275730196,0.9784349830397829,80.9622181211675,80.97065149174412,0.00843337057662552
4.98173865198676,-11.007152220451374,80.52903277842319,80.52773681057084,-0.001295967852342983
-26.72692774812277,20.628373087922114,84.73510976360258,84.75423279401869,0.019123030416110964
-19.715058593277178,3.5467994193387113,80.94638009643751,80.95435456365064,0.00797446721313122
-24.00577252207374,-29.92995413127977,77.76454156878938,77.77504791666196,0.010506347872578203
30.270902398448527,-14.335924416629574,78.52761995997932,78.53001046375836,0.002390503779039932
-21.430490141702336,20.8042701566196,84.33810863963424,84.30516045625323,-0.032948183381009244
7.126663330929823,22.313437133286435,85.63615925849695,85.62855475085826,-0.007604507638689029
-0.20412570360680604,-10.883471312606545,80.00326482998766,80.00326876805592,0.000003938068260822547
-0.38695010242236805,0.49368481042429835,81.65533533445007,81.65828503328798,0.002949698837909409
10.999039259511342,-9.571167114949667,80.73787038548019,80.78932872015098,0.051458334670783756
27.414438384513637,15.439227125376242,82.00626626543882,82.01460078171561,0.008334516276789827
12.166957731325482,4.097778053727609,82.32786015103694,82.34165054786708,0.013790396830131613
-5.969318322733216,-26.258623518136446,78.26406948282836,78.25542606520395,-0.008643417624412564
-14.1003440540687,-7.0354874826794,80.42032382368178,80.42444290901466,0.004119085332874306
24.249675923702476,14.898091682030824,83.04346728019325,83.0469318068029,0.003464526609647578
-31.551008154349276,-31.387121051071205,77.41606480610602,77.47897854163512,0.06291373552909363
25.158477363265334,-2.3873299420326077,80.70051374358506,80.69425344182848,-0.006260301756583431
19.031455772880904,10.284853212567889,84.01143378808665,84.01277980381191,0.0013460157252609406
18.439637394290813,-20.502385335610533,78.41253539236928,78.41785383672345,0.005318444354173835
28.417788565182654,20.95684603975384,82.15798436527561,82.13711661304181,-0.020867752233797887
-24.605060314127506,-4.886267811116241,80.40623988076838,80.4276397004465,0.021399819678123322
0.28763132064798214,7.228084154335015,81.99899825483604,82.05216409519511,0.053165840359071126
-29.675904773415326,23.818838577096137,84.88775460138241,84.87436413205194,-0.013390469330474275
-5.595691001282006,1.4054898530881843,80.05158550661302,80.04012676272575,-0.011458743887274636
30.974411271430043,-26.926273729700824,76.8459267331523,76.84552230473881,-0.00040442841348919956
3.2892820550273,-28.972874264172255,78.46713200944967,78.42818604061695,-0.03894596883272072
25.113863289924147,9.08423569395353,81.99157818985552,81.98301319719981,-0.00856499265570676
21.82172099599307,31.950942979232146,86.1954002531959,86.1842659549391,-0.011134298256806119
-4.6568210947413675,24.40104943139159,84.85233388327438,84.86966078806608,0.017326904791701736
0.440561007424499,-17.302050820414514,79.55751921915864,79.52850850054885,-0.02901071860978277
-9.886228816854931,-19.895898594597107,79.75626791253133,79.75562554685081,-0.0006423656805196742
-7.0765829223622845,0.4189035494112332,79.3934801187597,79.37133578143273,-0.022144337326963637
7.892810537379276,-12.563502104650333,80.31133577555167,80.30174565566448,-0.009590119887192827
25.95578262502277,-30.526820698490972,77.41899966287579,77.41741137186774,-0.001588291008047804
17.236391836444838,-4.168691187481535,82.17520115008071,82.15973761742086,-0.015463532659850898
-31.968507114757998,18.570334927638704,84.2050848929124,84.20628184696803,0.0011969540556293623
28.500792860940173,-8.870956929949742,79.49815581719335,79.5023569868312,0.004201169637852331
-0.6673183560752705,23.504336497278423,84.96044239482879,84.95288571855018,-0.0075566762786110075
-29.198655017866898,0.28794500717405214,81.33635696963958,81.31172986751125,-0.024627102128334855
-26.623241243844717,14.128890724101986,83.06147244806101,83.06472611539526,0.003253667334249144
14.873054423023333,-23.559599694090338,78.8045841630292,78.82153714517287,0.01695298214366403
-8.783164561823455,-25.524232826974895,78.54487104979941,78.57863708232811,0.03376603252870325
7.288349209211255,24.068356795764743,85.9413619341106,85.91323850136773,-0.028123432742873433
-9.841392553163871,4.344282438770371,79.76697998263727,79.75092261144098,-0.016057371196282588
3.725924057521169,19.85604461351975,85.00110027329461,84.98694958729584,-0.01415068599877145
11.884896629252069,30.11157447647824,86.70698558589108,86.70345700702208,-0.003528578868994714
27.618140802693596,-31.952229543961934,77.12074923362056,77.12105366473655,0.0003044311159925428
24.804569206093767,12.645117738294218,82.73793504523178,82.75928306240233,0.02134801717055268
-23.567815877191272,-13.823618397253945,79.9696915081665,79.9618965564051,-0.007794951761411539
17.408713608575184,-20.13533841079112,78.68819143061877,78.69095372918005,0.002762298561279408
0.7433755547287078,17.385042803355113,84.4024104332836,84.42384041649436,0.021429983210751402
-26.11665318634801,-6.8384551734300345,80.30830199147397,80.307870068508,-0.00043192296597283075
14.304571770279416,-22.672974135464095,78.91868941448058,78.92694047083972,0.008251056359142694
-8.73127701750969,3.9176679177906806,79.20198654327535,79.20180691141465,-0.00017963186070346637
20.355410275592135,-29.113423097949003,78.15760515739255,78.15799865221544,0.0003934948228874191
14.062732357021666,27.70442349438496,86.7003445435908,86.68297862759242,-0.017365915998382775
-7.4426462028683815,-26.473373630900042,78.2710518216398,78.26635707065724,-0.004694750982565665
-30.510411229843122,-7.593242279464604,80.17747172982948,80.14774553012462,-0.029726199704853684
-23.158347642460797,-31.570193168496658,77.64417728334118,77.61474632016477,-0.029430963176409364
6.779571816417182,24.960281267184513,86.11231208402464,86.05465111070795,-0.05766097331668618
-16.63198605389261,-26.67906241961323,77.8955702717091,77.92923475076002,0.03366447905091263
-19.37816061851948,0.29914984410460477,81.04984185996393,81.06879222637585,0.018950366411914388
4.084071033821743,-19.553764418370015,79.48253223191719,79.47523730347942,-0.007294928437772796
16.632200274956475,-16.021310699628124,79.77850630466301,79.76738998896592,-0.011116315697094592
8.060227529173893,-21.39913303628245,79.26574625675707,79.26834815520634,0.002601898449270834
28.37316467507172,26.0855668090786,82.267079479669,82.26681957426734,-0.00025990540164855247
-14.374832696111596,25.743525809266522,85.496847923122,85.52183574474402,0.024987821622019624
10.396267176115032,-6.779897051412753,81.03048515222697,81.07559481920708,0.04510966698011032
-18.034778775881286,-23.191862484095573,77.81641823916279,77.81663715260572,0.0002189134429357864
-31.63643889951718,14.361930353962727,83.66417529016016,83.64009019810098,-0.02408509205918108
-27.541840049561756,-30.162312327215496,77.54363649596921,77.56117197015044,0.017535474181229915
-10.928137810290359,-8.977387573493651,80.19975116459828,80.20634508316535,0.0065939185670629286
19.032040191203627,-19.313146248290337,78.430472127616,78.43226852637281,0.0017963987568094808
-20.36306189274675,-24.5213003946007,78.10134712079281,78.08767150269136,-0.013675618101444798
-14.776256383653227,17.732045558229018,83.66806370941178,83.70831021314521,0.040246503733428085
4.192037082008724,21.896337597717633,85.36536383616027,85.32964755218404,-0.03571628397622817
23.589467730539972,4.89945859239856,81.48855967385191,81.48842424351139,-0.0001354303405207702
11.891271796472807,-0.4563921299829232,81.99511290962545,81.99122662668151,-0.003886282943938113
16.38954057145083,-8.870643230768472,81.70869790683288,81.69791254624425,-0.010785360588627668
-31.63284402102454,1.4838605951308352,81.49075326027362,81.46784757170194,-0.02290568857168296
14.843040180829554,-13.900878405257266,80.61818836691577,80.56081936540836,-0.057369001507410644
-21.62544788744239,21.324763054161274,84.38694162465657,84.37053567224858,-0.01640595240799314
-8.440988051532408,-4.837767313900422,79.06482280722813,79.07642136020247,0.011598552974348308
10.804652557546618,-2.479511571720117,81.61660046588173,81.6184788716237,0.0018784057419622968
-16.40913858237279,-8.292356361946695,80.33257295674125,80.3434470598281,0.010874103086848663
11.164911794431944,30.828419152556087,87.08331719406497,87.03394124364642,-0.049375950418550474
14.563499907879255,11.714508323720906,84.09058276159817,84.06884905986009,-0.021733701738085642
11.00411613472906,23.037955794534362,85.97847399796947,85.97712676761022,-0.0013472303592578783
-6.023167225318893,-23.770827548535188,78.37726132418187,78.39107859380923,0.013817269627352857
-19.91759066946934,31.987100289685777,86.12593605417717,86.12646794129913,0.0005318871219515131
23.937113906785264,30.04972923986567,83.86299882909915,83.86206463650453,-0.0009341925946273477
27.28215562684504,13.064852443485663,81.93415215003631,81.94068800347813,0.0065358534418180625
1.7427608280458315,-7.627323773250801,80.90828558491275,80.92651876728739,0.018233182374643775
6.827168355357507,11.2503229402257,83.74605175702811,83.73194841402075,-0.014103343007363378
-25.09770377655922,29.478807213061657,85.92140133423887,85.91539822522455,-0.006003109014315555
26.90242698436856,17.2327114783077,82.10622777010688,82.10264667824144,-0.0035810918654419766
-21.445001294941555,4.0557971082125235,80.9543497163691,80.94986835203977,-0.004481364329322446
-12.662130679342745,-16.04291901063351,80.14345545307413,80.1226728212323,-0.020782631841825605
-17.787842681001337,-11.049585624682173,80.24348009757047,80.27736944887042,0.033889351299947634
-6.677983527552271,21.636496481346782,84.5278313431552,84.57173654567329,0.043905202518089936
-2.85834589216595,23.606863453576743,84.81569366441458,84.83204452978205,0.0163508653674711
-21.62287876955267,-29.970957958256164,77.4552712162602,77.47034431957563,0.015073103315430103
-6.033216993860847,-11.957976958206174,78.91227559036949,78.91221002459994,-0.00006556576954608317
1.1599142711353352,2.71481311828056,81.95759264586478,81.92439663972897,-0.03319600613581031
6.331610474697051,6.22335756776647,82.79632495909573,82.79943242551083,0.003107466415102067
17.3958608046392,30.724122394391017,87.35408485050459,87.34375181977758,-0.010333030727011305
10.921207400767543,-6.243295538523697,81.10989980493333,81.1736166224583,0.06371681752496272
-3.1952912863758627,5.65728503149009,80.86162525034204,80.85560865092062,-0.006016599421428737
3.491582932530818,7.683386275940428,82.76116658009377,82.77350845979534,0.012341879701565972
7.8044258409332485,18.842722898572333,85.07725933829809,85.07514725130248,-0.0021120869956092747
-20.95432403493347,14.45913199609793,83.2747172916314,83.2737282685969,-0.000989023034506431
25.763212549195224,10.659334349292507,81.96719177037014,81.9767616823128,0.009569911942662657
20.653047833950374,24.46491136540586,86.19632253261784,86.210855346005,0.014532813387162946
-0.43444264293746926,24.077295129663653,84.98584484922776,84.99397460904514,0.008129759817379067
-2.049485569925416,-29.684562880959184,77.92339226897506,77.91348150417808,-0.009910764796984495
18.067505935045375,-9.601137560869653,81.08435841433264,81.08570123226419,0.0013428179315440048
29.271543339285294,-18.962947436055536,78.06426690641588,78.03424147762803,-0.030025428787851638
15.007674350176778,13.188443416754978,84.32652070435957,84.34732452031542,0.02080381595585834
-0.9383363154586064,-15.623525597565653,79.65126969489059,79.65026701992531,-0.0010026749652780609
1.2710669540084751,-9.391414259676573,80.76118048121012,80.75741543445345,-0.0037650467566692214
-28.027477210785975,0.10564876699603332,81.23972971507987,81.23496564622847,-0.004764068851400793
15.976264304364882,-10.281304464360325,81.00834966695052,81.00311471414612,-0.00523495280440045
-28.06356536108241,-9.041377441233301,80.26544523233562,80.25765116544395,-0.007794066891676721
11.628517565746762,-23.56559501892712,79.09160492749226,79.06912439203711,-0.022480535455144945
15.802969141978686,20.090933275713965,85.34118062416367,85.33897486609779,-0.002205758065883856
-23.729427030274422,1.224974097756828,80.98334886364225,80.9915546150895,0.008205751447249554
10.843063973538378,-9.358649976761534,80.76081635146748,80.80639731241568,0.0455809609482003
13.226634432319614,8.206708329890901,83.51625780717791,83.51456014265567,-0.0016976645222399611
23.63248532344732,-24.84999590875639,77.32822727763377,77.3385936492686,0.010366371634830784
-27.92567898839905,-26.605811301865366,77.74948168067053,77.79245281304507,0.04297113237454653
-6.69182015188666,6.802884230561681,79.96576398860229,79.97408016078089,0.008316172178595593
-17.933678222958143,-14.851336308802338,80.19966516662652,80.17544545564327,-0.024219710983246046
6.509045765433314,29.83642572431505,86.91000378613882,86.87167979124158,-0.038323994897240254
-2.839217590209735,30.121807715369577,85.13040427147732,85.13585397196995,0.005449700492633269
-5.049629946926174,-30.996424922727478,77.91260666015248,77.91288198116541,0.0002753210129355921
29.953067846537884,-17.45560166239749,78.30273956113757,78.2496711377538,-0.053068423383777485
25.369742387044703,20.25686559823633,82.53319247439796,82.51719651738536,-0.015995957012606254
19.78758445928375,11.54784910335929,84.44956103003014,84.48167981050238,0.03211878047224559
-28.40777805576358,12.598026814576933,82.98869666554718,82.98874712829507,0.000050462747893220694
26.684739279340405,-17.688509297041485,78.32085186774866,78.31254613247395,-0.008305735274703352
7.129083529619109,-7.473999796381044,80.88976686102554,80.90645539739528,0.01668853636974177
20.32595077116607,1.8446652934158578,82.00069144450829,82.00889580587358,0.008204361365287127
-7.672647797578286,31.34547959944942,85.24193479558413,85.2726862021491,0.030751406564974104
-31.330055524542516,-17.256903086904536,78.9150131840297,78.88146035862209,-0.03355282540761095
-8.81004901852679,-12.042609575031179,79.22476210142833,79.22458068007468,-0.00018142135364485057
12.793872106004159,-17.245144022155955,79.86375789046751,79.83534226539703,-0.028415625070479678
1.0399192315478274,-18.864368542568414,79.37953499906584,79.39150816168551,0.011973162619668187
-21.88142338227201,-11.539408994367797,80.28272859688617,80.28060927144271,-0.0021193254434592745
-7.468183434452364,-9.468089647247382,78.25205723665886,78.23912199620548,-0.012935240453373353
-29.715740002468237,-18.172707919376172,78.88572986977113,78.88005619799348,-0.005673671777643108
2.3046947400487667,22.772503548303767,85.29279837690673,85.33398446622091,0.04118608931418066
-7.164963743692105,2.1998490820556,79.59220305866675,79.59236408445521,0.0001610257884578914
-24.82399800993654,-8.112846528581848,80.27612343401415,80.28047351349333,0.00435007947918109
11.509629260124377,-18.568825863770464,79.65701296901062,79.64693178738348,-0.01008118162714311
-3.6669568705557296,8.421927264715073,81.36065323510465,81.36317833791318,0.0025251028085335747
-8.685527581067227,-31.796053342319702,77.68265143022397,77.69922471251871,0.016573282294743308
-12.069028969446805,2.173500781102284,80.87762354236195,80.87274666811201,-0.004876874249930552
-12.502690256011618,-4.682299325303511,80.56054041302735,80.54076824099847,-0.01977217202887971
-28.597892881790003,-31.082444158397237,77.49076258976473,77.53841892542732,0.04765633566259453
30.370175851676855,-14.552257328775717,78.51346791420389,78.51921902439861,0.005751110194722742
-26.1077257301518,0.75099802707836,81.13546117699325,81.09820366159865,-0.037257515394600205
-7.599755277561911,15.647758671729108,83.80425699023795,83.80719124297363,0.002934252735684595
-8.636171228641267,18.795599531359706,84.34551303193766,84.35613068208549,0.010617650147835889
8.435213987220607,-14.193521643250193,80.12700733701305,80.11520726286606,-0.011800074146989914
15.873609499135924,20.346426136081313,85.4623929331207,85.46150725803643,-0.0008856750842625161
29.19297599041615,15.798450500891171,81.91356629707448,81.91432030704517,0.0007540099706915271
-14.370581044395657,18.475522488112787,84.02156451413013,84.00591707627689,-0.015647437853246515
-15.575391714489491,-30.069153264063353,77.44712728879304,77.45101565944519,0.003888370652148865
11.076616454001488,9.724826497587792,83.68985296469982,83.69099790043656,0.0011449357367325774
-15.393726548647123,-3.5233600283068895,80.7580558256144,80.7873445313691,0.029288705754694888
-16.700519169838216,-11.229048621539775,80.23943242206752,80.25848910126487,0.019056679197348103
-17.105693261486408,-22.821475194258696,77.9637818227418,77.94730376945364,-0.01647805328815366
19.05744506633961,15.06865745349004,84.86843472404453,84.86772754582776,-0.0007071782167713536
31.452641468368917,-9.323040006153335,79.68530571408573,79.68212336923528,-0.0031823448504439966
-31.053678804871822,9.368985025469982,82.65574019952705,82.65596754077032,0.00022734124327428162
-19.767921009087466,-18.440800591338544,79.38412262802467,79.38294066722543,-0.0011819607992435976
12.75384130116558,12.826402960987224,84.135819599641,84.12071672626165,-0.015102873379348125
3.700074025767101,-19.797841385517962,79.39992087378477,79.41261551008141,0.01269463629664358
29.73391755057377,-19.33101871023655,77.9945813647542,77.97469180693099,-0.01988955782320545
-26.907288869156574,-29.277501252805173,77.60050084792577,77.62117342704755,0.020672579121779222
20.468935989133023,28.710433243763404,86.54105176538965,86.53696647656858,-0.004085288821073618
-24.73824554975525,0.3803242290968569,80.91689620555933,80.96465145550425,0.047755249944927414
19.976169855242034,-17.144373925646867,78.7458190289728,78.7462302784216,0.0004112494488026641
-16.237609994622296,22.484742325709966,84.97526984766073,84.96021360031047,-0.0150562473502589
-15.51476770106219,-8.139817342252805,80.36539009155581,80.34566085103182,-0.01972924052398639
3.9248889065680146,-16.235839144766516,79.91422510514992,79.9177322131252,0.0035071079752810874
-0.5150222133860609,19.07790614657378,84.60139692304465,84.59173078554014,-0.009666137504510175
2.982261649831365,-23.55577736052755,78.82616389676201,78.82304158863724,-0.003122308124773099
-7.501814004483897,21.04002655685862,84.43612357938285,84.49290606956758,0.05678249018473025
20.66682365462922,13.682936582996561,84.95249894385091,84.94763732247006,-0.004861621380854331
-19.38176105615345,24.57528123891609,84.78642020101879,84.78782256446546,0.0014023634466724388
23.704949494606446,5.28882169170695,81.54918193758456,81.55129217314374,0.0021102355591722244
9.408732825742526,-24.142247167127728,79.00987912915836,79.00767638483754,-0.0022027443208259
-20.17631006657367,-12.306459092524513,80.27921217414064,80.26819009799112,-0.01102207614951567
-26.17184432624017,-30.547116487625132,77.62598429263554,77.60073952973076,-0.025244762904776508
-12.494545678987173,-29.00704691143398,77.7960825373516,77.79595839099537,-0.0001241463562280387
13.704538209169755,-18.696933301867936,79.64128078979036,79.62844949881347,-0.012831290976890841
-0.7961329003224122,11.552835260762123,83.09245606561373,83.08509992704394,-0.007356138569790005
15.256006405639404,22.837083161991167,86.19113929986352,86.15123457598135,-0.0399047238821737
-21.96224422221814,-12.022383602423666,80.28864510933568,80.29034003997499,0.0016949306393172492
4.095195433342077,-21.500574858255774,79.19992819504549,79.23030613787085,0.030377942825367654
-21.467278056651615,30.618472460360586,85.90120870251715,85.95019875821068,0.04899005569352255
5.823805671619027,12.962781095001269,83.99017821766175,84.01453805781625,0.024359840154502876
-5.535014762434599,26.859703552855613,85.00534208656667,85.00177477425402,-0.0035673123126542805
9.591023399879312,26.894973557600018,86.60284185745023,86.61679964297166,0.013957785521427013
1.1150149766963438,-13.930180791995035,79.80663466582942,79.84104517798896,0.03441051215953905
-27.977236467601394,13.642650434203219,83.15592089409779,83.15585338572068,-0.00006750837711422264
20.55042411563464,29.029341136448224,86.5322258225936,86.54161696379022,0.009391141196616104
20.313577590874893,31.03758150160065,86.7303609302778,86.70068195144677,-0.029678978831029212
11.945700547318424,21.551616569915602,85.64862715969824,85.64508496246216,-0.0035421972360722975
-3.2576206607048235,1.1291317535767007,80.80253017890851,80.80243213257415,-0.00009804633435805954
-27.998148763280668,-18.064466179879965,78.9450354272702,79.00900473312056,0.06396930585036387
-10.566189062515619,5.437075171452314,80.38558982223577,80.3878332311034,0.0022434088676277497
24.348382055515856,-20.850470813351286,77.84308818646089,77.8226496273391,-0.020438559121785715
7.372121989058357,-1.750357849903338,81.61125029581731,81.63617077054028,0.024920474722961217
30.126613461527505,-29.87262246924174,76.91761665765591,76.91564465350125,-0.0019720041546662515
1.5561280437720129,2.5114624604769986,81.98391093836275,81.96124710337156,-0.02266383499119229
11.898370768141191,-20.13582776708232,79.44384945882067,79.45527772266789,0.011428263847221842
4.367997587472999,-25.060783324796873,78.88433937721626,78.86353759663415,-0.020801780582118568
-6.3020182352515945,2.7933982800188204,79.87057943529234,79.8703877349271,-0.0001917003652351923
24.22923691631094,31.01070118048675,83.42664313375167,83.44415658401155,0.01751345025988371
17.749076509921238,31.761728523854714,87.42151582916601,87.37100126151022,-0.05051456765579587
11.583356914818104,22.2851149657335,85.84702525634744,85.82637370557119,-0.02065155077625036
-29.08327122093361,-6.955048771674896,80.26846968826443,80.28330687496234,0.014837186697903348
22.884316183207588,-31.191515469627667,77.70714321581232,77.7078191927109,0.0006759768985773462
0.6865971469993184,14.154886580161637,83.96827427029461,83.99588841824534,0.027614147950728807
-23.335748239074256,-3.492210271530226,80.57818471640837,80.560889417005,-0.017295299403372155
-20.811914325775817,4.874749182826136,80.95634801596835,80.94864794720213,-0.007700068766212098
15.717370653644586,1.1981844253481597,82.40287772164041,82.44012279979121,0.03724507815080358
-2.825048765585926,-11.348447686287805,79.12639335575518,79.09800941689407,-0.028383938861111346
-5.43449837363422,2.268192679499819,80.13558829426884,80.13454957392884,-0.0010387203400057388
9.147437639562675,23.243630260199723,85.93319463773736,85.94400479531615,0.010810157578788449
21.686758240003783,0.1277764384724449,81.5949134208257,81.60395689364869,0.009043472822980902
-10.922945237415142,-11.396514459156109,80.22719743963884,80.22873382333368,0.0015363836948409926
9.992450996942246,-26.334995091987103,78.77146114294368,78.78143360542892,0.009972462485237088
24.69657822869828,-20.70530518850245,77.84988691106193,77.8416111983635,-0.008275712698434745
2.420409920164616,5.022495888952946,82.26030994664649,82.251586719706,-0.008723226940489326
9.29567642657338,-20.179392327673185,79.42602250042016,79.41682475068698,-0.009197749733175442
14.67798886781349,-26.453464103699574,78.67123383750614,78.65696370930259,-0.014270128203548893
-11.441085011120116,-3.68460938611873,80.38172739897534,80.36734520364865,-0.014382195326689384
26.05093436205403,17.192751049222643,82.14963942013065,82.14942724498863,-0.00021217514202476195
-3.370721147732226,22.328909680388485,84.70480873037752,84.72186551014356,0.01705677976603681
-19.73637175725387,12.21881353755883,81.6469674344301,81.61990017762386,-0.027067256806233786
0.08872672521714975,21.29684510579431,84.91266468804487,84.87762231959914,-0.03504236844572972
8.637213425703308,-6.383126406877643,81.02963822655116,81.03878145773285,0.00914323118169591
-28.647620419480916,-27.95059130741621,77.73281868843978,77.71191930001622,-0.020899388423558207
19.60769595171989,-7.413501978577742,81.7986881112584,81.79479524923295,-0.0038928620254523594
-18.056874866074217,16.264165438326337,83.26365189869048,83.25762399169676,-0.006027906993722354
9.560045850076548,30.149100819842232,86.72312786195275,86.72941097113096,0.006283109178212953
11.881758250668106,7.476261158047919,83.29238203316977,83.29305897982526,0.0006769466554885639
-4.1397662617047715,-5.460657422549524,79.52955998554683,79.52535162750196,-0.004208358044863303
23.985373100242256,-4.094632148152201,80.43918690037803,80.43918261266116,-0.000004287716876660852
-10.432302579864903,-19.754818586560276,79.77759704509154,79.78287078837457,0.005273743283026988
3.1791376716885154,12.078172455913034,83.75745053281253,83.71914110977798,-0.03830942303454776
-17.559371797015167,-9.747663903699944,80.27639110605429,80.31493082506924,0.038539719014949014
0.21866321741900663,-4.326658336359671,81.46159497985944,81.47176358563831,0.010168605778872575
9.695869397964017,-5.983399951884223,81.10730476054943,81.1095501598637,0.002245399314276142
7.92747983927444,-4.483483134902613,81.24692085599574,81.25576160399194,0.008840747996202936
-11.794733524930948,24.90032608285741,85.12938243699085,85.16902024900533,0.039637812014476026
-25.17935265227991,11.178525180404876,82.39383051965653,82.43532206728837,0.0414915476318356
23.836011317062734,-7.203922553113394,79.56285650478856,79.62445971380531,0.0616032090167522
-18.97031119960105,25.753262324350693,84.8378242622291,84.8797667734553,0.04194251122619619
-18.99027162886466,-16.26469652726533,79.87034604343805,79.84792808768022,-0.02241795575783101
5.915936217381557,-26.08149522746001,78.90675754084938,78.9054567016178,-0.0013008392315896344
-1.0304605880181938,8.96541451310334,82.2428575217374,82.24237077669216,-0.00048674504525081375
-20.356397313273312,5.486874747481558,80.96166183199861,80.95517353666425,-0.006488295334364125
5.185169862786886,-0.2676034065043851,81.83584604059135,81.8583344905,0.022488449908649955
-6.996685443770957,21.404341918958238,84.4835500428138,84.54108475143256,0.05753470861876053
-6.8417696557471785,-0.22707986517951895,79.32511779868449,79.33310445588573,0.007986657201243474
2.1718816814160604,-2.4850554297913874,81.5888260150342,81.5419744474966,-0.04685156753760111
26.523801564260147,-8.206228964938028,79.4618113267467,79.45001190521671,-0.01179942152998592
20.700652447262883,-8.56489943165893,80.54362803878843,80.55968759212561,0.016059553337186117
11.801502374096202,9.389526710140252,83.75140866740709,83.74846961656786,-0.002939050839231072
21.493688683131722,19.576907003589348,84.45439613662788,84.43237005645378,-0.02202608017410057
26.028401544545467,-20.44929629017026,77.85544169867457,77.86360283214947,0.008161133474899884
3.7578303812280254,25.762669364601912,86.04645347397752,86.05151014602988,0.005056672052361932
25.673804923449552,18.30393726201722,82.34047548949785,82.33501462490969,-0.005460864588158643
12.944182111010605,27.539062956007918,86.64346218185308,86.64198936506091,-0.0014728167921731483
-30.612568654789385,-23.922911899650067,78.28915467956581,78.27589553957633,-0.013259139989486357
-22.47158015303718,-30.696600124289603,77.55139480459127,77.53518206915362,-0.016212735437648007
5.716910231592998,-0.3101184636481875,81.81290584507876,81.84772924583066,0.03482340075190393
8.043260901510024,6.696664305378306,82.88209921853841,82.90141300242843,0.019313783890012814
-4.224684009606371,19.284360944709952,84.32173440947214,84.35293239415418,0.031197984682037827
-25.25493773206511,-0.8799045191036825,80.7724611188126,80.75786805418099,-0.014593064631611696
26.057349882361123,-3.277611534346285,80.61871730276283,80.61509758643733,-0.003619716325502509
0.812053151563326,-2.470581862771965,81.57665438567275,81.5786252018285,0.001970816155747457
-0.5509365249369367,6.202136099897878,81.6886331062135,81.68854374472643,-0.00008936148707050506
12.966012099403443,-18.24819017541168,79.7191848286496,79.70247129867185,-0.016713529977749886
-29.083961819400272,-10.117080515290795,80.16726736599406,80.17349202779724,0.006224661803173603
-12.26315062987549,1.485997880864133,80.84172770044108,80.83646756640384,-0.005260134037243347
12.553999286966842,-17.064374481377243,79.88825038371496,79.85954992979472,-0.028700453920237123
-26.016773130962534,28.23884770541695,85.67182462861773,85.66577835579899,-0.006046272818736043
31.045600911493324,-14.809694948648307,78.47620902217044,78.48941831690493,0.013209294734494392
26.91281926653504,-1.0005696917282307,80.52326253367056,80.52998043091256,0.0067178972419981164
27.589437601424613,-1.140539674731123,80.43228008252329,80.4350690236131,0.002788941089804098
7.360270315687487,-7.737305623831446,80.85956868927707,80.87094775900695,0.011379069729883895
-20.812915329486273,-4.888605835896293,80.53203135314574,80.56694284335234,0.03491149020659634
-0.7890662141933475,-17.18768140228689,79.52111783944511,79.52197940314728,0.0008615637021733846
17.63537260739148,9.1568092937705,83.70569778748558,83.70759923634208,0.001901448856500565
-29.12073019466888,19.302635257900498,84.37109990162529,84.39042200097649,0.019322099351199995
4.632169491296388,-6.413124830094411,81.08937144273048,81.11027641695655,0.020904974226070294
-25.22189567760254,-0.2767597673560971,80.83022465743096,80.82814792306306,-0.0020767343679040096
23.737617394934112,2.5378513726547354,81.13028633684968,81.12291511446311,-0.007371222386566956
0.4703800612807143,2.6765619051246006,81.89019090080986,81.85917584477998,-0.031015056029872312
16.64345278039562,12.782435622800087,84.35457889436026,84.40644408241099,0.051865188050726374
17.17878306672766,-20.253607448454375,78.74394315118904,78.74932148637308,0.0053783351840337446
23.102486264512095,15.14021311775889,83.65869564681206,83.69377458229808,0.0350789354860126
-31.600296081065565,-15.648464494309607,79.00670118410969,79.02540882486839,0.01870764075870568
-18.68746948079476,-13.768599932307517,80.30041711024674,80.27969866870195,-0.02071844154478697
-9.403292647368893,-10.800369182659054,79.20306824955425,79.19850223667906,-0.004566012875187653
16.764644579983006,-6.851432360471492,82.63095096809161,82.66014948306265,0.029198514971042755
16.85644958100648,14.612388547106484,84.72643057397315,84.76143754089155,0.03500696691840233
12.90293058669878,26.314482202669325,86.52805412816176,86.52409885027133,-0.003955277890426601
-9.711362688656138,14.056851264585276,83.36078841035196,83.34910274185387,-0.01168566849808883
-0.3545286188729193,-26.444516052092872,78.2929202321202,78.28463559302038,-0.008284639099812807
-27.737826017147768,8.222954614275139,82.20603855051566,82.20072413759921,-0.005314412916447964
-4.314698653253032,29.80495472309753,85.13527932046222,85.17191765229114,0.036638331828925175
-0.5449251461227718,-18.40837617605247,79.44499059624513,79.39685819147795,-0.04813240476718761
-30.96496823901836,-27.557960680069804,77.95324488322886,77.90263555968545,-0.05060932354341219
-4.083380965738172,-19.786277632677688,79.40728031060783,79.41114955777527,0.0038692471674437456
6.422624609135724,-5.094106231934198,81.20045914196317,81.20790504611524,0.007445904152078242
-9.378697427289652,-3.6423055400800664,79.23303405632956,79.24590319164382,0.01286913531426137
-4.6765647422970105,-11.248630598684898,78.85369724358267,78.85386283677856,0.00016559319588793642
18.103603293251403,-19.4373890837917,78.61484087444789,78.63886782673926,0.024026952291364978
-5.080874432924979,-18.045580426463445,79.41039916830363,79.45942898317523,0.049029814871602184
7.8183176334080144,8.71082723301361,83.28355913705802,83.26673976085229,-0.016819376205731373
-30.953211424751395,-14.635272234160688,79.19377215452887,79.24061108518463,0.04683893065575262
-3.1413586985469095,13.946542455167155,83.66789839963272,83.67714129571183,0.009242896079115326
-26.80661037798759,-10.293493207021719,80.27696363974407,80.26961772023805,-0.007345919506022369
25.389907786626395,-2.9770934786962044,80.61820336396322,80.61678206764945,-0.0014212963137651968
-0.827884963863319,-25.215181704017063,78.3343163728945,78.33638284367676,0.0020664707822533046
-24.636934673263077,27.27137863856295,85.50840455157098,85.5121882090524,0.0037836574814207324
19.687941885818148,24.548119614843152,86.26194167860302,86.27332896297679,0.011387284373768125
-13.212732721776781,-11.014204826311072,80.26225604714699,80.24872088957969,-0.013535157567304168
28.143846711183187,27.954827542823693,82.38503512102857,82.38538353530143,0.0003484142728638062
12.081948677499547,16.350358648395172,84.79270131017691,84.76518863101549,-0.02751267916141842
-5.0774403910575785,-26.48666310878575,78.2566849034299,78.22899595858156,-0.02768894484833595
8.44849452887911,-27.19420578037016,78.65982720332185,78.65321079493287,-0.006616408388978812
25.08711484449718,-7.4852386611919925,79.56861570213965,79.52191228135815,-0.046703420781497584
-14.547636334844519,-2.0806388703245133,80.75218714681009,80.77142206725263,0.019234920442542602
-5.099211268092752,0.25317486363848474,80.03079650289901,80.03079685329119,3.503921846004232e-7
7.665010329527185,15.569397234367685,84.50913789913801,84.5094421332945,0.000304234156487837
26.690052229393594,-8.753221524262067,79.35756711598687,79.3383268590083,-0.019240256978562797
-10.681834645599338,-5.892961270953656,80.13668934155785,80.13729921412666,0.0006098725688019613
-18.885857477216625,2.7585566947560025,80.94932112854642,80.95503551884535,0.005714390298933836
9.050110156960464,-16.2973587481804,79.87162769702068,79.87539190952276,0.0037642125020767025
-7.35037945384709,-29.9467067628172,77.96923067944235,78.0012541430914,0.03202346364905395
6.191164634757001,-2.709205648952725,81.49091961633057,81.52776176357658,0.03684214724600565
-28.18278197973263,-6.390062619223194,80.29577461206094,80.30816533732836,0.012390725267422908
-2.860792366025926,-8.271014753355708,79.65767061770107,79.66023891874188,0.0025683010408101836
-17.801891677598448,14.448404944001076,82.47982060782263,82.4647531807646,-0.015067427058028215
-23.655570014791017,5.10306107573647,80.99319420686635,81.03151929627079,0.03832508940443802
-18.58297698529133,9.36208150774273,80.97697880026638,80.98040153582893,0.003422735562551793
15.766098146994523,-7.427736324702622,82.2415617591181,82.2341632188652,-0.007398540252893326
-0.6850927777962781,0.9433325886520976,81.59942916179112,81.5789534951038,-0.02047566668731804
19.79981240809815,-25.46729607895795,78.09230364839962,78.08642902176786,-0.005874626631765523
7.412814239973478,-20.10659014653462,79.43153782813698,79.43431698948046,0.0027791613434828832
4.150103756104947,-26.118185102848635,78.82547947345286,78.77626365430132,-0.049215819151541496
-30.41102221044725,2.1994056486610063,81.55812123205277,81.56708847861074,0.00896724655797243
-26.527441271862834,9.70843497889809,82.20855171827911,82.19981242529094,-0.008739292988167335
25.054716979615982,18.517630670754876,82.61943909097069,82.63948756551477,0.020048474544083206
-9.652727136551555,14.681203507555594,83.44373701765197,83.43921617023364,-0.004520847418334029
-20.443822246211653,4.205074933062598,80.95104511930732,80.94779348478295,-0.0032516345243749356
-10.81980780140303,14.772476358658295,83.34461520673369,83.39413374966558,0.049518542931892284
-20.654529839343688,-6.554564567391125,80.37926827519732,80.4292416882688,0.049973413071484174
22.09863812767719,-19.688644119106996,78.03952039222312,78.03954139589145,0.000021003668322805424
-30.921881420440833,9.493390082567124,82.66722132959399,82.66619380162604,-0.0010275279679490268
-30.505500636524523,30.03522290516411,86.69013314013462,86.70739240016881,0.017259260034194313
12.730302544426067,-7.2681503684163715,81.3220173659235,81.31535006833143,-0.006667297592073851
19.95707009973723,16.448028847351416,84.97774772282315,84.94014243497261,-0.03760528785053907
-24.7066897282512,2.053588451440902,81.20079653866556,81.20336172079453,0.002565182128975607
-8.684242530545916,-11.112674964715673,78.91732111908932,78.90630979124184,-0.011011327847484154
24.90449721266974,12.843752429132245,82.69887634848988,82.70873148387487,0.009855135384995606
17.8551642652273,-7.388286393815278,82.40557056063781,82.3991590996477,-0.006411460990108253
31.55806556017575,24.879919343803593,82.0865319934037,82.080892782078,-0.005639211325700444
16.280977004762335,-15.039484022498392,80.02155153083896,80.00286244576841,-0.018689085070548117
12.770197615370776,-0.942506575200774,82.08166231606538,82.06411163827833,-0.017550677787042446
24.72869448297599,17.295039346034606,82.78832402549469,82.82403356905809,0.03570954356339939
7.327618804103672,7.123305659409262,82.96125917580636,82.97060329250615,0.009344116699793403
3.544365071160648,24.241320412410474,85.60608677538114,85.59217171401741,-0.013915061363732661
26.016328028475364,-18.04835098430827,78.27138250678807,78.26897240519914,-0.0024101015889357313
28.02779554159715,29.66731496587075,82.35802790475513,82.35187232740041,-0.006155577354718389
18.674435311623583,25.20190214314148,86.32066664987788,86.32880830987713,0.008141659999253648
-11.525694906684379,-11.34587625745479,80.25755214086885,80.25743905070263,-0.00011309016622362833
16.553028853834462,-6.0474382451441855,82.44625230002262,82.48178184789748,0.035529547874858736
30.805022527720276,-28.691650863195186,76.85395551291651,76.84869647528544,-0.00525903763107749
-20.57052558434787,-10.928338645014769,80.26328759775063,80.27262922001671,0.00934162226607782
6.893608910992938,18.561575539674173,84.99807680731669,84.96597311979868,-0.032103687518016955
-21.19589118560949,0.3961597473123035,81.04515272273521,81.03223520305862,-0.012917519676591382
-3.7713799993428623,-24.17536643672561,78.32705681118574,78.33185493580409,0.004798124618346833
9.012561274330515,13.858973042144711,84.24588183475065,84.26228652784863,0.016404693097982204
-14.531320758880206,-15.481400775785303,80.20655414576427,80.16440155798013,-0.04215258778414466
18.457575839451053,27.702649358214643,86.63165236069197,86.61987636480825,-0.011775995883724022
-27.503054238527234,-13.38430680411384,79.77414791024103,79.75920987998944,-0.014938030251585133
-31.13814023964899,-21.559673325783095,78.60214866519715,78.59018266839978,-0.011965996797371758
-13.195458848184565,-26.284343612438725,79.14593283769926,79.11525497439554,-0.030677863303722575
16.370893850949372,7.6086101708940035,83.30933350263643,83.34427265283952,0.03493915020308691
22.65375030751725,-13.218394513186027,78.8164329765485,78.8452804951783,0.02884751862980295
5.854097728155104,16.244282381305652,84.55084555529594,84.52437445378997,-0.02647110150596177
