case_id,family,trial,execution_order,elapsed_ms,queries,ns_per_query,checksum
manchester-centre,compact_ruled,0,0,9.476400000000012,204800,46.271484375000064,7564906.925735224
manchester-centre,generic_ruled,0,1,27.118599999999958,204800,132.4150390624998,7564906.925735224
manchester-centre,exact_p2,0,2,37.407899999999984,204800,182.65576171874991,7564906.9257352175
manchester-centre,regular_grid,0,3,5.670500000000004,204800,27.687988281250018,7564906.9257352175
manchester-centre,compact_ruled,1,0,10.275099999999952,204800,50.171386718749766,7564906.925735224
manchester-centre,generic_ruled,1,1,27.105399999999975,204800,132.3505859374999,7564906.925735224
manchester-centre,regular_grid,1,2,6.4617999999999824,204800,31.551757812499915,7564906.9257352175
manchester-centre,exact_p2,1,3,37.935900000000004,204800,185.23388671875003,7564906.9257352175
manchester-centre,compact_ruled,2,0,9.088200000000029,204800,44.37597656250014,7564906.925735224
manchester-centre,exact_p2,2,1,37.81189999999998,204800,184.6284179687499,7564906.9257352175
manchester-centre,generic_ruled,2,2,26.106300000000033,204800,127.47216796875017,7564906.925735224
manchester-centre,regular_grid,2,3,5.914200000000051,204800,28.877929687500245,7564906.9257352175
manchester-centre,compact_ruled,3,0,9.555700000000002,204800,46.65869140625001,7564906.925735224
manchester-centre,exact_p2,3,1,36.60629999999992,204800,178.7416992187496,7564906.9257352175
manchester-centre,regular_grid,3,2,5.665200000000027,204800,27.66210937500013,7564906.9257352175
manchester-centre,generic_ruled,3,3,28.918700000000058,204800,141.20458984375028,7564906.925735224
manchester-centre,compact_ruled,4,0,9.301500000000033,204800,45.41748046875016,7564906.925735224
manchester-centre,regular_grid,4,1,5.4868999999999915,204800,26.791503906249957,7564906.9257352175
manchester-centre,generic_ruled,4,2,28.03359999999998,204800,136.8828124999999,7564906.925735224
manchester-centre,exact_p2,4,3,37.47059999999999,204800,182.96191406249997,7564906.9257352175
manchester-centre,compact_ruled,5,0,9.570100000000025,204800,46.72900390625012,7564906.925735224
manchester-centre,regular_grid,5,1,5.309500000000071,204800,25.925292968750345,7564906.9257352175
manchester-centre,exact_p2,5,2,37.409599999999955,204800,182.66406249999977,7564906.9257352175
manchester-centre,generic_ruled,5,3,27.031200000000013,204800,131.98828125000006,7564906.925735224
manchester-centre,generic_ruled,6,0,27.965299999999957,204800,136.54931640624977,7564906.925735224
manchester-centre,compact_ruled,6,1,9.01380000000006,204800,44.01269531250029,7564906.925735224
manchester-centre,exact_p2,6,2,37.59439999999995,204800,183.56640624999974,7564906.9257352175
manchester-centre,regular_grid,6,3,5.690399999999954,204800,27.785156249999776,7564906.9257352175
manchester-centre,generic_ruled,7,0,28.618099999999913,204800,139.73681640624957,7564906.925735224
manchester-centre,compact_ruled,7,1,10.772499999999923,204800,52.600097656249616,7564906.925735224
manchester-centre,regular_grid,7,2,5.690099999999916,204800,27.78369140624959,7564906.9257352175
manchester-centre,exact_p2,7,3,38.12429999999995,204800,186.15380859374974,7564906.9257352175
manchester-centre,generic_ruled,8,0,28.454500000000053,204800,138.93798828125026,7564906.925735224
manchester-centre,exact_p2,8,1,38.925899999999956,204800,190.06787109374977,7564906.9257352175
manchester-centre,compact_ruled,8,2,9.469500000000039,204800,46.23779296875019,7564906.925735224
manchester-centre,regular_grid,8,3,5.056800000000067,204800,24.691406250000323,7564906.9257352175
manchester-centre,generic_ruled,9,0,27.799599999999828,204800,135.74023437499918,7564906.925735224
manchester-centre,exact_p2,9,1,39.37729999999988,204800,192.27197265624943,7564906.9257352175
manchester-centre,regular_grid,9,2,5.49980000000005,204800,26.854492187500245,7564906.9257352175
manchester-centre,compact_ruled,9,3,9.996699999999919,204800,48.8120117187496,7564906.925735224
manchester-centre,generic_ruled,10,0,26.534799999999905,204800,129.56445312499952,7564906.925735224
manchester-centre,regular_grid,10,1,5.515300000000025,204800,26.930175781250124,7564906.9257352175
manchester-centre,compact_ruled,10,2,10.141800000000103,204800,49.5205078125005,7564906.925735224
manchester-centre,exact_p2,10,3,38.96769999999992,204800,190.27197265624963,7564906.9257352175
manchester-centre,generic_ruled,11,0,27.542500000000018,204800,134.48486328125009,7564906.925735224
manchester-centre,regular_grid,11,1,6.302000000000135,204800,30.77148437500066,7564906.9257352175
manchester-centre,exact_p2,11,2,35.19640000000004,204800,171.85742187500017,7564906.9257352175
manchester-centre,compact_ruled,11,3,8.996399999999994,204800,43.92773437499997,7564906.925735224
manchester-centre,exact_p2,12,0,37.586500000000115,204800,183.52783203125054,7564906.9257352175
manchester-centre,compact_ruled,12,1,9.293499999999995,204800,45.37841796874997,7564906.925735224
manchester-centre,generic_ruled,12,2,26.676099999999906,204800,130.25439453124955,7564906.925735224
manchester-centre,regular_grid,12,3,6.587999999999965,204800,32.16796874999983,7564906.9257352175
manchester-centre,exact_p2,13,0,37.54769999999985,204800,183.33837890624926,7564906.9257352175
manchester-centre,compact_ruled,13,1,9.561100000000124,204800,46.68505859375061,7564906.925735224
manchester-centre,regular_grid,13,2,5.238900000000058,204800,25.58056640625028,7564906.9257352175
manchester-centre,generic_ruled,13,3,27.39989999999989,204800,133.78857421874946,7564906.925735224
manchester-centre,exact_p2,14,0,36.791999999999916,204800,179.6484374999996,7564906.9257352175
manchester-centre,generic_ruled,14,1,26.430000000000064,204800,129.0527343750003,7564906.925735224
manchester-centre,compact_ruled,14,2,10.04989999999998,204800,49.0717773437499,7564906.925735224
manchester-centre,regular_grid,14,3,5.671100000000024,204800,27.690917968750117,7564906.9257352175
manchester-centre,exact_p2,15,0,37.747499999999945,204800,184.31396484374974,7564906.9257352175
manchester-centre,generic_ruled,15,1,26.364199999999983,204800,128.73144531249991,7564906.925735224
manchester-centre,regular_grid,15,2,5.81899999999996,204800,28.413085937499805,7564906.9257352175
manchester-centre,compact_ruled,15,3,10.965299999999843,204800,53.54150390624923,7564906.925735224
manchester-centre,exact_p2,16,0,36.165300000000116,204800,176.58837890625057,7564906.9257352175
manchester-centre,regular_grid,16,1,5.450700000000097,204800,26.614746093750473,7564906.9257352175
manchester-centre,compact_ruled,16,2,10.434999999999945,204800,50.95214843749974,7564906.925735224
manchester-centre,generic_ruled,16,3,26.50559999999996,204800,129.4218749999998,7564906.925735224
manchester-centre,exact_p2,17,0,37.483799999999974,204800,183.02636718749986,7564906.9257352175
manchester-centre,regular_grid,17,1,5.960699999999861,204800,29.104980468749318,7564906.9257352175
manchester-centre,generic_ruled,17,2,27.114199999999983,204800,132.39355468749991,7564906.925735224
manchester-centre,compact_ruled,17,3,10.033200000000079,204800,48.990234375000384,7564906.925735224
manchester-centre,regular_grid,18,0,5.7896999999998116,204800,28.27001953124908,7564906.9257352175
manchester-centre,compact_ruled,18,1,9.101300000000037,204800,44.439941406250185,7564906.925735224
manchester-centre,generic_ruled,18,2,27.750999999999976,204800,135.5029296874999,7564906.925735224
manchester-centre,exact_p2,18,3,37.316499999999905,204800,182.20947265624952,7564906.9257352175
manchester-centre,regular_grid,19,0,5.88760000000002,204800,28.7480468750001,7564906.9257352175
manchester-centre,compact_ruled,19,1,9.19640000000004,204800,44.90429687500019,7564906.925735224
manchester-centre,exact_p2,19,2,37.51819999999998,204800,183.1943359374999,7564906.9257352175
manchester-centre,generic_ruled,19,3,26.929200000000037,204800,131.49023437500017,7564906.925735224
manchester-centre,regular_grid,20,0,5.375600000000077,204800,26.248046875000373,7564906.9257352175
manchester-centre,generic_ruled,20,1,29.389699999999948,204800,143.50439453124974,7564906.925735224
manchester-centre,compact_ruled,20,2,9.360100000000102,204800,45.7036132812505,7564906.925735224
manchester-centre,exact_p2,20,3,35.78570000000013,204800,174.73486328125065,7564906.9257352175
manchester-centre,regular_grid,21,0,6.138200000000097,204800,29.971679687500473,7564906.9257352175
manchester-centre,generic_ruled,21,1,26.571100000000115,204800,129.74169921875057,7564906.925735224
manchester-centre,exact_p2,21,2,37.361900000000105,204800,182.4311523437505,7564906.9257352175
manchester-centre,compact_ruled,21,3,8.514999999999873,204800,41.57714843749938,7564906.925735224
manchester-centre,regular_grid,22,0,5.880400000000009,204800,28.712890625000043,7564906.9257352175
manchester-centre,exact_p2,22,1,36.25829999999996,204800,177.04248046874983,7564906.9257352175
manchester-centre,compact_ruled,22,2,10.111100000000079,204800,49.370605468750384,7564906.925735224
manchester-centre,generic_ruled,22,3,28.279399999999896,204800,138.0830078124995,7564906.925735224
manchester-centre,regular_grid,23,0,6.101200000000063,204800,29.791015625000306,7564906.9257352175
manchester-centre,exact_p2,23,1,37.70010000000002,204800,184.0825195312501,7564906.9257352175
manchester-centre,generic_ruled,23,2,27.256600000000162,204800,133.0888671875008,7564906.925735224
manchester-centre,compact_ruled,23,3,10.220100000000002,204800,49.90283203125001,7564906.925735224
manchester-north-quarter,compact_ruled,0,0,16.41240000000016,225280,72.85333806818254,4827608.971387813
manchester-north-quarter,generic_ruled,0,1,29.233799999999974,225280,129.7665127840908,4827608.971387813
manchester-north-quarter,exact_p2,0,2,43.60789999999997,225280,193.5719992897726,4827608.971387813
manchester-north-quarter,regular_grid,0,3,6.424800000000232,225280,28.519176136364667,4827608.971387813
manchester-north-quarter,compact_ruled,1,0,11.473199999999906,225280,50.928622159090494,4827608.971387813
manchester-north-quarter,generic_ruled,1,1,30.97519999999986,225280,137.49644886363575,4827608.971387813
manchester-north-quarter,regular_grid,1,2,7.593199999999797,225280,33.705610795453644,4827608.971387813
manchester-north-quarter,exact_p2,1,3,42.315200000000004,225280,187.83380681818184,4827608.971387813
manchester-north-quarter,compact_ruled,2,0,10.13149999999996,225280,44.972922585227096,4827608.971387813
manchester-north-quarter,exact_p2,2,1,41.86979999999994,225280,185.856711647727,4827608.971387813
manchester-north-quarter,generic_ruled,2,2,29.038100000000213,225280,128.8978160511373,4827608.971387813
manchester-north-quarter,regular_grid,2,3,5.699799999999868,225280,25.300958806817597,4827608.971387813
manchester-north-quarter,compact_ruled,3,0,11.084699999999884,225280,49.20410156249949,4827608.971387813
manchester-north-quarter,exact_p2,3,1,45.21040000000039,225280,200.68536931818355,4827608.971387813
manchester-north-quarter,regular_grid,3,2,6.373399999999947,225280,28.291015624999766,4827608.971387813
manchester-north-quarter,generic_ruled,3,3,28.834499999999935,225280,127.99405184659061,4827608.971387813
manchester-north-quarter,compact_ruled,4,0,10.13779999999997,225280,45.00088778409078,4827608.971387813
manchester-north-quarter,regular_grid,4,1,6.388599999999769,225280,28.358487215908067,4827608.971387813
manchester-north-quarter,generic_ruled,4,2,31.185699999999997,225280,138.43084161931816,4827608.971387813
manchester-north-quarter,exact_p2,4,3,40.741999999999734,225280,180.8504971590897,4827608.971387813
manchester-north-quarter,compact_ruled,5,0,10.790500000000065,225280,47.89817116477302,4827608.971387813
manchester-north-quarter,regular_grid,5,1,5.765600000000177,225280,25.59303977272806,4827608.971387813
manchester-north-quarter,exact_p2,5,2,44.41899999999987,225280,197.17240767045396,4827608.971387813
manchester-north-quarter,generic_ruled,5,3,29.454699999999775,225280,130.747070312499,4827608.971387813
manchester-north-quarter,generic_ruled,6,0,28.46210000000019,225280,126.34099786931903,4827608.971387813
manchester-north-quarter,compact_ruled,6,1,9.985599999999977,225280,44.325284090908994,4827608.971387813
manchester-north-quarter,exact_p2,6,2,43.373999999999796,225280,192.53373579545365,4827608.971387813
manchester-north-quarter,regular_grid,6,3,6.190500000000156,225280,27.47913707386433,4827608.971387813
manchester-north-quarter,generic_ruled,7,0,28.543500000000222,225280,126.70232599431917,4827608.971387813
manchester-north-quarter,compact_ruled,7,1,13.718200000000252,225280,60.89399857954657,4827608.971387813
manchester-north-quarter,regular_grid,7,2,7.720699999999852,225280,34.27157315340843,4827608.971387813
manchester-north-quarter,exact_p2,7,3,79.95460000000003,225280,354.9121093750001,4827608.971387813
manchester-north-quarter,generic_ruled,8,0,54.565399999999954,225280,242.21147017045433,4827608.971387813
manchester-north-quarter,exact_p2,8,1,75.73270000000002,225280,336.1714311079547,4827608.971387813
manchester-north-quarter,compact_ruled,8,2,18.28520000000026,225280,81.1665482954557,4827608.971387813
manchester-north-quarter,regular_grid,8,3,9.347700000000259,225280,41.4936967329557,4827608.971387813
manchester-north-quarter,generic_ruled,9,0,53.5326,225280,237.626953125,4827608.971387813
manchester-north-quarter,exact_p2,9,1,74.22029999999995,225280,329.45800781249983,4827608.971387813
manchester-north-quarter,regular_grid,9,2,8.795700000000124,225280,39.04341264204601,4827608.971387813
manchester-north-quarter,compact_ruled,9,3,18.54509999999982,225280,82.32022372159011,4827608.971387813
manchester-north-quarter,generic_ruled,10,0,54.104699999999866,225280,240.16645951704487,4827608.971387813
manchester-north-quarter,regular_grid,10,1,9.713600000000042,225280,43.11789772727292,4827608.971387813
manchester-north-quarter,compact_ruled,10,2,17.691800000000057,225280,78.53249289772752,4827608.971387813
manchester-north-quarter,exact_p2,10,3,77.69860000000017,225280,344.8979048295462,4827608.971387813
manchester-north-quarter,generic_ruled,11,0,58.30130000000008,225280,258.7948330965913,4827608.971387813
manchester-north-quarter,regular_grid,11,1,8.967699999999695,225280,39.806906960225916,4827608.971387813
manchester-north-quarter,exact_p2,11,2,73.39460000000008,225280,325.7927911931822,4827608.971387813
manchester-north-quarter,compact_ruled,11,3,17.90169999999989,225280,79.46422230113589,4827608.971387813
manchester-north-quarter,exact_p2,12,0,75.26400000000012,225280,334.09090909090963,4827608.971387813
manchester-north-quarter,compact_ruled,12,1,18.486700000000383,225280,82.06099076704716,4827608.971387813
manchester-north-quarter,generic_ruled,12,2,54.188500000000204,225280,240.53844105113726,4827608.971387813
manchester-north-quarter,regular_grid,12,3,9.534000000000106,225280,42.320667613636836,4827608.971387813
manchester-north-quarter,exact_p2,13,0,75.04770000000008,225280,333.1307705965912,4827608.971387813
manchester-north-quarter,compact_ruled,13,1,17.35019999999986,225280,77.01615767045392,4827608.971387813
manchester-north-quarter,regular_grid,13,2,9.571300000000065,225280,42.4862393465912,4827608.971387813
manchester-north-quarter,generic_ruled,13,3,54.76830000000018,225280,243.1121271306826,4827608.971387813
manchester-north-quarter,exact_p2,14,0,74.73050000000012,225280,331.72274502840963,4827608.971387813
manchester-north-quarter,generic_ruled,14,1,55.156200000000354,225280,244.83398437500156,4827608.971387813
manchester-north-quarter,compact_ruled,14,2,16.9975000000004,225280,75.45055042613814,4827608.971387813
manchester-north-quarter,regular_grid,14,3,8.876000000000204,225280,39.399857954546356,4827608.971387813
manchester-north-quarter,exact_p2,15,0,74.22319999999945,225280,329.47088068181574,4827608.971387813
manchester-north-quarter,generic_ruled,15,1,54.54539999999997,225280,242.1226917613635,4827608.971387813
manchester-north-quarter,regular_grid,15,2,9.11580000000049,225280,40.46431107954763,4827608.971387813
manchester-north-quarter,compact_ruled,15,3,17.470400000000154,225280,77.54971590909159,4827608.971387813
manchester-north-quarter,exact_p2,16,0,73.35279999999966,225280,325.6072443181803,4827608.971387813
manchester-north-quarter,regular_grid,16,1,9.927999999999884,225280,44.06960227272676,4827608.971387813
manchester-north-quarter,compact_ruled,16,2,16.86070000000018,225280,74.84330610795534,4827608.971387813
manchester-north-quarter,generic_ruled,16,3,53.95380000000023,225280,239.49662642045558,4827608.971387813
manchester-north-quarter,exact_p2,17,0,72.97189999999955,225280,323.91645951704345,4827608.971387813
manchester-north-quarter,regular_grid,17,1,9.713799999999537,225280,43.11878551136159,4827608.971387813
manchester-north-quarter,generic_ruled,17,2,51.858000000000175,225280,230.19353693181895,4827608.971387813
manchester-north-quarter,compact_ruled,17,3,17.038899999999558,225280,75.63432173295257,4827608.971387813
manchester-north-quarter,regular_grid,18,0,8.76509999999962,225280,38.907581676134676,4827608.971387813
manchester-north-quarter,compact_ruled,18,1,17.97910000000047,225280,79.80779474432028,4827608.971387813
manchester-north-quarter,generic_ruled,18,2,51.467099999999846,225280,228.45836292613566,4827608.971387813
manchester-north-quarter,exact_p2,18,3,72.25420000000031,225280,320.73064630681955,4827608.971387813
manchester-north-quarter,regular_grid,19,0,9.393700000000536,225280,41.69788707386602,4827608.971387813
manchester-north-quarter,compact_ruled,19,1,17.52089999999953,225280,77.77388139204335,4827608.971387813
manchester-north-quarter,exact_p2,19,2,77.02189999999973,225280,341.89408735795337,4827608.971387813
manchester-north-quarter,generic_ruled,19,3,54.779199999999946,225280,243.16051136363612,4827608.971387813
manchester-north-quarter,regular_grid,20,0,9.405499999999847,225280,41.75026633522659,4827608.971387813
manchester-north-quarter,generic_ruled,20,1,52.000600000000304,225280,230.8265269886377,4827608.971387813
manchester-north-quarter,compact_ruled,20,2,17.14769999999953,225280,76.117276278407,4827608.971387813
manchester-north-quarter,exact_p2,20,3,74.05569999999989,225280,328.7273615056813,4827608.971387813
manchester-north-quarter,regular_grid,21,0,9.715799999999945,225280,43.12766335227248,4827608.971387813
manchester-north-quarter,generic_ruled,21,1,54.27129999999943,225280,240.9059836647702,4827608.971387813
manchester-north-quarter,exact_p2,21,2,71.14010000000053,225280,315.78524502841145,4827608.971387813
manchester-north-quarter,compact_ruled,21,3,16.95759999999973,225280,75.27343749999879,4827608.971387813
manchester-north-quarter,regular_grid,22,0,8.285100000000057,225280,36.776899857954795,4827608.971387813
manchester-north-quarter,exact_p2,22,1,72.6234000000004,225280,322.36949573863814,4827608.971387813
manchester-north-quarter,compact_ruled,22,2,17.396300000000338,225280,77.2207919034106,4827608.971387813
manchester-north-quarter,generic_ruled,22,3,51.33559999999943,225280,227.87464488636112,4827608.971387813
manchester-north-quarter,regular_grid,23,0,8.8704000000007,225280,39.37500000000311,4827608.971387813
manchester-north-quarter,exact_p2,23,1,69.65709999999945,225280,309.20232599431574,4827608.971387813
manchester-north-quarter,generic_ruled,23,2,51.72149999999965,225280,229.58762428977118,4827608.971387813
manchester-north-quarter,compact_ruled,23,3,17.041699999999764,225280,75.64675071022623,4827608.971387813
york-centre,compact_ruled,0,0,14.863800000000083,135168,109.96537642045517,2032429.8901475524
york-centre,generic_ruled,0,1,35.7494999999999,135168,264.48197798295377,2032429.8901475524
york-centre,exact_p2,0,2,38.82880000000023,135168,287.26325757575927,2032429.8901475524
york-centre,regular_grid,0,3,4.005600000000413,135168,29.634232954548512,2032429.8901475524
york-centre,compact_ruled,1,0,6.633600000000115,135168,49.07670454545539,2032429.8901475524
york-centre,generic_ruled,1,1,35.22410000000036,135168,260.5949633049269,2032429.8901475524
york-centre,regular_grid,1,2,5.444800000000214,135168,40.28172348485007,2032429.8901475524
york-centre,exact_p2,1,3,44.39210000000003,135168,328.421667850379,2032429.8901475524
york-centre,compact_ruled,2,0,11.627000000000407,135168,86.01888020833636,2032429.8901475524
york-centre,exact_p2,2,1,54.47180000000026,135168,402.99331202651706,2032429.8901475524
york-centre,generic_ruled,2,2,35.801799999999275,135168,264.8689038825704,2032429.8901475524
york-centre,regular_grid,2,3,5.880900000000111,135168,43.50807883522809,2032429.8901475524
york-centre,compact_ruled,3,0,11.661600000000362,135168,86.27485795454814,2032429.8901475524
york-centre,exact_p2,3,1,50.1268,135168,370.8481297348485,2032429.8901475524
york-centre,regular_grid,3,2,6.330299999999625,135168,46.83283025567904,2032429.8901475524
york-centre,generic_ruled,3,3,38.43130000000019,135168,284.32247277462267,2032429.8901475524
york-centre,compact_ruled,4,0,10.046199999999772,135168,74.32380445075589,2032429.8901475524
york-centre,regular_grid,4,1,5.039899999999761,135168,37.2861919981043,2032429.8901475524
york-centre,generic_ruled,4,2,36.65450000000055,135168,271.17734966856466,2032429.8901475524
york-centre,exact_p2,4,3,50.96759999999995,135168,377.0685369318178,2032429.8901475524
york-centre,compact_ruled,5,0,10.73359999999957,135168,79.40932765151197,2032429.8901475524
york-centre,regular_grid,5,1,6.623199999999997,135168,48.99976325757574,2032429.8901475524
york-centre,exact_p2,5,2,52.25590000000011,135168,386.59963896780386,2032429.8901475524
york-centre,generic_ruled,5,3,46.372299999999996,135168,343.07158499053025,2032429.8901475524
york-centre,generic_ruled,6,0,38.536699999999655,135168,285.1022431344672,2032429.8901475524
york-centre,compact_ruled,6,1,12.396200000000135,135168,91.70957623106162,2032429.8901475524
york-centre,exact_p2,6,2,35.14010000000053,135168,259.9735144412918,2032429.8901475524
york-centre,regular_grid,6,3,5.908300000000054,135168,43.71078953598525,2032429.8901475524
york-centre,generic_ruled,7,0,38.25500000000011,135168,283.0181699810614,2032429.8901475524
york-centre,compact_ruled,7,1,10.380299999999806,135168,76.7955433238622,2032429.8901475524
york-centre,regular_grid,7,2,6.578200000000834,135168,48.66684422349101,2032429.8901475524
york-centre,exact_p2,7,3,47.184400000000096,135168,349.0796638257583,2032429.8901475524
york-centre,generic_ruled,8,0,45.63869999999952,135168,337.64426491476917,2032429.8901475524
york-centre,exact_p2,8,1,45.91600000000017,135168,339.6957859848497,2032429.8901475524
york-centre,compact_ruled,8,2,11.14009999999962,135168,82.41669625946689,2032429.8901475524
york-centre,regular_grid,8,3,6.19419999999991,135168,45.82593513257509,2032429.8901475524
york-centre,generic_ruled,9,0,35.651700000000346,135168,263.7584339488662,2032429.8901475524
york-centre,exact_p2,9,1,48.998499999999694,135168,362.5007398200735,2032429.8901475524
york-centre,regular_grid,9,2,8.074200000000019,135168,59.73455255681832,2032429.8901475524
york-centre,compact_ruled,9,3,12.246399999999994,135168,90.60132575757572,2032429.8901475524
york-centre,generic_ruled,10,0,46.24000000000069,135168,342.0928030303082,2032429.8901475524
york-centre,regular_grid,10,1,7.108200000000579,135168,52.587890625004285,2032429.8901475524
york-centre,compact_ruled,10,2,17.866899999999987,135168,132.1829131155302,2032429.8901475524
york-centre,exact_p2,10,3,58.46419999999944,135168,432.5298887310564,2032429.8901475524
york-centre,generic_ruled,11,0,48.83509999999933,135168,361.29187381628293,2032429.8901475524
york-centre,regular_grid,11,1,5.530999999999949,135168,40.91944839015114,2032429.8901475524
york-centre,exact_p2,11,2,69.6181000000006,135168,515.0486801609893,2032429.8901475524
york-centre,compact_ruled,11,3,10.660899999999856,135168,78.87147845643834,2032429.8901475524
york-centre,exact_p2,12,0,33.97479999999996,135168,251.35239109848456,2032429.8901475524
york-centre,compact_ruled,12,1,13.948199999999815,135168,103.19158380681682,2032429.8901475524
york-centre,generic_ruled,12,2,39.11029999999937,135168,289.34585108901047,2032429.8901475524
york-centre,regular_grid,12,3,6.3060999999997875,135168,46.653793797346914,2032429.8901475524
york-centre,exact_p2,13,0,46.07670000000053,135168,340.8846768465948,2032429.8901475524
york-centre,compact_ruled,13,1,8.880099999999402,135168,65.69676254734406,2032429.8901475524
york-centre,regular_grid,13,2,4.12079999999969,135168,30.48650568181589,2032429.8901475524
york-centre,generic_ruled,13,3,31.2529999999997,135168,231.21596827651294,2032429.8901475524
york-centre,exact_p2,14,0,49.17730000000029,135168,363.8235381155324,2032429.8901475524
york-centre,generic_ruled,14,1,36.78309999999965,135168,272.12875828598226,2032429.8901475524
york-centre,compact_ruled,14,2,10.44130000000041,135168,77.24683357007879,2032429.8901475524
york-centre,regular_grid,14,3,7.768300000000636,135168,57.47144294508046,2032429.8901475524
york-centre,exact_p2,15,0,47.75550000000021,135168,353.30477627841066,2032429.8901475524
york-centre,generic_ruled,15,1,36.57340000000022,135168,270.57735558712284,2032429.8901475524
york-centre,regular_grid,15,2,5.23490000000038,135168,38.72884114583614,2032429.8901475524
york-centre,compact_ruled,15,3,14.52349999999933,135168,107.44776870264657,2032429.8901475524
york-centre,exact_p2,16,0,53.25799999999981,135168,394.0133759469683,2032429.8901475524
york-centre,regular_grid,16,1,6.132399999999507,135168,45.368726325753926,2032429.8901475524
york-centre,compact_ruled,16,2,12.866100000000188,135168,95.18599076704685,2032429.8901475524
york-centre,generic_ruled,16,3,34.87830000000031,135168,258.0366654829568,2032429.8901475524
york-centre,exact_p2,17,0,45.19030000000021,135168,334.3269116950773,2032429.8901475524
york-centre,regular_grid,17,1,5.535300000000461,135168,40.951260653412504,2032429.8901475524
york-centre,generic_ruled,17,2,35.2541999999994,135168,260.8176491477229,2032429.8901475524
york-centre,compact_ruled,17,3,10.687800000000607,135168,79.07049005682268,2032429.8901475524
york-centre,regular_grid,18,0,5.316399999999703,135168,39.33179450757356,2032429.8901475524
york-centre,compact_ruled,18,1,9.443699999999808,135168,69.86638849431677,2032429.8901475524
york-centre,generic_ruled,18,2,35.20550000000003,135168,260.45735677083354,2032429.8901475524
york-centre,exact_p2,18,3,44.767800000000534,135168,331.201171875004,2032429.8901475524
york-centre,regular_grid,19,0,5.270900000000438,135168,38.9951763731093,2032429.8901475524
york-centre,compact_ruled,19,1,11.161599999999453,135168,82.57575757575353,2032429.8901475524
york-centre,exact_p2,19,2,44.76090000000022,135168,331.15012428977434,2032429.8901475524
york-centre,generic_ruled,19,3,34.59360000000015,135168,255.93039772727383,2032429.8901475524
york-centre,regular_grid,20,0,5.075800000000527,135168,37.55178740530693,2032429.8901475524
york-centre,generic_ruled,20,1,33.30360000000019,135168,246.38671875000136,2032429.8901475524
york-centre,compact_ruled,20,2,11.221700000000055,135168,83.02038944128829,2032429.8901475524
york-centre,exact_p2,20,3,46.02729999999974,135168,340.51920572916475,2032429.8901475524
york-centre,regular_grid,21,0,5.07930000000033,135168,37.57768110795699,2032429.8901475524
york-centre,generic_ruled,21,1,33.839600000000246,135168,250.3521543560624,2032429.8901475524
york-centre,exact_p2,21,2,44.23729999999978,135168,327.2764263731044,2032429.8901475524
york-centre,compact_ruled,21,3,10.085900000000038,135168,74.61751302083361,2032429.8901475524
york-centre,regular_grid,22,0,6.093799999999646,135168,45.083155776512534,2032429.8901475524
york-centre,exact_p2,22,1,44.0622000000003,135168,325.9810014204568,2032429.8901475524
york-centre,compact_ruled,22,2,10.646999999999935,135168,78.76864346590861,2032429.8901475524
york-centre,generic_ruled,22,3,34.540100000000166,135168,255.53459398674363,2032429.8901475524
york-centre,regular_grid,23,0,5.817000000000007,135168,43.03533380681824,2032429.8901475524
york-centre,exact_p2,23,1,44.78150000000005,135168,331.30252722537915,2032429.8901475524
york-centre,generic_ruled,23,2,33.30460000000039,135168,246.39411695076046,2032429.8901475524
york-centre,compact_ruled,23,3,10.40480000000025,135168,76.97679924242608,2032429.8901475524
york-north-quarter,compact_ruled,0,0,11.737100000000282,126976,92.43557837701836,1770622.3096918315
york-north-quarter,generic_ruled,0,1,32.42420000000129,126976,255.35691784275213,1770622.3096918315
york-north-quarter,exact_p2,0,2,40.19670000000042,126976,316.56927293347104,1770622.3096918315
york-north-quarter,regular_grid,0,3,4.784300000001167,126976,37.67877394154145,1770622.3096918315
york-north-quarter,compact_ruled,1,0,9.32799999999952,126976,73.46270161289944,1770622.3096918315
york-north-quarter,generic_ruled,1,1,31.026600000001054,126976,244.35011340726638,1770622.3096918315
york-north-quarter,regular_grid,1,2,4.97570000000087,126976,39.186145413313305,1770622.3096918315
york-north-quarter,exact_p2,1,3,40.538399999999456,126976,319.26033266128604,1770622.3096918315
york-north-quarter,compact_ruled,2,0,9.734800000000178,126976,76.6664566532272,1770622.3096918315
york-north-quarter,exact_p2,2,1,40.50879999999961,126976,319.0272177419324,1770622.3096918315
york-north-quarter,generic_ruled,2,2,31.73109999999906,126976,249.89840599797648,1770622.3096918315
york-north-quarter,regular_grid,2,3,4.92489999999998,126976,38.78606980846758,1770622.3096918315
york-north-quarter,compact_ruled,3,0,9.559800000000905,126976,75.28824344758777,1770622.3096918315
york-north-quarter,exact_p2,3,1,40.877300000000105,126976,321.9293409778234,1770622.3096918315
york-north-quarter,regular_grid,3,2,5.332399999999325,126976,41.99533770160759,1770622.3096918315
york-north-quarter,generic_ruled,3,3,31.590700000000652,126976,248.79268523185996,1770622.3096918315
york-north-quarter,compact_ruled,4,0,10.16229999999996,126976,80.0332346270158,1770622.3096918315
york-north-quarter,regular_grid,4,1,5.098700000000463,126976,40.15483240927784,1770622.3096918315
york-north-quarter,generic_ruled,4,2,38.56949999999961,126976,303.7542527721743,1770622.3096918315
york-north-quarter,exact_p2,4,3,44.6919999999991,126976,351.97202620967033,1770622.3096918315
york-north-quarter,compact_ruled,5,0,10.160600000001068,126976,80.0198462701697,1770622.3096918315
york-north-quarter,regular_grid,5,1,5.023800000000847,126976,39.56495715726473,1770622.3096918315
york-north-quarter,exact_p2,5,2,43.91979999999967,126976,345.89056199596513,1770622.3096918315
york-north-quarter,generic_ruled,5,3,34.58259999999973,126976,272.35540574596564,1770622.3096918315
york-north-quarter,generic_ruled,6,0,33.09169999999904,126976,260.6138167842666,1770622.3096918315
york-north-quarter,compact_ruled,6,1,10.514499999999316,126976,82.80698714717204,1770622.3096918315
york-north-quarter,exact_p2,6,2,44.25460000000021,126976,348.5272807459694,1770622.3096918315
york-north-quarter,regular_grid,6,3,5.714399999998932,126976,45.00378024192707,1770622.3096918315
york-north-quarter,generic_ruled,7,0,33.611299999998664,126976,264.70592867942497,1770622.3096918315
york-north-quarter,compact_ruled,7,1,11.245199999999386,126976,88.56161794354355,1770622.3096918315
york-north-quarter,regular_grid,7,2,5.0645000000004075,126976,39.88549017137418,1770622.3096918315
york-north-quarter,exact_p2,7,3,44.85570000000007,126976,353.2612462197586,1770622.3096918315
york-north-quarter,generic_ruled,8,0,34.83129999999983,126976,274.314043598789,1770622.3096918315
york-north-quarter,exact_p2,8,1,42.384500000000116,126976,333.79930065524286,1770622.3096918315
york-north-quarter,compact_ruled,8,2,9.834600000000137,126976,77.45243195564623,1770622.3096918315
york-north-quarter,regular_grid,8,3,5.431399999999485,126976,42.7750126008024,1770622.3096918315
york-north-quarter,generic_ruled,9,0,31.423800000000483,126976,247.47826360887478,1770622.3096918315
york-north-quarter,exact_p2,9,1,45.154200000000856,126976,355.61208417339384,1770622.3096918315
york-north-quarter,regular_grid,9,2,6.3682000000007974,126976,50.15278477823208,1770622.3096918315
york-north-quarter,compact_ruled,9,3,10.48359999999957,126976,82.56363407257726,1770622.3096918315
york-north-quarter,generic_ruled,10,0,36.04210000000057,126976,283.8497038810529,1770622.3096918315
york-north-quarter,regular_grid,10,1,5.65309999999954,126976,44.52101184475444,1770622.3096918315
york-north-quarter,compact_ruled,10,2,11.34780000000137,126976,89.36964465726886,1770622.3096918315
york-north-quarter,exact_p2,10,3,46.42119999999886,126976,365.59034778224907,1770622.3096918315
york-north-quarter,generic_ruled,11,0,32.96150000000125,126976,259.58842615928404,1770622.3096918315
york-north-quarter,regular_grid,11,1,5.416900000000169,126976,42.66081779234004,1770622.3096918315
york-north-quarter,exact_p2,11,2,46.03180000000066,126976,362.52362651210194,1770622.3096918315
york-north-quarter,compact_ruled,11,3,10.619500000000698,126976,83.63391507057001,1770622.3096918315
york-north-quarter,exact_p2,12,0,46.54449999999997,126976,366.56139742943526,1770622.3096918315
york-north-quarter,compact_ruled,12,1,12.487500000001091,126976,98.34535660283117,1770622.3096918315
york-north-quarter,generic_ruled,12,2,38.45799999999872,126976,302.87613407257055,1770622.3096918315
york-north-quarter,regular_grid,12,3,4.918899999998757,126976,38.73881678426441,1770622.3096918315
york-north-quarter,exact_p2,13,0,52.13379999999961,126976,410.5799521169324,1770622.3096918315
york-north-quarter,compact_ruled,13,1,12.310800000001109,126976,96.9537550403313,1770622.3096918315
york-north-quarter,regular_grid,13,2,5.862500000001091,126976,46.1701423891215,1770622.3096918315
york-north-quarter,generic_ruled,13,3,33.64719999999943,126976,264.98865927418905,1770622.3096918315
york-north-quarter,exact_p2,14,0,42.84059999999954,126976,337.3913180443512,1770622.3096918315
york-north-quarter,generic_ruled,14,1,35.865999999999985,126976,282.46282762096763,1770622.3096918315
york-north-quarter,compact_ruled,14,2,10.183499999999185,126976,80.20019531249358,1770622.3096918315
york-north-quarter,regular_grid,14,3,5.701100000000224,126976,44.89903603830822,1770622.3096918315
york-north-quarter,exact_p2,15,0,43.881900000000314,126976,345.5920803931476,1770622.3096918315
york-north-quarter,generic_ruled,15,1,35.50790000000052,126976,279.64260962702025,1770622.3096918315
york-north-quarter,regular_grid,15,2,5.791400000000067,126976,45.610194052419885,1770622.3096918315
york-north-quarter,compact_ruled,15,3,11.13299999999981,126976,87.67798639112753,1770622.3096918315
york-north-quarter,exact_p2,16,0,42.11959999999999,126976,331.7130796370967,1770622.3096918315
york-north-quarter,regular_grid,16,1,4.545599999999467,126976,35.798891129028064,1770622.3096918315
york-north-quarter,compact_ruled,16,2,12.09900000000016,126976,95.28572328629159,1770622.3096918315
york-north-quarter,generic_ruled,16,3,34.53110000000015,126976,271.9498172883076,1770622.3096918315
york-north-quarter,exact_p2,17,0,43.39179999999942,126976,341.7322958669309,1770622.3096918315
york-north-quarter,regular_grid,17,1,5.122799999999188,126976,40.344632056445214,1770622.3096918315
york-north-quarter,generic_ruled,17,2,34.71050000000105,126976,273.36268271170184,1770622.3096918315
york-north-quarter,compact_ruled,17,3,9.665100000000166,126976,76.11753402217873,1770622.3096918315
york-north-quarter,regular_grid,18,0,6.087100000000646,126976,47.93898059476315,1770622.3096918315
york-north-quarter,compact_ruled,18,1,10.003399999999601,126976,78.78181703628718,1770622.3096918315
york-north-quarter,generic_ruled,18,2,33.53260000000046,126976,264.0861265121004,1770622.3096918315
york-north-quarter,exact_p2,18,3,42.13849999999911,126976,331.86192666329947,1770622.3096918315
york-north-quarter,regular_grid,19,0,5.264100000000326,126976,41.457440776212245,1770622.3096918315
york-north-quarter,compact_ruled,19,1,10.098299999999654,126976,79.52920236894889,1770622.3096918315
york-north-quarter,exact_p2,19,2,41.602100000000064,126976,327.63750630040374,1770622.3096918315
york-north-quarter,generic_ruled,19,3,33.60609999999906,126976,264.66497605846035,1770622.3096918315
york-north-quarter,regular_grid,20,0,5.479900000000271,126976,43.1569745463731,1770622.3096918315
york-north-quarter,generic_ruled,20,1,32.513999999999214,126976,256.0641381048325,1770622.3096918315
york-north-quarter,compact_ruled,20,2,11.214900000000853,126976,88.32299017137768,1770622.3096918315
york-north-quarter,exact_p2,20,3,41.337499999999636,126976,325.55364793346484,1770622.3096918315
york-north-quarter,regular_grid,21,0,4.891799999999421,126976,38.52539062499544,1770622.3096918315
york-north-quarter,generic_ruled,21,1,33.44010000000162,126976,263.35764238912566,1770622.3096918315
york-north-quarter,exact_p2,21,2,48.95260000000053,126976,385.5263986895203,1770622.3096918315
york-north-quarter,compact_ruled,21,3,11.305200000000696,126976,89.03414818548934,1770622.3096918315
york-north-quarter,regular_grid,22,0,4.917399999998452,126976,38.727003528213615,1770622.3096918315
york-north-quarter,exact_p2,22,1,43.76499999999942,126976,344.6714339717696,1770622.3096918315
york-north-quarter,compact_ruled,22,2,9.875099999999293,126976,77.77138986894604,1770622.3096918315
york-north-quarter,generic_ruled,22,3,34.96980000000076,126976,275.4048009072641,1770622.3096918315
york-north-quarter,regular_grid,23,0,4.786999999998443,126976,37.70003780240709,1770622.3096918315
york-north-quarter,exact_p2,23,1,44.61489999999867,126976,351.36482484877985,1770622.3096918315
york-north-quarter,generic_ruled,23,2,33.65760000000046,126976,265.0705645161326,1770622.3096918315
york-north-quarter,compact_ruled,23,3,9.978800000000774,126976,78.58807963710288,1770622.3096918315
bath-centre,compact_ruled,0,0,17.277100000001155,139264,124.0600585937583,4815892.265719035
bath-centre,generic_ruled,0,1,35.966599999999744,139264,258.2620059742629,4815892.265719035
bath-centre,exact_p2,0,2,47.19880000000012,139264,338.91601562500085,4815892.265719035
bath-centre,regular_grid,0,3,5.651699999998527,139264,40.58263442094531,4815892.265719035
bath-centre,compact_ruled,1,0,11.791300000000774,139264,84.66868681066732,4815892.265719035
bath-centre,generic_ruled,1,1,35.452000000001135,139264,254.56686580883166,4815892.265719035
bath-centre,regular_grid,1,2,6.113400000000183,139264,43.89792049632484,4815892.265719035
bath-centre,exact_p2,1,3,50.01599999999962,139264,359.1452205882326,4815892.265719035
bath-centre,compact_ruled,2,0,10.761099999999715,139264,77.27122587315972,4815892.265719035
bath-centre,exact_p2,2,1,49.88790000000154,139264,358.2253848805257,4815892.265719035
bath-centre,generic_ruled,2,2,41.09179999999833,139264,295.06405101101745,4815892.265719035
bath-centre,regular_grid,2,3,6.6252000000004045,139264,47.572954963238196,4815892.265719035
bath-centre,compact_ruled,3,0,10.932199999999284,139264,78.49982766543604,4815892.265719035
bath-centre,exact_p2,3,1,47.23769999999968,139264,339.1953412224242,4815892.265719035
bath-centre,regular_grid,3,2,5.521900000001551,139264,39.65059168199644,4815892.265719035
bath-centre,generic_ruled,3,3,35.04809999999998,139264,251.6666187959557,4815892.265719035
bath-centre,compact_ruled,4,0,11.555599999999686,139264,82.97621783088009,4815892.265719035
bath-centre,regular_grid,4,1,5.65769999999975,139264,40.62571806065996,4815892.265719035
bath-centre,generic_ruled,4,2,35.61199999999917,139264,255.71576286764113,4815892.265719035
bath-centre,exact_p2,4,3,48.897899999999936,139264,351.11658432904363,4815892.265719035
bath-centre,compact_ruled,5,0,10.780800000000454,139264,77.41268382353267,4815892.265719035
bath-centre,regular_grid,5,1,5.927899999998772,139264,42.56591796874118,4815892.265719035
bath-centre,exact_p2,5,2,48.70119999999952,139264,349.70415900734946,4815892.265719035
bath-centre,generic_ruled,5,3,40.511500000000524,139264,290.8971449908126,4815892.265719035
bath-centre,generic_ruled,6,0,35.35660000000098,139264,253.88183593750705,4815892.265719035
bath-centre,compact_ruled,6,1,10.633299999999508,139264,76.35354434742294,4815892.265719035
bath-centre,exact_p2,6,2,51.66580000000067,139264,370.9917853860342,4815892.265719035
bath-centre,regular_grid,6,3,6.947000000000116,139264,49.883674172794954,4815892.265719035
bath-centre,generic_ruled,7,0,34.31080000000111,139264,246.37235753677268,4815892.265719035
bath-centre,compact_ruled,7,1,12.451499999999214,139264,89.4093232996267,4815892.265719035
bath-centre,regular_grid,7,2,5.89929999999913,139264,42.36055261947905,4815892.265719035
bath-centre,exact_p2,7,3,46.30370000000039,139264,332.4886546415469,4815892.265719035
bath-centre,generic_ruled,8,0,34.1166000000012,139264,244.97788373162626,4815892.265719035
bath-centre,exact_p2,8,1,48.27760000000126,139264,346.66245404412666,4815892.265719035
bath-centre,compact_ruled,8,2,10.900100000000748,139264,78.26933019302008,4815892.265719035
bath-centre,regular_grid,8,3,6.011699999999109,139264,43.16765280330243,4815892.265719035
bath-centre,generic_ruled,9,0,38.397399999999834,139264,275.71662454044,4815892.265719035
bath-centre,exact_p2,9,1,49.71140000000014,139264,356.958007812501,4815892.265719035
bath-centre,regular_grid,9,2,5.897000000000844,139264,42.344037224270764,4815892.265719035
bath-centre,compact_ruled,9,3,12.906399999999849,139264,92.67578124999892,4815892.265719035
bath-centre,generic_ruled,10,0,35.019900000001144,139264,251.46412568934647,4815892.265719035
bath-centre,regular_grid,10,1,6.916800000000876,139264,49.66681985294747,4815892.265719035
bath-centre,compact_ruled,10,2,10.14849999999933,139264,72.87238625918637,4815892.265719035
bath-centre,exact_p2,10,3,48.14680000000044,139264,345.7232306985326,4815892.265719035
bath-centre,generic_ruled,11,0,39.8132999999998,139264,285.8836454503662,4815892.265719035
bath-centre,regular_grid,11,1,6.422599999999875,139264,46.118164062499105,4815892.265719035
bath-centre,exact_p2,11,2,46.22569999999905,139264,331.92856732536086,4815892.265719035
bath-centre,compact_ruled,11,3,10.734000000000378,139264,77.07663143382625,4815892.265719035
bath-centre,exact_p2,12,0,49.27590000000055,139264,353.8308536305186,4815892.265719035
bath-centre,compact_ruled,12,1,12.228000000000975,139264,87.80445772059522,4815892.265719035
bath-centre,generic_ruled,12,2,35.18970000000081,139264,252.68339269302055,4815892.265719035
bath-centre,regular_grid,12,3,5.411000000000058,139264,38.85426240808865,4815892.265719035
bath-centre,exact_p2,13,0,45.91330000000016,139264,329.6853458180159,4815892.265719035
bath-centre,compact_ruled,13,1,10.101300000000265,139264,72.53346162684014,4815892.265719035
bath-centre,regular_grid,13,2,6.089399999998932,139264,43.725585937492326,4815892.265719035
bath-centre,generic_ruled,13,3,34.49039999999877,139264,247.66199448528528,4815892.265719035
bath-centre,exact_p2,14,0,47.9367000000002,139264,344.2145852481632,4815892.265719035
bath-centre,generic_ruled,14,1,35.74169999999867,139264,256.64708754594636,4815892.265719035
bath-centre,compact_ruled,14,2,11.73320000000058,139264,84.25149356618063,4815892.265719035
bath-centre,regular_grid,14,3,5.590700000000652,139264,40.144617417284095,4815892.265719035
bath-centre,exact_p2,15,0,46.70399999999972,139264,335.36305147058624,4815892.265719035
bath-centre,generic_ruled,15,1,35.119300000000294,139264,252.17787798713445,4815892.265719035
bath-centre,regular_grid,15,2,6.782199999999648,139264,48.700310202203354,4815892.265719035
bath-centre,compact_ruled,15,3,11.762199999999211,139264,84.45973115808258,4815892.265719035
bath-centre,exact_p2,16,0,48.13299999999981,139264,345.62413832720455,4815892.265719035
bath-centre,regular_grid,16,1,5.9143999999996595,139264,42.46897977940932,4815892.265719035
bath-centre,compact_ruled,16,2,11.131199999999808,139264,79.92876838235156,4815892.265719035
bath-centre,generic_ruled,16,3,37.06450000000041,139264,266.14559397978235,4815892.265719035
bath-centre,exact_p2,17,0,49.40139999999883,139264,354.73201976102104,4815892.265719035
bath-centre,regular_grid,17,1,5.855199999999968,139264,42.04388786764683,4815892.265719035
bath-centre,generic_ruled,17,2,33.55479999999989,139264,240.94381893382274,4815892.265719035
bath-centre,compact_ruled,17,3,11.664200000001074,139264,83.75603170956654,4815892.265719035
bath-centre,regular_grid,18,0,5.688000000000102,139264,40.8432904411772,4815892.265719035
bath-centre,compact_ruled,18,1,10.986300000000483,139264,78.88829848345935,4815892.265719035
bath-centre,generic_ruled,18,2,34.738899999998466,139264,249.4463752297684,4815892.265719035
bath-centre,exact_p2,18,3,48.81919999999991,139264,350.5514705882347,4815892.265719035
bath-centre,regular_grid,19,0,5.233099999999467,139264,37.576832490804996,4815892.265719035
bath-centre,compact_ruled,19,1,10.485899999999674,139264,75.29512293198296,4815892.265719035
bath-centre,exact_p2,19,2,46.914700000001176,139264,336.87600528493493,4815892.265719035
bath-centre,generic_ruled,19,3,37.07729999999901,139264,266.23750574447826,4815892.265719035
bath-centre,regular_grid,20,0,5.516099999998914,139264,39.60894416359514,4815892.265719035
bath-centre,generic_ruled,20,1,37.69599999999991,139264,270.6801470588229,4815892.265719035
bath-centre,compact_ruled,20,2,10.756900000000314,139264,77.24106732536991,4815892.265719035
bath-centre,exact_p2,20,3,50.196099999999205,139264,360.4384478400678,4815892.265719035
bath-centre,regular_grid,21,0,5.669099999999162,139264,40.707576976096924,4815892.265719035
bath-centre,generic_ruled,21,1,36.51890000000094,139264,262.2278550091979,4815892.265719035
bath-centre,exact_p2,21,2,50.32749999999942,139264,361.38197954962817,4815892.265719035
bath-centre,compact_ruled,21,3,11.884399999999005,139264,85.33720128675756,4815892.265719035
bath-centre,regular_grid,22,0,6.5437999999994645,139264,46.988453584554975,4815892.265719035
bath-centre,exact_p2,22,1,48.766999999999825,139264,350.1766429227929,4815892.265719035
bath-centre,compact_ruled,22,2,11.319100000000617,139264,81.27800436581325,4815892.265719035
bath-centre,generic_ruled,22,3,35.232099999999264,139264,252.98785041359764,4815892.265719035
bath-centre,regular_grid,23,0,5.900799999999435,139264,42.37132352940771,4815892.265719035
bath-centre,exact_p2,23,1,47.96379999999954,139264,344.4091796874967,4815892.265719035
bath-centre,generic_ruled,23,2,38.582800000000134,139264,277.0479090073539,4815892.265719035
bath-centre,compact_ruled,23,3,10.554799999999886,139264,75.78986672794036,4815892.265719035
bath-north-quarter,compact_ruled,0,0,11.146199999999226,131072,85.03875732421284,11021331.689429967
bath-north-quarter,generic_ruled,0,1,34.77849999999853,131072,265.3388977050669,11021331.689429967
bath-north-quarter,exact_p2,0,2,46.08189999999922,131072,351.57699584960346,11021331.689429967
bath-north-quarter,regular_grid,0,3,5.199999999998909,131072,39.67285156249167,11021331.689429967
bath-north-quarter,compact_ruled,1,0,10.612200000001394,131072,80.96466064454188,11021331.689429967
bath-north-quarter,generic_ruled,1,1,33.96070000000145,131072,259.09957885743296,11021331.689429967
bath-north-quarter,regular_grid,1,2,4.885099999999511,131072,37.270355224605645,11021331.689429967
bath-north-quarter,exact_p2,1,3,48.393200000000434,131072,369.2108154296908,11021331.689429967
bath-north-quarter,compact_ruled,2,0,10.0020999999997,131072,76.30996704101334,11021331.689429967
bath-north-quarter,exact_p2,2,1,42.6176000000014,131072,325.1464843750107,11021331.689429967
bath-north-quarter,generic_ruled,2,2,33.967500000000655,131072,259.1514587402394,11021331.689429967
bath-north-quarter,regular_grid,2,3,5.029000000000451,131072,38.36822509765969,11021331.689429967
bath-north-quarter,compact_ruled,3,0,11.171299999999974,131072,85.23025512695293,11021331.689429967
bath-north-quarter,exact_p2,3,1,46.515299999999115,131072,354.88357543944636,11021331.689429967
bath-north-quarter,regular_grid,3,2,5.4298000000017055,131072,41.42608642579426,11021331.689429967
bath-north-quarter,generic_ruled,3,3,35.33979999999974,131072,269.62127685546676,11021331.689429967
bath-north-quarter,compact_ruled,4,0,10.8062000000009,131072,82.44476318360061,11021331.689429967
bath-north-quarter,regular_grid,4,1,5.778699999998935,131072,44.087982177726246,11021331.689429967
bath-north-quarter,generic_ruled,4,2,35.13520000000062,131072,268.0603027343798,11021331.689429967
bath-north-quarter,exact_p2,4,3,49.223299999999654,131072,375.5439758300755,11021331.689429967
bath-north-quarter,compact_ruled,5,0,11.440800000000309,131072,87.28637695312736,11021331.689429967
bath-north-quarter,regular_grid,5,1,5.8210999999992055,131072,44.411468505853314,11021331.689429967
bath-north-quarter,exact_p2,5,2,46.47199999999975,131072,354.5532226562481,11021331.689429967
bath-north-quarter,generic_ruled,5,3,36.77490000000034,131072,280.57022094726824,11021331.689429967
bath-north-quarter,generic_ruled,6,0,33.81949999999961,131072,258.02230834960636,11021331.689429967
bath-north-quarter,compact_ruled,6,1,9.985199999999168,131072,76.18103027343115,11021331.689429967
bath-north-quarter,exact_p2,6,2,47.70210000000043,131072,363.93814086914387,11021331.689429967
bath-north-quarter,regular_grid,6,3,5.030899999999747,131072,38.38272094726369,11021331.689429967
bath-north-quarter,generic_ruled,7,0,35.76080000000002,131072,272.8332519531251,11021331.689429967
bath-north-quarter,compact_ruled,7,1,10.14140000000043,131072,77.37274169922203,11021331.689429967
bath-north-quarter,regular_grid,7,2,5.509599999999409,131072,42.034912109370495,11021331.689429967
bath-north-quarter,exact_p2,7,3,45.30289999999877,131072,345.63369750975625,11021331.689429967
bath-north-quarter,generic_ruled,8,0,37.15849999999955,131072,283.49685668944966,11021331.689429967
bath-north-quarter,exact_p2,8,1,45.36789999999928,131072,346.1296081542914,11021331.689429967
bath-north-quarter,compact_ruled,8,2,10.677700000000186,131072,81.46438598632955,11021331.689429967
bath-north-quarter,regular_grid,8,3,6.22860000000037,131072,47.52044677734657,11021331.689429967
bath-north-quarter,generic_ruled,9,0,34.809299999998984,131072,265.5738830566329,11021331.689429967
bath-north-quarter,exact_p2,9,1,44.81319999999869,131072,341.8975830078025,11021331.689429967
bath-north-quarter,regular_grid,9,2,5.569500000001426,131072,42.49191284180775,11021331.689429967
bath-north-quarter,compact_ruled,9,3,11.339700000000448,131072,86.51504516601905,11021331.689429967
bath-north-quarter,generic_ruled,10,0,34.972999999999956,131072,266.8228149414059,11021331.689429967
bath-north-quarter,regular_grid,10,1,6.2128000000011525,131072,47.3999023437588,11021331.689429967
bath-north-quarter,compact_ruled,10,2,10.194700000000012,131072,77.77938842773446,11021331.689429967
bath-north-quarter,exact_p2,10,3,45.3086000000003,131072,345.677185058596,11021331.689429967
bath-north-quarter,generic_ruled,11,0,38.66900000000169,131072,295.02105712891915,11021331.689429967
bath-north-quarter,regular_grid,11,1,5.440300000000207,131072,41.50619506836095,11021331.689429967
bath-north-quarter,exact_p2,11,2,46.904099999999744,131072,357.8498840332012,11021331.689429967
bath-north-quarter,compact_ruled,11,3,10.45470000000023,131072,79.76303100586112,11021331.689429967
bath-north-quarter,exact_p2,12,0,42.273299999998926,131072,322.51968383788244,11021331.689429967
bath-north-quarter,compact_ruled,12,1,10.597200000000157,131072,80.8502197265637,11021331.689429967
bath-north-quarter,generic_ruled,12,2,33.68870000000061,131072,257.02438354492654,11021331.689429967
bath-north-quarter,regular_grid,12,3,5.764900000000125,131072,43.98269653320408,11021331.689429967
bath-north-quarter,exact_p2,13,0,46.185999999999694,131072,352.37121582031017,11021331.689429967
bath-north-quarter,compact_ruled,13,1,10.51929999999993,131072,80.25588989257758,11021331.689429967
bath-north-quarter,regular_grid,13,2,5.537599999999657,131072,42.24853515624738,11021331.689429967
bath-north-quarter,generic_ruled,13,3,36.45889999999963,131072,278.1593322753878,11021331.689429967
bath-north-quarter,exact_p2,14,0,43.84219999999914,131072,334.48944091796216,11021331.689429967
bath-north-quarter,generic_ruled,14,1,33.901599999999235,131072,258.64868164061915,11021331.689429967
bath-north-quarter,compact_ruled,14,2,10.569300000001022,131072,80.63735961914841,11021331.689429967
bath-north-quarter,regular_grid,14,3,5.254499999999098,131072,40.08865356444624,11021331.689429967
bath-north-quarter,exact_p2,15,0,46.5674999999992,131072,355.2818298339783,11021331.689429967
bath-north-quarter,generic_ruled,15,1,34.90050000000156,131072,266.2696838379025,11021331.689429967
bath-north-quarter,regular_grid,15,2,5.910399999998845,131072,45.09277343749118,11021331.689429967
bath-north-quarter,compact_ruled,15,3,10.994899999999689,131072,83.88442993163825,11021331.689429967
bath-north-quarter,exact_p2,16,0,45.41860000000088,131072,346.51641845703796,11021331.689429967
bath-north-quarter,regular_grid,16,1,6.004300000000512,131072,45.80917358398828,11021331.689429967
bath-north-quarter,compact_ruled,16,2,9.912700000000768,131072,75.62789916992773,11021331.689429967
bath-north-quarter,generic_ruled,16,3,35.028299999999945,131072,267.244720458984,11021331.689429967
bath-north-quarter,exact_p2,17,0,47.41369999999915,131072,361.73782348632164,11021331.689429967
bath-north-quarter,regular_grid,17,1,4.973200000000361,131072,37.94250488281526,11021331.689429967
bath-north-quarter,generic_ruled,17,2,35.88829999999871,131072,273.80599975584954,11021331.689429967
bath-north-quarter,compact_ruled,17,3,10.420400000000882,131072,79.50134277344422,11021331.689429967
bath-north-quarter,regular_grid,18,0,4.906300000000556,131072,37.43209838867612,11021331.689429967
bath-north-quarter,compact_ruled,18,1,10.227000000000771,131072,78.02581787109963,11021331.689429967
bath-north-quarter,generic_ruled,18,2,36.5643,131072,278.9634704589844,11021331.689429967
bath-north-quarter,exact_p2,18,3,47.18050000000039,131072,359.95864868164364,11021331.689429967
bath-north-quarter,regular_grid,19,0,5.0010999999994965,131072,38.15536499023053,11021331.689429967
bath-north-quarter,compact_ruled,19,1,11.163799999998446,131072,85.1730346679569,11021331.689429967
bath-north-quarter,exact_p2,19,2,46.05580000000009,131072,351.37786865234443,11021331.689429967
bath-north-quarter,generic_ruled,19,3,35.11629999999968,131072,267.91610717773193,11021331.689429967
bath-north-quarter,regular_grid,20,0,5.669099999999162,131072,43.25180053710298,11021331.689429967
bath-north-quarter,generic_ruled,20,1,39.57159999999931,131072,301.9073486328072,11021331.689429967
bath-north-quarter,compact_ruled,20,2,10.649999999999636,131072,81.25305175780973,11021331.689429967
bath-north-quarter,exact_p2,20,3,44.233399999999165,131072,337.4740600585874,11021331.689429967
bath-north-quarter,regular_grid,21,0,5.261300000000119,131072,40.140533447266534,11021331.689429967
bath-north-quarter,generic_ruled,21,1,34.81739999999991,131072,265.63568115234307,11021331.689429967
bath-north-quarter,exact_p2,21,2,46.76440000000002,131072,356.78405761718767,11021331.689429967
bath-north-quarter,compact_ruled,21,3,9.861199999999371,131072,75.2349853515577,11021331.689429967
bath-north-quarter,regular_grid,22,0,5.248500000001513,131072,40.04287719727717,11021331.689429967
bath-north-quarter,exact_p2,22,1,46.385699999998906,131072,353.89480590819477,11021331.689429967
bath-north-quarter,compact_ruled,22,2,10.159499999999753,131072,77.51083374023248,11021331.689429967
bath-north-quarter,generic_ruled,22,3,33.91790000000037,131072,258.7730407714872,11021331.689429967
bath-north-quarter,regular_grid,23,0,4.958199999999124,131072,37.828063964837064,11021331.689429967
bath-north-quarter,exact_p2,23,1,44.409200000000055,131072,338.8153076171879,11021331.689429967
bath-north-quarter,generic_ruled,23,2,36.01809999999932,131072,274.79629516601045,11021331.689429967
bath-north-quarter,compact_ruled,23,3,10.472799999999552,131072,79.90112304687158,11021331.689429967
oxford-centre,compact_ruled,0,0,11.678499999999985,122880,95.03987630208321,7763534.191223003
oxford-centre,generic_ruled,0,1,31.892900000000736,122880,259.54508463542265,7763534.191223003
oxford-centre,exact_p2,0,2,47.07929999999942,122880,383.1323242187453,7763534.191223003
oxford-centre,regular_grid,0,3,5.170599999999467,122880,42.078450520829,7763534.191223003
oxford-centre,compact_ruled,1,0,9.344700000001467,122880,76.04736328126195,7763534.191223003
oxford-centre,generic_ruled,1,1,33.14630000000034,122880,269.7452799479194,7763534.191223003
oxford-centre,regular_grid,1,2,4.951999999999316,122880,40.2994791666611,7763534.191223003
oxford-centre,exact_p2,1,3,44.128499999998894,122880,359.118652343741,7763534.191223003
oxford-centre,compact_ruled,2,0,12.48609999999826,122880,101.61214192706917,7763534.191223003
oxford-centre,exact_p2,2,1,40.69959999999992,122880,331.2141927083327,7763534.191223003
oxford-centre,generic_ruled,2,2,32.25340000000142,122880,262.4788411458449,7763534.191223003
oxford-centre,regular_grid,2,3,5.930599999999686,122880,48.263346354164106,7763534.191223003
oxford-centre,compact_ruled,3,0,10.27100000000064,122880,83.58561197917189,7763534.191223003
oxford-centre,exact_p2,3,1,40.7520999999997,122880,331.6414388020809,7763534.191223003
oxford-centre,regular_grid,3,2,5.464699999998629,122880,44.47184244790551,7763534.191223003
oxford-centre,generic_ruled,3,3,29.133200000000215,122880,237.08658854166842,7763534.191223003
oxford-centre,compact_ruled,4,0,9.57550000000083,122880,77.92561848959008,7763534.191223003
oxford-centre,regular_grid,4,1,6.306300000000192,122880,51.32080078125156,7763534.191223003
oxford-centre,generic_ruled,4,2,32.57270000000062,122880,265.07731119792174,7763534.191223003
oxford-centre,exact_p2,4,3,41.035100000000966,122880,333.94449869792453,7763534.191223003
oxford-centre,compact_ruled,5,0,9.950199999999313,122880,80.97493489582774,7763534.191223003
oxford-centre,regular_grid,5,1,5.4439000000020314,122880,44.30257161459986,7763534.191223003
oxford-centre,exact_p2,5,2,44.97240000000238,122880,365.9863281250194,7763534.191223003
oxford-centre,generic_ruled,5,3,35.05659999999989,122880,285.2913411458324,7763534.191223003
oxford-centre,generic_ruled,6,0,33.517400000000634,122880,272.7652994791718,7763534.191223003
oxford-centre,compact_ruled,6,1,9.963700000000244,122880,81.08479817708532,7763534.191223003
oxford-centre,exact_p2,6,2,34.16560000000027,122880,278.04036458333553,7763534.191223003
oxford-centre,regular_grid,6,3,4.6415000000015425,122880,37.77262369792922,7763534.191223003
oxford-centre,generic_ruled,7,0,30.78519999999844,122880,250.53059895832064,7763534.191223003
oxford-centre,compact_ruled,7,1,10.02560000000085,122880,81.58854166667358,7763534.191223003
oxford-centre,regular_grid,7,2,5.130199999999604,122880,41.749674479163446,7763534.191223003
oxford-centre,exact_p2,7,3,42.86939999999959,122880,348.87207031249665,7763534.191223003
oxford-centre,generic_ruled,8,0,29.72309999999925,122880,241.8872070312439,7763534.191223003
oxford-centre,exact_p2,8,1,40.468400000001566,122880,329.3326822916794,7763534.191223003
oxford-centre,compact_ruled,8,2,9.67920000000231,122880,78.76953125001882,7763534.191223003
oxford-centre,regular_grid,8,3,5.585100000000239,122880,45.45166015625194,7763534.191223003
oxford-centre,generic_ruled,9,0,31.809900000000198,122880,258.8696289062516,7763534.191223003
oxford-centre,exact_p2,9,1,41.58039999999892,122880,338.38216145832456,7763534.191223003
oxford-centre,regular_grid,9,2,5.6179000000011,122880,45.71858723959228,7763534.191223003
oxford-centre,compact_ruled,9,3,10.182299999996758,122880,82.86376953122361,7763534.191223003
oxford-centre,generic_ruled,10,0,30.254499999999098,122880,246.211751302076,7763534.191223003
oxford-centre,regular_grid,10,1,5.620499999997264,122880,45.73974609372773,7763534.191223003
oxford-centre,compact_ruled,10,2,11.223500000000058,122880,91.33707682291714,7763534.191223003
oxford-centre,exact_p2,10,3,40.6958999999988,122880,331.1840820312402,7763534.191223003
oxford-centre,generic_ruled,11,0,30.25409999999829,122880,246.20849609373607,7763534.191223003
oxford-centre,regular_grid,11,1,6.688799999999901,122880,54.4335937499992,7763534.191223003
oxford-centre,exact_p2,11,2,41.34730000000127,122880,336.48518880209366,7763534.191223003
oxford-centre,compact_ruled,11,3,10.282199999997829,122880,83.67675781248232,7763534.191223003
oxford-centre,exact_p2,12,0,42.67859999999928,122880,347.31933593749415,7763534.191223003
oxford-centre,compact_ruled,12,1,10.71639999999752,122880,87.21028645831316,7763534.191223003
oxford-centre,generic_ruled,12,2,32.65769999999975,122880,265.76904296874795,7763534.191223003
oxford-centre,regular_grid,12,3,4.76929999999993,122880,38.812662760416096,7763534.191223003
oxford-centre,exact_p2,13,0,41.353800000000774,122880,336.5380859375063,7763534.191223003
oxford-centre,compact_ruled,13,1,9.914200000002893,122880,80.68196614585688,7763534.191223003
oxford-centre,regular_grid,13,2,4.632000000001426,122880,37.6953125000116,7763534.191223003
oxford-centre,generic_ruled,13,3,29.970000000001164,122880,243.89648437500946,7763534.191223003
oxford-centre,exact_p2,14,0,39.377800000002026,122880,320.4573567708498,7763534.191223003
oxford-centre,generic_ruled,14,1,29.712999999999738,122880,241.8050130208312,7763534.191223003
oxford-centre,compact_ruled,14,2,9.930599999999686,122880,80.81542968749744,7763534.191223003
oxford-centre,regular_grid,14,3,5.183999999997468,122880,42.187499999979394,7763534.191223003
oxford-centre,exact_p2,15,0,44.64760000000024,122880,363.34309895833525,7763534.191223003
oxford-centre,generic_ruled,15,1,33.04270000000179,122880,268.90218098959787,7763534.191223003
oxford-centre,regular_grid,15,2,5.251000000000204,122880,42.73274739583499,7763534.191223003
oxford-centre,compact_ruled,15,3,9.972200000000157,122880,81.15397135416794,7763534.191223003
oxford-centre,exact_p2,16,0,36.61130000000048,122880,297.9435221354206,7763534.191223003
oxford-centre,regular_grid,16,1,3.7207999999991443,122880,30.2799479166597,7763534.191223003
oxford-centre,compact_ruled,16,2,7.4442999999992026,122880,60.58186848957685,7763534.191223003
oxford-centre,generic_ruled,16,3,18.92150000000038,122880,153.98356119791976,7763534.191223003
oxford-centre,exact_p2,17,0,44.5640999999996,122880,362.6635742187467,7763534.191223003
oxford-centre,regular_grid,17,1,5.159799999997631,122880,41.99055989581405,7763534.191223003
oxford-centre,generic_ruled,17,2,32.3640000000014,122880,263.37890625001137,7763534.191223003
oxford-centre,compact_ruled,17,3,10.283899999998539,122880,83.69059244790478,7763534.191223003
oxford-centre,regular_grid,18,0,5.15389999999752,122880,41.94254557289649,7763534.191223003
oxford-centre,compact_ruled,18,1,10.634699999998702,122880,86.54541015623944,7763534.191223003
oxford-centre,generic_ruled,18,2,31.854599999998754,122880,259.2333984374899,7763534.191223003
oxford-centre,exact_p2,18,3,41.85529999999926,122880,340.61930338541066,7763534.191223003
oxford-centre,regular_grid,19,0,5.637900000001537,122880,45.881347656262506,7763534.191223003
oxford-centre,compact_ruled,19,1,9.981400000000576,122880,81.22884114583802,7763534.191223003
oxford-centre,exact_p2,19,2,43.058200000003126,122880,350.4085286458588,7763534.191223003
oxford-centre,generic_ruled,19,3,32.138199999997596,122880,261.54134114581376,7763534.191223003
oxford-centre,regular_grid,20,0,4.856800000001385,122880,39.52473958334461,7763534.191223003
oxford-centre,generic_ruled,20,1,31.968799999998737,122880,260.1627604166564,7763534.191223003
oxford-centre,compact_ruled,20,2,9.862499999999272,122880,80.26123046874407,7763534.191223003
oxford-centre,exact_p2,20,3,43.29139999999825,122880,352.3063151041524,7763534.191223003
oxford-centre,regular_grid,21,0,5.574899999999616,122880,45.36865234374688,7763534.191223003
oxford-centre,generic_ruled,21,1,32.02240000000165,122880,260.5989583333468,7763534.191223003
oxford-centre,exact_p2,21,2,41.08439999999973,122880,334.34570312499784,7763534.191223003
oxford-centre,compact_ruled,21,3,9.340000000000146,122880,76.00911458333452,7763534.191223003
oxford-centre,regular_grid,22,0,5.039200000002893,122880,41.009114583356876,7763534.191223003
oxford-centre,exact_p2,22,1,43.12549999999828,122880,350.9562174479027,7763534.191223003
oxford-centre,compact_ruled,22,2,10.010300000001735,122880,81.46402994793078,7763534.191223003
oxford-centre,generic_ruled,22,3,33.31189999999697,122880,271.092936197892,7763534.191223003
oxford-centre,regular_grid,23,0,4.986799999998766,122880,40.582682291656624,7763534.191223003
oxford-centre,exact_p2,23,1,44.94580000000133,122880,365.7698567708441,7763534.191223003
oxford-centre,generic_ruled,23,2,30.445199999998295,122880,247.7636718749861,7763534.191223003
oxford-centre,compact_ruled,23,3,9.81460000000152,122880,79.8714192708457,7763534.191223003
oxford-north-quarter,compact_ruled,0,0,13.669300000001385,131072,104.2884826660262,8156823.110054848
oxford-north-quarter,generic_ruled,0,1,33.45890000000145,131072,255.27114868165168,8156823.110054848
oxford-north-quarter,exact_p2,0,2,46.480600000002596,131072,354.61883544923853,8156823.110054848
oxford-north-quarter,regular_grid,0,3,5.22609999999986,131072,39.87197875976456,8156823.110054848
oxford-north-quarter,compact_ruled,1,0,11.100800000000163,131072,84.69238281250125,8156823.110054848
oxford-north-quarter,generic_ruled,1,1,33.60099999999875,131072,256.3552856445217,8156823.110054848
oxford-north-quarter,regular_grid,1,2,5.072700000000623,131072,38.70162963867663,8156823.110054848
oxford-north-quarter,exact_p2,1,3,48.17420000000129,131072,367.5399780273536,8156823.110054848
oxford-north-quarter,compact_ruled,2,0,9.92659999999887,131072,75.73394775389764,8156823.110054848
oxford-north-quarter,exact_p2,2,1,45.66339999999764,131072,348.38409423826323,8156823.110054848
oxford-north-quarter,generic_ruled,2,2,33.3775999999998,131072,254.6508789062485,8156823.110054848
oxford-north-quarter,regular_grid,2,3,5.658999999999651,131072,43.174743652341085,8156823.110054848
oxford-north-quarter,compact_ruled,3,0,9.917699999998149,131072,75.666046142564,8156823.110054848
oxford-north-quarter,exact_p2,3,1,43.74339999999938,131072,333.73565673827653,8156823.110054848
oxford-north-quarter,regular_grid,3,2,5.441700000003038,131072,41.5168762207263,8156823.110054848
oxford-north-quarter,generic_ruled,3,3,34.16769999999815,131072,260.6788635253765,8156823.110054848
oxford-north-quarter,compact_ruled,4,0,10.435999999997875,131072,79.62036132810879,8156823.110054848
oxford-north-quarter,regular_grid,4,1,6.047500000000582,131072,46.138763427738816,8156823.110054848
oxford-north-quarter,generic_ruled,4,2,32.16649999999936,131072,245.41091918944824,8156823.110054848
oxford-north-quarter,exact_p2,4,3,43.293900000000576,131072,330.30624389648875,8156823.110054848
oxford-north-quarter,compact_ruled,5,0,9.704000000001543,131072,74.03564453126177,8156823.110054848
oxford-north-quarter,regular_grid,5,1,5.894199999998818,131072,44.96917724608473,8156823.110054848
oxford-north-quarter,exact_p2,5,2,45.36599999999817,131072,346.1151123046735,8156823.110054848
oxford-north-quarter,generic_ruled,5,3,34.077399999998306,131072,259.98992919920585,8156823.110054848
oxford-north-quarter,generic_ruled,6,0,33.648300000000745,131072,256.71615600586506,8156823.110054848
oxford-north-quarter,compact_ruled,6,1,10.53059999999823,131072,80.34210205076775,8156823.110054848
oxford-north-quarter,exact_p2,6,2,62.223699999998644,131072,474.7291564941303,8156823.110054848
oxford-north-quarter,regular_grid,6,3,5.058600000000297,131072,38.59405517578352,8156823.110054848
oxford-north-quarter,generic_ruled,7,0,31.46060000000216,131072,240.02532958986023,8156823.110054848
oxford-north-quarter,compact_ruled,7,1,8.691800000000512,131072,66.31317138672266,8156823.110054848
oxford-north-quarter,regular_grid,7,2,5.324199999999109,131072,40.62042236327446,8156823.110054848
oxford-north-quarter,exact_p2,7,3,47.95929999999862,131072,365.9004211425676,8156823.110054848
oxford-north-quarter,generic_ruled,8,0,34.097499999999854,131072,260.14328002929574,8156823.110054848
oxford-north-quarter,exact_p2,8,1,46.72859999999855,131072,356.51092529295767,8156823.110054848
oxford-north-quarter,compact_ruled,8,2,10.801500000001397,131072,82.40890502930753,8156823.110054848
oxford-north-quarter,regular_grid,8,3,5.9495999999999185,131072,45.391845703124375,8156823.110054848
oxford-north-quarter,generic_ruled,9,0,34.54880000000048,131072,263.5864257812537,8156823.110054848
oxford-north-quarter,exact_p2,9,1,44.038400000001275,131072,335.9863281250097,8156823.110054848
oxford-north-quarter,regular_grid,9,2,5.58270000000266,131072,42.59262084962967,8156823.110054848
oxford-north-quarter,compact_ruled,9,3,9.817699999999604,131072,74.90310668945011,8156823.110054848
oxford-north-quarter,generic_ruled,10,0,32.80500000000029,131072,250.28228759765847,8156823.110054848
oxford-north-quarter,regular_grid,10,1,6.561300000001211,131072,50.05874633789986,8156823.110054848
oxford-north-quarter,compact_ruled,10,2,10.92319999999745,131072,83.33740234373055,8156823.110054848
oxford-north-quarter,exact_p2,10,3,44.207399999999325,131072,337.2756958007761,8156823.110054848
oxford-north-quarter,generic_ruled,11,0,33.35250000000087,131072,254.45938110352228,8156823.110054848
oxford-north-quarter,regular_grid,11,1,5.398899999996502,131072,41.19033813473894,8156823.110054848
oxford-north-quarter,exact_p2,11,2,48.55539999999746,131072,370.44830322263687,8156823.110054848
oxford-north-quarter,compact_ruled,11,3,10.189500000000407,131072,77.73971557617499,8156823.110054848
oxford-north-quarter,exact_p2,12,0,50.26180000000022,131072,383.46710205078296,8156823.110054848
oxford-north-quarter,compact_ruled,12,1,9.858899999999267,131072,75.21743774413503,8156823.110054848
oxford-north-quarter,generic_ruled,12,2,36.06660000000193,131072,275.166320800796,8156823.110054848
oxford-north-quarter,regular_grid,12,3,6.710800000000745,131072,51.199340820318184,8156823.110054848
oxford-north-quarter,exact_p2,13,0,43.84730000000127,131072,334.5283508300878,8156823.110054848
oxford-north-quarter,compact_ruled,13,1,10.761099999999715,131072,82.1006774902322,8156823.110054848
oxford-north-quarter,regular_grid,13,2,6.209500000000844,131072,47.37472534180331,8156823.110054848
oxford-north-quarter,generic_ruled,13,3,34.096300000001065,131072,260.1341247558675,8156823.110054848
oxford-north-quarter,exact_p2,14,0,48.68260000000009,131072,371.41876220703193,8156823.110054848
oxford-north-quarter,generic_ruled,14,1,34.27179999999862,131072,261.47308349608323,8156823.110054848
oxford-north-quarter,compact_ruled,14,2,11.634399999999005,131072,88.76342773436741,8156823.110054848
oxford-north-quarter,regular_grid,14,3,6.316200000001118,131072,48.18878173828978,8156823.110054848
oxford-north-quarter,exact_p2,15,0,46.8140999999996,131072,357.16323852538756,8156823.110054848
oxford-north-quarter,generic_ruled,15,1,35.388200000001234,131072,269.9905395507907,8156823.110054848
oxford-north-quarter,regular_grid,15,2,7.243500000000495,131072,55.26351928711315,8156823.110054848
oxford-north-quarter,compact_ruled,15,3,11.960399999999936,131072,91.25061035156202,8156823.110054848
oxford-north-quarter,exact_p2,16,0,67.21619999999893,131072,512.8189086913982,8156823.110054848
oxford-north-quarter,regular_grid,16,1,5.550199999997858,131072,42.34466552732741,8156823.110054848
oxford-north-quarter,compact_ruled,16,2,12.758499999999913,131072,97.33963012695246,8156823.110054848
oxford-north-quarter,generic_ruled,16,3,37.19499999999971,131072,283.77532958984153,8156823.110054848
oxford-north-quarter,exact_p2,17,0,43.46439999999711,131072,331.60705566404044,8156823.110054848
oxford-north-quarter,regular_grid,17,1,5.542199999999866,131072,42.28363037109273,8156823.110054848
oxford-north-quarter,generic_ruled,17,2,34.99910000000091,131072,267.0219421386788,8156823.110054848
oxford-north-quarter,compact_ruled,17,3,10.121800000000803,131072,77.22320556641237,8156823.110054848
oxford-north-quarter,regular_grid,18,0,5.651300000001356,131072,43.11599731446347,8156823.110054848
oxford-north-quarter,compact_ruled,18,1,10.057799999998679,131072,76.73492431639617,8156823.110054848
oxford-north-quarter,generic_ruled,18,2,33.93629999999757,131072,258.91342163084084,8156823.110054848
oxford-north-quarter,exact_p2,18,3,48.52349999999933,131072,370.20492553710426,8156823.110054848
oxford-north-quarter,regular_grid,19,0,6.055200000002515,131072,46.197509765644185,8156823.110054848
oxford-north-quarter,compact_ruled,19,1,11.102100000000064,131072,84.70230102539111,8156823.110054848
oxford-north-quarter,exact_p2,19,2,45.96609999999782,131072,350.693511962874,8156823.110054848
oxford-north-quarter,generic_ruled,19,3,33.42950000000201,131072,255.0468444824372,8156823.110054848
oxford-north-quarter,regular_grid,20,0,5.577300000000832,131072,42.55142211914698,8156823.110054848
oxford-north-quarter,generic_ruled,20,1,32.685199999999895,131072,249.3682861328117,8156823.110054848
oxford-north-quarter,compact_ruled,20,2,10.363799999999173,131072,79.06951904296244,8156823.110054848
oxford-north-quarter,exact_p2,20,3,45.81889999999839,131072,349.57046508787835,8156823.110054848
oxford-north-quarter,regular_grid,21,0,5.14890000000014,131072,39.28298950195419,8156823.110054848
oxford-north-quarter,generic_ruled,21,1,35.189399999999296,131072,268.47381591796335,8156823.110054848
oxford-north-quarter,exact_p2,21,2,48.69260000000213,131072,371.49505615236,8156823.110054848
oxford-north-quarter,compact_ruled,21,3,10.889600000002247,131072,83.08105468751714,8156823.110054848
oxford-north-quarter,regular_grid,22,0,5.236700000001292,131072,39.95285034180674,8156823.110054848
oxford-north-quarter,exact_p2,22,1,44.07209999999759,131072,336.24343872068476,8156823.110054848
oxford-north-quarter,compact_ruled,22,2,11.290299999996932,131072,86.13815307614847,8156823.110054848
oxford-north-quarter,generic_ruled,22,3,32.732600000003,131072,249.72991943361666,8156823.110054848
oxford-north-quarter,regular_grid,23,0,4.781600000002072,131072,36.48071289064081,8156823.110054848
oxford-north-quarter,exact_p2,23,1,46.38619999999719,131072,353.8986206054473,8156823.110054848
oxford-north-quarter,generic_ruled,23,2,33.021199999999226,131072,251.9317626953066,8156823.110054848
oxford-north-quarter,compact_ruled,23,3,10.427100000000792,131072,79.55245971680291,8156823.110054848
cambridge-centre,compact_ruled,0,0,11.652299999997922,131072,88.89999389646852,1489767.0381833236
cambridge-centre,generic_ruled,0,1,35.710399999999936,131072,272.4487304687495,1489767.0381833236
cambridge-centre,exact_p2,0,2,48.016899999998714,131072,366.3398742675683,1489767.0381833236
cambridge-centre,regular_grid,0,3,5.511499999996886,131072,42.049407958960614,1489767.0381833236
cambridge-centre,compact_ruled,1,0,11.416600000000471,131072,87.10174560547235,1489767.0381833236
cambridge-centre,generic_ruled,1,1,35.155900000001566,131072,268.2182312011838,1489767.0381833236
cambridge-centre,regular_grid,1,2,5.4975999999987835,131072,41.94335937499072,1489767.0381833236
cambridge-centre,exact_p2,1,3,50.117200000000594,131072,382.36389160156705,1489767.0381833236
cambridge-centre,compact_ruled,2,0,10.85019999999713,131072,82.78045654294685,1489767.0381833236
cambridge-centre,exact_p2,2,1,48.435199999999895,131072,369.5312499999992,1489767.0381833236
cambridge-centre,generic_ruled,2,2,32.325699999997596,131072,246.6255187988098,1489767.0381833236
cambridge-centre,regular_grid,2,3,6.191300000002229,131072,47.235870361345135,1489767.0381833236
cambridge-centre,compact_ruled,3,0,10.950000000000728,131072,83.54187011719306,1489767.0381833236
cambridge-centre,exact_p2,3,1,52.94080000000031,131072,403.90625000000233,1489767.0381833236
cambridge-centre,regular_grid,3,2,5.462999999999738,131072,41.67938232421675,1489767.0381833236
cambridge-centre,generic_ruled,3,3,33.74950000000172,131072,257.48825073243495,1489767.0381833236
cambridge-centre,compact_ruled,4,0,10.567299999998795,131072,80.62210083006893,1489767.0381833236
cambridge-centre,regular_grid,4,1,6.585500000001048,131072,50.24337768555487,1489767.0381833236
cambridge-centre,generic_ruled,4,2,36.86859999999797,131072,281.28509521482823,1489767.0381833236
cambridge-centre,exact_p2,4,3,49.59890000000087,131072,378.4095764160222,1489767.0381833236
cambridge-centre,compact_ruled,5,0,10.378899999999703,131072,79.18472290038837,1489767.0381833236
cambridge-centre,regular_grid,5,1,6.209100000000035,131072,47.371673583984645,1489767.0381833236
cambridge-centre,exact_p2,5,2,49.651599999997416,131072,378.8116455077928,1489767.0381833236
cambridge-centre,generic_ruled,5,3,33.52180000000226,131072,255.75103759767347,1489767.0381833236
cambridge-centre,generic_ruled,6,0,36.178899999998976,131072,276.0231018066328,1489767.0381833236
cambridge-centre,compact_ruled,6,1,11.935199999999895,131072,91.0583496093742,1489767.0381833236
cambridge-centre,exact_p2,6,2,46.493500000000495,131072,354.7172546386756,1489767.0381833236
cambridge-centre,regular_grid,6,3,5.770499999998719,131072,44.025421142568355,1489767.0381833236
cambridge-centre,generic_ruled,7,0,33.56790000000183,131072,256.1027526855608,1489767.0381833236
cambridge-centre,compact_ruled,7,1,13.082300000001851,131072,99.810028076186,1489767.0381833236
cambridge-centre,regular_grid,7,2,5.072000000000116,131072,38.69628906250089,1489767.0381833236
cambridge-centre,exact_p2,7,3,45.77720000000045,131072,349.2523193359409,1489767.0381833236
cambridge-centre,generic_ruled,8,0,32.45799999999872,131072,247.63488769530272,1489767.0381833236
cambridge-centre,exact_p2,8,1,46.333599999998114,131072,353.4973144531106,1489767.0381833236
cambridge-centre,compact_ruled,8,2,10.96600000000035,131072,83.66394042969017,1489767.0381833236
cambridge-centre,regular_grid,8,3,6.367400000002817,131072,48.579406738302744,1489767.0381833236
cambridge-centre,generic_ruled,9,0,31.607599999999366,131072,241.14685058593267,1489767.0381833236
cambridge-centre,exact_p2,9,1,46.99120000000039,131072,358.51440429687796,1489767.0381833236
cambridge-centre,regular_grid,9,2,5.666900000000169,131072,43.23501586914191,1489767.0381833236
cambridge-centre,compact_ruled,9,3,10.975600000001577,131072,83.73718261719954,1489767.0381833236
cambridge-centre,generic_ruled,10,0,34.17079999999987,131072,260.70251464843653,1489767.0381833236
cambridge-centre,regular_grid,10,1,6.376400000001013,131072,48.64807128907023,1489767.0381833236
cambridge-centre,compact_ruled,10,2,10.824300000000221,131072,82.58285522461107,1489767.0381833236
cambridge-centre,exact_p2,10,3,45.35829999999987,131072,346.0563659667959,1489767.0381833236
cambridge-centre,generic_ruled,11,0,32.63130000000092,131072,248.95706176758515,1489767.0381833236
cambridge-centre,regular_grid,11,1,6.358700000000681,131072,48.51303100586457,1489767.0381833236
cambridge-centre,exact_p2,11,2,53.72689999999784,131072,409.90371704099914,1489767.0381833236
cambridge-centre,compact_ruled,11,3,14.416199999999662,131072,109.98687744140368,1489767.0381833236
cambridge-centre,exact_p2,12,0,55.51540000000023,131072,423.54888916015796,1489767.0381833236
cambridge-centre,compact_ruled,12,1,9.842800000002171,131072,75.09460449220407,1489767.0381833236
cambridge-centre,generic_ruled,12,2,48.71510000000126,131072,371.6667175293065,1489767.0381833236
cambridge-centre,regular_grid,12,3,6.149600000000646,131072,46.91772460937993,1489767.0381833236
cambridge-centre,exact_p2,13,0,48.55620000000272,131072,370.454406738302,1489767.0381833236
cambridge-centre,compact_ruled,13,1,10.583199999997305,131072,80.74340820310444,1489767.0381833236
cambridge-centre,regular_grid,13,2,5.473500000000058,131072,41.759490966797316,1489767.0381833236
cambridge-centre,generic_ruled,13,3,31.465100000001257,131072,240.05966186524398,1489767.0381833236
cambridge-centre,exact_p2,14,0,43.72109999999884,131072,333.56552124022556,1489767.0381833236
cambridge-centre,generic_ruled,14,1,22.197400000000926,131072,169.3527221679758,1489767.0381833236
cambridge-centre,compact_ruled,14,2,11.636600000001636,131072,88.78021240235623,1489767.0381833236
cambridge-centre,regular_grid,14,3,6.166100000002189,131072,47.04360961915732,1489767.0381833236
cambridge-centre,exact_p2,15,0,50.76759999999922,131072,387.32604980468153,1489767.0381833236
cambridge-centre,generic_ruled,15,1,28.82970000000205,131072,219.95315551759376,1489767.0381833236
cambridge-centre,regular_grid,15,2,6.496399999999994,131072,49.56359863281246,1489767.0381833236
cambridge-centre,compact_ruled,15,3,10.899300000000949,131072,83.15505981446036,1489767.0381833236
cambridge-centre,exact_p2,16,0,50.72979999999734,131072,387.03765869138596,1489767.0381833236
cambridge-centre,regular_grid,16,1,6.120100000000093,131072,46.692657470703836,1489767.0381833236
cambridge-centre,compact_ruled,16,2,11.233400000000984,131072,85.70404052735125,1489767.0381833236
cambridge-centre,generic_ruled,16,3,34.90529999999853,131072,266.3063049316294,1489767.0381833236
cambridge-centre,exact_p2,17,0,46.028299999998126,131072,351.16806030272005,1489767.0381833236
cambridge-centre,regular_grid,17,1,5.646999999997206,131072,43.083190917947434,1489767.0381833236
cambridge-centre,generic_ruled,17,2,33.130700000001525,131072,252.767181396496,1489767.0381833236
cambridge-centre,compact_ruled,17,3,9.75460000000021,131072,74.42169189453284,1489767.0381833236
cambridge-centre,regular_grid,18,0,5.29910000000018,131072,40.42892456054825,1489767.0381833236
cambridge-centre,compact_ruled,18,1,8.635600000001432,131072,65.88439941407343,1489767.0381833236
cambridge-centre,generic_ruled,18,2,28.633600000001024,131072,218.45703125000782,1489767.0381833236
cambridge-centre,exact_p2,18,3,46.48800000000119,131072,354.6752929687591,1489767.0381833236
cambridge-centre,regular_grid,19,0,5.344600000000355,131072,40.77606201172146,1489767.0381833236
cambridge-centre,compact_ruled,19,1,11.288000000000466,131072,86.12060546875355,1489767.0381833236
cambridge-centre,exact_p2,19,2,48.548900000001595,131072,370.3987121582153,1489767.0381833236
cambridge-centre,generic_ruled,19,3,34.15459999999803,131072,260.5789184570162,1489767.0381833236
cambridge-centre,regular_grid,20,0,5.523700000001554,131072,42.142486572277484,1489767.0381833236
cambridge-centre,generic_ruled,20,1,33.13160000000062,131072,252.77404785156722,1489767.0381833236
cambridge-centre,compact_ruled,20,2,9.930599999999686,131072,75.76446533202885,1489767.0381833236
cambridge-centre,exact_p2,20,3,49.7599999999984,131072,379.6386718749878,1489767.0381833236
cambridge-centre,regular_grid,21,0,5.682199999999284,131072,43.351745605463286,1489767.0381833236
cambridge-centre,generic_ruled,21,1,34.84180000000197,131072,265.82183837892126,1489767.0381833236
cambridge-centre,exact_p2,21,2,47.33669999999984,131072,361.1503601074206,1489767.0381833236
cambridge-centre,compact_ruled,21,3,10.609199999998964,131072,80.9417724609296,1489767.0381833236
cambridge-centre,regular_grid,22,0,5.14429999999993,131072,39.24789428710884,1489767.0381833236
cambridge-centre,exact_p2,22,1,46.05910000000222,131072,351.4030456543138,1489767.0381833236
cambridge-centre,compact_ruled,22,2,11.367600000001403,131072,86.7279052734482,1489767.0381833236
cambridge-centre,generic_ruled,22,3,33.20089999999982,131072,253.30276489257676,1489767.0381833236
cambridge-centre,regular_grid,23,0,5.451200000003155,131072,41.58935546877407,1489767.0381833236
cambridge-centre,exact_p2,23,1,45.965500000002066,131072,350.6889343261876,1489767.0381833236
cambridge-centre,generic_ruled,23,2,31.813600000001315,131072,242.71850585938503,1489767.0381833236
cambridge-centre,compact_ruled,23,3,9.661599999999453,131072,73.71215820312082,1489767.0381833236
cambridge-north-quarter,compact_ruled,0,0,6.8774000000012165,86016,79.95489211310938,473721.4396342686
cambridge-north-quarter,generic_ruled,0,1,23.795999999998457,86016,276.6462053571249,473721.4396342686
cambridge-north-quarter,exact_p2,0,2,31.215400000000955,86016,362.90225074405873,473721.43963426864
cambridge-north-quarter,regular_grid,0,3,3.5914000000011583,86016,41.752697172632516,473721.43963426864
cambridge-north-quarter,compact_ruled,1,0,7.080699999998615,86016,82.31840587796007,473721.4396342686
cambridge-north-quarter,generic_ruled,1,1,21.84139999999752,86016,253.9225260416378,473721.4396342686
cambridge-north-quarter,regular_grid,1,2,3.3660999999992782,86016,39.13341703868208,473721.43963426864
cambridge-north-quarter,exact_p2,1,3,33.61599999999817,86016,390.8110119047406,473721.43963426864
cambridge-north-quarter,compact_ruled,2,0,7.196400000000722,86016,83.6635044642941,473721.4396342686
cambridge-north-quarter,exact_p2,2,1,32.98939999999857,86016,383.5263206845072,473721.43963426864
cambridge-north-quarter,generic_ruled,2,2,21.64510000000155,86016,251.64039248513706,473721.4396342686
cambridge-north-quarter,regular_grid,2,3,4.273000000001048,86016,49.67680431548837,473721.43963426864
cambridge-north-quarter,compact_ruled,3,0,6.377599999999802,86016,74.14434523809294,473721.4396342686
cambridge-north-quarter,exact_p2,3,1,35.42160000000149,86016,411.80245535716017,473721.43963426864
cambridge-north-quarter,regular_grid,3,2,3.8369999999995343,86016,44.60797991070887,473721.43963426864
cambridge-north-quarter,generic_ruled,3,3,28.487600000000384,86016,331.18954613095684,473721.4396342686
cambridge-north-quarter,compact_ruled,4,0,6.0512999999991735,86016,70.35086495534753,473721.4396342686
cambridge-north-quarter,regular_grid,4,1,3.605600000002596,86016,41.91778273812542,473721.43963426864
cambridge-north-quarter,generic_ruled,4,2,21.33230000000185,86016,248.00385974704534,473721.4396342686
cambridge-north-quarter,exact_p2,4,3,31.230899999998655,86016,363.0824497767701,473721.43963426864
cambridge-north-quarter,compact_ruled,5,0,6.558899999999994,86016,76.25209263392851,473721.4396342686
cambridge-north-quarter,regular_grid,5,1,3.507499999999709,86016,40.77729724702043,473721.43963426864
cambridge-north-quarter,exact_p2,5,2,31.266700000000128,86016,363.49865141369196,473721.43963426864
cambridge-north-quarter,generic_ruled,5,3,23.746399999999994,86016,276.06956845238085,473721.4396342686
cambridge-north-quarter,generic_ruled,6,0,21.514200000001438,86016,250.11858258930243,473721.4396342686
cambridge-north-quarter,compact_ruled,6,1,6.704099999999016,86016,77.94015066963142,473721.4396342686
cambridge-north-quarter,exact_p2,6,2,32.07869999999821,86016,372.9387555803363,473721.43963426864
cambridge-north-quarter,regular_grid,6,3,3.549799999997049,86016,41.26906622020378,473721.43963426864
cambridge-north-quarter,generic_ruled,7,0,20.73569999999745,86016,241.06794084818466,473721.4396342686
cambridge-north-quarter,compact_ruled,7,1,7.208300000002055,86016,83.80185081847627,473721.4396342686
cambridge-north-quarter,regular_grid,7,2,3.4953999999997905,86016,40.63662574404518,473721.43963426864
cambridge-north-quarter,exact_p2,7,3,31.48120000000199,86016,365.9923735119279,473721.43963426864
cambridge-north-quarter,generic_ruled,8,0,21.717899999999645,86016,252.4867466517816,473721.4396342686
cambridge-north-quarter,exact_p2,8,1,32.335000000002765,86016,375.91843377979404,473721.43963426864
cambridge-north-quarter,compact_ruled,8,2,6.717000000000553,86016,78.09012276786358,473721.4396342686
cambridge-north-quarter,regular_grid,8,3,4.105899999998655,86016,47.73414248510341,473721.43963426864
cambridge-north-quarter,generic_ruled,9,0,23.973299999997835,86016,278.70744977676054,473721.4396342686
cambridge-north-quarter,exact_p2,9,1,32.72989999999845,86016,380.50944010414867,473721.43963426864
cambridge-north-quarter,regular_grid,9,2,3.0944999999992433,86016,35.97586495534834,473721.43963426864
cambridge-north-quarter,compact_ruled,9,3,7.297600000001694,86016,84.84002976192446,473721.4396342686
cambridge-north-quarter,generic_ruled,10,0,21.98830000000089,86016,255.63034784227224,473721.4396342686
cambridge-north-quarter,regular_grid,10,1,3.885499999996682,86016,45.171828496985235,473721.43963426864
cambridge-north-quarter,compact_ruled,10,2,7.553100000000995,86016,87.810407366083,473721.4396342686
cambridge-north-quarter,exact_p2,10,3,34.39479999999821,86016,399.86514136902684,473721.43963426864
cambridge-north-quarter,generic_ruled,11,0,21.63969999999972,86016,251.57761346725866,473721.4396342686
cambridge-north-quarter,regular_grid,11,1,4.217699999997421,86016,49.033900669612876,473721.43963426864
cambridge-north-quarter,exact_p2,11,2,32.381499999999505,86016,376.4590308779704,473721.43963426864
cambridge-north-quarter,compact_ruled,11,3,6.890999999999622,86016,80.11300223213846,473721.4396342686
cambridge-north-quarter,exact_p2,12,0,31.51810000000114,86016,366.42136346727517,473721.43963426864
cambridge-north-quarter,compact_ruled,12,1,6.581699999998818,86016,76.51715959820055,473721.4396342686
cambridge-north-quarter,generic_ruled,12,2,21.971600000000763,86016,255.43619791667555,473721.4396342686
cambridge-north-quarter,regular_grid,12,3,4.120699999999488,86016,47.906203497017856,473721.43963426864
cambridge-north-quarter,exact_p2,13,0,31.874500000001717,86016,370.5647786458533,473721.43963426864
cambridge-north-quarter,compact_ruled,13,1,7.598500000000058,86016,88.33821614583401,473721.4396342686
cambridge-north-quarter,regular_grid,13,2,3.176000000003114,86016,36.923363095274304,473721.43963426864
cambridge-north-quarter,generic_ruled,13,3,21.97609999999986,86016,255.48851376487931,473721.4396342686
cambridge-north-quarter,exact_p2,14,0,31.467099999998027,86016,365.8284505208104,473721.43963426864
cambridge-north-quarter,generic_ruled,14,1,22.31919999999809,86016,259.47730654759687,473721.4396342686
cambridge-north-quarter,compact_ruled,14,2,6.1150999999990745,86016,71.09258742558447,473721.4396342686
cambridge-north-quarter,regular_grid,14,3,3.93489999999656,86016,45.74614025293619,473721.43963426864
cambridge-north-quarter,exact_p2,15,0,31.797200000000885,86016,369.6661086309627,473721.43963426864
cambridge-north-quarter,generic_ruled,15,1,22.199800000002142,86016,258.0891927083582,473721.4396342686
cambridge-north-quarter,regular_grid,15,2,3.4304000000011,86016,39.88095238096517,473721.43963426864
cambridge-north-quarter,compact_ruled,15,3,7.221400000002177,86016,83.9541480655015,473721.4396342686
cambridge-north-quarter,exact_p2,16,0,31.62670000000071,86016,367.6839192708416,473721.43963426864
cambridge-north-quarter,regular_grid,16,1,3.342499999998836,86016,38.859049479153136,473721.43963426864
cambridge-north-quarter,compact_ruled,16,2,6.852999999999156,86016,79.67122395832352,473721.4396342686
cambridge-north-quarter,generic_ruled,16,3,22.709100000000035,86016,264.0101841517861,473721.4396342686
cambridge-north-quarter,exact_p2,17,0,31.526600000001054,86016,366.5201822916789,473721.43963426864
cambridge-north-quarter,regular_grid,17,1,3.0781000000024505,86016,35.785202753004675,473721.43963426864
cambridge-north-quarter,generic_ruled,17,2,24.6791000000012,86016,286.91289992560917,473721.4396342686
cambridge-north-quarter,compact_ruled,17,3,6.354400000000169,86016,73.87462797619244,473721.4396342686
cambridge-north-quarter,regular_grid,18,0,3.8923999999969965,86016,45.25204613091746,473721.43963426864
cambridge-north-quarter,compact_ruled,18,1,6.268299999999726,86016,72.8736514136873,473721.4396342686
cambridge-north-quarter,generic_ruled,18,2,22.626899999999296,86016,263.05454799106326,473721.4396342686
cambridge-north-quarter,exact_p2,18,3,35.217100000001665,86016,409.4249906994241,473721.43963426864
cambridge-north-quarter,regular_grid,19,0,3.354299999999057,86016,38.996233258917606,473721.43963426864
cambridge-north-quarter,compact_ruled,19,1,6.721199999999953,86016,78.1389508928566,473721.4396342686
cambridge-north-quarter,exact_p2,19,2,30.77900000000227,86016,357.82877604169306,473721.43963426864
cambridge-north-quarter,generic_ruled,19,3,22.06789999999819,86016,256.5557570684313,473721.4396342686
cambridge-north-quarter,regular_grid,20,0,3.3668999999972584,86016,39.142717633896694,473721.43963426864
cambridge-north-quarter,generic_ruled,20,1,21.42540000000008,86016,249.0862165178581,473721.4396342686
cambridge-north-quarter,compact_ruled,20,2,6.825800000002346,86016,79.35500372026537,473721.4396342686
cambridge-north-quarter,exact_p2,20,3,30.52270000000135,86016,354.84909784227756,473721.43963426864
cambridge-north-quarter,regular_grid,21,0,4.098900000000867,86016,47.6527622767958,473721.43963426864
cambridge-north-quarter,generic_ruled,21,1,23.13890000000174,86016,269.0069289434726,473721.4396342686
cambridge-north-quarter,exact_p2,21,2,33.01220000000103,86016,383.7913876488215,473721.43963426864
cambridge-north-quarter,compact_ruled,21,3,6.120100000000093,86016,71.15071614583442,473721.4396342686
cambridge-north-quarter,regular_grid,22,0,3.5566000000035274,86016,41.34812127980291,473721.43963426864
cambridge-north-quarter,exact_p2,22,1,30.46480000000156,86016,354.1759672619229,473721.43963426864
cambridge-north-quarter,compact_ruled,22,2,7.317499999997381,86016,85.07138206842194,473721.4396342686
cambridge-north-quarter,generic_ruled,22,3,21.443599999998696,86016,249.29780505950865,473721.4396342686
cambridge-north-quarter,regular_grid,23,0,4.429400000000896,86016,51.49507068453423,473721.43963426864
cambridge-north-quarter,exact_p2,23,1,33.52280000000246,86016,389.72749255955245,473721.43963426864
cambridge-north-quarter,generic_ruled,23,2,24.51220000000103,86016,284.97256324405964,473721.4396342686
cambridge-north-quarter,compact_ruled,23,3,6.88130000000092,86016,80.00023251489165,473721.4396342686
liverpool-centre,compact_ruled,0,0,12.213599999999133,139264,87.70105698528789,1070746.7466279743
liverpool-centre,generic_ruled,0,1,34.46150000000125,139264,247.4544749540531,1070746.7466279743
liverpool-centre,exact_p2,0,2,49.20690000000104,139264,353.3353917739046,1070746.7466279743
liverpool-centre,regular_grid,0,3,5.291699999997945,139264,37.99761603858819,1070746.7466279743
liverpool-centre,compact_ruled,1,0,10.57510000000184,139264,75.93563304229262,1070746.7466279743
liverpool-centre,generic_ruled,1,1,34.43920000000071,139264,247.29434742647567,1070746.7466279743
liverpool-centre,regular_grid,1,2,5.788400000001275,139264,41.56422334559739,1070746.7466279743
liverpool-centre,exact_p2,1,3,49.769600000003265,139264,357.3759191176705,1070746.7466279743
liverpool-centre,compact_ruled,2,0,10.665899999999965,139264,76.58763212316151,1070746.7466279743
liverpool-centre,exact_p2,2,1,47.39150000000154,139264,340.29971852023164,1070746.7466279743
liverpool-centre,generic_ruled,2,2,33.90100000000166,139264,243.42974494486486,1070746.7466279743
liverpool-centre,regular_grid,2,3,5.459000000002561,139264,39.198931525753686,1070746.7466279743
liverpool-centre,compact_ruled,3,0,11.195200000001932,139264,80.38832720589623,1070746.7466279743
liverpool-centre,exact_p2,3,1,47.974300000001676,139264,344.48457605699735,1070746.7466279743
liverpool-centre,regular_grid,3,2,5.9747000000024855,139264,42.90197035847373,1070746.7466279743
liverpool-centre,generic_ruled,3,3,36.48370000000068,139264,261.9750976562549,1070746.7466279743
liverpool-centre,compact_ruled,4,0,10.911400000000867,139264,78.35047104780035,1070746.7466279743
liverpool-centre,regular_grid,4,1,5.59769999999844,139264,40.19488166359174,1070746.7466279743
liverpool-centre,generic_ruled,4,2,32.93829999999798,139264,236.51697495402962,1070746.7466279743
liverpool-centre,exact_p2,4,3,50.74239999999918,139264,364.36121323528823,1070746.7466279743
liverpool-centre,compact_ruled,5,0,11.583099999999831,139264,83.17368451286643,1070746.7466279743
liverpool-centre,regular_grid,5,1,5.467099999998027,139264,39.257094439324064,1070746.7466279743
liverpool-centre,exact_p2,5,2,53.61830000000191,139264,385.011919806999,1070746.7466279743
liverpool-centre,generic_ruled,5,3,35.258999999998196,139264,253.1810087316047,1070746.7466279743
liverpool-centre,generic_ruled,6,0,34.28389999999854,139264,246.1791992187395,1070746.7466279743
liverpool-centre,compact_ruled,6,1,11.329200000000128,139264,81.35052849264798,1070746.7466279743
liverpool-centre,exact_p2,6,2,48.14680000000226,139264,345.72323069854565,1070746.7466279743
liverpool-centre,regular_grid,6,3,5.4056000000018685,139264,38.81548713236636,1070746.7466279743
liverpool-centre,generic_ruled,7,0,34.98019999999815,139264,251.17905560660438,1070746.7466279743
liverpool-centre,compact_ruled,7,1,11.595899999996618,139264,83.26559627754924,1070746.7466279743
liverpool-centre,regular_grid,7,2,5.624199999998382,139264,40.38516773895896,1070746.7466279743
liverpool-centre,exact_p2,7,3,50.307700000001205,139264,361.2398035386116,1070746.7466279743
liverpool-centre,generic_ruled,8,0,33.54519999999684,139264,240.87488511027144,1070746.7466279743
liverpool-centre,exact_p2,8,1,50.14990000000034,139264,360.1067038143407,1070746.7466279743
liverpool-centre,compact_ruled,8,2,10.375400000000809,139264,74.5016659007411,1070746.7466279743
liverpool-centre,regular_grid,8,3,5.8791999999994005,139264,42.21622242646628,1070746.7466279743
liverpool-centre,generic_ruled,9,0,32.48500000000058,139264,233.26200597426887,1070746.7466279743
liverpool-centre,exact_p2,9,1,46.5766999999978,139264,334.44896024814597,1070746.7466279743
liverpool-centre,regular_grid,9,2,6.330399999998917,139264,45.45611213234517,1070746.7466279743
liverpool-centre,compact_ruled,9,3,12.539700000001176,139264,90.04265280331727,1070746.7466279743
liverpool-centre,generic_ruled,10,0,32.1903999999995,139264,231.1465992647023,1070746.7466279743
liverpool-centre,regular_grid,10,1,5.507900000000518,139264,39.550063189341955,1070746.7466279743
liverpool-centre,compact_ruled,10,2,11.272699999997712,139264,80.94482421873357,1070746.7466279743
liverpool-centre,exact_p2,10,3,45.0167999999976,139264,323.24793198527686,1070746.7466279743
liverpool-centre,generic_ruled,11,0,31.28399999999965,139264,224.63809742646808,1070746.7466279743
liverpool-centre,regular_grid,11,1,5.728399999999965,139264,41.13338694852916,1070746.7466279743
liverpool-centre,exact_p2,11,2,45.38140000000203,139264,325.86598115810284,1070746.7466279743
liverpool-centre,compact_ruled,11,3,10.807600000000093,139264,77.60512408088302,1070746.7466279743
liverpool-centre,exact_p2,12,0,44.70769999999902,139264,321.0284064797724,1070746.7466279743
liverpool-centre,compact_ruled,12,1,10.450399999997899,139264,75.04021139704373,1070746.7466279743
liverpool-centre,generic_ruled,12,2,32.418799999999464,139264,232.78664981617263,1070746.7466279743
liverpool-centre,regular_grid,12,3,5.6216999999996915,139264,40.367216222424254,1070746.7466279743
liverpool-centre,exact_p2,13,0,45.269200000002456,139264,325.0603170956059,1070746.7466279743
liverpool-centre,compact_ruled,13,1,11.158299999999144,139264,80.12336282168503,1070746.7466279743
liverpool-centre,regular_grid,13,2,5.242799999999988,139264,37.64648437499992,1070746.7466279743
liverpool-centre,generic_ruled,13,3,32.011899999997695,139264,229.8648609834393,1070746.7466279743
liverpool-centre,exact_p2,14,0,44.814800000000105,139264,321.7974494485302,1070746.7466279743
liverpool-centre,generic_ruled,14,1,31.655500000000757,139264,227.3056927849319,1070746.7466279743
liverpool-centre,compact_ruled,14,2,10.634699999998702,139264,76.36359719668185,1070746.7466279743
liverpool-centre,regular_grid,14,3,5.613699999998062,139264,40.30977136947138,1070746.7466279743
liverpool-centre,exact_p2,15,0,46.60509999999704,139264,334.65288947608167,1070746.7466279743
liverpool-centre,generic_ruled,15,1,32.266999999999825,139264,231.6966337316164,1070746.7466279743
liverpool-centre,regular_grid,15,2,5.3145000000004075,139264,38.161333869488224,1070746.7466279743
liverpool-centre,compact_ruled,15,3,10.420500000000175,139264,74.82551125919244,1070746.7466279743
liverpool-centre,exact_p2,16,0,47.22780000000057,139264,339.12425321691586,1070746.7466279743
liverpool-centre,regular_grid,16,1,6.907200000001467,139264,49.5978860294223,1070746.7466279743
liverpool-centre,compact_ruled,16,2,11.227500000000873,139264,80.62026079963863,1070746.7466279743
liverpool-centre,generic_ruled,16,3,31.433999999997468,139264,225.71518841909946,1070746.7466279743
liverpool-centre,exact_p2,17,0,29.066600000001927,139264,208.71582031251384,1070746.7466279743
liverpool-centre,regular_grid,17,1,4.665000000000873,139264,33.4975298713298,1070746.7466279743
liverpool-centre,generic_ruled,17,2,32.4343000000008,139264,232.89794921875577,1070746.7466279743
liverpool-centre,compact_ruled,17,3,10.84690000000046,139264,77.88732192095918,1070746.7466279743
liverpool-centre,regular_grid,18,0,5.356400000000576,139264,38.462201286768845,1070746.7466279743
liverpool-centre,compact_ruled,18,1,11.329399999998714,139264,81.35196461396134,1070746.7466279743
liverpool-centre,generic_ruled,18,2,33.381099999998696,139264,239.69654756432888,1070746.7466279743
liverpool-centre,exact_p2,18,3,46.59950000000026,139264,334.61267807904596,1070746.7466279743
liverpool-centre,regular_grid,19,0,5.949400000001333,139264,42.720301011038984,1070746.7466279743
liverpool-centre,compact_ruled,19,1,10.584500000000844,139264,76.00313074449136,1070746.7466279743
liverpool-centre,exact_p2,19,2,44.966599999999744,139264,322.8874655330864,1070746.7466279743
liverpool-centre,generic_ruled,19,3,32.62299999999959,139264,234.25292968749707,1070746.7466279743
liverpool-centre,regular_grid,20,0,5.5526000000027125,139264,39.871036305166534,1070746.7466279743
liverpool-centre,generic_ruled,20,1,33.70049999999901,139264,241.9900333180076,1070746.7466279743
liverpool-centre,compact_ruled,20,2,10.71099999999933,139264,76.91147748161285,1070746.7466279743
liverpool-centre,exact_p2,20,3,48.31290000000081,139264,346.9159294577264,1070746.7466279743
liverpool-centre,regular_grid,21,0,5.6841999999996915,139264,40.816004136027196,1070746.7466279743
liverpool-centre,generic_ruled,21,1,32.23860000000059,139264,231.4927045036807,1070746.7466279743
liverpool-centre,exact_p2,21,2,55.73409999999785,139264,400.2046472885875,1070746.7466279743
liverpool-centre,compact_ruled,21,3,12.8679000000011,139264,92.3993278952285,1070746.7466279743
liverpool-centre,regular_grid,22,0,6.030099999999948,139264,43.29977596507315,1070746.7466279743
liverpool-centre,exact_p2,22,1,47.34629999999743,139264,339.9751551010845,1070746.7466279743
liverpool-centre,compact_ruled,22,2,10.410200000002078,139264,74.75155101104434,1070746.7466279743
liverpool-centre,generic_ruled,22,3,34.42309999999998,139264,247.17873965992632,1070746.7466279743
liverpool-centre,regular_grid,23,0,6.279500000000553,139264,45.090619255518675,1070746.7466279743
liverpool-centre,exact_p2,23,1,51.959899999998015,139264,373.1036017922652,1070746.7466279743
liverpool-centre,generic_ruled,23,2,34.213299999999435,139264,245.67224839154005,1070746.7466279743
liverpool-centre,compact_ruled,23,3,10.92779999999766,139264,78.46823299630672,1070746.7466279743
liverpool-north-quarter,compact_ruled,0,0,11.515800000001036,131072,87.85858154297665,1972899.7453192621
liverpool-north-quarter,generic_ruled,0,1,32.92020000000048,131072,251.1611938476599,1972899.7453192621
liverpool-north-quarter,exact_p2,0,2,57.71809999999823,131072,440.3541564941271,1972899.7453192621
liverpool-north-quarter,regular_grid,0,3,6.411199999998644,131072,48.913574218739654,1972899.7453192621
liverpool-north-quarter,compact_ruled,1,0,14.001500000002125,131072,106.82296752931309,1972899.7453192621
liverpool-north-quarter,generic_ruled,1,1,41.092100000001665,131072,313.5078430175908,1972899.7453192621
liverpool-north-quarter,regular_grid,1,2,5.648700000001554,131072,43.096160888683734,1972899.7453192621
liverpool-north-quarter,exact_p2,1,3,64.04680000000008,131072,488.63830566406307,1972899.7453192621
liverpool-north-quarter,compact_ruled,2,0,14.70720000000074,131072,112.20703125000564,1972899.7453192621
liverpool-north-quarter,exact_p2,2,1,52.84480000000258,131072,403.17382812501967,1972899.7453192621
liverpool-north-quarter,generic_ruled,2,2,34.73790000000008,131072,265.02914428711,1972899.7453192621
liverpool-north-quarter,regular_grid,2,3,6.424800000000687,131072,49.017333984380244,1972899.7453192621
liverpool-north-quarter,compact_ruled,3,0,10.505699999997887,131072,80.15213012693701,1972899.7453192621
liverpool-north-quarter,exact_p2,3,1,45.98769999999786,131072,350.85830688474925,1972899.7453192621
liverpool-north-quarter,regular_grid,3,2,11.030300000002171,131072,84.15451049806344,1972899.7453192621
liverpool-north-quarter,generic_ruled,3,3,44.575700000001234,131072,340.08560180665006,1972899.7453192621
liverpool-north-quarter,compact_ruled,4,0,11.299299999998766,131072,86.20681762694372,1972899.7453192621
liverpool-north-quarter,regular_grid,4,1,6.19550000000163,131072,47.26791381837181,1972899.7453192621
liverpool-north-quarter,generic_ruled,4,2,35.300499999997555,131072,269.321441650372,1972899.7453192621
liverpool-north-quarter,exact_p2,4,3,48.83250000000044,131072,372.562408447269,1972899.7453192621
liverpool-north-quarter,compact_ruled,5,0,12.2541999999994,131072,93.49212646483917,1972899.7453192621
liverpool-north-quarter,regular_grid,5,1,8.499899999998888,131072,64.84909057616339,1972899.7453192621
liverpool-north-quarter,exact_p2,5,2,72.78310000000056,131072,555.2909851074262,1972899.7453192621
liverpool-north-quarter,generic_ruled,5,3,40.08520000000135,131072,305.8258056640728,1972899.7453192621
liverpool-north-quarter,generic_ruled,6,0,42.05240000000049,131072,320.83435058594125,1972899.7453192621
liverpool-north-quarter,compact_ruled,6,1,10.534999999999854,131072,80.37567138671764,1972899.7453192621
liverpool-north-quarter,exact_p2,6,2,70.01880000000165,131072,534.2010498047001,1972899.7453192621
liverpool-north-quarter,regular_grid,6,3,8.191900000001624,131072,62.49923706055927,1972899.7453192621
liverpool-north-quarter,generic_ruled,7,0,47.7986000000019,131072,364.67437744142075,1972899.7453192621
liverpool-north-quarter,compact_ruled,7,1,16.875299999999697,131072,128.74832153320082,1972899.7453192621
liverpool-north-quarter,regular_grid,7,2,6.666199999999662,131072,50.85906982421618,1972899.7453192621
liverpool-north-quarter,exact_p2,7,3,64.41660000000047,131072,491.45965576172233,1972899.7453192621
liverpool-north-quarter,generic_ruled,8,0,40.54790000000139,131072,309.3559265136825,1972899.7453192621
liverpool-north-quarter,exact_p2,8,1,53.975900000001275,131072,411.8034362793066,1972899.7453192621
liverpool-north-quarter,compact_ruled,8,2,12.80420000000231,131072,97.68829345704889,1972899.7453192621
liverpool-north-quarter,regular_grid,8,3,6.328799999999319,131072,48.284912109369806,1972899.7453192621
liverpool-north-quarter,generic_ruled,9,0,47.606700000000274,131072,363.2102966308615,1972899.7453192621
liverpool-north-quarter,exact_p2,9,1,76.54189999999653,131072,583.9683532714579,1972899.7453192621
liverpool-north-quarter,regular_grid,9,2,13.316599999998289,131072,101.59759521483069,1972899.7453192621
liverpool-north-quarter,compact_ruled,9,3,15.911800000001676,131072,121.39739990235654,1972899.7453192621
liverpool-north-quarter,generic_ruled,10,0,47.570700000000215,131072,362.935638427736,1972899.7453192621
liverpool-north-quarter,regular_grid,10,1,8.47950000000128,131072,64.69345092774415,1972899.7453192621
liverpool-north-quarter,compact_ruled,10,2,16.908199999998033,131072,128.99932861326624,1972899.7453192621
liverpool-north-quarter,exact_p2,10,3,71.5701999999983,131072,546.0372924804558,1972899.7453192621
liverpool-north-quarter,generic_ruled,11,0,36.88249999999971,131072,281.3911437988259,1972899.7453192621
liverpool-north-quarter,regular_grid,11,1,5.458199999997305,131072,41.64276123044819,1972899.7453192621
liverpool-north-quarter,exact_p2,11,2,49.0086999999985,131072,373.9067077636604,1972899.7453192621
liverpool-north-quarter,compact_ruled,11,3,10.45720000000074,131072,79.78210449219314,1972899.7453192621
liverpool-north-quarter,exact_p2,12,0,43.64720000000307,131072,333.0017089843984,1972899.7453192621
liverpool-north-quarter,compact_ruled,12,1,11.01169999999911,131072,84.01260375975883,1972899.7453192621
liverpool-north-quarter,generic_ruled,12,2,32.42740000000049,131072,247.40142822265997,1972899.7453192621
liverpool-north-quarter,regular_grid,12,3,5.4997999999977765,131072,41.96014404295178,1972899.7453192621
liverpool-north-quarter,exact_p2,13,0,54.03110000000015,131072,412.224578857423,1972899.7453192621
liverpool-north-quarter,compact_ruled,13,1,10.152900000000955,131072,77.4604797363354,1972899.7453192621
liverpool-north-quarter,regular_grid,13,2,5.54569999999876,131072,42.31033325194367,1972899.7453192621
liverpool-north-quarter,generic_ruled,13,3,34.096700000001874,131072,260.1371765136862,1972899.7453192621
liverpool-north-quarter,exact_p2,14,0,35.57790000000023,131072,271.4378356933611,1972899.7453192621
liverpool-north-quarter,generic_ruled,14,1,22.58980000000156,131072,172.34649658204316,1972899.7453192621
liverpool-north-quarter,compact_ruled,14,2,10.349900000001071,131072,78.96347045899255,1972899.7453192621
liverpool-north-quarter,regular_grid,14,3,6.115600000000995,131072,46.658325195320096,1972899.7453192621
liverpool-north-quarter,exact_p2,15,0,51.925600000002305,131072,396.16088867189256,1972899.7453192621
liverpool-north-quarter,generic_ruled,15,1,33.99499999999898,131072,259.36126708983596,1972899.7453192621
liverpool-north-quarter,regular_grid,15,2,5.707399999999325,131072,43.5440063476511,1972899.7453192621
liverpool-north-quarter,compact_ruled,15,3,11.423999999999069,131072,87.1582031249929,1972899.7453192621
liverpool-north-quarter,exact_p2,16,0,51.598699999998644,131072,393.66683959959903,1972899.7453192621
liverpool-north-quarter,regular_grid,16,1,5.5625,131072,42.438507080078125,1972899.7453192621
liverpool-north-quarter,compact_ruled,16,2,10.700799999998708,131072,81.64062499999014,1972899.7453192621
liverpool-north-quarter,generic_ruled,16,3,33.77850000000035,131072,257.7095031738308,1972899.7453192621
liverpool-north-quarter,exact_p2,17,0,44.447000000000116,131072,339.10369873046966,1972899.7453192621
liverpool-north-quarter,regular_grid,17,1,5.209100000000035,131072,39.742279052734645,1972899.7453192621
liverpool-north-quarter,generic_ruled,17,2,33.08399999999892,131072,252.4108886718668,1972899.7453192621
liverpool-north-quarter,compact_ruled,17,3,11.697000000000116,131072,89.24102783203213,1972899.7453192621
liverpool-north-quarter,regular_grid,18,0,6.279299999998329,131072,47.90725708006538,1972899.7453192621
liverpool-north-quarter,compact_ruled,18,1,10.598500000000058,131072,80.86013793945357,1972899.7453192621
liverpool-north-quarter,generic_ruled,18,2,35.86130000000048,131072,273.6000061035193,1972899.7453192621
liverpool-north-quarter,exact_p2,18,3,55.7432000000008,131072,425.2868652343811,1972899.7453192621
liverpool-north-quarter,regular_grid,19,0,5.59939999999915,131072,42.72003173827477,1972899.7453192621
liverpool-north-quarter,compact_ruled,19,1,11.159099999997125,131072,85.13717651364993,1972899.7453192621
liverpool-north-quarter,exact_p2,19,2,50.33640000000014,131072,384.0362548828136,1972899.7453192621
liverpool-north-quarter,generic_ruled,19,3,44.239699999998265,131072,337.5221252441274,1972899.7453192621
liverpool-north-quarter,regular_grid,20,0,8.452800000002753,131072,64.489746093771,1972899.7453192621
liverpool-north-quarter,generic_ruled,20,1,45.53480000000127,131072,347.40295410157216,1972899.7453192621
liverpool-north-quarter,compact_ruled,20,2,14.837599999998929,131072,113.20190429686683,1972899.7453192621
liverpool-north-quarter,exact_p2,20,3,62.583199999997305,131072,477.4719238281044,1972899.7453192621
liverpool-north-quarter,regular_grid,21,0,5.968600000000151,131072,45.5368041992199,1972899.7453192621
liverpool-north-quarter,generic_ruled,21,1,40.54469999999856,131072,309.33151245116085,1972899.7453192621
liverpool-north-quarter,exact_p2,21,2,56.03020000000106,131072,427.4765014648518,1972899.7453192621
liverpool-north-quarter,compact_ruled,21,3,11.281800000000658,131072,86.07330322266127,1972899.7453192621
liverpool-north-quarter,regular_grid,22,0,7.814599999997881,131072,59.620666503890085,1972899.7453192621
liverpool-north-quarter,exact_p2,22,1,58.70349999999962,131072,447.8721618652315,1972899.7453192621
liverpool-north-quarter,compact_ruled,22,2,12.102699999999459,131072,92.33627319335524,1972899.7453192621
liverpool-north-quarter,generic_ruled,22,3,42.42499999999927,131072,323.6770629882757,1972899.7453192621
liverpool-north-quarter,regular_grid,23,0,8.254700000001321,131072,62.97836303711946,1972899.7453192621
liverpool-north-quarter,exact_p2,23,1,66.41709999999875,131072,506.7222595214749,1972899.7453192621
liverpool-north-quarter,generic_ruled,23,2,38.452699999998,131072,293.37081909178164,1972899.7453192621
liverpool-north-quarter,compact_ruled,23,3,11.612400000001799,131072,88.59558105470123,1972899.7453192621
sheffield-centre,compact_ruled,0,0,14.226699999999255,86016,165.39597284225323,7525479.456832727
sheffield-centre,generic_ruled,0,1,26.342499999998836,86016,306.25116257439123,7525479.456832727
sheffield-centre,exact_p2,0,2,42.31850000000122,86016,491.9840494791809,7525479.456832728
sheffield-centre,regular_grid,0,3,6.42160000000149,86016,74.6558779762078,7525479.456832728
sheffield-centre,compact_ruled,1,0,9.10570000000007,86016,105.86053757440558,7525479.456832727
sheffield-centre,generic_ruled,1,1,34.72649999999703,86016,403.7214006696084,7525479.456832727
sheffield-centre,regular_grid,1,2,4.073200000002544,86016,47.35398065479147,7525479.456832728
sheffield-centre,exact_p2,1,3,32.143299999999726,86016,373.6897786458302,7525479.456832728
sheffield-centre,compact_ruled,2,0,9.319700000000012,86016,108.34844680059537,7525479.456832727
sheffield-centre,exact_p2,2,1,49.18180000000211,86016,571.775018601215,7525479.456832728
sheffield-centre,generic_ruled,2,2,32.175900000002,86016,374.068777901809,7525479.456832727
sheffield-centre,regular_grid,2,3,5.057600000000093,86016,58.798363095239175,7525479.456832728
sheffield-centre,compact_ruled,3,0,9.031399999999849,86016,104.99674479166491,7525479.456832727
sheffield-centre,exact_p2,3,1,38.90910000000076,86016,452.34723772322315,7525479.456832728
sheffield-centre,regular_grid,3,2,5.723200000000361,86016,66.53645833333754,7525479.456832728
sheffield-centre,generic_ruled,3,3,35.280000000002474,86016,410.15625000002876,7525479.456832727
sheffield-centre,compact_ruled,4,0,8.75340000000142,86016,101.76478794644507,7525479.456832727
sheffield-centre,regular_grid,4,1,4.276699999998527,86016,49.71981956843526,7525479.456832728
sheffield-centre,generic_ruled,4,2,35.087899999998626,86016,407.92294456843644,7525479.456832727
sheffield-centre,exact_p2,4,3,35.042600000000675,86016,407.39629836310314,7525479.456832728
sheffield-centre,compact_ruled,5,0,9.252999999996973,86016,107.57300967258386,7525479.456832727
sheffield-centre,regular_grid,5,1,3.469099999998434,86016,40.33086867557704,7525479.456832728
sheffield-centre,exact_p2,5,2,42.4416999999994,86016,493.4163411458264,7525479.456832728
sheffield-centre,generic_ruled,5,3,26.41479999999865,86016,307.09170386903196,7525479.456832727
sheffield-centre,generic_ruled,6,0,23.17229999999836,86016,269.39522879462373,7525479.456832727
sheffield-centre,compact_ruled,6,1,7.186799999999494,86016,83.55189732142269,7525479.456832727
sheffield-centre,exact_p2,6,2,28.07520000000295,86016,326.3950892857486,7525479.456832728
sheffield-centre,regular_grid,6,3,3.292199999999866,86016,38.27427455356987,7525479.456832728
sheffield-centre,generic_ruled,7,0,25.959200000001147,86016,301.7950148809657,7525479.456832727
sheffield-centre,compact_ruled,7,1,7.344300000000658,86016,85.38295200893621,7525479.456832727
sheffield-centre,regular_grid,7,2,3.556300000000192,86016,41.34463355654985,7525479.456832728
sheffield-centre,exact_p2,7,3,32.43840000000273,86016,377.12053571431744,7525479.456832728
sheffield-centre,generic_ruled,8,0,24.34929999999804,86016,283.07872953866763,7525479.456832727
sheffield-centre,exact_p2,8,1,28.437999999998283,86016,330.61290922617053,7525479.456832728
sheffield-centre,compact_ruled,8,2,5.849099999999453,86016,68.0001395089222,7525479.456832727
sheffield-centre,regular_grid,8,3,2.8566000000028,86016,33.21010044646112,7525479.456832728
sheffield-centre,generic_ruled,9,0,26.561899999996967,86016,308.8018508184171,7525479.456832727
sheffield-centre,exact_p2,9,1,30.11070000000109,86016,350.0592912946555,7525479.456832728
sheffield-centre,regular_grid,9,2,4.10019999999713,86016,47.66787574401426,7525479.456832728
sheffield-centre,compact_ruled,9,3,6.636700000002747,86016,77.15657552086527,7525479.456832727
sheffield-centre,generic_ruled,10,0,25.459600000001956,86016,295.98679315478466,7525479.456832727
sheffield-centre,regular_grid,10,1,3.50879999999961,86016,40.792410714281175,7525479.456832728
sheffield-centre,compact_ruled,10,2,7.619399999999587,86016,88.58119419642377,7525479.456832727
sheffield-centre,exact_p2,10,3,31.744399999999587,86016,369.0522693452333,7525479.456832728
sheffield-centre,generic_ruled,11,0,24.286700000000565,86016,282.3509579613161,7525479.456832727
sheffield-centre,regular_grid,11,1,3.4659000000028755,86016,40.293666294676285,7525479.456832728
sheffield-centre,exact_p2,11,2,31.209599999998318,86016,362.83482142855183,7525479.456832728
sheffield-centre,compact_ruled,11,3,7.256199999999808,86016,84.3587239583311,7525479.456832727
sheffield-centre,exact_p2,12,0,32.131100000002334,86016,373.5479445684795,7525479.456832728
sheffield-centre,compact_ruled,12,1,7.716799999998329,86016,89.71354166664725,7525479.456832727
sheffield-centre,generic_ruled,12,2,23.7413000000015,86016,276.0102771577555,7525479.456832727
sheffield-centre,regular_grid,12,3,3.150900000000547,86016,36.63155691964922,7525479.456832728
sheffield-centre,exact_p2,13,0,31.47660000000178,86016,365.9388950893064,7525479.456832728
sheffield-centre,compact_ruled,13,1,7.6107000000010885,86016,88.48005022322694,7525479.456832727
sheffield-centre,regular_grid,13,2,3.4896999999982654,86016,40.570359002956025,7525479.456832728
sheffield-centre,generic_ruled,13,3,22.427899999998772,86016,260.741024925581,7525479.456832727
sheffield-centre,exact_p2,14,0,33.84299999999712,86016,393.4500558035379,7525479.456832728
sheffield-centre,generic_ruled,14,1,27.292300000000978,86016,317.2932942708447,7525479.456832727
sheffield-centre,compact_ruled,14,2,8.077900000000227,86016,93.91159784226454,7525479.456832727
sheffield-centre,regular_grid,14,3,3.721799999999348,86016,43.268694196420995,7525479.456832728
sheffield-centre,exact_p2,15,0,32.66310000000158,86016,379.732840401804,7525479.456832728
sheffield-centre,generic_ruled,15,1,25.1961999999985,86016,292.9245721726016,7525479.456832727
sheffield-centre,regular_grid,15,2,4.013200000001234,86016,46.656436011919105,7525479.456832728
sheffield-centre,compact_ruled,15,3,6.306000000000495,86016,73.31194196429146,7525479.456832727
sheffield-centre,exact_p2,16,0,31.442300000002433,86016,365.54013206848066,7525479.456832728
sheffield-centre,regular_grid,16,1,6.02730000000156,86016,70.07184709823242,7525479.456832728
sheffield-centre,compact_ruled,16,2,7.437799999999697,86016,86.46995907737744,7525479.456832727
sheffield-centre,generic_ruled,16,3,25.768499999998312,86016,299.57798549105183,7525479.456832727
sheffield-centre,exact_p2,17,0,29.972799999999552,86016,348.456101190471,7525479.456832728
sheffield-centre,regular_grid,17,1,3.7436000000016065,86016,43.522135416685344,7525479.456832728
sheffield-centre,generic_ruled,17,2,22.96929999999702,86016,267.03520275294153,7525479.456832727
sheffield-centre,compact_ruled,17,3,7.438700000002427,86016,86.48042224705202,7525479.456832727
sheffield-centre,regular_grid,18,0,4.648199999999633,86016,54.03878348213859,7525479.456832728
sheffield-centre,compact_ruled,18,1,6.858799999998155,86016,79.73865327378807,7525479.456832727
sheffield-centre,generic_ruled,18,2,25.437799999999697,86016,295.73335193452033,7525479.456832727
sheffield-centre,exact_p2,18,3,32.63180000000284,86016,379.36895461312827,7525479.456832728
sheffield-centre,regular_grid,19,0,4.155900000001566,86016,48.315429687518204,7525479.456832728
sheffield-centre,compact_ruled,19,1,6.4429999999993015,86016,74.9046688988014,7525479.456832727
sheffield-centre,exact_p2,19,2,31.214599999999336,86016,362.8929501488018,7525479.456832728
sheffield-centre,generic_ruled,19,3,23.694800000001123,86016,275.46968005953687,7525479.456832727
sheffield-centre,regular_grid,20,0,4.202400000001944,86016,48.856026785736894,7525479.456832728
sheffield-centre,generic_ruled,20,1,24.579099999999016,86016,285.7503255208219,7525479.456832727
sheffield-centre,compact_ruled,20,2,9.008999999998196,86016,104.73632812497901,7525479.456832727
sheffield-centre,exact_p2,20,3,29.755999999997584,86016,345.9356398809243,7525479.456832728
sheffield-centre,regular_grid,21,0,3.86449999999968,86016,44.92768787202009,7525479.456832728
sheffield-centre,generic_ruled,21,1,22.252000000000407,86016,258.69605654762375,7525479.456832727
sheffield-centre,exact_p2,21,2,29.073199999998906,86016,337.99758184522534,7525479.456832728
sheffield-centre,compact_ruled,21,3,5.8254999999990105,86016,67.72577194939326,7525479.456832727
sheffield-centre,regular_grid,22,0,3.652799999999843,86016,42.46651785714103,7525479.456832728
sheffield-centre,exact_p2,22,1,25.289700000001176,86016,294.0115792410851,7525479.456832728
sheffield-centre,compact_ruled,22,2,6.45509999999922,86016,75.04534040177664,7525479.456832727
sheffield-centre,generic_ruled,22,3,24.700699999997596,86016,287.1640159969959,7525479.456832727
sheffield-centre,regular_grid,23,0,4.5070999999989,86016,52.39839099701102,7525479.456832728
sheffield-centre,exact_p2,23,1,34.98440000000119,86016,406.7196800595376,7525479.456832728
sheffield-centre,generic_ruled,23,2,23.247299999999086,86016,270.26715959820365,7525479.456832727
sheffield-centre,compact_ruled,23,3,7.207399999999325,86016,83.79138764880167,7525479.456832727
sheffield-north-quarter,compact_ruled,0,0,10.785200000002078,110592,97.52242476853732,6606846.673933484
sheffield-north-quarter,generic_ruled,0,1,33.98500000000058,110592,307.3007089120423,6606846.673933484
sheffield-north-quarter,exact_p2,0,2,40.33129999999801,110592,364.6855107060005,6606846.673933484
sheffield-north-quarter,regular_grid,0,3,4.626800000001822,110592,41.836660879646104,6606846.673933484
sheffield-north-quarter,compact_ruled,1,0,10.245699999999488,110592,92.64413339119908,6606846.673933484
sheffield-north-quarter,generic_ruled,1,1,33.030399999999645,110592,298.6689814814783,6606846.673933484
sheffield-north-quarter,regular_grid,1,2,5.874299999999494,110592,53.11686197916209,6606846.673933484
sheffield-north-quarter,exact_p2,1,3,42.17529999999897,110592,381.3594111689722,6606846.673933484
sheffield-north-quarter,compact_ruled,2,0,9.307600000000093,110592,84.1616030092601,6606846.673933484
sheffield-north-quarter,exact_p2,2,1,45.5525000000016,110592,411.8968822338108,6606846.673933484
sheffield-north-quarter,generic_ruled,2,2,29.147900000003574,110592,263.5624638310508,6606846.673933484
sheffield-north-quarter,regular_grid,2,3,4.217700000001059,110592,38.13747829862069,6606846.673933484
sheffield-north-quarter,compact_ruled,3,0,9.72149999999965,110592,87.90418836805239,6606846.673933484
sheffield-north-quarter,exact_p2,3,1,44.08810000000085,110592,398.6554181134336,6606846.673933484
sheffield-north-quarter,regular_grid,3,2,5.1512000000002445,110592,46.57841435185406,6606846.673933484
sheffield-north-quarter,generic_ruled,3,3,29.36869999999908,110592,265.55899160878795,6606846.673933484
sheffield-north-quarter,compact_ruled,4,0,11.081300000005285,110592,100.19983362273298,6606846.673933484
sheffield-north-quarter,regular_grid,4,1,5.113099999995029,110592,46.23390480319579,6606846.673933484
sheffield-north-quarter,generic_ruled,4,2,28.620199999997567,110592,258.7908709490521,6606846.673933484
sheffield-north-quarter,exact_p2,4,3,43.4349000000002,110592,392.7490234375018,6606846.673933484
sheffield-north-quarter,compact_ruled,5,0,9.203200000003562,110592,83.2175925926248,6606846.673933484
sheffield-north-quarter,regular_grid,5,1,4.9715999999971245,110592,44.95442708330733,6606846.673933484
sheffield-north-quarter,exact_p2,5,2,46.526700000002165,110592,420.7058376736307,6606846.673933484
sheffield-north-quarter,generic_ruled,5,3,28.972600000000966,110592,261.9773582176013,6606846.673933484
sheffield-north-quarter,generic_ruled,6,0,28.28979999999865,110592,255.8033130786915,6606846.673933484
sheffield-north-quarter,compact_ruled,6,1,9.93869999999879,110592,89.86816406248906,6606846.673933484
sheffield-north-quarter,exact_p2,6,2,42.63709999999992,110592,385.5351200810178,6606846.673933484
sheffield-north-quarter,regular_grid,6,3,6.522400000001653,110592,58.97714120371865,6606846.673933484
sheffield-north-quarter,generic_ruled,7,0,27.193599999998696,110592,245.8912037036919,6606846.673933484
sheffield-north-quarter,compact_ruled,7,1,9.101899999994203,110592,82.30161313652167,6606846.673933484
sheffield-north-quarter,regular_grid,7,2,5.360200000002806,110592,48.468243634284626,6606846.673933484
sheffield-north-quarter,exact_p2,7,3,42.736299999996845,110592,386.43211082173076,6606846.673933484
sheffield-north-quarter,generic_ruled,8,0,29.574699999997392,110592,267.421694155069,6606846.673933484
sheffield-north-quarter,exact_p2,8,1,42.3093000000008,110592,382.57107204861836,6606846.673933484
sheffield-north-quarter,compact_ruled,8,2,8.194999999999709,110592,74.10120081018256,6606846.673933484
sheffield-north-quarter,regular_grid,8,3,4.7972999999983585,110592,43.37836371526294,6606846.673933484
sheffield-north-quarter,generic_ruled,9,0,27.734899999995832,110592,250.7857711226475,6606846.673933484
sheffield-north-quarter,exact_p2,9,1,39.99580000000424,110592,361.6518373842976,6606846.673933484
sheffield-north-quarter,regular_grid,9,2,4.541199999999662,110592,41.062644675922876,6606846.673933484
sheffield-north-quarter,compact_ruled,9,3,9.532700000003388,110592,86.19701244216027,6606846.673933484
sheffield-north-quarter,generic_ruled,10,0,27.315699999999197,110592,246.99526186341865,6606846.673933484
sheffield-north-quarter,regular_grid,10,1,4.1494000000020606,110592,37.51989293983345,6606846.673933484
sheffield-north-quarter,compact_ruled,10,2,8.805000000000291,110592,79.61697048611374,6606846.673933484
sheffield-north-quarter,exact_p2,10,3,51.35639999999694,110592,464.3771701388612,6606846.673933484
sheffield-north-quarter,generic_ruled,11,0,28.816300000005867,110592,260.56405526625673,6606846.673933484
sheffield-north-quarter,regular_grid,11,1,4.945599999999104,110592,44.7193287036956,6606846.673933484
sheffield-north-quarter,exact_p2,11,2,42.034099999997125,110592,380.0826461226592,6606846.673933484
sheffield-north-quarter,compact_ruled,11,3,8.549700000003213,110592,77.3084852430846,6606846.673933484
sheffield-north-quarter,exact_p2,12,0,39.71480000000156,110592,359.11096643519926,6606846.673933484
sheffield-north-quarter,compact_ruled,12,1,8.88579999999638,110592,80.3475839120043,6606846.673933484
sheffield-north-quarter,generic_ruled,12,2,27.346400000002177,110592,247.27285879631597,6606846.673933484
sheffield-north-quarter,regular_grid,12,3,4.60389999999461,110592,41.62959346059941,6606846.673933484
sheffield-north-quarter,exact_p2,13,0,41.105100000000675,110592,371.6824001736172,6606846.673933484
sheffield-north-quarter,compact_ruled,13,1,5.538000000000466,110592,50.07595486111532,6606846.673933484
sheffield-north-quarter,regular_grid,13,2,5.915200000003097,110592,53.48668981484281,6606846.673933484
sheffield-north-quarter,generic_ruled,13,3,26.267299999999523,110592,237.51537181712533,6606846.673933484
sheffield-north-quarter,exact_p2,14,0,33.547799999993,110592,303.3474392360479,6606846.673933484
sheffield-north-quarter,generic_ruled,14,1,34.5876999999964,110592,312.7504701967267,6606846.673933484
sheffield-north-quarter,compact_ruled,14,2,8.309400000005553,110592,75.13563368060576,6606846.673933484
sheffield-north-quarter,regular_grid,14,3,5.742400000002817,110592,51.92418981484029,6606846.673933484
sheffield-north-quarter,exact_p2,15,0,28.040200000003097,110592,253.54636863428726,6606846.673933484
sheffield-north-quarter,generic_ruled,15,1,24.466599999999744,110592,221.2330005787014,6606846.673933484
sheffield-north-quarter,regular_grid,15,2,5.355999999999767,110592,48.4302662037016,6606846.673933484
sheffield-north-quarter,compact_ruled,15,3,10.615600000004633,110592,95.9888599537456,6606846.673933484
sheffield-north-quarter,exact_p2,16,0,45.93450000000303,110592,415.3510199653051,6606846.673933484
sheffield-north-quarter,regular_grid,16,1,5.662799999998242,110592,51.204427083317434,6606846.673933484
sheffield-north-quarter,compact_ruled,16,2,8.695199999994657,110592,78.62413194439613,6606846.673933484
sheffield-north-quarter,generic_ruled,16,3,29.006500000003143,110592,262.2838903356766,6606846.673933484
sheffield-north-quarter,exact_p2,17,0,47.55310000000463,110592,429.9867983218012,6606846.673933484
sheffield-north-quarter,regular_grid,17,1,4.402900000000955,110592,39.812102141212335,6606846.673933484
sheffield-north-quarter,generic_ruled,17,2,27.47200000000157,110592,248.40856481482902,6606846.673933484
sheffield-north-quarter,compact_ruled,17,3,10.137300000002142,110592,91.66395399307493,6606846.673933484
sheffield-north-quarter,regular_grid,18,0,4.245000000002619,110592,38.384331597245904,6606846.673933484
sheffield-north-quarter,compact_ruled,18,1,9.781100000000151,110592,88.443106192131,6606846.673933484
sheffield-north-quarter,generic_ruled,18,2,27.890800000001036,110592,252.1954571759353,6606846.673933484
sheffield-north-quarter,exact_p2,18,3,38.42199999999866,110592,347.4211516203582,6606846.673933484
sheffield-north-quarter,regular_grid,19,0,4.626799999998184,110592,41.836660879613206,6606846.673933484
sheffield-north-quarter,compact_ruled,19,1,8.617199999993318,110592,77.91883680549512,6606846.673933484
sheffield-north-quarter,exact_p2,19,2,41.082399999999325,110592,371.47714120369756,6606846.673933484
sheffield-north-quarter,generic_ruled,19,3,27.033599999995204,110592,244.44444444440106,6606846.673933484
sheffield-north-quarter,regular_grid,20,0,4.424300000006042,110592,40.00560619218427,6606846.673933484
sheffield-north-quarter,generic_ruled,20,1,26.226300000002084,110592,237.14463975696327,6606846.673933484
sheffield-north-quarter,compact_ruled,20,2,9.636700000002747,110592,87.137405960673,6606846.673933484
sheffield-north-quarter,exact_p2,20,3,37.956899999997404,110592,343.21560329858767,6606846.673933484
sheffield-north-quarter,regular_grid,21,0,5.378799999998591,110592,48.63642939813541,6606846.673933484
sheffield-north-quarter,generic_ruled,21,1,25.33140000000276,110592,229.05273437502495,6606846.673933484
sheffield-north-quarter,exact_p2,21,2,38.40869999999995,110592,347.30088975694406,6606846.673933484
sheffield-north-quarter,compact_ruled,21,3,8.69220000000496,110592,78.59700520837816,6606846.673933484
sheffield-north-quarter,regular_grid,22,0,4.3421999999991385,110592,39.263237847214434,6606846.673933484
sheffield-north-quarter,exact_p2,22,1,37.46990000000369,110592,338.8120298032741,6606846.673933484
sheffield-north-quarter,compact_ruled,22,2,9.743200000004435,110592,88.1004050926327,6606846.673933484
sheffield-north-quarter,generic_ruled,22,3,24.896499999995285,110592,225.1202618633833,6606846.673933484
sheffield-north-quarter,regular_grid,23,0,4.744299999998475,110592,42.899124710634354,6606846.673933484
sheffield-north-quarter,exact_p2,23,1,39.15320000000065,110592,354.03284143519113,6606846.673933484
sheffield-north-quarter,generic_ruled,23,2,27.017299999999523,110592,244.2970558449031,6606846.673933484
sheffield-north-quarter,compact_ruled,23,3,10.564899999997579,110592,95.53041811340402,6606846.673933484
leeds-centre,compact_ruled,0,0,11.361799999998766,131072,86.68365478514684,5200181.01535067
leeds-centre,generic_ruled,0,1,30.036000000000058,131072,229.15649414062545,5200181.01535067
leeds-centre,exact_p2,0,2,41.43319999999949,131072,316.1102294921836,5200181.01535067
leeds-centre,regular_grid,0,3,5.099199999996927,131072,38.90380859372655,5200181.01535067
leeds-centre,compact_ruled,1,0,10.720499999995809,131072,81.79092407223365,5200181.01535067
leeds-centre,generic_ruled,1,1,30.169699999998556,131072,230.1765441894421,5200181.01535067
leeds-centre,regular_grid,1,2,5.735499999995227,131072,43.75839233394796,5200181.01535067
leeds-centre,exact_p2,1,3,40.810899999996764,131072,311.36245727536595,5200181.01535067
leeds-centre,compact_ruled,2,0,10.806600000003527,131072,82.44781494143317,5200181.01535067
leeds-centre,exact_p2,2,1,41.38719999999739,131072,315.7592773437301,5200181.01535067
leeds-centre,generic_ruled,2,2,30.732899999995425,131072,234.47341918941822,5200181.01535067
leeds-centre,regular_grid,2,3,5.084199999997509,131072,38.78936767576224,5200181.01535067
leeds-centre,compact_ruled,3,0,9.670700000002398,131072,73.78158569337768,5200181.01535067
leeds-centre,exact_p2,3,1,41.16969999999856,131072,314.0998840331921,5200181.01535067
leeds-centre,regular_grid,3,2,5.992700000002515,131072,45.72067260744106,5200181.01535067
leeds-centre,generic_ruled,3,3,29.942199999997683,131072,228.44085693357607,5200181.01535067
leeds-centre,compact_ruled,4,0,10.394699999997101,131072,79.30526733396226,5200181.01535067
leeds-centre,regular_grid,4,1,5.75,131072,43.8690185546875,5200181.01535067
leeds-centre,generic_ruled,4,2,31.499100000000908,131072,240.3190612793038,5200181.01535067
leeds-centre,exact_p2,4,3,44.716599999999744,131072,341.1605834960918,5200181.01535067
leeds-centre,compact_ruled,5,0,12.004099999998289,131072,91.58401489256507,5200181.01535067
leeds-centre,regular_grid,5,1,6.9781999999977415,131072,53.23944091795152,5200181.01535067
leeds-centre,exact_p2,5,2,48.84300000000076,131072,372.64251708984955,5200181.01535067
leeds-centre,generic_ruled,5,3,30.58190000000468,131072,233.32138061527007,5200181.01535067
leeds-centre,generic_ruled,6,0,31.828600000000733,131072,242.83294677734935,5200181.01535067
leeds-centre,compact_ruled,6,1,10.621800000000803,131072,81.03790283203737,5200181.01535067
leeds-centre,exact_p2,6,2,47.54690000000119,131072,362.75405883789966,5200181.01535067
leeds-centre,regular_grid,6,3,5.840300000003481,131072,44.557952880885935,5200181.01535067
leeds-centre,generic_ruled,7,0,32.114199999996345,131072,245.01190185544087,5200181.01535067
leeds-centre,compact_ruled,7,1,11.276700000002165,131072,86.03439331056339,5200181.01535067
leeds-centre,regular_grid,7,2,5.4923000000053435,131072,41.902923584025146,5200181.01535067
leeds-centre,exact_p2,7,3,45.38180000000284,131072,346.2356567383029,5200181.01535067
leeds-centre,generic_ruled,8,0,32.85649999999441,131072,250.675201415973,5200181.01535067
leeds-centre,exact_p2,8,1,44.965799999998126,131072,343.0618286132669,5200181.01535067
leeds-centre,compact_ruled,8,2,10.252599999999802,131072,78.22113037109224,5200181.01535067
leeds-centre,regular_grid,8,3,6.077499999999418,131072,46.367645263667434,5200181.01535067
leeds-centre,generic_ruled,9,0,30.964899999999034,131072,236.24343872069576,5200181.01535067
leeds-centre,exact_p2,9,1,46.023699999997916,131072,351.1329650878747,5200181.01535067
leeds-centre,regular_grid,9,2,6.2753000000011525,131072,47.87673950196192,5200181.01535067
leeds-centre,compact_ruled,9,3,10.222099999999045,131072,77.98843383788335,5200181.01535067
leeds-centre,generic_ruled,10,0,31.06289999999717,131072,236.99111938474405,5200181.01535067
leeds-centre,regular_grid,10,1,4.884200000000419,131072,37.26348876953445,5200181.01535067
leeds-centre,compact_ruled,10,2,11.105100000000675,131072,84.72518920898952,5200181.01535067
leeds-centre,exact_p2,10,3,48.234599999996135,131072,368.00079345700175,5200181.01535067
leeds-centre,generic_ruled,11,0,31.472999999998137,131072,240.11993408201704,5200181.01535067
leeds-centre,regular_grid,11,1,5.299600000005739,131072,40.432739257856284,5200181.01535067
leeds-centre,exact_p2,11,2,47.457500000004075,131072,362.07199096682797,5200181.01535067
leeds-centre,compact_ruled,11,3,11.87550000000192,131072,90.60287475587403,5200181.01535067
leeds-centre,exact_p2,12,0,46.33770000000368,131072,353.5285949707312,5200181.01535067
leeds-centre,compact_ruled,12,1,11.465299999996205,131072,87.47329711911166,5200181.01535067
leeds-centre,generic_ruled,12,2,32.7638999999981,131072,249.9687194824074,5200181.01535067
leeds-centre,regular_grid,12,3,5.5561000000016065,131072,42.38967895509038,5200181.01535067
leeds-centre,exact_p2,13,0,44.50939999999537,131072,339.5797729491834,5200181.01535067
leeds-centre,compact_ruled,13,1,10.94199999999546,131072,83.48083496090285,5200181.01535067
leeds-centre,regular_grid,13,2,5.28979999999865,131072,40.35797119139595,5200181.01535067
leeds-centre,generic_ruled,13,3,31.34100000000035,131072,239.11285400390892,5200181.01535067
leeds-centre,exact_p2,14,0,48.297599999998056,131072,368.48144531248516,5200181.01535067
leeds-centre,generic_ruled,14,1,31.46480000000156,131072,240.0573730468869,5200181.01535067
leeds-centre,compact_ruled,14,2,12.58640000000014,131072,96.02661132812607,5200181.01535067
leeds-centre,regular_grid,14,3,5.500799999994342,131072,41.967773437456835,5200181.01535067
leeds-centre,exact_p2,15,0,43.50589999999647,131072,331.9236755370825,5200181.01535067
leeds-centre,generic_ruled,15,1,31.68069999999716,131072,241.70455932615022,5200181.01535067
leeds-centre,regular_grid,15,2,5.386800000000221,131072,41.09802246093919,5200181.01535067
leeds-centre,compact_ruled,15,3,9.837699999996403,131072,75.05569458005068,5200181.01535067
leeds-centre,exact_p2,16,0,43.83669999999984,131072,334.4474792480456,5200181.01535067
leeds-centre,regular_grid,16,1,4.86710000000312,131072,37.13302612307068,5200181.01535067
leeds-centre,compact_ruled,16,2,10.288400000004913,131072,78.49426269534999,5200181.01535067
leeds-centre,generic_ruled,16,3,31.89020000000164,131072,243.30291748048128,5200181.01535067
leeds-centre,exact_p2,17,0,42.936399999998685,131072,327.57873535155244,5200181.01535067
leeds-centre,regular_grid,17,1,5.11540000000241,131072,39.02740478517464,5200181.01535067
leeds-centre,generic_ruled,17,2,30.58469999999943,131072,233.34274291991753,5200181.01535067
leeds-centre,compact_ruled,17,3,11.187899999997171,131072,85.35690307615029,5200181.01535067
leeds-centre,regular_grid,18,0,5.856599999999162,131072,44.682312011712355,5200181.01535067
leeds-centre,compact_ruled,18,1,10.125,131072,77.24761962890625,5200181.01535067
leeds-centre,generic_ruled,18,2,31.16700000000128,131072,237.78533935547853,5200181.01535067
leeds-centre,exact_p2,18,3,43.29170000000158,131072,330.2894592285277,5200181.01535067
leeds-centre,regular_grid,19,0,5.362100000005739,131072,40.90957641605941,5200181.01535067
leeds-centre,compact_ruled,19,1,10.314700000002631,131072,78.69491577150444,5200181.01535067
leeds-centre,exact_p2,19,2,44.322199999995064,131072,338.1515502929311,5200181.01535067
leeds-centre,generic_ruled,19,3,31.646899999999732,131072,241.44668579101358,5200181.01535067
leeds-centre,regular_grid,20,0,5.16990000000078,131072,39.44320678711533,5200181.01535067
leeds-centre,generic_ruled,20,1,31.158900000002177,131072,237.72354125978222,5200181.01535067
leeds-centre,compact_ruled,20,2,10.342400000001362,131072,78.90625000001039,5200181.01535067
leeds-centre,exact_p2,20,3,43.822000000000116,131072,334.3353271484384,5200181.01535067
leeds-centre,regular_grid,21,0,5.050699999999779,131072,38.533782958982684,5200181.01535067
leeds-centre,generic_ruled,21,1,30.836999999999534,131072,235.2676391601527,5200181.01535067
leeds-centre,exact_p2,21,2,44.8266999999978,131072,342.0005798339676,5200181.01535067
leeds-centre,compact_ruled,21,3,9.836699999999837,131072,75.04806518554562,5200181.01535067
leeds-centre,regular_grid,22,0,5.636599999997998,131072,43.00384521482847,5200181.01535067
leeds-centre,exact_p2,22,1,44.053399999997055,131072,336.1007690429463,5200181.01535067
leeds-centre,compact_ruled,22,2,10.219100000002072,131072,77.96554565431268,5200181.01535067
leeds-centre,generic_ruled,22,3,30.534200000001874,131072,232.95745849610805,5200181.01535067
leeds-centre,regular_grid,23,0,5.729500000001281,131072,43.712615966806645,5200181.01535067
leeds-centre,exact_p2,23,1,41.50600000000122,131072,316.6656494140718,5200181.01535067
leeds-centre,generic_ruled,23,2,32.704899999997,131072,249.51858520505522,5200181.01535067
leeds-centre,compact_ruled,23,3,11.706400000002759,131072,89.31274414064605,5200181.01535067
leeds-north-quarter,compact_ruled,0,0,8.337700000003679,98304,84.81547037764159,6153457.397874417
leeds-north-quarter,generic_ruled,0,1,26.44289999999455,98304,268.9910888671321,6153457.397874417
leeds-north-quarter,exact_p2,0,2,37.34810000000289,98304,379.92451985680026,6153457.397874424
leeds-north-quarter,regular_grid,0,3,4.020499999998719,98304,40.898640950507804,6153457.397874424
leeds-north-quarter,compact_ruled,1,0,8.334999999999127,98304,84.78800455728278,6153457.397874417
leeds-north-quarter,generic_ruled,1,1,25.581200000000536,98304,260.22542317708877,6153457.397874417
leeds-north-quarter,regular_grid,1,2,4.405799999993178,98304,44.8181152343056,6153457.397874424
leeds-north-quarter,exact_p2,1,3,37.377300000000105,98304,380.2215576171886,6153457.397874424
leeds-north-quarter,compact_ruled,2,0,7.953699999998207,98304,80.90922037758592,6153457.397874417
leeds-north-quarter,exact_p2,2,1,37.4230000000025,98304,380.68644205731715,6153457.397874424
leeds-north-quarter,generic_ruled,2,2,25.535000000003492,98304,259.7554524739939,6153457.397874417
leeds-north-quarter,regular_grid,2,3,5.442399999999907,98304,55.36295572916572,6153457.397874424
leeds-north-quarter,compact_ruled,3,0,7.26480000000447,98304,73.90136718754547,6153457.397874417
leeds-north-quarter,exact_p2,3,1,33.240200000000186,98304,338.13680013021025,6153457.397874424
leeds-north-quarter,regular_grid,3,2,4.377899999999499,98304,44.534301757807405,6153457.397874424
leeds-north-quarter,generic_ruled,3,3,26.959399999999732,98304,274.2451985677056,6153457.397874417
leeds-north-quarter,compact_ruled,4,0,7.823100000001432,98304,79.58068847657707,6153457.397874417
leeds-north-quarter,regular_grid,4,1,4.092299999996612,98304,41.62902832027804,6153457.397874424
leeds-north-quarter,generic_ruled,4,2,23.606900000006135,98304,240.14180501308326,6153457.397874417
leeds-north-quarter,exact_p2,4,3,33.92760000000271,98304,345.12939453127757,6153457.397874424
leeds-north-quarter,compact_ruled,5,0,7.429299999996147,98304,75.57474772131496,6153457.397874417
leeds-north-quarter,regular_grid,5,1,4.012000000002445,98304,40.81217447919153,6153457.397874424
leeds-north-quarter,exact_p2,5,2,34.66509999999835,98304,352.63163248696236,6153457.397874424
leeds-north-quarter,generic_ruled,5,3,22.821300000003248,98304,232.15026855472055,6153457.397874417
leeds-north-quarter,generic_ruled,6,0,23.340599999995902,98304,237.4328613280833,6153457.397874417
leeds-north-quarter,compact_ruled,6,1,7.090500000005704,98304,72.12829589849552,6153457.397874417
leeds-north-quarter,exact_p2,6,2,33.30240000000049,98304,338.76953125000495,6153457.397874424
leeds-north-quarter,regular_grid,6,3,4.600999999995111,98304,46.8037923176586,6153457.397874424
leeds-north-quarter,generic_ruled,7,0,23.263899999998102,98304,236.6526285807099,6153457.397874417
leeds-north-quarter,compact_ruled,7,1,7.60729999999603,98304,77.38545735673046,6153457.397874417
leeds-north-quarter,regular_grid,7,2,3.967400000001362,98304,40.35847981772219,6153457.397874424
leeds-north-quarter,exact_p2,7,3,33.49539999999979,98304,340.7328287760395,6153457.397874424
leeds-north-quarter,generic_ruled,8,0,24.245100000000093,98304,246.63391113281344,6153457.397874417
leeds-north-quarter,exact_p2,8,1,33.49360000000161,98304,340.714518229183,6153457.397874424
leeds-north-quarter,compact_ruled,8,2,7.026300000004994,98304,71.4752197266133,6153457.397874417
leeds-north-quarter,regular_grid,8,3,3.768400000000838,98304,38.33414713542519,6153457.397874424
leeds-north-quarter,generic_ruled,9,0,23.859700000000885,98304,242.7134195963632,6153457.397874417
leeds-north-quarter,exact_p2,9,1,33.39409999999771,98304,339.7023518879975,6153457.397874424
leeds-north-quarter,regular_grid,9,2,5.2269000000014785,98304,53.17077636720254,6153457.397874424
leeds-north-quarter,compact_ruled,9,3,7.501900000002934,98304,76.31327311200901,6153457.397874417
leeds-north-quarter,generic_ruled,10,0,26.315499999996973,98304,267.6951090494484,6153457.397874417
leeds-north-quarter,regular_grid,10,1,4.239199999996345,98304,43.123372395796146,6153457.397874424
leeds-north-quarter,compact_ruled,10,2,8.531600000002072,98304,86.7879231771044,6153457.397874417
leeds-north-quarter,exact_p2,10,3,37.72989999999845,98304,383.8083902994634,6153457.397874424
leeds-north-quarter,generic_ruled,11,0,23.310899999996764,98304,237.13073730465456,6153457.397874417
leeds-north-quarter,regular_grid,11,1,4.390399999996589,98304,44.66145833329864,6153457.397874424
leeds-north-quarter,exact_p2,11,2,35.42299999999523,98304,360.34138997390977,6153457.397874424
leeds-north-quarter,compact_ruled,11,3,8.100500000000466,98304,82.40254720052558,6153457.397874417
leeds-north-quarter,exact_p2,12,0,34.23949999999604,98304,348.30220540360557,6153457.397874424
leeds-north-quarter,compact_ruled,12,1,8.479699999996228,98304,86.25996907548246,6153457.397874417
leeds-north-quarter,generic_ruled,12,2,24.952100000002247,98304,253.8258870442937,6153457.397874417
leeds-north-quarter,regular_grid,12,3,3.7917000000015832,98304,38.57116699220361,6153457.397874424
leeds-north-quarter,exact_p2,13,0,41.10729999999603,98304,418.16507975256377,6153457.397874424
leeds-north-quarter,compact_ruled,13,1,7.7027000000016415,98304,78.35591634116253,6153457.397874417
leeds-north-quarter,regular_grid,13,2,4.01770000000397,98304,40.87015787764455,6153457.397874424
leeds-north-quarter,generic_ruled,13,3,26.169499999996333,98304,266.2099202473585,6153457.397874417
leeds-north-quarter,exact_p2,14,0,34.68939999999566,98304,352.87882486974746,6153457.397874424
leeds-north-quarter,generic_ruled,14,1,24.25800000000163,98304,246.7651367187666,6153457.397874417
leeds-north-quarter,compact_ruled,14,2,7.704500000007101,98304,78.37422688809308,6153457.397874417
leeds-north-quarter,regular_grid,14,3,4.024799999999232,98304,40.942382812492184,6153457.397874424
leeds-north-quarter,exact_p2,15,0,32.39480000000185,98304,329.5369466146022,6153457.397874424
leeds-north-quarter,generic_ruled,15,1,25.10809999999765,98304,255.4128011067469,6153457.397874417
leeds-north-quarter,regular_grid,15,2,3.911999999996624,98304,39.79492187496566,6153457.397874424
leeds-north-quarter,compact_ruled,15,3,8.15899999999965,98304,82.99763997395478,6153457.397874417
leeds-north-quarter,exact_p2,16,0,33.80000000000291,98304,343.831380208363,6153457.397874424
leeds-north-quarter,regular_grid,16,1,3.5973999999987427,98304,36.594645182278875,6153457.397874424
leeds-north-quarter,compact_ruled,16,2,7.459399999999732,98304,75.8809407552056,6153457.397874417
leeds-north-quarter,generic_ruled,16,3,23.052199999998265,98304,234.49910481769066,6153457.397874417
leeds-north-quarter,exact_p2,17,0,34.91790000000037,98304,355.2032470703163,6153457.397874424
leeds-north-quarter,regular_grid,17,1,3.792600000000675,98304,38.58032226563187,6153457.397874424
leeds-north-quarter,generic_ruled,17,2,23.692900000001828,98304,241.01664225262277,6153457.397874417
leeds-north-quarter,compact_ruled,17,3,9.053299999999581,98304,92.09493001301657,6153457.397874417
leeds-north-quarter,regular_grid,18,0,3.588899999995192,98304,36.50817871088859,6153457.397874424
leeds-north-quarter,compact_ruled,18,1,7.320800000001327,98304,74.47102864584683,6153457.397874417
leeds-north-quarter,generic_ruled,18,2,24.608000000000175,98304,250.3255208333351,6153457.397874417
leeds-north-quarter,exact_p2,18,3,32.93250000000262,98304,335.00671386721416,6153457.397874424
leeds-north-quarter,regular_grid,19,0,3.5929999999934807,98304,36.549886067642014,6153457.397874424
leeds-north-quarter,compact_ruled,19,1,7.4593000000022585,98304,75.87992350262714,6153457.397874417
leeds-north-quarter,exact_p2,19,2,36.5283999999956,98304,371.5861002603719,6153457.397874424
leeds-north-quarter,generic_ruled,19,3,22.575000000004366,98304,229.64477539066942,6153457.397874417
leeds-north-quarter,regular_grid,20,0,4.0636000000013155,98304,41.33707682293005,6153457.397874424
leeds-north-quarter,generic_ruled,20,1,23.663899999999558,98304,240.72163899739132,6153457.397874417
leeds-north-quarter,compact_ruled,20,2,7.744800000000396,98304,78.78417968750402,6153457.397874417
leeds-north-quarter,exact_p2,20,3,34.27470000000176,98304,348.6602783203304,6153457.397874424
leeds-north-quarter,regular_grid,21,0,4.012399999999616,98304,40.81624348957943,6153457.397874424
leeds-north-quarter,generic_ruled,21,1,24.93370000000141,98304,253.63871256511848,6153457.397874417
leeds-north-quarter,exact_p2,21,2,34.18220000000292,98304,347.71931966148804,6153457.397874424
leeds-north-quarter,compact_ruled,21,3,7.440600000001723,98304,75.68969726564252,6153457.397874417
leeds-north-quarter,regular_grid,22,0,4.563499999996566,98304,46.42232259111089,6153457.397874424
leeds-north-quarter,exact_p2,22,1,34.20669999999518,98304,347.96854654943013,6153457.397874424
leeds-north-quarter,compact_ruled,22,2,7.181599999996251,98304,73.0550130207952,6153457.397874417
leeds-north-quarter,generic_ruled,22,3,25.302599999995437,98304,257.39135742182856,6153457.397874417
leeds-north-quarter,regular_grid,23,0,4.02100000000064,98304,40.90372721354818,6153457.397874424
leeds-north-quarter,exact_p2,23,1,35.79979999999341,98304,364.17439778639135,6153457.397874424
leeds-north-quarter,generic_ruled,23,2,23.541700000001583,98304,239.47855631512027,6153457.397874417
leeds-north-quarter,compact_ruled,23,3,6.589099999997416,98304,67.02779134111954,6153457.397874417
nottingham-centre,compact_ruled,0,0,9.188299999994342,122880,74.77457682287061,4824909.372116885
nottingham-centre,generic_ruled,0,1,30.920100000003004,122880,251.62841796877444,4824909.372116885
nottingham-centre,exact_p2,0,2,43.542200000003504,122880,354.34733072919516,4824909.372116885
nottingham-centre,regular_grid,0,3,6.853600000002189,122880,55.77473958335114,4824909.372116885
nottingham-centre,compact_ruled,1,0,9.703499999995984,122880,78.96728515621732,4824909.372116885
nottingham-centre,generic_ruled,1,1,30.19539999999688,122880,245.73079427080793,4824909.372116885
nottingham-centre,regular_grid,1,2,4.967100000001665,122880,40.42236328126355,4824909.372116885
nottingham-centre,exact_p2,1,3,41.41440000000148,122880,337.031250000012,4824909.372116885
nottingham-centre,compact_ruled,2,0,8.961000000002969,122880,72.92480468752416,4824909.372116885
nottingham-centre,exact_p2,2,1,39.9597999999969,122880,325.19368489580813,4824909.372116885
nottingham-centre,generic_ruled,2,2,30.741100000006554,122880,250.17171223963666,4824909.372116885
nottingham-centre,regular_grid,2,3,4.686099999998987,122880,38.135579427075086,4824909.372116885
nottingham-centre,compact_ruled,3,0,10.527499999996508,122880,85.67301432288825,4824909.372116885
nottingham-centre,exact_p2,3,1,43.34810000000289,122880,352.7677408854402,4824909.372116885
nottingham-centre,regular_grid,3,2,4.802000000003318,122880,39.078776041693665,4824909.372116885
nottingham-centre,generic_ruled,3,3,30.70339999999851,122880,249.86490885415455,4824909.372116885
nottingham-centre,compact_ruled,4,0,9.757499999999709,122880,79.40673828124764,4824909.372116885
nottingham-centre,regular_grid,4,1,4.568100000004051,122880,37.17529296878297,4824909.372116885
nottingham-centre,generic_ruled,4,2,30.762900000001537,122880,250.34912109376248,4824909.372116885
nottingham-centre,exact_p2,4,3,41.29420000000391,122880,336.05305989586515,4824909.372116885
nottingham-centre,compact_ruled,5,0,9.226999999998952,122880,75.08951822915814,4824909.372116885
nottingham-centre,regular_grid,5,1,4.891700000000128,122880,39.808756510417716,4824909.372116885
nottingham-centre,exact_p2,5,2,43.33299999999872,122880,352.6448567708229,4824909.372116885
nottingham-centre,generic_ruled,5,3,31.360799999994924,122880,255.2148437499587,4824909.372116885
nottingham-centre,generic_ruled,6,0,28.708299999998417,122880,233.62874348957044,4824909.372116885
nottingham-centre,compact_ruled,6,1,9.586100000000442,122880,78.01188151042028,4824909.372116885
nottingham-centre,exact_p2,6,2,43.27769999999873,122880,352.1948242187397,4824909.372116885
nottingham-centre,regular_grid,6,3,4.642500000001746,122880,37.78076171876421,4824909.372116885
nottingham-centre,generic_ruled,7,0,30.3804999999993,122880,247.23714192707763,4824909.372116885
nottingham-centre,compact_ruled,7,1,9.587699999996403,122880,78.02490234372073,4824909.372116885
nottingham-centre,regular_grid,7,2,5.408000000003085,122880,44.01041666669177,4824909.372116885
nottingham-centre,exact_p2,7,3,40.95409999999538,122880,333.28531901037906,4824909.372116885
nottingham-centre,generic_ruled,8,0,36.17149999999674,122880,294.3644205728901,4824909.372116885
nottingham-centre,exact_p2,8,1,43.118900000001304,122880,350.90250651042726,4824909.372116885
nottingham-centre,compact_ruled,8,2,9.03179999999702,122880,73.50097656247574,4824909.372116885
nottingham-centre,regular_grid,8,3,5.716999999996915,122880,46.52506510414157,4824909.372116885
nottingham-centre,generic_ruled,9,0,31.18359999999666,122880,253.77278645830614,4824909.372116885
nottingham-centre,exact_p2,9,1,45.910400000000664,122880,373.6197916666721,4824909.372116885
nottingham-centre,regular_grid,9,2,5.209800000004179,122880,42.397460937534014,4824909.372116885
nottingham-centre,compact_ruled,9,3,9.798399999999674,122880,79.73958333333069,4824909.372116885
nottingham-centre,generic_ruled,10,0,34.35029999999824,122880,279.5434570312357,4824909.372116885
nottingham-centre,regular_grid,10,1,5.069599999995262,122880,41.2565104166281,4824909.372116885
nottingham-centre,compact_ruled,10,2,10.16479999999865,122880,82.72135416665567,4824909.372116885
nottingham-centre,exact_p2,10,3,44.568200000001525,122880,362.6969401041791,4824909.372116885
nottingham-centre,generic_ruled,11,0,32.49829999999929,122880,264.4718424479109,4824909.372116885
nottingham-centre,regular_grid,11,1,4.961999999999534,122880,40.38085937499621,4824909.372116885
nottingham-centre,exact_p2,11,2,48.463599999995495,122880,394.39778645829665,4824909.372116885
nottingham-centre,compact_ruled,11,3,11.89929999999731,122880,96.83675130206144,4824909.372116885
nottingham-centre,exact_p2,12,0,44.58129999999801,122880,362.80354817706717,4824909.372116885
nottingham-centre,compact_ruled,12,1,11.33350000000064,122880,92.23225911458854,4824909.372116885
nottingham-centre,generic_ruled,12,2,31.937700000002224,122880,259.9096679687681,4824909.372116885
nottingham-centre,regular_grid,12,3,4.746500000001106,122880,38.627115885425674,4824909.372116885
nottingham-centre,exact_p2,13,0,42.00730000000476,122880,341.8562825521221,4824909.372116885
nottingham-centre,compact_ruled,13,1,13.175400000000081,122880,107.22167968750067,4824909.372116885
nottingham-centre,regular_grid,13,2,5.47259999999369,122880,44.53613281244865,4824909.372116885
nottingham-centre,generic_ruled,13,3,44.908500000005006,122880,365.46630859379076,4824909.372116885
nottingham-centre,exact_p2,14,0,46.9661000000051,122880,382.2111002604581,4824909.372116885
nottingham-centre,generic_ruled,14,1,42.294800000003306,122880,344.1959635416936,4824909.372116885
nottingham-centre,compact_ruled,14,2,9.470900000000256,122880,77.07438151041876,4824909.372116885
nottingham-centre,regular_grid,14,3,5.389699999999721,122880,43.86149088541439,4824909.372116885
nottingham-centre,exact_p2,15,0,40.782399999996414,122880,331.88802083330415,4824909.372116885
nottingham-centre,generic_ruled,15,1,30.110099999998056,122880,245.03662109373417,4824909.372116885
nottingham-centre,regular_grid,15,2,5.427200000005541,122880,44.16666666671176,4824909.372116885
nottingham-centre,compact_ruled,15,3,10.210500000001048,122880,83.09326171875851,4824909.372116885
nottingham-centre,exact_p2,16,0,39.20990000000165,122880,319.0909830729301,4824909.372116885
nottingham-centre,regular_grid,16,1,4.410599999995611,122880,35.89355468746429,4824909.372116885
nottingham-centre,compact_ruled,16,2,9.748099999997066,122880,79.3302408853928,4824909.372116885
nottingham-centre,generic_ruled,16,3,29.886200000000827,122880,243.2145182291734,4824909.372116885
nottingham-centre,exact_p2,17,0,38.587500000001455,122880,314.0258789062618,4824909.372116885
nottingham-centre,regular_grid,17,1,4.614099999998871,122880,37.54964192707415,4824909.372116885
nottingham-centre,generic_ruled,17,2,28.988400000002002,122880,235.9082031250163,4824909.372116885
nottingham-centre,compact_ruled,17,3,9.910600000002887,122880,80.65266927085683,4824909.372116885
nottingham-centre,regular_grid,18,0,4.711600000002363,122880,38.34309895835257,4824909.372116885
nottingham-centre,compact_ruled,18,1,9.450299999996787,122880,76.90673828122385,4824909.372116885
nottingham-centre,generic_ruled,18,2,30.595399999998335,122880,248.98600260415313,4824909.372116885
nottingham-centre,exact_p2,18,3,40.669199999996636,122880,330.9667968749726,4824909.372116885
nottingham-centre,regular_grid,19,0,4.8223999999972875,122880,39.244791666644595,4824909.372116885
nottingham-centre,compact_ruled,19,1,9.427100000000792,122880,76.71793619792311,4824909.372116885
nottingham-centre,exact_p2,19,2,42.47389999999723,122880,345.6534830728941,4824909.372116885
nottingham-centre,generic_ruled,19,3,31.599600000001374,122880,257.1582031250112,4824909.372116885
nottingham-centre,regular_grid,20,0,5.810899999996764,122880,47.28922526039033,4824909.372116885
nottingham-centre,generic_ruled,20,1,30.65269999999873,122880,249.45231119790634,4824909.372116885
nottingham-centre,compact_ruled,20,2,8.902500000003783,122880,72.44873046878078,4824909.372116885
nottingham-centre,exact_p2,20,3,43.3012000000017,122880,352.3860677083472,4824909.372116885
nottingham-centre,regular_grid,21,0,4.861499999999069,122880,39.56298828124242,4824909.372116885
nottingham-centre,generic_ruled,21,1,30.254399999997986,122880,246.2109374999836,4824909.372116885
nottingham-centre,exact_p2,21,2,42.42740000000049,122880,345.27506510417066,4824909.372116885
nottingham-centre,compact_ruled,21,3,9.962899999998626,122880,81.07828776040547,4824909.372116885
nottingham-centre,regular_grid,22,0,4.746500000001106,122880,38.627115885425674,4824909.372116885
nottingham-centre,exact_p2,22,1,42.17489999999816,122880,343.22021484373505,4824909.372116885
nottingham-centre,compact_ruled,22,2,9.241700000005949,122880,75.20914713546509,4824909.372116885
nottingham-centre,generic_ruled,22,3,37.738499999999476,122880,307.11669921874574,4824909.372116885
nottingham-centre,regular_grid,23,0,5.397300000004179,122880,43.923339843784014,4824909.372116885
nottingham-centre,exact_p2,23,1,40.93839999999909,122880,333.1575520833259,4824909.372116885
nottingham-centre,generic_ruled,23,2,30.67569999999978,122880,249.63948567708155,4824909.372116885
nottingham-centre,compact_ruled,23,3,9.16309999999794,122880,74.5694986978999,4824909.372116885
nottingham-north-quarter,compact_ruled,0,0,13.146800000002258,143360,91.7047991071586,6897752.21612762
nottingham-north-quarter,generic_ruled,0,1,35.52419999999984,143360,247.797154017856,6897752.21612762
nottingham-north-quarter,exact_p2,0,2,47.19520000000193,143360,329.20758928572775,6897752.21612762
nottingham-north-quarter,regular_grid,0,3,5.911599999999453,143360,41.23604910713904,6897752.21612762
nottingham-north-quarter,compact_ruled,1,0,11.304500000005646,143360,78.8539341518251,6897752.21612762
nottingham-north-quarter,generic_ruled,1,1,35.00039999999717,143360,244.1434151785517,6897752.21612762
nottingham-north-quarter,regular_grid,1,2,6.539999999993597,143360,45.61941964281248,6897752.21612762
nottingham-north-quarter,exact_p2,1,3,49.22660000000178,143360,343.3775111607267,6897752.21612762
nottingham-north-quarter,compact_ruled,2,0,12.792099999998754,143360,89.23060825891987,6897752.21612762
nottingham-north-quarter,exact_p2,2,1,47.82770000000164,143360,333.61955915179715,6897752.21612762
nottingham-north-quarter,generic_ruled,2,2,33.64459999999963,143360,234.6861049107117,6897752.21612762
nottingham-north-quarter,regular_grid,2,3,5.487200000003213,143360,38.275669642879556,6897752.21612762
nottingham-north-quarter,compact_ruled,3,0,11.145000000004075,143360,77.741350446457,6897752.21612762
nottingham-north-quarter,exact_p2,3,1,48.176800000001094,143360,336.0546875000076,6897752.21612762
nottingham-north-quarter,regular_grid,3,2,6.055500000002212,143360,42.23981584822972,6897752.21612762
nottingham-north-quarter,generic_ruled,3,3,34.01849999999831,143360,237.29422433034534,6897752.21612762
nottingham-north-quarter,compact_ruled,4,0,11.917099999998754,143360,83.12709263391987,6897752.21612762
nottingham-north-quarter,regular_grid,4,1,6.054900000002817,143360,42.23563058037679,6897752.21612762
nottingham-north-quarter,generic_ruled,4,2,34.66949999999633,143360,241.83523995533156,6897752.21612762
nottingham-north-quarter,exact_p2,4,3,48.67160000000149,143360,339.5061383928675,6897752.21612762
nottingham-north-quarter,compact_ruled,5,0,11.187700000002224,143360,78.03920200894409,6897752.21612762
nottingham-north-quarter,regular_grid,5,1,8.914499999998952,143360,62.182617187492696,6897752.21612762
nottingham-north-quarter,exact_p2,5,2,49.48689999999624,143360,345.1932198660452,6897752.21612762
nottingham-north-quarter,generic_ruled,5,3,34.88790000000154,143360,243.35867745536785,6897752.21612762
nottingham-north-quarter,generic_ruled,6,0,35.04320000000007,143360,244.44196428571476,6897752.21612762
nottingham-north-quarter,compact_ruled,6,1,11.622699999999895,143360,81.07352120535641,6897752.21612762
nottingham-north-quarter,exact_p2,6,2,48.422200000000885,143360,337.76646205357764,6897752.21612762
nottingham-north-quarter,regular_grid,6,3,6.264600000002247,143360,43.698381696444244,6897752.21612762
nottingham-north-quarter,generic_ruled,7,0,36.042099999998754,143360,251.4097377232056,6897752.21612762
nottingham-north-quarter,compact_ruled,7,1,11.770100000001548,143360,82.10170200893937,6897752.21612762
nottingham-north-quarter,regular_grid,7,2,6.555400000004738,143360,45.72684151789019,6897752.21612762
nottingham-north-quarter,exact_p2,7,3,48.186900000000605,143360,336.12513950893276,6897752.21612762
nottingham-north-quarter,generic_ruled,8,0,31.33729999999923,143360,218.59165736606607,6897752.21612762
nottingham-north-quarter,exact_p2,8,1,48.221099999995204,143360,336.36369977675224,6897752.21612762
nottingham-north-quarter,compact_ruled,8,2,11.599900000001071,143360,80.91448102679318,6897752.21612762
nottingham-north-quarter,regular_grid,8,3,5.990399999995134,143360,41.78571428568034,6897752.21612762
nottingham-north-quarter,generic_ruled,9,0,35.957799999996496,143360,250.82170758926128,6897752.21612762
nottingham-north-quarter,exact_p2,9,1,47.4829000000027,143360,331.2144252232331,6897752.21612762
nottingham-north-quarter,regular_grid,9,2,5.867600000005041,143360,40.92912946432087,6897752.21612762
nottingham-north-quarter,compact_ruled,9,3,10.779999999998836,143360,75.19531249999189,6897752.21612762
nottingham-north-quarter,generic_ruled,10,0,35.57470000000467,143360,248.1494140625326,6897752.21612762
nottingham-north-quarter,regular_grid,10,1,5.78240000000369,143360,40.33482142859717,6897752.21612762
nottingham-north-quarter,compact_ruled,10,2,11.742699999995239,143360,81.91057477675251,6897752.21612762
nottingham-north-quarter,exact_p2,10,3,49.496399999996356,143360,345.2594866071174,6897752.21612762
nottingham-north-quarter,generic_ruled,11,0,37.01409999999305,143360,258.18987165173723,6897752.21612762
nottingham-north-quarter,regular_grid,11,1,5.6687999999994645,143360,39.54241071428198,6897752.21612762
nottingham-north-quarter,exact_p2,11,2,47.8920999999973,143360,334.0687779017669,6897752.21612762
nottingham-north-quarter,compact_ruled,11,3,10.581700000002456,143360,73.81208147323143,6897752.21612762
nottingham-north-quarter,exact_p2,12,0,48.48309999999765,143360,338.191266741055,6897752.21612762
nottingham-north-quarter,compact_ruled,12,1,10.367599999997765,143360,72.31863839284155,6897752.21612762
nottingham-north-quarter,generic_ruled,12,2,34.37260000000242,143360,239.7642299107312,6897752.21612762
nottingham-north-quarter,regular_grid,12,3,5.55909999999858,143360,38.77720424106152,6897752.21612762
nottingham-north-quarter,exact_p2,13,0,47.783400000000256,143360,333.31054687500176,6897752.21612762
nottingham-north-quarter,compact_ruled,13,1,10.736700000001292,143360,74.89327566965187,6897752.21612762
nottingham-north-quarter,regular_grid,13,2,5.990000000005239,143360,41.7829241071794,6897752.21612762
nottingham-north-quarter,generic_ruled,13,3,35.15439999999944,143360,245.21763392856752,6897752.21612762
nottingham-north-quarter,exact_p2,14,0,49.228799999997136,143360,343.39285714283716,6897752.21612762
nottingham-north-quarter,generic_ruled,14,1,34.62019999999757,143360,241.4913504464116,6897752.21612762
nottingham-north-quarter,compact_ruled,14,2,11.085299999998824,143360,77.32491629463466,6897752.21612762
nottingham-north-quarter,regular_grid,14,3,6.971899999996822,143360,48.63211495533498,6897752.21612762
nottingham-north-quarter,exact_p2,15,0,49.589599999999336,143360,345.90959821428106,6897752.21612762
nottingham-north-quarter,generic_ruled,15,1,35.708599999998114,143360,249.08342633927256,6897752.21612762
nottingham-north-quarter,regular_grid,15,2,6.114599999993516,143360,42.65206473209763,6897752.21612762
nottingham-north-quarter,compact_ruled,15,3,11.679400000000896,143360,81.46902901786339,6897752.21612762
nottingham-north-quarter,exact_p2,16,0,50.35120000000461,143360,351.2220982143179,6897752.21612762
nottingham-north-quarter,regular_grid,16,1,5.832800000003772,143360,40.68638392859774,6897752.21612762
nottingham-north-quarter,compact_ruled,16,2,10.801899999998568,143360,75.34807477677572,6897752.21612762
nottingham-north-quarter,generic_ruled,16,3,35.49070000000211,143360,247.5634765625147,6897752.21612762
nottingham-north-quarter,exact_p2,17,0,56.68529999999737,143360,395.40527343748164,6897752.21612762
nottingham-north-quarter,regular_grid,17,1,5.642299999999523,143360,39.357561383925244,6897752.21612762
nottingham-north-quarter,generic_ruled,17,2,36.52810000000318,143360,254.7998046875222,6897752.21612762
nottingham-north-quarter,compact_ruled,17,3,11.037700000000768,143360,76.9928850446482,6897752.21612762
nottingham-north-quarter,regular_grid,18,0,5.852700000003097,143360,40.8251953125216,6897752.21612762
nottingham-north-quarter,compact_ruled,18,1,12.31260000000475,143360,85.88588169646171,6897752.21612762
nottingham-north-quarter,generic_ruled,18,2,35.74870000000374,143360,249.3631417410975,6897752.21612762
nottingham-north-quarter,exact_p2,18,3,46.77390000000014,143360,326.26883370535813,6897752.21612762
nottingham-north-quarter,regular_grid,19,0,5.960500000001048,143360,41.57714843750731,6897752.21612762
nottingham-north-quarter,compact_ruled,19,1,11.74989999999525,143360,81.96079799103829,6897752.21612762
nottingham-north-quarter,exact_p2,19,2,49.97529999999824,143360,348.60002790177344,6897752.21612762
nottingham-north-quarter,generic_ruled,19,3,34.20599999999831,143360,238.60212053570248,6897752.21612762
nottingham-north-quarter,regular_grid,20,0,5.489000000001397,143360,38.28822544643832,6897752.21612762
nottingham-north-quarter,generic_ruled,20,1,34.77780000000348,143360,242.5906808035957,6897752.21612762
nottingham-north-quarter,compact_ruled,20,2,11.265199999994365,143360,78.57979910710355,6897752.21612762
nottingham-north-quarter,exact_p2,20,3,46.14760000000388,143360,321.9001116071699,6897752.21612762
nottingham-north-quarter,regular_grid,21,0,5.400500000003376,143360,37.67089843752355,6897752.21612762
nottingham-north-quarter,generic_ruled,21,1,34.084100000000035,143360,237.7518136160717,6897752.21612762
nottingham-north-quarter,exact_p2,21,2,46.52150000000256,143360,324.50823102680357,6897752.21612762
nottingham-north-quarter,compact_ruled,21,3,11.070800000001327,143360,77.22377232143782,6897752.21612762
nottingham-north-quarter,regular_grid,22,0,5.560199999999895,143360,38.78487723214213,6897752.21612762
nottingham-north-quarter,exact_p2,22,1,50.80940000000555,143360,354.4182477678959,6897752.21612762
nottingham-north-quarter,compact_ruled,22,2,11.523099999998522,143360,80.37876674106111,6897752.21612762
nottingham-north-quarter,generic_ruled,22,3,33.08780000000115,143360,230.80217633929374,6897752.21612762
nottingham-north-quarter,regular_grid,23,0,5.917400000005728,143360,41.27650669646852,6897752.21612762
nottingham-north-quarter,exact_p2,23,1,46.72119999999995,143360,325.9012276785711,6897752.21612762
nottingham-north-quarter,generic_ruled,23,2,33.73660000000382,143360,235.32784598216946,6897752.21612762
nottingham-north-quarter,compact_ruled,23,3,10.690999999998894,143360,74.57449776784942,6897752.21612762
newcastle-centre,compact_ruled,0,0,10.480999999999767,118784,88.2357893318946,5286447.364777442
newcastle-centre,generic_ruled,0,1,30.838199999998324,118784,259.61577316808933,5286447.364777442
newcastle-centre,exact_p2,0,2,36.728000000002794,118784,309.19989224140284,5286447.364777442
newcastle-centre,regular_grid,0,3,4.47110000000248,118784,37.64059132545191,5286447.364777442
newcastle-centre,compact_ruled,1,0,9.752000000000407,118784,82.09859913793447,5286447.364777442
newcastle-centre,generic_ruled,1,1,29.588000000003376,118784,249.09078663795944,5286447.364777442
newcastle-centre,regular_grid,1,2,4.445400000004156,118784,37.42423221986257,5286447.364777442
newcastle-centre,exact_p2,1,3,41.66240000000107,118784,350.74084051725043,5286447.364777442
newcastle-centre,compact_ruled,2,0,10.766600000002654,118784,90.64015355605683,5286447.364777442
newcastle-centre,exact_p2,2,1,38.60819999999512,118784,325.0286233835796,5286447.364777442
newcastle-centre,generic_ruled,2,2,29.89929999999731,118784,251.71150996764976,5286447.364777442
newcastle-centre,regular_grid,2,3,5.1692000000039116,118784,43.51764547417086,5286447.364777442
newcastle-centre,compact_ruled,3,0,8.302000000003318,118784,69.89156788795896,5286447.364777442
newcastle-centre,exact_p2,3,1,40.0173000000068,118784,336.8913321660055,5286447.364777442
newcastle-centre,regular_grid,3,2,5.055499999994936,118784,42.56044585125046,5286447.364777442
newcastle-centre,generic_ruled,3,3,28.583099999996193,118784,240.63089304953692,5286447.364777442
newcastle-centre,compact_ruled,4,0,8.78809999999794,118784,73.98386988144817,5286447.364777442
newcastle-centre,regular_grid,4,1,4.814700000002631,118784,40.533236799591116,5286447.364777442
newcastle-centre,generic_ruled,4,2,29.059900000000198,118784,244.64490167026028,5286447.364777442
newcastle-centre,exact_p2,4,3,38.63010000000213,118784,325.2129916487248,5286447.364777442
newcastle-centre,compact_ruled,5,0,8.895199999999022,118784,74.88550646550901,5286447.364777442
newcastle-centre,regular_grid,5,1,4.604299999999057,118784,38.761954471974825,5286447.364777442
newcastle-centre,exact_p2,5,2,38.542600000000675,118784,324.4763604525919,5286447.364777442
newcastle-centre,generic_ruled,5,3,30.236900000003516,118784,254.55364358839168,5286447.364777442
newcastle-centre,generic_ruled,6,0,28.840000000003783,118784,242.79364224141116,5286447.364777442
newcastle-centre,compact_ruled,6,1,8.597600000000966,118784,72.38011853449089,5286447.364777442
newcastle-centre,exact_p2,6,2,38.735899999999674,118784,326.10368399784204,5286447.364777442
newcastle-centre,regular_grid,6,3,5.529399999999441,118784,46.55004040947806,5286447.364777442
newcastle-centre,generic_ruled,7,0,31.65179999999964,118784,266.46518049568664,5286447.364777442
newcastle-centre,compact_ruled,7,1,10.2242999999944,118784,86.07472386848734,5286447.364777442
newcastle-centre,regular_grid,7,2,5.044500000003609,118784,42.46784078666831,5286447.364777442
newcastle-centre,exact_p2,7,3,50.64389999999548,118784,426.3528758081516,5286447.364777442
newcastle-centre,generic_ruled,8,0,30.244299999998475,118784,254.61594154093544,5286447.364777442
newcastle-centre,exact_p2,8,1,37.79579999999987,118784,318.18931842672305,5286447.364777442
newcastle-centre,compact_ruled,8,2,9.588400000000547,118784,80.72130926724599,5286447.364777442
newcastle-centre,regular_grid,8,3,4.623399999996764,118784,38.92275053876586,5286447.364777442
newcastle-centre,generic_ruled,9,0,32.05589999999938,118784,269.8671538254258,5286447.364777442
newcastle-centre,exact_p2,9,1,39.90299999999843,118784,335.92908135774536,5286447.364777442
newcastle-centre,regular_grid,9,2,5.805500000002212,118784,48.87442753234621,5286447.364777442
newcastle-centre,compact_ruled,9,3,8.97219999999652,118784,75.53374191807414,5286447.364777442
newcastle-centre,generic_ruled,10,0,30.989899999993213,118784,260.89288119606357,5286447.364777442
newcastle-centre,regular_grid,10,1,5.846899999996822,118784,49.22295932109394,5286447.364777442
newcastle-centre,compact_ruled,10,2,9.864800000003015,118784,83.04822198278401,5286447.364777442
newcastle-centre,exact_p2,10,3,41.107499999998254,118784,346.06933593748533,5286447.364777442
newcastle-centre,generic_ruled,11,0,31.18850000000384,118784,262.56482354529095,5286447.364777442
newcastle-centre,regular_grid,11,1,4.862399999998161,118784,40.93480603446727,5286447.364777442
newcastle-centre,exact_p2,11,2,45.195499999994354,118784,380.4847454202111,5286447.364777442
newcastle-centre,compact_ruled,11,3,10.170100000003004,118784,85.618433459077,5286447.364777442
newcastle-centre,exact_p2,12,0,41.55449999999837,118784,349.8324690193828,5286447.364777442
newcastle-centre,compact_ruled,12,1,9.168100000002596,118784,77.18295393321151,5286447.364777442
newcastle-centre,generic_ruled,12,2,30.453499999995984,118784,256.377121497811,5286447.364777442
newcastle-centre,regular_grid,12,3,4.65849999999773,118784,39.2182448814464,5286447.364777442
newcastle-centre,exact_p2,13,0,37.17779999999766,118784,312.986597521532,5286447.364777442
newcastle-centre,compact_ruled,13,1,10.018199999998615,118784,84.33964170257454,5286447.364777442
newcastle-centre,regular_grid,13,2,5.4144000000014785,118784,45.58189655173659,5286447.364777442
newcastle-centre,generic_ruled,13,3,30.753499999998894,118784,258.9027141702493,5286447.364777442
newcastle-centre,exact_p2,14,0,38.75989999999729,118784,326.3057314116151,5286447.364777442
newcastle-centre,generic_ruled,14,1,29.438999999998487,118784,247.8364089439528,5286447.364777442
newcastle-centre,compact_ruled,14,2,9.582699999999022,118784,80.67332300645728,5286447.364777442
newcastle-centre,regular_grid,14,3,4.466699999997218,118784,37.60354929954554,5286447.364777442
newcastle-centre,exact_p2,15,0,38.60090000000491,118784,324.96716729529993,5286447.364777442
newcastle-centre,generic_ruled,15,1,29.32220000000234,118784,246.8531115301921,5286447.364777442
newcastle-centre,regular_grid,15,2,4.5112999999983,118784,37.979020743520174,5286447.364777442
newcastle-centre,compact_ruled,15,3,8.978399999999965,118784,75.5859374999997,5286447.364777442
newcastle-centre,exact_p2,16,0,38.87800000000425,118784,327.2999730603806,5286447.364777442
newcastle-centre,regular_grid,16,1,4.7093000000022585,118784,39.6459119073466,5286447.364777442
newcastle-centre,compact_ruled,16,2,10.477100000003702,118784,88.20295662718635,5286447.364777442
newcastle-centre,generic_ruled,16,3,28.251399999993737,118784,237.83842941805074,5286447.364777442
newcastle-centre,exact_p2,17,0,38.17469999999594,118784,321.37914197194857,5286447.364777442
newcastle-centre,regular_grid,17,1,4.41370000000461,118784,37.157361260814675,5286447.364777442
newcastle-centre,generic_ruled,17,2,30.911999999996624,118784,260.23706896548885,5286447.364777442
newcastle-centre,compact_ruled,17,3,9.02390000000014,118784,75.96898572198394,5286447.364777442
newcastle-centre,regular_grid,18,0,4.602700000003097,118784,38.74848464442262,5286447.364777442
newcastle-centre,compact_ruled,18,1,8.838400000000547,118784,74.40732758621151,5286447.364777442
newcastle-centre,generic_ruled,18,2,29.195499999994354,118784,245.7864695581421,5286447.364777442
newcastle-centre,exact_p2,18,3,38.609599999996135,118784,325.0404094827261,5286447.364777442
newcastle-centre,regular_grid,19,0,5.836300000002666,118784,49.13372171338451,5286447.364777442
newcastle-centre,compact_ruled,19,1,9.240499999999884,118784,77.79246363146454,5286447.364777442
newcastle-centre,exact_p2,19,2,37.22280000000319,118784,313.36543642244067,5286447.364777442
newcastle-centre,generic_ruled,19,3,29.809300000000803,118784,250.95383216595505,5286447.364777442
newcastle-centre,regular_grid,20,0,4.972099999999045,118784,41.858331088354035,5286447.364777442
newcastle-centre,generic_ruled,20,1,31.689800000000105,118784,266.78508890086295,5286447.364777442
newcastle-centre,compact_ruled,20,2,9.152500000003783,118784,77.05162311425599,5286447.364777442
newcastle-centre,exact_p2,20,3,38.73730000000069,118784,326.11547009698853,5286447.364777442
newcastle-centre,regular_grid,21,0,4.344899999996414,118784,36.57815867453878,5286447.364777442
newcastle-centre,generic_ruled,21,1,29.20390000000043,118784,245.85718615302088,5286447.364777442
newcastle-centre,exact_p2,21,2,44.841400000004796,118784,377.5037042026266,5286447.364777442
newcastle-centre,compact_ruled,21,3,10.213899999995192,118784,85.98716998918367,5286447.364777442
newcastle-centre,regular_grid,22,0,4.717600000003586,118784,39.71578663796122,5286447.364777442
newcastle-centre,exact_p2,22,1,38.84169999999722,118784,326.99437634695937,5286447.364777442
newcastle-centre,compact_ruled,22,2,9.007300000004761,118784,75.82923626081595,5286447.364777442
newcastle-centre,generic_ruled,22,3,31.088900000002468,118784,261.726326778038,5286447.364777442
newcastle-centre,regular_grid,23,0,5.113300000004529,118784,43.047043372882946,5286447.364777442
newcastle-centre,exact_p2,23,1,40.64870000000519,118784,342.2068628771989,5286447.364777442
newcastle-centre,generic_ruled,23,2,29.461600000002363,118784,248.02667025864056,5286447.364777442
newcastle-centre,compact_ruled,23,3,10.861000000004424,118784,91.43487338365793,5286447.364777442
newcastle-north-quarter,compact_ruled,0,0,10.348599999997532,114688,90.23263113837133,5630160.409712421
newcastle-north-quarter,generic_ruled,0,1,29.29189999999653,114688,255.40509905130904,5630160.409712421
newcastle-north-quarter,exact_p2,0,2,41.97690000000148,114688,366.00952148438785,5630160.409712421
newcastle-north-quarter,regular_grid,0,3,5.477400000003399,114688,47.75913783485107,5630160.409712421
newcastle-north-quarter,compact_ruled,1,0,9.603100000000268,114688,83.73238699777019,5630160.409712421
newcastle-north-quarter,generic_ruled,1,1,29.856599999999162,114688,260.32889229909983,5630160.409712421
newcastle-north-quarter,regular_grid,1,2,5.269999999996799,114688,45.95075334818637,5630160.409712421
newcastle-north-quarter,exact_p2,1,3,39.72229999999399,114688,346.3509695870012,5630160.409712421
newcastle-north-quarter,compact_ruled,2,0,7.084600000001956,114688,61.772809709838484,5630160.409712421
newcastle-north-quarter,exact_p2,2,1,42.36450000000332,114688,369.38912527904677,5630160.409712421
newcastle-north-quarter,generic_ruled,2,2,29.793499999999767,114688,259.77870396205157,5630160.409712421
newcastle-north-quarter,regular_grid,2,3,4.83469999999943,114688,42.15523856026289,5630160.409712421
newcastle-north-quarter,compact_ruled,3,0,10.658100000000559,114688,92.9312569754513,5630160.409712421
newcastle-north-quarter,exact_p2,3,1,39.491000000001804,114688,344.3341936384086,5630160.409712421
newcastle-north-quarter,regular_grid,3,2,4.476199999997334,114688,39.02936662944104,5630160.409712421
newcastle-north-quarter,generic_ruled,3,3,29.00890000000072,114688,252.93753487723845,5630160.409712421
newcastle-north-quarter,compact_ruled,4,0,9.082800000003772,114688,79.1957310268186,5630160.409712421
newcastle-north-quarter,regular_grid,4,1,5.035800000005111,114688,43.908691406294565,5630160.409712421
newcastle-north-quarter,generic_ruled,4,2,30.53650000000198,114688,266.25714983260656,5630160.409712421
newcastle-north-quarter,exact_p2,4,3,38.745499999997264,114688,337.833949497744,5630160.409712421
newcastle-north-quarter,compact_ruled,5,0,9.33860000000277,114688,81.42613002234559,5630160.409712421
newcastle-north-quarter,regular_grid,5,1,5.127699999997276,114688,44.70999581470839,5630160.409712421
newcastle-north-quarter,exact_p2,5,2,40.066100000003644,114688,349.3486676897639,5630160.409712421
newcastle-north-quarter,generic_ruled,5,3,28.333800000000338,114688,247.05113002232437,5630160.409712421
newcastle-north-quarter,generic_ruled,6,0,27.07259999999951,114688,236.05433872767432,5630160.409712421
newcastle-north-quarter,compact_ruled,6,1,8.968500000002678,114688,78.19911411832693,5630160.409712421
newcastle-north-quarter,exact_p2,6,2,36.0112999999983,114688,313.99361746650305,5630160.409712421
newcastle-north-quarter,regular_grid,6,3,4.98410000000149,114688,43.457903180816565,5630160.409712421
newcastle-north-quarter,generic_ruled,7,0,26.32719999999972,114688,229.5549665178547,5630160.409712421
newcastle-north-quarter,compact_ruled,7,1,8.645599999996193,114688,75.38364955353823,5630160.409712421
newcastle-north-quarter,regular_grid,7,2,4.916699999994307,114688,42.8702218191468,5630160.409712421
newcastle-north-quarter,exact_p2,7,3,38.53620000000228,114688,336.0089983259127,5630160.409712421
newcastle-north-quarter,generic_ruled,8,0,28.8012000000017,114688,251.12653459822909,5630160.409712421
newcastle-north-quarter,exact_p2,8,1,36.96860000000015,114688,322.3406110491084,5630160.409712421
newcastle-north-quarter,compact_ruled,8,2,10.283500000005006,114688,89.66500418531152,5630160.409712421
newcastle-north-quarter,regular_grid,8,3,5.356500000001688,114688,46.704973493318285,5630160.409712421
newcastle-north-quarter,generic_ruled,9,0,27.760699999998906,114688,242.05409458704403,5630160.409712421
newcastle-north-quarter,exact_p2,9,1,30.258499999996275,114688,263.8331821986282,5630160.409712421
newcastle-north-quarter,regular_grid,9,2,4.3421999999991385,114688,37.86097935267106,5630160.409712421
newcastle-north-quarter,compact_ruled,9,3,8.823800000005576,114688,76.93743024558434,5630160.409712421
newcastle-north-quarter,generic_ruled,10,0,26.738499999999476,114688,233.14121791294184,5630160.409712421
newcastle-north-quarter,regular_grid,10,1,4.492500000000291,114688,39.17149135044896,5630160.409712421
newcastle-north-quarter,compact_ruled,10,2,9.101500000004307,114688,79.35878208709111,5630160.409712421
newcastle-north-quarter,exact_p2,10,3,37.23319999999512,114688,324.6477399553146,5630160.409712421
newcastle-north-quarter,generic_ruled,11,0,29.461100000000442,114688,256.88040597098603,5630160.409712421
newcastle-north-quarter,regular_grid,11,1,4.834100000000035,114688,42.150006975446736,5630160.409712421
newcastle-north-quarter,exact_p2,11,2,35.44470000000001,114688,309.0532575334823,5630160.409712421
newcastle-north-quarter,compact_ruled,11,3,10.969700000001467,114688,95.6481933593878,5630160.409712421
newcastle-north-quarter,exact_p2,12,0,35.55419999999867,114688,310.0080217633813,5630160.409712421
newcastle-north-quarter,compact_ruled,12,1,8.752599999999802,114688,76.31661551339114,5630160.409712421
newcastle-north-quarter,generic_ruled,12,2,26.14999999999418,114688,228.00990513387782,5630160.409712421
newcastle-north-quarter,regular_grid,12,3,5.253199999999197,114688,45.804268973207286,5630160.409712421
newcastle-north-quarter,exact_p2,13,0,37.285400000000664,114688,325.1028878348272,5630160.409712421
newcastle-north-quarter,compact_ruled,13,1,9.129399999997986,114688,79.60205078123245,5630160.409712421
newcastle-north-quarter,regular_grid,13,2,4.883400000006077,114688,42.57986886166013,5630160.409712421
newcastle-north-quarter,generic_ruled,13,3,25.913000000000466,114688,225.94342912946834,5630160.409712421
newcastle-north-quarter,exact_p2,14,0,37.567699999999604,114688,327.56434849330014,5630160.409712421
newcastle-north-quarter,generic_ruled,14,1,27.33060000000114,114688,238.3039202009028,5630160.409712421
newcastle-north-quarter,compact_ruled,14,2,8.155999999995402,114688,71.11467633924562,5630160.409712421
newcastle-north-quarter,regular_grid,14,3,4.503799999998591,114688,39.27001953123772,5630160.409712421
newcastle-north-quarter,exact_p2,15,0,27.13010000000213,114688,236.55569893975073,5630160.409712421
newcastle-north-quarter,generic_ruled,15,1,29.339999999996508,114688,255.82449776782667,5630160.409712421
newcastle-north-quarter,regular_grid,15,2,5.3892999999952735,114688,46.99096679683379,5630160.409712421
newcastle-north-quarter,compact_ruled,15,3,8.474700000006123,114688,73.89351981032125,5630160.409712421
newcastle-north-quarter,exact_p2,16,0,38.499000000003434,114688,335.68464006699423,5630160.409712421
newcastle-north-quarter,regular_grid,16,1,4.976699999999255,114688,43.39338030133279,5630160.409712421
newcastle-north-quarter,compact_ruled,16,2,9.426800000001094,114688,82.19517299108098,5630160.409712421
newcastle-north-quarter,generic_ruled,16,3,28.670099999995728,114688,249.98343331469488,5630160.409712421
newcastle-north-quarter,exact_p2,17,0,37.78089999999793,114688,329.4233049664998,5630160.409712421
newcastle-north-quarter,regular_grid,17,1,4.573600000003353,114688,39.87862723217209,5630160.409712421
newcastle-north-quarter,generic_ruled,17,2,28.246299999998882,114688,246.2881905691867,5630160.409712421
newcastle-north-quarter,compact_ruled,17,3,8.821899999995367,114688,76.92086356022745,5630160.409712421
newcastle-north-quarter,regular_grid,18,0,5.055200000002515,114688,44.07784598216478,5630160.409712421
newcastle-north-quarter,compact_ruled,18,1,9.177300000003015,114688,80.01970563618701,5630160.409712421
newcastle-north-quarter,generic_ruled,18,2,29.7583999999988,114688,259.47265624998954,5630160.409712421
newcastle-north-quarter,exact_p2,18,3,36.41049999999814,114688,317.47436523435874,5630160.409712421
newcastle-north-quarter,regular_grid,19,0,4.376499999998487,114688,38.160051618290375,5630160.409712421
newcastle-north-quarter,compact_ruled,19,1,8.474599999994098,114688,73.89264787941282,5630160.409712421
newcastle-north-quarter,exact_p2,19,2,37.13199999999779,114688,323.76534598212356,5630160.409712421
newcastle-north-quarter,generic_ruled,19,3,27.89419999999518,114688,243.2181222097794,5630160.409712421
newcastle-north-quarter,regular_grid,20,0,4.999199999998382,114688,43.58956473212874,5630160.409712421
newcastle-north-quarter,generic_ruled,20,1,27.446100000001024,114688,239.31100027902679,5630160.409712421
newcastle-north-quarter,compact_ruled,20,2,8.28530000000319,114688,72.24208286833138,5630160.409712421
newcastle-north-quarter,exact_p2,20,3,37.20079999999871,114688,324.36523437498875,5630160.409712421
newcastle-north-quarter,regular_grid,21,0,4.42779999999766,114688,38.607352120515316,5630160.409712421
newcastle-north-quarter,generic_ruled,21,1,28.179700000000594,114688,245.70748465402303,5630160.409712421
newcastle-north-quarter,exact_p2,21,2,41.36499999999796,114688,360.6741768973037,5630160.409712421
newcastle-north-quarter,compact_ruled,21,3,10.05609999999433,114688,87.68223353789699,5630160.409712421
newcastle-north-quarter,regular_grid,22,0,4.509799999999814,114688,39.322335379462665,5630160.409712421
newcastle-north-quarter,exact_p2,22,1,38.16790000000037,114688,332.7976771763425,5630160.409712421
newcastle-north-quarter,compact_ruled,22,2,8.802199999998265,114688,76.74909319194917,5630160.409712421
newcastle-north-quarter,generic_ruled,22,3,28.06880000000092,114688,244.74051339286515,5630160.409712421
newcastle-north-quarter,regular_grid,23,0,5.199899999999616,114688,45.33952985490737,5630160.409712421
newcastle-north-quarter,exact_p2,23,1,39.96310000000085,114688,348.450578962061,5630160.409712421
newcastle-north-quarter,generic_ruled,23,2,28.343199999995704,114688,247.13309151781968,5630160.409712421
newcastle-north-quarter,compact_ruled,23,3,10.157100000003993,114688,88.56288364958839,5630160.409712421
