x,y,source_reference_height_m,native_height_m,difference_m
-10.286861355834859,-6.211632919940179,11.25862729443591,11.285642348218179,0.02701505378226976
-20.031647597615446,-3.3168529445482733,11.057368998629972,11.124307387828814,0.06693838919884243
8.188229386262442,16.720211234426827,11.508724572507726,11.50246576921432,-0.00625880329340589
1.3124926600730618,-0.18094883152345886,11.390155020796515,11.386829601313728,-0.003325419482786529
-13.44968046183304,-17.28140903309731,10.708806324128133,10.708806545354099,2.2122596554652318e-7
6.6497893686412795,-28.99697292137823,11.352056817200568,11.364961144475707,0.012904327275139238
-16.688210176673714,21.83967915187371,11.004385198644156,11.067663756588201,0.06327855794404513
-26.239465816590396,29.694025137358878,11.342463193661445,11.365188928477474,0.022725734816029686
-30.84400254020985,23.98483915840481,11.49418527489555,11.493854528021494,-0.0003307468740558761
7.679517903303925,-18.21381149617492,11.38026031170801,11.385520785308028,0.00526047360001769
22.778757932154107,-9.897621470090549,11.280158812660554,11.273980753784658,-0.006178058875896397
-2.8425557158610744,13.026850501734195,11.052544735366961,11.097139625516819,0.044594890149857846
-10.5245007851249,22.837691278736692,11.136792220369337,11.138936661973059,0.0021444416037219582
-31.954366232675056,17.35955199274931,11.137086331012021,11.182444212784272,0.04535788177225086
-22.81179507247723,14.367273306464305,11.19960063531542,11.149094381331036,-0.05050625398438413
-28.197976036391246,8.103707984489041,11.1982756487295,11.196822714478074,-0.0014529342514251198
9.897260587953689,-27.642489543654428,11.358571215547775,11.356226451418818,-0.002344764128956456
-10.887431225584557,8.227785262916584,11.038533744223457,11.039738125652551,0.0012043814290940702
-16.578475864876488,0.7482906369157902,10.99378484120109,10.975534640121937,-0.018250201079153427
25.74436981135174,-14.336408076074676,10.995553516453466,11.013201860328774,0.017648343875308115
-19.215424649167446,3.5331412526143637,10.96838791901436,10.975467010251496,0.007079091237136126
-9.708911205077158,-0.580965989670176,11.067642324570066,11.072794372965568,0.005152048395501652
1.724131930798542,12.132004269627132,11.130352584202274,11.12730044885262,-0.0030521353496535397
2.019133773831996,13.090580511209552,11.154748579108665,11.15179992008513,-0.0029486590235343613
-25.312491439720226,15.982609027612277,11.220839840722697,11.17795727840227,-0.0428825623204272
-11.578806174449944,-28.340591455192595,10.545024553069899,10.545024503484669,-4.958523014408911e-8
-22.347282091662642,-1.2509144094685212,11.032762268627119,11.071911939453255,0.039149670826136074
13.515639117865476,-14.059402713908156,11.406353272841773,11.392084823607446,-0.014268449234327463
-2.34044728459439,-6.151468686731228,11.24730773542002,11.242299395952365,-0.00500833946765411
-12.761682412435697,-26.51077508948797,10.604505043123527,10.604505065703577,2.258004982991224e-8
11.723406049442602,-13.164159755538975,11.410821012786649,11.403794935997434,-0.007026076789214741
15.146180097583887,25.18785751919077,11.270248141830592,11.28343953799155,0.013191396160957325
-23.306042792826155,26.121949459770143,11.215068288468505,11.195565539688623,-0.019502748779881784
8.425322183185386,-30.40483071828651,11.371753217056051,11.35782015574209,-0.013933061313961659
28.66187073091053,29.15681267778409,11.810425209843658,11.789065923277164,-0.02135928656649355
-9.982283438056008,20.958217062900893,11.015237127889842,11.07101064541588,0.05577351752603832
-31.817171124190438,-29.486279419383372,11.441242333849523,11.441774567132798,0.0005322332832751187
-4.6405549067625245,-19.483480736395414,11.729112685246125,11.729496378574696,0.00038369332857079996
-11.878099607232457,-31.487733954392517,10.566513880472673,10.566848737806344,0.0003348573336712235
22.033835833603824,-30.58695322596224,10.934207690280724,10.902287991157738,-0.031919699122985534
-23.292188578956818,11.728253347019688,11.090766029536459,11.12439341982475,0.03362739028829154
3.7943054198160056,-2.867469413609811,11.44165760060704,11.44075785188255,-0.0008997487244908342
22.57131028213132,-24.657266220508788,10.911793114875941,10.926995547788326,0.015202432912385433
-5.2678572678834,-17.68896462518645,11.537930552437707,11.535191444767653,-0.0027391076700542527
-5.224615823750199,21.040450420353956,11.270431900298071,11.251707341474933,-0.018724558823137727
-4.929971596568514,-24.086828919584867,11.966624209357375,11.90592509677655,-0.06069911258082605
30.580597566801735,17.61430845944679,11.528004882288307,11.510992415705552,-0.017012466582755792
26.060961124602066,-8.566035763502803,11.119161672876432,11.129686393352472,0.010524720476039917
-7.299915297953838,23.670554583511176,11.233676486950252,11.227187798518642,-0.006488688431609546
-4.374997634615845,29.764486487739006,11.12009130939405,11.12792797795757,0.007836668563520277
10.115475607431037,16.30736996240728,11.678612709517006,11.634005225947154,-0.04460748356985178
-9.83144313417965,27.969769355448307,11.138077310733475,11.1894117123025,0.051334401569024024
16.06211476635908,-24.15269179293299,11.08691722378241,11.092511195023341,0.005593971240932305
-6.69890489437455,5.816010752969262,11.115813638190426,11.09728181120459,-0.018531826985835664
-16.662949268075437,-22.376093842665178,10.830225913734314,10.857804289713187,0.027578375978873026
-17.46549636413181,31.829358838144657,11.392780010872869,11.39500125521395,0.0022212443410811744
4.149454831306208,18.295253845134766,11.26753731458083,11.236078819319504,-0.031458495261325936
1.1853791783126724,18.918878413705542,11.327571624464753,11.294262804673341,-0.03330881979141154
-17.622428977800496,22.63098479615349,11.026588503249464,11.083666843359781,0.05707834011031743
-12.729964195607216,26.19653673820065,11.2911213396445,11.26196758808564,-0.029153751558860463
0.21337026215481814,-24.61439493391464,11.776173929803942,11.767195157298245,-0.008978772505697563
-4.677870408035204,-14.689726583703155,11.359102934978983,11.362697934978618,0.0035949999996347515
13.450242295331833,-6.820065527427978,11.421754163717011,11.474792736924945,0.05303857320793348
-3.0971117465825273,0.4650950803594682,11.221679445770945,11.204361289550812,-0.01731815622013322
-25.53138127501505,-23.261060656680797,11.34193265727755,11.343302313340324,0.0013696560627742826
31.621521948308278,4.490886091018282,11.17139100337896,11.204056522068916,0.032665518689956485
-12.131859703273726,28.42768056625514,11.283722779889768,11.251719174645327,-0.03200360524444079
21.22996422064233,31.144604504705676,11.41023877703261,11.436393768874803,0.026154991842192388
-3.3783279426928488,-1.8183819106657921,11.17061266520127,11.18555308325871,0.014940418057440397
-28.397460668041525,25.96398048153126,11.343077649990809,11.342989967714507,-0.0000876822763018481
-27.745978473441497,20.025292381247098,11.502865273870546,11.509048310545666,0.0061830366751198795
-13.194452776543102,-20.328657904818343,11.015416567256565,11.015819127434911,0.00040256017834572333
-18.84197462620409,-16.141864255045782,11.298765032667037,11.309422449776894,0.010657417109857903
16.804171277796883,2.457488003870182,11.479388885642535,11.48404380455394,0.004654918911404238
-6.767664761009193,-27.476121834471968,11.720034124151319,11.736249731817207,0.016215607665888143
-29.48754374630652,-9.230645000315945,11.385351560013303,11.379696485568719,-0.0056550744445846846
2.3518826932284966,4.286078956743246,11.38416777966504,11.368927384378921,-0.015240395286118869
-2.2722379542996762,-11.972386937112297,11.375324007182392,11.375984791647745,0.0006607844653530037
1.3823304740842985,10.854625370656663,11.145007464198956,11.140147718660407,-0.004859745538549731
13.31324180384518,6.220059471555544,11.570877018660566,11.555983571439837,-0.014893447220728717
11.020773563694057,0.6430654913352996,11.491064520515197,11.508392202371075,0.017327681855878296
6.6286120650808655,31.325956028842647,11.217560145964677,11.229762270976245,0.012202125011567588
11.484533918826806,-28.59654643791012,11.284282366731174,11.275924629861779,-0.008357736869395893
21.199006271677547,25.706439629132,11.55809551797452,11.51555447861306,-0.04254103936145981
-30.23583151943358,27.815873136335043,11.415026084987172,11.420657690940816,0.00563160595364387
-2.6938403597829605,21.109802556365636,11.276773761346602,11.29913491365995,0.022361152313347787
27.850092214421807,21.8742519210902,11.601162467380474,11.588980696046875,-0.012181771333599656
14.774596880221871,-0.4671836057566807,11.551657543093894,11.54000621636674,-0.011651326727154299
30.266631761770583,-13.488669426907684,10.94758236378105,10.972164295912382,0.02458193213133164
-4.009993329662201,8.147476794262559,11.100400817502296,11.130586300090416,0.03018548258812004
-16.6641040053431,8.780265274857229,11.002672126257036,11.014256273072014,0.01158414681497888
-17.823553575951756,18.783255514517734,11.011908209165114,11.054338118434373,0.04242990926925927
-18.05260754518836,27.6571508523164,11.35065883509685,11.326668833872132,-0.023990001224717616
-15.448451380524872,-11.980793949354627,11.372477690822702,11.37165947648776,-0.0008182143349415583
-4.726376477942409,21.228439573496296,11.29283342903947,11.282723391698866,-0.01011003734060445
17.57822741430988,21.357742822408667,11.645070612105775,11.644217717467797,-0.0008528946379779967
-31.21134701930962,-9.497809931728497,11.372786308949188,11.339250015180307,-0.03353629376888101
8.242628576560577,-17.790069734328178,11.37617534808363,11.365530123294558,-0.01064522478907115
-12.227745377146206,27.62418077477718,11.30341149550286,11.253139252553167,-0.05027224294969379
8.971395441183475,-2.9506069009826987,11.551766967073506,11.521579519560559,-0.03018744751294733
-31.446139798467833,12.93752968852479,11.206246829098044,11.223893976267728,0.01764714716968463
-13.94427632802983,-2.276470389703107,11.045102430180933,11.089540980449355,0.04443855026842236
1.8401679677497,1.0163628679159444,11.40561628002378,11.393147790233934,-0.01246848978984616
13.815499305140534,-15.342572716582104,11.366444340561591,11.389981377748445,0.023537037186853738
10.785981736558888,12.141813431380648,11.631635342590998,11.631635479383242,1.3679224331042406e-7
25.74979610100393,-10.235329748906317,11.095138775452416,11.113685832019966,0.018547056567550513
-23.757577541301444,-1.9282848210194032,11.069996021142888,11.090948249300103,0.020952228157215202
12.963541342216153,19.544311597683183,11.539644700540798,11.55170630868421,0.012061608143412172
19.386712157858298,1.3173254065407818,11.395632941064523,11.454723957661988,0.059091016597465185
27.767193059052914,-25.86691473725414,10.920344013434248,10.902207648038708,-0.018136365395539755
25.813845987992828,-4.568073118752871,11.263377168313923,11.255276808192123,-0.00810036012179971
8.132607805507384,11.094246364838021,11.315105744604926,11.330325981700575,0.015220237095649125
-19.221221068197885,-24.206077973055308,10.676983884878862,10.642318008759256,-0.0346658761196057
30.403404343650656,-22.998025812208887,10.940585885320518,10.924725326493366,-0.01586055882715165
29.45287382983021,-23.40525642195786,10.946048840882955,10.91844580345601,-0.02760303742694603
6.097342259842641,-22.651309249787047,11.3843874449768,11.42668328061284,0.04229583563603967
-8.679935676659667,15.581244641616514,10.916698861023885,10.941708014598092,0.025009153574206522
-23.808554901187136,-30.123382491931082,10.708051538586545,10.722409775153503,0.014358236566957672
6.2211732330982485,-2.257948201708082,11.485239890164857,11.486673753008947,0.0014338628440899726
-15.21509694367736,-23.568664283086143,10.74592238519388,10.743138041007706,-0.002784344186174792
25.58708828617948,22.26516298573435,11.812903835671104,11.820433488117816,0.0075296524467116654
11.706902817377951,-14.447528478077324,11.40525944277001,11.401776206854382,-0.0034832359156276027
-0.260025602515249,-4.776383913667189,11.298114297811937,11.301028077461844,0.0029137796499068003
8.131611020074466,1.1514700688491786,11.532789854980944,11.500015831748659,-0.03277402323228529
22.39793015904256,14.748402193458972,11.64568063471911,11.629521636642147,-0.016158998076962305
-4.42808727263332,28.593337675622614,11.131502724785628,11.126211071967909,-0.005291652817719594
21.630141158778613,12.648595963327637,11.626741860009218,11.623805902809892,-0.002935957199326822
12.505994459470692,-5.009229941269297,11.535570619750697,11.544727478737373,0.009156858986676397
-20.770575208193925,6.937658793334634,10.978161860925036,11.034812414673873,0.05665055374883643
-21.611555121290102,-13.335605101494515,11.331843739667072,11.29644443941821,-0.035399300248862176
16.940311451933695,-2.9062382026333395,11.379904355626115,11.402673867445532,0.022769511819417332
20.776248174156237,-22.80401716238041,10.919859740716161,10.97989951413478,0.060039773418619546
28.029400890198296,5.731509001877967,11.52980700342088,11.492822300994995,-0.03698470242588492
-7.822337283514344,9.334692406122798,11.066225078825227,11.055696999621484,-0.01052807920374299
-7.8949892977671965,13.088801066893573,10.959684387063302,10.96235347459052,0.0026690875272183945
17.35543827941212,22.489269850438234,11.555638395182552,11.555296536141979,-0.00034185904057260075
5.8638713860202145,10.688190262569485,11.19236561345128,11.209616769451237,0.017251155999957746
4.904612472515417,31.94667652189944,11.196627938657493,11.197247523310889,0.0006195846533962879
-13.836032135361044,6.863726445639443,10.943735956186506,10.940328014856306,-0.0034079413302006145
-24.954102609349448,21.793821762736442,11.279443658516328,11.28602908791739,0.00658542940106166
29.27829377938356,3.2444569174878595,11.321809170640757,11.34633173660304,0.024522565962282528
-11.296962623642457,8.67875825871377,11.062681133238895,11.060943625613689,-0.0017375076252061916
-18.02175273422843,-6.47825706688112,11.24515174161114,11.222355678160133,-0.022796063451007598
-30.493565337485492,6.348174241349341,11.073087576611954,11.12547034191481,0.05238276530285546
-18.289374113474565,-27.771753110958564,10.48866357806279,10.500263810603435,0.011600232540645905
14.102849856450327,-20.85085183017278,11.384383112549125,11.31199261348138,-0.07239049906774575
28.66848727640992,-27.320434083664615,10.918091847959788,10.905550623105796,-0.012541224853992006
-22.521169935155108,-29.743990723779554,10.452925790397272,10.473026051964565,0.020100261567293387
-31.853656481636484,-2.600016457303745,11.269445048048913,11.317225789572946,0.04778074152403278
17.429867758229776,14.293172832685663,11.977989729053027,11.957707708303968,-0.02028202074905927
-2.853404216300035,2.5965692969118095,11.15560032553735,11.150041391506724,-0.005558934030625906
-2.307216343728278,-11.650440269503044,11.3427882314602,11.349583412883238,0.006795181423036922
13.087560764855837,17.883169600925008,11.679699424292808,11.678833848308441,-0.0008655759843669841
16.79455348087913,2.097629194570068,11.482488232168768,11.484460774351469,0.0019725421827008205
15.223310085400072,17.938411853731374,11.737276244420284,11.739993354900156,0.00271711047987111
3.509162970162947,-26.834582551671083,11.394574514292072,11.42118502537879,0.026610511086717636
30.62267370861956,9.461104463984263,11.502244041901319,11.443667869794666,-0.05857617210665289
30.82071967644098,-25.604709694353446,10.920415572841975,10.915846457138446,-0.004569115703528581
6.880902074327757,7.896903759762175,11.31267067964875,11.31102499856213,-0.0016456810866198879
30.489358824153115,-15.152406443824844,10.94842067023205,10.96837383864743,0.019953168415380418
7.292677294642665,-31.77688594851078,11.39700378006151,11.403404648861674,0.0064008688001635505
16.86499938425473,-7.891196623522731,11.375558470812576,11.362892137522072,-0.012666333290503928
15.387853064802755,24.175001081159976,11.34219205581027,11.347048328774795,0.004856272964525843
18.476500944040225,4.024224695687813,11.463960318020705,11.427483315555811,-0.036477002464893715
-5.814397254354915,-24.796281670431142,11.94191000709871,11.942724608567767,0.000814601469057763
-31.383681295277448,-23.186740353201458,11.262909453615555,11.251044554024734,-0.011864899590820599
5.498055818395713,-6.007104072581647,11.483905269778472,11.437675159110036,-0.04623011066843574
-22.962839076005388,28.943408565154733,11.293601029751533,11.301186226025425,0.007585196273891981
17.323276950391566,5.341492417718328,11.51072579532428,11.503905744487229,-0.0068200508370512836
17.71454764013655,-10.794428433713165,11.338706487424043,11.374282141994508,0.035575654570465076
23.4479912049497,18.93914388117406,11.764901630809266,11.753636426017739,-0.011265204791527594
19.311776517113053,26.24648218079252,11.486873900231627,11.488859927444281,0.0019860272126539513
28.460153612260356,-15.170240126408956,10.956256054447685,10.986856898051109,0.0306008436034233
22.61518872182109,-17.032068888442055,11.017117576915751,11.062714336404111,0.04559675948835995
13.677545031839962,-27.598345843952764,11.096755758997077,11.147337643081643,0.05058188408456665
30.10165737260983,5.596009192902962,11.372842941759428,11.395857061666787,0.023014119907358577
-9.05717276297981,-15.656170264799009,10.978484061160527,10.978331845307041,-0.0001522158534861262
25.634015207616656,-20.186569905981877,10.914220400721526,10.914674690791603,0.00045429007007768973
18.84734434383771,-18.3321886420442,11.205316632718695,11.21549472188267,0.010178089163975557
-31.955826044469582,-12.880625213324755,11.203367294339873,11.20358192547978,0.00021463113990627392
-19.639429155740288,-2.235597135576171,11.015769912425313,11.058611499805334,0.042841587380021195
-24.263090330356995,31.21660242135526,11.352069413797768,11.364151119918143,0.012081706120374847
16.103568035165146,2.1783850096049875,11.509505278590792,11.507934090551984,-0.001571188038807847
8.099125633154948,-3.954700546194225,11.505215201963749,11.49033660632481,-0.014878595638938563
13.369921780001043,-17.833114400789626,11.40170249370979,11.380227022650262,-0.021475471059527962
-2.163655749521716,-16.10140527358506,11.76724383693009,11.738835421220815,-0.02840841570927566
28.945990844090886,29.777801236570284,11.810188202902335,11.780651715506583,-0.02953648739575243
-21.744173462024555,13.46199257741786,11.173227131416674,11.119361899437646,-0.05386523197902804
-15.123672255635661,-1.7332493348973514,11.123038279886506,11.093207702119992,-0.02983057776651421
19.11549018334867,-29.332746276733168,10.889704182915748,10.927247370293236,0.037543187377487186
5.230226861172703,-18.40822943431992,11.526634299546327,11.52091231341827,-0.005721986128056855
-1.7639578002208225,26.06733752811852,11.154419274835583,11.17017591358743,0.015756638751847518
8.995122213743187,20.445222076372076,11.359253567695625,11.360169904214459,0.0009163365188342709
21.052154823077437,-5.474353807959403,11.423707399396086,11.413931453331857,-0.009775946064229046
-4.422246007922169,17.4223009669074,11.09383016256399,11.117572226813934,0.023742064249944406
4.19107813420537,-18.13203488379571,11.685410358507095,11.679574968386428,-0.005835390120667583
19.69119845239817,31.5177739897063,11.361625979061397,11.361872397693997,0.0002464186325994433
-4.809615689032839,-18.01205470150537,11.613114208931089,11.608785857680264,-0.00432835125082498
25.832929909757205,-11.12389196030098,11.069288570256465,11.088790711402806,0.019502141146341856
-7.476675078575553,-23.415664079590016,11.715455532713548,11.72809691238615,0.01264137967260126
-30.628759716268718,4.932849033577611,11.112927371996832,11.134736304574737,0.021808932577904727
15.978172155004842,16.715531266973578,11.82850081461364,11.815547678959812,-0.012953135653829051
24.12625452062833,-12.06405062897533,11.113934164345794,11.120327025985354,0.006392861639559655
-7.826146497928207,15.418896623435344,10.944774467632316,10.948860402018582,0.0040859343862660324
28.97033642247351,29.141025899782058,11.791855272518985,11.77199587871707,-0.019859393801915814
-27.79462145125118,31.686764586518166,11.397015234584572,11.398260459341303,0.001245224756731389
19.228949713664456,-2.841695221007555,11.415643442232554,11.397887839214883,-0.01775560301767065
28.181897054806974,27.10041244059955,11.7372618067368,11.765527723828676,0.028265917091875536
-28.144798084113695,-22.43679590489264,11.302943153577019,11.303559804383289,0.0006166508062701581
-17.080891760220396,14.50581166530938,11.005648319093325,10.998525093884018,-0.0071232252093071935
-24.416477976539234,-23.497970710617437,11.347607507135633,11.353740580202857,0.006133073067223549
10.099861904895135,17.50435800313454,11.603132752006024,11.61845674041393,0.015323988407905276
-0.5925365467602504,-25.60716839486107,11.741003873210389,11.71357114721275,-0.02743272599763813
18.45798223972963,-31.260879075469703,10.874982972169617,10.908683868623381,0.03370089645376417
30.5148630557169,-15.155094601098028,10.948804981708797,10.968136072239524,0.019331090530727124
13.197272067355556,-11.863719942893184,11.379584684857665,11.38527275335134,0.005688068493673981
25.651181568846873,10.305470075275707,11.486645768297679,11.471125317688001,-0.015520450609677994
-31.566603870416493,14.668172640289768,11.218197114667088,11.191695554762866,-0.026501559904222205
29.332052139752506,10.738740838121217,11.503247287224378,11.50781340860346,0.0045661213790815225
15.27023694481187,18.289866453837398,11.7130660944192,11.725667577258967,0.012601482839766476
-8.102428288091424,19.64942939271159,11.029662175598364,11.05149924463404,0.021837069035676393
11.163086696046506,24.176742922272062,11.132297552611348,11.145466851968191,0.013169299356842856
-10.641406943815554,24.5360647676955,11.242831239959445,11.230430959609524,-0.012400280349920578
-14.393694331888803,22.668152792699857,11.107028099379615,11.103264882547563,-0.003763216832052052
-0.36445643308417885,-7.475712567622573,11.313331362886867,11.312179818332995,-0.0011515445538723412
-9.780388554891388,-0.777592789938069,11.07221023296597,11.072092697051191,-0.00011753591477869918
-23.108558827622588,6.539179106997274,10.99399819710488,11.04692446945214,0.05292627234726055
-14.592592052696865,-8.105047222268531,11.307941023073134,11.290507049303876,-0.017433973769257705
26.072622198679248,-9.75265491556938,11.094914236178804,11.111981904730706,0.01706766855190267
-19.051347426641975,-7.928466728239762,11.256565053742412,11.271331542339347,0.01476648859693519
-30.891560769118215,-0.07516467532472149,11.237181870271577,11.250479678657962,0.013297808386385057
9.583282876118986,4.101323898880416,11.44573227408152,11.424091978213813,-0.021640295867706882
-14.974708488472025,-28.17453937362913,10.62411358112817,10.588775050497446,-0.03533853063072456
-6.289147503563235,-12.0544737018187,10.93893155101463,10.940995849865324,0.0020642988506942572
1.1812589268209166,19.67158960509883,11.314110172432292,11.297989278366881,-0.01612089406541095
-13.661275567755595,24.166368793303995,11.167898965479102,11.203293566763811,0.03539460128470928
-6.076400002168164,-28.89803536746841,11.786806040991,11.777179834079309,-0.00962620691169036
-0.7134872334193929,21.015496562388726,11.240046813777974,11.277128278032645,0.03708146425467085
-25.75537872591319,-5.060261107479306,11.130591779432716,11.161061086305965,0.03046930687324867
15.010210810636785,-17.47226361785126,11.399381542890728,11.391708725769673,-0.00767281712105472
-8.151486417520239,-23.400718457221892,11.664392892762983,11.663034819211717,-0.001358073551266159
-18.851090569624567,-18.901636554409862,11.276753617200187,11.28765052616397,0.010896908963783147
-3.031347936865423,6.08662225306184,11.233965333637087,11.195392477171785,-0.03857285646530251
-29.581258451641432,-16.470705085566983,11.230758390555467,11.227970993568945,-0.0027873969865215287
9.982526503682955,30.422584842909473,11.291767830189656,11.21206852616027,-0.0796993040293863
29.34793451921005,22.276940057815033,11.494591387035658,11.545388441558943,0.05079705452328476
-8.38931788502655,-19.738828590881553,11.355185078019094,11.358981137037693,0.0037960590185992515
-12.848011837596573,21.55769282562354,11.052424432218716,11.054226154292174,0.0018017220734574124
26.293991820032524,-4.936063488345205,11.222641806722253,11.223296873618866,0.000655066896612766
17.409204184935632,-21.249126321073945,11.118460389489078,11.153680345675864,0.035219956186786305
-11.793515991547395,-12.757214646084272,10.524785353087433,10.559328036713097,0.034542683625664594
27.511508985365417,1.0909155496361294,11.4040466923942,11.376107542677211,-0.027939149716988965
-30.37788865000875,21.300834960400024,11.708180003066092,11.714753940723485,0.006573937657393003
28.050214168192618,30.72349921055303,11.813886009065866,11.815556737194974,0.0016707281291079568
14.988745658049773,18.022735425201333,11.72569488582044,11.729673152003935,0.0039782661834948385
-20.666966237229722,-25.05308124848728,10.646521644667022,10.687046110909504,0.040524466242482404
-31.84400573846319,28.03219555533733,11.464385317423078,11.491459056147532,0.027073738724453733
-24.017537925172228,-30.619158527063618,10.72287595598678,10.721751902722971,-0.0011240532638083778
30.40519788853222,-2.3736369729419025,11.063415866602801,11.091773054547144,0.0283571879443425
-23.745415262983556,-20.457570548231963,11.29387876436433,11.301010350338867,0.007131585974537558
25.39057216951756,-4.616381660111102,11.298797721873761,11.286854701353404,-0.01194302052035745
1.7669870054706323,17.049401731300556,11.297730247664042,11.254744736720859,-0.0429855109431827
-7.124661101438058,30.45678199116759,11.140211863956658,11.131028668812831,-0.009183195143826595
-25.938029617504284,-2.86413541918197,11.128017049598773,11.129066208862154,0.0010491592633812274
-22.473418041664935,-16.692215142728124,11.278948436060082,11.28995709116983,0.011008655109748133
17.959594096947967,-30.6425678489568,10.864426173613941,10.915816098526973,0.05138992491303185
9.337817211653942,-10.47132176600541,11.495852847558485,11.4898586737322,-0.00599417382628431
-2.6410097109565953,6.271481535852544,11.25206579046175,11.196000039491288,-0.05606575097046118
-12.464495175677833,7.457751108329582,10.953527707542815,10.970176310958127,0.01664860341531238
-7.486551080046176,1.6163544565202486,11.050798071790949,11.065997514674537,0.015199442883588432
-12.071516899787312,-25.45535472321197,10.60999988917031,10.607980898978566,-0.0020189901917433417
29.192949393333755,-11.434589291802986,10.970649889546726,10.98409735168602,0.013447462139293265
-13.298237068903262,21.852314895859244,11.062059467797226,11.070188671287578,0.008129203490351955
-3.4086770694661084,-9.03111122120498,11.220751583251289,11.15200857176589,-0.06874301148539885
-26.29300999393007,16.02867896940024,11.214138738843053,11.169011919569,-0.04512681927405282
-21.9874695528811,-29.30412261301211,10.372121361310453,10.372115485427734,-0.000005875882719053038
26.856820668018848,2.384295037420685,11.472417328439946,11.42755537089719,-0.04486195754275535
5.150319503845182,29.84469089399434,11.245093297253405,11.231039794527907,-0.014053502725497324
21.424890829910396,-15.94049735732451,11.13372520445371,11.141504939529446,0.0077797350757364825
16.717705109510284,-3.156132187496837,11.38664520376526,11.394790715702563,0.008145511937302174
9.12974913368884,15.12473403090518,11.555508056801973,11.547046781431014,-0.008461275370958532
2.575022319811197,7.922026783692317,11.244929704299128,11.23244933040896,-0.01248037389016865
22.754762839453242,-16.91970913298956,11.01983448231297,11.059779312379503,0.039944830066533044
19.201828226345853,-17.72149260894868,11.194306352656975,11.212062817912141,0.017756465255166276
21.036015507249573,4.709420811089238,11.421278517864517,11.396346733054985,-0.02493178480953162
-17.652988658610518,-18.393824393294842,11.301643104290747,11.273856107347546,-0.027786996943200748
10.423740776947213,24.800521179184685,11.057155910231915,11.105657739999018,0.04850182976710293
-26.74276285127292,-7.822059299576843,11.334407162882302,11.30784788895101,-0.026559273931292537
5.039092595073974,-1.6194610636233122,11.461938468452606,11.467156306081879,0.005217837629272637
30.0982124888044,-11.307300050738185,10.95417394672823,10.97426852667791,0.02009457994967967
16.5986684814025,-11.332498231761228,11.320669234228061,11.35749964403114,0.03683040980307872
-14.327908577812629,-1.2906216525005831,11.031318288035678,11.031159361866694,-0.00015892616898405265
-4.364727600809097,-26.0076198230702,11.822524416704663,11.825648873185088,0.0031244564804246977
-21.707438357797052,2.5683604759226384,10.967162450146747,11.021257265633423,0.054094815486676495
15.240216779980464,-22.10625519735207,11.26910140365277,11.23522896294592,-0.03387244070685114
18.07026036698968,29.016633854550626,11.424754116275516,11.504570241395717,0.07981612512020142
17.313227866027944,-30.611054934121903,10.886326469086649,10.918123636215666,0.03179716712901737
19.597716985547116,2.273852366946585,11.38788204144127,11.4263428517978,0.03846081035653093
5.897861912979501,-17.100915452958617,11.535654421961954,11.532224092045212,-0.003430329916742636
-5.965384368476478,13.698135658522688,10.962068243419587,11.002063049707376,0.03999480628778862
-8.837461453974768,-14.638000383442517,10.901489618643296,10.901170737420625,-0.000318881222671763
29.47688979454923,-16.101269477184466,10.937050982358555,10.97268148787765,0.03563050551909619
5.571123342966146,22.76895056656396,11.299722269774321,11.307650883525792,0.007928613751470692
14.040976385641017,-6.758271327419017,11.365804560174125,11.455531508386885,0.0897269482127605
-29.013680333873367,-27.387243235932786,11.300113362021794,11.298496807832954,-0.0016165541888391033
-6.386946441524657,5.392695484245962,11.120488353494396,11.100836663446472,-0.01965169004792422
-21.19675793094556,10.28774730798446,10.998266048433416,11.073333884225036,0.07506783579161969
17.199502300450533,30.133978064497178,11.453798478997088,11.467556106844444,0.013757627847356346
1.1201609485119945,-17.97620398070371,11.906332740899995,11.887421290904788,-0.018911449995206553
0.02339622408666031,8.502888027051576,11.15999532252579,11.17644469708102,0.01644937455523099
-11.492172836622778,26.531775324757525,11.287748507642752,11.233411943133595,-0.054336564509156915
-9.746477664993918,-23.757864114316675,11.513975423574617,11.492342009601089,-0.021633413973528803
10.40232508615695,13.8371138072892,11.64915258641226,11.641191074439144,-0.007961511973116231
18.461837309426727,-18.557174770430912,11.224547330047965,11.23047841817093,0.005931088122965278
1.6812097864461748,26.07101783695233,11.207952910283487,11.218971067437517,0.011018157154030206
-8.879801944442562,27.68175403840644,11.126402155834608,11.184440825657587,0.058038669822979116
-0.27097084273950145,28.917555881243146,11.186703427131139,11.165529077617675,-0.021174349513463753
-16.09263943611849,13.102572436075086,11.077043988764395,11.048290871583108,-0.028753117181286925
-29.39106459550142,8.568124734472903,11.182821138985183,11.172624894929175,-0.010196244056007941
30.985487636006354,28.159832187584335,11.596082025131627,11.603064259206004,0.006982234074376592
0.08192297192680797,-18.895591929705525,11.872801058727925,11.869558809967382,-0.0032422487605430206
-29.761229850729727,1.958968123524805,11.147174441132549,11.159743130387485,0.012568689254935705
-17.402961613757384,-27.622240300151745,10.539209084615125,10.54318262067606,0.003973536060934535
-28.829750389129025,20.67666729674103,11.679335736747749,11.651821397190183,-0.027514339557566103
-16.65803801909918,-7.976645483618547,11.262369699873755,11.27540297058665,0.013033270712895728
-11.213342132020735,8.009769420428896,11.014880421087472,11.017961024264281,0.003080603176808694
-9.373228210750746,27.547911689513832,11.128804928293558,11.189850015843556,0.06104508754999749
9.004331517508085,14.96345549994983,11.536192786828751,11.536193077906626,2.910778746922915e-7
14.17111932147894,19.680083288007154,11.564849342937421,11.601716632379633,0.036867289442211515
19.260089293359897,20.43393402789897,11.793365213273805,11.791337004084419,-0.0020282091893868426
-15.51663538486956,9.122481322624374,11.068397475435233,11.034909693676877,-0.03348778175835676
4.012913850788159,4.009709170806829,11.420104327483312,11.351005084970222,-0.06909924251309008
-27.082408245362096,-19.970536129379504,11.260493090000455,11.262049148665183,0.001556058664727189
-0.9811222834888795,9.101651579680407,11.098014194892361,11.151768235332067,0.05375404043970633
19.86243371125036,16.82764143681421,11.844995070758555,11.808340709818538,-0.03665436094001784
30.528007364003066,17.385955764079753,11.522755542477483,11.509302260345512,-0.013453282131971278
23.768528165803133,-17.100644897815656,10.992460349433042,10.999888554570356,0.007428205137314237
-9.4846042797518,27.626031826261745,11.132476304754338,11.189987667045335,0.05751136229099707
17.84192752460362,10.134463692463676,11.790363056029246,11.731074048069662,-0.059289007959584694
-21.588807705502084,-10.106120109138942,11.321429053201955,11.288604295039415,-0.03282475816254049
23.124412692858733,-10.86549385860058,11.222588228978568,11.202083050039784,-0.020505178938783786
-14.095171313481934,-7.509883688639562,11.273098478670473,11.271598107856084,-0.0015003708143890293
-17.30697110779056,-19.84054993434421,11.135775137575418,11.099842491471762,-0.03593264610365665
13.900110287926871,-16.416954286107682,11.356974820500923,11.376045188668064,0.019070368167140472
-5.388980669589557,-21.968210363139313,11.80851126602157,11.801544822462574,-0.006966443558996005
-4.137993596533924,-23.499631027317207,11.948602466967877,11.929551821823758,-0.01905064514411947
-4.255145429628641,-26.47292481053438,11.781352496508315,11.818309559601325,0.03695706309300917
-8.382828065302647,17.981493562847007,10.935376475923245,10.997093278941225,0.06171680301797977
2.4717472222021115,-29.866825035397746,11.378876162722795,11.376138747688245,-0.0027374150345504944
-20.511089687568962,-26.698470498552723,10.444272442815173,10.457609415426807,0.013336972611634579
18.099943834165423,27.867386441031144,11.47978491785857,11.44045319485411,-0.03933172300446053
16.760086430939253,7.927108482321586,11.594269183148644,11.599533850539956,0.005264667391312372
28.25647298665497,-26.05577576700344,10.914263713079091,10.903642709388857,-0.010621003690234332
-18.12249815077297,-13.833956222535974,11.317522739324582,11.278837080601766,-0.03868565872281593
-6.759012985286589,-11.129270378837454,10.804254398518344,10.806027036756037,0.001772638237692803
-18.18409194580861,-30.54994832467314,10.43846855450573,10.43856056878402,0.00009201427828919861
4.533435420200384,29.362754618553026,11.244305968873286,11.234748260260949,-0.009557708612337734
16.61993434060976,1.2297449246164547,11.492643359276837,11.490614796188114,-0.0020285630887233452
17.70322139305538,22.64206189549011,11.56135898618159,11.561742426938595,0.00038344075700535996
27.979041440454097,0.5462673741615447,11.354270050961308,11.353579340049015,-0.0006907109122931132
-26.196023505129254,-9.743742188864886,11.330792012710813,11.33295458512039,0.0021625724095777343
-22.43184833437701,11.770006247492702,11.068192232527917,11.110074461861663,0.04188222933374597
-8.237938557056594,-5.795064386598057,11.183692561725712,11.196312882839324,0.01262032111361222
23.369522524744923,-23.464788432840813,10.90378227559269,10.910320648049073,0.0065383724563830015
-31.065207416710834,26.042551104525636,11.50987944760826,11.458370452301128,-0.051508995307131045
-9.18496113137602,17.5462577999101,10.927733727841225,10.965036799578725,0.03730307173749914
26.42809253212951,-7.136726770759722,11.143467354780324,11.149068423511567,0.0056010687312433305
-14.080762452367097,-7.251854543850094,11.260568870850127,11.2598584469458,-0.0007104239043265181
-24.494055870236167,22.375623903744604,11.215760154329397,11.212543617992434,-0.0032165363369625055
27.074597806666922,22.17217970719914,11.674063651597889,11.697863077993397,0.023799426395507695
-9.779909279174504,9.186293021484914,11.100621092495729,11.100838243376643,0.00021715088091411872
0.8348349201890315,-31.252461921103944,11.376540823243616,11.385026486126504,0.008485662882888434
-7.872762605148331,15.54167120794515,10.945263040452787,10.948967732078168,0.003704691625381784
-29.619432598336743,-29.811564475257434,11.366785343775726,11.425944168699012,0.05915882492328528
-26.538932361170936,-13.063086032181168,11.310127498027846,11.273755954606234,-0.03637154342161253
-22.420189742167437,-11.345555535507643,11.331255754705154,11.310078177472827,-0.021177577232327494
-23.248400426581597,-18.273301513262297,11.291061953034122,11.305665669161073,0.014603716126950772
28.225076574605275,19.631666437057753,11.48148043413461,11.49053211146431,0.009051677329699359
3.5695256950789656,-11.101733903397474,11.491924395096792,11.440374817065432,-0.05154957803135929
23.808788972503585,4.539781765345673,11.452702097950034,11.45580560980125,0.003103511851215046
-1.7754250905279605,30.558452090293926,11.13967532571763,11.148469770789983,0.008794445072354051
31.386621862545688,-1.7747732495689377,11.03819222494464,11.058975432508168,0.020783207563528805
16.889406819044268,10.176388700273755,11.78667313701599,11.725380936875622,-0.06129220014036818
17.69787980556579,-17.274789509786935,11.322255151857288,11.305383577876295,-0.016871573980992594
15.763207069836149,-28.393112512313515,10.959202814530762,10.9621693254042,0.002966510873438466
14.352489057196124,10.678536123131934,11.944566488248718,11.947096242014444,0.0025297537657262836
-5.14782024514507,-8.098889074303493,11.185811536141731,11.13208596990865,-0.05372556623308178
23.991052413358183,25.56615464912815,11.75544241462382,11.755564970163881,0.00012255554006124214
-21.00256521695932,0.6914757684444481,10.999213229106765,11.045960106958384,0.04674687785161957
4.855343452807176,-21.82020855427988,11.409657298016107,11.420699524278323,0.011042226262215848
-5.101085900089892,-11.516665146309485,11.02186402262599,11.022447622254319,0.000583599628328102
-28.996946142112776,29.019679487541495,11.402140204499535,11.402139786738324,-4.1776121051384507e-7
-14.272274632687385,-14.191798264488774,11.07168435118183,11.074698276764911,0.003013925583081445
-28.45767565054375,-15.586913860345959,11.231798584989699,11.243432172520905,0.011633587531205691
-5.879910569291091,-10.961194961002931,10.887288532886526,10.888002430674815,0.0007138977882892306
-30.17369285017736,11.724256844099997,11.218659531728532,11.218628187240236,-0.00003134448829555936
-22.116621258775332,-7.097753301033599,11.184980297073828,11.229781377529756,0.04480108045592779
-24.988721975053103,-24.915665544365346,11.351690298212855,11.353801127209461,0.0021108289966065286
28.58460322295163,-4.290292439044428,11.122246819773565,11.145328525028399,0.02308170525483355
-19.890085311286448,5.102301973342271,10.981012121623367,10.992329319778797,0.011317198155429864
3.8414494677684488,-16.052295395261396,11.821553972874833,11.812768786615532,-0.008785186259300914
-6.242316496650361,28.393986445491144,11.12817050701036,11.128315152340535,0.0001446453301756634
7.03137869950428,29.520282127575825,11.28442518374951,11.264940590011438,-0.01948459373807232
16.50763637525936,8.86413217465249,11.708442729554694,11.69850019215035,-0.00994253740434381
-14.968088009766653,-26.107738146853798,10.705331091403009,10.678166193715706,-0.027164897687303124
18.492799926120014,27.21752872032362,11.478444277402483,11.460143610129139,-0.018300667273344118
-21.69555109625753,-14.432089202406395,11.313452433460203,11.287711913689304,-0.025740519770899084
-22.158223947789686,7.105623171512285,10.98119548485932,11.053404830706977,0.07220934584765715
-28.55816256596735,22.787565064661344,11.664934819734206,11.623175275308913,-0.04175954442529317
-18.264014733698552,-5.829868367414086,11.212584636873734,11.210914336075865,-0.0016703007978691176
20.15334071975738,-9.861520842801745,11.426842299840507,11.396722316133785,-0.03011998370672231
-11.767105084359976,20.431045853747506,10.985783147386005,10.996706584950536,0.010923437564530403
26.29959582013599,-2.180710977994835,11.356599972043693,11.316059520172686,-0.04054045187100641
-19.208682587506686,11.39712701880699,11.022494810064906,11.060958560093376,0.03846375002846969
-24.3230407275926,31.45245054530318,11.361548436614491,11.376803587368057,0.015255150753565871
23.62634174606753,-25.057264956615946,10.89372983000383,10.898496612450653,0.004766782446823825
19.675854292857387,22.14345651041235,11.691255478405388,11.691336630244665,0.00008115183927692726
25.433305336921016,20.61173170993567,11.687151222330783,11.727312468134258,0.0401612458034748
-0.9814367926242156,3.7634771831477636,11.325431552116239,11.32556432217502,0.00013277005878187254
10.526074866187479,-31.376526808000584,11.213242645502804,11.186680423170616,-0.026562222332188412
-10.727128235405026,-19.333863036041237,11.102028738150128,11.115547524296788,0.013518786146660133
19.7536594849877,10.110000686451365,11.658563055893826,11.624098367538537,-0.03446468835528904
10.644603069896782,16.531939409285407,11.691030385521973,11.68194656186967,-0.009083823652302314
21.055516201808572,15.47193535958283,11.735764461197107,11.704179003731712,-0.031585457465395095
4.313239347597481,-14.222183709615571,11.631943211946249,11.648182421605759,0.016239209659509868
-1.7405533519678045,30.42318531533632,11.142716982043147,11.149630893923813,0.006913911880666035
-2.007338656889303,29.712357674856776,11.141516231916604,11.154495002004058,0.01297877008745374
-31.982098456290622,-11.908070822248035,11.198221359992864,11.203006745830994,0.004785385838129486
-2.636802569174158,25.74346233809819,11.126702382385517,11.150923938269901,0.02422155588438457
10.417770199515964,14.649528402087412,11.679270493803296,11.643782767316988,-0.03548772648630738
26.819006471077763,-23.201293702516168,10.907945741401187,10.90837366213824,0.00042792073705300027
25.396928575424994,21.588711669760613,11.770129714965977,11.814758100427788,0.04462838546181125
16.923871903707862,-29.71571232918901,10.907143904220964,10.927092356839204,0.019948452618239187
5.337576360389363,-15.548467877134364,11.606628890873672,11.59284166888831,-0.013787221985362308
-13.148369029551127,13.61186282982365,10.940951550401365,10.949824136215415,0.008872585814049927
25.729524139416597,-19.109253242234892,10.92140544944801,10.918942447834603,-0.0024630016134068455
-23.750159080142453,-8.810692089954678,11.308041230534718,11.281333742347757,-0.026707488186961115
14.482518175222069,-19.22164817651818,11.388415473161142,11.340926739773042,-0.0474887333881
7.138412243187815,-21.336905286832653,11.396923185009072,11.416051512734871,0.019128327725798755
-18.490126909687703,-2.624383049463802,11.058747151394954,11.124084983873265,0.0653378324783116
15.235706779563579,22.501077809386203,11.450978983038622,11.446009513036904,-0.0049694700017184346
19.76821022651319,-20.57624959927582,11.05644344658042,11.075152613246656,0.018709166666235788
-8.455733128312012,9.956528515341475,11.030086900502736,11.048727885732562,0.018640985229826157
-28.315153241021925,13.077649736453715,11.231644848734675,11.168492760509382,-0.0631520882252925
11.689996643742319,-19.76223676598027,11.343066010666291,11.336434930589634,-0.0066310800766569145
29.27581696624882,22.625609069235267,11.508019338852996,11.563019610367952,0.05500027151495601
-1.1266871981786508,-0.4270098397523512,11.289274200782977,11.301783965288664,0.01250976450568686
-5.932942694376621,9.589917586884802,11.017565579092087,11.071089163315587,0.05352358422350001
16.98941010163179,15.640322298307154,11.892257834531385,11.831401121561113,-0.0608567129702724
15.769630174005627,-22.123819639755986,11.215286728684728,11.196616243139152,-0.018670485545575488
-10.020481856464926,5.710926251433172,10.944939112320345,10.95856678184183,0.013627669521484975
-8.300637893129341,-11.47053401933173,10.666176685137659,10.669594859111916,0.0034181739742571438
11.729068662181184,1.774003310008034,11.515215591759063,11.50770358400564,-0.007512007753422978
14.385116931867216,13.190171311281524,12.039404384979617,12.041624361827411,0.0022199768477939585
4.999978054671402,-19.82463508909229,11.449142481416382,11.449142687635375,2.0621899210482297e-7
1.6185640597129947,0.15594237503552932,11.397613429428223,11.392789711844749,-0.004823717583473552
4.882475549339354,4.111708409192758,11.435154277993687,11.364452104057115,-0.07070217393657252
-1.4133200098822556,28.23685154795605,11.16359128289876,11.16774816403267,0.004156881133908996
-21.861140425653005,-6.850230399243344,11.179475778704486,11.21827753104501,0.03880175234052352
-3.9170513393476654,-0.008315511281026033,11.165955938204236,11.166122486498773,0.0001665482945369945
-14.774711946089589,16.869140456878448,10.898169971549727,10.946945490850457,0.04877551930072954
26.25530161384207,8.539129291593973,11.500017906285903,11.483836315428062,-0.016181590857840433
-30.49315802753363,17.602385745072723,11.137145162358335,11.149795147361951,0.012649985003616138
2.140195737100896,-19.68583040868146,11.675015842425815,11.67186681299385,-0.0031490294319649337
19.413987691841818,-12.412106774644649,11.391219140406438,11.398332763885362,0.007113623478923969
-31.919484621077252,-14.17218298689523,11.194004658015377,11.2115765767291,0.017571918713722212
0.1223332126026051,-2.068754913752869,11.296297423511216,11.332924238132716,0.03662681462149919
-4.627472248250207,-12.675247626335612,11.177447685541324,11.177290751126034,-0.00015693441529052166
-1.5912920604476213,-14.426498475961651,11.681703966725417,11.738495620864137,0.05679165413872056
16.64752223532635,-31.92384376059259,10.894667785027611,10.904073582426,0.009405797398388316
13.702082683290712,-9.087915412596118,11.4067822303454,11.414110783734445,0.007328553389045922
28.091375063669382,23.410559429034365,11.638078452394915,11.635163456606008,-0.002914995788906083
-2.6894403708355483,-6.950561343392749,11.225901676382511,11.241046885341975,0.015145208959463474
-13.323723722485255,5.944270823622581,10.927863733559883,10.924333223020051,-0.003530510539832221
-12.337468263030523,24.711137038155066,11.268037731942687,11.253767465516658,-0.014270266426029465
7.174254442886301,17.856077426811282,11.437956288446108,11.437956444213002,1.5576689449403602e-7
-26.46919000252207,21.749657808735456,11.427991802461545,11.454382010073548,0.02639020761200328
-11.408093659588097,-3.4796690918627533,11.075513439686612,11.119928104003755,0.04441466431714325
-15.531642130529256,-21.627812899014017,10.919842663711478,10.889836667377494,-0.030005996333983376
-24.659026127626277,15.215874544217357,11.197121671783469,11.188314714008234,-0.008806957775234991
-16.728630576550202,19.7595657808469,10.986722057610663,11.037352399215319,0.050630341604655626
2.18565517402309,2.4169791266441294,11.405214796256754,11.393395273413626,-0.011819522843127928
-3.3597678046637753,8.919024104217513,11.042009896788276,11.11827782858718,0.07626793179890434
9.925649824197542,-30.941166861077498,11.274624038336842,11.243770078897029,-0.030853959439813394
-27.949919513543662,-11.593553308140109,11.343645350106886,11.28565672098435,-0.05798862912253533
-12.230296388716077,5.4779535605730985,10.946995190016963,10.9177874890488,-0.029207700968163053
15.03146499161575,-9.723452063293223,11.359733543356372,11.36907165619028,0.009338112833908951
16.712140984910555,27.688960762974276,11.415165970579196,11.41295476869747,-0.00221120188172641
13.951192482877268,12.198508496065912,12.00124479675986,12.002126174795642,0.0008813780357819212
3.8679724107111255,31.021350394387056,11.202183482919882,11.202448985878178,0.00026550295829608217
14.737217821190882,-5.252171602719258,11.405781903183819,11.455283201953138,0.049501298769319746
8.348746607635775,-22.74039685334367,11.422065816912182,11.410367290880195,-0.011698526031986844
20.882396258335746,-12.428162976061948,11.300741722613097,11.303449439501403,0.0027077168883060665
-28.459128814440596,13.004646287120643,11.23331497311182,11.166861995785341,-0.06645297732647926
-23.515072244703433,1.0322756753953044,11.056259940648244,11.071992648892982,0.01573270824473738
24.338620176478962,19.42171343708423,11.729666159676317,11.718562835596721,-0.011103324079595467
10.103162898553528,16.807365241318337,11.65855152339096,11.65057237301157,-0.007979150379389566
-15.167026931305578,27.245398626177234,11.256383453911333,11.264866732963915,0.008483279052581949
10.89656609560592,-11.990237981061405,11.36278013698862,11.400147200107451,0.03736706311883076
-8.09693044909968,-29.482645391998403,11.052359187056737,11.057323794770493,0.004964607713755953
-13.26567464635015,-27.19704048616071,10.625630055925935,10.625629912273624,-1.436523113795829e-7
5.053547036241383,14.521770594879875,11.192535886120956,11.19209036709784,-0.00044551902311518177
-20.329523548751354,-28.18201385177108,10.412195365170108,10.414771620452585,0.002576255282477291
0.44760983280035305,-2.1674362926311943,11.311963028159383,11.343227986810819,0.03126495865143575
-6.853465520892847,16.54720892389261,10.973875550043553,11.003398491763171,0.02952294171961789
-7.0629309300366,17.62512647695616,10.984586091058365,11.074033849031744,0.0894477579733799
26.472667535210036,-20.903689812286387,10.900769099755808,10.916283584321876,0.015514484566068631
-31.4926434647952,16.82378203439987,11.123772548260815,11.1471236860501,0.02335113778928566
14.683394885860544,20.792028958739714,11.542861709552108,11.538318273218522,-0.004543436333586115
-2.33811393449502,7.682014727010454,11.162292675522767,11.160894597835513,-0.0013980776872539735
-0.6808512076323012,8.954986052474617,11.1149295954844,11.15909538159941,0.044165786115010874
-0.0793531334470643,29.486509115932478,11.179685411359007,11.161575519595052,-0.018109891763954167
-24.95560863122929,6.430287736909911,11.048308183229723,11.059478257245845,0.011170074016121134
-23.398358198875073,-31.59071735413633,10.486711413765963,10.486711386134123,-2.763183992726681e-8
-23.672656636460573,-20.22097426452573,11.293260907474654,11.298380702854413,0.00511979537975904
-30.86332215639181,12.32782118331729,11.194829171478872,11.223459195078545,0.028630023599673038
7.4326559100993705,-6.075070509486821,11.460753827058314,11.45994311250888,-0.000810714549434266
-4.381119565389106,29.225495134124202,11.127271355414408,11.127124082375227,-0.00014727303918071755
9.556547167850333,-2.8698969375166143,11.544483645114324,11.53638738290569,-0.008096262208633576
24.048858242712804,-17.349038898459007,10.974209905555751,10.975322085704503,0.0011121801487519178
-31.73320160093749,-16.779037216029614,11.210618746786311,11.20666207044102,-0.003956676345291399
1.0146560477986313,-19.73384434578017,11.793457108534236,11.756997034108206,-0.03646007442602972
-6.5627624019222495,23.986956136926857,11.220942397815502,11.181046076653773,-0.03989632116172892
6.90119006840073,-1.175088861319061,11.502224793740552,11.505133597540572,0.00290880380002001
-21.718034028463087,-21.312434469935177,11.31507154899852,11.29644742756315,-0.01862412143536929
14.607403338162953,28.968508809785305,11.360642687948474,11.360852619963362,0.00020993201488828106
21.07777194007428,-19.12235545926434,11.014699345437077,11.070938946407349,0.05623960097027236
-24.745963650641222,-12.946224080350177,11.362235204370077,11.304917574679692,-0.057317629690384564
28.207254416327167,-5.064698151940711,11.113772623234471,11.143322947742467,0.029550324507995995
-3.991058538490634,12.042144225397713,11.002728518620494,11.066497146286048,0.06376862766555469
31.044842277268877,28.85033113692117,11.620607627496733,11.631214498333302,0.010606870836568305
-17.45224890480108,-30.73031989080721,10.451842632502451,10.451568907120727,-0.0002737253817244323
-15.091984858002768,20.03859674448946,11.003751457897351,11.010126205879974,0.006374747982622608
-25.181162798867163,31.386509095292354,11.350845430781044,11.38586339733512,0.03501796655407574
21.128721252803878,10.240460861213244,11.563025649101805,11.535700078948723,-0.027325570153081458
31.935448051131836,30.99804882629941,11.65239684515457,11.649974708402663,-0.0024221367519068338
-10.79153688398629,-5.6384672701304694,11.282363018171994,11.297565426913717,0.015202408741723517
-24.627680551935,15.702140535256454,11.202060019847949,11.185869414383783,-0.01619060546416584
20.313468387521155,-27.04486451995347,10.887610905995228,10.922228767028944,0.034617861033716224
17.866810063019706,-25.624180893196908,10.950456720219167,11.008495069267271,0.05803834904810401
24.41854732779766,-13.803621281483892,11.075066313280747,11.06741131664143,-0.007654996639317346
-19.80139037912231,-29.075577503134944,10.416503694334347,10.416419422588305,-0.00008427174604186405
0.5962828077195397,-12.496190733993394,11.621258782706034,11.603083180788492,-0.01817560191754275
-17.113617117187225,12.339179287482445,11.05212599253592,11.069909423602924,0.017783431067003974
16.394734854911427,3.2408947948875735,11.487779536749535,11.49776879123429,0.009989254484754184
-17.88657858457082,30.964421862659727,11.380116914101844,11.39556745992506,0.015450545823215478
24.549822306022513,-26.557931047233943,10.878561574800608,10.898262418183352,0.01970084338274347
-17.85827794567495,22.193861385069567,11.00838138380107,11.070033131532004,0.0616517477309344
13.255901495955825,-10.167031090883263,11.368561212350958,11.402098130198013,0.03353691784705504
-17.365741677677093,22.1215631036234,10.996657791607472,11.071166772930358,0.07450898132288586
-2.317270978242661,25.083317174626977,11.1362049446362,11.156803649729722,0.020598705093522796
-27.15977360211827,19.728323456755113,11.422025205363495,11.438764972298088,0.016739766934593447
15.978273747374466,-12.709518816942143,11.349802181772045,11.357363989730663,0.007561807958618161
-11.159724445700263,-19.1438271177855,11.049042532550047,11.062560630976723,0.013518098426676062
0.5764264202783451,-18.519441996662827,11.895400589740618,11.881262185240375,-0.014138404500242174
-8.741804659238845,-20.400940607185788,11.363038693776552,11.38052361021001,0.01748491643345851
-28.100364377767484,18.14048539645941,11.270291005659224,11.3313225491362,0.06103154347697526
10.037727977164849,5.0209361700509305,11.372478084377374,11.42591112067483,0.05343303629745577
2.115250172506734,12.770466827184691,11.14214363620929,11.141362609263307,-0.0007810269459831432
9.973490294607075,-20.153915674328495,11.42456954038726,11.371497282917685,-0.05307225746957478
3.6470822771818163,20.576868951674427,11.347903106564333,11.270986368078791,-0.07691673848554181
10.818099512040007,-17.533598118683095,11.385419203289032,11.378750921396946,-0.006668281892086014
28.031052212001377,14.528699999147463,11.49742875499354,11.491833511062138,-0.005595243931402649
-5.0746716455328595,18.434210279143812,11.16582798622997,11.177446672312382,0.01161868608241079
-24.728763903066415,-9.00667788844217,11.319402944867665,11.29787310325512,-0.021529841612546008
19.803586664999592,-2.9078664212506595,11.411851577556597,11.395990643170608,-0.01586093438598901
21.448891490018603,-11.952067497873976,11.260886856722685,11.296657267406546,0.03577041068386144
-21.53252211797635,24.059937367068166,11.167018692380292,11.126064171735303,-0.0409545206449895
24.55160870533836,8.249935799385277,11.469841256678874,11.462483589721089,-0.0073576669577857245
24.79494636829603,-5.974547104389316,11.28405680678607,11.265892823086817,-0.018163983699253095
-31.048631372485723,-11.274437012801457,11.255033877526667,11.250882685447912,-0.004151192078754917
31.919767614903563,22.201324135949058,11.53581742589275,11.534298709803615,-0.0015187160891354523
11.354946594587894,23.606760981268955,11.178790332628068,11.177440315543365,-0.0013500170847038362
15.742870372990112,22.18739805890867,11.496684403748864,11.49517363575407,-0.0015107679947945485
-1.831856354936697,-12.836236342424428,11.509294396122328,11.494615448742865,-0.014678947379463736
19.459620704377606,-25.493483909020455,10.925773631909816,10.984730198410302,0.05895656650048586
28.797362956416507,30.519921211418897,11.813924599002542,11.800473169891282,-0.013451429111260182
-19.972902446114745,18.86567886871881,11.083107699509252,11.11153157238544,0.028423872876187417
25.626838370138366,3.6066929110780066,11.480018455145583,11.486565174804717,0.006546719659134226
17.738741088687327,-24.48202687058332,11.001909710484124,11.051037227169694,0.04912751668556936
-5.134127046537223,-6.413640653745375,11.182897561215299,11.187873437405132,0.004975876189833528
-20.431941630332247,14.899375402189769,11.151347604117108,11.084158692723866,-0.06718891139324157
-10.163994453035585,13.872354779084453,10.9439785557827,10.922605709840713,-0.021372845941986185
12.720043640212744,31.669705108253837,11.336270430605483,11.33177336743189,-0.004497063173593219
10.462635660306155,12.91741170753118,11.623536981823728,11.623536696736961,-2.8508676663818733e-7
16.3964128596429,22.884994451840015,11.481870027900248,11.48203049863431,0.00016047073406255663
7.319346050917737,-14.731534569192519,11.420627286071069,11.443930748553017,0.023303462481948145
9.886484991238106,21.394298740012204,11.297069674956639,11.303692112477233,0.006622437520594104
12.970109992038864,-29.837458272153206,11.032962462575789,11.064026988867724,0.031064526291935124
-26.10280512661356,17.298373062987018,11.223460826603084,11.180611443816973,-0.042849382786110723
-11.043755370494218,-2.006649886946562,11.04673099298209,11.04183031158316,-0.004900681398929407
-14.747385744784907,-31.91709510554157,10.49663266703743,10.49761415335148,0.0009814863140498176
-7.136492822592551,-0.6579472593613644,11.118362324839982,11.091392825197481,-0.02696949964250095
13.46900904003735,-15.612435384801621,11.380854648738083,11.386916270862361,0.006061622124278188
15.811639266661643,22.90944904759518,11.451991384303636,11.450612893110845,-0.001378491192790321
15.820789464217093,-18.810846209179296,11.36319258527838,11.358599981325561,-0.004592603952819019
-31.211412777968683,21.56369458534906,11.704303313840953,11.705733299241754,0.0014299854008008595
14.574903809367008,-12.459261921058776,11.36525294469347,11.370581927924173,0.005328983230702633
11.162706307702905,-25.347920940765327,11.381836768176228,11.346400292383548,-0.03543647579268061
-29.623502645929563,-23.092082680253377,11.270448815356021,11.282639158119489,0.012190342763467754
29.515921847666718,2.472017842878074,11.273912126158784,11.297226292518175,0.02331416635939121
-22.155945147287156,5.23852989559942,10.976052282703195,11.008770597907773,0.03271831520457802
-9.11565594195725,18.175243980384103,10.933199557422181,10.984660882862993,0.051461325440811834
-26.030653470764904,25.35302235506073,11.265852122992404,11.255114279629032,-0.01073784336337269
8.028925281904804,-22.369613340384248,11.425633926721693,11.415158894320534,-0.010475032401158657
1.3562652308548522,-8.494175628871623,11.37212853367853,11.34897640854111,-0.023152125137420043
-13.054095704241256,-29.6165764789367,10.60538925079352,10.57937527566212,-0.026013975131400358
26.348365927948052,-21.798660324771987,10.904292735955503,10.912290399162838,0.007997663207335748
29.972094195671936,8.968463936656782,11.510275084448843,11.457412684270318,-0.05286240017852428
-23.74006699952819,24.949348391165337,11.208486498029846,11.152798009525311,-0.05568848850453456
31.63187220981765,-14.709376637684215,10.955876036582259,10.957164717638523,0.0012886810562644513
-8.658040691496403,-24.266010791724533,11.61019804840236,11.5687399442515,-0.04145810415085904
-3.018113910888111,-16.361536855188916,11.700146476676164,11.691686784829054,-0.008459691847109596
-8.9749151870218,30.72856084247657,11.175597443400274,11.161880549641626,-0.013716893758648041
7.532043854293626,-24.64213086742909,11.409425026766844,11.415258023190512,0.005832996423668746
1.018438295708087,10.996171072711967,11.133615071912423,11.14331128633345,0.009696214421026639
-26.19879550770107,-16.20717061459814,11.256729152956273,11.256600376801858,-0.00012877615441553303
-17.640539431474657,-19.42402352975696,11.206899015290361,11.180473871106038,-0.026425144184322846
-31.210598664373208,-24.824480525558577,11.27336065778522,11.257573758370198,-0.01578689941502276
-8.188239501126255,2.7458666815332577,11.038581962897391,11.044726579841623,0.006144616944231629
-26.752659304846937,-1.7737922033368392,11.179602720872271,11.150861939491648,-0.028740781380623304
-3.3064684915068128,-14.578958368046806,11.496635190535542,11.521730169430775,0.0250949788952326
-26.516106833598776,-27.58919419769854,11.30953511594364,11.308450660800668,-0.001084455142972729
4.670097190660627,18.134561356755114,11.26218684216267,11.262797800195395,0.0006109580327251507
21.670183780203992,-16.382870797156862,11.09504725424855,11.118374464168236,0.023327209919685288
11.63008800693462,-24.269564868932157,11.384008645345766,11.378490090221565,-0.0055185551242011854
-11.789159273283616,-29.806749446340675,10.549921803841677,10.550074328785682,0.00015252494400463945
-10.995898477106934,-21.999180971348352,11.33121373201298,11.3307162701936,-0.0004974618193802627
17.98197231858132,-6.436803148375567,11.400237732838676,11.39016578812714,-0.010071944711535608
-11.836923333220348,-22.969525777376568,11.3558806189775,11.355905645973795,0.00002502699629580718
6.876988877428879,4.5843638913650295,11.441330777123094,11.391088421922523,-0.05024235520057019
16.623267264032584,2.0489301894055387,11.490338987021474,11.490296680475542,-0.00004230654593229133
-4.388983030637149,11.537663466543393,11.013463331276089,11.06205295416398,0.04858962288789037
26.705738211677705,-22.776999262176588,10.905536775646215,10.91022589145766,0.004689115811444822
-29.09948905051518,-27.77946454024915,11.298015189935363,11.326261041917842,0.02824585198247931
-0.6410165358668323,16.42087820817035,11.274808075740175,11.260813141165421,-0.01399493457475387
23.74996415619308,12.405380865585293,11.484446944458812,11.485683707067619,0.0012367626088067851
-15.574704699348707,-15.213148897614126,11.305987288829153,11.329828504669823,0.02384121584067067
25.593132514252588,9.922144967141591,11.495580392690123,11.471424824025643,-0.024155568664479432
-6.023677525216279,-27.298034573498434,11.784417308240897,11.79768393959859,0.013266631357693015
-25.598696490913852,-9.068336421578586,11.318092526811864,11.313136454318363,-0.00495607249350094
11.145995815082983,22.77902551395365,11.22077021205378,11.212716140312546,-0.008054071741234736
19.647930657398724,9.068770380891827,11.591764486640688,11.57291344680149,-0.018851039839198336
-20.505500293104376,-2.655470093893804,11.027041098819566,11.069089541996966,0.042048443177399975
-11.449849317225805,24.779014918351066,11.27676713607667,11.234671107683603,-0.042096028393066476
27.65540869346988,-15.34227499301808,10.948834501575512,10.99387763006018,0.04504312848466796
-24.85463113562571,14.898030897373424,11.188316777339347,11.188293238197735,-0.000023539141611905734
24.083606446904234,14.088862777520404,11.550961763331744,11.55484206306409,0.0038802997323461597
-24.923490832721768,24.86885586667097,11.182442266471634,11.180434293960538,-0.002007972511096412
6.299260656433923,-31.974054734450092,11.375195676596181,11.401928757528397,0.026733080932215714
-24.087074492168213,-11.180237510182721,11.330707078641485,11.319345232395971,-0.011361846245513618
4.628691280014991,7.299831442192534,11.295230904101361,11.284102619108202,-0.011128284993159099
6.262551992287072,-26.643054868918775,11.414193831649733,11.393835457065645,-0.020358374584088068
-15.742173859170727,-5.99781314459711,11.252103781729446,11.266356448546162,0.014252666816716442
15.869294636520003,-30.057901273851314,10.927805016705316,10.927545883878546,-0.00025913282676981453
15.327370705931088,22.808955943201326,11.435256532903457,11.430469025984687,-0.00478750691877039
19.29055195089674,21.540296697629756,11.715585243178078,11.714823490423319,-0.0007617527547587599
18.8048549748857,-20.490839883472326,11.099258807406116,11.12279966681066,0.023540859404544534
30.036082507903444,26.290948167179444,11.61610565755238,11.601149100362639,-0.014956557189741204
-21.154400253396723,-26.071126137377384,10.497217352159055,10.492048388452275,-0.00516896370677955
30.485403132659663,-28.84416004726679,10.865205665169492,10.900384403434671,0.03517873826517892
-25.09649529166653,20.764137846261967,11.318275722866398,11.293586000841263,-0.024689722025135197
30.855308156093777,-29.531536086927503,10.85510519138619,10.884701077147707,0.029595885761516172
0.3052365853616976,13.66530193764087,11.166700034789761,11.155826925507967,-0.010873109281794413
25.42536077366462,-8.562160729211442,11.13422166385908,11.156914496352272,0.022692832493191872
-28.118724678099404,19.879034738723107,11.524971409656086,11.520113482001888,-0.004857927654198235
3.8586205181602367,-11.21433650938571,11.493732081994768,11.445183050159947,-0.04854903183482051
22.15717739001321,13.36233485833639,11.608599878567448,11.593259823094263,-0.015340055473185288
26.394736371510675,-11.07052835732457,11.044206187588163,11.072006543085667,0.02780035549750437
-7.757792071628835,-25.44563057657757,11.475720700474916,11.464808286588143,-0.010912413886773109
0.6253278458116043,-2.7031509021178195,11.319143599070504,11.341991902094039,0.02284830302353491
12.208759878140448,-31.727534005083818,11.044737449930574,11.044816871993074,0.00007942206250000083
3.296091178623513,14.010970685469914,11.13000968548431,11.15486165496588,0.02485196948156876
-30.29372444776059,-29.746044782986864,11.38669495460354,11.428830972812644,0.04213601820910462
-2.73985437804901,-15.293550261880682,11.625904309499905,11.613614804039718,-0.01228950546018659
10.790583970481094,4.615541486472232,11.423872059157704,11.460499081070324,0.03662702191262035
28.67075501459056,20.111485824961044,11.478321488146666,11.495657479739105,0.01733599159243937
-8.15519353957756,11.60033661558385,10.988034684535695,10.999074174675918,0.011039490140223762
10.573710871447588,27.41445555548941,11.086416582615392,11.111552026666082,0.025135444050690126
10.341531071914204,13.645300617811586,11.635812593973272,11.635812408462055,-1.8551121705456808e-7
-12.977713417414364,-12.353610296173748,10.943553160417995,10.89194234265992,-0.051610817758074745
2.639710886323371,-25.57567686499751,11.412481049950195,11.423929198947567,0.011448148997372343
31.745333807879817,17.125097854607013,11.513293362962257,11.513758530630692,0.00046516766843573976
-2.975922653739488,-9.623676011852439,11.201873894694845,11.140534072588594,-0.06133982210625177
-20.979091692391677,-15.352575323941025,11.300218882285472,11.282905456363961,-0.017313425921511083
17.542469017413808,-20.946843155107373,11.119423519217086,11.160673884622101,0.04125036540501448
0.3990449099934068,0.04827427439032306,11.368713118205577,11.366525548079306,-0.002187570126270799
7.798643836200256,20.404474273342466,11.332967659865393,11.337214865447624,0.004247205582231572
-23.981672838177964,16.61320715685511,11.189875962169719,11.194294176420076,0.004418214250357266
8.258703756159633,13.60310824542399,11.407307260911297,11.407307498011239,2.3709994145804103e-7
-21.489447346117906,-13.421532407946785,11.329573591753597,11.294490720242486,-0.035082871511111335
23.602195999325303,4.885772685664712,11.453012730399845,11.451000445214206,-0.0020122851856392288
23.497190744779246,20.27387436673849,11.781348079070845,11.799523095906734,0.018175016835888513
-18.68323187019292,-20.82628997003917,11.26250467729611,11.253061292081629,-0.009443385214481737
9.840817031119734,25.831192597067535,10.993172613669639,11.047427418672287,0.0542548050026479
28.549556097477335,-28.886720100982373,10.91944140635252,10.906024126050385,-0.013417280302135737
15.48451854876646,-22.680951901796995,11.226197406557294,11.192905754010479,-0.03329165254681499
22.273648440886426,-7.329412227140203,11.423904486057022,11.407160208951838,-0.016744277105184224
-20.330179974017426,3.1662847196201795,10.959958633760372,10.99341270051765,0.0334540667572778
22.48702633122783,-17.779083611067044,11.003376804297961,11.031963963388414,0.02858715909045273
29.64202998577941,28.27854317850511,11.695393126580688,11.706044355420733,0.01065122884004488
1.9337535708855427,28.15381732714549,11.204967085459494,11.195977169792078,-0.00898991566741536
-31.801858366864067,-8.77537104060844,11.381845326460926,11.366531571115562,-0.015313755345363944
-4.384416259437899,13.768175013399258,11.015603221082191,11.044684231920856,0.029081010838664767
15.354109294944742,-21.74904159879312,11.267071735132994,11.24253513626365,-0.024536598869344672
-16.9464940079232,-4.944287797399987,11.202154744277484,11.221079703066835,0.0189249587893503
-8.576592956933773,-19.248501386127543,11.304514799493708,11.310136795478089,0.005621995984380845
-1.5979079951405453,-27.385910014261867,11.568712545409076,11.619890192977065,0.05117764756798948
19.701973985535112,-1.877164472913691,11.424022977229365,11.42591220904743,0.00188923181806544
23.48922882831109,1.0895101484477365,11.450697814735443,11.452856567288146,0.002158752552702481
18.729262581883127,-20.681210693962697,11.086452842856527,11.118015032187696,0.03156218933116861
30.634612573538618,4.848450801806756,11.243274760995057,11.308078280095586,0.06480351910052917
7.46559455164617,-22.24023018895278,11.420699511532566,11.416082356286626,-0.0046171552459401966
-7.800210920672974,24.507921696476657,11.18791707102544,11.204175792401218,0.01625872137577744
0.48337984805054646,-16.702762303746162,11.926968805280103,11.922510860911952,-0.0044579443681502795
-20.00783819475503,-30.462343440225915,10.403606438032659,10.403606832023318,3.9399065876466466e-7
30.504162163898236,-1.0365453620599823,11.081656636180035,11.131705345851133,0.05004870967109731
-23.128540142598325,-9.010433251979116,11.319860087539519,11.280239401393583,-0.039620686145935835
-2.4834564121037843,13.017381921987429,11.075262484726316,11.104340372069805,0.029077887343488484
21.438845841177148,15.44183538448214,11.723596144332081,11.688227221201336,-0.035368923130745245
-26.991912272640242,-7.771001265791369,11.343842268326531,11.309546362307206,-0.03429590601932553
-3.606734417939734,-1.143716257733665,11.156565679329217,11.178232130329814,0.02166645100059661
-21.63103479875398,-8.93279229351485,11.280463863588208,11.279772666102296,-0.000691197485911843
8.130927105991262,26.361214638118263,11.083042666811545,11.103248523677157,0.02020585686561205
27.946991350398974,-14.970035812091211,10.967999351349459,10.991914886779938,0.023915535430479196
9.810330422534257,12.398100710191187,11.534259807307787,11.534259540912926,-2.663948617254164e-7
0.923471064486975,-3.7809400310287344,11.333149507328034,11.337366562879373,0.004217055551338333
15.869316366437033,21.77358029618547,11.532053908624874,11.53150211641953,-0.0005517922053446256
-14.352140463805938,-29.826789513870587,10.563915132075081,10.53349929197705,-0.030415840098031666
20.097981807220933,4.240293445346438,11.38613493427393,11.380648656277955,-0.00548627799597412
-17.90600769340223,-25.210586169987835,10.646929570180237,10.646929391367362,-1.788128756174956e-7
22.22437432041852,-13.06198256491998,11.146355575700351,11.20652293072771,0.06016735502735848
-6.381330050682941,1.5200847986521993,11.065454822123213,11.088988391250467,0.02353356912725424
31.858852474831252,16.57844581990429,11.508529902713502,11.510909548748558,0.0023796460350560267
-4.799073205790833,-13.914942782981186,11.276775157459383,11.268533013541097,-0.00824214391828626
25.719196826431663,26.26512594957247,11.833489330119733,11.817493793826587,-0.015995536293145207
9.047074095850583,-5.709819316655285,11.500714862432902,11.494759518628133,-0.005955343804769697
-30.81702331101846,-3.474607783069473,11.266763365905303,11.296524502268019,0.02976113636271549
2.0101779011283583,-29.317671755228922,11.367501646050734,11.406339103158475,0.038837457107741
11.992400170617785,-7.059607085215347,11.517867356322318,11.52017355709908,0.002306200776761358
27.36221665214544,20.725400062248966,11.561421666924206,11.598683846198991,0.03726217927478537
-28.13683340111742,3.831609768863345,11.080856527219836,11.081851625885275,0.000995098665438121
-3.4711354973167303,28.22049712654369,11.127124951031718,11.136701332497505,0.009576381465787875
-2.1599682095121864,-28.763186176481447,11.570141914243806,11.59706307025882,0.02692115601501399
-0.026013874726039887,-31.320167758921507,11.38417746622257,11.38477694474358,0.0005994785210106102
-31.101142578743676,1.4888744209843523,11.211055634806206,11.217695761021963,0.006640126215756936
30.81226984775393,14.561987267387806,11.477573490386087,11.505656381070299,0.028082890684212103
28.563793270592953,28.308272442181725,11.792190519278574,11.784677451520125,-0.007513067758448955
-20.922199300508737,-6.470446942183486,11.182904558904593,11.20103696854279,0.018132409638196734
17.41080580497949,-17.080585902802454,11.361770746836097,11.328314205903434,-0.03345654093266326
9.539450175855201,18.568727223517378,11.519812979924566,11.526556803738506,0.006743823813939898
-11.10141337691168,3.5524406463293303,11.045488252829891,11.012577757214956,-0.03291049561493509
24.639062768496338,26.146831285056777,11.819694310919994,11.79408076848383,-0.025613542436163428
8.055766010330153,-16.242534622684218,11.37688503240139,11.37599833595552,-0.0008866964458693616
-20.25936555134856,-21.180396422385854,11.32382560177939,11.317963422240156,-0.005862179539233736
9.901631903489132,-5.821387505132641,11.535573824223317,11.514004566330051,-0.02156925789326536
20.968833712360748,-0.5625636897644881,11.424627390735267,11.463540295565448,0.038912904830180395
28.300949393105952,24.997255084638,11.656756440845285,11.679079607131424,0.02232316628613873
30.739028917113238,16.355740645852165,11.51930285794775,11.503918523622142,-0.015384334325608151
3.927620939630174,26.87915347381343,11.254488424881146,11.26776068594504,0.013272261063894675
8.941607535978491,23.52956412306255,11.083738378838554,11.11643906115463,0.03270068231607581
11.880343364011686,3.164954390157689,11.454482199101912,11.512076781197749,0.057594582095836344
7.607168531695265,-27.47726033189342,11.339473170807466,11.339051663660037,-0.0004215071474291676
-17.19660405488228,-25.336554712085913,10.674052437157624,10.674052496200925,5.904330180328543e-8
6.841409351050345,12.25803271836746,11.215439079781115,11.2597910231608,0.0443519433796844
-0.46811560711966393,-18.786635468906347,11.876232726706608,11.882923727349846,0.006691000643238354
-19.60006034248736,-25.178576170874756,10.567482304631163,10.567375414162496,-0.00010689046866652063
0.5194007378761683,-8.84226151875324,11.335353155959218,11.327397443508342,-0.007955712450876007
-6.75170939899818,-28.208700666567736,11.748246446300609,11.743010357468236,-0.005236088832372587
-17.55944029854237,0.5848914129517127,10.969480694273098,10.990933833759009,0.0214531394859101
6.331608185044075,-11.738762932311381,11.425870997581223,11.434551463467411,0.008680465886188315
-9.164070075150072,-4.380801563672222,11.122152596389146,11.165699117974693,0.04354652158554728
6.020447293845457,-8.604408564671623,11.446104811228189,11.427048139871635,-0.019056671356553423
22.679209384745107,7.803322076640882,11.438762906632203,11.458199891857404,0.019436985225201653
3.758746837738485,-23.870504346297537,11.42207484967242,11.427605729059923,0.005530879387503518
-23.718240173641483,17.87353580093535,11.196890596587277,11.197475906798285,0.0005853102110080499
1.4650718839309746,24.912929605073735,11.215627891267903,11.23088691615911,0.015259024891205897
-21.305328432545558,-0.486489634400165,11.0057825157832,11.059497358922,0.053714843138800816
-4.432852913514402,5.095316516444328,11.14298669154103,11.141048941742532,-0.0019377497984969239
-4.268513567462236,-19.625810688851253,11.776785828275877,11.776717217208406,-0.00006861106747102497
29.175624921008577,11.425549521858088,11.496323720585405,11.505314250800396,0.008990530214990855
-16.655127340715005,29.17809206911531,11.358377736084801,11.347294787608197,-0.01108294847660396
20.366623702346708,4.722240893799565,11.405527005955296,11.39158127265243,-0.013945733302865193
-2.145698456211967,-2.1283809725739147,11.213584081378764,11.234600900602628,0.021016819223863337
-22.099778636920675,15.019509313497132,11.2038251035022,11.13358338078296,-0.07024172271924023
-5.38686633791017,4.804184813879246,11.126690550381703,11.112745396277349,-0.013945154104353819
-4.729740255679637,11.835869690631014,11.007700021594314,11.052617867452122,0.04491784585780856
20.216859533852407,11.366241499562186,11.67755509386932,11.66082925802398,-0.01672583584533882
-1.8888266751708542,0.5446969364244652,11.284906586435607,11.284694840286848,-0.00021174614875896225
4.138485237183765,9.72636460867679,11.195381245265152,11.194220273905392,-0.001160971359759344
21.660803127674058,6.276489112186695,11.428470274233813,11.4244851774366,-0.003985096797213927
5.859114761921177,0.05301336377306143,11.485200392818387,11.483251297215539,-0.001949095602848061
20.76322848399228,-17.75950871404092,11.07208732614013,11.1258209262109,0.05373360007076933
14.341674801986741,-6.83046545857097,11.373901143567675,11.443602258730255,0.06970111516258015
-26.3472985422369,12.276527687103659,11.183468000702355,11.18923202024435,0.00576401954199568
-0.32249845903140795,-5.147864154389303,11.30050572342929,11.302884312387707,0.0023785889584182485
4.594600037605019,9.531346981439924,11.210852904646678,11.209808775627655,-0.0010441290190232877
-17.52070366080128,-5.947174516599489,11.234114530147147,11.22636187491147,-0.007752655235677253
-6.089191043162167,13.223892647438213,10.965709196049696,11.009741173576662,0.044031977526966415
4.689838708034067,-17.909349350150798,11.634735705549687,11.642112056412936,0.007376350863248504
-20.17726653797221,23.703981834292883,11.116109614370913,11.113737111427385,-0.0023725029435279765
-21.925397288012988,-30.434562332949994,10.365449791480959,10.365450117909091,3.264281325243701e-7
-20.73951060843875,-22.821796532231637,11.164072346502026,11.172020144354393,0.007947797852366989
-14.547471555842932,-18.12018564394088,10.76870942844128,10.762128565405742,-0.006580863035537732
30.795079198398483,9.65608408656717,11.506195447335065,11.441120736726093,-0.06507471060897174
16.787953319544144,-15.557863468741317,11.409030452816175,11.370792042773745,-0.038238410042430004
-4.86303228256385,25.973369143167744,11.141287189715273,11.122607327926675,-0.018679861788598373
-26.24682991037659,20.32092311956071,11.383137295728142,11.389031594745806,0.0058942990176635846
-24.58995781836409,10.648518352161744,11.156614453454445,11.139035340497852,-0.01757911295659298
-10.203897598006762,-5.710846428683503,11.238348986657122,11.276021154791689,0.03767216813456642
9.92485011243464,3.8442939022072053,11.438396564930873,11.430005377276169,-0.008391187654703813
-28.698753822982802,30.63357319672579,11.411789335869159,11.411789096830782,-2.3903837664818184e-7
29.44692091839105,-14.184536773621524,10.950115422924819,10.97970084016914,0.029585417244321732
17.846311258056083,12.6289448847823,11.822084576153017,11.8215693739028,-0.0005152022502166176
-15.912982479673289,11.011832784211357,11.074007954707133,11.065991972441966,-0.00801598226516731
-15.796911416597176,0.044774466252704315,10.98077087565426,10.979207319463674,-0.001563556190586013
0.5931705764910831,-2.009841229718731,11.319048351338758,11.350713903230188,0.03166555189143061
-26.96301824425109,21.270908061499775,11.466136047045065,11.483251158483297,0.017115111438231523
22.03478407755339,-20.42282554131689,10.953808158247437,10.978375771799671,0.024567613552234135
22.786947689731797,25.103462262661353,11.66506721030432,11.663347731472687,-0.0017194788316334808
-4.942619386463427,-21.714782729186915,11.83771276293665,11.829305109727677,-0.008407653208973187
19.316245758755286,-27.603576956996818,10.889425851653794,10.938861588489171,0.0494357368353775
-6.6794261343487875,23.757868435948645,11.23009356826377,11.204549277237431,-0.02554429102633904
14.701381254362467,3.5864732856266315,11.531941900635218,11.531765204403758,-0.00017669623145977198
14.978337067549887,-22.75666937768402,11.283791169558778,11.22582294908535,-0.057968220473428644
22.714083899329033,-3.5286403175317744,11.448434021006777,11.435808272496486,-0.012625748510291857
-16.066999151225183,21.03830932759464,11.037688608817716,11.049385964251691,0.011697355433975432
-22.37365669066508,-30.88132833987246,10.390552696207584,10.387360326658113,-0.003192369549470442
17.636234723645515,17.82398283729129,11.881365084358094,11.843735795751877,-0.03762928860621706
-27.561163752799075,-1.902320708508661,11.194333061243048,11.168382539491933,-0.02595052175111512
16.108645159422807,-5.894157583498632,11.399126373299922,11.397332281254373,-0.0017940920455483678
6.578066645954841,-30.558437753510248,11.336043857471324,11.377991215023595,0.04194735755227086
22.12410591566504,10.43910343528119,11.508399975802043,11.482620666445722,-0.025779309356320113
-15.693323464199047,-8.553147259814885,11.293757394978226,11.284185266900728,-0.00957212807749741
-26.664420466195153,29.549668961991593,11.350641198934843,11.366805063021024,0.01616386408618098
5.013364468492618,10.492195399248317,11.192735214018642,11.18165962292799,-0.011075591090651926
-18.411045738516087,-18.13374823649346,11.35344073851892,11.352042779571454,-0.0013979589474661935
-19.7296550312063,1.3581606452412842,10.957339928982321,11.013790117207112,0.05645018822479031
2.801748902093294,19.012056473230622,11.306889436024594,11.269962710693878,-0.036926725330715726
26.19530202411316,7.55679565825244,11.457712207962576,11.485646937167841,0.027934729205265185
-24.14338802551088,-19.034480655383895,11.29363833092191,11.292471036824972,-0.00116729409693761
11.191442841850282,-14.981837841741822,11.397038028195945,11.395622224478174,-0.001415803717771169
19.68700421244978,15.02406601264726,11.732771137927891,11.736741569056123,0.003970431128232477
-25.874720787493445,25.370509562641516,11.255139989095689,11.248968945262355,-0.006171043833333556
-15.11382784646851,-15.147150574505453,11.304768401053863,11.3302999467958,0.025531545741936057
-24.30810197980462,-22.559116553164728,11.324493979336268,11.330179115176385,0.005685135840117539
-17.64501193108954,27.113781246446145,11.32158137192428,11.279625507866127,-0.04195586405815277
30.48722144405592,31.180875199501195,11.79417820708502,11.734841319522726,-0.05933688756229394
8.407670605047606,29.14976361698455,11.277227360358301,11.234260124427092,-0.04296723593120966
-11.28998425036729,-17.773554883300896,10.931816505869154,10.935550703023063,0.0037341971539088803
14.892484570765404,-23.148337982170432,11.272699981604543,11.215021735461402,-0.057678246143140655
30.503811611937238,4.284948426227537,11.234967507765528,11.287044026183288,0.05207651841775984
-4.588843770163486,28.224171813182316,11.134296011181304,11.125777890547395,-0.008518120633908666
-23.48997802953697,-19.579234656257057,11.287245360104723,11.294914378206256,0.007669018101532643
26.95830631865895,26.026212752668968,11.800512263557433,11.779075078580382,-0.02143718497705116
-27.814682576020722,15.325982051203624,11.132844181268254,11.158505537133788,0.025661355865533864
-3.245024590776879,31.655523224519975,11.148722224713147,11.13578893698227,-0.012933287730877652
-31.501083047935587,23.471701741143384,11.532255435602657,11.522220442650807,-0.01003499295184973
14.9311786696681,-15.74646198969986,11.338247027698326,11.384576866788768,0.04632983909044164
-28.039438449420437,-10.406605951291489,11.382651570441496,11.345010710580874,-0.03764085986062149
0.260183912129186,31.435031125250248,11.148671796233867,11.149636382812236,0.0009645865783696195
17.46745466985108,24.485442289695243,11.419971461186426,11.41997142158449,-3.960193595275996e-8
21.463063242353257,13.22738650690571,11.650560100420664,11.631898734250312,-0.018661366170352522
-30.536370632058556,-21.496807285893226,11.25220871638262,11.249082589985232,-0.003126126397388518
-13.469081729740203,-27.26791875140559,10.634774032364241,10.634572314779225,-0.00020171758501597026
-14.526424508497591,8.280682982825411,11.022895296664863,11.018805759849302,-0.004089536815561345
16.27635714191419,19.884698033123946,11.689326365151848,11.688119723195951,-0.0012066419558962593
-10.766476263538806,-2.573351482578637,11.05752179384787,11.082909096239305,0.02538730239143483
-10.376378205509354,2.354872077497113,11.084444917457308,11.033651363710401,-0.05079355374690664
20.189404511849474,-16.451516492082618,11.170361422463305,11.191006817023197,0.02064539455989234
-4.231699711074604,-27.69160701141491,11.757618796848464,11.783952000791128,0.026333203942664696
27.865571090336744,-7.628906850690221,11.064298411279584,11.07266771323156,0.008369301951976382
7.4512523422502355,8.135027512412272,11.31351731979094,11.31395558040871,0.00043826061776996994
3.3561677613635723,3.0260314580943515,11.419784872587565,11.383789236449806,-0.035995636137759135
-2.8725453637384035,15.147721678616684,11.0276329829427,11.067208455652716,0.03957547271001616
16.115760028923823,-10.130184331417446,11.326297790427898,11.35621149905576,0.02991370862786269
4.061473984234958,16.512700381450728,11.201173380203919,11.202909314332196,0.0017359341282769947
-20.38493052395458,-17.058383086190318,11.270105747418064,11.272320991635215,0.0022152442171510245
25.388313167613425,18.744184525775268,11.621638065818258,11.61493428966406,-0.006703776154198593
-2.7022208101617338,14.93570224322967,11.029852137186687,11.065126813460243,0.03527467627355563
17.565794692059725,1.8170551387263956,11.450891839647163,11.458308716685288,0.0074168770381248805
21.1436899928172,22.657380618853345,11.774950517806891,11.823008590102509,0.04805807229561765
-15.999797399597632,27.830580213014635,11.300249886009585,11.29767077080926,-0.002579115200324722
21.85429963109346,-28.355858254600307,10.931948284878644,10.935663121086645,0.00371483620800106
-17.311105907755476,1.4434646082926932,10.986113713138424,10.97520165832521,-0.010912054813214667
10.980339041048829,27.011364276858536,11.090454764200878,11.132946604898729,0.04249184069785095
-24.989107096413235,12.713074745504073,11.138212446240601,11.175619325921957,0.03740687968135603
12.44464147564701,5.600900483485013,11.530326311527562,11.514087707105196,-0.01623860442236591
-4.707018236702503,-26.833244986264866,11.768792455194896,11.812739322751609,0.04394686755671273
-18.214840171107483,-12.748778461953066,11.309572495851624,11.29638329952772,-0.013189196323903474
26.272915163026255,31.456836227759837,11.741240211308662,11.714462302833523,-0.02677790847513961
31.636802390451216,14.68833467284481,11.511663847335011,11.498050408163019,-0.013613439171992425
28.423929227419443,1.598630525016219,11.336617924204795,11.35702064266431,0.0204027184595148
11.894510565056862,-14.80263238252433,11.417205004415393,11.397421156127178,-0.01978384828821511
20.905885690908732,2.675683467182317,11.441125929169893,11.407255403184612,-0.03387052598528051
14.93638477690397,13.686340643432118,12.029758143126575,12.031693551425642,0.0019354082990670207
18.885400023011805,-8.744770536622717,11.340366613563017,11.390107328223149,0.04974071466013186
4.5907193370536845,-9.869653314185761,11.443868826780497,11.409251452078866,-0.03461737470163051
14.193496704955734,13.569309848834422,12.010598910341242,12.018556685024063,0.007957774682820329
-27.16002115412202,-2.359084617145207,11.18269899753004,11.160801709640827,-0.02189728788921208
-14.750305029374012,0.8125686357841815,10.99048097903879,10.991684495477365,0.0012035164385757469
-7.163806434076797,-2.699038648237803,11.118169171456007,11.116489934983301,-0.0016792364727056253
17.150895307035128,29.167128229468062,11.446294863982335,11.463007322296722,0.01671245831438739
22.253445511896203,10.250950885534913,11.496471494473685,11.463355098799036,-0.0331163956746483
11.602087318344196,7.615296284301124,11.481749958255087,11.491767160827962,0.010017202572875306
-17.06908078258241,-22.259544245802665,10.847266997851879,10.906138387748998,0.05887138989711893
3.7239083599965497,19.299785527545907,11.312616313548506,11.249257699676113,-0.06335861387239383
-1.9231605371655789,10.224036749707366,11.061513657212537,11.123151686749884,0.061638029537347094
-6.3346637550271225,25.511566851296777,11.106079320936804,11.159332595668927,0.053253274732123046
31.484244943119137,22.77827805876874,11.544243341188254,11.52997603366886,-0.01426730751939509
17.61288357740726,23.448306358963002,11.500250558178925,11.500185439334823,-0.00006511884410187463
1.935248269885129,-4.3831250621557984,11.372967673791816,11.374500188337421,0.0015325145456053235
18.730916348214834,6.168359959921595,11.55061678697793,11.518191281112143,-0.03242550586578652
-12.266539556159238,-10.929064686861608,10.888732803694081,10.856505630572956,-0.03222717312112522
6.747554941821079,23.706396374548376,11.220223643920795,11.213160671979633,-0.007062971941161678
5.767417359351256,4.191975444878722,11.448615229107979,11.378695949992292,-0.06991927911568752
-1.277736265044986,-23.706784730333332,11.892155173171579,11.887849444467912,-0.004305728703666745
-0.8211189020325733,9.194439846104054,11.100335359441365,11.154219603541955,0.05388424410059045
1.6269175845905366,6.723061410290249,11.301988761071698,11.26338033491803,-0.038608426153667
2.2972288099819167,-13.949731402565767,11.72895320438072,11.752848514399359,0.02389531001863965
25.112864000923686,17.22478869048699,11.560401359491589,11.566602616662014,0.006201257170424412
26.5780989448889,-28.664357863917942,10.923403112704687,10.917287191962854,-0.006115920741832426
8.477525879523164,-10.16819753460966,11.494650935014196,11.48609279402464,-0.008558140989556762
-2.9592725880797914,18.08035952658787,11.217059074661428,11.241713330734944,0.024654256073516123
1.988322263204637,-2.880898613508485,11.369943517515946,11.38852679623287,0.018583278716924667
-1.4191115968801,-30.46087566676956,11.467441094064657,11.477130914883315,0.009689820818657324
-6.687480640337711,-11.069813200326912,10.806902819255754,10.808484761792533,0.001581942536779124
-24.09815921315122,31.233678793390673,11.355471380049185,11.359142698464526,0.003671318415340963
-15.411141126682153,-3.1961869457040137,11.198971746425876,11.171249451091274,-0.02772229533460191
31.50661022975268,-24.06883315862666,10.93223150119209,10.92369659400057,-0.008534907191521057
-0.7432373549382163,-14.6819231915985,11.820996157736959,11.834733165939745,0.013737008202786782
23.045095132133945,26.197441385586608,11.573971221507101,11.57521718777321,0.0012459662661097326
-2.6628900416064596,-21.939266736279848,11.94828283394859,11.921274852552372,-0.027007981396216962
20.54522864420425,16.717980086453203,11.820863566099753,11.797170282547055,-0.02369328355269751
-21.134331210260513,6.196545996700912,10.95660763302655,11.025749917556873,0.06914228453032223
-23.15113936321292,-29.67413457073947,10.574586252898909,10.599508930647406,0.024922677748497435
-27.31549630602983,4.423846042295111,11.064719316244545,11.066696254585068,0.0019769383405225938
-8.86590542563897,6.826644550697743,11.022972755370912,11.023745860104553,0.0007731047336410057
-0.08884275484922455,-11.735779583323108,11.502059225320547,11.513927678813836,0.01186845349328891
18.899480623682095,2.4683658260683785,11.392702269848941,11.424925671021176,0.0322234011722351
-7.6917521085376706,25.773584318465353,11.117719108987565,11.188943269393118,0.0712241604055528
9.627885500243949,-22.36834532770696,11.392215053110077,11.385174269185473,-0.007040783924603389
24.879453804421914,-2.6927022820491686,11.431849858562419,11.373552889533288,-0.05829696902913106
22.551937295595906,-30.117518953582874,10.928913523066043,10.902417135813034,-0.026496387253009956
25.631514958731238,-4.355146881535944,11.288210891230007,11.279196640951348,-0.009014250278658764
-1.8869010917935967,5.7223776376655024,11.280821990532491,11.233423422111612,-0.04739856842087953
14.447627316730632,20.33628090209377,11.549218182432437,11.564897252757413,0.015679070324976507
-30.933497957441645,-4.5916962623263515,11.337178029380508,11.317080814796428,-0.020097214584080092
-5.66576309158409,-2.753658338620106,11.118191236651944,11.140017842086094,0.021826605434149826
-3.0847780679218957,-27.124536805377808,11.689041816131425,11.744172051080723,0.055130234949297474
20.45556065170775,-10.810793193998109,11.398170654152853,11.366481965694476,-0.031688688458377356
-29.50725629091245,30.504820537287976,11.441345885761052,11.44134566233033,-2.2343072281216791e-7
-4.28959916786399,7.138114906040272,11.19228598658145,11.150310353014186,-0.041975633567263415
17.169155333837914,8.64772580532049,11.664980188647217,11.636776520217204,-0.028203668430013096
-26.887416275129254,2.680990762435968,11.087397765996082,11.087457424033584,0.00005965803750207499
-19.6367591754738,5.201581461084977,10.975549659917618,10.991241611658339,0.015691951740720356
23.18580759002581,-31.071609795350476,10.920542096457986,10.89605125563243,-0.024490840825555082
0.10730326309665372,-30.717456262722443,11.378936554195135,11.38022908693042,0.0012925327352846239
18.679622365166686,-19.624144381270312,11.171291283685576,11.166955899278365,-0.004335384407211151
-0.34732614880558543,29.00976378493081,11.185626036373066,11.164592963284454,-0.021033073088611687
-24.509844978041798,7.572044487931031,11.080945123246687,11.086861571680405,0.005916448433717747
24.691120649798734,-23.3095138158302,10.90822313625943,10.898131316520855,-0.01009181973857487
-11.090200212177507,-6.869543538528504,11.304892345662891,11.275940121294244,-0.02895222436864664
-21.274811684141113,-29.434673351644236,10.3854609937278,10.385098458697739,-0.0003625350300620056
5.245805657003785,2.675525743142032,11.461134137678682,11.405192216840696,-0.0559419208379861
-17.909028271622113,-31.772148265328454,10.435414504860214,10.435663802043491,0.0002492971832772639
22.97380499158011,-2.71950791522071,11.470636601776595,11.445181267113986,-0.02545533466260963
30.60054037457482,-8.304641148013133,10.956122782016646,10.984919058895795,0.028796276879148763
-9.712722232647351,-22.88834691353979,11.506821581857642,11.46850466221324,-0.03831691964440154
-27.54375835511067,9.741957945738875,11.207456355222439,11.192421721770446,-0.015034633451993074
26.832806951199267,-27.385705714926083,10.931298774172525,10.912328946894172,-0.018969827278352724
0.2953635102981593,25.7524354446807,11.203641764980965,11.194817773874293,-0.008823991106671869
13.394185920982139,1.430292241679119,11.500813330419053,11.54246269833943,0.041649367920376434
1.0999379032981906,30.644390984027083,11.175072012702971,11.16614966031619,-0.008922352386781185
24.7424163530373,6.649791465575873,11.463872713758448,11.469026933925544,0.005154220167096213
-21.498962640736273,10.447361124496751,11.009622107810234,11.077771177017512,0.06814906920727815
14.452093330239812,13.217711680682982,12.043056655346408,12.048806805417502,0.00575015007109414
-13.48989010861822,-5.451153348419581,11.271053651215048,11.274000636194218,0.0029469849791698977
-10.625948577586769,-16.597427087291322,10.914148259915319,10.913378506472458,-0.0007697534428601216
12.302207761485619,-2.4508318550104065,11.545605290201294,11.56595773693561,0.020352446734316132
-23.743839316192123,-5.67267590619123,11.113030508965174,11.161226057080391,0.04819554811521698
-17.208191742462027,-1.2995146116716114,11.051331126643237,11.04957473875244,-0.0017563878907971286
13.672502911622772,1.5905768053174114,11.499735685992057,11.547181456110845,0.04744577011878803
-2.1221292644413197,0.3490651119775521,11.266841075685175,11.266709347293624,-0.000131728391551178
-16.832373541565637,-29.09433395149685,10.488983654440187,10.502105618754959,0.013121964314771972
25.657554429283813,-29.609389856570125,10.928028428509538,10.900608566813196,-0.027419861696342807
22.24602929025407,-25.225025227952834,10.917930618386658,10.933708916430817,0.0157782980441592
29.072675807692562,23.780725156425838,11.564444748023577,11.6202944499885,0.055849701964922005
26.74159354283558,25.866102564461784,11.805836449218287,11.781494443485915,-0.024342005732371774
-8.398762822982775,27.188790749145973,11.108359780892414,11.185401885798148,0.07704210490573438
-25.53152799798586,-17.803903418431887,11.305497199955168,11.292527246340086,-0.01296995361508202
-0.9055303072875205,-3.6661806560229024,11.26673205102924,11.271415799674244,0.00468374864500376
28.17441469534652,23.66599928998562,11.638265568015154,11.643766302182115,0.005500734166961507
-30.65391418027454,21.60899386867537,11.712378525778282,11.70774453126253,-0.004633994515751638
-0.17020089870072042,-25.605563722718777,11.710031717561527,11.70242571131264,-0.007606006248886743
7.419986562819325,6.049453771586542,11.390730037428435,11.365728376888837,-0.025001660539597736
-9.063894618438205,-22.540165263355163,11.520209548614877,11.518626739010344,-0.0015828096045336082
7.232480526236991,-5.764305458529627,11.468486809681654,11.461040436459022,-0.007446373222631308
9.010267620981274,31.58103965878191,11.311265293568084,11.290584406851998,-0.020680886716085922
18.7560388768582,4.47598886162892,11.46184518285963,11.430741363527838,-0.031103819331791627
-31.916609804980382,31.596132978746887,11.542768205335474,11.545109855976515,0.002341650641040971
3.3559845377312314,29.002352656791885,11.224884587042578,11.219539406555,-0.005345180487577039
29.08002804849508,-7.951856122738491,11.015549784079392,11.028421360011134,0.01287157593174193
0.06995218552823701,25.178677865814905,11.205399210709865,11.196574826079429,-0.008824384630436555
10.528512721195554,28.572914530415474,11.14628511620375,11.139461847525597,-0.0068232686781524166
0.9575091974117527,7.843203119234204,11.239100145715785,11.20532317073258,-0.033776974983204866
-24.861161513657926,12.2583321355498,11.141110045420584,11.166480512563137,0.025370467142552755
13.369097654224916,9.448364196725137,11.71688701400426,11.719179867792445,0.0022928537881838906
6.9006085677190185,-23.234914549281953,11.409683951849736,11.420162559433589,0.01047860758385255
19.93179333342197,-15.701782641783552,11.219920159309204,11.217444919226926,-0.002475240082278063
-18.77289245459002,7.88100790431605,10.99495037292243,11.029082930415747,0.034132557493316895
-30.14794499894692,23.346667688561077,11.604822203344005,11.58894720658328,-0.01587499676072568
1.767458471886279,-22.36036386077027,11.613258293544341,11.578085897897319,-0.035172395647022014
-23.56002872753163,4.219684179588157,10.980023042733992,10.976195410523127,-0.0038276322108643512
-6.10286900923208,10.464467717180398,10.992168368852976,11.046594104050282,0.05442573519730587
-10.32020062943132,0.2974596011078674,11.106100057824595,11.069063053414077,-0.03703700441051794
-18.685552748361623,-7.513943358752186,11.250499623743632,11.25201965913977,0.0015200353961368762
25.820601023568422,11.657424489176215,11.467072837728708,11.469638285234723,0.0025654475060150617
19.29971041509686,8.947383436736224,11.602344165635607,11.597848572860158,-0.0044955927754486424
5.2108233072452705,29.248497118073345,11.272912387108057,11.240569296653094,-0.03234309045496353
-8.145489780403878,0.21203686361760532,11.060072561598552,11.067180807648171,0.007108246049618572
-27.42814399341257,17.352017586769996,11.230133635081328,11.236056740649149,0.005923105567820386
28.514464390482708,2.4608120483417792,11.363734661786935,11.381679594719408,0.017944932932472568
-22.434715062781926,-20.02865636020295,11.289751263408872,11.297217357531391,0.007466094122518641
19.4697154191786,21.84986510365689,11.702205762268015,11.701733136877145,-0.0004726253908700073
16.27032153051492,25.164406660653952,11.325166638840017,11.324988993500792,-0.0001776453392245969
-21.981633156531274,21.055471011463723,11.120877813392688,11.134501951511774,0.013624138119086027
-13.144903389289887,22.019847370239397,11.063690469441266,11.080775149571526,0.01708468013026021
12.401710264388505,-23.252705045422402,11.369959558432601,11.369159084058566,-0.0008004743740350762
-27.206293469958148,-3.3762152095408453,11.168945824300394,11.177248552600497,0.008302728300103368
-13.107375410502293,-30.410650824885707,10.584349579809379,10.536174227020547,-0.04817535278883156
-6.730416248139839,-26.34533752167078,11.604455485779209,11.597419712326936,-0.00703577345227302
22.910355069868345,16.29705944304247,11.690009660997681,11.661117895546193,-0.028891765451488638
8.748650199074582,28.387941959964287,11.198730102518644,11.177602491117009,-0.021127611401634994
-12.903602181077794,-1.6123053520504627,10.983587529631173,11.01367121773092,0.030083688099747263
27.240467226019156,-0.14566212126798206,11.38901096327267,11.35318490047889,-0.0358260627937792
-23.90777060037029,29.41992202159306,11.279047054707801,11.278807120199163,-0.00023993450863812882
8.116731622728501,21.78721829570315,11.217855887018825,11.23612554495892,0.018269657940095385
5.0624273737278,28.744129231403306,11.283777366200196,11.24743357730954,-0.03634378889065637
17.381519883883747,-12.866492705299692,11.373391680105634,11.38543833302548,0.012046652919845968
-15.781962356964577,-28.606285023469646,10.562594340660947,10.562617396776822,0.000023056115875164096
-26.048825786876556,11.1700384196661,11.195326241230005,11.184943776491492,-0.010382464738512454
19.781101684159758,-10.494415464481804,11.420357342872308,11.405000416131708,-0.015356926740599519
-14.738041551213755,-29.35611290655897,10.57125077600401,10.574561832615634,0.003311056611623897
-6.746716026862934,31.894031074621196,11.117560530700885,11.13290108363208,0.015340552931194296
-24.82550246082397,-8.463383263656993,11.309933952959014,11.291455693742536,-0.01847825921647761
2.382667679938855,10.41648169647496,11.165153404339312,11.167981518495514,0.0028281141562018774
-4.250644477989333,17.661553920515153,11.128140649778809,11.139221307598618,0.011080657819809048
25.363071395574018,-11.748430369464124,11.072126593210129,11.088330188256135,0.016203595046006214
-27.511273532770836,-30.87260821666014,11.347470385227505,11.345798272953791,-0.001672112273713111
20.794687061554853,13.477458681406318,11.68828468842376,11.666824803056821,-0.02145988536693899
-18.33205188533666,24.460141868927842,11.148393921198156,11.156677776008651,0.008283854810494873
1.29308563072437,-11.246866275895712,11.40972605899362,11.45550535252033,0.04577929352671006
-30.578514824633224,-19.264611951116443,11.2303575596273,11.204082950517074,-0.026274609110226166
2.824050661585403,-21.259313636414106,11.574554629138579,11.588770960596062,0.014216331457483022
-17.98684329850557,-30.68201915420415,10.441489113421614,10.441482421599712,-0.0000066918219019385106
-4.850232594086442,24.127437819358747,11.135146485042153,11.137918645915965,0.0027721608738122683
-28.747557956648976,-26.506256117154024,11.309436151969566,11.306496568542485,-0.00293958342708045
28.699760787819137,-13.058800520841132,10.957256435831269,10.988629431834573,0.03137299600330401
-9.695794797276946,-14.651086415744466,10.819906090124737,10.820218664375457,0.0003125742507190665
16.546284607101768,18.780207745750886,11.764027091110838,11.749956131847869,-0.014070959262969751
9.532915635184708,-27.886275319644653,11.355361709292696,11.351566251155807,-0.003795458136888641
-12.531929588759688,21.504851172417503,11.05118734974442,11.051951544028316,0.0007641942838958471
20.19992714678917,7.527140462952779,11.47952299408733,11.464724267613693,-0.014798726473635782
24.702858787789317,14.054635314294217,11.511124284169535,11.542243783915138,0.031119499745603463
-29.555787520779752,-14.323861922311515,11.202880454783978,11.228441605768605,0.02556115098462719
23.98640218936474,30.321388534391332,11.640538970000211,11.641935094112808,0.0013961241125972634
-31.701223574066155,-28.8601215269291,11.426481904605666,11.418676897867517,-0.00780500673814899
11.808352436412314,-31.39564356983621,11.085574771523234,11.078198566712418,-0.007376204810816134
-12.030411621822438,3.986817718196704,10.998218001722792,10.998131331607055,-0.00008667011573670891
27.664684244254474,-28.984222890719835,10.936169790244834,10.906963009970525,-0.029206780274309452
3.2296767396601638,-2.9403999401111705,11.416361749469953,11.428317788287496,0.011956038817542591
-0.9040636684768302,27.557071208216293,11.175699818765766,11.174501889146986,-0.0011979296187796251
1.001559603597812,-18.894654969629556,11.87081980687599,11.83124455916165,-0.03957524771433896
29.90325049789041,-10.437853978037445,10.95514069647098,10.976497419088187,0.021356722617206003
-6.123291225947106,20.795655528562897,11.261846841479144,11.184572038903106,-0.07727480257603858
25.260260552421194,5.7250766750166875,11.460025161291718,11.478070695493933,0.018045534202215663
22.76447262301857,-28.416602977606445,10.922986004870273,10.932100971617254,0.009114966746981423
6.554772209937859,19.904372065126623,11.342796134757018,11.341455352806198,-0.0013407819508195473
-5.141297274533592,-30.610395645899438,11.706112099629637,11.704734849568778,-0.00137725006085887
25.617434048069782,-22.679129030044606,10.910922856104992,10.905242615633691,-0.005680240471301445
-21.07809956422721,-8.781207851587872,11.274906959887272,11.27905048421374,0.004143524326467585
-30.292759471753016,-4.588178101802178,11.307830593788006,11.296123949292976,-0.011706644495030005
-30.603024690374788,-21.631390153687477,11.252985079117503,11.249254596948724,-0.0037304821687786927
-25.139824600675908,13.40713929679918,11.139753946069813,11.18836450542824,0.048610559358426286
19.97232261764691,-1.3027199616777665,11.426260232014783,11.44404444593386,0.01778421391907692
-18.766590861387762,30.374288435914465,11.405951065904649,11.394620165799026,-0.011330900105622987
11.107691887899357,30.524095657317062,11.266188974797453,11.2444598216492,-0.021729153148253744
-5.421875179566825,-22.496455318474624,11.838897979627031,11.803910898368413,-0.0349870812586186
21.43662847974715,16.322713240860892,11.771255635259239,11.737275584728675,-0.0339800505305643
-1.8152484068829864,30.8398978113294,11.134222026817348,11.146143871616854,0.011921844799505976
17.290205748297375,6.433956625698102,11.519952166804387,11.535892279233861,0.01594011242947424
-6.577678279884694,4.951515755791476,11.10905914827169,11.089388284292625,-0.0196708639790657
-24.224388105411613,-6.266644309972158,11.140902338017629,11.192801347385478,0.0518990093678493
-17.929670128955458,-24.38343391602993,10.690670580017262,10.690670402344521,-1.7767274052005178e-7
14.523629101804154,-27.660373342738893,11.020297099247404,11.080931894033897,0.06063479478649292
-10.860949963210913,-15.40042809965854,10.780190105530037,10.780490115148801,0.00030000961876375243
-12.716894024864843,-16.551972679241217,10.70381467900054,10.704439933310756,0.0006252543102149843
0.9830967904333292,2.231827629503364,11.384432812442087,11.368176668383278,-0.016256144058809596
-27.36437745826059,-0.1916560529133946,11.189619668059063,11.184865019938416,-0.004754648120647076
12.04403795033381,19.4018467292666,11.529336803927139,11.523795436649621,-0.00554136727751775
-31.850151765450086,-21.980060296884858,11.24234049302546,11.22915149567728,-0.013188997348178688
29.018603609258875,23.636380191403397,11.560118455073793,11.61566006382778,0.055541608753987504
20.12187718320329,-11.367813993666054,11.40370386060983,11.39064114051375,-0.013062720096080227
-18.725974733249913,-12.488849477210195,11.298806689179772,11.298837358919927,0.000030669740155531144
24.23939950453608,-28.89196119951479,10.913025295762651,10.920109329101498,0.007084033338847107
13.158074021425016,-16.915786193930956,11.360592401842228,11.382730146056996,0.022137744214768773
-15.835729159541444,28.22148091095862,11.305780807164533,11.30867099361566,0.0028901864511272635
-14.892638073510497,-26.90702664871209,10.686766367508092,10.65618715358573,-0.03057921392236196
23.85109915847829,28.65864599838521,11.768253385256859,11.773623761740286,0.005370376483426753
8.821781371031896,-12.210162330601818,11.402697506637093,11.40142975863689,-0.0012677480002025732
-1.0507367524691062,8.98716004625021,11.101083503180924,11.151331720369372,0.05024821718844841
-23.14738312363599,26.434509348548595,11.221271816083101,11.202794872452143,-0.018476943630957976
-31.61172714775055,12.267367175753563,11.198961282889767,11.21495106208797,0.015989779198202214
17.94407185933313,7.324918412276887,11.61053969037979,11.587200477467464,-0.02333921291232599
-5.6898433065137795,1.017294278554651,11.104717604346536,11.110926072607528,0.006208468260991751
-26.917245900378433,-0.14745540254057232,11.179469867909107,11.174633682393015,-0.004836185516092328
-8.04385919921615,-16.02527140107265,11.11121549270199,11.111215571378224,7.86762335280855e-8
-20.835558741556014,0.8438533660218823,10.994934576077663,11.040652175354808,0.04571759927714503
2.7256121270281355,9.423018727323871,11.181812810880999,11.198130655266919,0.01631784438592021
17.47136236968671,28.360209501677502,11.452663676067614,11.466154274327698,0.013490598260084141
-0.8907402994773648,8.856930257394225,11.113139844152062,11.155678601747733,0.04253875759567016
-8.523319936686853,20.053220247981635,11.026608983544357,11.054265435934106,0.02765645238974912
-13.3496507963292,-15.405403800900217,10.674976607514587,10.634643677187611,-0.04033293032697571
-7.272970273525139,-3.9363093791698063,11.139007621178871,11.134713478143869,-0.004294143035002307
-14.669938946860611,29.62648928032273,11.313885118296296,11.326868593300153,0.012983475003856881
15.438001441266614,-22.459669070367163,11.23845798282158,11.205802209656058,-0.03265577316552104
0.6520619481221885,-4.813293139894704,11.329354216495402,11.332607161531346,0.003252945035944421
-28.87120256304874,-25.516814055685664,11.311281765011046,11.309555826065838,-0.0017259389452082274
-13.45639229816694,-8.980249648858724,11.30027464876816,11.300400463597683,0.00012581482952356282
-20.979603302434498,14.473404959957897,11.17429504972825,11.100329923454616,-0.0739651262736345
-16.973842678880324,-14.300057392264392,11.314352174002721,11.336904674893876,0.022552500891155347
-22.27442774937174,23.144482031157537,11.14742543471388,11.089365586591427,-0.05805984812245235
-7.938876697365799,-10.157315385980006,10.590510023285631,10.590726886206681,0.00021686292105016491
1.3958142226415973,21.28958357893523,11.283192374198912,11.275222132567128,-0.007970241631783281
-16.6022968613119,-5.219009350002352,11.228611863726794,11.231867755659747,0.003255891932953503
27.535221816336424,10.36601434005155,11.511898369072902,11.495810458670412,-0.016087910402490024
-17.01025221059519,12.384362919906565,11.053589508229845,11.068780140906002,0.015190632676157279
-7.552717049788889,-9.670750585688474,10.64089688795864,10.647507259772837,0.0066103718141974355
10.472679166962777,19.271066902602257,11.501548854717543,11.49438533020893,-0.007163524508612795
-24.923108076828818,-19.939809881598038,11.282844432229375,11.287028108133258,0.004183675903883355
31.247587079739617,22.435306661183965,11.539876419009465,11.526970661308257,-0.012905757701208387
30.14766124979728,3.4244381008901428,11.236545140412069,11.27940213786306,0.042856997450991585
18.459960397789537,-10.092002546517278,11.35796715220938,11.388529716682338,0.030562564472958798
-21.070734584898794,18.18559212209199,11.094481799364937,11.133706703568683,0.03922490420374558
-21.278907242122877,-25.921950644330003,10.553010725224802,10.553662358145221,0.000651632920419587
-31.251371816578512,-29.80172934739482,11.426186426807677,11.442772376903088,0.016585950095411306
31.099435880984608,-8.295672252774729,10.954124622296458,10.972451996339906,0.018327374043447975
20.45923343151732,19.889043364120127,11.872287993190533,11.85258164014978,-0.0197063530407533
22.693057144265254,26.44127776824439,11.572388183478214,11.584567172796596,0.01217898931838235
-26.303793561333762,27.41552160593274,11.310865110806375,11.301568907345827,-0.009296203460548824
-27.21601300111302,-28.063078598780606,11.324723298161365,11.322981413940724,-0.0017418842206406993
-5.497427925934126,18.157795428933802,11.106544701376652,11.143362132691104,0.03681743131445181
19.434074497710675,21.033855564912386,11.758431744257557,11.757524314437074,-0.0009074298204829745
10.976637520260809,-9.99101680700101,11.459825413991142,11.487070120692085,0.0272447067009427
11.20136175607103,-30.999607214156462,11.173830707316597,11.126339738231554,-0.04749096908504313
-0.6787984796750095,1.2648914888147544,11.351958001417593,11.341228816585783,-0.010729184831809846
13.981263944284386,-1.0592458410898757,11.609241553903598,11.555748359259615,-0.05349319464398228
15.264654374721466,-16.786762713129697,11.385088965871315,11.394642967535002,0.009554001663687473
16.666279528169632,14.383231078464625,11.990683327892008,11.98562621417126,-0.005057113720747353
-25.616476937220092,-12.039726829422058,11.352216756408293,11.30279181833867,-0.049424938069622115
-12.963280694886599,-3.502498552062306,11.0891712555419,11.128648416644944,0.039477161103043557
-8.62562685796886,10.92465464207325,10.991151696131384,11.027939797629605,0.03678810149822098
25.43335490400444,-19.257492635401988,10.920833002479572,10.916905974790222,-0.003927027689350382
8.718775652748512,31.43643883658965,11.30534904363503,11.288442948825267,-0.01690609480976235
-6.16925717466502,-6.944942151904613,11.181618713523186,11.187392033635973,0.005773320112787417
-7.09347850384782,-21.31768727565578,11.590758665648227,11.59118487494248,0.0004262092942521889
-14.052068774294497,-2.3884189785745207,11.065776966787787,11.09727548936111,0.03149852257332242
-17.300524925604364,13.805572629850289,11.036289842265806,11.020864265975325,-0.015425576290480691
5.947623190389763,-26.65326619724088,11.42333128698532,11.401859819067798,-0.021471467917521636
1.791439312761156,-28.42933340640645,11.372958912547437,11.448607008590486,0.07564809604304834
-6.444792759686678,24.6859461535889,11.148908636837774,11.17020436650667,0.021295729668896257
13.608194515607586,-1.0117586502040012,11.610143772764545,11.56583993373002,-0.04430383903452473
-6.547221858097764,8.089154970861657,11.12554205266179,11.102592805399924,-0.022949247261866645
30.459417952709167,18.61122089706241,11.517834310774985,11.515668451967978,-0.0021658588070074813
9.429588734250999,-11.24170312419303,11.451014764995836,11.446541315057098,-0.004473449938737772
20.547788498743977,28.1461483575385,11.548445267073157,11.548445328356399,6.128324159249132e-8
28.976509709543826,-4.915325941542136,11.104919231234382,11.097742782701518,-0.0071764485328635885
24.92547646965692,12.3445114848707,11.448538543112015,11.475606020311181,0.027067477199166134
-12.181595227406575,20.912421288776905,11.019059383327393,11.018466446680545,-0.00059293664684823
-4.349247439518464,-1.2145549772518578,11.131759382615023,11.15032364395932,0.018564261344296895
10.831849445149082,-24.745629716054196,11.379239006126749,11.36829787035768,-0.010941135769069632
25.47516840241012,14.39198449381476,11.487693317504961,11.525046942133393,0.03735362462843206
2.0371869607437745,23.94678478289194,11.245980926602574,11.261145275383427,0.015164348780853487
-5.395598699519184,-4.430038213341206,11.156030284014447,11.170968872476566,0.014938588462118929
-20.618745623899812,31.916437306679228,11.391460440197292,11.389300921119286,-0.0021595190780061557
-7.10520188797171,31.42892530431582,11.125024236423059,11.132472289372453,0.007448052949394324
-25.401688695103438,-4.752715879757524,11.1204923116589,11.140693688787751,0.02020137712885095
-19.011059486206534,4.732969101569864,10.96062932122072,10.979660199102987,0.019030877882267205
-26.126207655740977,-2.071262528555046,11.145022970227298,11.140367290696968,-0.004655679530330303
6.142803321979663,16.40982568098822,11.277438848595287,11.277145830209497,-0.00029301838578987827
28.297258512981116,25.234469507439663,11.662343140007932,11.688124129584136,0.02578098957620334
21.527759617229016,7.760606461835238,11.429205828882111,11.463432938497498,0.03422710961538655
3.1555626094583715,19.541962811789467,11.321886352343435,11.268468597123523,-0.05341775521991288
6.426664824188208,-1.9684700571539722,11.489085999251339,11.491860436914028,0.002774437662688811
-6.506976316327567,-15.59511551471926,11.217461251767869,11.243573463227689,0.02611221145981979
-16.55937350305821,13.075025533487072,11.061638132996858,11.047566350134224,-0.014071782862634663
1.4991339460116677,-30.116508641248316,11.348687554042161,11.37186291813596,0.023175364093798834
-23.618074491992196,-8.967080463126827,11.31680151680083,11.28278192102907,-0.034019595771759725
27.839342557591777,16.540362874722994,11.484801892976577,11.49209676478141,0.007294871804832681
12.276401492754452,20.41460085492399,11.444596173143557,11.45219699796593,0.007600824822372232
5.801687684137576,-13.833867762831574,11.468380251936118,11.498392623116848,0.030012371180729858
9.254320915877273,-25.201187581415738,11.346475506943717,11.365867765035429,0.019392258091711412
3.7187165719674553,15.854631377894066,11.181567199381838,11.192596416205301,0.011029216823462917
-5.1930844238521345,-2.33567329265572,11.129663043443898,11.14200137869445,0.01233833525055239
5.029353159207865,9.061440233646643,11.236254992277239,11.235247046452205,-0.0010079458250338291
-9.342236650309665,14.616109841305061,10.920076730236993,10.930287647520197,0.010210917283204779
-1.8986288883072149,-21.49465840416525,11.931214710662491,11.922274496639814,-0.00894021402267775
-3.608030220554596,-25.288568470571434,11.881861944613002,11.84808048215346,-0.033781462459542055
10.206067840059063,23.408843198279477,11.135770192045063,11.131671198196036,-0.004098993849027011
31.794910113977075,11.51276149157411,11.521006640936685,11.43869000148154,-0.08231663945514534
21.94675008212323,-22.967634760920888,10.909086146205036,10.948999211271607,0.03991306506657111
-8.495635577733594,-1.9532225174870845,11.08196763205702,11.087476383380318,0.005508751323297645
12.768652001516777,-22.15897827259161,11.363125534796353,11.34934477452056,-0.013780760275793114
-15.682839127934677,-20.415229015124595,10.886294832971728,10.90098639329807,0.014691560326340891
4.852704605521595,-19.361350970112056,11.497876262301107,11.498346884409239,0.0004706221081320905
16.1573899745621,-27.93690487841217,10.953219732063621,10.957420594114083,0.004200862050462106
-21.253431655113324,2.7259686297813985,10.964169181579283,11.01602164776053,0.051852466181246726
-2.9264976131156075,4.248940508170534,11.175984195875351,11.174494210831908,-0.0014899850434435535
20.499374916738667,-18.693592272152884,11.077967186541217,11.113702554867807,0.03573536832658952
-23.816859944860504,15.369316896894787,11.19688408567596,11.178957295260028,-0.017926790415931038
-12.892697014361111,-14.933233514883227,10.575859538665759,10.561316232394791,-0.014543306270967449
-10.311321359474078,-26.899453990092496,10.511145485882851,10.518970935260372,0.0078254493775205
3.6661265104196943,-17.453201184243532,11.811323706446558,11.80333465229425,-0.007989054152307773
-7.6313542972485,-24.378517968080104,11.722276629535221,11.741702147491313,0.019425517956092264
-18.752161002468675,1.3274017647006673,10.95741206790075,10.998176676981997,0.040764609081247016
-15.724583645093901,-9.019248866712495,11.297109038035277,11.288094710928954,-0.009014327106322995
-16.583760005983393,23.725272598181178,11.106999897900147,11.120813506122232,0.013813608222084994
-29.025482398810404,7.155863639917584,11.075768115412014,11.12937235570379,0.053604240291775795
21.725998572763004,-27.88269149126547,10.918222717325381,10.938992243422925,0.02076952609754379
16.341905273415506,15.107895754083344,11.885616624249128,11.869137443041325,-0.016479181207802895
19.168281526261133,-19.660748939312548,11.14533889526739,11.139283101244105,-0.006055794023284378
-20.25655928264632,-4.33593148288616,11.100144524745666,11.152921083414528,0.052776558668861995
-12.926491951300576,2.729836354765318,11.000344251802842,11.01416093011851,0.013816678315668796
9.280390694982273,-30.686734961459955,11.343846444234016,11.335323496090243,-0.008522948143772524
19.491057475415552,21.469639222923284,11.730226263375473,11.729579486710417,-0.0006467766650555262
-29.90976966640259,17.511602585437217,11.150534478195514,11.175565588664467,0.025031110468953344
28.27623824960282,1.2905466315148857,11.345373864941326,11.35798430702797,0.012610442086643303
6.454220179401176,17.59071647168988,11.350184812465358,11.341656419304224,-0.008528393161133963
-0.6874985173647872,2.8946932510345533,11.342724232268973,11.343135495968344,0.0004112636993713892
-8.200634849470589,5.8694282177042965,11.052819592845562,11.04848421360186,-0.00433537924370242
-5.137680156392236,5.063568945981345,11.135096543543646,11.126096807655648,-0.008999735887998739
5.640113186936972,26.530536530625334,11.297186644678472,11.272843931311888,-0.024342713366584334
23.69667222781328,-10.916539591179216,11.17989898861244,11.166584596082828,-0.013314392529611752
5.882915260377999,-22.133196143721023,11.384099757518898,11.425268276202823,0.041168518683925015
-26.781683171476757,-12.059154810869245,11.361221585382022,11.283303637723899,-0.07791794765812377
-9.15985874486821,12.419995943540243,10.975074080670606,10.971988500008967,-0.003085580661638332
-12.189098772167405,-9.114074426865201,11.068971639617942,11.079331686029157,0.010360046411214796
16.523462263502452,9.829866709861577,11.798281222153202,11.797753332151638,-0.0005278900015639465
6.473123436042734,-25.389656960515737,11.41727979783429,11.417731687003874,0.00045188916958416314
19.120606512061144,-28.078933654339593,10.88866750994942,10.947920888888225,0.05925337893880567
-28.950263149252066,8.3769727274437,11.200295267972017,11.193028738960372,-0.007266529011644707
6.383680048942487,28.348944274881532,11.28443743733708,11.26026773614003,-0.024169701197051197
-25.51366613445809,-4.850688158076956,11.123314062631746,11.147170506687695,0.023856444055949666
28.75945218616034,-16.05967331051383,10.940985216221907,10.980600779554331,0.039615563332423775
-9.116871173294477,2.042835888007538,11.07705142340482,11.044725914456858,-0.03232550894796127
-14.172495198477378,-1.9990996608645943,11.041224185646742,11.085814846465045,0.04459066081830265
-14.212865975131756,-14.144107574385707,11.050643520047862,11.053498802450921,0.0028552824030594337
-31.022586692527142,-11.264992903773525,11.257874484938425,11.25179643325491,-0.006078051683514829
-7.7040961752634445,19.20234132576725,11.059562080699042,11.068933735397234,0.009371654698192344
-30.459394818088427,-7.888162651250582,11.400579934366279,11.37229569977005,-0.02828423459622975
28.599367209158267,17.083654913591246,11.500106047073276,11.49474288110303,-0.005363165970246442
29.912417661038404,-22.70977210210379,10.937117151828243,10.924224028497843,-0.012893123330400158
-21.31889703144114,-28.5912870982989,10.394114665929909,10.400034225934613,0.005919560004704394
-23.56965050775638,-15.604968879143826,11.312872566917804,11.27880053621738,-0.03407203070042364
4.405456391830938,-24.05085754538186,11.398793721591153,11.401376826786958,0.002583105195805402
-23.438445252617896,-12.115755163774068,11.330954507343915,11.324787199431066,-0.006167307912848585
-13.589795323348156,24.18372943359318,11.170658257923883,11.205771789397573,0.035113531473690784
-26.349390560496794,10.800121590970967,11.203253261202724,11.18843506502055,-0.014818196182172727
-30.85323206203413,-30.133023050732994,11.404758662035972,11.447234291230835,0.04247562919486292
24.87426573046242,25.43525554317126,11.803956130565258,11.76674924414086,-0.03720688642439818
-2.2199885015207244,-9.623911449286389,11.243187163220988,11.229364340347052,-0.013822822873935436
-27.82474689000474,18.495455824753186,11.32656527340359,11.374078358057165,0.04751308465357518
-13.272456733592136,-21.537167789015115,11.124540253406018,11.084748842790829,-0.03979141061518909
-18.81684095839438,-29.986777374277224,10.429755464070661,10.430150937065646,0.00039547299498465804
-22.79211202616731,23.08340964812745,11.129270900018133,11.109023145576726,-0.020247754441406585
7.267881480782734,-30.164621222620838,11.303852816723685,11.36252296071936,0.05867014399567516
-3.315433813796986,-30.58278187662318,11.612864548779369,11.628214058933427,0.015349510154058166
10.358604124931581,18.753061276009277,11.533676932256835,11.532473262318558,-0.001203669938277585
0.5449800081069753,27.394501422801547,11.197186592129754,11.184944306394748,-0.012242285735005964
25.73890069958606,24.867195527115122,11.803118514500374,11.781047701909248,-0.0220708125911262
11.824773794879015,30.044407709957135,11.263096181568002,11.244886997544763,-0.0182091840232399
7.258076366840115,7.779108465964974,11.323818321485579,11.320706067628166,-0.0031122538574130942
6.877294187631335,8.485519874650741,11.290827061027926,11.290425003593532,-0.00040205743439436503
-11.676976778460997,30.28489314182041,11.219932924022327,11.240694017340893,0.02076109331856557
-0.8351865621091008,-9.731955035644582,11.273246082401462,11.281017926531842,0.00777184413037979
23.830762091140613,25.347207757963425,11.729111101749396,11.723758395125198,-0.005352706624197623
2.8349986707948034,15.820212890045504,11.17358403198858,11.208908220728219,0.035324188739638274
12.317909838429486,-28.993324687566165,11.14027681191178,11.160286724502026,0.020009912590245094
27.700885307259988,-0.6365233041137373,11.323970882567135,11.321499386774319,-0.0024714957928164694
21.247864860061597,3.3637890668591695,11.435044386592965,11.4023888486836,-0.03265553790936515
12.891610402446155,1.542484276148059,11.50386720219643,11.531444675989702,0.027577473793272134
13.042448406452323,5.905830230571972,11.568203080791195,11.539397727203932,-0.028805353587262772
-21.47685782634627,-9.280685550324833,11.293638345277493,11.282497498257676,-0.011140847019817102
7.010474471529321,-18.465104861416187,11.397029862626933,11.421562431732383,0.024532569105449653
-0.5660761850278817,-7.751240817014626,11.302736591001816,11.306759588589978,0.004022997588162269
13.979355082638016,-19.022968998675452,11.404500611652809,11.356903005618113,-0.04759760603469587
23.27267766414706,-11.02666344280209,11.205792595365882,11.182699257875404,-0.023093337490477595
11.028884058313722,-2.3114055808470653,11.556382975423958,11.559127757625236,0.002744782201277829
-16.177662029523376,-29.53954161011702,10.50043297960044,10.500940056063678,0.0005070764632382208
-19.09280804939494,-0.2932097137275278,10.956141966483386,11.024198772104219,0.0680568056208326
15.663005887886811,-3.204807072333786,11.432040016330973,11.414740378922067,-0.01729963740890561
5.908324137256876,10.549401545881906,11.197530111353144,11.212225401093049,0.014695289739904638
14.693094738269572,19.614986434904374,11.602594426933162,11.63141050361313,0.028816076679968106
11.006098695643885,11.30017861777766,11.65134740714891,11.60692592143629,-0.04442148571262017
25.76392729763994,14.253806906000023,11.478431108272428,11.515334571312183,0.03690346303975467
-2.5919303472508943,24.596447739990325,11.133743859174492,11.150168169144091,0.016424309969599094
-13.258575322649428,27.429249295572326,11.299209275681314,11.272627555778126,-0.026581719903187917
3.662673174886102,9.445906601686772,11.196724871197537,11.204838593688079,0.008113722490541875
1.6801806272372488,11.511323321907298,11.141150431359806,11.130991584236941,-0.010158847122864856
0.38638591452667015,19.22431456188334,11.314694991907917,11.288599046040156,-0.02609594586776076
12.895022387270224,-6.945133296548676,11.472196721973342,11.491522739463113,0.01932601748977092
-29.680123319249773,7.968014685318728,11.134658886291163,11.135558266815025,0.000899380523861737
25.525103343099772,-8.480535565570214,11.13295662733209,11.153834066381716,0.02087743904962558
25.846358728037117,-12.301476656472587,11.043039581673654,11.058918014608988,0.01587843293533453
9.766396416002245,10.688819862426215,11.476623764231764,11.433588450745884,-0.04303531348588052
-11.32545440457362,-31.74925858059843,10.659543854228186,10.643341111217552,-0.01620274301063418
-14.002486488836887,29.006031298583352,11.313905559516998,11.296522921888975,-0.017382637628022835
-23.802085809180703,3.519917731791736,10.990324303002897,10.98581023099171,-0.004514072011186698
-21.303545835795596,16.80153128325759,11.13966136513309,11.123743577200823,-0.015917787932266947
-24.451580210356745,31.4583283164851,11.359859215917577,11.381565499525195,0.021706283607617394
-0.5525693614945837,11.750858946350242,11.129416772165944,11.137928169385757,0.008511397219812977
-6.8701160604695275,-30.958417437967825,11.683303442716204,11.683809694412098,0.0005062516958940222
31.374949703980363,9.420562708386875,11.466752438464313,11.417401276107244,-0.04935116235706971
-22.135936436450805,27.43352971732353,11.291758990026992,11.255860609178768,-0.03589838084822361
-10.316159738105036,-13.584845537751754,10.657793730401838,10.657873888412418,0.00008015801057936756
25.95174877357318,21.651821560434456,11.764547953963909,11.792430187992236,0.027882234028327346
-1.6461929480867354,-21.513458707063457,11.918479328348305,11.91995420427168,0.0014748759233746966
-7.1014310673215135,-25.30433542559097,11.680242289462694,11.639631065806597,-0.040611223656096485
-0.022548030712115974,-23.738237985403337,11.85955016049357,11.856954322094708,-0.0025958383988609057
-17.00781391455034,31.435649068669605,11.384039489924701,11.396720032822088,0.01268054289738707
31.458723367873823,-16.832782414259327,10.957931473473149,10.959219624088645,0.001288150615495809
-9.807594045045668,3.0111219491498105,11.045855819195408,11.031677372396512,-0.014178446798895905
13.055516181709457,10.259251389782229,11.783124703912845,11.772290904403972,-0.010833799508873199
-10.561079320215661,-18.74978525467334,11.070981150567107,11.085659167329185,0.014678016762077917
-10.711370346543895,14.528315152690439,10.92177641535055,10.91812324297052,-0.0036531723800301563
-26.88795026544848,0.018795896926711464,11.175066740649118,11.17421837279407,-0.0008483678550490481
-15.517715514724628,12.006773994499248,11.086395702354052,11.078527747294357,-0.00786795505969451
-1.7744245071156826,-29.123689237535466,11.50431123027334,11.55073720879855,0.046425978525210354
20.61687798738798,-23.406742432149258,10.920496365648859,10.981762997955776,0.061266632306917757
-16.090508611815793,-8.185172947509884,11.276674853508707,11.278368247815308,0.0016933943066010926
-9.739172622036719,13.30061583653928,10.95802932622335,10.939652560554014,-0.01837676566933588
-27.072988943233057,2.620733466912597,11.090971048609564,11.094304533390465,0.0033334847809012302
-27.773974676982228,-17.124545116314287,11.262632722760355,11.266864880154564,0.004232157394209679
-1.9631611720513504,30.225957800142886,11.138314812433274,11.150571889100734,0.012257076667459899
-1.081974168171513,9.665227360049045,11.076476627237628,11.144935590534109,0.06845896329648049
10.432294425461144,-15.713911718613161,11.38814475230208,11.387216912163911,-0.0009278401381696
-1.0185814919241878,-28.18339640063453,11.466374747789214,11.539008177209503,0.07263342942028927
12.840803743319874,-25.406638760140986,11.312511001547845,11.27798623238756,-0.03452476916028502
-23.568448613995805,24.097414891867572,11.164996343402706,11.124843645667232,-0.04015269773547381
-17.79778766576559,-0.7863929709293416,10.995154284661982,10.999748540416823,0.004594255754840404
13.197469441252252,5.701140982301993,11.56974916875821,11.544998789787794,-0.024750378970416875
-0.5396103021482901,31.691793768706482,11.151667849579294,11.142943195740528,-0.008724653838765306
20.210497185010638,-0.6374365311325008,11.427892854374502,11.465431127846774,0.03753827347227201
16.013518341769213,24.281290375253597,11.364677064924882,11.364677263761918,1.9883703572531886e-7
13.139335747606559,25.601598241386824,11.166139419947783,11.197397522116022,0.03125810216823943
12.046085434837103,-30.899983366280047,11.060073498836909,11.060027826564287,-0.00004567227262164408
4.237579385800444,2.7998659611893686,11.440115472145433,11.383839007212611,-0.05627646493282157
-9.488190086960678,-28.819268611754275,10.543459804060683,10.541292452420526,-0.0021673516401570225
2.257510980382527,-25.793862708594908,11.425425348164698,11.427450255772916,0.0020249076082183848
-0.421690766906444,-6.156516008119482,11.311611095884729,11.30856463465134,-0.0030464612333886976
-18.560018135643418,-30.197937491137083,10.433413923715916,10.433694083916993,0.00028016020107735073
-22.816462197465704,-11.065142581206004,11.330971030621871,11.308517857356318,-0.022453173265553517
23.729617208581345,27.263052361056722,11.808132644602814,11.794620191905667,-0.013512452697147737
15.05589999703406,-19.205720117818544,11.374618588192698,11.33999505796819,-0.034623530224507704
18.990895273644043,24.535890208341407,11.48951459471834,11.489514768342675,1.7362433446521663e-7
-3.3777627839943634,21.502879862148696,11.292506150502994,11.300427865249244,0.007921714746249364
-13.779105007761558,26.99682692577486,11.267068486485481,11.268898387342617,0.0018299008571354136
16.692539452382142,-22.315716336453463,11.144755791379795,11.140248155933453,-0.004507635446342917
-9.582242620253922,12.566495484724712,10.975270582568376,10.967672578503706,-0.00759800406467015
-11.69451118374807,-2.6353443014894893,11.026758264460073,11.063922806238287,0.037164541778214044
24.69622413645684,21.485600086018387,11.784738677324508,11.82148401755849,0.03674534023398124
-15.016134142164084,22.42350463483448,11.103777821721764,11.088498220081116,-0.01527960164064801
10.374824877282443,3.9366149351209643,11.429160989082032,11.442978043341247,0.013817054259215311
-28.89443182238208,-24.0236633281336,11.294082590139565,11.301689367704578,0.007606777565012379
13.187309853723406,-26.935878884425357,11.185471582870875,11.204923317678617,0.01945173480774187
-14.156666378834892,-6.164356157422027,11.260457593005622,11.31770629111037,0.05724869810474864
7.338051252367933,11.509964843166088,11.235511641899386,11.28798982036312,0.05247817846373337
-9.271497375866517,30.6126088533927,11.160829090180039,11.17049760267079,0.009668512490751624
-15.38574895607475,26.00026891334229,11.228736845676133,11.212983371106725,-0.0157534745694079
-24.690337062107048,-15.078619832352715,11.327204167595347,11.277048070738472,-0.05015609685687572
-7.144596817432074,8.174214533188064,11.110698762876602,11.093458037767759,-0.017240725108843336
7.656504560640045,5.056104333058769,11.431740939395752,11.395469861306811,-0.03627107808894081
16.23689891890848,-5.6782807922306375,11.399423078051418,11.393954127549847,-0.005468950501571257
-26.407630605564144,25.988491783274746,11.291277740053095,11.290813727039156,-0.0004640130139392795
-23.587255992384208,25.140510099207447,11.217190581660919,11.161512971304107,-0.05567761035681151
-3.4133035412687036,-3.953409277245555,11.203288360703203,11.222504410183737,0.01921604948053357
4.065313817677804,11.260080543169536,11.165900557777832,11.135753976939554,-0.03014658083827726
-14.244253715498495,-7.856010494180751,11.292311872275548,11.286178199292827,-0.006133672982720384
20.03680848706049,-5.093404811728377,11.377281207420182,11.372809150242272,-0.004472057177910216
-13.275427298816986,15.82558026135527,10.916158463067202,10.908339251597013,-0.007819211470188492
19.334875121366608,13.778155744402511,11.736125538379248,11.759090571808708,0.022965033429459325
31.87369739561379,10.827016090385229,11.509344209574094,11.42435356208568,-0.08499064748841434
-29.670650341402407,22.290750619836878,11.714938197883589,11.70918235122179,-0.005755846661799069
-7.204049883966448,9.1060413689518,11.06800178300965,11.06877235484838,0.0007705718387285287
-31.334022245368047,-1.098844395652847,11.23293785839848,11.277755141689925,0.04481728329144552
-18.30782275131964,-12.208394032080896,11.302869357382772,11.299788325622325,-0.0030810317604466064
-22.630510739319618,2.3353437247751927,10.986183917891431,11.028142503071106,0.04195858517967466
-1.887025395672893,-1.1825149902907341,11.23062530077098,11.259299434851046,0.028674134080066693
-28.30481394814155,1.4006974899274311,11.13632271033604,11.158752273180475,0.02242956284443487
21.289455602804985,-9.226870943299275,11.392266363131041,11.390251482405844,-0.0020148807251967327
4.083261177635144,-6.344257851156144,11.460814933315964,11.410823240607403,-0.049991692708561075
13.937941502434704,-5.00049201666571,11.458753892753649,11.493271547477208,0.03451765472355994
-1.8721585739486883,28.13907704783712,11.154928044598876,11.167256332169924,0.01232828757104798
22.10580972691919,9.01418546994232,11.466712277688789,11.465403861032001,-0.0013084166567871591
-18.3728066212921,-2.9684867098263368,11.077328661543673,11.139543466638278,0.0622148050946052
22.13058211458631,15.199851164562851,11.686757071352286,11.65467105595169,-0.03208601540059597
10.120086066705348,-19.076821913537927,11.404797902366349,11.363638585541828,-0.041159316824520786
-26.843191247983924,30.2534033235436,11.36503747160223,11.376534614762015,0.011497143159784784
12.521864603281252,6.29047924471277,11.537162771846573,11.517523400215138,-0.0196393716314347
-27.64246806147591,-4.938002040525092,11.200111400322529,11.214905551113528,0.014794150790999439
1.635339994313476,-7.644664281381154,11.38493986820691,11.353517805156681,-0.0314220630502291
-15.631711807520183,-9.573212598497207,11.315855506554085,11.30665739688423,-0.009198109669855015
20.09875966797533,29.58847319275415,11.597597129517407,11.59655134780406,-0.0010457817133477931
-11.885698765190284,-3.8162649029588565,11.11325544453129,11.130684406881848,0.017428962350557242
-30.47110717267391,19.047552406576266,11.228286019641255,11.231668639138316,0.0033826194970618673
23.22952939821794,-9.464853317543266,11.271810931342085,11.245898758822513,-0.025912172519571897
-24.54796339957491,-10.566555787493613,11.323345400948243,11.317898093958517,-0.005447306989726286
-5.026017647210509,17.49079788991576,11.076144565399046,11.11103869445795,0.034894129058903545
-5.084373869654129,23.100443959341405,11.212182148407845,11.22616370108389,0.013981552676044728
14.165216446318013,11.28852120123819,11.990269204289687,11.972058711238155,-0.018210493051531884
27.405629740360858,15.938801037741264,11.494821901839853,11.5021160592624,0.007294157422547798
8.815196797611954,2.33957266135355,11.537291806706062,11.469287888269744,-0.06800391843631814
-28.74386765539205,6.843442051574449,11.059296700474462,11.104978598082418,0.045681897607956046
8.456979865494795,10.89634042685487,11.345055296780043,11.345219583306983,0.00016428652694067125
0.744414517724266,-4.843689532840472,11.332861326379971,11.336235817966479,0.0033744915865074887
-20.419422708509394,19.193324582290877,11.094641813324385,11.125233833225488,0.030592019901103384
15.086199379151118,-25.65257885427627,11.084655954732657,11.106083339777458,0.021427385044800573
21.87682177517626,-18.034209311447135,11.021942482106367,11.058054959121923,0.036112477015556976
13.362829100706563,-31.199744309755594,10.969359656209226,10.964010469994932,-0.005349186214294477
-24.053082869204054,-10.066612653576158,11.32964839486758,11.302358403982117,-0.027289990885462245
12.688808672594021,12.033272766411024,11.843900914906493,11.844991190333268,0.001090275426774312
-17.799868044227573,-28.21550548373544,10.490856175796836,10.499118147053899,0.008261971257063294
-21.593019542629698,17.29477200820463,11.137537497141643,11.139859971629328,0.0023224744876841896
-0.10358905418294029,-28.47379745625097,11.458935410910257,11.45584179696264,-0.003093613947617868
-27.90083998311215,-15.158321125352629,11.233390821230888,11.244619256866107,0.01122843563521947
-17.751505639800335,-4.554028218260953,11.164506378728525,11.200263083328036,0.035756704599510414
-29.118071521796928,-26.011459608057834,11.30884685026265,11.297080127183875,-0.011766723078775243
-12.191649242310696,-3.206148578463349,11.046089459948874,11.094900798464401,0.048811338515527325
-7.234722165463381,-31.434881029316088,11.591611359915976,11.579052879855753,-0.012558480060222976
-0.3762990447387864,-9.469411708851169,11.294308657520354,11.295363963924029,0.001055306403674905
-19.284537359443362,27.991877383527864,11.38410729856972,11.379130273924872,-0.004977024644848171
6.975083489065142,30.67519753611098,11.238117635010704,11.2481779117769,0.010060276766195031
23.176918088287714,-24.42935814504149,10.90495988507409,10.91200917003043,0.007049284956339719
-2.6170841927620643,-0.3528246600054956,11.218766844007519,11.229527988244639,0.01076114423712049
-16.08921319974037,-6.20403269724622,11.25913389554966,11.256436140876051,-0.0026977546736084435
6.256421892604386,6.844467854776859,11.340254522141063,11.32462358798908,-0.015630934151982245
8.170740273951395,-24.987479612538408,11.383646964544782,11.391791909897302,0.008144945352519528
16.901677850514375,30.28917366133429,11.445542812407663,11.449246495181344,0.0037036827736809386
-9.532657468424482,25.24991310140672,11.216077911692238,11.214145293100435,-0.0019326185918036032
-24.18978985100538,-8.641330636047655,11.303904459288319,11.283591159423292,-0.020313299865026835
3.920102498275405,4.033227636117992,11.417853143488093,11.351409306168065,-0.06644383732002801
-25.289526027423648,-9.937534140470895,11.310645324172025,11.320855808024437,0.0102104838524113
-4.6181778895828245,-7.4957414610262205,11.204378211786612,11.201801609472293,-0.0025766023143187766
-31.259973936183954,10.758060435019708,11.197616469942012,11.17727014715568,-0.02034632278633275
-0.8057129198073483,-14.52937557300001,11.802775690165927,11.8270416289451,0.02426593877917327
-2.6589735372765446,-27.675065503064523,11.682756932643157,11.686699488923411,0.003942556280254195
26.37806208646365,-10.080056593678684,11.07432042240887,11.09417702519534,0.019856602786468613
24.472937078614102,10.770601537857672,11.458459836124318,11.457722300708976,-0.0007375354153413838
20.644626085055762,-3.8546753239717972,11.391583952451072,11.384227095179655,-0.007356857271416217
17.90926423944564,-17.192036975804953,11.301969797722599,11.297071042878303,-0.004898754844296249
-18.595366962913808,6.942671133207874,10.978474155896414,11.010430290947221,0.03195613505080708
26.081376224500772,-28.026398846952176,10.934220368027185,10.92921054839388,-0.005009819633304602
-20.475683106676264,-16.735107941426506,11.272444095100171,11.26996791365478,-0.0024761814453917452
-20.934449127870124,14.046476455478327,11.179874128781222,11.098938864970085,-0.08093526381113669
26.73047404233583,5.152925205815791,11.501701725741542,11.495918649345837,-0.005783076395704967
10.98839610170728,31.206930167863554,11.30345667962425,11.27275727984439,-0.030699399779861025
-11.097031717083652,-24.618259828957598,10.989515958480723,10.989183301506335,-0.00033265697438800146
-19.406722544163188,-27.212152676741745,10.468052439059765,10.477710601994074,0.009658162934309544
22.745307990179107,-20.575154163915407,10.94231298263086,10.939369905358737,-0.0029430772721230625
14.421801175149774,-8.232893623363964,11.366629288659091,11.410903621767764,0.04427433310867279
11.046174502298662,28.129653728291345,11.14097048202108,11.139776887449361,-0.001193594571718748
-8.815743141238073,-30.124978226353427,10.951004813802397,10.950981589098523,-0.00002322470387383646
28.35682422302208,-27.096585401141404,10.926892762466776,10.900886920551,-0.026005841915775818
23.657946322597837,31.406493133616166,11.541079872365877,11.549707584924347,0.008627712558469725
16.630945481637326,-25.139965648749474,11.011404765502682,11.047577494489918,0.03617272898723556
19.6546649607805,-17.510380327073833,11.173298276038425,11.192604418340519,0.01930614230209393
-15.492523678494159,31.317231946108798,11.374730402350815,11.37294929467943,-0.0017811076713858398
2.089711495961275,21.986430202665346,11.298784814067092,11.285855779608294,-0.012929034458798228
11.200264446349877,17.682426144418542,11.617103105051163,11.634125272554913,0.017022167503750296
28.084079589302412,4.077324079724754,11.47831647611202,11.480281727350931,0.0019652512389107812
-16.05288426829749,-6.545264861152219,11.266335459073876,11.260713869410909,-0.005621589662966997
30.176177735425505,-5.5328443043037865,11.014543519823064,11.035516875306138,0.020973355483073775
-5.587069457541553,29.488795576566197,11.139513522572052,11.128423495458005,-0.011090027114047274
18.387430314289965,-4.378600867447986,11.393243693213796,11.37327145586687,-0.019972237346925326
12.216499427429994,-0.3316756434645498,11.534806840881554,11.532413372914283,-0.0023934679672716896
-15.973979669242425,20.405474022446285,11.028484581027126,11.032258409205573,0.0037738281784474026
25.249864653107586,19.36668883423779,11.660662905719912,11.652327127406052,-0.008335778313860231
31.541996689343392,-28.072529250028822,10.889294370527658,10.91302264692286,0.02372827639520203
-20.04001543871147,-14.269016198203694,11.275319494181836,11.290345887372066,0.01502639319022947
-26.788779149636987,26.666980207875625,11.309377048797696,11.307627802277766,-0.0017492465199300256
5.661893024629144,-15.854784104249575,11.559475521691944,11.538160439038325,-0.02131508265361859
16.61144990221716,-3.0023977457112636,11.389310901209726,11.400856431643309,0.011545530433583195
3.220805410083898,-6.311766465118168,11.430507445337176,11.398054415395128,-0.03245302994204735
-0.6363887976834377,-5.164261751727992,11.292430675415863,11.293710050786197,0.0012793753703341793
-30.930550229978948,23.086042890733594,11.605891735273724,11.586114422937715,-0.01977731233600899
-9.572100718555149,-0.07083760320296761,11.061087814417508,11.074772848720091,0.013685034302582721
11.819565452795047,19.455913980928244,11.518912933256965,11.513471931826544,-0.005441001430421366
-26.237942515386003,-30.983924746928686,11.149467029340425,11.143038296510728,-0.006428732829697026
-2.6445717499811607,-18.656896190690404,11.882768425437078,11.88492775189756,0.002159326460482447
31.107562592561635,27.874598366972897,11.580678003678559,11.58206185161728,0.0013838479387207059
-1.8640276309452162,-26.10565237530632,11.704297338701814,11.700352176567511,-0.0039451621343022936
-19.314611338149227,20.306149146668155,11.040730858579096,11.093150063320346,0.05241920474125017
12.234882599629422,24.87121478584811,11.142092052586918,11.190848762964633,0.048756710377714896
7.411843198065739,-6.925319990594488,11.439918954664954,11.45090063907703,0.010981684412076476
-21.72547049752952,28.227176463901273,11.37111787820203,11.326363136248842,-0.04475474195318796
-17.92274689293891,21.51707937260641,11.01237308040353,11.050841441147343,0.038468360743813435
21.732948753625095,8.20344443406831,11.437926077079567,11.468265337420993,0.03033926034142631
18.526653746586234,22.22539767767494,11.630276086820801,11.630072725741858,-0.0002033610789435869
14.035166447647597,14.55991536675888,11.931744978576441,11.931467189096692,-0.0002777894797496572
-0.13223674774113192,17.71311600566272,11.308866546512318,11.278689592384113,-0.03017695412820487
-13.809736743999458,30.93674719268988,11.310529083280613,11.307539830273448,-0.002989253007164905
-27.59843684949361,-30.16564607463898,11.410655943724883,11.389256397250927,-0.021399546473956477
-18.056950674616935,19.02040421567063,11.015775635576594,11.06483189953687,0.04905626396027607
0.07269463292843881,-29.621144620724444,11.398962014475394,11.392347225407516,-0.00661478906787849
-11.771981259695153,-12.741645307760251,10.525895221718597,10.555830695935498,0.02993547421690046
-19.67718884559308,-19.211661608754042,11.280400349832886,11.276874294167612,-0.003526055665274086
31.614114605604513,-2.3116129017188882,11.020918848782554,11.045514170746278,0.024595321963724714
21.916265489055306,-29.283125354371073,10.93950653659488,10.920086971532648,-0.019419565062232635
29.37339661531695,-22.465024371108072,10.929424587733887,10.923279301574004,-0.006145286159883412
-1.027163071713467,-0.36294511305388966,11.296329140568158,11.306881446992485,0.010552306424326474
-26.673305773147675,-31.64184185483529,11.156979215413376,11.142159675412696,-0.014819540000679865
28.079502067337543,-8.291914993094728,11.044186773778605,11.048759805399854,0.004573031621248447
19.186436949463285,-31.53608422930514,10.890846946369527,10.90186757993602,0.011020633566493743
-7.05854340708148,10.530399042425842,11.014896860242175,11.033786657550213,0.01888979730803797
26.631985821167156,-13.624398245798659,10.971235886808433,11.006437382670978,0.03520149586254462
22.535850532302142,22.525393005600165,11.862392598594365,11.88160684163124,0.0192142430368758
13.169123816862253,26.718158286367576,11.190957389993535,11.196247573631155,0.00529018363761935
27.910244817171254,-27.328046104354613,10.924890041456859,10.907871577534483,-0.01701846392237627
9.488519189180153,-24.68888824709498,11.355117994281535,11.382458906278412,0.027340911996876827
12.094249466695913,-9.798955528987186,11.412982933459823,11.451851465043143,0.038868531583320376
-4.980903596703371,-4.166645548107979,11.162050490485473,11.185224113484589,0.023173622999115295
-9.653871644045687,6.243587643326741,10.977734135594828,10.97169725629651,-0.006036879298317643
-27.08240330748376,21.08179711320311,11.467282968424765,11.486121611258168,0.018838642833403085
-21.037209702883438,-23.113207622315628,11.130705472895372,11.134759215075183,0.004053742179811692
-3.3943116640869277,12.874921189484034,11.029693430463833,11.08482709772337,0.05513366725953617
-22.084476503339665,14.574643838801876,11.206768871571018,11.133074446891287,-0.07369442467973109
-9.791790519165438,-6.6664644373597,11.196043468430158,11.188479487997617,-0.007563980432541584
19.314803306872,29.988746971728403,11.604814976636025,11.564216449905475,-0.04059852673054998
-28.611583382719537,22.643668205799642,11.674546623497175,11.64010754018635,-0.03443908331082568
-12.017814972527766,8.407334552501197,11.029407480844847,11.027291415017581,-0.0021160658272663113
31.76422315255735,28.902018026030483,11.599170845051948,11.581488668663026,-0.01768217638892189
18.191604213150114,-12.881211594931173,11.392957499405199,11.398183899601435,0.005226400196235659
19.595917395213093,-9.433140977250083,11.411041921982896,11.410547191566451,-0.0004947304164453215
-20.556727892675298,28.225531124555395,11.407185496985582,11.380343852787624,-0.026841644197958203
-5.4662741621419215,-20.9432324556661,11.734874041945108,11.73460750138094,-0.0002665405641675278
-22.02536340890189,29.049621674556533,11.400867400900676,11.349297512274694,-0.05156988862598233
-29.405148114882827,-27.060036433690655,11.296488614912,11.288352251493194,-0.008136363418806525
-14.966826238271125,20.76893840667936,11.038365249481,11.038897039255092,0.0005317897740919619
-29.765506194294808,11.370224924961711,11.223145270028207,11.21026419151761,-0.012881078510597277
-8.878007829483956,-10.722758322267893,10.536749668145127,10.540325163713247,0.0035754955681195355
9.697365706059145,-5.180766461388522,11.54301310783228,11.515774154195256,-0.02723895363702411
21.224536515342194,-5.4056057255080034,11.426644912658297,11.420379347000377,-0.006265565657919581
31.69407873857309,11.255572924729101,11.519944588886943,11.437746062608909,-0.08219852627803448
5.701169904756313,-15.037288739790355,11.528597318948822,11.589013872872089,0.06041655392326639
-7.0721111944827015,7.628078053683396,11.11837482217717,11.107061970669683,-0.011312851507486954
-1.1408657619100495,-24.924985319613015,11.826627105112186,11.792282128881444,-0.03434497623074151
-5.324061928285467,20.007399561324995,11.261870629182923,11.275248675626486,0.013378046443563107
-23.248846416302342,25.343825906341422,11.230454231879216,11.173772039925787,-0.056682191953429495
-24.119524918569567,30.479080177831896,11.321402226231449,11.326122210107913,0.00471998387646444
-12.466791914643672,30.63202191226283,11.24198690625073,11.259185057334362,0.01719815108363143
-2.375942625002402,-13.921511242244698,11.536709925228733,11.577083996703163,0.04037407147442984
0.6174575767737878,-13.212146296236206,11.755602775459762,11.731260368566199,-0.02434240689356315
21.538980731352268,-19.5099005886662,10.988183631916915,11.031633339089039,0.04344970717212426
21.425905623021507,-12.176629803840733,11.25219594020583,11.288989842065204,0.036793901859374145
-0.15849245040597992,-17.49725241053364,11.943682134569203,11.945661034383457,0.0019788998142544756
26.418964982785944,-15.117586401588895,10.955892455101615,11.0055814700291,0.04968901492748401
18.512489325916178,1.2966370214141776,11.401006383033872,11.460447049727616,0.05944066669374415
16.602899748445218,-18.743997707119064,11.326815341793704,11.326978663148966,0.0001633213552612034
8.021398140437746,18.687645684303476,11.472429712116224,11.478872471143927,0.006442759027702749
24.190778954851076,29.589637628963573,11.711444156339661,11.712359522316431,0.0009153659767697775
1.3785845429897847,18.062351431345277,11.313499138199226,11.281817866465097,-0.03168127173412927
17.356082048139065,-2.173952169850395,11.37700980705571,11.426957311644692,0.04994750458898167
-26.912836393482287,-0.20865847569274365,11.180705742345499,11.174147539773754,-0.0065582025717443315
-5.579328009602854,26.81524645714103,11.120130521392387,11.128356575656657,0.008226054264270033
-9.413154893954335,6.730259720962373,11.003140140027211,10.996597929078716,-0.006542210948495608
12.46812098657751,2.912106501599297,11.466175829140724,11.518840055595357,0.05266422645463287
12.602011621515679,1.0636251649128,11.508011845891813,11.528560627814752,0.02054878192293863
23.01980438464851,-10.170448233851445,11.258411875543494,11.23942459466573,-0.01898728087776469
-9.726052558075871,-27.20478924160259,10.507085909414062,10.491315767860057,-0.01577014155400569
-21.17745292098131,-11.962539588454433,11.35583321325582,11.311100902916081,-0.044732310339739456
20.7749725362389,-4.24786393521628,11.39693763546863,11.38859565268552,-0.008341982783109714
21.825627969564067,10.958696954246193,11.546053379544448,11.532417953801737,-0.01363542574271115
2.151365785486526,-31.28830488302379,11.368308213826449,11.387859957177183,0.01955174335073373
-7.40886069512495,-14.292092569796857,11.005500938735413,11.015355136501823,0.009854197766410167
-25.834577839035127,-10.529233068858595,11.334140059234167,11.338576722109744,0.004436662875576758
20.257615621532096,21.392904624053138,11.79046629585685,11.78401609242827,-0.006450203428579826
22.118454485300624,15.653146271560615,11.713982096677725,11.662857588711166,-0.05112450796655921
-2.828943318541029,2.9807714522881668,11.102594054708847,11.102285191960028,-0.00030886274881858355
-5.441072908645218,24.661025881869925,11.122015669778774,11.146615222761623,0.024599552982849104
1.134681425394497,2.497614289082321,11.383658965708582,11.37007876777929,-0.01358019792929177
-6.172671546470681,-21.997002395650924,11.72902277825953,11.729360833117248,0.0003380548577176512
29.85972482287942,29.819204613679382,11.752679862559802,11.731100919004664,-0.021578943555137897
-7.420077994622716,22.815915596117705,11.235158255260774,11.237644865630532,0.0024866103697576136
-30.571917537093178,-17.127819250089757,11.226918094089207,11.220623517885898,-0.006294576203309532
15.734083509316484,-1.804757001956368,11.475258706124661,11.461321759303809,-0.013936946820852114
23.755220612866772,12.040050349248865,11.470836500262795,11.469632825181362,-0.00120367508143282
1.5098458493162497,-3.635166693622672,11.353530263844016,11.360553325191262,0.007023061347245729
27.96800112599834,22.574783121158774,11.621625264769074,11.605242318270191,-0.016382946498882944
4.169329692181407,-19.794453501376026,11.635410339403261,11.63608319237099,0.0006728529677282324
-19.04766221101589,-23.881179030124393,10.69998570713196,10.700138345558077,0.00015263842611723533
-28.2774090857721,-2.1727070464783367,11.197542819075178,11.19414107712049,-0.00340174195468812
23.38472602509114,0.9708748460383632,11.447494511969737,11.45075628458453,0.0032617726147936565
-16.03322170102011,2.110759964710681,10.998412656540749,10.983301847629507,-0.015110808911241946
-24.802971451765075,7.481178954777867,11.084768432853965,11.091186797911382,0.006418365057417219
2.3601092644031283,-28.34734465763153,11.368436684587838,11.44149863419496,0.07306194960712276
-29.87913647144058,-19.748197678160544,11.241505088314959,11.228647829232145,-0.01285725908281421
-24.814929192239333,20.275051927346887,11.289525079080699,11.279486242928552,-0.010038836152146402
23.50504048629329,25.551121285663562,11.68568014743405,11.690917766945082,0.005237619511031966
-8.87169021877196,9.658500633085403,11.052430752820284,11.066541057780617,0.014110304960333053
-25.597797122473267,-23.58360263424879,11.350835414170101,11.344713305128208,-0.006122109041893253
-24.51576895576155,-14.678419013322,11.345818973301537,11.285331155550086,-0.060487817751450734
-8.684374211702703,23.59424564774283,11.214796822150687,11.192210241593884,-0.02258658055680307
-3.2917657740314965,4.726672175194743,11.173591809060449,11.17224875245272,-0.0013430566077285988
-27.239995970823593,-21.572399919207108,11.302465834092882,11.30082434475876,-0.0016414893341210046
-9.030863060342242,29.330896477870688,11.157912554383808,11.169195655469116,0.011283101085307834
0.4407260746440613,31.196563988920182,11.155096043930413,11.153725953001643,-0.0013700909287699403
-24.696118825420918,-7.458709304125492,11.245635708617039,11.256909975239374,0.011274266622335105
-1.254531060729306,-2.134246017680084,11.245608100121013,11.273171709488926,0.027563609367913244
-5.237020668408583,4.02700335832008,11.109688336684652,11.090446450944334,-0.0192418857403176
-28.473551929295418,11.638971633800693,11.224367264350475,11.176110128771985,-0.04825713557849021
10.94041864676175,31.369345693110645,11.303135501773742,11.279242938946474,-0.023892562827267483
5.321032644513529,-18.962661032868866,11.47987444247586,11.480845476713835,0.000971034237975843
-15.619286007947174,-30.359594354670875,10.494729390713086,10.489526048370282,-0.005203342342804618
4.747840901175799,4.793673038725267,11.413309312518049,11.345798361776733,-0.06751095074131541
-18.236060944792456,-15.539957562640751,11.320080829267043,11.330386609114758,0.010305779847714192
-17.39766315816926,9.635455476516555,11.015834071802688,11.029861607822385,0.01402753601969664
-29.15240281219949,25.902938983662395,11.390359378483476,11.39123551825091,0.0008761397674348359
-8.858141157648802,-25.767275717638384,11.10327778845775,11.102848467334454,-0.00042932112329552297
21.28516233958584,-5.668052476125261,11.433491664639492,11.423793541148347,-0.009698123491144628
-18.83063332947637,-27.54952112268427,10.47490600349799,10.487381727445019,0.012475723947028783
-12.810110114840555,-7.662983046858315,11.319423257924264,11.303889962801252,-0.015533295123011825
22.34196798515096,21.570730208306777,11.84612715849212,11.883787341516275,0.03766018302415475
17.0631192861928,11.831125549969691,11.78844164624989,11.778142355970806,-0.010299290279084161
17.667722709373777,-24.626549489280748,10.997753325731672,11.047207819742134,0.04945449401046176
-30.655207178585044,20.495902997212873,11.562299373949154,11.542133992808052,-0.020165381141101335
17.604390961862954,14.296118748777864,11.958470829895258,11.944597846618834,-0.013872983276424833
-15.824973233407349,-25.99377943755706,10.697730442007622,10.69231154185849,-0.005418900149130934
3.188657958872291,-25.437273914177496,11.39328563131845,11.41939688705099,0.026111255732539362
-14.513369493902431,-8.170399343671342,11.306980355976094,11.29174286930425,-0.01523748667184499
0.07316546627664167,-2.2164335644591873,11.294677707690969,11.329049778492417,0.03437207080144766
-13.391174394760114,-17.005435575824606,10.686742708559295,10.68674299767537,2.891160750806421e-7
-6.871528611722383,-25.386652526234634,11.703608921922394,11.653810376212844,-0.04979854570954956
6.571791039529508,-0.527402912379273,11.49762793847129,11.499232813342141,0.0016048748708517024
5.366363794400321,4.337871434619274,11.435901209849233,11.367911692675598,-0.06798951717363444
-14.125449125158774,-25.24294075382148,10.671042081347833,10.678634252433755,0.007592171085921251
30.837840907736165,30.722371428313885,11.751948584380724,11.701660538865019,-0.05028804551570509
31.051123834882453,-30.18362259179849,10.849399662673507,10.873592284521557,0.02419262184804971
-29.460714895265774,14.576299252439448,11.19996454291737,11.170970209748006,-0.028994333169363173
-27.96098540315461,-7.5783827562090025,11.342774493846019,11.316434844382927,-0.02633964946309142
-12.23578471697953,-24.592649034833016,10.762120629074976,10.783059090058108,0.02093846098313179
27.925712979508468,-19.36640901808152,10.939787066330673,10.930660149242645,-0.009126917088028819
17.56128830838947,-30.167359217535882,10.880654875901078,10.919061215089043,0.03840633918796499
7.705128087153007,-15.260593097662593,11.398070762083085,11.410245066857195,0.012174304774109856
7.345903269904888,22.565750866832374,11.16129466211955,11.156236138701281,-0.005058523418268734
-5.121663803965141,-26.0151803187061,11.812213217470704,11.818768402895959,0.006555185425254351
10.88002956639395,-9.203873011684422,11.490773503594255,11.510620173811866,0.01984667021761055
-14.063335356266862,3.6454369964098134,11.0017697516627,10.999353045176795,-0.0024167064859046405
-2.341060587149059,19.120652924046063,11.243067468268885,11.304502279610999,0.061434811342113704
-11.434324224336912,7.072365914005502,10.953081157466963,10.965667560652363,0.012586403185400385
-2.556197241920856,23.77554623226223,11.149963449110212,11.17035482527897,0.020391376168758413
-12.520454246790244,-23.112438317275867,11.189816720940382,11.205565135519896,0.015748414579514147
-23.618184781952785,24.31008611155807,11.174061731174895,11.134413614276662,-0.039648116898233
5.880167463705092,-9.022706648304542,11.438376992667875,11.432839001072253,-0.0055379915956219605
-16.699086739839125,29.070429976083744,11.357528491143036,11.345791720275287,-0.011736770867749158
26.223600162321,-14.254528106449598,10.977651275078388,11.008982408319229,0.03133113324084036
11.47559979831152,-2.5158135501683816,11.56183588497156,11.561523803555058,-0.0003120814165011865
-24.704429330010257,15.131834228386538,11.196018145067992,11.18836746116273,-0.007650683905261246
-16.197781873512646,-8.685372073734442,11.279622925088528,11.282235749247985,0.002612824159456295
13.835727261752197,-27.225101747658073,11.110519760776508,11.146660192987824,0.03614043221131524
18.19962009011997,-22.419162417858736,11.039749741241874,11.067013558815885,0.02726381757401164
-14.743232154026082,15.184531266051074,10.914037026779756,10.943778392648564,0.0297413658688086
-25.64999492888242,0.740906448687852,11.125050564033849,11.120213608349006,-0.004836955684842437
-1.089764518615695,2.760581423106572,11.322470830957416,11.3183556050623,-0.004115225895116481
-15.932017138282909,5.401354992417723,10.987098294316251,10.991334478083983,0.004236183767732271
-16.609546207909858,30.340159687270038,11.373485102471173,11.373275888958977,-0.00020921351219627127
-30.965621916229672,-13.90556813016368,11.219978709279474,11.216415460846433,-0.003563248433041011
-1.9544037849505003,-30.918055783199087,11.469126032697,11.51858216604909,0.04945613335208954
31.422750528861407,14.378791684748379,11.50620653708743,11.500065940659434,-0.0061405964279952485
-27.092972216030233,-4.274621850333396,11.164984069455576,11.187027546302987,0.02204347684741137
-11.320736607410872,13.530659640850494,10.930665730400012,10.926251001116928,-0.004414729283084284
3.9205719788042757,-4.939994536585601,11.447780725496477,11.429561376808259,-0.018219348688218062
22.52378240316643,6.012293039675193,11.433966017731333,11.426682019198047,-0.007283998533285541
-12.449233009259729,10.312706869684341,11.125230348456807,11.124136422566371,-0.0010939258904354432
-31.877907974039957,9.624406988160032,11.164563710899152,11.13563858290554,-0.028925127993611355
18.05971358006328,4.885493995556395,11.496360182336488,11.465984943652316,-0.030375238684172245
-13.304753052942552,-23.481513730508063,10.903440171269876,10.956205455810132,0.05276528454025531
6.999643253753391,-3.307958944707451,11.50936519056291,11.48405113551979,-0.02531405504312012
-30.394714927269973,-13.614648389120816,11.21108359159286,11.218523564575651,0.007439972982790977
-12.277612774355617,29.899670809582936,11.249842202591548,11.255224478117547,0.005382275525999347
-16.095673506375384,-2.0285006572032884,11.139010535128246,11.142449198457657,0.0034386633294101188
-19.972415427663073,-16.436160775879358,11.27485131088412,11.275074693366665,0.0002233824825452757
-26.20668345767678,-11.197677705167287,11.355946758058451,11.33470874055851,-0.021238017499941364
-10.770195957068509,-21.880591554327694,11.336000029150226,11.335706595176404,-0.000293433973821422
21.54643492338998,-8.954594966601938,11.3853273294423,11.398211347581048,0.012884018138748843
22.32537495714741,-31.14721014027714,10.933332207799669,10.897691833210015,-0.0356403745896543
-29.03085296782362,2.484273398143955,11.116678451439157,11.128269888411467,0.01159143697231002
22.75633959635202,-27.91278547627119,10.92124580110131,10.93683923542297,0.015593434321660382
15.234683781459466,7.080465525305101,11.55411852783494,11.602015500563189,0.047896972728249665
-20.57343755251707,6.060731383081112,10.963547539806683,11.017029154515507,0.053481614708823955
-19.752276028024525,6.818454289031912,10.99282133244934,11.021240668945593,0.028419336496252612
-4.505044932239599,-19.536977523913798,11.74664813508046,11.746788500987897,0.0001403659074377117
4.879157780158124,-8.342809614543874,11.444483863585884,11.404530433546265,-0.03995343003961871
5.197865960113496,27.105516160224987,11.286904413577817,11.268382041756533,-0.01852237182128391
-16.901267491397967,14.623863975450085,10.99204771517121,10.995258052590254,0.0032103374190430856
31.446809534443204,-4.549057231231977,10.992506870872026,11.01757536155635,0.025068490684324374
9.642014969731719,-29.993906426313274,11.349976143885867,11.341483121032319,-0.008493022853548027
17.618433341002813,19.918144012648582,11.75325651465254,11.749708958464272,-0.003547556188268075
22.14572266874169,31.436931567546445,11.422890161512868,11.452806614005477,0.02991645249260877
17.18532556490061,21.25610637255153,11.633224353984092,11.632758429981516,-0.0004659240025759459
17.416820590261217,-2.9370512299486933,11.387264224417235,11.399182052770541,0.011917828353306348
-25.395721543815135,-4.00912784117363,11.121625965654884,11.127672332984574,0.006046367329689772
-26.05510083789128,23.89599873760298,11.212376840904781,11.21178715154337,-0.0005896893614121268
13.397894937467292,-1.8913600570936921,11.552371878243601,11.564051011154827,0.01167913291122602
5.290142979319285,-18.834636362583517,11.49011026710956,11.493996662078523,0.003886394968962037
8.842796327090689,-17.060693125994668,11.392196528498243,11.355218786350415,-0.0369777421478279
-24.332973766841846,25.014814573032993,11.193420683378129,11.162960582593627,-0.03046010078450223
27.39878048603935,-11.046617904813075,11.00891898458658,11.03652617460203,0.027607190015448424
-15.76726540153858,30.683996461665366,11.36124630539317,11.365308306347567,0.004062000954396794
-17.270151111065687,22.586179165145865,11.022941192533452,11.084669258499753,0.061728065966301315
30.030233815813318,-0.7271731756289768,11.134684647059373,11.173735300303214,0.03905065324384083
10.94260477639883,-16.758615619075464,11.376578493983164,11.363172833889653,-0.013405660093511074
11.371618998806674,-26.043970935130005,11.36344514313167,11.324544029482114,-0.03890111364955651
20.745233364983335,2.182568464532814,11.443889203241781,11.422191373799604,-0.021697829442176797
-15.597257374941073,0.2650241170126293,10.98721506641344,10.980389579687433,-0.006825486726006247
-5.220710464633427,-25.115815875012892,11.928557427623714,11.923144459957758,-0.005412967665956003
-21.829404125275758,11.573558571753573,11.059970667294362,11.097226703307927,0.03725603601356475
13.15190451560266,-9.488743688318266,11.401274008023677,11.42300835403069,0.021734346007013627
30.47258021025126,-18.751659462980783,10.94419316075032,10.946281387124168,0.002088226373848201
-12.487633926393656,4.0592497621279335,10.998690398680553,10.993947153473902,-0.004743245206650926
-9.05995794197954,31.50585038466388,11.163478375563784,11.164756694995235,0.0012783194314511803
15.94624289796807,-5.0120730237397595,11.394941837953375,11.386576576102183,-0.008365261851192685
-4.976899969665638,-26.620121632837147,11.789364984750767,11.814626805577475,0.02526182082670836
-3.594652430177412,-6.034679478255079,11.199299793652305,11.197452664115323,-0.0018471295369817398
-5.907208317912719,25.168279311855684,11.109935083092557,11.152613404431872,0.042678321339314707
3.0505136198095784,-6.655384330630433,11.426095026664434,11.390238958903787,-0.03585606776064765
-24.73172474572214,-22.57056498953856,11.321990653815519,11.328988370623208,0.006997716807688903
14.491440992266838,-25.63722399070074,11.142540158196725,11.14914982338072,0.0066096651839941956
13.335956187539132,-19.998141904609938,11.339819051445353,11.312608087186128,-0.027210964259225534
22.802049018986544,-8.132179949168737,11.36470819597902,11.340074149580552,-0.024634046398468
30.170278489717084,19.921343820904575,11.517864037324586,11.512415633009317,-0.005448404315268718
4.17780357804584,11.781666772958339,11.128618339226568,11.118377828006638,-0.01024051121992997
1.880085382583033,7.5505238976970475,11.260719238014197,11.234511567579489,-0.026207670434708064
-21.879554804817566,7.497303914929439,10.982015751919299,11.057222136044194,0.07520638412489511
-23.745126961368896,-19.120398014352496,11.288895494785503,11.293780691201174,0.004885196415671089
-14.148200763563167,26.8742748604815,11.25123181668582,11.255299677771795,0.004067861085975011
26.45974817336262,5.807476622369549,11.474430386907425,11.49345803469779,0.01902764779036481
25.037859880006295,-3.535649676956119,11.386172718595862,11.355739274810833,-0.030433443785028658
-14.592666147044746,7.390759970246513,10.984930934507599,10.966491798363558,-0.018439136144040802
13.080100522562418,-11.123075501345312,11.37126759101654,11.388501130106528,0.017233539089987815
4.168235929184824,-23.297004780345027,11.415791035943629,11.416658343530345,0.0008673075867164926
21.137678171517663,12.489102714708501,11.654361884487503,11.650485642366995,-0.003876242120508522
-16.088499409751265,-29.484312113475916,10.505716536795354,10.506110910192445,0.00039437339709103014
0.8602295614589579,-19.145828584252065,11.85231223148276,11.809419357024826,-0.04289287445793377
21.768273415192198,-17.62305672755044,11.031361518110096,11.07678108274008,0.04541956462998442
-18.498579575204673,18.58263041654658,11.034883347241099,11.070925136996731,0.036041789755632436
17.04709467988254,-21.553671736829592,11.139659130940808,11.15703000261248,0.017370871671671395
28.47501447158266,0.12819220733628356,11.295679981080232,11.304052648763099,0.008372667682866819
-15.653955083869448,4.894144269919963,10.992436989162412,10.983344048585485,-0.009092940576927333
-25.98017246147817,22.090189986580548,11.350226335602681,11.402847501581611,0.052621165978930406
4.672844109127908,3.087248492097636,11.444766895873776,11.384957253304265,-0.05980964256951182
-4.192434942047058,-10.924854678687822,11.071682733235257,11.08179513951048,0.010112406275222696
24.40052905565844,-29.044398453218,10.913332961551268,10.916715846919574,0.003382885368306887
-16.529174208337956,-28.404525775435154,10.538070383773142,10.541327172032561,0.0032567882594189967
-16.29780067147685,5.041905673840695,10.977521099920434,10.991297205656984,0.013776105736550193
20.82097554185254,2.5037823306757687,11.44035144779727,11.412631945058692,-0.027719502738577262
14.852525132743082,9.038143491964568,11.734434592658053,11.738156415730261,0.0037218230722082524
5.042150973910331,29.976379025146905,11.236254131946646,11.228366078331828,-0.007888053614818702
12.695267718962086,-24.709178414448907,11.34809507479774,11.310355894788449,-0.03773918000929122
16.07225910910836,-14.709242570597588,11.349726022872154,11.373069126041722,0.02334310316956767
-29.358442549522813,18.134471538002117,11.219083589528841,11.228241690913135,0.00915810138429407
5.073293789653185,-28.706666019394326,11.426330620357517,11.392826038021603,-0.03350458233591347
-4.530477845639204,-5.242263103133446,11.17565546615954,11.191808923992946,0.016153457833405938
3.8090278616026794,-12.59237018878666,11.47747261026248,11.475000953836076,-0.0024716564264029017
-26.24574403948447,-16.612070662036977,11.275333575467583,11.273221180422576,-0.0021123950450068207
24.200316532956926,-7.735856134335087,11.227291400561713,11.225657946034913,-0.0016334545268001932
-8.294588037295775,7.858886440998511,11.072667528205567,11.07481616912692,0.002148640921353362
12.560993542921999,-26.522582456625067,11.277431128159805,11.265285477425133,-0.012145650734671776
2.5930842121646833,3.836222108968343,11.394397389382839,11.375993461729532,-0.01840392765330634
-3.9627517144077373,10.753740031085094,11.025702672292338,11.077347487519019,0.05164481522668041
-19.04312870714451,-1.7743812345795291,11.007787712988275,11.036938464462668,0.029150751474393388
15.222014475959803,30.026361800490484,11.406319817714705,11.400807858068134,-0.0055119596465704745
18.540240419328143,-10.05681919292347,11.36101683188148,11.390853511372372,0.029836679490891527
18.30031242827023,-26.302895868034845,10.91238015435901,10.976848605523207,0.0644684511641973
28.383884471443338,29.16058203776933,11.82676957933017,11.804329018622825,-0.022440560707345014
-29.966239841134957,7.667233863064979,11.095208896619472,11.105834246968953,0.010625350349481977
-11.964045992913164,1.5508992438356728,11.034314898560968,11.038682521027651,0.0043676224666828745
-6.359009335901455,-17.06252162973381,11.372380166534493,11.376209719605525,0.0038295530710321657
-13.40509837105055,26.357627107380914,11.267509050325888,11.264070582574707,-0.0034384677511809514
16.083077736932097,-11.357401065542987,11.331703144158194,11.353274186388415,0.021571042230220883
-25.271279322442865,8.567363927280155,11.170523912369804,11.13141659079696,-0.039107321572844356
-26.084364162768964,15.986475562333936,11.23020192796452,11.170795706456259,-0.05940622150826158
25.552563238505456,-22.75816896373037,10.911045494755399,10.904613752983352,-0.006431741772047417
-11.837864466095247,31.34100479551516,11.218345386692574,11.245928038031044,0.027582651338470043
18.517241724341503,1.193858713707776,11.400254128629527,11.463335463868034,0.06308133523850756
-17.926131014804632,16.16188269853521,11.046197349561034,11.012813637188685,-0.033383712372348384
-0.94402492568166,4.635086195364565,11.314842817663637,11.296244041208942,-0.0185987764546951
-16.73400874352685,27.257705238979106,11.306803731547113,11.27867607044112,-0.02812766110599263
-12.807322253479427,-25.469986525004067,10.618708329281896,10.612376931460021,-0.006331397821874418
-8.630243887131513,-1.9251837060113601,11.073310308202508,11.0852413819053,0.011931073702792006
25.773264181824047,2.106902965341135,11.515036781983733,11.455467775943987,-0.05956900603974624
26.157104466077215,-9.172974935168362,11.103434637877784,11.116775647515258,0.013341009637473533
-6.198090247950567,6.622363156500548,11.141470174319593,11.122677410790084,-0.018792763529509315
-18.043003284332677,21.129614426247088,11.023489553356727,11.039322654390737,0.015833101034010255
17.47365036516416,-21.67652850642417,11.107307802522058,11.13225484418654,0.024947041664482583
9.715178683787428,-22.472607752106434,11.388471052552537,11.385707292623296,-0.0027637599292411608
26.23164904714659,-28.763362338338396,10.929552422494416,10.916437575360774,-0.013114847133641305
-11.489803020507523,11.655650456861302,11.030678976847033,11.04566784014171,0.014988863294677301
28.84761067389929,-10.119362801670064,10.993061745895695,11.002867069859827,0.009805323964132029
25.62359659378854,24.57033177463662,11.801377309060207,11.773884699353333,-0.02749260970687395
-3.616674421446568,22.248467350076005,11.256920183557732,11.285755204757022,0.028835021199290267
0.5166208116759634,-28.961403771433318,11.425063521371264,11.424178184281105,-0.0008853370901586999
-3.840504028067926,0.6305711853436904,11.18124360459816,11.16477258631752,-0.016471018280640237
0.40237594502345075,9.777019536397994,11.120648758679144,11.161066822600336,0.040418063921192626
9.525162752865931,29.854957769628243,11.276118076297125,11.209741573307882,-0.06637650298924314
-24.771247080131396,18.401629740692343,11.21785308234977,11.20147859499915,-0.016374487350619304
13.549449146714046,-31.95029877619318,10.911493498550636,10.915656971383955,0.004163472833319304
-17.0282473432583,-22.24241314032701,10.84353438216268,10.904798373713803,0.06126399155112239
22.12382384668406,24.148251948562795,11.750823551510841,11.738589348229675,-0.012234203281165534
-0.22669272074691094,31.081464247644796,11.14888481275431,11.148610064067743,-0.0002747486865679605
-7.1793239830085085,2.3151213978580927,11.051241320976828,11.065951039104323,0.014709718127495108
-22.213560839583756,-21.752116007945823,11.319913265716883,11.302362286336608,-0.01755097938027461
-8.655521186075674,8.523007460324926,11.077392880199394,11.090510886807229,0.013118006607834687
-31.737174593524998,-16.68994071864809,11.21202481059009,11.208595375683448,-0.0034294349066428254
18.036232393876084,9.666945058523737,11.761713308755478,11.715922278850059,-0.04579102990541983
-4.252755805685062,-3.3122885734158842,11.171927115690089,11.18604126352196,0.014114147831870483
-0.49289605022155314,24.35689508574491,11.20081645465472,11.194938077548855,-0.005878377105865695
20.31768800583238,21.589765868345758,11.786571193912764,11.775784178829868,-0.01078701508289548
7.766698610784154,1.58299100208432,11.523116689093442,11.484584221121663,-0.03853246797177867
-2.563911338345818,-25.066846491486345,11.869547250507384,11.813383994903557,-0.05616325560382762
-29.510843211780866,8.7751001445598,11.185790687283617,11.166402117263333,-0.01938857002028449
-8.312117553132495,-3.6945995815055284,11.11191717948064,11.111938795299427,0.000021615818786457908
15.609522498406136,15.227212134917565,11.871108370632026,11.874657097776291,0.003548727144265129
2.8516412657562284,-13.520858245732612,11.57753410339809,11.638284743146594,0.06075063974850359
-14.27057947663549,20.416054062513318,11.015142930026771,11.014590724913669,-0.0005522051131023886
-13.017050535170569,1.3187631042973393,11.002207282243152,11.01795488707792,0.015747604834768225
1.3573953952412836,20.83896386857957,11.292631553065297,11.283598317317,-0.009033235748296065
-16.22790959063731,2.252168466288211,10.995069732739852,10.983040058104944,-0.012029674634908005
19.506916429418283,3.733763079856807,11.399306136082455,11.391831400629814,-0.007474735452641212
8.74497955743967,-28.576532886061045,11.365633057690843,11.346070923321523,-0.01956213436931975
-6.990657443809482,8.27251836959418,11.10909116043739,11.092716259198664,-0.01637490123872709
6.251085377385834,29.291972458297757,11.284114023431801,11.24442103021622,-0.039692993215581396
27.542084242364055,15.68227204466222,11.496748082512042,11.494275476578975,-0.0024726059330664185
-28.040684799492347,-19.74955208445919,11.258638053233444,11.250025247543737,-0.008612805689706349
24.061365439250864,-24.787845042274107,10.887472139222906,10.889897267989994,0.002425128767088225
13.120612884177717,-29.590077455479737,11.039674000982718,11.061336142196588,0.02166214121387
-18.895674426026417,9.907457906246925,11.00784697424896,11.044974813683403,0.037127839434443644
3.624628885121524,6.7926469343289,11.308905661109424,11.290305202032865,-0.01860045907655916
-31.42034420452658,-18.596847113162156,11.19242183561462,11.185877825220025,-0.00654401039459529
-19.96968139224972,-9.69353781634193,11.269595924268756,11.286724272578377,0.017128348309620733
23.329826329065384,-29.256407589383194,10.918633708861087,10.915877276762359,-0.002756432098728112
-30.478279076245904,-2.431926957703091,11.219478142793507,11.269832759228068,0.05035461643456074
-23.715861525422312,-4.4204938957783,11.08763717707354,11.10208144043146,0.014444263357919596
-3.523453156282528,-26.384552340834098,11.763330123932764,11.790831090942891,0.027500967010126942
-17.087483362596558,-21.494360092102326,10.959828935017121,10.992440792787367,0.03261185777024522
-10.471689723676391,-13.910174511236463,10.67409438530937,10.6741003935099,0.00000600820052909512
9.403534566381914,-15.63569229062712,11.38403208208058,11.388669925229284,0.004637843148703524
3.8985219211770996,-1.0846707495620223,11.440693403701106,11.443496314578505,0.002802910877399256
-21.6294106808012,7.6320802208014555,10.980994181898556,11.05680029407824,0.07580611217968425
9.865266894735,-2.5261095510806797,11.547903752473724,11.547324860519337,-0.0005788919543867621
-30.656469349096675,21.68816116065249,11.71216175863184,11.708404634458718,-0.0037571241731217953
30.17506402074291,15.255853130635359,11.474339104035028,11.500735687277126,0.02639658324209826
15.496041049445992,13.605641971722847,12.023260277317998,12.041452856273041,0.018192578955043004
4.66189409095513,17.19048945266649,11.234924312111993,11.239544056091923,0.0046197439799300355
0.16118914465118905,30.357802602689134,11.162095517422824,11.1569068715258,-0.005188645897023392
-7.018772128244052,-12.433650579147262,10.893192853224042,10.893521576474367,0.0003287232503250692
1.5941217754966246,-12.172928703038153,11.49584791815013,11.521068863586702,0.025220945436572606
10.449777103999864,-3.9884801813314326,11.593944577966019,11.546107946476683,-0.0478366314893357
5.6604704908262065,6.05981753822708,11.360587920193888,11.332382919924685,-0.02820500026920314
12.790728002721885,-13.059449715206917,11.414686493819705,11.393946744828845,-0.020739748990859397
23.040365348083675,16.802989407714925,11.69250082967597,11.681460644545572,-0.011040185130397617
14.121110405545771,2.6141907649422294,11.502908455697069,11.54596576204147,0.043057306344401525
-2.3680011666158833,29.7868522602582,11.138669143698799,11.152916535242273,0.014247391543474208
-15.82821935113293,11.80804373001505,11.084191789019911,11.084850411605654,0.0006586225857425632
-6.689509385852141,-11.060388561438309,10.805838837891583,10.807420630537308,0.0015817926457248888
1.1500986506387534,30.539112354454687,11.175882997984735,11.167593198678995,-0.008289799305739365
18.392853774904083,-19.544627755799404,11.188459875682724,11.18789648278666,-0.0005633928960637746
17.305523583056328,26.24393872901811,11.384901740297593,11.384928241406435,0.000026501108841614496
-10.088124734875962,-27.951270721769973,10.478199953653144,10.478199925638984,-2.8014159880740408e-8
-19.638800783223495,7.948956188619867,11.002176293353962,11.040030481159267,0.03785418780530492
-27.578998424447597,3.531228653078699,11.085004170948167,11.079387312445265,-0.005616858502902389
-1.0271261777465028,-17.37418996646238,11.930473678173815,11.93541311876602,0.004939440592204747
-26.006559082838343,10.19426598808409,11.199853926083318,11.171605420087687,-0.02824850599563078
20.007771105569198,21.681909519183186,11.740608165530054,11.74015586282109,-0.0004523027089629039
-23.237241239826076,-28.334440530025205,10.70255025257784,10.710559163745138,0.008008911167298294
13.580745741285071,-16.738712874980983,11.358790657742732,11.3814919224062,0.02270126466346767
-16.351067299805734,-22.5106012660969,10.817675029144914,10.823172997034417,0.005497967889503741
13.790558611368212,13.488209646162112,11.986188341195724,11.985876687794097,-0.0003116534016278649
6.219600144978877,-18.345620361296035,11.469265630312098,11.474687563134134,0.005421932822036624
-31.23026917302061,12.594605942160442,11.200143888682224,11.222474187561508,0.02233029887928417
-10.208851732072858,-16.336394389717995,10.932471040368736,10.933244095133933,0.0007730547651974007
0.8393360480388381,25.774902409995377,11.20613349471005,11.201304510109763,-0.004828984600287356
-25.178812182913518,-27.497591957741214,11.289197223510225,11.300067451239288,0.010870227729062876
-0.9861860855933884,-11.606015324604591,11.506014303189193,11.432844401383147,-0.07316990180604677
-12.042360705293625,-11.934487922547838,10.665115387840306,10.663992242640111,-0.0011231452001947417
16.54655661059308,-1.9192038196244638,11.40143594051733,11.440175879440554,0.038739938923225026
22.0980669589147,30.324678304745504,11.527610633721972,11.579904017088335,0.052293383366363244
10.861901262380577,14.118047462447898,11.70907911935389,11.676495603684613,-0.032583515669276863
5.674692933766238,-23.546497398427938,11.394812588323852,11.413324146354066,0.018511558030214204
10.692521945571826,-12.062104101149849,11.375490171264854,11.399902155431812,0.024411984166958334
14.942008413008999,-25.027712632020332,11.133806336900038,11.138419528191141,0.004613191291102936
-4.683151372741804,-14.52467978667162,11.343698536754006,11.344615467169668,0.0009169304156610991
-8.886960110201372,30.912624755894967,11.17453045445772,11.159399895601338,-0.015130558856382592
29.776203796474753,7.5700162339838215,11.50156884976624,11.444921672382257,-0.05664717738398295
21.60545355195074,20.48738537211844,11.858449506957811,11.86274514716579,0.004295640207978124
-15.601486256721444,-29.369812245873554,10.53153979819218,10.532918039495547,0.001378241303367389
-23.30146940811177,26.861632420959253,11.209664638524565,11.20636869016601,-0.0032959483585557336
20.174055449988202,17.184351210637665,11.849202954099859,11.809852444735522,-0.03935050936433626
-17.046558839831377,-19.93428509886366,11.099574153349035,11.052016247745991,-0.047557905603044404
-28.749878495163067,-24.74687293690753,11.307398512080724,11.307798960642975,0.00040044856225129877
6.05721215441622,22.209420085987816,11.277930776408903,11.304925518842705,0.026994742433801733
-20.79476711992215,-28.285521999865338,10.402332740050188,10.408464140561877,0.006131400511689478
28.40789344541391,-8.388745740310789,11.02934414693781,11.039063877268791,0.009719730330981946
-23.80171612313592,-10.299172638805864,11.331000328063965,11.30362395122277,-0.027376376841194983
-15.059617548560752,-9.826894263903121,11.340070494037333,11.317844460080494,-0.022226033956838975
3.699501712816641,6.425131970488287,11.328390828759625,11.297910590008653,-0.030480238750971722
7.992785082909499,26.088360569736928,11.093400177732656,11.096094295623358,0.0026941178907016194
-4.803046245301907,31.07219948909978,11.112594389721414,11.130210583917625,0.01761619419621141
-23.056671261725924,-18.51435480228192,11.281613192274008,11.299260054104723,0.0176468618307144
-7.957500517797968,1.220894808457011,11.03788386355421,11.060156535199493,0.02227267164528257
-29.28862232009432,25.900524777782643,11.399796189879556,11.401141281281781,0.0013450914022250515
-22.804147974263913,-29.32798766559631,10.52560570347064,10.537867896344176,0.012262192873535582
16.222023368475234,4.975861322705256,11.531201399169202,11.531019287838266,-0.00018211133093615217
17.318235029631822,-16.64773014077776,11.384741914122545,11.33335263164569,-0.0513892824768547
26.13943299532712,-19.88562315865969,10.912336277337713,10.918193347783733,0.005857070446019463
8.801234916915654,-3.704926869179289,11.522376215625734,11.509690867373626,-0.012685348252107431
-25.915291217414634,17.11816143339116,11.212295399413682,11.180949307347696,-0.03134609206598604
7.526302222637156,28.211152626859402,11.258261856383415,11.25100764182205,-0.007254214561365657
-10.821300101714286,-10.297176586491737,10.488694601863244,10.498079043662223,0.009384441798978571
17.338691532700643,16.733179013444925,11.877272311897384,11.841507150393847,-0.03576516150353726
29.466022333216195,21.52813010726687,11.48827523320229,11.508691515640129,0.020416282437839328
-12.097251372209278,-30.72029992079893,10.558720610852832,10.554942698479522,-0.003777912373310599
-14.123324222656088,-14.707552298239627,10.966625508561217,10.962200663861715,-0.004424844699501662
9.043033069833342,-20.642874275400054,11.430959110797387,11.390532471335675,-0.0404266394617121
-19.499975977898252,10.267075548913738,11.008502862153373,11.054110720819294,0.045607858665920986
16.292313433700294,-19.107783289944756,11.32399648230767,11.329489455523003,0.005492973215332597
-16.412217607548627,-5.16972250326382,11.235494439965798,11.23430786287596,-0.0011865770898378258
-26.787751476295377,11.869326556594515,11.2090524958634,11.187448336963424,-0.0216041588999758
20.262784695265452,-28.327485757971615,10.875598467746466,10.940607403038035,0.06500893529156926
-27.134815807347366,-14.885339249432086,11.235294533910984,11.248152028796998,0.012857494886013399
-23.268323512258057,-16.194685129356145,11.292587538444927,11.275012624318137,-0.01757491412679002
18.060518669064543,-0.8031292042884957,11.418070124955422,11.472387277572366,0.05431715261694414
2.4512931128338025,-31.835314684991097,11.368994550450305,11.389894670494336,0.020900120044030857
29.929311354761566,-7.871327324375926,10.97010238707667,11.008134558004366,0.038032170927696285
-29.7340591566305,8.13204788217093,11.140172228742623,11.135130387432927,-0.005041841309695982
20.9602902962081,1.6003010029088713,11.460977622619176,11.437449753552238,-0.023527869066937157
-17.979037543767006,18.676949563339242,11.019133935421804,11.057137129810865,0.03800319438906108
-19.089633824740133,-26.049571492710108,10.544105561278876,10.544565532718497,0.0004599714396213983
-11.236559359071286,16.672865483641417,10.903860327560684,10.91103143645883,0.0071711088981452065
-20.01059090969344,11.607772543858765,11.049191066091206,11.068569669269133,0.019378603177926834
12.414634196989098,-3.880704000256813,11.561245773951438,11.56500806790259,0.0037622939511532394
-1.312438423928377,-15.156014090904272,11.78149128890133,11.773044905126099,-0.008446383775231325
-22.995669308926118,-11.331230564440482,11.33067326730767,11.313607501333518,-0.017065765974152214
-28.189961675495155,-26.70314498117512,11.308272793413787,11.321215380199328,0.012942586785541721
19.66219035722674,23.549450760957484,11.591323546605736,11.591323583879861,3.7274125119779455e-8
18.595169887636963,-7.0503203486965305,11.3718674592951,11.396173755149038,0.024306295853937954
-17.65591368399153,-20.18877563765789,11.157433700022766,11.140366725082547,-0.017066974940219026
31.141994777575043,-10.45104795092977,10.94938954021689,10.963024425800006,0.013634885583115874
5.311173047908582,9.15070819164145,11.238024763484109,11.237065027985688,-0.0009597354984212103
-7.1153317468227755,-18.14176928903165,11.389733187215917,11.383504125843187,-0.006229061372730271
-9.056392928785996,-3.0749985263003268,11.093939202580907,11.09611157035862,0.0021723677777121253
-3.507288031908246,5.662204814992826,11.19427642949488,11.201600485882503,0.007324056387622235
18.993381269988006,31.050914128336764,11.447119283058036,11.447147766690506,0.000028483632469544773
-13.051761488811522,-1.4401918856127693,10.985966197026386,11.007796203519675,0.021830006493289034
-22.473826413921955,30.77659790849409,11.402719140359892,11.391759410263615,-0.010959730096276488
-18.499923092047332,-1.1716065297617533,10.99098161442408,11.00892619020777,0.017944575783690908
29.295931683816086,-22.668717945678345,10.935086534948228,10.921829760954989,-0.013256773993239435
5.310715020632273,17.86612125355851,11.274476764981731,11.275152798664141,0.0006760336824100932
-12.289275900823448,-11.010409849080986,10.891755969331502,10.857790529106113,-0.03396544022538883
21.002950783210387,-9.575467180202615,11.400477933906302,11.38016669649008,-0.020311237416221317
-9.200349846659023,-16.885655810161154,11.082789355559516,11.079260250331512,-0.0035291052280044255
11.507958839303683,21.519532056894484,11.327516223148255,11.32961690571415,0.002100682565895795
-23.82962437169889,-23.06745834697911,11.330672959735587,11.336851441923944,0.006178482188357037
6.215066965661144,8.927945373332072,11.262536953817126,11.261859006966697,-0.0006779468504287678
-31.9599758831474,20.757468832946522,11.60000449389541,11.599742647443518,-0.00026184645189175626
-14.626965848086158,-23.7259321739647,10.738320468146021,10.7225469586812,-0.0157735094648217
-30.344506179701476,-0.329544993561278,11.227966354915687,11.236548249078268,0.008581894162581705
21.629600402131643,-7.012907610988364,11.443441821558899,11.437893294451491,-0.005548527107407608
1.6095355845315922,-2.296162484420641,11.364447036872136,11.383222965640144,0.018775928768008043
-25.119342608298446,9.746440800552357,11.182423738909236,11.142052760430962,-0.040370978478273756
-15.31135929153676,25.42787438300087,11.207761108177985,11.18755780068862,-0.02020330748936594
22.02295960215158,23.470579170753766,11.83688603931807,11.837076406986997,0.00019036766892632784
13.753523471277255,-13.565918855755037,11.40806630412692,11.386098486557543,-0.0219678175693776
6.869853084446994,-27.03688884510241,11.386053334550041,11.368540246462084,-0.017513088087957485
-5.021456943883308,29.386501758340636,11.131893427917877,11.127845845345423,-0.004047582572454189
-16.322884472236474,-22.46036525658355,10.820256083705615,10.825831773582024,0.005575689876408774
1.0574654456584156,9.626056281948927,11.150042001159996,11.162005383374563,0.011963382214567275
-23.472072200565492,-7.7617684948002434,11.235377274483055,11.260139507228889,0.024762232745834112
7.352581534876208,12.935655995118658,11.285179025220422,11.296509170270326,0.011330145049903706
-14.226929716374109,-19.6510383194653,10.877588760891815,10.877623165628455,0.000034404736640070155
-21.081422281519338,-19.461343096939395,11.312642613425222,11.28953817140097,-0.02310444202425188
0.5649411952427954,-12.009410766540562,11.527724347982938,11.542176715008253,0.014452367025315382
18.94706414378136,-4.363763032374813,11.389135370771292,11.372901560965865,-0.016233809805427768
23.190735877146217,21.923971781754823,11.804191877447366,11.872988770633112,0.06879689318574655
-7.108798854630592,17.318138102552247,10.972709668463843,11.052439741534362,0.07973007307051994
20.623382171776015,6.282138919251928,11.46122618005726,11.43033647522597,-0.030889704831290388
0.5729730763100847,-2.4542926366526245,11.317417332747397,11.343653360674862,0.0262360279274656
29.5737365799407,-31.654352805400777,10.86465583240913,10.872605311475594,0.007949479066464704
13.53556201863271,27.978012115773154,11.263380233051382,11.263536346355659,0.0001561133042766727
-31.457350935800513,-25.11087777873926,11.25932244833883,11.246963573564987,-0.012358874773843453
26.110989643751935,-13.751860139876882,10.99462758037876,11.014124080492078,0.01949650011331805
-16.116542103967525,-21.984236937189152,10.849007988262244,10.859444658328412,0.010436670066168219
9.122742848369015,-13.85762636736748,11.377195409638253,11.390369692312314,0.013174282674061288
31.59585415961127,-2.9315539243063853,11.002678690066501,11.037063594807911,0.03438490474140998
-0.8792992085445448,-1.798481592768006,11.263070320175602,11.294232034132436,0.03116171395683409
-29.661170056588062,-13.593233494280732,11.203988268996662,11.223346503083716,0.01935823408705417
-31.866916685399303,-29.959850651431225,11.455000673040047,11.45923254396593,0.004231870925883285
-31.076303682626275,27.157593040602933,11.432424758924514,11.444267337947563,0.011842579023049637
16.900724599125624,19.88687184346616,11.721371591903681,11.71736825912466,-0.004003332779021207
-5.278870698726685,-13.68717544096549,11.201962130637144,11.194884249012585,-0.007077881624558913
13.098419015532222,-6.476308852335528,11.469661135256587,11.494065607737376,0.024404472480789252
28.774750406290188,-7.328133199382307,11.039789392378305,11.045095637500053,0.005306245121747821
26.767630239144104,26.501529486457102,11.821761426265486,11.804002826791864,-0.017758599473621572
17.26056324773934,-31.077363561168987,10.884636367228778,10.91558656726316,0.030950200034382647
25.247607310236475,8.949569689467062,11.502014449397228,11.46960757838704,-0.032406871010188354
9.523104915263737,0.4639968166133741,11.52765816608992,11.515115422211771,-0.012542743878148244
-26.631225163473545,14.225882624959247,11.15242651186612,11.175640577472473,0.02321406560635353
15.950185512694311,25.64685000593346,11.306598930605581,11.306553453868156,-0.000045476737424721136
6.3333689840335765,-19.612055903932102,11.425207531420634,11.43446137054497,0.009253839124335528
-31.406774006099212,-29.887962404736506,11.432285491790932,11.449600720967178,0.01731522917624595
-3.5356868378758364,10.272632169187759,11.034134878424979,11.090084968094917,0.05595008966993831
30.240278633383596,-11.570220640924404,10.95502712882655,10.972690692281837,0.017663563455286635
-14.037258828984896,16.41658216406612,10.909727289407353,10.926715296881866,0.01698800747451301
-21.281632293120502,-5.699298145460972,11.141168928724309,11.16433061315319,0.023161684428881557
-15.346608919594082,-19.76969734546328,10.85548384704255,10.853581892399326,-0.0019019546432232914
-20.248711387055046,-24.337254277048274,10.766252913965378,10.787014707601417,0.020761793636038917
-20.962137914517463,-0.8368605579296045,11.001025901110022,11.051644897102479,0.05061899599245656
-17.50632457319073,26.417795708865874,11.286219548829477,11.248431970422327,-0.037787578407149525
-9.1738742014224,-0.7844099179156032,11.037428966438219,11.070089144044525,0.03266017760630646
1.6814290274926336,28.552718603938708,11.199873497356414,11.189744846580767,-0.01012865077564662
-21.090776461590195,-13.83435922691573,11.314855416968472,11.291903068176916,-0.02295234879155572
16.08618468420338,10.948758181058082,11.939129844955215,11.919646319988432,-0.019483524966782184
23.64190154749395,-16.83363664565462,11.005650564928038,11.016932060997458,0.011281496069420527
19.90966456632043,20.627253639597058,11.809857132491853,11.80937476601653,-0.0004823664753228485
-8.17659075644847,9.918575765617028,11.030729992613896,11.042901073723792,0.012171081109896065
-7.175172954014478,-19.806848241639436,11.485420053164475,11.485007886724427,-0.0004121664400482672
-25.057191109001614,7.084602174251025,11.057370563709016,11.082385945825958,0.02501538211694232
-30.46148324454537,5.787993700599664,11.083773392820518,11.1281847747909,0.044411381970382635
-23.08511321943309,21.15071298641869,11.153719468173584,11.17137163308581,0.017652164912226098
-24.37445751958203,22.466635781880022,11.202792980230104,11.200536510781808,-0.002256469448296272
-18.628401468022922,12.018442409435934,11.028352767656614,11.075191995350533,0.04683922769391913
23.608488153376335,-9.023610079434746,11.2448613218234,11.225290538160959,-0.01957078366244147
-17.36367604158462,9.882604966383099,11.025105957324705,11.035232489390093,0.010126532065388716
5.225226522079836,-11.757459432670565,11.445463653584092,11.44990560499528,0.004441951411187972
28.083955749804225,-29.57899426384504,10.94520628476667,10.893057769803665,-0.052148514963004544
-28.10637546203595,-2.7576155622711767,11.188850743566732,11.197334732882991,0.008483989316259155
-28.183403776287086,-15.479859645848151,11.235437206601693,11.244641182385152,0.009203975783458773
-11.171398943307125,5.500844399688063,10.958030041692542,10.941398133589285,-0.016631908103256876
6.205671914926683,-26.006668259894504,11.41152654567286,11.410940250198262,-0.0005862954745978755
5.384964439905609,11.294471366370168,11.173448107257204,11.182846372705347,0.009398265448142595
-6.822145299464744,-18.087789898059093,11.417410826746002,11.409788552006917,-0.007622274739084389
-10.576078576230628,5.9548130737694365,10.935182207391001,10.934445776017647,-0.0007364313733546624
-14.914615272579802,-10.041601981118909,11.345260462763623,11.32565294378298,-0.01960751898064217
19.729258135365264,24.445683805950246,11.531360918807998,11.531360840275065,-7.853293304549425e-8
8.690921063756946,-10.352822930293215,11.49131290726432,11.482485348604214,-0.008827558660104984
29.683259267273648,-5.646440563788325,11.036300558058374,11.046330120396883,0.010029562338509379
-25.056836476070828,14.086607595694097,11.146509147317413,11.190987094870566,0.04447794755315293
-21.893546080378428,-25.675629622998827,10.755269627348095,10.764607653974473,0.009338026626377172
-30.484235434245214,-2.722355736278324,11.21739464877964,11.274383517086424,0.0569888683067834
14.813647985206124,-29.441018480349733,10.968935859069923,10.987609035739954,0.01867317667003121
-2.7573143467973438,-4.859907950462635,11.234685435139019,11.227568977687405,-0.0071164574516142665
-12.003977436450327,-24.164156810190455,10.939443109922678,10.940168222968612,0.0007251130459344779
-20.48650419898138,-9.485621998054533,11.280802997744994,11.284777286836173,0.0039742890911789175
12.024471904148157,-26.45631164288767,11.339977551776025,11.308216512200628,-0.031761039575396666
11.322934362288287,31.0090934888365,11.306588515275925,11.268308382979095,-0.038280132296829805
2.152746430324875,-15.993750067334105,11.901747877538092,11.860619671357048,-0.04112820618104429
8.069464599526746,-14.75404778833633,11.381022412304949,11.383565225429546,0.002542813124597032
-19.10757881260477,-10.811231467848536,11.267005501359591,11.295753551899411,0.02874805053981966
27.088060437252274,-18.727753227728606,10.908486159272764,10.926325614752043,0.017839455479279565
-3.979576601562556,11.439882875760041,11.013325771439666,11.071174569374397,0.05784879793473152
-2.6218075481635665,20.470425612776303,11.261390708670634,11.305875469612463,0.04448476094182929
27.898850277044673,6.927503366522728,11.519932935974216,11.501752069794065,-0.0181808661801508
3.7071034946752306,30.361814466948942,11.205121513235495,11.208205672800561,0.003084159565066358
-6.4202011899866775,13.962002690911135,10.963304767364477,10.983127303443961,0.019822536079484365
6.886135101747563,-0.08333053862786244,11.505463527309136,11.505866470726604,0.00040294341746793805
-19.2529078845061,-19.40184058864977,11.276123685506533,11.267678894476363,-0.008444791030170151
-11.168514288283696,-16.426979737924697,10.844443533631882,10.845284476441472,0.0008409428095905724
-25.81231456648326,20.712564038145054,11.356903769376672,11.34950347902796,-0.007400290348710925
-27.70513295174662,-5.819063390745612,11.28265045595209,11.230165913411918,-0.05248454254017254
-27.987599023272452,-7.568166750754301,11.342602489992046,11.316391262857138,-0.0262112271349082
22.23470600623814,-31.615379981505875,10.937358231617884,10.890572144146782,-0.04678608747110147
-12.711384798492169,17.595928187384665,10.92062836336968,10.927099086773806,0.006470723404126133
-9.33123760875533,-24.69325711031864,11.365740568710608,11.375997611167499,0.01025704245689063
18.874627185467816,9.461258177160282,11.669377807588372,11.667017902300838,-0.0023599052875340476
-19.60394471974103,23.208381855249748,11.084904540163617,11.096403225384693,0.011498685221075888
-3.2741887577900997,-6.451183289612246,11.210118412793978,11.214131462266007,0.00401304947202874
12.242847372360956,20.8697194591995,11.402796589103218,11.410738356722641,0.00794176761942289
30.239774515564186,-14.094703926426774,10.9439551244884,10.972380614152437,0.028425489664035908
17.360966360978864,28.202672578977776,11.454063588059968,11.445451279102958,-0.008612308957010484
-23.312403313582152,-2.6301461108789397,11.06070050480879,11.079216241481113,0.018515736672323868
-31.73005218207507,15.601753508639106,11.171977963514585,11.162200517339498,-0.00977744617508769
22.55548396919955,6.452852252260207,11.43557193873396,11.426864011057846,-0.008707927676113059
2.0295586227772304,26.758467725014633,11.209805985721143,11.21789403119858,0.008088045477437689
29.65867651918034,-29.9057983113805,10.86475246448222,10.880880202208777,0.01612773772655629
-4.980767586004575,25.076114756857486,11.092128565229343,11.131532082599033,0.03940351736969028
20.979327724842037,-19.277797259307256,11.015018975572305,11.076091716752654,0.061072741180348444
20.75233231919264,2.683686924625441,11.431200375143279,11.407930431138498,-0.023269944004780996
20.373232484903333,-21.09678679784917,10.995948137421731,11.02503523886931,0.02908710144757798
15.376473170292172,-0.07084744140455967,11.5257859384385,11.527627206180815,0.0018412677423160773
-14.43081934518245,-27.387001693661773,10.662231935944922,10.629258952764662,-0.032972983180259874
-8.657000450218419,-22.032201473310003,11.501390962791692,11.500987003353902,-0.00040395943779003574
23.527266311095758,-23.629403111172287,10.900431051700437,10.905621722533501,0.005190670833064459
0.10065063229473026,2.9715784409093686,11.357309834094591,11.34738380427203,-0.009926029822562299
-3.6144316776152934,25.56621283774472,11.129396718320514,11.129639038187888,0.0002423198673735527
-6.698408681119659,15.26349918581063,10.975416302033564,10.96315247791975,-0.012263824113814437
29.429188300314244,-31.776088844300155,10.869617369665503,10.872714175829383,0.0030968061638798616
8.802627909912289,20.142621421952512,11.381372482011296,11.38178698030444,0.0004144982931446606
-29.751360368070337,-22.023888055442896,11.256775824163054,11.269762029556667,0.012986205393612948
10.067065712986874,-13.952319737885553,11.37865523913406,11.395372123196255,0.016716884062194737
-23.55363249720063,-13.539048489150254,11.350886787159677,11.306321456628275,-0.04456533053140177
1.7994417001897318,-13.653475390466284,11.736111577183507,11.732391242399256,-0.003720334784251378
19.387751421222838,6.823001699280724,11.5454077203696,11.504019163003978,-0.04138855736562164
25.400128192137466,-31.707544193646484,10.881639863150516,10.882672099144372,0.0010322359938559345
27.627637597940627,2.675185486975394,11.451265855259619,11.434995086570844,-0.016270768688775306
-28.50525388032996,3.6358450190593032,11.086937100623416,11.089491897420952,0.0025547967975363406
-28.653430793510346,25.32322976404253,11.410400715873154,11.418293927441304,0.007893211568150704
-3.059437335473639,-10.368113787714336,11.18475682389056,11.171860874735852,-0.012895949154707154
-26.026696905647285,23.99681327219586,11.197267486148101,11.197051849760015,-0.00021563638808608232
-23.50834341806882,3.4294576362631233,10.98682309265783,10.989298282276335,0.002475189618506235
12.85267831494977,28.311165671620884,11.242408632258545,11.242272852424634,-0.00013577983391144244
13.81536286497878,-31.015201168512355,10.950830418408891,10.94985991150741,-0.0009705069014813716
-15.0685600949651,3.4390711847530184,11.011004764887712,10.998769263718136,-0.012235501169575613
30.2286962339997,3.4796692315562936,11.23093875827621,11.274605590351886,0.0436668320756759
-19.354943579854286,-3.3996590632740507,11.075975243490124,11.139294558767721,0.06331931527759771
-20.4546792956529,-7.201147542823982,11.223607681593197,11.235913211926693,0.012305530333495796
-25.75049218211877,-1.8868482467042824,11.13406049257354,11.136343764737891,0.0022832721643517573
23.193800878408155,9.831264853217021,11.454897331191976,11.458602830315538,0.003705499123562106
-16.414605033127827,4.506943096387502,10.97964206820409,10.989998343253788,0.010356275049698382
1.839339205943574,-16.497910211338905,11.899495936857612,11.87916171203025,-0.020334224827362135
-15.783990483529081,6.599257815438534,10.989945509961561,10.990181526018072,0.00023601605651002444
-18.09376342150572,19.7103860102764,11.007607867536851,11.071099577117286,0.06349170958043437
31.10691434068682,7.298730774523712,11.392658664269643,11.397981979757422,0.005323315487778757
3.705772978816114,0.30041753162666396,11.44122866470153,11.437949813492914,-0.0032788512086163735
-16.96551261052933,-1.398757155938803,11.067215438854422,11.064857802622459,-0.002357636231963056
16.64752761275406,-16.106670968761748,11.408269721269992,11.352519248313884,-0.0557504729561078
28.631703085556566,20.79559685727299,11.487057697433439,11.50294968875359,0.015891991320151178
-16.716378844151095,-31.727564812730286,10.459501955625118,10.459486128951633,-0.000015826673484653497
2.321302985268389,22.461812889571412,11.293835910196236,11.286521478284904,-0.00731443191133252
21.538718723513682,-3.777278255308957,11.414877129647966,11.404830539747222,-0.010046589900744252
19.006498606317557,-19.50934315556573,11.164963222670561,11.159727118617244,-0.005236104053317092
-12.244177835461663,19.64718352805499,10.958257125022516,10.96221291168071,0.0039557866581940715
30.43250187651072,-0.6668998869999996,11.111905824567055,11.149280105077043,0.03737428050998837
21.912105780178855,11.545698602676794,11.568413393993785,11.561136492544966,-0.007276901448818762
-8.140066205184596,30.622514951326494,11.146863144429014,11.148930396679509,0.0020672522504945334
-6.877352758396839,-6.733166842208618,11.14927845007016,11.164903180971773,0.01562473090161376
30.59679901151955,4.066162065418773,11.217807799418587,11.266692521502588,0.04888472208400074
-4.11140621014556,16.831025892310414,11.05080999435209,11.078401059663907,0.02759106531181743
10.441649071377135,15.411153241054663,11.704171967695139,11.646924435328664,-0.05724753236647473
-3.2984598648917256,29.61542713244973,11.12972531960067,11.142506253603502,0.012780934002831756
22.61278177066044,21.536407005982696,11.823308454698301,11.876004462409977,0.05269600771167582
10.220635848550408,27.71643323602094,11.081121435357105,11.093394211658062,0.012272776300957133
25.84116160041907,-5.455648287591501,11.232513595626697,11.2264832886308,-0.006030306995898016
10.881281870373158,-18.036694246951136,11.39571756793767,11.372578782534218,-0.023138785403451934
20.397259597695488,-7.953086639597139,11.42589279939075,11.421649936039879,-0.004242863350871318
21.805847721970608,24.7352445525092,11.626641723382015,11.623221954870619,-0.0034197685113959153
-25.475848072490564,26.11869919958695,11.22275454345206,11.258930040491236,0.03617549703917611
20.017039578933584,28.06379760389946,11.489001808776829,11.489002242472095,4.336952663663851e-7
-4.5345592910383345,20.332075619039664,11.295869757385109,11.299936995903664,0.004067238518555172
-31.75379997755322,-17.30201114736952,11.197744679630166,11.197116043980872,-0.0006286356492939404
16.598845406429966,17.98059222019407,11.792791409880326,11.788009380303572,-0.004782029576753999
28.454613734030858,-16.14208482330779,10.935138031075407,10.98066285050781,0.04552481943240316
19.408316133342822,14.365027211770645,11.743294773660864,11.767301669940151,0.024006896279287204
-0.7896779695898744,-22.796850790689355,11.896801445083831,11.898429426898268,0.0016279818144369074
-20.722879066992725,10.135985637633034,10.992296421269852,11.067016296148282,0.07471987487842924
20.550221650621374,-14.08078492432061,11.26480400911053,11.251699686163237,-0.013104322947294023
27.988068724272487,8.292051794788932,11.510473769135535,11.507108798290705,-0.0033649708448297844
14.347027879457038,15.268240274361865,11.85505092712514,11.851228242799657,-0.003822684325482939
-24.70201962401979,-11.967873237662786,11.33741574236454,11.320063172773455,-0.017352569591084333
28.29291659187394,-7.6792510846093975,11.049736046229707,11.052214621713922,0.002478575484214929
16.514556251352268,-3.178991115358251,11.389720049866057,11.394983538590342,0.005263488724285281
-3.0458627862637897,9.716128318150119,11.039217665297977,11.10473418787388,0.06551652257590312
-0.5416353621786314,-30.22488860775774,11.416431552764244,11.41380306398178,-0.0026284887824647996
11.361904944047858,-8.54214296542954,11.49709070818772,11.505373159892324,0.008282451704603844
26.680920994974024,11.061526330316632,11.494748065569057,11.482538617606357,-0.012209447962700182
2.6373141231239217,-6.074644147414993,11.408316319260194,11.392669711913378,-0.015646607346816666
-12.085589425391873,-3.9290396588117105,11.12874552017425,11.13646148257864,0.007715962404390098
-21.446239568381912,-8.011359659084832,11.235631210073446,11.273000517766851,0.03736930769340496
-9.802080898243162,-7.43954868899646,10.994576790005723,11.001271267490422,0.0066944774846984245
-15.269996584400012,-19.982278517467996,10.862137161913402,10.896856661151325,0.034719499237922946
-7.598504358885606,-28.27523592188149,11.369398642499226,11.374333161025733,0.004934518526507503
-21.668496714770924,-8.568928239374088,11.260994009717601,11.277015589259229,0.016021579541627418
-14.184139922903505,12.091204824353937,11.081190706192364,11.056327833041111,-0.02486287315125324
-18.182384448838775,26.040116679525653,11.265992335998105,11.237421323924089,-0.02857101207401591
-31.24859637382643,21.847324131494098,11.693939469986464,11.695315855655684,0.0013763856692197152
10.849254248577694,20.70800171940887,11.382466924906186,11.383993519328312,0.001526594422125882
31.138734437180204,-16.990809733924927,10.961068737767212,10.960286632008518,-0.0007821057586934188
-14.142419202314997,-29.257345992787727,10.60504679252966,10.596601261507248,-0.008445531022411856
2.9726301751849533,-20.25545306086847,11.668656681802668,11.616817171811872,-0.05183950999079556
-19.38225131490362,-6.308649333153106,11.209363040218264,11.194555261600575,-0.014807778617688783
-9.628731044208905,-5.827166282611323,11.20834574519656,11.262074044845678,0.05372829964911752
1.0152676338773006,-22.472976567977582,11.730789747674882,11.72654573987068,-0.004244007804201644
-31.146995945712185,-28.7216547468638,11.424682421975128,11.404407789612982,-0.02027463236214544
-10.804589008417189,-6.9454640930417995,11.276368657749968,11.25034365051399,-0.026025007235977782
-26.0024092773807,3.5537808496488665,11.060724565421058,11.036508796618406,-0.024215768802651638
-14.757731985236596,-3.39504044764287,11.185442190759867,11.158933452779744,-0.026508737980122987
-4.072785030487466,11.144266281314046,11.019758721372897,11.071799839741459,0.05204111836856207
14.967518012969087,7.880069246394669,11.600334830673077,11.61367133860406,0.013336507930983288
25.71499142620182,-21.238535596727566,10.911301864792913,10.911144822571556,-0.0001570422213568179
24.878377167691603,-0.8080317407111224,11.48370172055356,11.408944490152354,-0.07475723040120563
0.011821712956098906,11.264644449638212,11.122134256709327,11.153108661622602,0.030974404913274967
18.045797187522922,-31.060056160737396,10.863215905410932,10.913262398244532,0.05004649283359974
10.539193091489864,-0.2997260643745463,11.500461385505101,11.529687101328383,0.029225715823281817
-6.544016526600686,-14.291936361390512,11.100100528216482,11.112923415723067,0.012822887506585445
-0.27583169042009814,-29.593440299937733,11.414264778288024,11.414543438079738,0.00027865979171437516
28.369167411810587,-28.008882476823644,10.903286232536335,10.923065155786693,0.01977892325035846
-15.506937405222715,18.847844835159762,10.961413565624872,10.993031298086503,0.031617732461631576
-7.261431093941319,16.210859928267105,10.970601019758927,10.974731154789051,0.004130135030123938
-12.259377995531864,25.998448293600013,11.299984250224323,11.252927406061906,-0.04705684416241773
-30.529424581957706,30.6527405595509,11.481316883669868,11.472836130445298,-0.008480753224569426
-23.491121137722878,30.19236093841625,11.327547135897557,11.332643799374445,0.005096663476887642
-18.153574488688164,-7.9639092338930055,11.235215453404848,11.273679530434928,0.03846407703007948
-25.522326060846353,8.606137351949357,11.175531267233334,11.138679520542219,-0.036851746691114684
31.389571442276072,13.959429340411752,11.512494686048086,11.494064869749613,-0.01842981629847351
16.249619396623054,-25.66051971030506,11.020779892218822,11.036020334709399,0.0152404424905761
17.20141651657967,-19.675643836391252,11.225309768204955,11.237526226632749,0.012216458427793953
22.596447266092653,21.975297768440335,11.838036873790976,11.889360102516672,0.05132322872569617
-2.4520438578731785,-7.221165125843697,11.23360658993644,11.252890216102266,0.019283626165826462
24.115221926454623,-9.050607906321723,11.190205810183246,11.196018895213795,0.0058130850305495585
-12.16754571406777,-5.714890326748581,11.369287679099362,11.370284634165715,0.0009969550663537774
28.335177780817908,-16.795507744750118,10.93878262094312,10.979698047186963,0.040915426243842035
-21.11478952009265,11.028987402132039,11.040687919538895,11.078092461748248,0.03740454220935341
25.91426847727719,24.640854229145894,11.801059961681881,11.76584495416286,-0.03521500751902096
-1.313272755530292,24.563117457288413,11.18016376550131,11.177609311942032,-0.0025544535592789686
-15.84565817586499,22.498083899688453,11.061158560254666,11.090360413672387,0.02920185341772097
-11.610090787757208,29.84288998273636,11.229374952638178,11.238516600533266,0.009141647895088312
9.730878981433776,11.154418201753998,11.504316716861982,11.458816946585907,-0.045499770276075324
6.927222649609618,-11.173209352243312,11.423065033301983,11.437400984505494,0.014335951203511499
8.765589081357128,-26.472470835096935,11.32136669356564,11.341360050762582,0.01999335719694173
-31.235156999585264,15.262430561230097,11.191159679547455,11.185826911120737,-0.005332768426718815
-18.27516868152079,-26.551170372982035,10.556028642551741,10.556166287486732,0.00013764493499124342
-28.182268065619056,-15.084981830274216,11.226917478469066,11.242279581538718,0.015362103069652022
9.530286083653941,-8.638069563097147,11.520583993108557,11.482514620555348,-0.038069372553209746
-24.63577967749054,-30.323798331185756,10.910167813824078,10.874297884431847,-0.03586992939223066
-22.615133798264736,-26.307299488427567,10.900328990068967,10.905777635403116,0.005448645334148239
19.805787533121936,-28.949286283239694,10.865465545383579,10.93163299888964,0.06616745350606124
13.56303430242756,10.758314675431038,11.892807983660148,11.865129674425368,-0.027678309234779874
29.938347437916235,-24.53111254107528,10.93290282581626,10.915640714137778,-0.017262111678482128
7.981378587942935,-27.043114439922462,11.329392204135235,11.34156050448839,0.012168300353154748
1.0305755750209755,30.938344150622115,11.174350207949646,11.162985090607858,-0.011365117341787467
11.422170887100414,10.328396020262772,11.619436579432175,11.591541377960368,-0.02789520147180724
18.98687961986201,-11.450825648231643,11.414153829557716,11.397118391382254,-0.017035438175462048
-14.901474060710584,-2.8745959109509656,11.184634173026998,11.142780304924294,-0.041853868102704084
-30.601916218927137,-22.80605220318153,11.268190024421052,11.26190341349722,-0.006286610923831759
-23.540317731991195,-27.64818952121209,10.860484343958676,10.849078914576285,-0.011405429382390864
24.893936497137837,-28.29593457628517,10.901241662197862,10.928102883093095,0.026861220895233018
22.07456512262933,-24.489919345242967,10.912622696211887,10.940350869416237,0.02772817320435017
-31.63113825198524,-6.085723040732866,11.38289437258026,11.362251731082011,-0.020642641498248793
-30.557232427150474,-26.14954838775835,11.278275182788484,11.258444484185967,-0.01983069860251696
28.806341230636676,25.94582323651,11.63204014082495,11.677535720529711,0.04549557970476137
-29.863539054967397,23.439266421842902,11.6046765177926,11.589918635773687,-0.014757882018912483
22.407833375519857,-17.977738676056013,11.002672064739693,11.030528634960827,0.02785657022113419
-0.0627080540236733,6.660326763699061,11.289714118214572,11.233301414344552,-0.05641270387001995
-8.894673172800154,16.835628992547306,10.919737031816263,10.95238304804108,0.032646016224816776
17.384215365586655,20.67950824049123,11.68467667044483,11.684774512386221,0.0000978419413915077
6.452544918235006,14.394651352197883,11.254060378978018,11.265220657345429,0.01116027836741118
-18.631276753945308,-29.87064355612023,10.43427976628717,10.434466241961346,0.00018647567417495736
-27.22420388982747,18.18553027865441,11.30327065752716,11.29870354571023,-0.004567111816928815
-8.465915209786097,-14.5521581695524,10.928831512184074,10.92855540322234,-0.00027610896173335675
-30.211407359823134,15.96573441916108,11.153293650390806,11.153084653330419,-0.00020899706038690624
0.6755102435601259,14.118238243245209,11.17911006828943,11.191293094294663,0.012183026005232023
-24.79902043016746,22.780530060255508,11.220601160846675,11.220229409233028,-0.00037175161364721987
14.834415165445904,-19.734479444693918,11.3689128961755,11.298023806213688,-0.07088908996181154
14.56337002191502,-17.250713043392423,11.381166541377372,11.396577228948063,0.015410687570691195
10.329209888328052,18.52892106405087,11.54245742137444,11.549445483148181,0.00698806177374145
27.63665794269582,20.650296802020797,11.53959423428125,11.561485803365981,0.021891569084731444
18.023571155123776,26.189909016462387,11.419387200098319,11.419790940477307,0.00040374037898871507
29.30201215601437,30.73646168354056,11.81516988192268,11.781434129699099,-0.03373575222358127
-30.96887064635557,-18.920691282180563,11.218316278408595,11.19208284092749,-0.02623343748110507
-8.92668271394971,-18.142008338452037,11.197702896524362,11.200351571213558,0.002648674689195829
18.144315071778188,-11.496931660817637,11.38098063882173,11.391109015231244,0.010128376409513251
5.629827869151782,-15.971963034633667,11.56958823933186,11.550896412698144,-0.0186918266337166
7.365084414842848,-1.5555697604461827,11.51669161080924,11.506114985643077,-0.010576625166162756
18.290741948580973,-18.848833586790846,11.228101138910198,11.231003479902867,0.0029023409926693944
30.289504172889927,-15.328547744613068,10.942613151735841,10.969867247401229,0.027254095665387723
-12.265940976425455,1.2874437078137575,11.025970613197158,11.039127447963821,0.013156834766663295
-0.5883035225061448,-12.871917028465319,11.679999164284242,11.641103014735245,-0.03889614954899656
-28.03824287153423,29.10711793500146,11.366846036940725,11.366845762273321,-2.74667403488138e-7
3.1101620853251575,15.882912828846528,11.168568939569466,11.205219757507804,0.036650817938337354
-13.677818649020928,8.38040137518982,11.01326428815636,11.025486892137717,0.012222603981356883
-15.470475690167682,-25.930085793320586,10.704300291469856,10.687786066762913,-0.016514224706943637
24.744539532637,6.79154861052583,11.462001043040235,11.468700142397966,0.006699099357730276
-3.9850887647728612,14.517520214718438,11.012121808691754,11.023506463421002,0.011384654729248211
-22.12943854423878,-3.803706670563713,11.06459717253713,11.106845565445836,0.04224839290870541
-25.660830269800805,27.73803472607112,11.26603608285717,11.27358246909982,0.007546386242649916
-11.482005247670685,0.32447504705140773,11.106733373888556,11.072068978213965,-0.03466439567459112
30.906812382189614,-8.802587388002621,10.946624349662454,10.969965470223674,0.023341120561219952
0.6762894856673611,31.95884037697416,11.149402263892574,11.150608678230753,0.0012064143381795844
9.047432343801134,-4.904190277545041,11.508664449804023,11.503126473078723,-0.005537976725300098
-10.144044487778935,22.906683279272528,11.139678232542856,11.143512712863771,0.0038344803209149347
-20.838858741835544,18.761274921525228,11.099163676951598,11.132371349187709,0.03320767223611121
-2.6603068153305145,12.390950174721759,11.048979239348888,11.09606091329997,0.04708167395108198
-11.707767308848616,-28.78187687964843,10.549504059974236,10.549503898259243,-1.6171499339634465e-7
11.387026317935423,6.754214789852298,11.465032299899296,11.483596308424854,0.018564008525558506
18.89597116512607,-4.641437911387982,11.386771112930035,11.376189924654796,-0.010581188275239128
-22.182408634476623,4.067498664407232,10.972485773636679,10.973313823805224,0.0008280501685451469
31.64195185823676,18.62630395408626,11.534284436777977,11.522624159004224,-0.011660277773753336
7.8335085975851015,-24.567133656675892,11.40530570387318,11.410066912319612,0.004761208446431908
-0.44379088550788026,16.637206471542335,11.285239325711725,11.275958254884529,-0.009281070827196203
19.82173714846636,-14.463765849363185,11.297050186719952,11.28466978443934,-0.012380402280612657
-29.064756963768616,-25.37905789929578,11.307073144645788,11.305528231871468,-0.0015449127743192292
-8.137579294926297,-23.047156971950386,11.634252599325933,11.631501521832204,-0.0027510774937287152
2.0152617520644043,1.5629578614344197,11.408179261399248,11.394130229772886,-0.014049031626361952
-14.222183447939472,-2.2226569870789348,11.068542426255737,11.096126855244188,0.027584428988451037
-18.418501809180057,8.341846258540443,11.001634233407737,11.02943014603379,0.0277959126260523
2.193983998582418,-28.16829560417522,11.362126475114202,11.443575200017719,0.08144872490351673
15.887244640979247,23.2494493212777,11.43187672889396,11.43091842040461,-0.000958308489348525
-20.73254018316669,24.980316282402484,11.178640256259541,11.184987822329614,0.0063475660700724745
1.8160766769122532,-7.799315051931735,11.392825127851973,11.353957538747059,-0.03886758910491395
12.777648623981015,-8.558718812906008,11.454382160775557,11.459729380587556,0.005347219811998372
-20.01357582606476,-19.91015787593632,11.29525141868958,11.294838840300203,-0.00041257838937625024
-0.9128632502345937,-25.078616157848167,11.80623981018218,11.772220210987662,-0.03401959919451869
-13.292155479917689,-4.48090407380046,11.177463436537646,11.22608310063717,0.04861966409952423
-7.200903430596135,22.862959823185953,11.239314090932279,11.240399224893585,0.0010851339613058286
4.461939550915936,12.462454715820883,11.131991354075806,11.130800705335176,-0.0011906487406303512
18.09502824271332,-9.511300722492393,11.331499221341476,11.371115463692593,0.03961624235111749
17.01082912293046,5.803664056077125,11.500120615817568,11.527585319404544,0.027464703586975503
8.597208787785178,27.716507678832762,11.143606722782883,11.154804787309779,0.01119806452689609
17.305682024118987,-5.531152161207807,11.402698247391374,11.389290516500116,-0.013407730891257685
-19.81940108244497,10.736832095295327,11.012110224606177,11.060757670796926,0.04864744619074912
10.748598538812097,-6.152761998432474,11.538079644226812,11.5216616089408,-0.016418035286012156
-26.71327739926666,25.165929970458187,11.255755914281536,11.258888806842648,0.003132892561112044
-2.372642976715916,10.266141848619242,11.05139675810973,11.113691774008238,0.062295015898508055
10.686216133838087,25.186376428172146,11.053534632719238,11.119183078665246,0.0656484459460085
23.709504690668822,-23.54518657883483,10.897960119564006,10.901222116458312,0.003261996894305952
-3.497187928209037,-31.034222247930813,11.607404296524077,11.625080856604317,0.017676560080239767
5.182522167544732,-11.61345012220277,11.447635417562044,11.4481112996887,0.00047588212665594654
-5.898536050921059,-14.29294084180276,11.178364636625435,11.184839593566124,0.006474956940689225
-28.71767307030327,-26.84829917535626,11.305137421176342,11.306953946194032,0.0018165250176895853
-5.343045600758387,-26.955775088895813,11.780229109406038,11.808310613793111,0.028081504387072798
17.424797314713892,30.262257553510473,11.473189055866044,11.472930797593943,-0.0002582582721011306
13.176536919123556,29.906947601549888,11.32627184336127,11.320245830929503,-0.006026012431767924
-13.140337308334196,-3.8524491541043204,11.112350427291684,11.153450088644162,0.04109966135247767
30.95669754908485,-18.374314556520012,10.956327186486902,10.947993541770431,-0.0083336447164708
-4.873371302507657,-14.347499579357589,11.307214118681202,11.304672398007929,-0.0025417206732729625
-22.898549542661662,23.39307947433025,11.154360813160551,11.101573735531604,-0.05278707762894719
-24.05038414592815,-17.04758185098001,11.32996443718753,11.33036326584882,0.0003988286612912617
3.1666414311957425,-14.17935452286028,11.670542861190084,11.720612808011158,0.050069946821073685
12.542904141934827,-31.665925115697036,11.013288747833357,11.011454645247358,-0.0018341025859989202
-15.478428236909338,12.6719488614579,11.080841161285885,11.047830499383032,-0.0330106619028534
14.574345650274033,11.437535668236478,12.03339896417383,12.034190339254073,0.0007913750802419628
-17.975760005276072,-19.337277110274613,11.245448296371519,11.243596114956775,-0.0018521814147440807
-7.425840201861732,-13.990967847026475,10.974966579211882,10.983071415928238,0.00810483671635609
8.502237004414923,8.651702950493714,11.308031374352325,11.350623110772931,0.0425917364206061
-22.016672394188184,6.08672137337031,10.964929422765973,11.03372686881194,0.06879744604596638
-13.00167645679958,24.141850537606146,11.182888441627936,11.221659408721163,0.03877096709322636
-23.65953094967724,-31.298582027602976,10.576911353132509,10.576911473886417,1.2075390820598386e-7
22.394277653033576,25.20158790730291,11.618101159856039,11.608923904250815,-0.009177255605223422
9.344023662796673,-18.92769235658602,11.417276961099168,11.373256241299487,-0.04402071979968092
-30.58002179232792,-29.659443315620948,11.401366461248786,11.426294601019183,0.024928139770397095
27.676247506106,13.034959125344464,11.4866068101821,11.491041943519068,0.004435133336968988
23.693529250867314,29.96051222858523,11.64693414070267,11.658715737433006,0.011781596730335409
26.70058527546602,13.79361915838411,11.484436624498741,11.483626601168146,-0.000810023330595655
12.975188081099489,-27.380702796244385,11.180143898921752,11.20753047353071,0.02738657460895766
-20.285314920770617,-21.13911675904653,11.325099442508014,11.319310283168283,-0.005789159339730787
24.29396097021406,6.4658837301409875,11.4713966992087,11.462355766084462,-0.009040933124238038
7.172548393497635,-1.5185134927791992,11.50943181500304,11.504453749193328,-0.004978065809712717
-0.1680688690240828,-11.91797892523411,11.540714533964605,11.530685404262167,-0.01002912970243841
1.8062667011139482,4.0741038428813425,11.376161666059843,11.374161180307025,-0.002000485752818193
-11.597626623855959,-30.274937560989066,10.543537815587815,10.539666012014406,-0.003871803573408883
4.675062708908669,-21.41224825209477,11.445482892201557,11.430377144874683,-0.015105747326874308
2.9954605776163135,31.188502736522338,11.204336921421685,11.185084933025687,-0.01925198839599851
6.682959556035399,15.878763535983438,11.317361128088782,11.320310463437439,0.00294933534865649
-26.480382258973698,28.530614767670585,11.331732194072977,11.321558389917339,-0.010173804155638067
-13.11108729332279,27.999126295041066,11.314541557496966,11.270110221720655,-0.04443133577631109
-27.438568274029876,-1.5855894739071275,11.196848060842997,11.163996163287914,-0.032851897555083553
-0.8563268844098602,-30.789213004414478,11.43338948745508,11.440831717227319,0.007442229772237852
1.4582057030401216,-11.185708363711,11.404635640591621,11.44921929666252,0.044583656070898314
15.55569355285514,-26.5602762368556,11.001612124427211,11.040518173621699,0.03890604919448748
11.804565609927089,2.63649007979442,11.474128975400909,11.509591594807079,0.03546261940616979
-2.8346799073480256,17.108686303679626,11.16287424570611,11.175229668068566,0.01235542236245557
16.961378285269383,1.3367156290482995,11.477064429814495,11.47897895939358,0.00191452957908389
0.31648938477093225,8.056869499328755,11.194810983570129,11.18557641666798,-0.00923456690214941
31.17404562373688,4.415435292712175,11.184566478853835,11.237679445072892,0.053112966219057256
7.010285863204736,-1.414282709776984,11.503719119536951,11.503811104182613,0.00009198464566217979
2.768576466006621,18.826875758090132,11.305575253879528,11.268019506081956,-0.037555747797572536
-26.902855777678518,21.01312369997777,11.442800889099185,11.462031916132007,0.019231027032821757
-5.974107195355131,13.707626498553878,10.961650413059427,11.00159577581404,0.039945362754613356
-23.494454248263132,-28.36145421552412,10.766519893964151,10.771828089170457,0.005308195206305655
-10.65480440221566,-16.038728272744386,10.861577459456184,10.861856691570758,0.000279232114573702
8.08195870104899,15.951203594981948,11.4702258679519,11.469122977895678,-0.0011028900562219945
-7.6012761096591674,29.822500042549848,11.14666032588893,11.146305307178908,-0.00035501871002274754
7.44892745116443,-6.76822159757576,11.442865089584522,11.452924555093773,0.010059465509250742
23.521023053906987,-18.579138714156798,10.943352457837687,10.949892504226831,0.006540046389144294
8.606209642653262,7.828814080339718,11.32394124908028,11.356579009278802,0.03263776019852216
2.155082023559025,-14.943566528927803,11.876336663678881,11.823075514078853,-0.05326114960002748
19.86197654373838,-12.781045598630627,11.365121099835878,11.365791509505911,0.0006704096700325124
30.872091169332784,-0.020169582460809465,11.129473322827291,11.142741089833523,0.013267767006231779
7.563386121660166,29.59296735309165,11.291490263007528,11.263377528894503,-0.02811273411302473
-17.99898700288381,-15.22716553149776,11.33013716543675,11.30999452061197,-0.02014264482478012
10.532118749944232,-25.430634957448447,11.358793469534,11.345992755303634,-0.012800714230365884
-6.477082819589725,-27.137442935411265,11.73668106010377,11.767844299029607,0.031163238925836723
11.208370685400489,-16.263952299960827,11.392312154211668,11.373629579558749,-0.018682574652919115
-2.0298578873049564,-3.324021382837074,11.22741752067002,11.236654047982036,0.009236527312015852
-21.406181545986435,8.853319806927097,10.985788361847678,11.066366121137374,0.0805777592896959
23.32669010803506,-0.733981184293981,11.464874601893902,11.455935290321726,-0.008939311572175868
-29.225621187993013,-1.5916128009760655,11.215027684465223,11.216360083272912,0.0013323988076887616
-11.906542034427126,21.771589913425757,11.072837869999521,11.07104193513523,-0.001795934864290416
-2.1649810205220703,-19.201077278172427,11.924106519899423,11.923106234490866,-0.0010002854085566781
18.473326307825182,5.397113871154957,11.511865601854762,11.466375372394072,-0.04549022946068959
-19.302983215159536,-10.387330276623196,11.266620501803269,11.292427739663305,0.025807237860036025
11.60210603046675,19.934412561771715,11.470890070044007,11.470167378608433,-0.0007226914355733527
-15.032812347765876,-19.371330288908638,10.799921390462842,10.801712832711972,0.001791442249130526
-6.542348104759654,-15.354502784596747,11.190966690802872,11.21633521531027,0.025368524507397794
-26.91719744122397,-13.652926576426928,11.286647589490148,11.259551733438041,-0.027095856052106626
14.109117079654695,-14.896317468235694,11.3614499910782,11.392143491213204,0.030693500135004825
-15.799164761591868,-16.871222405773857,11.098247844340406,11.098247765457588,-7.888281849943724e-8
13.34114804791708,27.96350263564026,11.252841954804111,11.25286239783551,0.000020443031399253186
14.425683534414738,25.19931832398506,11.235096395409064,11.257873940973736,0.022777545564672153
-21.346577596297443,-6.9002821004092425,11.192434185921933,11.221028396047114,0.028594210125181263
-4.81878379814485,-0.03182777771817058,11.12389642612884,11.143072489309514,0.019176063180672998
24.25823672043466,-11.046147568788577,11.141578802753648,11.141518176546267,-0.000060626207380565234
-6.335033224232987,24.135111769318712,11.198363825272772,11.173105921382348,-0.025257903890423705
16.163532903381544,20.77098218445441,11.61990006183536,11.620633364809306,0.0007333029739466923
-29.25024305645573,17.934252579581717,11.192602066171737,11.194410792546893,0.0018087263751560556
19.39982420357402,31.190097237860286,11.418034004060141,11.41825285871232,0.00021885465217863498
16.53505602822937,1.3027414319224135,11.496316907376507,11.49348240968222,-0.002834497694285787
-13.610204039977042,5.56036267054413,10.960181153965735,10.93120584904522,-0.02897530492051459
27.45211578666607,-19.845099871112033,10.91736349933772,10.92500189366444,0.007638394326720643
28.617657924295315,-7.000353434801461,11.050845821508343,11.053774056786272,0.002928235277929403
20.63606637613848,6.66644220605567,11.462708456520737,11.440162521737172,-0.022545934783565258
18.25562406499637,20.767396806829545,11.720107283306525,11.719226967349444,-0.000880315957081379
14.105853544975218,-31.267092153269175,10.922655940602374,10.923584317069787,0.0009283764674137274
-25.76404254900413,7.548139044894555,11.118565716814745,11.119780641096446,0.001214924281701002
6.506514865550528,-30.515502098498594,11.336445682984438,11.375992934324735,0.039547251340296796
-16.227444466114143,-26.350110014236073,10.664826601328294,10.664940337076594,0.0001137357483003143
-8.092465572886233,-27.134634455604335,10.87597276428068,10.859283392727718,-0.01668937155296213
14.572019386455366,26.39817783312219,11.250124510237244,11.250381556310144,0.0002570460728996693
12.990951451120168,1.2479406526290546,11.501154716984374,11.535358883087454,0.034204166103080524
-27.701745222115427,9.497601502642517,11.206693720075343,11.19233484824307,-0.014358871832273579
-1.2715746578781548,-7.106434812430287,11.281072872811768,11.286184450727374,0.005111577915606347
29.642808145011415,13.269447193555628,11.488522401807664,11.503040422741169,0.014518020933504516
19.286425796541643,21.571590731081237,11.713165306905045,11.712416111040177,-0.0007491958648682129
30.46560057590124,23.170307144088248,11.517564097945572,11.549210696055018,0.0316465981094467
11.69864950283641,-3.8685232989100413,11.590811633996015,11.577169327654028,-0.013642306341987265
-10.878167277021376,23.43328938895499,11.168599704002236,11.190991254624214,0.022391550621977174
9.380336740420674,23.282852134306623,11.117163195269624,11.14493809482066,0.027774899551035404
22.359443171873103,-23.036223250300267,10.910346924204784,10.938063570739157,0.027716646534372558
-9.87674676457894,4.735582331997421,10.952867034872439,10.99281418872273,0.03994715385029224
27.004967150026282,23.954770454624246,11.735281166480583,11.702738471127498,-0.03254269535308474
-20.03453102255849,13.571565282737822,11.132140817774967,11.072219427203638,-0.05992139057132917
8.392471718906727,30.25901461264845,11.305267579999697,11.260123049593494,-0.04514453040620303
6.851330591875417,-24.36381133368453,11.421406464453028,11.421267758777448,-0.00013870567557994207
27.622166978741966,-9.425716400150236,11.039353068802104,11.050479473856603,0.011126405054499244
3.7475290453799914,1.8741698708295615,11.441642889296778,11.405275529887097,-0.036367359409680944
15.370524686943824,30.548853001467023,11.404892950908996,11.386271901592567,-0.018621049316429605
7.950733063433567,2.6273460542032794,11.517064411800028,11.462294059711166,-0.054770352088862495
-4.9375622911457455,18.0860740780125,11.14526268473164,11.158302202290615,0.013039517558976144
-1.5132132213808944,10.396153455999674,11.06737192349824,11.12999012789104,0.06261820439280008
-13.194815994747465,19.288958678249195,10.94832292438827,10.968030133162323,0.01970720877405263
11.829513687100707,-11.765393483704585,11.39285624547801,11.411119973429907,0.018263727951897124
-10.063165567928266,-25.79334668698619,10.812704356880301,10.812148626682655,-0.0005557301976466533
-10.827282947685553,-0.3456362548510228,11.120413162470886,11.077546897369436,-0.042866265101450196
-19.980965263498817,-1.5076098274635612,10.991181750692794,11.031263365426083,0.04008161473328897
-27.87847070580387,-27.184182356547417,11.305330521172186,11.32302064387694,0.017690122704754785
20.104470718455538,8.516864001535552,11.5192387383005,11.50144594739022,-0.01779279091027952
29.106864812936607,-16.811252741139334,10.946178729278131,10.97532406263448,0.029145333356348502
-9.789544250736434,-1.6120344650260563,11.067812327909884,11.06815885510602,0.0003465271961360372
-18.353594887003588,-20.034682855068432,11.225394911766578,11.21321255630951,-0.012182355457067473
3.2159184293346215,10.26531045525941,11.17347463528865,11.17788983810691,0.0044152028182598
-16.117410082558067,16.353199727079918,10.952403738464021,10.962482669056142,0.010078930592120727
-7.601648914795845,-22.924712790462294,11.66197074197604,11.67030703632815,0.008336294352110585
11.288884180247315,-26.507253487288025,11.368857548252251,11.310662116096973,-0.058195432155278226
19.5147547799588,0.8304613557447595,11.408550868742607,11.467786474698485,0.05923560595587851
-11.13101645022428,-27.162531777112754,10.528408010947159,10.537620295380513,0.009212284433354867
-21.51012710957847,29.65787503676463,11.439552776805929,11.393476250463056,-0.046076526342872626
-14.936751117410687,-25.919201048442652,10.706332632921969,10.679442399006604,-0.026890233915365158
21.551157699745573,-15.426243734278628,11.14543728071502,11.15651474910668,0.011077468391659906
9.544096617822646,30.375179509724546,11.297665159233299,11.233902898744443,-0.06376226048885592
-21.518901608887774,-11.91749003474657,11.346147063364537,11.312655838470283,-0.033491224894254046
-3.042334190496682,-19.15637709832533,11.881436452410973,11.85680688098074,-0.02462957143023381
5.1517260885852565,-21.560710086644647,11.407790958581888,11.420087976166878,0.012297017584989689
-1.5725291121784792,-17.46107837298714,11.92062172831227,11.924983514872027,0.004361786559757164
28.454638779647667,-9.420071067530898,11.008398268361727,11.022929340334699,0.014531071972971432
29.474468553214315,15.60625979700881,11.500447436629337,11.49635669327355,-0.004090743355787296
0.4687512911226577,-7.522726752274217,11.343808301108046,11.337288392422638,-0.0065199086854086374
-10.599253750852974,28.836383864482144,11.193037332618504,11.20844636414469,0.015409031526186112
23.520165817081008,-13.272284225463245,11.109500656628823,11.115545515503314,0.006044858874490799
0.5583145217075227,11.66234174536637,11.134852703413397,11.143170320903895,0.008317617490497753
20.787723644164892,-0.6738914705084866,11.42608825955215,11.460791340725617,0.03470308117346654
-30.680905055913883,-28.736651480661266,11.409076299634235,11.396158912123633,-0.01291738751060123
9.476145788428447,-25.213977843686926,11.341755984547127,11.36340449660957,0.021648512062443004
-20.514139894996063,19.388790646579317,11.096151712127641,11.12911662488589,0.0329649127582492
-15.938004314068607,3.523770294681121,10.995958088022435,10.989761534802486,-0.0061965532199490525
13.386864256092998,25.60592176166943,11.17844836488988,11.19943422791068,0.020985863020801077
11.661352648043412,1.757681253150217,11.514682030407716,11.50468492696894,-0.009997103438776023
5.340884541584018,1.718359029899247,11.47332195732725,11.430864378490387,-0.04245757883686352
20.065177403464773,22.931961612874034,11.654398199801303,11.659531908848491,0.0051337090471879065
29.41858554845104,20.164733419732052,11.490483940939473,11.504123820839805,0.013639879900331664
-10.049278534066765,-17.261292141045125,11.027456279763653,11.022132098271157,-0.005324181492495583
-13.983317922387634,-21.703763508263314,11.08935014888812,11.027367853251423,-0.061982295636695994
-14.576528643902314,-9.98246376918219,11.337433531917956,11.324390686688092,-0.013042845229863431
18.36973719155312,26.55898148404477,11.453055765972824,11.453390612734776,0.0003348467619517237
-16.95194168419227,-18.532454372425498,11.220102897979395,11.143286554033551,-0.07681634394584336
19.128933388371244,15.544234370011843,11.799350034203293,11.771648262092635,-0.027701772110658496
3.6895263633618214,29.002457783146184,11.22853104990672,11.228626804985739,0.00009575507901793401
-8.098696501506822,-13.020985329246663,10.81654001583238,10.826819381505935,0.010279365673554253
4.481581709320558,17.64703237120932,11.244700101809556,11.245353074473183,0.0006529726636266275
-17.087641748445584,-9.403238840117616,11.284775155505955,11.286866358535384,0.002091203029429778
5.5973435448701565,-16.17209807567739,11.581308115087275,11.563493643497608,-0.017814471589666425
17.90053505811961,10.745230891956012,11.800902167433343,11.752085347854974,-0.048816819578368253
-2.3325595491657296,-3.2034418480225426,11.21767585790623,11.22651963055874,0.008843772652509685
-31.879881209700464,8.508291538917533,11.100370028330188,11.101018285004589,0.0006482566744008267
-12.541754087691189,8.538507465359373,11.029267780284208,11.036080000179078,0.006812219894870353
30.61360504323069,-4.182983567330211,11.017903848925785,11.043876083878054,0.025972234952268636
6.63126424871696,-11.080119057743993,11.430128474525999,11.439212638518338,0.009084163992339356
-26.258016994754634,19.49133074085151,11.357143886268553,11.34705239823615,-0.010091488032403007
14.048160538326641,-15.566876197405847,11.3585678891061,11.387173405361965,0.028605516255865382
-17.550815537771037,-7.972288056322853,11.241669714497352,11.274527499007926,0.03285778451057375
5.845191948189054,12.658943281957171,11.178481595264484,11.204993006997316,0.026511411732832002
-12.008022023349731,-24.401638312064534,10.854038395900478,10.855085131907302,0.001046736006824034
15.52235144550415,-27.877927930590502,10.973647715407406,10.998143900397299,0.02449618498989281
30.169787104584167,0.9742224738770915,11.198533644998841,11.20806072248264,0.009527077483799218
14.03081178438277,-13.439840262984816,11.405898457621438,11.382376872589765,-0.023521585031673453
4.1827487166291775,-22.26764689699349,11.431137066975003,11.479801062618986,0.048663995643982716
19.358099462307877,22.340143745444898,11.662038326675656,11.662199043398614,0.00016071672295758788
-12.823504226902386,-16.502548160865302,10.689797587088437,10.690152543408326,0.0003549563198887995
-21.779264726322054,-7.118036237129672,11.19244870560068,11.230992763659636,0.03854405805895489
-23.608600951791963,27.475237067353795,11.206797154395153,11.210044721296168,0.00324756690101502
11.348875619641419,29.44639645093538,11.21269715184164,11.200459990417574,-0.012237161424065945
1.172188157951993,4.703411313936172,11.355299163768704,11.336307310601592,-0.018991853167111827
-1.6290999039850433,9.780815067477079,11.069133097125345,11.132873798870747,0.06374070174540236
15.705033464625338,-29.171344040016727,10.947093823841001,10.951946317431585,0.004852493590583151
-13.861617813860093,-9.12893491486215,11.303479987167893,11.305531461940854,0.0020514747729603044
8.129996918437548,-10.741696225424086,11.448674299758418,11.455689548095213,0.007015248336795565
10.957489947381589,-22.77174755416825,11.348447637004837,11.378415308677752,0.029967671672915586
14.287945959671816,-7.270865025733379,11.367227585178245,11.43644114487387,0.06921355969562448
-5.57911170554862,-0.3648429003542333,11.124268211233609,11.12458590207132,0.00031769083771138185
8.312741568384908,-28.041470318956875,11.328040907060188,11.324512309964046,-0.003528597096142505
-8.451690069356886,-30.26421038759093,11.081508303408778,11.08140157161913,-0.00010673178964815122
-10.878676409363635,7.603210697604879,11.001855639617075,11.005821627130231,0.003965987513156577
-21.247187502604284,-24.103885280724924,10.943093261865885,10.94663848806197,0.003545226196084883
-16.131272302568696,-1.6220025912653782,11.105753165258985,11.107490548005265,0.0017373827462794367
0.31928505680282626,-8.370674895235773,11.33206451052288,11.32695335590436,-0.005111154618520075
-29.23283067549969,-1.7654045515947985,11.215791148106177,11.219202169062099,0.0034110209559212734
16.781949443512914,-16.767107561146858,11.410658387600437,11.361925880019124,-0.0487325075813132
19.19610594943643,14.351410082086588,11.756542235306537,11.78965182489874,0.033109589592204
18.929582646664706,4.743175406101081,11.464225181413564,11.432388895235755,-0.03183628617780876
6.9609772590572945,30.328504584379374,11.255261128387302,11.252326229213155,-0.002934899174146466
12.364219469085882,-12.631187559649788,11.413827880071588,11.39724517147684,-0.016582708594748752
14.470488041826407,12.729580510337769,12.0597931355643,12.053505747773134,-0.006287387791166665
10.44885639738667,27.413205230282827,11.079922659101632,11.105185073651578,0.025262414549946044
-29.55418464003833,6.403052262580957,11.054059523583682,11.066449970988371,0.012390447404689198
9.186998400170374,-29.285028785781833,11.383552237102581,11.355375626590327,-0.028176610512254285
31.992360675182297,-31.180864499833703,10.867462625071735,10.867656891854576,0.00019426678284162335
-24.174335445858368,-10.192993367296019,11.327067037033004,11.30622318702428,-0.02084385000872402
13.15571461545575,17.756151678579656,11.685311268277474,11.689665924915404,0.004354656637930887
21.56798705771844,15.32475099375938,11.71299809951917,11.681676788329327,-0.031321311189843826
-2.3140150812889146,25.910354084383485,11.136218164412622,11.158114206878864,0.021896042466241994
-11.348177735031186,-2.9389399089184067,11.040531322352829,11.0907755099813,0.05024418762847205
12.002015406598481,13.59432911726936,11.815021345741519,11.762143779813254,-0.05287756592826476
-16.358323889250855,21.24169591283882,11.02589233227259,11.053172746787302,0.027280414514711637
29.68400242600122,-22.61610681241853,10.934872713365344,10.923768422842203,-0.011104290523141103
-15.276259563933152,-10.413343339682179,11.35302672380175,11.347641217807869,-0.005385505993881878
0.21962678241339972,24.09899585471669,11.204394440655928,11.209462768554495,0.005068327898566594
21.806698649692137,-16.995769361309762,11.040166863626789,11.106094630617633,0.06592776699084446
23.61057818583155,0.4706527597059633,11.45358177365538,11.456146624367479,0.0025648507120994424
4.248960866034729,4.06325975244183,11.423916574918895,11.35404111668464,-0.06987545823425556
-24.25560002522043,0.25857838711852565,11.10262833570232,11.10408564623709,0.001457310534769718
-2.418082854673351,-18.23113395994489,11.892034562066529,11.908921505864837,0.01688694379830835
8.734260103272362,-19.007168786978248,11.410370763001207,11.372464632053566,-0.037906130947641614
-31.288745780964014,27.5058445130582,11.44579809763728,11.448685092036246,0.002886994398966891
16.71727814485037,17.568381528984062,11.821727619371016,11.811919094768177,-0.009808524602838986
-29.72332991496817,14.91943571182341,11.19075206763777,11.168062493881356,-0.02268957375641456
24.043327433303624,17.712039743703436,11.643233091846565,11.663152848263548,0.019919756416983958
26.274657227800866,-1.5740076086602102,11.3970811861623,11.337207056592456,-0.059874129569843504
24.912318650205833,24.291033804996893,11.807573768902444,11.789449011434765,-0.018124757467678165
31.878923188098177,-5.5648709456099965,10.987716427209913,10.992062169657379,0.0043457424474659945
21.159601350344396,28.81952843614704,11.675042565930179,11.656165206479615,-0.018877359450563347
10.168043841448004,2.6999692005434923,11.503632386432075,11.45824870422424,-0.04538368220783617
-8.624198366685256,21.466464458433244,11.18512331531622,11.167815854220512,-0.01730746109570802
-13.13264607763741,-9.444188139622412,11.265462346094468,11.273940596750473,0.008478250656004604
27.270464347771934,-21.786512829553544,10.8942763190102,10.917061706671506,0.022785387661306444
10.65054697261239,16.409765390793503,11.701611501369822,11.678120721853162,-0.0234907795166599
-3.094057098128964,11.1321294501575,11.02036667138956,11.09172224343655,0.07135557204698983
7.0033928206039135,1.8044796842158703,11.505634530991129,11.463208408922135,-0.04242612206899388
28.580245109510237,16.566375642972403,11.499221129585607,11.494441073316128,-0.0047800562694781945
-14.332905957764325,-8.780741654432099,11.308943834305387,11.298249779615578,-0.010694054689809107
-6.536565239494173,6.651482889629214,11.129547196663687,11.113120544377445,-0.01642665228624196
8.438345161917617,3.8918866486544985,11.48776490354049,11.43104531604076,-0.05671958749972994
3.3436251210935595,24.40797956220179,11.28518283698195,11.289841098780947,0.004658261798997643
-16.44198836753462,29.431236174360457,11.357513566646281,11.348331476415293,-0.009182090230988038
-28.63802317505621,-9.954433238520814,11.382603757096765,11.35830791413738,-0.024295842959384473
-7.494851850737696,-10.15665770050932,10.641168968419493,10.640250596478506,-0.0009183719409868729
-3.9209122188944363,14.06898402673157,11.025297096616686,11.048627288480915,0.023330191864229022
17.63778266907373,12.635489397038725,11.823328698610817,11.822052772006552,-0.0012759266042650097
-10.810399403137495,-10.260470379350423,10.490354566784394,10.501613723573497,0.011259156789103386
1.788510993008913,30.141273630548724,11.18952692257063,11.17854672982379,-0.0109801927468407
1.0573994576601962,11.340210510952886,11.134734021029356,11.139919417164979,0.005185396135622966
-12.30406989666217,23.785299545735313,11.207618777927118,11.226181089918574,0.01856231199145597
7.593387129186745,-30.69531421490708,11.363591397050572,11.386034458890526,0.02244306183995448
-18.593248894730202,-21.711953462864216,11.161050033766367,11.155146718811643,-0.005903314954723626
17.04690211064151,9.728215163747493,11.748230481765072,11.679368554109114,-0.06886192765595744
-24.306382606572768,-26.433614319022354,11.280458080440956,11.327658503684654,0.047200423243698
15.132620794111737,-1.2118977831321374,11.53653663662553,11.514993312123737,-0.021543324501793748
-6.572277567054186,-20.742171815673885,11.607554268438724,11.60726826801302,-0.0002860004257048132
20.480004535134945,-18.578113644906722,11.081812909942172,11.118703884373183,0.03689097443101019
22.177100482025928,-13.48539063725805,11.152334771843764,11.194819614844672,0.04248484300090816
-15.659808399507007,-5.1373796865587025,11.236864695486224,11.243157913868044,0.006293218381820509
-2.102359382867732,-6.140056438707013,11.256733204081119,11.250359363213606,-0.00637384086751247
-17.356649821486528,-11.540934385137227,11.312201763533551,11.30396479333623,-0.008236970197321725
8.461002167599773,-30.264702385769525,11.368735036295309,11.350403118051698,-0.0183319182436108
-5.533712132981442,24.07919725497743,11.167060576031137,11.154633690608536,-0.01242688542260062
31.18564192146996,12.311313620315616,11.523871006079245,11.472980506215386,-0.05089049986385952
-9.280072053139051,-17.888254573278246,11.144523951446743,11.147220070202103,0.002696118755359578
-31.616919729424467,7.737118650142712,11.07576822012009,11.09246322140309,0.01669500128300072
-16.126495942498657,-17.715276487222717,11.093364265918048,11.08305988884585,-0.010304377072197113
-10.721450483934802,6.255035178667882,10.941452766987663,10.941744145550656,0.0002913785629932164
12.17290812640973,-12.921263769012349,11.427244186246075,11.400653384590735,-0.02659080165534
-13.816420251617124,7.202497498219969,10.951522528548866,10.956137362402098,0.004614833853231914
16.096101039155528,-26.510188452776426,10.992472739982539,11.008804057279672,0.016331317297133552
-16.809798768509197,20.86229830068047,11.005942167006776,11.039766310694638,0.03382414368786257
25.27361251721618,9.037345725590583,11.503493376845826,11.469704261978436,-0.03378911486739078
7.250069988385576,-31.841879147909054,11.398900299121916,11.403737105251972,0.004836806130056104
-26.909537531299407,1.2543705010797268,11.132123482534716,11.132631050803518,0.0005075682688016059
4.8762360095792445,-17.74465418313681,11.633193395009648,11.628932901993046,-0.00426049301660214
-9.611704058508948,-12.947762538805272,10.664261488725728,10.664304406772404,0.00004291804667566623
24.115040117597687,-6.35816104810857,11.334999335038301,11.307301770428134,-0.02769756461016648
-30.806179222819075,25.22712370387221,11.490340681341479,11.478720565714804,-0.011620115626675087
-20.396094464848325,31.54559354149668,11.39597027157363,11.389894234918593,-0.006076036655036532
29.241510418037777,1.8059666527001923,11.277955345144678,11.295505741547556,0.017550396402878476
0.04670933317755299,17.55210936704944,11.309468315218295,11.277180930833845,-0.03228738438444978
5.882412285940504,2.0980031899777103,11.481373953859235,11.432609975183823,-0.048763978675411934
13.414632977831587,31.851004364648468,11.356311893831803,11.333757073741037,-0.02255482009076637
31.27485450281233,23.398121235018372,11.534823123939809,11.533540703876518,-0.0012824200632906013
8.73634671008596,-3.3026141764003825,11.53792565576537,11.512315655623148,-0.02561000014222259
-21.31871883015456,-10.644334149802013,11.336637907306297,11.2928434670009,-0.043794440305397586
-29.891394429858536,-31.465513230735063,11.385648304550879,11.421154806025948,0.035506501475069285
30.667124254824294,8.568337353660773,11.471010776124807,11.426979510348207,-0.044031265776599327
29.91476666404826,-8.815899563812565,10.954659801229349,10.9948215980575,0.04016179682815135
-19.481358934278198,9.014705787067726,11.008815860148736,11.04576087562657,0.036945015477833465
-5.891893462826445,-19.719856111722457,11.612374771619828,11.6122598177477,-0.00011495387212789865
9.865005709512445,-31.133647039709167,11.269810812656143,11.24147754111465,-0.028333271541493232
-20.35034269655869,21.460289541425325,11.062479898432906,11.078648433464082,0.016168535031175324
26.179203309674108,3.5735960056135596,11.510169712313177,11.47617239791127,-0.033997314401906564
-19.58275858472507,-7.756070126867158,11.25529701517343,11.262787244555929,0.007490229382499436
28.48563159447405,-18.064245255920525,10.94461021493735,10.946422700791793,0.0018124858544421585
-4.1741185351733066,0.279791773157541,11.157651387733715,11.154637772413125,-0.0030136153205901905
-17.86933361863577,12.456147917492693,11.039027341570739,11.063404451057517,0.02437710948677818
20.193994217908894,5.613329346338155,11.440233754446293,11.415476262469708,-0.024757491976584944
-31.243870707018928,-14.914154164213258,11.212790740760234,11.220588797712901,0.007798056952667665
18.694034947933794,17.67783680701327,11.905923191753182,11.838221867579877,-0.06770132417330466
-9.183389806967952,-6.641465891354329,11.169770653671154,11.14797097585455,-0.0217996778166043
14.702789431189458,7.984483183998179,11.605312084036989,11.613354650373486,0.008042566336497359
-3.174955873111635,-28.287091946913826,11.718451000281664,11.696785208994608,-0.021665791287055924
-17.98273156601224,4.747720745549607,10.957963258007448,10.983694971962773,0.025731713955325475
18.89937299672865,31.628416831041832,11.35811262011476,11.358413738499202,0.0003011183844421339
17.441484284348448,-28.426976744102895,10.894916549136763,10.946900709172573,0.051984160035809523
-0.8303512600428533,21.100817744933202,11.236409468275909,11.276884981551971,0.04047551327606236
-23.584321372566855,31.8129927241514,11.383925772634836,11.390223343075878,0.006297570441041955
22.81156273471423,11.210365050553328,11.508018086941549,11.483054777700945,-0.024963309240604303
-17.42053506705382,29.124657675165636,11.381071889280264,11.363465463723076,-0.017606425557188388
-10.26044044770758,23.82858470208712,11.197168685170247,11.218506871615775,0.02133818644552754
-26.488714242181764,-14.671580993464978,11.248543940932016,11.252869871592223,0.004325930660206367
-0.17314084735939872,-6.551290080619296,11.321476999801874,11.316660061142716,-0.004816938659157444
16.426241306754477,11.599953802919437,11.901663000032656,11.891456398206536,-0.010206601826119766
8.162924471111644,-3.1978007232796415,11.540860171651026,11.499712639243764,-0.04114753240726188
-24.78719020356303,-0.6751114578796376,11.11857728446527,11.121279523171983,0.002702238706714155
30.16014227950076,-23.229992052958714,10.941924999749864,10.922415648396605,-0.019509351353258708
30.80418390339196,22.88794705562924,11.529482113403112,11.526036831514993,-0.0034452818881192115
22.96302749743011,4.148408021035266,11.448497819865237,11.438167753733904,-0.010330066131333027
-30.166540310861805,-7.160944166672834,11.392355495178025,11.333102527004511,-0.059252968173513665
17.89072436198869,14.394434065787323,11.924418648781849,11.922434634390338,-0.0019840143915104136
-17.71240605490948,7.899673993857277,11.004797484171315,11.017483781508698,0.012686297337383579
-28.090601299768956,-26.724467231187816,11.307985990590588,11.323851947999993,0.015865957409404885
7.276729958812602,22.667790329818033,11.160320207489388,11.154842828169675,-0.005477379319712483
-0.47752913830762367,28.569924745109418,11.182360621881877,11.167698637501918,-0.014661984379959137
23.62460762943205,2.478909492447997,11.44679052010688,11.454187214900106,0.007396694793225578
27.857188376149537,-10.89521169715156,11.004500419866913,11.019124627310909,0.01462420744399573
25.255243152215684,22.92002626210366,11.810345677737375,11.811454887228614,0.0011092094912381611
11.618192979015113,-7.248527277710814,11.512893267742474,11.511155344268385,-0.0017379234740886318
26.088705403758738,-24.25009551539265,10.926542049875557,10.900126711419796,-0.026415338455761272
17.316751355355137,17.279828424967015,11.867799520301531,11.850691880769581,-0.01710763953195027
-25.737011108639273,25.235188049739904,11.240603511350166,11.235788622803769,-0.004814888546397
-30.777101394618292,-13.666712153689566,11.21606643297837,11.216254838508464,0.00018840553009447092
-25.862226857478035,2.2777373883361776,11.08175120065775,11.072635275052031,-0.00911592560571961
-18.133851564295767,-14.034059498381282,11.318376194798597,11.279346867971721,-0.03902932682687599
9.300672523851183,-26.522927974278645,11.323552952111465,11.32973519459105,0.006182242479585653
6.4395970889443035,23.664745400469428,11.25374041279098,11.250652652535157,-0.0030877602558234685
-27.067846046257834,23.506462246966606,11.414528222059953,11.393635002928841,-0.020893219131112417
-14.814036283945796,-11.067745538843454,11.383273292794954,11.367021462203937,-0.01625183059101687
22.165041687836144,-28.919891452671628,10.943683931087522,10.925482611283881,-0.018201319803640814
23.20522067939939,-2.603927705491486,11.474776459455295,11.447784214973776,-0.02699224448151938
20.727515312406105,-9.620535982329258,11.409609979899681,11.378266883755916,-0.031343096143764626
21.734997874370848,11.654411032130099,11.586025220406652,11.579008183545506,-0.0070170368611464085
-16.439905020749876,-14.552711834823434,11.320096482698267,11.338858059976852,0.018761577278585406
12.994149840987475,-31.566906937729463,10.975605873357058,10.966242384960522,-0.009363488396536113
22.58974922270965,26.532627148577056,11.573635175875033,11.5922971556688,0.018661979793767713
10.492151319323021,14.158440333457271,11.670190043716342,11.648557733022269,-0.021632310694073453
29.616232841475885,5.936387538104988,11.458979543422837,11.440150505502976,-0.018829037919861236
-14.344336140004856,27.53870068957361,11.268313675409432,11.270147830084102,0.0018341546746700743
22.03149667737071,-25.075069647725066,10.917981955447349,10.939709814529857,0.021727859082508516
13.825807423644761,21.63541521151312,11.44079041257146,11.428311586360314,-0.012478826211145488
-13.234548159562841,-15.45038945037868,10.64792802114788,10.622919301170434,-0.025008719977446248
31.906043996922044,-25.30198076851226,10.932758721015936,10.921375121739446,-0.01138359927649013
12.950145066023353,-9.886893351037578,11.372268102444266,11.41986667850423,0.047598576059963094
-17.670779433306663,16.79585382596747,11.033965264824904,11.016026355753157,-0.017938909071746778
-13.094206196383716,22.010519047865785,11.06226378702396,11.080132305957969,0.017868518934008648
-12.624428832862748,31.53330225648792,11.267683510196509,11.26957246826228,0.0018889580657717175
19.962335712758602,-26.57470473017886,10.904518660745232,10.937662553377683,0.033143892632450545
-24.94214296157626,-14.475783344693177,11.334800504061594,11.281031565980634,-0.05376893808096028
-15.244639762162855,25.337820860009458,11.203263853494066,11.18632599030055,-0.01693786319351709
18.143819013234754,30.98865505961554,11.470314796171126,11.47175865043856,0.001443854267433764
-30.93135806999502,30.938805676402836,11.501197206637555,11.493902421606968,-0.007294785030586226
-6.826357985782792,29.231104536661626,11.139104441580399,11.133814956795725,-0.005289484784674059
-19.117497179056883,-12.206355948810625,11.28865249676991,11.301217484370486,0.012564987600576671
5.722748424809659,11.22794626426829,11.177175473898,11.201186495543318,0.02401102164531821
6.971958440330155,-10.709775699342032,11.431384362148027,11.446720011437105,0.015335649289077935
-21.766859614821406,-29.641937437406483,10.37416896759739,10.374052675449137,-0.00011629214825248368
7.698706594350611,-0.679141610362521,11.52585512323857,11.518752663357462,-0.007102459881107137
25.94043974646506,26.314702581993657,11.83459067132026,11.816773523140181,-0.017817148180078846
31.290168231817674,-5.643510530385228,10.982427764195315,11.005797788272318,0.023370024077003393
-10.26487555850165,16.143105965302837,10.901639205888946,10.91609366797173,0.014454462082783337
-21.338274207069176,-10.625942519175574,11.335841392762099,11.292690863238514,-0.04315052952358478
1.1571204415200853,-9.448777362715575,11.357701074102199,11.33643132224074,-0.02126975186145863
15.219497948504795,-2.338715593249738,11.510919564322608,11.469758223910878,-0.0411613404117297
14.279321072059588,11.909939939906515,12.035372858523859,12.033746218338237,-0.0016266401856217527
-23.891798985102632,-23.31292461091629,11.341468281203488,11.345799883684055,0.004331602480567298
4.64382935324582,17.76549767184283,11.251016157033842,11.253026971671922,0.0020108146380799496
10.037276690750112,10.601158711543945,11.498478506774335,11.45763557876326,-0.040842928011075585
-13.040065362187256,-28.80112736213526,10.609540764552431,10.595878709503587,-0.013662055048843769
26.278596005215235,2.4004122130513323,11.510002610715963,11.445615915781342,-0.06438669493462079
9.703046367677338,25.498129015298062,10.994512782695288,11.016733321852074,0.02222053915678579
-27.50289589046193,20.173726882576325,11.48297176435534,11.488030216885635,0.005058452530294133
0.4074218454752625,-24.210575242927035,11.774809967444753,11.770740503731737,-0.004069463713015864
3.075722726839963,-8.407332166624073,11.435378089610658,11.378028548091022,-0.05734954151963656
-15.85275610666627,15.963655080804557,10.944997416659213,10.950842130545682,0.005844713886469677
16.300343300214628,-28.71018049801001,10.936891521187432,10.945437306250982,0.008545785063549971
-10.368127341097008,8.477663235096998,11.070991674305697,11.067904635247364,-0.003087039058332408
6.888020018439086,-29.74790729654422,11.29094170245413,11.373354102502612,0.08241240004848116
11.077582756587468,23.189165211183052,11.18948974117968,11.185707799484067,-0.00378194169561219
-11.241869686197987,14.05940349588085,10.920817114916066,10.910800528642602,-0.010016586273463801
-2.395862470546696,-20.475478288247707,11.931754481574496,11.907931086960945,-0.023823394613550875
-10.546894102667906,-19.65601842688961,11.144718247997305,11.161562304776407,0.01684405677910128
-20.229264358528646,17.88232591501552,11.07368637373353,11.110291497176675,0.03660512344314526
-2.9964816159268963,9.164735179658457,11.0361556924919,11.116173970338643,0.08001827784674376
-26.29990576680354,28.664746173417996,11.329403430613073,11.32124409309858,-0.008159337514493714
-17.697671428855763,2.1079865457503075,10.982060979798627,10.976216842610363,-0.0058441371882640425
24.263012916635844,-26.294815265730676,10.88256666256481,10.892556953998795,0.009990291433984666
10.9460847383869,26.69672648250924,11.075458574995984,11.131445764651996,0.05598718965601179
13.523726861205546,4.205992295823101,11.538885564534295,11.532551631188264,-0.006333933346031273
-0.7642433810678355,31.416582117748668,11.157879091300693,11.144492746524794,-0.013386344775899062
-29.630418326058766,-7.320895874820621,11.379741726229025,11.331814232465245,-0.047927493763779694
9.759719152801274,18.628976918285936,11.522378734226848,11.527303802275442,0.004925068048594383
23.834237334071226,9.72796057473547,11.454829103120506,11.455183734087873,0.00035463096736698674
17.187475171161807,-29.676981097206657,10.897551682228578,10.926990037977198,0.029438355748620637
-5.95936987178397,-21.153797383958498,11.697068200475963,11.697048250843702,-0.000019949632260818362
-2.973571311974368,23.852993589034924,11.143684502705785,11.15437229698489,0.01068779427910549
25.290098246479424,-16.618667561984005,10.95607812745228,10.99961726606456,0.04353913861227987
-31.314765241194827,-19.93369040179777,11.224294506157918,11.212700615678301,-0.011593890479616675
-4.2873748632546835,15.95212124794827,11.007047418349128,11.01048649387755,0.003439075528422819
-31.34769951891451,20.663277441524272,11.583444528753553,11.57751438402754,-0.005930144726013609
26.754077684172394,4.425142159777543,11.51255772964172,11.491263788919834,-0.021293940721886173
-13.249190500220287,28.24704509106423,11.308041938337125,11.272858142049717,-0.03518379628740753
20.28833759463334,27.290105441328215,11.511664504117899,11.493077389078637,-0.018587115039261803
10.328580390484035,21.066344571440823,11.33730977241094,11.339491504858652,0.002181732447711582
5.059844877786119,-22.169988683518874,11.387466209577891,11.412201244286234,0.024735034708342596
-9.568108690162092,16.780095733779305,10.924311605690566,10.940315172393897,0.016003566703330918
3.670763579181134,-21.5701376884818,11.505312501729502,11.579718666977726,0.07440616524822374
-2.5399726851177746,-23.029257748709753,11.955449791360493,11.927039214596265,-0.028410576764228423
12.783448739553194,-15.667824195693171,11.405160916031955,11.386594385281905,-0.018566530750049992
-17.9794856693276,11.758328519702701,11.032984112493459,11.072936281201036,0.03995216870757723
-25.82397274707025,-31.631282884613462,10.970988643892895,10.979549872025267,0.008561228132371923
30.1432136479916,28.259493440758284,11.647349775019975,11.66881320223625,0.0214634272162737
-30.540876376319346,-30.875401288654167,11.398277488769207,11.449720225771205,0.05144273700199875
17.924351087862455,-3.153638034392401,11.398281942983274,11.389947504316638,-0.008334438666636856
-31.63274734562968,10.43268723673372,11.199449904125999,11.163269457209633,-0.03618044691636513
10.204379859898829,11.660878478609504,11.561727944311695,11.542082309642067,-0.019645634669627654
-27.494537812504824,1.772151120187388,11.114858597845584,11.13209916397865,0.017240566133065016
-30.436065770632254,-23.857972721157182,11.28859564091584,11.273983674504693,-0.014611966411147037
26.13950956714907,12.231879590417456,11.470912197038212,11.472303680180469,0.0013914831422567886
20.845824299189545,-1.64353500334132,11.428350157595869,11.429266346542372,0.0009161889465030271
27.023206166103066,20.114426688997064,11.5359092934331,11.567532170549999,0.03162287711689871
-24.186931235376356,3.569514981373999,10.999671108006961,10.988244617173942,-0.011426490833018832
-23.292462490337655,-18.008853820467316,11.297428001331177,11.31173687526916,0.01430887393798308
2.9349870723263365,-7.28257390616254,11.425465029443508,11.378976495906308,-0.04648853353720028
20.60972199743199,-7.001257286975388,11.425832674036098,11.421307446856794,-0.004525227179303926
-16.432772107806286,-14.162603226641089,11.303276032336777,11.312447949308543,0.009171916971766336
17.507515397380068,-20.966522369357413,11.11966638783566,11.161417517519828,0.04175112968416883
-4.671960588259346,21.31579832588939,11.297236371266541,11.283677738074935,-0.013558633191605551
30.468276604288697,16.320263399444052,11.517844010590036,11.502343029267967,-0.015500981322068341
-26.344117505796035,-18.493003824722955,11.277583848148108,11.270285167957379,-0.007298680190729101
17.27578525190328,14.710066229935364,11.940178812078432,11.953570914592587,0.013392102514155013
7.12545008097748,2.3105977481912916,11.503217674594389,11.4530881454755,-0.05012952911888924
-23.00945976603338,17.56583408031269,11.184773130065384,11.177371708273258,-0.007401421792126328
-0.3657722923427542,29.74719116901956,11.173174456565818,11.158734995740028,-0.014439460825789396
25.399970976121345,29.421529976307077,11.79991662399337,11.809646433901904,0.009729809908533227
-13.439426459466404,17.849924452888004,10.914762704739632,10.942253083988644,0.027490379249012875
23.47009850488793,10.98563222087219,11.475322367471957,11.455928826002244,-0.019393541469712616
-13.402433738430915,-2.774580629688387,11.064073543997537,11.09361201973398,0.02953847573644275
-5.806657333893291,-14.244759020922146,11.186545001323324,11.18995382782212,0.0034088264987950367
-26.12742757081373,19.63847911509447,11.357177396609071,11.350828959771537,-0.006348436837534166
4.3936258680280815,6.142883402363367,11.346875898595862,11.307290191285382,-0.03958570731047928
-16.381277746293122,3.1552351808994175,10.991861235765775,10.986000510301851,-0.005860725463923799
-17.18774168153319,29.379525047404883,11.37798417952118,11.364095080607044,-0.013889098914136255
6.706778229074693,23.782184536899436,11.226433317203698,11.217677819329015,-0.00875549787468266
-19.490817198403498,11.620317190351628,11.035144626083834,11.064713880100559,0.0295692540167245
-23.173690265161923,-30.635418064048366,10.504440294101006,10.566413601199649,0.06197330709864346
14.206294877265869,-30.18194167846542,10.974764554020135,10.987704504354959,0.012939950334823536
27.58718597493879,13.58158562734414,11.49159930327384,11.488473046593311,-0.003126256680529238
1.2645708721968774,23.55888695015117,11.219849910929781,11.24469777373432,0.024847862804538323
-8.113174109107618,30.79144318965743,11.145330090882103,11.147019254503563,0.0016891636214602102
-31.030296728582826,-17.02090747971718,11.224264951039116,11.215519231944889,-0.008745719094227056
-0.5271242628734925,-6.186161860365232,11.30892485260119,11.305327398045794,-0.0035974545553969506
-25.868704442940015,-10.923448419906954,11.344284237961912,11.344954487502138,0.0006702495402262088
-0.513379708353682,-19.071915044715148,11.855605754332533,11.881064364535765,0.025458610203232368
23.74165941297734,15.967453506900704,11.61180665058835,11.600169367497081,-0.011637283091269879
-20.488670590601366,1.9214846498778826,10.956954331286568,11.016878196859468,0.05992386557289997
19.680815726149802,-9.098913238877458,11.418381160223799,11.412723696054904,-0.005657464168894677
-11.67448107464304,3.024856069899762,11.022131170978124,11.014663065080954,-0.007468105897169508
-8.655948902043122,17.771593730381248,10.931016012571146,10.984419673215807,0.053403660644661954
-1.2525000774367285,-16.918282258430438,11.913325426976181,11.896525110698544,-0.016800316277636895
-0.35991951762444074,27.378015124599685,11.185680985681723,11.177408352220311,-0.00827263346141116
-4.925959672528236,10.436769374549861,11.03032051519625,11.0609889074122,0.030668392215950746
-8.163673645098449,19.013319500535545,10.980236741852023,11.031869601460352,0.051632859608329085
12.371285668281374,1.0265880975326453,11.512547182325733,11.524066857077997,0.011519674752264564
29.923505404743686,-14.877642832218704,10.943497244975937,10.974052432871304,0.030555187895366487
17.414095746824827,-31.61952656382448,10.878348061157729,10.90640338281745,0.028055321659721244
-21.11764658990389,4.422735674502455,10.978399040689762,10.985390695916319,0.006991655226556759
5.010757101497028,-25.093394343569713,11.37774702315194,11.412785561581458,0.035038538429517985
19.08163473283011,-0.12330623639200411,11.420197544424619,11.489672157348197,0.06947461292357815
-6.247832263924678,-24.59027585270006,11.896254949233503,11.894593064079743,-0.001661885153760423
2.736573323728713,-25.813812194469826,11.407657842705817,11.423917136655444,0.016259293949627107
4.916463238198837,-14.134171509899772,11.557918528146502,11.59985150142073,0.0419329732742284
22.143223107192647,-31.78681110522278,10.940864845465828,10.890452271465772,-0.050412574000056054
-23.725717963869485,4.0114737499743,10.974856728423951,10.969689933481884,-0.0051667949420668435
23.824951519095393,31.092689933341994,11.574343187474595,11.580898172222664,0.006554984748069259
0.3258444596362935,-20.15774846066096,11.801252790361081,11.766260018603797,-0.03499277175728466
13.08176016612498,-1.2517446650500617,11.590288635009669,11.563952253381313,-0.026336381628356165
15.909674659004295,-13.407837650970158,11.340424998176612,11.363121367047116,0.022696368870503747
21.58430214652453,-8.396118437899673,11.41013983163164,11.413315072347757,0.0031752407161178553
-7.668331933843227,-4.729955791088635,11.145364040651168,11.15120453739825,0.005840496747081758
21.77881845424281,25.795969341120127,11.542902544616727,11.526705738514046,-0.016196806102680483
-29.893526987615516,21.4126561484847,11.709483113776852,11.6912184910945,-0.018264622682352183
-21.027313581549812,29.087031829623122,11.469723099317228,11.394354522693547,-0.07536857662368135
-11.726751682082345,-30.402085928652753,10.549069612853458,10.54522431958983,-0.003845293263628591
-12.723177209489393,12.370851432293755,11.014024784562283,11.019748946303377,0.005724161741094136
-16.842182054233064,5.874692211514059,10.978667573218845,10.990676439444726,0.012008866225881931
16.835860018462213,16.261362717568417,11.875474702973042,11.840754068906632,-0.03472063406641013
-7.127379202132936,24.025384292599725,11.233135359480123,11.193021413124661,-0.040113946355461394
8.778617094868714,-8.678688497945693,11.517581403974164,11.473164181129627,-0.04441722284453675
25.226218430019067,8.250973947669202,11.47845195165417,11.471250661234157,-0.007201290420013606
-24.64553822763957,-1.0584992949072358,11.108607982721058,11.11555452775636,0.006946545035303231
26.94273384449739,30.127538680095306,11.839935758722717,11.813838008354073,-0.026097750368643702
17.349686811985222,6.630330600596565,11.526540596309767,11.539417487859357,0.012876891549590042
27.391020569850326,14.21549836646291,11.499493194984971,11.484240031776821,-0.01525316320815051
-31.78601772209729,-6.109676674902268,11.3867598665056,11.367663978306958,-0.01909588819864183
14.782193794818454,-0.22625845105211795,11.546159449719225,11.54179632911354,-0.004363120605685111
3.035801764176931,9.722712342900607,11.174929686773828,11.196791525891566,0.021861839117738313
-3.6543889418281097,15.769199232025898,11.024099497768429,11.034388282073321,0.010288784304892218
12.357155161136355,7.057915653059389,11.528488082345003,11.517140576463476,-0.011347505881527553
-5.102707183337465,26.248353071488552,11.137681931121424,11.123199559994736,-0.01448237112668771
12.053401877981578,16.56256113483152,11.707061158165956,11.73045875026306,0.023397592097103015
18.589072087279455,-10.881088978578681,11.391854225632176,11.399200954635011,0.007346729002835062
-11.746940034533594,28.521894800442553,11.268475152251938,11.241858943410328,-0.026616208841609534
21.739960049205884,5.840676774592566,11.425468083548433,11.412827646675126,-0.012640436873306626
-29.89463851196816,-13.054359938557077,11.201601798831204,11.218537349675557,0.016935550844353386
-5.512267892487003,-17.296662372534485,11.476446421819343,11.477831818956409,0.001385397137065425
8.285284604751062,17.819327995925313,11.533229589900756,11.548286788667278,0.015057198766522006
-30.178592344080982,10.044987378025283,11.200399145639159,11.168516674023198,-0.03188247161596003
-9.436271217017506,21.837056746669425,11.197619927977279,11.168368820065638,-0.029251107911640872
-16.710794272372397,18.251869169528007,10.99344670708729,11.012339056201009,0.01889234911371851
4.225377211978845,-6.519624996193976,11.464593766726738,11.410355846566741,-0.05423792015999673
22.77881924746569,9.97346709066197,11.467892421740121,11.460743027048276,-0.007149394691845501
-16.17674345690083,19.5322570795065,11.00013100651858,11.018284395262297,0.01815338874371797
-11.577584616565503,-28.25973843393004,10.545212119141029,10.545212092443657,-2.6697371424688754e-8
-26.606062131137676,-8.967455981727838,11.323991332313913,11.328270000894259,0.004278668580345979
18.317993747902094,-10.007601645506675,11.347778215185052,11.383064108901705,0.035285893716652694
18.20817090687421,17.117249605769025,11.898704630954596,11.835792956124227,-0.06291167483036908
-27.629695298880158,-12.409693196113409,11.28990167176039,11.264579169420946,-0.025322502339443886
-12.125232335588848,17.15816173886791,10.90748781625225,10.910174719826422,0.002686903574172561
11.71084576028531,-6.29324490152846,11.533001934067414,11.53201260872259,-0.000989325344823655
15.610322070754854,-25.280847008329637,11.066785129436052,11.081712114897408,0.014926985461356068
23.374297777314645,14.687274248878282,11.591509319379146,11.595114966239674,0.003605646860528111
5.701696535385317,-29.818025242301985,11.374254411329506,11.371983493914545,-0.0022709174149611044
20.367256964659703,13.880401618295323,11.70087506811374,11.687702085716275,-0.01317298239746556
-26.452920462940426,-6.861151984816459,11.284451515171167,11.257662618921096,-0.026788896250071303
9.065631419145603,-2.9486318713383497,11.550744592425408,11.523849894466965,-0.02689469795844346
-23.39820627850485,-26.101745102859894,11.218575650769385,11.22598423322622,0.007408582456834623
-5.409928173043234,23.829415481283647,11.176780311835287,11.167923693053607,-0.00885661878167987
3.9034455163492936,-22.621397683316516,11.44299440805434,11.50202341498124,0.05902900692690061
-1.3697006594967363,18.98103156800704,11.260182366210918,11.295547613445757,0.03536524723483936
-25.943569794444976,-8.706020985999288,11.315028848031796,11.313482711151831,-0.0015461368799645214
-9.270991387500992,-7.331291069725729,11.030192028546068,11.052415938490114,0.022223909944045772
7.101535911442866,-31.455430379717853,11.380921817567762,11.400604928403423,0.01968311083566121
5.970894783676279,23.6903894371223,11.302783428365354,11.303528226797885,0.0007447984325317236
30.26608014036192,-19.807329914662944,10.945495180396009,10.940004801454688,-0.005490378941320984
19.78680272106405,-20.10668591396076,11.086476984637295,11.09461296007265,0.008135975435354936
-13.77490435695627,-28.283156160457544,10.639652258626562,10.588315485968115,-0.051336772658446606
26.61072310829779,-17.31845586933195,10.925340943050536,10.965002612157525,0.039661669106989095
11.564783946648014,7.29345202240043,11.478192308716796,11.49065173655996,0.01245942784316334
6.21130928595305,-31.87460841945937,11.372000647383784,11.40097977313333,0.02897912574954553
-6.624431362747231,-4.038220674802979,11.146262580081483,11.150415157933988,0.004152577852504891
0.18147228021844342,28.474645759068615,11.19049957947463,11.17198520008001,-0.01851437939461853
30.727321315454454,15.966424993976148,11.51944196254495,11.501720544092331,-0.01772141845261821
11.960487039950756,-2.7637149223701627,11.56079301353235,11.564514993275626,0.003721979743275483
11.93113445152185,16.246898559476378,11.73946277783948,11.747859607082866,0.00839682924338625
30.3092786747956,0.3967026742571136,11.176190633187558,11.188025782605811,0.011835149418253366
3.812338939987413,-9.182233453075305,11.466259356792666,11.39777555706358,-0.06848379972908525
11.188358944181218,11.06621831118489,11.670761280239889,11.612169769364808,-0.05859151087508074
15.035029529125886,25.16736421246268,11.265031513291582,11.282782701968543,0.017751188676960794
-14.219051227053718,12.338552875815026,11.063514939974972,11.040562926972289,-0.022952013002683458
17.63594010662318,-8.286019093747939,11.35363774689697,11.354741191839135,0.0011034449421654102
14.99436646259636,-29.474733261565817,10.959815983502192,10.978920410367328,0.019104426865135693
-22.64755820502551,3.0734046860172697,10.962073656521182,11.002658090576121,0.04058443405493861
16.122929473386733,-16.47390343253013,11.395439203810632,11.386480750750247,-0.008958453060385452
26.40093573431877,-1.003764142246098,11.421689296250518,11.352143022002236,-0.06954627424828175
13.155559363412841,15.761467670670037,11.794348242158803,11.787550073521125,-0.006798168637677904
-28.620028151261593,28.71279410966799,11.383827639597094,11.383827393173624,-2.4642347007386434e-7
-23.076224040061717,-2.3290271949243646,11.05389245296998,11.07720127669274,0.02330882372276122
21.22262980285354,13.342638932315623,11.66713696354898,11.644310842150588,-0.02282612139839202
1.7560311840679645,7.125714000584672,11.282029774716534,11.249443453427522,-0.03258632128901162
29.378804623310565,14.703843509757988,11.49279094544036,11.498134414342157,0.005343468901797266
-6.9321457335788566,-17.600499772090366,11.365243848183162,11.36035555505456,-0.004888293128601617
28.780552572304053,-31.3410495561118,10.894790045337018,10.875165303992786,-0.019624741344232532
-26.002742063106062,8.053451955645869,11.166557185333028,11.144742185149436,-0.021815000183591948
12.129169976198448,15.284423725463341,11.837734656153952,11.78741707234239,-0.05031758381156237
-11.966644589047988,5.635429818568802,10.931826325599358,10.910670774420371,-0.021155551178987153
-15.982217712610193,15.832764694348967,10.95062388335296,10.958007524324026,0.007383640971065475
31.61855283666513,22.360709285937354,11.539669710483299,11.53106942869842,-0.008600281784879371
8.03659994409167,5.0557313315352275,11.43775239291605,11.402551816795484,-0.03520057612056604
1.1661961172263418,-8.6894077462645,11.362701928298957,11.343087897765038,-0.01961403053391919
-14.5409946528247,-3.333815268201249,11.168147546330344,11.150786214109083,-0.01736133222126135
-24.912996321597973,-2.5168999730871775,11.10037560738535,11.112724788725759,0.012349181340407966
4.602958329913967,10.685329566561876,11.187644698152088,11.1669754631665,-0.020669234985588147
3.4751991675073626,31.74089364936046,11.198534957581924,11.186611652313251,-0.011923305268672024
4.125749881620202,-28.662684143236774,11.421914694692493,11.417699065607469,-0.004215629085024375
6.136290952990443,7.887003361442289,11.29963425257956,11.297670980057822,-0.001963272521738446
-4.841202127353796,5.964815242288267,11.161270377220095,11.153823489469302,-0.007446887750793607
28.46866368660485,-25.984087364850673,10.915629397445821,10.904764245251894,-0.010865152193927585
-20.319348640486844,-5.109274131856928,11.13500090559496,11.164039835635187,0.029038930040226063
20.392543243102878,31.051423512423042,11.423011391910673,11.436321727060095,0.013310335149421704
-13.787696116523023,-7.764117515849705,11.29006641167519,11.288501635340365,-0.0015647763348241028
18.79395341309911,-3.1579079832944714,11.408281026159964,11.389616950089422,-0.018664076070541213
-10.386797217574497,-14.56242204775058,10.744859950217037,10.745141194720778,0.0002812445037410072
20.107785187030196,19.33705691221318,11.870038907232503,11.845745128501799,-0.02429377873070493
-10.92166603938255,-10.948107245648536,10.430119618671336,10.419480199627726,-0.010639419043609877
-25.519627493939275,-11.990835147114034,11.350243951829851,11.305395845060408,-0.044848106769443064
-8.019715404096779,27.445485456104763,11.121391460718751,11.179707797522752,0.05831633680400117
5.274445319346519,30.077201585184085,11.238636908172698,11.228209697543873,-0.010427210628824568
13.15414427166386,22.913055607054844,11.315978194987018,11.305757938787682,-0.010220256199335864
-22.768055877001018,20.119962037039024,11.177047057642337,11.18600272562866,0.008955667986322524
8.787755457309693,30.843412856246303,11.312442093872892,11.275996876479242,-0.03644521739365025
-2.3504363451600625,27.207067307467256,11.146823224751683,11.15927621954026,0.012452994788576532
29.36531719385882,-8.593687950663643,10.984133384858168,11.011917265570442,0.02778388071227411
2.983074822572199,5.077518428160204,11.385408431396193,11.340662814992612,-0.04474561640358132
-17.96444082241532,-13.299783464858436,11.315032701974866,11.313225353602903,-0.001807348371963613
-22.648022367433,-26.447787221545973,10.866884542737228,10.877092071400465,0.010207528663237042
11.427793138119007,25.0641526255339,11.093012677947115,11.158608883694773,0.06559620574765823
-15.333535412235364,-18.308058636961277,10.854642530970592,10.840476082261617,-0.01416644870897521
-29.889805126944225,11.633688576984134,11.225458000873642,11.218102235165277,-0.007355765708364714
-0.9975859498157718,14.421017357841535,11.112219148380767,11.13028069262329,0.018061544242522487
25.21222096336863,-15.586914577798645,10.976116347232772,11.01571301887589,0.03959667164311753
-17.513685018584226,12.981072939832906,11.045433601133215,11.04732669542047,0.001893094287254371
-29.313019246271637,15.623515693942949,11.151483907435221,11.145011122242657,-0.00647278519256389
-30.44821607169932,-29.100369788333786,11.409174493620883,11.403968777864346,-0.005205715756536833
-31.016151411017077,5.157396700451656,11.122520883472664,11.134454525375792,0.011933641903128844
-15.320816183770802,-1.4023308416518958,11.092560629834264,11.071571296441597,-0.02098933339266651
-7.968839364266621,21.79809702831914,11.217568207185142,11.22180868967286,0.004240482487718467
25.674193131601626,23.967862453602514,11.798111417534127,11.751420699852632,-0.046690717681494576
2.7011309086845543,26.708432721502135,11.229038420963757,11.23696366416856,0.007925243204802257
6.55802140410978,24.572673993968927,11.25566453007998,11.249225765447417,-0.006438764632562766
27.660211702630093,9.191452589878892,11.51637246611628,11.500434226510807,-0.01593823960547347
-21.63621706238623,-16.42628137807847,11.262176312315505,11.272822125022593,0.010645812707087643
28.703339494710846,-30.52685751532855,10.904407229476343,10.880339615377784,-0.024067614098559176
28.62748133251136,4.311018087854478,11.446986161993738,11.447548988077369,0.0005628260836303411
-5.966020432404449,13.563299007366993,10.963105723015525,11.005213901219552,0.04210817820402646
15.954902985381779,-25.124380319425867,11.044883483102746,11.062590030285442,0.017706547182696042
-20.815105691248917,15.876481970246402,11.174132143004625,11.095632066349529,-0.0785000766550965
10.655054621109628,24.302064836223302,11.098628760932925,11.118415830082586,0.019787069149661107
-18.48614557901687,0.6276674004142819,10.948907755568008,11.005507973096838,0.056600217528830044
12.40194016225643,12.958992473390204,11.836590241008832,11.831218735304438,-0.005371505704394153
-8.756887961753698,-14.03099868304399,10.850345899289348,10.85033012858539,-0.00001577070395697433
10.030077098744279,-30.64944131958817,11.287518717274969,11.276558299356257,-0.01096041791871194
-5.6603320946151285,-9.072595062883565,10.957150929219093,10.958328772895074,0.0011778436759808386
-24.206043358136796,2.8417081108839,11.028233680363357,11.01380308909072,-0.014430591272637017
27.646281262564976,23.697032760887446,11.680928189219223,11.689963700947379,0.009035511728155754
0.9336116160336019,16.020509800565847,11.285279023708611,11.251189387148237,-0.034089636560374004
-13.034408826771717,22.47996951317478,11.091419837087338,11.11901146276999,0.02759162568265161
-4.327627405788398,-5.534213666992677,11.180930951470781,11.188420679768772,0.007489728297990439
12.786548016485987,18.545858331449402,11.620714610147854,11.617406372392507,-0.0033082377553466102
3.8527081774681236,23.421120610407456,11.320442674924397,11.309113431549008,-0.011329243375389098
7.767984708718728,6.01903689038366,11.398119320620815,11.373709760446323,-0.02440956017449203
22.25357799251622,9.015390599111093,11.460262266786042,11.464589930442049,0.004327663656006564
22.120432551633733,-11.565095199751866,11.217055872627862,11.274869522122058,0.05781364949419654
14.088551306950897,28.209979406601057,11.301615338299332,11.301954160063604,0.0003388217642719127
-8.718592025710777,-26.36385123373011,10.922693234165983,10.952057552583314,0.029364318417330892
26.786322050697777,5.3272266950775204,11.501166240261409,11.496756717616096,-0.004409522645312691
-9.835924468682904,4.541915998329458,10.962710842906127,10.999728033721063,0.03701719081493593
-11.014985739697806,27.016372028115732,11.26364114320631,11.219696518900218,-0.043944624306092805
-5.411049661769134,5.160266795744427,11.13434076833013,11.123840440041754,-0.010500328288376437
-31.485854786367604,-14.984719678690482,11.205446995854652,11.219378798264161,0.013931802409508975
-1.1493295890510424,-31.235194520993716,11.427140935389815,11.45046523470265,0.02332429931283464
14.27771972609839,-27.261816903734875,11.06066619813594,11.111838455321083,0.051172257185141845
-25.058750703408812,-29.62214721577506,11.069265253501719,11.069706913567233,0.00044166006551371595
19.045712610124873,20.336141720128524,11.790564567835084,11.78827400538636,-0.002290562448724387
10.367438362106,-18.086282496188865,11.39443234206075,11.372155135016481,-0.02227720704426872
26.072755711991128,25.692802166012086,11.812227416908867,11.800480922047793,-0.011746494861073487
-6.306812581436979,28.643502029959436,11.134403050825508,11.127695362481017,-0.006707688344491203
11.105702818753763,-8.983266589709189,11.494050988916685,11.50812140048728,0.014070411570594743
-7.159881810833689,-20.385790080977053,11.52406268626142,11.523642797761246,-0.0004198885001738262
-24.859551768648195,26.66370960197807,11.165044432475298,11.235246041487578,0.07020160901227968
-25.579263185700015,0.3185778095758849,11.135222493722072,11.133121750433583,-0.002100743288488971
-7.79172297430452,-11.028561814092122,10.681542978534264,10.68470640890563,0.003163430371365905
28.068610633335794,19.07028536237317,11.475608462688125,11.488771869625028,0.013163406936902433
12.615879979343141,-26.427974856666964,11.274870225468618,11.263985918446743,-0.010884307021875372
-5.234700635000159,30.39087748814245,11.113822664534018,11.129512341708464,0.01568967717444636
27.43775734694303,18.359459311797565,11.486873753165597,11.502337187652952,0.015463434487354988
-12.155441014556487,4.84107974933287,10.997834600829343,10.95230967176055,-0.04552492906879202
-30.882308138302967,22.54840638644881,11.657009910522364,11.645302394311082,-0.011707516211281188
-19.8044014979479,-30.10959082750756,10.409948837549665,10.410047034997463,0.00009819744779804296
11.672257243279695,-18.53990072869327,11.364745469833544,11.377287690965773,0.012542221132228804
-21.487248661503052,25.78421613915306,11.23487613449209,11.217811689207347,-0.017064445284743712
26.32936544803062,-29.874914373483698,10.944506627946751,10.89276518976974,-0.051741438177010934
-25.938950123656987,-15.131147610670908,11.235033172658406,11.25769897232934,0.02266579967093385
-26.960409913287748,-6.359049284931942,11.279398478517047,11.242311842282282,-0.037086636234764825
7.4587990823232815,28.40669933043889,11.269929925518115,11.25763247928656,-0.012297446231555043
24.300875151286313,20.476207825239804,11.753501401016791,11.783901037977351,0.030399636960559917
-22.71733262511139,-25.52178992282341,11.13510005821471,11.132116635249194,-0.002983422965517235
1.3851225386411556,19.887169589530444,11.308890861359663,11.300901950795422,-0.007988910564240115
27.459420476266217,22.79383239558021,11.66673924853881,11.677690196586651,0.01095094804784047
-18.169532394226053,25.935581273968694,11.258877011965216,11.232798957703677,-0.026078054261539307
11.709962835851861,16.312820711311545,11.73189306178487,11.737946493594078,0.006053431809208476
-27.84965482098429,26.477365091685172,11.32589320258554,11.324580186814577,-0.0013130157709628776
-0.6250489538376272,17.74870013614982,11.298341787440009,11.28305641678837,-0.015285370651639596
4.769875131908719,24.192561559974386,11.299729340161893,11.306997799903865,0.007268459741972322
9.431855271980098,6.643748514847644,11.357329750499982,11.395806927338121,0.038477176838139115
-17.692541131409605,-29.799444081581278,10.454169650461395,10.453198783448025,-0.0009708670133701247
25.479574508569627,-3.8632782397754326,11.325831853948921,11.313652064558152,-0.012179789390769358
-11.642376994767567,-5.763877709894416,11.359279574604253,11.364901912160407,0.005622337556154378
-21.562990242824633,-20.1608527490065,11.3089892978779,11.296781495121412,-0.012207802756488917
24.893932500931996,11.222685222985632,11.45441047177076,11.461269673535869,0.006859201765108125
-8.4099770782436,14.325235321205462,10.931186003716538,10.936466606762162,0.005280603045623167
11.144195377839551,2.148530216219818,11.509001068747128,11.480728864124394,-0.028272204622734165
20.043705593296146,-22.420413491344895,10.962791631904496,11.000292567180919,0.037500935276423064
0.3390882528786321,-18.361793623831964,11.91090754675795,11.904728813792769,-0.006178732965182121
-0.3851726463760272,4.611972358431764,11.326102356056241,11.30862506641202,-0.017477289644221017
-22.324524198119235,-29.118749393792143,10.440166455241012,10.44120650864656,0.0010400534055481359
-16.812336034454695,-14.965773847866785,11.327678277692627,11.27784906973127,-0.04982920796135737
-24.637916980400973,-31.21685670453978,10.835213191115693,10.789361399450838,-0.04585179166485531
-10.253598891549792,-2.6458338839396873,11.07055894359948,11.088386903607978,0.017827960008498067
-23.724733614332592,8.531241339383499,11.096632341544717,11.091892171589532,-0.004740169955185891
-20.83538001681363,8.218153465004669,10.983353627751562,11.055816022711683,0.0724623949601213
15.891133229827588,16.326304293709413,11.83505218002712,11.830431189365106,-0.004620990662013824
-1.8928830207869751,16.486605238999758,11.243052800500541,11.186973670473902,-0.05607913002663878
7.269651298972633,16.286214502667328,11.393409602607699,11.394877602805607,0.0014680001979083812
12.035884676265077,2.19614455673878,11.502162887297358,11.519228516378238,0.017065629080880385
-9.131500923126794,-10.070357268095371,10.448894540206105,10.449955837078859,0.001061296872753914
-2.355106399108635,-25.528386952077554,11.800237633509326,11.765910953987472,-0.034326679521853976
11.000567563677606,26.37403340263736,11.06473827905663,11.134656047472275,0.06991776841564423
8.314465972255668,-9.652301520762599,11.494213192262126,11.483368582367346,-0.010844609894780532
-12.768830029742816,13.951100272357593,10.919693204887082,10.927717554367305,0.008024349480223236
-13.300732379604142,18.720864033624345,10.932232949984463,10.95798256690045,0.025749616915986095
8.57742962587335,-29.24767645222456,11.372246121347795,11.3557243931045,-0.01652172824329412
-1.210283981403201,-15.08020467404539,11.78925757368597,11.784157829618369,-0.005099744067601719
-3.8483542769678394,-11.142703147350026,11.127381354484932,11.13880651480223,0.011425160317298122
6.895861863634607,-3.5489672212172962,11.498636538224094,11.480447997380988,-0.018188540843105727
-0.9653301354236064,20.319598756406755,11.245870958630128,11.293529920452423,0.0476589618222949
-31.538975124914366,19.304394371488748,11.217641851689594,11.24857769252051,0.030935840830915495
28.945512917235966,-8.16034633768217,11.01617745913688,11.0288007769434,0.012623317806520262
-31.08324347272095,3.273315421025295,11.1699071202768,11.171209432090228,0.001302311813427437
0.6963544145555147,-7.491499793382722,11.351889809881555,11.341397514748879,-0.010492295132676688
15.506758856846915,-11.018253485081438,11.333797293533177,11.360249949719345,0.026452656186167545
1.5105172666629727,-22.745142503523304,11.638662531119275,11.623770810175024,-0.014891720944250508
28.91058156059723,8.193681195985313,11.534808083356275,11.480332807271443,-0.05447527608483149
28.509016797268373,30.98092214474174,11.8083563504382,11.79673349285521,-0.011622857582988644
19.34967974520933,25.09618022374916,11.474399955382443,11.473207546427552,-0.0011924089548909222
-16.419734555744036,28.23257664251392,11.3253636599127,11.319956368081625,-0.005407291831074801
-10.414486789823485,25.12463310447862,11.257299637245163,11.222673184971258,-0.03462645227390482
20.6903474800274,-15.936219138147955,11.164290024013818,11.172524749882005,0.008234725868186743
-17.91564874896124,-27.70507582316761,10.510244691931096,10.518513766620725,0.008269074689629008
-15.292769653640256,3.6675185798947894,11.00899653928859,10.996892392987602,-0.012104146300988106
7.169696486011311,8.234492476065256,11.304980384937538,11.305112116136277,0.00013173119873854944
-15.861195719748572,3.9240255292284445,10.995401284402849,10.992188248129615,-0.0032130362732338824
-5.888882262009751,4.938874574394681,11.12490906022388,11.107207998993136,-0.017701061230743775
-0.6107494255272812,7.113394883352967,11.247480965135328,11.203943841442571,-0.0435371236927562
-22.32323587468293,6.172631739424375,10.975457337988855,11.036818065274234,0.06136072728537911
-19.03390290142272,30.87737653343092,11.3884876319475,11.393138309538294,0.004650677590793961
-8.460193180510842,-26.085573184110388,11.082725848724518,11.089552073539853,0.0068262248153345695
-31.860127553460764,15.083151290317218,11.206378570458424,11.165518861135508,-0.04085970932291616
21.731860898261502,26.266620107307673,11.531750110365914,11.515528971319684,-0.01622113904623035
5.209593282688111,-4.139325035783429,11.486660397923433,11.456406431382309,-0.030253966541124555
-11.65101663370828,7.501267976925277,10.973204365983026,10.982864748036496,0.009660382053469974
-5.043854409781133,27.224596302343812,11.136461233773659,11.124619785260851,-0.011841448512807773
-22.5246299518128,-22.900004486663583,11.282833960829606,11.276140359825826,-0.006693601003780358
5.572737693868142,1.6948729583214472,11.478155120988815,11.436262483189727,-0.04189263779908714
18.53455944571222,25.989707121240208,11.437764663560266,11.438070815406768,0.0003061518465017343
-28.245073627576126,18.844277204801465,11.38529251917902,11.36448527016398,-0.020807249015039275
21.711267554132597,24.34033462133877,11.669445809023841,11.673139820318605,0.003694011294763655
3.9352695958202233,-22.20736945868498,11.44650907697725,11.52737571209246,0.08086663511521053
-14.205745100786785,-4.867690210672414,11.208642627503082,11.248071517394056,0.03942888989097426
3.980601969644546,3.3298088924694085,11.42832429170086,11.367208009259183,-0.06111628244167733
-24.82964740970703,20.753742495727543,11.301936149273697,11.273199841863663,-0.028736307410033746
8.408607263544802,-10.004038629636185,11.501735039089533,11.49159593487745,-0.010139104212083083
7.50651327020131,29.399235244322426,11.291664453990581,11.265105389772978,-0.026559064217602568
12.50985118432044,-0.017306736720080096,11.525431492723529,11.53371155032937,0.008280057605841051
-7.473565025926803,6.291404900517797,11.090956339284606,11.08082514229526,-0.01013119698934517
10.051537896458122,31.632231344454404,11.301993644894624,11.278044751811562,-0.023948893083062472
2.7206187902308088,10.259353681025232,11.166820360595052,11.178069533182349,0.01124917258729674
22.234260909091383,12.966135337543868,11.594811517052491,11.591198915792063,-0.003612601260428505
2.530586448513958,-25.909691869253265,11.41432987733598,11.425749677243905,0.011419799907924855
-13.030139720812109,10.186094236914464,11.12855554061534,11.114390056420856,-0.014165484194483824
-0.6922317961903062,-1.3474781372823799,11.281845050632533,11.308772882383973,0.026927831751439868
-29.356539732035834,21.334337588175465,11.721888922449697,11.699853105036462,-0.022035817413234682
-11.556803495848605,-16.175272692097167,10.785204843557507,10.78643411690287,0.0012292733453627136
-18.29686081031503,-15.017209031780432,11.313388512690997,11.317485938069998,0.004097425379001152
24.207845242166137,18.20999866302617,11.664402276303946,11.673795773553035,0.009393497249089222
-22.285502475298557,7.796632981354172,10.992544958599979,11.067102138266145,0.07455717966616682
-22.945413287717955,-10.060713431673953,11.330538835072845,11.294540709487359,-0.03599812558548621
8.386318898571254,-28.64919860199548,11.352077631647056,11.338773384355903,-0.013304247291152649
-20.923078997687476,-31.38901114384654,10.378815430205977,10.378815342039326,-8.816665086897046e-8
-2.5201172855665277,-20.967590972817497,11.93991617561565,11.915645447326797,-0.024270728288852794
31.597882204659548,30.020312432757635,11.657609318467562,11.638635478493997,-0.018973839973565276
-6.623142381020912,-31.815673933136765,11.600907623200275,11.591155018182674,-0.009752605017601113
30.960946921382828,4.707148739269606,11.198889446614178,11.272367226551173,0.07347777993699545
17.399730971058595,-5.982249433150564,11.403721312640657,11.39053061190625,-0.013190700734407201
-28.519345387215907,-2.9775220415252903,11.180752609158974,11.214106473880799,0.03335386472182478
5.378594734068159,-20.982479953400798,11.417477921532234,11.426595117513912,0.009117195981678705
26.34681030014245,-15.974529870340191,10.94725021599199,11.004633112504312,0.05738289651232087
1.999634730579828,-3.049300980649825,11.368233391271787,11.386534311326614,0.018300920054826975
-19.082569524048424,-28.818445290759357,10.43295240114051,10.441335082005256,0.008382680864746916
31.71260682082098,18.869610392243956,11.529524826669379,11.524498099055629,-0.005026727613749671
21.23485406779063,-25.105897549549255,10.909422020019818,10.960230458347269,0.050808438327450745
-0.2845833681644194,-31.52584389250677,11.388688052701799,11.399462512509714,0.010774459807915804
-0.7117227477625221,16.539933126504025,11.278789687627107,11.26546635106852,-0.013323336558586973
-1.4059641904343394,24.68608923503833,11.175139266311325,11.175800903758219,0.0006616374468944031
23.551344352785783,25.417173327201276,11.698135629517479,11.690443275424192,-0.007692354093286724
-9.132193113621838,-3.5046203653939756,11.102572323356558,11.109897303708264,0.007324980351706145
-0.4262371655333439,-6.964374863880941,11.315212614909578,11.309923174937564,-0.00528943997201381
13.59925726761805,-26.701534531637336,11.164219221299732,11.180659830129184,0.016440608829451975
6.379300345121685,-8.87456144126677,11.444442653322337,11.437698410190315,-0.006744243132022376
-4.815893558401903,19.03817947190256,11.223323011923616,11.22798358085488,0.0046605689312642085
0.1817991409581552,-23.599746356999475,11.835066157748352,11.832172744827872,-0.002893412920480287
7.789556508093298,28.851664969333633,11.283190300558811,11.240255112378087,-0.04293518818072428
14.86972279522189,2.9796330710416328,11.525342828636479,11.533201174172882,0.007858345536403633
24.401510626191403,-17.704395690953895,10.952348245319275,10.955923228806169,0.003574983486894112
11.210351231253249,17.93661465682343,11.603974298752846,11.617473906102573,0.013499607349727327
10.366867116731797,13.313613582615147,11.626965232457005,11.626964991115296,-2.413417092839154e-7
9.356229709859669,-24.072339061931352,11.379200565671265,11.406153556850768,0.02695299117950256
-23.49512373814867,-0.782481733981605,11.067734295602394,11.093779030842068,0.02604473523967421
-3.15042921868465,19.505999977701727,11.253670819251306,11.313308648247329,0.059637828996022435
22.991606062306175,-19.868348224879412,10.951163091260092,10.953271276957523,0.0021081856974305424
-31.88921693267484,0.8995536725373299,11.258434807182848,11.25691236964024,-0.0015224375426079462
6.2768543643081784,-27.23475179386685,11.408812809089802,11.379407217832572,-0.029405591257230412
-28.45848979137054,-1.0475588037581929,11.20954646767946,11.186968392077759,-0.02257807560170022
14.941993183941591,5.438365530504022,11.579842711532116,11.566445921661556,-0.013396789870560255
-25.23939526153881,-16.567888050822262,11.290972406845459,11.287351709030656,-0.003620697814803009
8.990761703676888,6.626461778170373,11.345240848098996,11.375987968553662,0.030747120454666543
9.092612070347364,-29.384710955459084,11.383998573433491,11.354926587433003,-0.029071986000488437
-5.4100905324668105,12.081345211274197,10.997613805321025,11.038055755802104,0.04044195048107824
-28.959857686933233,-20.506695655679216,11.243399817609905,11.253389067523141,0.00998924991323591
-8.87189899943921,7.904468492650949,11.046476755059329,11.064280475413256,0.017803720353926522
8.670806193487351,-8.536279845809155,11.505414958036788,11.468228371421322,-0.0371865866154657
12.436671843236404,-11.745186776341477,11.39042691892353,11.394506138901116,0.004079219977585424
-15.526952085668448,-28.976323130970236,10.554523110222785,10.554748326858357,0.0002252166355720675
-31.476639733539898,18.04321561961394,11.141675932219634,11.144482251034379,0.0028063188147449125
-31.98895973975455,-15.906706706662398,11.219105643636926,11.22151476199663,0.0024091183597043653
11.053740662368043,-13.45157042372351,11.369639738495872,11.40527941136371,0.035639672867837646
9.976283659911736,23.822888878930293,11.095827045843754,11.094693247706893,-0.0011337981368608752
10.29220321509856,26.506389807562755,11.033462600356605,11.097649169066244,0.06418656870963879
26.931325844126604,-11.332882342153546,11.01180003286243,11.048142682973078,0.03634265011064741
18.748609503799756,10.778156773894516,11.752688356291047,11.723306418324302,-0.029381937966745042
10.388321606006421,-8.166194976940517,11.511053555284919,11.482869650273395,-0.02818390501152379
-29.1901480249864,10.134972018504477,11.213565194920681,11.203019763150168,-0.010545431770513147
-3.607467467501351,21.10587083430729,11.318493646251893,11.306945958879227,-0.01154768737266565
15.91487618473618,3.919225102329662,11.511766930593746,11.512696576524132,0.0009296459303858029
-28.9092217082881,3.18917927978287,11.098506355506835,11.105177739519993,0.006671384013158033
-24.38609932600321,-26.78201167948673,11.230825150085689,11.253718234867286,0.022893084781596684
9.711517388697324,-8.148517400441406,11.51448270895304,11.473134911055292,-0.041347797897747895
28.59894313553253,-15.493520594540144,10.947733985794791,10.984984292773502,0.03725030697871112
-1.9211531085492695,-3.7207193313717326,11.236823880388544,11.249923512698953,0.013099632310408893
3.599300876950778,-21.044426524635952,11.555713075996987,11.616664201890574,0.06095112589358642
-28.267632807545745,9.268050549762776,11.207875023299305,11.190064317234947,-0.017810706064357973
5.957627788963521,26.532913359756037,11.293673695128152,11.270909430439236,-0.02276426468891657
-16.89708020993345,-5.303884042609575,11.219882555802284,11.228231202098074,0.008348646295790019
-3.4521073710549643,7.000124078220523,11.235351797670043,11.16311649107108,-0.07223530659896404
2.581410774981002,14.719336426671454,11.142646145331545,11.184404739301332,0.04175859396978687
6.071747130698903,-17.878751829073437,11.492153823388595,11.494075643395655,0.0019218200070607594
11.887987249347695,15.890367159499597,11.775405317472686,11.757323176667212,-0.018082140805473657
8.667439723642275,-30.291802403270268,11.36915387878465,11.343517354118571,-0.02563652466607813
-18.11958038437905,24.509430195115094,11.153741011436392,11.16013012152203,0.006389110085638805
13.954925046127045,-24.129691691265855,11.29096773801089,11.240651227084795,-0.05031651092609479
-7.157976325395651,-26.61818458605041,11.498726243049727,11.437356931221355,-0.06136931182837202
27.861895461052214,-13.804413716139585,10.94829448731342,10.994876928200137,0.04658244088671637
-4.3545458525288225,10.484474943038833,11.02998832314249,11.071702409470461,0.041714086327971245
25.645706244917164,-30.98303505678102,10.904410831282938,10.889099492893369,-0.015311338389569329
-23.923259980853523,-11.633253860186272,11.33036681814257,11.324091684313295,-0.006275133829275248
8.910368440545867,17.351782198212447,11.575916258775926,11.579272786308785,0.003356527532858422
20.973555197421774,-5.2341215458130534,11.415538858116829,11.409905138882701,-0.00563371923412781
-23.042112129944968,28.731212074692117,11.278676681415087,11.288024054332517,0.009347372917430263
4.805909450320499,-19.981487118158817,11.487106100219872,11.48712423399265,0.000018133772778483603
-1.4332344497754264,-2.736378165173612,11.242502767368768,11.256840066887268,0.014337299518500046
10.172599366298726,18.906161516522957,11.52212368217839,11.515728224352154,-0.00639545782623685
6.98329403990968,20.73142108931637,11.283632660153883,11.291165795486407,0.00753313533252431
18.090980112264724,-5.2604965782112245,11.389245984145965,11.383496105639257,-0.005749878506708939
-30.06327976843211,11.88974597441021,11.224893998105753,11.224917687638179,0.00002368953242637417
24.52827923999609,-13.660612687890207,11.06952604924587,11.06744767731287,-0.00207837193299909
22.437912121504844,-14.035802469702418,11.149774907704773,11.1475403982093,-0.0022345094954729916
6.170562234441142,-7.519588416615278,11.45804472312477,11.425138619553225,-0.032906103571544776
29.557130439648937,-30.05125856447539,10.867243529097378,10.879039650508284,0.01179612141090658
31.938993074597334,-3.6220653575921133,10.987899491190275,11.018473235351031,0.030573744160756533
-6.865048564898764,16.77499947241538,10.970586263991043,11.018783034083768,0.048196770092724606
-0.4216056542641198,12.211078563152753,11.144030103144933,11.140045574724798,-0.003984528420135192
-8.244687784357914,12.23046369210006,10.978786169742397,10.977504257068606,-0.0012819126737912967
-15.464051707867085,19.16976850825887,10.97172835056698,10.997774943674141,0.02604659310716073
-2.3006456370616064,-28.051469563866682,11.655269637404153,11.642202471750617,-0.013067165653536605
17.56084381912047,1.6482981768104352,11.448595369944133,11.458519235605701,0.009923865661567888
19.0021451016824,17.030565734000078,11.876232254702352,11.823467198029368,-0.05276505667298359
15.28237096524996,-15.009784733028724,11.330260672621911,11.381086933291302,0.05082626066939078
3.141954515628484,-2.5411676252605773,11.422959373922394,11.426487707437511,0.0035283335151170547
-6.446295050684974,1.5478700151497549,11.063729792433545,11.087160773652448,0.023430981218902858
-23.66757819487743,31.4368611282952,11.371859368979441,11.38017404397813,0.008314674998688432
-26.950816574105268,2.9588336568442557,11.086199367723303,11.080470791580932,-0.005728576142370656
18.964920390245226,9.50521039469809,11.664571857020432,11.661282132187278,-0.0032897248331540396
-21.61134700599664,-5.5886411502550075,11.128987970948472,11.158854784095052,0.029866813146579574
-15.379335998619652,29.815055468613792,11.33452434437958,11.341614063632848,0.007089719253269067
7.304844320179548,28.02451991709048,11.26435042253645,11.263839019656693,-0.0005114028797574832
-0.8949180092233391,-25.87001676617286,11.742373281158718,11.696754968151845,-0.045618313006873024
-9.107292934591086,-15.730759372170304,10.980823879372977,10.980718157693689,-0.00010572167928835086
5.607691601309227,-13.496652915590722,11.46119906101144,11.450281724784693,-0.010917336226746954
-4.685175342425197,12.727242998024636,10.996111426065259,11.057579521801074,0.06146809573581535
20.195957707710008,-25.250308135579715,10.92127527453296,10.980186141552231,0.05891086701927151
-26.211921748576543,-2.416274082656898,11.144435976071291,11.135043997419897,-0.009391978651393629
-22.397414798566444,17.955312781968345,11.171293539264347,11.165089044024416,-0.006204495239931163
2.7641860733147965,-5.895899395353936,11.411885809367453,11.397323882522487,-0.014561926844965711
-0.915040704983042,31.12540425257565,11.163762253050944,11.146371079572264,-0.017391173478680244
1.1682180455070608,2.4083230548008387,11.3855479036907,11.371128987927237,-0.014418915763462437
16.10730338693545,1.9406626859651581,11.51429005883369,11.507866519172703,-0.006423539660987743
-3.669662281936567,18.089663687054205,11.194433109808486,11.197670548297642,0.0032374384891564745
30.221961103476275,26.130504801681376,11.602944334969294,11.585463341958324,-0.01748099301097028
18.658781380025374,8.913470315354076,11.647761411855146,11.65483012648588,0.0070687146307335524
-31.321326838690922,-26.568166648002254,11.286973357182934,11.25875312164668,-0.028220235536252858
-9.431126595928312,29.541063109134633,11.144720404267424,11.174630984485471,0.029910580218047045
2.7489108955548076,-22.066621871435203,11.53030664722791,11.568145253720777,0.0378386064928673
6.186374497495315,-5.533180114412701,11.483508759698113,11.452323485348856,-0.031185274349256886
-3.708891985625961,25.269101578954192,11.13038077431052,11.127162474677473,-0.00321829963304765
8.764466102293333,9.461650811479124,11.311448983763398,11.361208498385983,0.04975951462258443
1.2377811518578596,29.50253618954183,11.182467668322833,11.176830346617617,-0.00563732170521547
26.37012041001588,1.9387165713144796,11.491798893506843,11.431861186752538,-0.05993770675430454
-16.58986267611293,-13.37600677479216,11.296046163163998,11.289776219034446,-0.00626994412955284
-10.007557341985695,24.61876186434074,11.233619090800264,11.224374729427975,-0.009244361372289234
13.609496643433637,8.197683502622496,11.611504762641488,11.607400595723448,-0.004104166918040164
22.355663908954632,-4.276069758325789,11.441610366809137,11.422022578233557,-0.019587788575579523
3.5056748101981796,-2.0972142222681924,11.437064763166491,11.434600542268793,-0.002464220897698155
-15.5080989785124,-7.201872615034304,11.26703249111798,11.264315528519843,-0.0027169625981375845
3.686918934517891,-6.907165346041786,11.45026471211282,11.39621550275933,-0.05404920935348834
17.448989578622765,-13.502536563775344,11.391301330058745,11.391510934265172,0.0002096042064270165
0.0374185169565493,20.19870364339245,11.28134246602805,11.285163990141367,0.003821524113316599
3.3064843911900184,10.248180079906781,11.174354004454905,11.177803416893951,0.0034494124390462844
-22.105391634625455,-20.2515076438673,11.293726912390468,11.297052695817312,0.0033257834268436426
7.33703939716181,-22.221351750322924,11.41948898289295,11.416213834092806,-0.003275148800144123
-30.002787674132733,-0.43082990541789457,11.222183780619586,11.227284221801806,0.0051004411822201945
-6.794643738845572,23.917389513939256,11.231549424969558,11.19284903778608,-0.03870038718347679
-9.493396146064768,3.803913856398978,11.005805990569447,11.023931291659316,0.018125301089868984
-15.918487643819567,8.285550569951177,11.01134920656661,11.00793254475909,-0.003416661807520427
-10.90308548421821,18.090874870959254,10.93892602510709,10.945165077018379,0.006239051911288485
23.27361830056836,-4.435433393167841,11.44812201557597,11.444615972734777,-0.0035060428411934907
19.79546240643249,-11.761653680374444,11.404088700984078,11.397756878557145,-0.006331822426933087
-0.30087864386027974,22.436777188192664,11.19408660350338,11.241814321079103,0.04772771757572336
-3.852509813589542,30.044545465079757,11.125576982266582,11.131237857205445,0.005660874938863358
8.017943632301943,-21.1842732421147,11.436624037919145,11.41151244493121,-0.025111592987935083
-13.042043324600535,-28.09021520058785,10.61255716664111,10.574811191852984,-0.0377459747881268
25.428991813752646,-24.647267092387295,10.925951329321954,10.896131413931288,-0.029819915390666196
27.09712679539942,-3.3100259277118695,11.220791470973218,11.250028597775334,0.029237126802115654
28.480397703480442,-20.253204760773393,10.934138222128325,10.929012520377437,-0.005125701750888112
-24.08083274433342,-18.70024039805932,11.300642778453005,11.299392324170736,-0.001250454282269331
1.3261855779296,-10.957163868764532,11.384539647607888,11.427536467957893,0.042996820350005294
16.742616227380708,5.940971967365357,11.50715375476809,11.540583506347128,0.03342975157903716
-23.832728473666535,-3.6360135636590982,11.078641217667208,11.081514935042629,0.002873717375420526
17.676164490298298,20.34967955597596,11.723440686666876,11.7229034439018,-0.0005372427650769396
-25.402758877683304,8.430578813556934,11.167011357680249,11.13325672486691,-0.03375463281333779
16.44700664775405,27.271705182193585,11.383806223073563,11.384180064264498,0.000373841190935309
9.436719301327635,0.85745028105665,11.533494025867952,11.505408664021592,-0.028085361846359902
20.556890392632305,-21.74579378254095,10.957384833990208,10.98954373440611,0.032158900415902636
30.02647727910533,17.64899254487866,11.515055378810558,11.508438589801017,-0.006616789009541435
3.380882997248378,24.14085370631588,11.289051822855416,11.294963435940412,0.005911613084995437
7.871084087568654,17.161023828241404,11.489584093365782,11.489583999533432,-9.383234989002176e-8
24.79758890902273,-17.15024841926646,10.957459827237072,10.981798730332448,0.024338903095376452
13.783112230289063,-20.79161943388941,11.379809895256406,11.316098591128654,-0.06371130412775194
16.909246354892154,10.486650493707522,11.799824951469231,11.734923999061646,-0.06490095240758542
12.715258519908012,25.81014134578271,11.140827473255232,11.193638206107012,0.05281073285178017
-14.473758846817404,7.951364483773375,10.997985460187326,10.997325046607536,-0.0006604135797907418
10.95031710397513,-0.009581448217936384,11.493933149052685,11.524718246067307,0.030785097014621954
-0.7323251630910406,-10.653553795248094,11.347073875624583,11.337834587568636,-0.009239288055946204
5.500360992772642,-15.606223170009947,11.58059394474225,11.576033794276151,-0.004560150466097923
-29.90304442792924,14.358117054791038,11.210110526316697,11.181837658904179,-0.02827286741251811
7.056067050336452,-6.2627771451403405,11.463614653949211,11.453994399528993,-0.009620254420218188
30.62390410661464,-22.14674626651989,10.939398577005392,10.930344487987254,-0.009054089018137645
3.9982592254683027,-22.29186876320764,11.441317887382056,11.519248447690705,0.07793056030864953
-8.198073405913604,-29.924944952494513,11.082099638472204,11.083571170984003,0.0014715325117986566
-9.413265626184959,-6.666848699925367,11.179118215610346,11.157797837225084,-0.021320378385262018
-22.84262589564627,18.423541335281463,11.19192653242655,11.179848092739588,-0.012078439686961318
3.6103151593278255,26.976485863243184,11.24661609637031,11.25761761794432,0.011001521574009132
-5.307908617883847,5.24443906674238,11.137336022439886,11.128613074465921,-0.008722947973964779
-17.41571947943838,2.809635804558525,10.978617662683913,10.98022173543062,0.0016040727467068194
7.993586166085734,-20.471538729982207,11.42228788909964,11.409542121623312,-0.012745767476328496
18.99734893112459,26.331749261039043,11.475796325549904,11.476212150779856,0.0004158252299522047
14.788540521599273,-3.580010177894188,11.483124344310268,11.44823558055985,-0.03488876375041805
25.00212928491247,-13.569265718607738,11.0492275174768,11.05444968759638,0.005222170119580483
-3.6991325285692653,8.955347311983765,11.04094401661343,11.1133973910718,0.07245337445836952
8.741295867275497,18.455226096029115,11.507935769857461,11.515527246014392,0.0075914761569304545
-12.747995121004024,18.119854875969345,10.932054795479386,10.938211994152184,0.006157198672797293
14.508423406370468,-3.5695706601907915,11.48878549154458,11.46366769814072,-0.02511779340385978
-31.040522630183396,-11.934991521172947,11.152484212776232,11.21716306114186,0.0646788483656291
13.674027289132582,-18.772980788757778,11.387206404595993,11.365525943658426,-0.021680460937567148
-13.56920710810629,22.20145487040019,11.080248336084733,11.09469700903775,0.01444867295301755
-4.658036762386516,0.7918564305960984,11.137876333948126,11.137362877297958,-0.0005134566501681093
-31.28220872474916,15.538179609792863,11.178184090358155,11.174084611998346,-0.004099478359808728
-4.251429577872749,-29.873092249670357,11.733386398828673,11.73257151840962,-0.0008148804190533099
-9.163901745469097,-31.783575175264737,11.18047613049862,11.181817525808542,0.0013413953099217224
0.14102504955231865,-29.302394455921082,11.419391423094446,11.407780984494245,-0.011610438600200723
1.3747075433254068,12.929609302953246,11.157344366676588,11.151474154181063,-0.005870212495524996
15.384299783172438,15.884747555908397,11.829628521247779,11.831900672189677,0.0022721509418985875
-31.98340193981771,15.1533719639893,11.202660328359746,11.15626819254512,-0.0463921358146262
20.78171915111809,-15.319150614475014,11.190172621872406,11.193061346381278,0.002888724508871121
28.07237779766961,-30.247139911243117,10.94262560207753,10.88326882881149,-0.05935677326604072
3.384543353824789,-9.754991156092991,11.464062382313465,11.383388664795811,-0.08067371751765329
-12.310479299969607,11.494601288254927,11.069603758409897,11.063898227481001,-0.005705530928896252
-26.90471314059485,1.0663761846994504,11.141690414150256,11.138470780431849,-0.0032196337184071666
11.133671218198366,-20.750037510141823,11.36137618452651,11.351681286566741,-0.009694897959768412
27.173107162881706,14.829290676907874,11.510028733114618,11.48918370885395,-0.0208450242606677
-11.197861606754998,21.507726328776158,11.084651822665531,11.073100517703521,-0.011551304962010178
16.501916297737203,22.881817885752547,11.487188233531597,11.487357433328519,0.00016919979692175957
17.48201648090106,-3.4631036054020896,11.393169611704394,11.381857250336619,-0.011312361367775026
8.87935914731856,0.8669545358263164,11.541979598521548,11.506007097883364,-0.03597250063818436
-25.717827662722037,10.969714487761294,11.189539213716513,11.173502777990512,-0.016036435726000775
-6.358156554740425,12.636070757096455,10.97949059801407,11.016023953675502,0.036533355661431344
22.13722866722609,15.312827631057651,11.692981360189346,11.658349035752172,-0.03463232443717423
24.350972918145466,3.5583072459052474,11.443277232191676,11.466524727809148,0.02324749561747197
10.819973638648506,0.21155739982830823,11.496391433462021,11.519481104546319,0.023089671084298047
1.649632696284229,-0.2854210002529598,11.399694216283258,11.39422056406819,-0.0054736522150680145
12.134271771664302,-20.098189957933776,11.33311844813591,11.332228824935259,-0.0008896232006510019
-27.09168312010525,6.959602809925393,11.104219796081129,11.12742674360315,0.023206947522021792
-22.82663536960107,-24.96418738411475,11.281996003980664,11.218133882743908,-0.06386212123675605
-10.545525729264043,9.41248913500035,11.097968999738756,11.113675594424551,0.015706594685795494
-7.64869817287682,2.164505152260766,11.050199690710404,11.057998791003401,0.007799100292997352
8.785057226169421,29.995236876707096,11.302207190005339,11.24120928642763,-0.06099790357770907
6.84819212636156,25.281861417034165,11.25287700623839,11.232376684198881,-0.020500322039508134
22.58709499802586,25.653672198102107,11.577481924714064,11.58451901903141,0.007037094317345449
12.296058055983053,-11.887523446448824,11.394030964354368,11.395802509226076,0.001771544871708386
14.640831594631344,-3.515786490043652,11.488981083456016,11.458486988146994,-0.03049409530902203
26.05186516966655,22.416441654779916,11.801770354470083,11.803382218394193,0.0016118639241096133
-29.37742041836615,6.146072108956723,11.04872516524893,11.058902171012257,0.010177005763326363
22.810315463795483,20.41101676530996,11.803537644185027,11.83227692620296,0.02873928201793241
28.761112298207337,10.888928690433723,11.497576654915221,11.504583239764951,0.0070065848497300465
14.112739492526856,15.54117914342666,11.822684883124726,11.820132536967337,-0.002552346157388641
20.41297636996984,30.097156170639984,11.571353055345355,11.586022145769315,0.014669090423959474
-15.439131326440908,9.78652770983625,11.089846760138753,11.050793584741683,-0.039053175397070206
-21.6467232654963,-30.94434685065182,10.367454923431612,10.36745510673551,1.8330389828236093e-7
-7.9735775712746815,-9.475873691074348,10.596074383647444,10.596527218021325,0.00045283437388121683
21.579518624420572,-13.251862786463583,11.194480318510834,11.24041197892561,0.04593166041477659
-17.400206267372972,28.740821814777554,11.370927350306632,11.354078799776312,-0.016848550530319528
22.594685475315075,-6.433866061886306,11.449032169442619,11.394509085703751,-0.05452308373886794
17.133352275496506,-27.916246058316915,10.918765614322071,10.95273953666851,0.03397392234643881
-30.9143503334385,18.42727973602583,11.15647669108225,11.171054415015899,0.014577723933648201
-3.869000438328733,-26.78199758327078,11.7366612605617,11.79957159287232,0.06291033231062038
15.37192861774799,-27.28544703205933,10.972770495098926,11.028095095950928,0.05532460085200164
19.672935794896276,-20.69765713504649,11.05146215857126,11.074248633267096,0.02278647469583639
-7.769449078117823,-21.25498841735307,11.517277466385847,11.518742372864079,0.001464906478231498
9.678669114985098,-11.764022946252176,11.429033772324152,11.414555265721125,-0.01447850660302663
-18.530167372468135,-26.382422319231118,10.552900997950658,10.553166244569283,0.0002652466186248148
-1.3353224669759527,-0.7630020909834556,11.267627240780174,11.289207608198405,0.021580367418231106
-14.933677442467314,25.63762852616844,11.20646842367236,11.202573968854422,-0.0038944548179387084
-12.59614824499824,15.965363289507422,10.904316535235292,10.89546356891465,-0.008852966320642253
-31.84797775084715,-4.210472127719825,11.357652471720568,11.341197356037187,-0.01645511568338165
-31.419910499890506,17.597489351256975,11.129600311538898,11.144395688070386,0.014795376531488103
24.0999546886573,-10.629555264683425,11.161078591164397,11.157037579673718,-0.00404101149067948
-4.1877446135508976,-4.324377000391621,11.185087263309143,11.200251303611166,0.015164040302023452
-19.674832944860107,-11.88103089668877,11.29739280256774,11.304620648686619,0.007227846118878389
27.699473789525335,-27.83114530083369,10.913213091088167,10.920916076162595,0.00770298507442746
25.751936945084708,16.875399823944846,11.504620372887409,11.54532560790034,0.040705235012930885
-31.442630591797666,24.9828633105351,11.475899989407996,11.456254700774037,-0.019645288633958202
-31.38786266808107,-5.752563026621175,11.370390266394951,11.349317464945463,-0.02107280144948831
18.053489312986557,-27.308792509620673,10.892939896883318,10.945787285648299,0.05284738876498096
1.7560918525119575,-10.740558657250041,11.391789640510913,11.4097094517625,0.017919811251587703
25.5712979146454,9.549896585314578,11.500556511327536,11.472164657280775,-0.028391854046761367
-25.41753909441993,21.310592331627774,11.329202527955339,11.311220703467002,-0.017981824488336073
30.733603123141435,-8.181900389240667,10.957421279902533,10.983338965496689,0.025917685594155415
30.10238141894053,27.368663204902802,11.629903348948158,11.636217885708215,0.006314536760056555
-25.354308227071655,25.91939939865719,11.207893809456323,11.247402392219557,0.039508582763234656
-31.178017664207964,4.705622604017108,11.13856697510491,11.138411229476041,-0.0001557456288683312
-1.964938776865182,3.3646244339193956,11.15264562522551,11.154115528688248,0.0014699034627376761
31.922875311655943,9.620289405133171,11.44283813552888,11.402167159290961,-0.040670976237919376
-13.66208284208463,-14.891278232936486,10.786574642110919,10.776216827279947,-0.010357814830971535
1.1233953707357216,12.92678185517753,11.159113912323509,11.142778271857011,-0.01633564046649738
4.004580126635496,-25.239088863960113,11.378653796062904,11.4127195566552,0.034065760592294936
2.0988218211488743,-19.31469484512529,11.76729830699031,11.736093248790997,-0.03120505819931374
16.595950091978487,-11.12460049084222,11.314694626513926,11.355523581333872,0.040828954819945196
2.300631104501413,-20.565816056566504,11.611721292256776,11.580912407829631,-0.030808884427145244
3.5852858002516186,26.72594633164892,11.247634720998104,11.260787613207754,0.013152892209649991
31.336649946917028,-2.9921041617142663,11.00321962945683,11.042738091515703,0.03951846205887399
14.166231775093422,9.862449751554593,11.834366437965969,11.83688965417483,0.002523216208860646
19.734097942523356,-26.97214881078971,10.892724638733242,10.927718134818466,0.03499349608522451
-10.166438413747088,31.42940460611704,11.13589400561608,11.197083025905162,0.06118902028908124
-30.242864912744388,1.728054825650986,11.168698178292784,11.18332960130413,0.014631423011346456
-24.996103045246585,-23.41044616253911,11.340878398376397,11.349480016486385,0.008601618109988607
-30.91973483470605,22.834333364639626,11.631373322547411,11.613354103277638,-0.01801921926977279
-21.761507815981226,16.28601851262553,11.176449683597594,11.128546983763076,-0.047902699834518
22.4392799475318,-25.22496198822534,10.91583345078763,10.928708745392937,0.012875294605306564
22.87755990825982,1.9928062157625206,11.447285129929071,11.438765936046321,-0.008519193882749576
12.938761112241956,-3.5361436675671456,11.530065180200882,11.549240418184578,0.01917523798369558
-24.307964908891243,-6.221358269912159,11.1385483031086,11.192040599250054,0.05349229614145479
-1.6207428089029818,27.361081706572982,11.160953877587554,11.174074438836255,0.013120561248701534
-13.871878345941546,19.592195154851886,10.964472070914521,10.983480279142446,0.01900820822792504
21.712817036542134,18.03549242423967,11.812990957525932,11.80252551764144,-0.010465439884491445
17.388879199124155,13.964751710610244,12.009404030959683,12.007389087249537,-0.0020149437101455447
-13.60854345391688,17.276549033775673,10.905539342807064,10.934046572290773,0.02850722948370965
13.50992358068983,-23.184569477966647,11.342452707240371,11.31230783405862,-0.030144873181750853
27.956515763644468,-20.816492301761045,10.911095476972672,10.924215297157074,0.013119820184401831
-0.3776353028334256,3.2780037765138417,11.343659913920712,11.343752377319099,0.0000924633983867551
-10.812161269828927,0.03570607696686068,11.132263550596988,11.078121900933388,-0.05414164966360069
-27.086548622175272,7.459441150418861,11.144263797355674,11.151984738240277,0.007720940884603067
24.653634475368264,13.92374489103885,11.509269074860033,11.541308653432395,0.032039578572362615
-3.946361252115487,4.374937999098634,11.127997325138658,11.128813783617046,0.0008164584783880713
8.280312719619552,-25.320337721949514,11.367619011969404,11.38094511494615,0.013326102976744636
-5.28606273386189,-21.68294242101635,11.80095755546463,11.796036705588063,-0.004920849876565825
5.736093940233317,-21.249461621523523,11.395996909921525,11.422487090924063,0.026490181002538193
21.274014508605006,27.17832935985831,11.507651660121667,11.539364571758457,0.0317129116367898
31.97739350875925,-18.10213659615937,10.953473016676035,10.953173596652439,-0.0002994200235963973
-15.305253440360246,-22.619270616474218,10.845236775367015,10.869413438779633,0.024176663412617927
-2.362441080262549,-21.01323870866976,11.937631155549296,11.92218095384827,-0.015450201701025179
8.851293002547187,-24.0082082677768,11.402802665815036,11.413038761203222,0.010236095388185262
29.822398505125335,-6.4273683812954445,11.005413047486593,11.031591017264462,0.026177969777869237
-26.71488310184285,19.36991598014795,11.376365918669245,11.370818100975807,-0.005547817693438262
-0.9088158502330685,20.012526574151963,11.251576822193115,11.296580879124233,0.045004056931118086
-9.89576560891468,-21.087263726447944,11.323612215414432,11.335722408210101,0.01211019279566905
-31.670824482084058,24.429225470334245,11.464643103076655,11.453909008705043,-0.010734094371612102
2.6550200633699177,24.77708013551007,11.256758977752817,11.265401689643364,0.00864271189054655
-22.25231232344457,16.848209156435964,11.167351503318795,11.152644308241458,-0.014707195077336976
23.59126407088857,-14.385526557863166,11.096421524550289,11.08455058489888,-0.011870939651409174
4.881824731355529,-18.41510199647157,11.557802777105753,11.555073572094269,-0.0027292050114837707
-13.86479314269311,-2.14933152729931,11.027211056635036,11.082098715273833,0.05488765863879763
5.433979282581575,22.58188296431871,11.298162375352643,11.308941416893713,0.010779041541070455
22.58899787504066,21.693935147721056,11.830077510446793,11.881246139981753,0.05116862953495982
-13.438900144417104,20.95441725157854,11.042935832418113,11.02563179723914,-0.01730403517897372
23.79647430929981,28.94898794263873,11.740552142280446,11.746551297841112,0.00599915556066577
17.37021807152187,-2.367211613774984,11.379766591197837,11.419929291546492,0.04016270034865421
-0.23907423766999614,23.05920740496869,11.1887157571041,11.227924378144785,0.03920862104068412
-26.060612046318568,4.905144059798957,11.050006099167009,11.043355683509748,-0.006650415657260211
-12.97206978638792,2.8093005302240996,10.999302211781272,11.012968670450682,0.01366645866941063
-4.129252387140568,14.898006480409357,11.000578205251003,10.999684596178776,-0.0008936090722269086
-0.16271145131933906,7.269553262381692,11.247503073663822,11.206882284752684,-0.04062078891113785
-10.878451092079729,-29.322215907250566,10.515289627727064,10.526164342452141,0.010874714725076728
-22.332888880977833,16.170766144853538,11.185728898065303,11.14351485756148,-0.042214040503823824
-31.615475013616738,30.176556671792504,11.500876879126533,11.506318055108617,0.005441175982083379
28.027099370398076,-0.5856476718225991,11.296041703035163,11.31086018495789,0.0148184819227275
-2.9006412482632555,-5.635813457019445,11.229281619367667,11.224205555821742,-0.005076063545924825
-7.62272487584238,-20.902772934315863,11.509013934792174,11.510139187671925,0.0011252528797509598
-8.151348212601228,28.042412049259823,11.14599913551103,11.174824502261362,0.02882536675033265
-21.87247875397479,-23.08299221248037,11.227478057922324,11.2243701799855,-0.0031078779368236553
6.164932433784017,-0.6085728027663748,11.48896484373369,11.490770204800327,0.00180536106663709
-29.5193128296466,-1.7226078317179017,11.22493573790586,11.227906698542988,0.002970960637128428
-26.791418916785275,-10.516636975004694,11.36797487422003,11.354178807508276,-0.013796066711753596
-8.292218635163216,6.341105701923183,11.052541905577822,11.04958235232255,-0.00295955325527153
-3.883482447183482,14.213941466842925,11.021419759161011,11.042137535203032,0.020717776042021185
-21.905013992569117,20.169200226402538,11.146945599207918,11.162703341890138,0.01575774268222041
7.379859527701647,21.370240952368277,11.236545001659305,11.250932573431632,0.014387571772326524
4.803442219743339,8.922105687560098,11.237147374137571,11.236314383648702,-0.0008329904888686457
-29.39937169565406,30.470300778747642,11.436689622769205,11.436689406254228,-2.165149766142349e-7
-3.4955996705669605,-1.5758577734172547,11.164895636884577,11.18220011393526,0.01730447705068272
12.27717420976495,-13.654348912358927,11.414577118341724,11.402360598684698,-0.012216519657025415
-30.785318623536163,-19.805680181454157,11.234461773465874,11.217238790918524,-0.01722298254735044
2.8275515812179393,-13.6162195623845,11.597490562462216,11.657150116692948,0.059659554230732326
6.760826256311418,13.38470938031513,11.246973260280678,11.258080430763526,0.011107170482848261
-17.112653023698606,31.961196939872245,11.39591749676731,11.395564436051902,-0.0003530607154083043
-6.556586168477182,-13.875502428901761,11.065337576871983,11.06949950492917,0.004161928057186515
-19.733632251786098,24.18789830750969,11.129546777433681,11.137209787778731,0.007663010345050125
17.99568809895036,-7.003755494643258,11.393884524889422,11.393867027818468,-0.00001749707095477504
-3.847201384871447,-3.789723020393538,11.19009219232255,11.208227020973007,0.01813482865045657
-30.306974433310906,-7.147941448276114,11.39343634314276,11.33498416261091,-0.05845218053184986
30.993276586008896,9.065901852491223,11.477192102175579,11.424348927568047,-0.052843174607531296
27.00395829323486,21.131542299669142,11.614654284487392,11.660799011970937,0.04614472748354537
6.6762949338167275,30.094854803804495,11.263972962531355,11.247279436313843,-0.0166935262175123
5.508252385671952,-3.055085562114158,11.476934361313361,11.47082866889083,-0.006105692422531561
16.72415335145118,-23.80390608462777,11.065679522030697,11.080997884213847,0.015318362183149858
-10.209350196206728,12.322010503979577,10.984380640162277,10.991525189441923,0.007144549279646029
-6.356669517413323,27.36170324589554,11.11060261077587,11.14135386857961,0.030751257803739662
2.240692274713034,27.84572583039911,11.209481915866887,11.206930829843545,-0.002551086023341753
-29.144988340719927,-31.49063214489378,11.38742853212761,11.407640342368767,0.02021181024115748
-4.785170534433377,29.346324367887384,11.130546109598125,11.127608364452655,-0.002937745145469961
-26.879123953971572,6.446694015344029,11.078588602402416,11.090164637664788,0.011576035262372386
21.68350696170713,-1.9050167590671805,11.413436405281539,11.436139064919502,0.022702659637962697
-17.453202387486378,-2.1349368816318446,11.07148168217914,11.112736779715279,0.04125509753613876
13.683807898477603,24.595494274383817,11.230730993974067,11.246951670689235,0.016220676715168025
0.08813170239729118,-18.772470812205157,11.882941864286645,11.87988801157527,-0.003053852711374816
15.377258826048141,1.293429408411889,11.516121355686598,11.527867913170645,0.01174655748404696
25.95865182437398,-5.267205028595605,11.22953295364114,11.227325877992975,-0.0022070756481653575
-23.206194259485684,13.633170648640032,11.160947426359142,11.146721484084129,-0.014225942275013281
28.839996853611716,-10.569398571131494,10.988125857414499,10.996533800164897,0.00840794275039869
-31.74463438560398,-13.587378011103787,11.20235529344911,11.209247985963795,0.006892692514686161
-7.7432785063111,-23.44410551469157,11.698436892837693,11.703786578214203,0.005349685376510038
10.804209608274604,-18.97516276085267,11.377906312181869,11.367959029034223,-0.009947283147646147
-28.842303299549705,26.33796372803934,11.362493647844564,11.365999141829388,0.00350549398482336
20.883178552993343,18.97863932813172,11.870096300870228,11.829259183978483,-0.04083711689174585
-28.41122249187712,-19.224008319974672,11.260814568497791,11.235103315032568,-0.025711253465223294
-10.22176474661373,-2.0628721252748505,11.063618356092046,11.065370527287092,0.0017521711950454488
25.537542590897573,10.974082440732161,11.465270818141516,11.467809326969654,0.0025385088281382195
8.648130648435533,29.183505081360657,11.26933416105037,11.217857916621897,-0.051476244428473095
-22.856404025104112,8.501782156335814,11.017208308817901,11.080396129298604,0.06318782048070304
-22.862479213149754,-7.378688923164262,11.192498532740537,11.24249619220965,0.04999765946911339
21.46637605765899,18.35249838792297,11.834375520917012,11.811065428010938,-0.02331009290607433
-11.575721499517151,6.832825885300444,10.936385160886351,10.948321639455768,0.011936478569417375
9.313755460946197,2.4211816989469526,11.533421986972357,11.466499824334907,-0.0669221626374501
-0.8411892208549929,-9.78718448266411,11.27251767502478,11.282781677214334,0.010264002189554589
16.746169739891606,28.319428307988993,11.435605044463905,11.431915058956696,-0.00368998550720967
-0.21048515046838645,14.436367445266058,11.148635423994978,11.173900528265017,0.02526510427003892
30.007711001017327,9.472622633236462,11.514576518631024,11.464772410730431,-0.04980410790059331
-7.654333288527681,-11.487905648276929,10.738723755844912,10.7407588103934,0.002035054548487736
25.43051907136219,-7.439949916009503,11.163190422003563,11.18227686856347,0.01908644655990699
-17.52940701018261,-11.387363832562684,11.313377706348675,11.305802823942193,-0.007574882406482075
-23.53887773538319,29.622442117822708,11.300575118941264,11.304931189511093,0.004356070569828674
25.23202520588208,3.9782800721243703,11.447682249441758,11.479928831911504,0.03224658246974599
-0.07442727773587876,23.08972862684746,11.186288613537858,11.225101860266204,0.03881324672834552
0.7609223015420099,30.880145076874356,11.167361486964557,11.160140155713504,-0.007221331251052732
25.528988853498916,-27.02059618908107,10.903516795170333,10.906959474529291,0.003442679358958145
-1.0991240851364878,16.2847435622485,11.261158314678436,11.221538065148412,-0.03962024953002441
2.2498688441584775,-30.943375791061158,11.375570242411841,11.385346130309465,0.009775887897623292
20.560331536047187,-21.883925684106828,10.951344281256604,10.98893670018938,0.03759241893277476
-28.39342925814624,0.593427425773541,11.169754997525661,11.184422539235308,0.014667541709647125
-21.566629546348373,-22.914537684562113,11.221729356274764,11.232667195323767,0.010937839049002918
23.82657280919109,-15.788483417233309,11.035870938878178,11.039005424560164,0.0031344856819863764
12.584146897668155,-0.6100728989838942,11.559405443128929,11.544126104886956,-0.015279338241972695
19.097313492718385,30.3205757655116,11.559304669700476,11.5436732730231,-0.01563139667737623
6.062539051489324,-14.089108833794832,11.46168837475124,11.519325902820544,0.057637528069303556
-8.471912464407502,-23.715702888102413,11.66769343730374,11.657939811025944,-0.009753626277795746
8.32089619714177,17.149077900717607,11.533172530804618,11.527525613458605,-0.00564691734601297
-10.612656493768107,-22.52012918741177,11.406957910748936,11.406307010531169,-0.0006509002177672585
-8.21193637439503,29.84750551048632,11.151024168451928,11.157273419983895,0.006249251531967204
5.904436800257777,-12.08334281522756,11.434857145145505,11.440023944050441,0.0051667989049359875
-31.606165700324077,-3.3562913678134336,11.307603547046407,11.320495526490275,0.012891979443867996
-9.479179387275238,-2.6136335883475468,11.07690307001172,11.083702151725419,0.00679908171369803
28.244823927091552,-3.4387344598193934,11.144675356492897,11.197345598333234,0.052670241840337084
6.030787177760892,-28.52263826222876,11.394029168300408,11.368313705245491,-0.02571546305491701
-20.83059342034496,30.279398230407814,11.452265941508827,11.392218701451872,-0.06004724005695472
29.420600628365023,11.700332736925596,11.501174783920524,11.50585217129951,0.004677387378986708
-30.449702901813694,3.0358023895693265,11.148513976869769,11.154298955480478,0.005784978610709146
27.5288374366993,-7.148437693000133,11.087418627730525,11.101647076386476,0.014228448655950743
-3.682399059469809,23.587806318216643,11.147281379658404,11.163131948422793,0.01585056876438884
12.355497905738005,-29.501008224835786,11.105687696044365,11.11731363492545,0.011625938881085318
-9.620921015047962,0.5463832752222331,11.084207743843487,11.059696069955072,-0.024511673888415686
-9.424340626866808,18.878144252296927,10.946301776606132,10.997130765832225,0.05082898922609225
-4.084087724767485,-17.57567765498912,11.645431600428877,11.645418718541368,-0.000012881887508697787
-22.659482544794656,16.190993081732238,11.186532957598082,11.15353405277899,-0.032998904819091734
2.5913965368421046,-2.2917867469939637,11.408899426345908,11.414437777123778,0.005538350777870349
-6.555609384812577,29.023525517616825,11.140404259192495,11.12946046771313,-0.010943791479364862
27.470559212113862,22.693179470430685,11.662417047417199,11.671885834002888,0.00946878658568906
20.196441614894724,-29.560546912819923,10.876218758581349,10.920065524380513,0.0438467657991648
4.21194649750111,-21.74443474544178,11.455843360841737,11.507007943478756,0.05116458263701951
14.579268780347512,0.4057086365995133,11.530742809691018,11.548837584551816,0.018094774860797358
-30.746850693775066,17.377757164468164,11.120361601787586,11.136664944387585,0.01630334259999877
28.305216075272234,12.072328207153959,11.491333563687643,11.499345259858476,0.00801169617083275
30.800113641769343,-3.1525100433979816,11.018683714023727,11.05397979867148,0.03529608464775258
7.381714832336506,-13.021773681493997,11.395395416724543,11.403040568211413,0.007645151486869395
26.95413903807399,27.852956201042353,11.845694882895188,11.817613468676248,-0.02808141421894028
-17.52343110496829,1.7836698465872374,10.981760886352939,10.975660097190232,-0.006100789162706732
-0.9437384751452242,-9.835039415554554,11.267828968497628,11.282460309101095,0.014631340603466825
21.433704423247654,21.3393976518919,11.86947113424931,11.888910004191326,0.019438869942016268
-28.815179985487006,-8.616310004265294,11.376264242660547,11.35954104232345,-0.016723200337096955
15.728593497907049,17.878324365233716,11.75472172526581,11.756815183688497,0.0020934584226868225
28.478805563067773,-3.9490808957982324,11.12993810132842,11.164168271708538,0.034230170380118
-2.097158422744684,-30.89500001969001,11.480498505318069,11.528331800163652,0.047833294845583296
-2.3637346511842097,16.565957664841704,11.191182320815319,11.163380478335785,-0.027801842479533434
-23.853798780476573,6.924703176878005,11.01555829441035,11.057655022624964,0.042096728214612966
27.49193212161945,-7.317560500961257,11.083928721920252,11.097960831208349,0.014032109288097061
-4.7132950732199035,26.21529061425298,11.141218405694778,11.122857907226294,-0.018360498468483755
17.724654978315094,0.7155869532952366,11.426482851990375,11.481562872202646,0.05508002021227121
16.280509977047977,-13.418603211405802,11.350884904810883,11.36782494532939,0.016940040518507615
-12.86974836147023,-24.051671297729072,10.786777934455456,10.856963375088155,0.07018544063269871
-17.238342047492708,-18.835614003895245,11.225210174630586,11.16244169062858,-0.06276848400200663
-22.797375514493083,13.737463992179784,11.177156220277864,11.140973027527252,-0.036183192750611326
-24.215296567346456,-12.152268398652275,11.334134161549498,11.324391983256977,-0.00974217829252133
15.970153285929008,10.667210380394124,11.927040647556137,11.91330925655358,-0.013731391002556492
30.47703061901123,23.9871757189889,11.524176947916654,11.584790009481907,0.06061306156525248
20.314645243827222,21.696196977565393,11.780234641079026,11.767994766001399,-0.01223987507762736
19.560053602255124,-26.509996432399873,10.903466470968567,10.947109170967735,0.043642699999168144
-21.395339841496224,-30.821284528842632,10.373344139482912,10.373344211468178,7.198526574825337e-8
9.72218118638201,-30.26915598526569,11.33206627992588,11.320452579834443,-0.01161370009143603
15.164349620225337,23.71269940333317,11.364287264608343,11.359272489397606,-0.005014775210737454
-22.72905044004645,7.4737722594637646,10.99545418329448,11.066361275056005,0.07090709176152465
-27.940966646689375,-2.9259016616087337,11.186783320648408,11.194462561772372,0.007679241123964786
-0.9841638775385064,10.94783202649996,11.088135212807659,11.136014109254596,0.04787889644693699
-6.125270641060432,-17.100253338610514,11.398510457698356,11.402217460269418,0.0037070025710619348
28.739744224718848,-1.473551263455164,11.193087186513274,11.23297097476349,0.03988378825021499
14.050514673883939,23.19302368846708,11.345421352142182,11.333833658817683,-0.011587693324498716
1.2795616412971569,-20.47407789675323,11.71747966508494,11.672034340399291,-0.04544532468564988
-20.736048850795136,4.246688793347431,10.980951664888837,10.980542274935265,-0.0004093899535710932
-19.35927498008528,16.78688625531784,11.092495405350745,11.06589558762543,-0.026599817725314168
-14.356773546708908,12.868387876373426,11.03320826425265,11.00910043954756,-0.024107824705090763
10.842650430651027,-29.856089287738243,11.297613877251473,11.251200171097834,-0.04641370615363982
11.137281633383878,-28.674388732181498,11.332693198393251,11.29789438881297,-0.034798809580280476
-12.503123228111754,3.6365516982183834,11.0007669513935,11.002207810575745,0.0014408591822459016
-20.324309188283706,-14.604296231090956,11.284656655301252,11.28804991342517,0.003393258123917775
-1.1164506850410092,20.15663139521515,11.246205135520972,11.296688569777874,0.05048343425690227
24.100940671739814,-26.65157501037298,10.885722889654017,10.901842585867463,0.016119696213445778
17.901421561375308,-7.113897995169545,11.390367527178288,11.389838393947716,-0.0005291332305716878
30.302533850861693,-30.430226281767034,10.848876941363889,10.875332177773721,0.026455236409832494
19.15499831480485,0.6658271182280231,11.402793666676615,11.474571540420802,0.0717778737441872
-12.617668321482775,8.489289745591115,11.024297975035148,11.032782412954605,0.008484437919456411
-1.9070371603414316,-11.236299716356477,11.349351920743217,11.356307274098466,0.006955353355248661
11.632048164730278,-4.421405850772921,11.58341490851871,11.569301842324197,-0.014113066194513024
17.689565277912244,18.454757168254112,11.85836007844134,11.818172874074568,-0.04018720436677192
13.595667189822137,-26.887704783379668,11.154314613839336,11.175255380882982,0.02094076704364589
11.344790815321922,-31.794785368795466,11.132311832248018,11.12147683208942,-0.010835000158596841
2.9228486578410298,3.066249850353593,11.410672946787022,11.389333836186486,-0.02133911060053606
-27.168615194050872,-13.08642948029209,11.267776831026971,11.263051051314218,-0.004725779712753564
19.35326509406331,30.486553166447976,11.528920335744747,11.529172290304784,0.0002519545600367934
-1.7522594062380676,16.843609701468672,11.263542004303805,11.223143799569355,-0.04039820473444955
-11.208400827320993,7.675884765962827,10.995908469735085,11.002019708182173,0.006111238447088496
-19.718069361179346,-28.70202326650398,10.420892493297352,10.423402790979681,0.0025102976823294654
27.20449907615653,-27.06392109435344,10.937688901141543,10.903319393433557,-0.03436950770798575
28.66989274042404,-17.25705695432606,10.943660143031572,10.958548898359235,0.01488875532766265
-4.700257061988552,1.5441402395239479,11.117555251207293,11.127364404699977,0.009809153492684075
7.132805775772731,16.140271476413716,11.37338542873986,11.375377977448759,0.001992548708898312
-22.61556508006963,7.828328216963222,11.001557593525293,11.07137793300188,0.06982033947658728
-2.86119344162919,31.552843651952635,11.149705273965562,11.137653074276393,-0.01205219968916893
19.615603484886613,17.37331306114625,11.868936524304512,11.820601789326435,-0.048334734978077165
28.58529875465038,-15.158147544444013,10.954906901829748,10.985737622217984,0.030830720388236088
14.694938103602027,20.4653427650319,11.56051905371011,11.565660740610307,0.005141686900197229
9.30951844638323,-10.019794683003965,11.524866140046017,11.508059371136616,-0.016806768909400915
8.546604329073432,2.578997354258732,11.529246559528723,11.46370515964992,-0.0655413998788017
-30.108447192191846,11.090646549047435,11.216752226393531,11.200536921335667,-0.01621530505786417
4.009428456912822,-10.6485699715681,11.488506151040994,11.421675029836194,-0.06683112120479962
-12.225174825536335,21.56544823697694,11.054409442402044,11.056233060680823,0.0018236182787791932
-0.2370600253943138,-11.052527871032908,11.371743421323902,11.418800340231476,0.047056918907573575
22.50253070682725,28.542717777193843,11.710472429650405,11.73167370337418,0.021201273723773895
27.133035731744442,-8.59367555704555,11.069149767483706,11.083454426890764,0.01430465940705794
-11.672686216454196,-1.5878664286704733,11.045099053689803,11.039413528765083,-0.005685524924720298
-5.979810337647706,8.41527202159007,11.104907296982244,11.1007914502689,-0.0041158467133435295
8.177877169715401,18.396646063615123,11.501020537017984,11.50595803647791,0.0049374994599258315
-21.675766921220884,6.014607770054198,10.959366876855395,11.028611665782197,0.06924478892680241
5.2959542180014125,-21.07603597619132,11.41885517727579,11.425863816807311,0.007008639531521865
25.472375088284743,18.832036576889003,11.620646502893528,11.612959371491629,-0.007687131401899805
31.438734703360794,-13.066777972081866,10.957577365021752,10.95947041285444,0.0018930478326879552
0.4988780406945921,-12.751636455216861,11.676761172437828,11.655808448932975,-0.020952723504853665
15.786672239993102,0.6422651041893914,11.518028480309185,11.517385955484132,-0.0006425248250536697
-21.88539362609545,-21.22219268965435,11.308327069977196,11.297251415643988,-0.011075654333208007
-11.898678850251123,26.671102919884603,11.30863983969565,11.245371907829787,-0.06326793186586244
17.47091065276831,8.484166651417546,11.663083714564678,11.649306846352102,-0.013776868212575621
-23.731253619308347,25.433103505555543,11.20495829601031,11.168428000649536,-0.036530295360773124
-24.818397267047146,22.928706847774095,11.215008529395497,11.216309553974575,0.0013010245790781028
-15.176878344290664,11.519869211134825,11.100733344555408,11.093626128610968,-0.007107215944440526
-23.40206396797918,14.852161308071658,11.199967233752233,11.165337619798535,-0.03462961395369746
-21.75600940584247,13.035600580147403,11.147796739033152,11.114236169502623,-0.033560569530528994
31.274901686943053,-24.48089750207194,10.936540332174738,10.921400733932341,-0.015139598242397412
-28.157206910490622,0.8707803612032521,11.15407973390965,11.174574148264853,0.02049441435520194
-27.700899935316976,-27.615368334594805,11.315032411262708,11.318505330177695,0.003472918914987133
-26.043041381784768,-16.99971292806739,11.297908473707842,11.298273741172325,0.00036526746448295455
26.300244929077785,-6.5264151439608895,11.17372981959587,11.173529857926141,-0.00019996166972902074
22.02337809527524,-1.423483543285748,11.411497702418549,11.441131106355884,0.0296334039373356
-12.7880514124546,22.905814416037494,11.125076670119572,11.154759560791957,0.029682890672384943
-0.40220215813231164,16.381648983938298,11.276217160608574,11.272857411308944,-0.0033597492996300105
-14.6490505800285,-24.314720786284695,10.705127287336088,10.708734782033488,0.003607494697400071
22.346341246452802,-12.694771554315182,11.156554449682195,11.208616648248233,0.052062198566037665
-29.400412145596185,0.2854386996106584,11.19722344118987,11.2038156874374,0.006592246247530298
30.242181981404705,-26.781941541135808,10.909526470678404,10.909597827038441,0.00007135636003674506
-7.457081262891421,2.495680419546794,11.046676014743399,11.05888544138686,0.012209426643460475
-27.328498566475332,10.48550656513791,11.210884156962576,11.190230413831202,-0.02065374313137447
3.9434655337675792,20.978029257110997,11.360210153667111,11.269077764032915,-0.0911323896341969
3.4519791509387616,6.072617230077611,11.345483970261725,11.309995653521575,-0.03548831674014963
-13.751916482474122,28.465588879961338,11.301717148972788,11.28251920760699,-0.019197941365797888
-30.87006607850838,23.224117060320097,11.590712242893009,11.573828889935575,-0.016883352957433928
25.571902705054598,4.988140536113548,11.462070913715378,11.483964383825425,0.021893470110047275
30.45896884659321,-31.224580844557174,10.84695809850761,10.871307101747314,0.02434900323970446
17.64401462013003,-5.156002110118685,11.395220005086655,11.385507029051807,-0.009712976034847998
14.845432971138415,9.415071639845458,11.783749283909085,11.785738066640464,0.001988782731379146
-28.65551642589385,-22.36795659520891,11.282811491294119,11.294268037819794,0.011456546525675293
2.7438519493884144,20.52256379328739,11.341468271544215,11.294764452700958,-0.04670381884325714
2.806135230119594,-15.048961005824047,11.833738847894967,11.794496539882122,-0.03924230801284523
-0.6683744031845009,-25.234563549470018,11.780844995992204,11.750904118972901,-0.029940877019303258
30.83462392397894,2.2496089283555776,11.164734241760488,11.188094988424057,0.023360746663568577
-13.133363495966876,10.256544897769672,11.128884931130221,11.113525889107365,-0.015359042022856428
9.240516798594015,-29.016631172385004,11.388867236223643,11.35849056958616,-0.030376666637483396
-23.380828912014678,7.675847185483917,11.02986013232951,11.077280612802506,0.04742048047299541
-29.553628663795976,-17.473038384544672,11.238678094936429,11.229485244202838,-0.009192850733590774
25.28271487937839,3.4718726680083805,11.456828724336283,11.4812969025987,0.024468178262416984
-26.196424848168455,21.46252181850855,11.386309473650726,11.407548123467471,0.021238649816744726
15.502457583248919,-31.03167091523502,10.933091495533615,10.925219918315374,-0.007871577218240944
-30.23917578649558,8.586339467907884,11.14327771200426,11.124334313945818,-0.018943398058441474
2.9962324091783543,10.710393662868285,11.181690011931014,11.16306797678473,-0.018622035146284688
-18.861517592940586,31.82103068529978,11.392070833838943,11.391874781716608,-0.00019605212233564373
-9.78824181580972,-14.754541278953148,10.820924624560051,10.821347504689413,0.0004228801293617579
-4.761382241377454,-11.95645190500607,11.098611019993903,11.099665767924721,0.0010547479308176122
9.29857121891122,13.977366734796547,11.533752018578044,11.533752098579203,8.000115947481845e-8
-6.953858619088784,21.564511787838455,11.22941373999407,11.216848437494761,-0.012565302499309539
9.247850637363207,-5.384903758304297,11.51446075869159,11.50292405747464,-0.011536701216948941
-5.169380818118448,6.03307909600337,11.157027500845349,11.145087736489815,-0.011939764355533455
-1.156502920123863,-5.916482277783977,11.290246309420132,11.28185230875567,-0.008394000664461387
-26.69395453059653,-7.939557804298346,11.335462082423623,11.31259435600794,-0.02286772641568291
-11.466220170166132,-18.170248032173838,10.944736310591304,10.946778284156348,0.0020419735650438753
15.637307699117223,-17.223064595198316,11.397623640564287,11.398879346668718,0.0012557061044304874
16.704296572400303,-12.583308463498092,11.351364595118628,11.370108596638042,0.0187440015194138
-16.40327151955949,0.8059179011000666,10.995028623080884,10.976509767646272,-0.01851885543461229
-28.32614198989083,13.28621700292706,11.228256351130225,11.167286603388863,-0.06096974774136221
-21.552027126178338,-27.60642326973666,10.42447027604248,10.418469965391257,-0.006000310651224083
9.80802973452547,31.92584164441074,11.298748019490628,11.294436581283112,-0.004311438207516005
19.338506336638424,-21.912331760162814,10.998101363667192,11.03697229976383,0.03887093609663772
11.036932298155058,21.638770516653096,11.30416692831828,11.30837285962945,0.004205931311171085
-17.401600275730196,0.9784349830397829,10.984395188779995,10.981737618583631,-0.002657570196364034
4.98173865198676,-11.007152220451374,11.458620168961968,11.437743745615652,-0.020876423346315676
-26.72692774812277,20.628373087922114,11.419601976616025,11.421233653742659,0.0016316771266335905
-19.715058593277178,3.5467994193387113,10.965810643115876,10.97688957651515,0.011078933399273794
-24.00577252207374,-29.92995413127977,10.774017326322268,10.774017161801849,-1.6452041862180522e-7
30.270902398448527,-14.335924416629574,10.944960493370601,10.971898157332976,0.02693766396237507
-21.430490141702336,20.8042701566196,11.113176616266777,11.128612798060873,0.01543618179409556
7.126663330929823,22.313437133286435,11.170045654846197,11.174949832724417,0.004904177878220395
-0.20412570360680604,-10.883471312606545,11.352530187977822,11.400309593595415,0.047779405617593085
-0.38695010242236805,0.49368481042429835,11.348454297886187,11.345597455214032,-0.0028568426721555795
10.999039259511342,-9.571167114949667,11.47433511786127,11.496969825226374,0.0226347073651052
27.414438384513637,15.439227125376242,11.501857769738239,11.493398682326298,-0.008459087411941013
12.166957731325482,4.097778053727609,11.49769429724893,11.516162803868628,0.018468506619697678
-5.969318322733216,-26.258623518136446,11.803999178514943,11.808948523432173,0.004949344917230647
-14.1003440540687,-7.0354874826794,11.250025775574434,11.250250629041235,0.0002248534668005675
24.249675923702476,14.898091682030824,11.560947300839144,11.568516161363496,0.007568860524351351
-31.551008154349276,-31.387121051071205,11.442152085919847,11.462899454839716,0.020747368919868947
25.158477363265334,-2.3873299420326077,11.424732084287456,11.348888356615335,-0.07584372767212066
19.031455772880904,10.284853212567889,11.71073201940757,11.695165954743326,-0.01556606466424526
18.439637394290813,-20.502385335610533,11.115071205679287,11.138963378120327,0.02389217244103925
28.417788565182654,20.95684603975384,11.503186105236011,11.516836438804619,0.013650333568607564
-24.605060314127506,-4.886267811116241,11.104685446015422,11.133859649258346,0.02917420324292408
0.28763132064798214,7.228084154335015,11.261169494995103,11.217629260239558,-0.043540234755544915
-29.675904773415326,23.818838577096137,11.562542910795997,11.557571082530256,-0.004971828265741607
-5.595691001282006,1.4054898530881843,11.089942762381177,11.108433228733457,0.018490466352279356
30.974411271430043,-26.926273729700824,10.883946616111247,10.912194957577587,0.028248341466339255
3.2892820550273,-28.972874264172255,11.398044785503304,11.42258211741701,0.024537331913705884
25.113863289924147,9.08423569395353,11.500249319460666,11.46749857461064,-0.03275074485002527
21.82172099599307,31.950942979232146,11.358419169794269,11.398550755869243,0.040131586074974024
-4.6568210947413675,24.40104943139159,11.123139056539234,11.130589006686192,0.007449950146957818
0.440561007424499,-17.302050820414514,11.932287405412811,11.93318210087399,0.0008946954611790403
-9.886228816854931,-19.895898594597107,11.21652169975203,11.240837802645629,0.024316102893598313
-7.0765829223622845,0.4189035494112332,11.085485242323108,11.086211750192733,0.0007265078696256921
7.892810537379276,-12.563502104650333,11.392320500181143,11.397683329795615,0.005362829614472986
25.95578262502277,-30.526820698490972,10.932282540660339,10.889441007959139,-0.042841532701199725
17.236391836444838,-4.168691187481535,11.396706965358083,11.370305615446853,-0.026401349911230554
-31.968507114757998,18.570334927638704,11.16559847518689,11.2271323164949,0.06153384130801065
28.500792860940173,-8.870956929949742,11.012147222658802,11.029726104776989,0.01757888211818681
-0.6673183560752705,23.504336497278423,11.198691458433505,11.22425090177515,0.025559443341645505
-29.198655017866898,0.28794500717405214,11.193017808653003,11.200306867577753,0.007289058924749625
-26.623241243844717,14.128890724101986,11.155606153195484,11.176260008171363,0.020653854975879682
14.873054423023333,-23.559599694090338,11.23835625793804,11.198623921984424,-0.039732335953615916
-8.783164561823455,-25.524232826974895,11.207588488201335,11.207196791022362,-0.0003916971789728052
7.288349209211255,24.068356795764743,11.163241730086641,11.14786993317638,-0.015371796910260471
-9.841392553163871,4.344282438770371,10.970314982501064,11.006347586574734,0.036032604073669816
3.725924057521169,19.85604461351975,11.326218437138829,11.257755255365414,-0.06846318177341537
11.884896629252069,30.11157447647824,11.269266254911374,11.250280263302248,-0.018985991609126174
27.618140802693596,-31.952229543961934,10.90333770774485,10.87677632270551,-0.026561385039340024
24.804569206093767,12.645117738294218,11.454903515275198,11.488141907666,0.03323839239080151
-23.567815877191272,-13.823618397253945,11.357921446995903,11.302571954838815,-0.055349492157088065
17.408713608575184,-20.13533841079112,11.186133417245955,11.20187405534204,0.01574063809608539
0.7433755547287078,17.385042803355113,11.30974913833108,11.281166250647376,-0.028582887683704428
-26.11665318634801,-6.8384551734300345,11.261470357581034,11.25104178451931,-0.010428573061723512
14.304571770279416,-22.672974135464095,11.337724099723129,11.2776169870662,-0.06010711265692947
-8.73127701750969,3.9176679177906806,11.022024607736784,11.029388336738965,0.007363729002181074
20.355410275592135,-29.113423097949003,10.868086076636782,10.927378927483739,0.05929285084695657
14.062732357021666,27.70442349438496,11.278848033134153,11.279258292113635,0.00041025897948188117
-7.4426462028683815,-26.473373630900042,11.33518777930341,11.319468068443047,-0.01571971086036328
-30.510411229843122,-7.593242279464604,11.398498000668194,11.359202482997114,-0.039295517671080304
-23.158347642460797,-31.570193168496658,10.42665010889258,10.426650083801189,-2.509139207518274e-8
6.779571816417182,24.960281267184513,11.24736336096409,11.232399052843522,-0.014964308120568148
-16.63198605389261,-26.67906241961323,10.627316352808036,10.627632229361375,0.00031587655333886744
-19.37816061851948,0.29914984410460477,10.956191729874444,11.025728890316818,0.06953716044237446
4.084071033821743,-19.553764418370015,11.661742437260525,11.661975511041938,0.00023307378141268487
16.632200274956475,-16.021310699628124,11.407578906116603,11.35191522699506,-0.05566367912154391
8.060227529173893,-21.39913303628245,11.4336444140568,11.411417916195907,-0.0222264978608937
28.37316467507172,26.0855668090786,11.67644226766653,11.714111532993208,0.03766926532667725
-14.374832696111596,25.743525809266522,11.214749518053022,11.221222001587664,0.006472483534642137
10.396267176115032,-6.779897051412753,11.510295277714265,11.50396078411762,-0.006334493596645174
-18.034778775881286,-23.191862484095573,10.756630591855547,10.83457468277804,0.0779440909224931
-31.63643889951718,14.361930353962727,11.227935282673311,11.192250918652748,-0.03568436402056285
-27.541840049561756,-30.162312327215496,11.410131487364042,11.385529458183383,-0.024602029180659457
-10.928137810290359,-8.977387573493651,10.636618553196108,10.66930331285187,0.03268475965576201
19.032040191203627,-19.313146248290337,11.176563771460806,11.17432762172075,-0.002236149740056703
-20.36306189274675,-24.5213003946007,10.732755486049983,10.761986299448289,0.029230813398305244
-14.776256383653227,17.732045558229018,10.89993333991254,10.961641133011998,0.061707793099458286
4.192037082008724,21.896337597717633,11.339882368288047,11.29423461943648,-0.045647748851566305
23.589467730539972,4.89945859239856,11.45306102018083,11.450712981823843,-0.0023480383569864927
11.891271796472807,-0.4563921299829232,11.527278044771238,11.530008974255034,0.002730929483796274
16.38954057145083,-8.870643230768472,11.358489061838325,11.358265229637276,-0.00022383220104948975
-31.63284402102454,1.4838605951308352,11.233777352631162,11.23378924240044,0.000011889769279349593
14.843040180829554,-13.900878405257266,11.37407581805745,11.377495586607218,0.0034197685497669994
-21.62544788744239,21.324763054161274,11.116329314328974,11.117950486749123,0.0016211724201493638
-8.440988051532408,-4.837767313900422,11.135838519751086,11.164359108607727,0.028520588856640217
10.804652557546618,-2.479511571720117,11.561624103958781,11.561985694739482,0.000361590780700638
-16.40913858237279,-8.292356361946695,11.271653764517374,11.27888581877782,0.007232054260445153
11.164911794431944,30.828419152556087,11.291808393407369,11.258451182960659,-0.03335721044670947
14.563499907879255,11.714508323720906,12.0538364903388,12.054033875341677,0.00019738500287758143
11.00411613472906,23.037955794534362,11.19484280927962,11.190130586441251,-0.004712222838369584
-6.023167225318893,-23.770827548535188,11.860828909688367,11.825873124597667,-0.034955785090700076
-19.91759066946934,31.987100289685777,11.389412143207805,11.389207995486743,-0.0002041477210621423
23.937113906785264,30.04972923986567,11.656267665545405,11.65677176781964,0.0005041022742346968
27.28215562684504,13.064852443485663,11.478083864630333,11.485646969853693,0.0075631052233600116
1.7427608280458315,-7.627323773250801,11.388550418920339,11.355431675660787,-0.033118743259551664
6.827168355357507,11.2503229402257,11.186737052745979,11.260791606778966,0.07405455403298689
-25.09770377655922,29.478807213061657,11.265851190426222,11.315596254964083,0.049745064537860983
26.90242698436856,17.2327114783077,11.480111117055442,11.5159881118986,0.03587699484315898
-21.445001294941555,4.0557971082125235,10.978161794288496,10.973881610904751,-0.00428018338374514
-12.662130679342745,-16.04291901063351,10.66789667840144,10.667954813655045,0.00005813525360487404
-17.787842681001337,-11.049585624682173,11.312592342863555,11.30963286844493,-0.0029594744186240973
-6.677983527552271,21.636496481346782,11.24403421351715,11.227354193322672,-0.016680020194478118
-2.85834589216595,23.606863453576743,11.151881225931518,11.179124420769735,0.027243194838217022
-21.62287876955267,-29.970957958256164,10.374745516806929,10.37471667685941,-0.000028839947518122244
-6.033216993860847,-11.957976958206174,10.958572474786019,10.960538642368999,0.0019661675829798497
1.1599142711353352,2.71481311828056,11.381144929312134,11.369660329670014,-0.01148459964212023
6.331610474697051,6.22335756776647,11.36418576587196,11.340747148928767,-0.023438616943193935
17.3958608046392,30.724122394391017,11.478553275901174,11.455737722395316,-0.022815553505857622
10.921207400767543,-6.243295538523697,11.536973783399459,11.522179043220818,-0.014794740178640353
-3.1952912863758627,5.65728503149009,11.211264154041116,11.20920512736969,-0.0020590266714251015
3.491582932530818,7.683386275940428,11.264609263028557,11.259329612524873,-0.005279650503684508
7.8044258409332485,18.842722898572333,11.450854233406872,11.444685946225224,-0.006168287181647969
-20.95432403493347,14.45913199609793,11.17371814928845,11.099579241034416,-0.07413890825403335
25.763212549195224,10.659334349292507,11.47802153821495,11.471608593678983,-0.006412944535966858
20.653047833950374,24.46491136540586,11.573988396049767,11.574337589085802,0.0003491930360350892
-0.43444264293746926,24.077295129663653,11.20216853432556,11.195775425871341,-0.006393108454219032
-2.049485569925416,-29.684562880959184,11.528015385920986,11.561412849617934,0.03339746369694829
18.067505935045375,-9.601137560869653,11.331126243650466,11.37103821829454,0.03991197464407392
29.271543339285294,-18.962947436055536,10.936741862007924,10.939859159426467,0.0031172974185427194
15.007674350176778,13.188443416754978,12.087945680250337,12.088525124840109,0.0005794445897713274
-0.9383363154586064,-15.623525597565653,11.861570724164949,11.81709490581825,-0.044475818346699114
1.2710669540084751,-9.391414259676573,11.362595137389237,11.339454218519437,-0.02314091886979952
-28.027477210785975,0.10564876699603332,11.195418064882764,11.197835862085306,0.0024177972025416494
15.976264304364882,-10.281304464360325,11.330068896646772,11.356575633262812,0.026506736616040527
-28.06356536108241,-9.041377441233301,11.371440952146038,11.353409145716052,-0.018031806429986474
11.628517565746762,-23.56559501892712,11.379056530071791,11.38269607715433,0.0036395470825389964
15.802969141978686,20.090933275713965,11.651752351863419,11.652438084046489,0.0006857321830704421
-23.729427030274422,1.224974097756828,11.055051283178146,11.065076609839545,0.010025326661398992
10.843063973538378,-9.358649976761534,11.486980242626998,11.508004122545199,0.021023879918200095
13.226634432319614,8.206708329890901,11.597134728599194,11.589304018656986,-0.007830709942208358
23.63248532344732,-24.84999590875639,10.89418116628672,10.898959454529532,0.004778288242812678
-27.92567898839905,-26.605811301865366,11.310926304448955,11.324684805431312,0.013758500982357091
-6.69182015188666,6.802884230561681,11.1253206623298,11.110565999093271,-0.014754663236528742
-17.933678222958143,-14.851336308802338,11.327512434947907,11.295274302051906,-0.032238132896001304
6.509045765433314,29.83642572431505,11.271090423020912,11.24580917327275,-0.025281249748161372
-2.839217590209735,30.121807715369577,11.136960766120978,11.148982915868388,0.012022149747409117
-5.049629946926174,-30.996424922727478,11.679535435473174,11.674342450262364,-0.005192985210809908
29.953067846537884,-17.45560166239749,10.938043221173903,10.95207452982098,0.014031308647076912
25.369742387044703,20.25686559823633,11.67964137732299,11.697162428734913,0.017521051411922173
19.78758445928375,11.54784910335929,11.706882260727633,11.705091402292414,-0.0017908584352195334
-28.40777805576358,12.598026814576933,11.230573584103345,11.170912765000715,-0.059660819102630214
26.684739279340405,-17.688509297041485,10.922134569983193,10.94729039620805,0.025155826224857236
7.129083529619109,-7.473999796381044,11.454803948438276,11.44056541234763,-0.014238536090646292
20.32595077116607,1.8446652934158578,11.422218094716207,11.434242661518725,0.012024566802518066
-7.672647797578286,31.34547959944942,11.133635867817716,11.132772705247358,-0.0008631625703579004
-31.330055524542516,-17.256903086904536,11.20755116294125,11.205145312846245,-0.0024058500950054906
-8.81004901852679,-12.042609575031179,10.658144710595531,10.666596598460977,0.00845188786544604
12.793872106004159,-17.245144022155955,11.369772020477388,11.387059219198399,0.01728719872101081
1.0399192315478274,-18.864368542568414,11.871525277731633,11.832247677421995,-0.03927760030963867
-21.88142338227201,-11.539408994367797,11.335180701136748,11.309435534651694,-0.025745166485053872
-7.468183434452364,-9.468089647247382,10.664214684151155,10.673176446566055,0.00896176241490032
-29.715740002468237,-18.172707919376172,11.23765643041802,11.216343601618362,-0.021312828799658234
2.3046947400487667,22.772503548303767,11.28246294894497,11.28237945203022,-0.00008349691474940357
-7.164963743692105,2.1998490820556,11.052745868435109,11.067243286594096,0.014497418158986974
-24.82399800993654,-8.112846528581848,11.303536896896222,11.286260453460535,-0.017276443435687128
11.509629260124377,-18.568825863770464,11.36757750100853,11.376990221212857,0.009412720204327485
-3.6669568705557296,8.421927264715073,11.07832637175893,11.127506999313376,0.04918062755444552
-8.685527581067227,-31.796053342319702,11.30962204499752,11.309208352537745,-0.00041369245977485036
-12.069028969446805,2.173500781102284,11.021445109715378,11.023450188368034,0.0020050786526564224
-12.502690256011618,-4.682299325303511,11.214413480492638,11.23527486523648,0.020861384743842137
-28.597892881790003,-31.082444158397237,11.398084519597639,11.404164937178162,0.0060804175805238
30.370175851676855,-14.552257328775717,10.946779097769996,10.970586662861994,0.023807565091997773
-26.1077257301518,0.75099802707836,11.136651246420222,11.130622122724365,-0.006029123695856953
-7.599755277561911,15.647758671729108,10.957384571197899,10.95328985578329,-0.004094715414609595
-8.636171228641267,18.795599531359706,10.954285425822604,11.01408839154204,0.05980296571943633
8.435213987220607,-14.193521643250193,11.378212205578578,11.385010369885004,0.006798164306426102
15.873609499135924,20.346426136081313,11.63704276135499,11.637349793132026,0.00030703177703550466
29.19297599041615,15.798450500891171,11.505059309962864,11.494468753699854,-0.010590556263009532
-14.370581044395657,18.475522488112787,10.917627993168407,10.967724819744724,0.050096826576316644
-15.575391714489491,-30.069153264063353,10.500517626623788,10.492371180433501,-0.008146446190286483
11.076616454001488,9.724826497587792,11.522191232722923,11.5161528495854,-0.006038383137523695
-15.393726548647123,-3.5233600283068895,11.205781604798165,11.183464995749192,-0.022316609048973035
-16.700519169838216,-11.229048621539775,11.326926362665123,11.30593542233182,-0.020990940333303953
-17.105693261486408,-22.821475194258696,10.816192802912784,10.840658260265299,0.024465457352514264
19.05744506633961,15.06865745349004,11.791375546490867,11.806273541368274,0.014897994877406617
31.452641468368917,-9.323040006153335,10.947198710428669,10.959787144030718,0.01258843360204942
-31.053678804871822,9.368985025469982,11.168573412823832,11.137029480044397,-0.031543932779435124
-19.767921009087466,-18.440800591338544,11.295807728359078,11.297410995741291,0.0016032673822135024
12.75384130116558,12.826402960987224,11.871793838300462,11.875032082861344,0.003238244560881398
3.700074025767101,-19.797841385517962,11.687266998199188,11.678238481489977,-0.009028516709211232
29.73391755057377,-19.33101871023655,10.940062084876555,10.940888396846264,0.0008263119697087262
-26.907288869156574,-29.277501252805173,11.381922020296248,11.379677280268325,-0.0022447400279226315
20.468935989133023,28.710433243763404,11.606489971254653,11.60649023925506,2.6800040586749674e-7
-24.73824554975525,0.3803242290968569,11.110202122988534,11.111227584515406,0.0010254615268721068
19.976169855242034,-17.144373925646867,11.161357209942684,11.19300855617269,0.03165134623000654
-16.237609994622296,22.484742325709966,11.04384563466249,11.088436835822735,0.04459120116024451
-15.51476770106219,-8.139817342252805,11.296828721941257,11.282485629428463,-0.014343092512794087
3.9248889065680146,-16.235839144766516,11.820308519937619,11.81669802465981,-0.0036104952778082122
-0.5150222133860609,19.07790614657378,11.28909231632465,11.28876721954665,-0.0003250967780008551
2.982261649831365,-23.55577736052755,11.468829613384584,11.48090624012814,0.012076626743557028
-7.501814004483897,21.04002655685862,11.178683521654273,11.16259966015675,-0.016083861497522278
20.66682365462922,13.682936582996561,11.693581857991665,11.67256049132473,-0.021021366666936103
-19.38176105615345,24.57528123891609,11.151921601501087,11.162036995583987,0.010115394082900409
23.704949494606446,5.28882169170695,11.459433424470888,11.452743371044043,-0.006690053426844145
9.408732825742526,-24.142247167127728,11.374451007459113,11.403129382968155,0.028678375509041842
-20.17631006657367,-12.306459092524513,11.308190686756042,11.301984935378279,-0.006205751377763136
-26.17184432624017,-30.547116487625132,11.214569762115172,11.212178693042942,-0.0023910690722299677
-12.494545678987173,-29.00704691143398,10.584727999398133,10.577804320993287,-0.006923678404845646
13.704538209169755,-18.696933301867936,11.391590039907394,11.36749532077435,-0.024094719133044507
-0.7961329003224122,11.552835260762123,11.117090615165433,11.134679209051994,0.0175885938865612
15.256006405639404,22.837083161991167,11.42996107236293,11.424531457417254,-0.0054296149456760645
-21.96224422221814,-12.022383602423666,11.334152358254977,11.3164524088117,-0.01769994944327813
4.095195433342077,-21.500574858255774,11.485926510751645,11.548889144573877,0.06296263382223266
-21.467278056651615,30.618472460360586,11.435110981754212,11.391784492708531,-0.043326489045680816
5.823805671619027,12.962781095001269,11.183962877526458,11.203078553529924,0.019115676003465865
-5.535014762434599,26.859703552855613,11.121500579134384,11.126859565079267,0.005358985944882377
9.591023399879312,26.894973557600018,11.032721060844718,11.028766951807564,-0.003954109037154652
1.1150149766963438,-13.930180791995035,11.856313875042806,11.828074850528706,-0.02823902451410021
-27.977236467601394,13.642650434203219,11.21564331949993,11.166470653982294,-0.049172665517636105
20.55042411563464,29.029341136448224,11.645872031121838,11.614667990717386,-0.031204040404452016
20.313577590874893,31.03758150160065,11.426219137287472,11.437106102839808,0.010886965552336036
11.945700547318424,21.551616569915602,11.336635480781458,11.337862488952176,0.001227008170717525
-3.2576206607048235,1.1291317535767007,11.223409913549194,11.191160055270666,-0.032249858278527554
-27.998148763280668,-18.064466179879965,11.270770473198294,11.246403232878238,-0.024367240320055217
-10.566189062515619,5.437075171452314,10.954835663469774,10.962695363397364,0.007859699927589503
24.348382055515856,-20.850470813351286,10.904698057876665,10.90559619248445,0.00089813460778565
7.372121989058357,-1.750357849903338,11.516978032661621,11.504168833440998,-0.012809199220622958
30.126613461527505,-29.87262246924174,10.851958413608868,10.879997607713268,0.02803919410439981
1.5561280437720129,2.5114624604769986,11.39169010754217,11.37904963904548,-0.01264046849668965
11.898370768141191,-20.13582776708232,11.338324121800708,11.335680424058799,-0.002643697741909534
4.367997587472999,-25.060783324796873,11.37632543808094,11.412366348768128,0.03604091068718773
-6.3020182352515945,2.7933982800188204,11.062709345642437,11.079092904903616,0.01638355926117896
24.22923691631094,31.01070118048675,11.612592422179965,11.612996450855174,0.0004040286752093891
17.749076509921238,31.761728523854714,11.357495871914974,11.357680647093115,0.00018477517814119437
11.583356914818104,22.2851149657335,11.271475859676778,11.263683402683949,-0.0077924569928295995
-29.08327122093361,-6.955048771674896,11.35158470086617,11.305500029607044,-0.04608467125912519
22.884316183207588,-31.191515469627667,10.924201056485085,10.895131455129082,-0.029069601356003005
0.6865971469993184,14.154886580161637,11.180119733512925,11.193630735036624,0.013511001523699662
-23.335748239074256,-3.492210271530226,11.069755412770679,11.074213531747661,0.004458118976982561
-20.811914325775817,4.874749182826136,10.973416162205027,10.998660834160143,0.02524467195511626
15.717370653644586,1.1981844253481597,11.51827891094496,11.519048816898904,0.0007699059539429953
-2.825048765585926,-11.348447686287805,11.25843153715454,11.271223449442902,0.012791912288362184
-5.43449837363422,2.268192679499819,11.076762195634302,11.101788225252415,0.025026029618112844
9.147437639562675,23.243630260199723,11.11361317612648,11.143184355595247,0.02957117946876764
21.686758240003783,0.1277764384724449,11.42596013874181,11.474964638898323,0.04900450015651181
-10.922945237415142,-11.396514459156109,10.43346441123512,10.4371380030138,0.0036735917786803185
9.992450996942246,-26.334995091987103,11.337875935267219,11.335677463534859,-0.0021984717323597636
24.69657822869828,-20.70530518850245,10.911539965982884,10.907925068965195,-0.0036148970176892448
2.420409920164616,5.022495888952946,11.376079345087563,11.347343790514373,-0.028735554573190214
9.29567642657338,-20.179392327673185,11.431025909087452,11.384289092066686,-0.04673681702076671
14.67798886781349,-26.453464103699574,11.062790101494583,11.107039186295927,0.044249084801343486
-11.441085011120116,-3.68460938611873,11.09188078485317,11.12648919711903,0.0346084122658592
26.05093436205403,17.192751049222643,11.498602832042756,11.537701173767623,0.03909834172486626
-3.370721147732226,22.328909680388485,11.24003832353757,11.2837631692486,0.0437248457110293
-19.73637175725387,12.21881353755883,11.067117481433016,11.064701852110169,-0.0024156293228472236
0.08872672521714975,21.29684510579431,11.233159142082227,11.262564793305273,0.029405651223045837
8.637213425703308,-6.383126406877643,11.474731837540636,11.477988534067311,0.0032566965266749293
-28.647620419480916,-27.95059130741621,11.304825617762935,11.33310770280846,0.028282085045525207
19.60769595171989,-7.413501978577742,11.380285305745083,11.406117262433508,0.02583195668842464
-18.056874866074217,16.264165438326337,11.052872901118835,11.018425730358995,-0.03444717075984016
9.560045850076548,30.149100819842232,11.291053601090159,11.22327682180193,-0.0677767792882289
11.881758250668106,7.476261158047919,11.499281250685458,11.50459566425348,0.005314413568022758
-4.1397662617047715,-5.460657422549524,11.184915823229879,11.188378206678447,0.003462383448567863
23.985373100242256,-4.094632148152201,11.446560735919082,11.445541646439546,-0.001019089479536106
-10.432302579864903,-19.754818586560276,11.161889340549067,11.180745895144778,0.018856554595711117
3.1791376716885154,12.078172455913034,11.10598786233746,11.115208520200666,0.009220657863204806
-17.559371797015167,-9.747663903699944,11.283392499858714,11.28903209648333,0.005639596624616772
0.21866321741900663,-4.326658336359671,11.310831691786504,11.312138459190681,0.0013067674041771227
9.695869397964017,-5.983399951884223,11.522858479860812,11.507411107375592,-0.015447372485219546
7.92747983927444,-4.483483134902613,11.49084978289438,11.481713335767676,-0.009136447126703473
-11.794733524930948,24.90032608285741,11.295532309247141,11.241446118645658,-0.0540861906014829
-25.17935265227991,11.178525180404876,11.168035853924637,11.161574086366619,-0.0064617675580187495
23.836011317062734,-7.203922553113394,11.302606531302633,11.280009686294544,-0.02259684500808845
-18.97031119960105,25.753262324350693,11.23897881451086,11.231219796225025,-0.00775901828583514
-18.99027162886466,-16.26469652726533,11.291829992911387,11.303821611166205,0.011991618254818093
5.915936217381557,-26.08149522746001,11.416974404166343,11.41620245379107,-0.0007719503752721124
-1.0304605880181938,8.96541451310334,11.102621225736437,11.151927149731254,0.049305923994817036
-20.356397313273312,5.486874747481558,10.97333734179226,11.004401496542123,0.03106415474986335
5.185169862786886,-0.2676034065043851,11.46981822175187,11.4705253738012,0.0007071520493298067
-6.996685443770957,21.404341918958238,11.225806196310081,11.202180464891338,-0.023625731418743356
-6.8417696557471785,-0.22707986517951895,11.11660606377818,11.095958058322276,-0.02064800545590373
2.1718816814160604,-2.4850554297913874,11.385637117579764,11.400775700656451,0.015138583076687695
26.523801564260147,-8.206228964938028,11.099785765728164,11.115117163136278,0.01533139740811329
20.700652447262883,-8.56489943165893,11.43057320525338,11.406569958892323,-0.02400324636105644
11.801502374096202,9.389526710140252,11.559503042436553,11.574209178160253,0.014706135723699276
21.493688683131722,19.576907003589348,11.86161247539822,11.838883635987353,-0.022728839410866897
26.028401544545467,-20.44929629017026,10.910788553581046,10.915710696827656,0.004922143246609778
3.7578303812280254,25.762669364601912,11.260286164778599,11.280299836407709,0.020013671629110164
25.673804923449552,18.30393726201722,11.579229426556775,11.575358863518298,-0.003870563038477215
12.944182111010605,27.539062956007918,11.21430325213502,11.214386834136134,0.00008358200111402425
-30.612568654789385,-23.922911899650067,11.290070846110758,11.271393574002433,-0.018677272108325482
-22.47158015303718,-30.696600124289603,10.405907326138298,10.410184652224796,0.004277326086498334
5.716910231592998,-0.3101184636481875,11.480814672911775,11.481548357689642,0.0007336847778667277
8.043260901510024,6.696664305378306,11.375655885615924,11.361518501013279,-0.014137384602644687
-4.224684009606371,19.284360944709952,11.263056542707616,11.263872274082988,0.000815731375372053
-25.25493773206511,-0.8799045191036825,11.138910027295912,11.130991633459132,-0.007918393836780169
26.057349882361123,-3.277611534346285,11.307178830886603,11.287307467481483,-0.019871363405119524
0.812053151563326,-2.470581862771965,11.32764606988109,11.352028121911781,0.024382052030690105
-0.5509365249369367,6.202136099897878,11.296271382166108,11.241620357242876,-0.05465102492323126
12.966012099403443,-18.24819017541168,11.387298199251145,11.377186349376986,-0.010111849874158807
-29.083961819400272,-10.117080515290795,11.378080381585427,11.342614253571243,-0.035466128014183695
-12.26315062987549,1.485997880864133,11.024357243402315,11.033543993388735,0.00918674998641933
12.553999286966842,-17.064374481377243,11.359730493191822,11.381734734547184,0.022004241355361387
-26.016773130962534,28.23884770541695,11.316733376703894,11.292275494401098,-0.024457882302796108
31.045600911493324,-14.809694948648307,10.95626346752468,10.963527878218928,0.007264410694247658
26.91281926653504,-1.0005696917282307,11.383492698248684,11.335357879531449,-0.04813481871723546
27.589437601424613,-1.140539674731123,11.305865766709953,11.307941211452519,0.002075444742565935
7.360270315687487,-7.737305623831446,11.454211344212379,11.440137408543244,-0.01407393566913484
-20.812915329486273,-4.888605835896293,11.113880174326475,11.152283355600487,0.038403181274011544
-0.7890662141933475,-17.18768140228689,11.933292388486178,11.93075332673018,-0.002539061755998162
17.63537260739148,9.1568092937705,11.717045776637143,11.691940001502442,-0.025105775134701247
-29.12073019466888,19.302635257900498,11.491241094102373,11.486454560157261,-0.004786533945111415
4.632169491296388,-6.413124830094411,11.474222935883482,11.418221092873505,-0.05600184300997668
-25.22189567760254,-0.2767597673560971,11.134823493522887,11.133984799877684,-0.0008386936452033922
23.737617394934112,2.5378513726547354,11.446385250181736,11.45653648902248,0.010151238840743204
0.4703800612807143,2.6765619051246006,11.368465065472538,11.356032213128834,-0.012432852343703615
16.64345278039562,12.782435622800087,11.899472290531111,11.895749008024337,-0.003723282506774339
17.17878306672766,-20.253607448454375,11.185333337386714,11.2072495004349,0.021916163048185666
23.102486264512095,15.14021311775889,11.630074055349787,11.61711602901648,-0.012958026333308226
-31.600296081065565,-15.648464494309607,11.216521245605678,11.222588788418664,0.006067542812985494
-18.68746948079476,-13.768599932307517,11.304167748736859,11.297137663498887,-0.007030085237971662
-9.403292647368893,-10.800369182659054,10.486513760408501,10.488866295847293,0.0023525354387921027
16.764644579983006,-6.851432360471492,11.401407838972174,11.388409852246163,-0.01299798672601149
16.85644958100648,14.612388547106484,11.962469056500627,11.965882576675995,0.003413520175367779
12.90293058669878,26.314482202669325,11.160191518073788,11.194556074586929,0.03436455651314141
-9.711362688656138,14.056851264585276,10.940073996102855,10.923794524733934,-0.016279471368921605
-0.3545286188729193,-26.444516052092872,11.605897083383049,11.62786574461905,0.021968661236002163
-27.737826017147768,8.222954614275139,11.197172680279557,11.193708235141429,-0.0034644451381282693
-4.314698653253032,29.80495472309753,11.120019219384094,11.127943456074586,0.007924236690492137
-0.5449251461227718,-18.40837617605247,11.906728529000373,11.913789798567242,0.007061269566868589
-30.96496823901836,-27.557960680069804,11.359882360724715,11.342370282887245,-0.017512077837469775
-4.083380965738172,-19.786277632677688,11.805336605809313,11.805234855544574,-0.00010175026473824289
6.422624609135724,-5.094106231934198,11.484487696652836,11.45938903431575,-0.025098662337086353
-9.378697427289652,-3.6423055400800664,11.105085862259237,11.115370860907127,0.01028499864789012
-4.6765647422970105,-11.248630598684898,11.045029627662926,11.050324763621136,0.005295135958210295
18.103603293251403,-19.4373890837917,11.206840618616319,11.211208042697848,0.0043674240815292364
-5.080874432924979,-18.045580426463445,11.589175763139734,11.583433030533543,-0.005742732606190515
7.8183176334080144,8.71082723301361,11.293612172339401,11.318122911354513,0.024510739015111582
-30.953211424751395,-14.635272234160688,11.220015799570286,11.220877456287893,0.0008616567176069623
-3.1413586985469095,13.946542455167155,11.030089360192344,11.07529820874426,0.04520884855191554
-26.80661037798759,-10.293493207021719,11.367166131525432,11.351138096040366,-0.016028035485065928
25.389907786626395,-2.9770934786962044,11.383521505490023,11.325269429191948,-0.05825207629807494
-0.827884963863319,-25.215181704017063,11.791019776600152,11.757007456327727,-0.03401232027242429
-24.636934673263077,27.27137863856295,11.173017288354147,11.232759424927263,0.059742136573115445
19.687941885818148,24.548119614843152,11.522104772368946,11.522104717865409,-5.4503537683103787e-8
-13.212732721776781,-11.014204826311072,11.194282330492989,11.181384676075593,-0.012897654417395543
28.143846711183187,27.954827542823693,11.801110905872338,11.799899732523695,-0.0012111733486435128
12.081948677499547,16.350358648395172,11.729742040249938,11.745569353594204,0.015827313344265903
-5.0774403910575785,-26.48666310878575,11.795215348005634,11.814923068501411,0.01970772049577718
8.44849452887911,-27.19420578037016,11.323654566434794,11.328518578584362,0.004864012149567998
25.08711484449718,-7.4852386611919925,11.165183092509984,11.195547787068145,0.03036469455816082
-14.547636334844519,-2.0806388703245133,11.095763883771163,11.100758551406548,0.004994667635385142
-5.099211268092752,0.25317486363848474,11.117670810284217,11.133680042470205,0.016009232185988154
7.665010329527185,15.569397234367685,11.41141532336674,11.417277348354606,0.0058620249878664765
26.690052229393594,-8.753221524262067,11.087873193572426,11.100078555091624,0.012205361519198377
-10.681834645599338,-5.892961270953656,11.29727286390566,11.331377659693286,0.03410479578762704
-18.885857477216625,2.7585566947560025,10.983373026639418,10.976410823736911,-0.006962202902506931
9.050110156960464,-16.2973587481804,11.391783969564903,11.373472671238845,-0.018311298326057823
-7.35037945384709,-29.9467067628172,11.532249991238222,11.531046089431982,-0.001203901806240637
6.191164634757001,-2.709205648952725,11.485140734203986,11.48167311563641,-0.0034676185675763804
-28.18278197973263,-6.390062619223194,11.32273237526352,11.263946361423885,-0.058786013839634776
-2.860792366025926,-8.271014753355708,11.219708360512469,11.233374636175707,0.013666275663238636
-17.801891677598448,14.448404944001076,11.057863267322999,11.006187091566852,-0.05167617575614614
-23.655570014791017,5.10306107573647,10.98714681673925,11.002798135022537,0.015651318283287807
-18.58297698529133,9.36208150774273,11.007202886080812,11.037912020884855,0.03070913480404336
15.766098146994523,-7.427736324702622,11.381671860917397,11.381182771090952,-0.0004890898264449106
-0.6850927777962781,0.9433325886520976,11.349116196160802,11.33690720402393,-0.012208992136871544
19.79981240809815,-25.46729607895795,10.924966802566553,10.979593654697483,0.054626852130930104
7.412814239973478,-20.10659014653462,11.385390814172222,11.415900830200767,0.030510016028545195
4.150103756104947,-26.118185102848635,11.391528918610504,11.415429607186597,0.023900688576093287
-30.41102221044725,2.1994056486610063,11.165287172771297,11.176891191238063,0.011604018466766064
-26.527441271862834,9.70843497889809,11.201123784282373,11.179596351576523,-0.021527432705850558
25.054716979615982,18.517630670754876,11.629307302357741,11.628204376275473,-0.0011029260822681408
-9.652727136551555,14.681203507555594,10.921646526731578,10.928039040384647,0.006392513653068477
-20.443822246211653,4.205074933062598,10.979272132713113,10.97964873891738,0.00037660620426649416
-10.81980780140303,14.772476358658295,10.916172661791853,10.915839597819947,-0.0003330639719063555
-20.654529839343688,-6.554564567391125,11.192255292730747,11.205212278429723,0.012956985698975743
22.09863812767719,-19.688644119106996,10.96689630774532,10.994372347186514,0.027476039441195255
-30.921881420440833,9.493390082567124,11.176087334156147,11.14244389649064,-0.03364343766550704
-30.505500636524523,30.03522290516411,11.47025311431019,11.459422288017505,-0.010830826292684392
12.730302544426067,-7.2681503684163715,11.474932899239388,11.490624904028657,0.01569200478926902
19.95707009973723,16.448028847351416,11.820421307635192,11.800870754898073,-0.01955055273711892
-24.7066897282512,2.053588451440902,11.064356302632694,11.052758407039192,-0.011597895593501661
-8.684242530545916,-11.112674964715673,10.59249374295776,10.596712579838913,0.004218836881152654
24.90449721266974,12.843752429132245,11.45371262598264,11.501610094540522,0.047897468557883016
17.8551642652273,-7.388286393815278,11.380302156517693,11.379047887186479,-0.0012542693312145303
31.55806556017575,24.879919343803593,11.52514588016249,11.547731720925157,0.02258584076266601
16.280977004762335,-15.039484022498392,11.37157400195866,11.37958555500717,0.008011553048509867
12.770197615370776,-0.942506575200774,11.589893647645635,11.552926649743112,-0.03696699790252289
24.72869448297599,17.295039346034606,11.584487631678254,11.596620637090222,0.012133005411968156
7.327618804103672,7.123305659409262,11.349334635981899,11.337550533763924,-0.01178410221797499
3.544365071160648,24.241320412410474,11.293618781374287,11.297873646848316,0.0042548654740297565
26.016328028475364,-18.04835098430827,10.935901016519752,10.943876476569113,0.00797546004936045
28.02779554159715,29.66731496587075,11.839674461145949,11.82965231620507,-0.010022144940878164
18.674435311623583,25.20190214314148,11.44211943625635,11.440161482099084,-0.001957954157266073
-11.525694906684379,-11.34587625745479,10.590757482945985,10.554967750348855,-0.03578973259713081
16.553028853834462,-6.0474382451441855,11.401185902622377,11.396013894593002,-0.005172008029374453
30.805022527720276,-28.691650863195186,10.863199773566981,10.902508380841844,0.039308607274863405
-20.57052558434787,-10.928338645014769,11.336733862232812,11.29553464564935,-0.04119921658346115
6.893608910992938,18.561575539674173,11.412988698890938,11.400281140037043,-0.012707558853895407
-21.19589118560949,0.3961597473123035,11.002274367291106,11.054096528795075,0.0518221615039689
-3.7713799993428623,-24.17536643672561,11.942746112866406,11.924379407805471,-0.018366705060934407
9.012561274330515,13.858973042144711,11.498433114525143,11.49843323537709,1.208519471163072e-7
-14.531320758880206,-15.481400775785303,11.011340560398935,11.007231153412118,-0.004109406986817277
18.457575839451053,27.702649358214643,11.478827748509408,11.451121629378273,-0.02770611913113541
-27.503054238527234,-13.38430680411384,11.232727757975448,11.253511463208765,0.02078370523331685
-31.13814023964899,-21.559673325783095,11.252847966807675,11.238249556168881,-0.014598410638793524
-13.195458848184565,-26.284343612438725,10.625137940696323,10.625138076179175,1.3548285160425166e-7
16.370893850949372,7.6086101708940035,11.567848373274161,11.600332846395476,0.03248447312131475
22.65375030751725,-13.218394513186027,11.140327928127828,11.157739057016077,0.017411128888248584
5.854097728155104,16.244282381305652,11.252740811427374,11.2516502660249,-0.001090545402474774
