x,y,source_reference_height_m,native_height_m,difference_m
-10.286861355834859,-6.211632919940179,54.8973197378129,54.917231628089226,0.019911890276326005
-20.031647597615446,-3.3168529445482733,55.13753736468246,55.176946202740176,0.03940883805771733
8.188229386262442,16.720211234426827,47.816633690128306,47.80365567199809,-0.012978018130219482
1.3124926600730618,-0.18094883152345886,47.46508833549266,47.510741431969265,0.04565309647660598
-13.44968046183304,-17.28140903309731,54.7554976230979,54.74387316568846,-0.011624457409439515
6.6497893686412795,-28.99697292137823,47.4371133928093,47.56372987365244,0.1266164808431398
-16.688210176673714,21.83967915187371,56.31678611366124,56.3538746327478,0.0370885190865593
-26.239465816590396,29.694025137358878,55.91682190454054,55.92874853525637,0.011926630715827002
-30.84400254020985,23.98483915840481,55.9276299958124,55.9348321843949,0.00720218858249666
7.679517903303925,-18.21381149617492,47.600356846181654,47.5919110265265,-0.008445819655150899
22.778757932154107,-9.897621470090549,46.98219825833352,47.1277666128025,0.14556835446898475
-2.8425557158610744,13.026850501734195,49.91552193087487,49.81886492708561,-0.09665700378925379
-10.5245007851249,22.837691278736692,55.48576099228342,55.45867186914877,-0.027089123134643955
-31.954366232675056,17.35955199274931,55.54450750670758,55.54592723639554,0.001419729687960114
-22.81179507247723,14.367273306464305,55.263229642287506,55.27934000192375,0.016110359636243743
-28.197976036391246,8.103707984489041,55.24529116908121,55.2688313732242,0.023540204142989296
9.897260587953689,-27.642489543654428,47.73461025084738,47.74907241254707,0.014462161699690057
-10.887431225584557,8.227785262916584,55.38708293250442,55.37588167626923,-0.011201256235189305
-16.578475864876488,0.7482906369157902,55.19306654167332,55.180928260704434,-0.012138280968883919
25.74436981135174,-14.336408076074676,47.04544102169289,47.045097282404726,-0.0003437392881622259
-19.215424649167446,3.5331412526143637,55.25141020937526,55.20041905449169,-0.05099115488356887
-9.708911205077158,-0.580965989670176,55.05415790371638,55.04992938137293,-0.004228522343453278
1.724131930798542,12.132004269627132,47.55663087569166,47.55187302322098,-0.004757852470682167
2.019133773831996,13.090580511209552,47.58237617782148,47.5682518549147,-0.014124322906781117
-25.312491439720226,15.982609027612277,55.26377758350621,55.29315040104488,0.029372817538671825
-11.578806174449944,-28.340591455192595,54.3158297234073,54.32171542215916,0.005885698751860957
-22.347282091662642,-1.2509144094685212,55.17156971729344,55.20671122508605,0.03514150779261627
13.515639117865476,-14.059402713908156,47.85423008305409,47.68548397601836,-0.16874610703573012
-2.34044728459439,-6.151468686731228,51.795125739954855,51.7806038081632,-0.014521931791655618
-12.761682412435697,-26.51077508948797,54.343984079262825,54.36240303330829,0.01841895404546534
11.723406049442602,-13.164159755538975,47.80674431499442,47.686599712288704,-0.12014460270571448
15.146180097583887,25.18785751919077,47.91510897927612,47.852461406654925,-0.06264757262119502
-23.306042792826155,26.121949459770143,56.18290014854433,56.20734198746836,0.024441838924033732
8.425322183185386,-30.40483071828651,47.63928931878551,47.626711570502366,-0.012577748283142398
28.66187073091053,29.15681267778409,47.790185240669146,47.76304444081299,-0.027140799856155695
-9.982283438056008,20.958217062900893,55.602746769138655,55.60247734661772,-0.00026942252093675734
-31.817171124190438,-29.486279419383372,54.84305214459253,54.883109495507966,0.04005735091543983
-4.6405549067625245,-19.483480736395414,54.45637847077422,54.42967254693236,-0.026705923841859658
-11.878099607232457,-31.487733954392517,54.23363581514923,54.27740711961936,0.043771304470134
22.033835833603824,-30.58695322596224,46.802769646218884,46.975383489998336,0.17261384377945177
-23.292188578956818,11.728253347019688,55.24688305127471,55.249028151273365,0.002145099998656974
3.7943054198160056,-2.867469413609811,47.48100724387696,47.48454021318303,0.0035329693060717204
22.57131028213132,-24.657266220508788,46.87176692450187,47.01435432548765,0.14258740098578215
-5.2678572678834,-17.68896462518645,54.556420536809426,54.46708203759322,-0.08933849921620407
-5.224615823750199,21.040450420353956,51.571432440117654,51.57167041295385,0.0002379728361958655
-4.929971596568514,-24.086828919584867,54.06047497025956,54.05219720701378,-0.008277763245779113
30.580597566801735,17.61430845944679,47.8239920043804,47.85435281797637,0.030360813595969205
26.060961124602066,-8.566035763502803,47.104715324966854,47.11314748046103,0.00843215549417664
-7.299915297953838,23.670554583511176,52.17144139130639,52.1662774990965,-0.005163892209886001
-4.374997634615845,29.764486487739006,49.01717792389803,49.1086719815096,0.0914940576115697
10.115475607431037,16.30736996240728,47.92261763933888,47.804307458192525,-0.11831018114635583
-9.83144313417965,27.969769355448307,53.54997538150151,53.542892525106545,-0.007082856394966086
16.06211476635908,-24.15269179293299,47.69862967114133,47.69360655298783,-0.005023118153502537
-6.69890489437455,5.816010752969262,55.21375795254863,55.1900033913265,-0.02375456122213393
-16.662949268075437,-22.376093842665178,54.71972925285351,54.70850860617214,-0.011220646681373125
-17.46549636413181,31.829358838144657,56.179453095185494,56.12458722319041,-0.05486587199508364
4.149454831306208,18.295253845134766,47.62576583285779,47.704260216930415,0.0784943840726271
1.1853791783126724,18.918878413705542,47.599723511942614,47.618880012183595,0.0191565002409817
-17.622428977800496,22.63098479615349,56.51869086203495,56.44031760418389,-0.0783732578510623
-12.729964195607216,26.19653673820065,55.89783654213059,55.81700447907938,-0.08083206305121138
0.21337026215481814,-24.61439493391464,47.40998482206332,47.42163597652149,0.01165115445817122
-4.677870408035204,-14.689726583703155,54.37884295030645,54.25601160658682,-0.122831343719632
13.450242295331833,-6.820065527427978,47.92727064720915,47.88047436833659,-0.046796278872555774
-3.0971117465825273,0.4650950803594682,51.628984392987476,51.550508894996206,-0.07847549799127052
-25.53138127501505,-23.261060656680797,54.97317970634722,54.98522513987298,0.012045433525763372
31.621521948308278,4.490886091018282,47.64064026638779,47.64316425446824,0.0025239880804477366
-12.131859703273726,28.42768056625514,55.613611183436014,55.63057456764099,0.016963384204977672
21.22996422064233,31.144604504705676,47.32593048989882,47.38893123853389,0.06300074863506921
-3.3783279426928488,-1.8183819106657921,52.61386024413348,52.62289111761041,0.009030873476930878
-28.397460668041525,25.96398048153126,55.91115399805358,55.954241667225766,0.04308766917218776
-27.745978473441497,20.025292381247098,55.86704483009755,55.886516126022805,0.01947129592525698
-13.194452776543102,-20.328657904818343,54.56605643938302,54.59825871050615,0.032202271123132675
-18.84197462620409,-16.141864255045782,54.960060353570825,54.938493243726924,-0.02156710984390031
16.804171277796883,2.457488003870182,47.669319090625336,47.75144675845475,0.08212766782941117
-6.767664761009193,-27.476121834471968,54.15212522887337,54.146580709790975,-0.0055445190823988355
-29.48754374630652,-9.230645000315945,55.20585949786003,55.19179699352328,-0.01406250433674927
2.3518826932284966,4.286078956743246,47.48928104846327,47.56397542841544,0.07469437995217021
-2.2722379542996762,-11.972386937112297,51.59994612161737,51.51904204101031,-0.08090408060706267
1.3823304740842985,10.854625370656663,47.51269524985475,47.56041863355227,0.04772338369751594
13.31324180384518,6.220059471555544,47.922885665837725,47.94623636609557,0.02335070025784347
11.020773563694057,0.6430654913352996,47.890522130047714,47.864430147409195,-0.026091982638519085
6.6286120650808655,31.325956028842647,47.81899506771752,47.94343934845003,0.12444428073250435
11.484533918826806,-28.59654643791012,47.92056744413157,47.921282369015145,0.000714924883574497
21.199006271677547,25.706439629132,47.266303207860794,47.378101169674295,0.11179796181350099
-30.23583151943358,27.815873136335043,55.81704195922079,55.83016720707338,0.013125247852592281
-2.6938403597829605,21.109802556365636,48.11414697734027,48.11038103825915,-0.0037659390811199955
27.850092214421807,21.8742519210902,47.4741179392983,47.47188981805061,-0.002228121247689785
14.774596880221871,-0.4671836057566807,47.901213384127416,47.86376909645824,-0.037444287669174514
30.266631761770583,-13.488669426907684,47.36450695096396,47.22265937278354,-0.1418475781804176
-4.009993329662201,8.147476794262559,52.85071031178882,52.84197470754519,-0.008735604243632622
-16.6641040053431,8.780265274857229,55.55155513028685,55.40884521372561,-0.14270991656123755
-17.823553575951756,18.783255514517734,55.684444505849704,55.6507715832474,-0.0336729226023067
-18.05260754518836,27.6571508523164,56.803049740500946,56.81677434738705,0.013724606886107438
-15.448451380524872,-11.980793949354627,54.917363151362096,54.91499919145896,-0.0023639599031355374
-4.726376477942409,21.228439573496296,50.83802683879562,50.78783539228831,-0.050191446507312776
17.57822741430988,21.357742822408667,47.67960811199019,47.655838750775494,-0.02376936121469697
-31.21134701930962,-9.497809931728497,55.22917169127567,55.21763722237595,-0.01153446889971832
8.242628576560577,-17.790069734328178,47.65797048836821,47.62060828892047,-0.03736219944773467
-12.227745377146206,27.62418077477718,55.67022513602069,55.668104671975,-0.0021204640456886636
8.971395441183475,-2.9506069009826987,47.78898103604222,47.72859557326044,-0.06038546278178103
-31.446139798467833,12.93752968852479,55.212552611203876,55.36906512179834,0.15651251059446736
-13.94427632802983,-2.276470389703107,55.07187997116247,55.07775302010029,0.005873048937822034
1.8401679677497,1.0163628679159444,47.447586786990506,47.5141116963228,0.06652490933229416
13.815499305140534,-15.342572716582104,47.82423465868927,47.65767597997305,-0.1665586787162212
10.785981736558888,12.141813431380648,47.9323454579431,47.77427591318319,-0.1580695447599112
25.74979610100393,-10.235329748906317,47.083595517403495,47.09020088766126,0.006605370257766197
-23.757577541301444,-1.9282848210194032,55.169336817549286,55.218527806923326,0.04919098937403987
12.963541342216153,19.544311597683183,48.07334558538683,48.059312973552764,-0.01403261183406812
19.386712157858298,1.3173254065407818,47.392795416839384,47.51405800733282,0.12126259049343702
27.767193059052914,-25.86691473725414,47.112432524619805,47.09767159418299,-0.01476093043681459
25.813845987992828,-4.568073118752871,47.11726686904481,47.175177434749976,0.057910565705164174
8.132607805507384,11.094246364838021,47.78897958613011,47.771743136178564,-0.017236449951546717
-19.221221068197885,-24.206077973055308,54.752165634886325,54.82661933712005,0.0744537022337255
30.403404343650656,-22.998025812208887,47.20841486478697,47.23410242990136,0.02568756511439574
29.45287382983021,-23.40525642195786,47.172362308685365,47.191362329784724,0.019000021099358833
6.097342259842641,-22.651309249787047,47.46951907944346,47.50043292371826,0.030913844274799374
-8.679935676659667,15.581244641616514,55.55717935304533,55.57109363272152,0.013914279676193075
-23.808554901187136,-30.123382491931082,54.893557147929414,54.90307011396638,0.009512966036965054
6.2211732330982485,-2.257948201708082,47.56315100947258,47.57764676551139,0.014495756038812146
-15.21509694367736,-23.568664283086143,54.62125586249677,54.576695603987616,-0.044560258509150685
25.58708828617948,22.26516298573435,47.394568176059906,47.40286943418736,0.008301258127453082
11.706902817377951,-14.447528478077324,47.81367928018231,47.657825361429616,-0.1558539187526975
-0.260025602515249,-4.776383913667189,48.43252767756806,48.40699578686623,-0.02553189070182782
8.131611020074466,1.1514700688491786,47.70478348648454,47.68231060944947,-0.022472877035063732
22.39793015904256,14.748402193458972,47.19369765054117,47.353545046922385,0.1598473963812168
-4.42808727263332,28.593337675622614,48.63348267162187,48.655466219658315,0.0219835480364452
21.630141158778613,12.648595963327637,47.217156367045455,47.36411522938893,0.14695886234347455
12.505994459470692,-5.009229941269297,47.90739343961779,47.92696224093363,0.01956880131584171
-20.770575208193925,6.937658793334634,55.26101331645895,55.2202839953878,-0.04072932107114724
-21.611555121290102,-13.335605101494515,55.029342997617825,55.0060066041069,-0.02333639351092387
16.940311451933695,-2.9062382026333395,47.73292036614866,47.722279803387394,-0.010640562761267347
20.776248174156237,-22.80401716238041,47.04477341859653,47.10749969041599,0.06272627181946433
28.029400890198296,5.731509001877967,47.33847346955639,47.32570858121369,-0.012764888342701397
-7.822337283514344,9.334692406122798,55.33295893221852,55.34588076581545,0.012921833596934107
-7.8949892977671965,13.088801066893573,55.453371191328806,55.45719657705786,0.0038253857290513338
17.35543827941212,22.489269850438234,47.71488526304362,47.69193025328094,-0.02295500976268272
5.8638713860202145,10.688190262569485,47.5958092586618,47.667055555633446,0.07124629697164409
4.904612472515417,31.94667652189944,47.7094947131963,47.87004973411105,0.1605550209147495
-13.836032135361044,6.863726445639443,55.377390195277755,55.367780471042195,-0.009609724235559725
-24.954102609349448,21.793821762736442,56.063605034643984,56.03784823102244,-0.02575680362154742
29.27829377938356,3.2444569174878595,47.42020699184769,47.40970089426704,-0.010506097580652352
-11.296962623642457,8.67875825871377,55.411225582183846,55.39301132324052,-0.01821425894332407
-18.02175273422843,-6.47825706688112,55.014837876396875,55.05128571913878,0.036447842741907266
-30.493565337485492,6.348174241349341,55.200212344812165,55.29150798335982,0.09129563854765621
-18.289374113474565,-27.771753110958564,54.6474233570562,54.63150138698091,-0.01592197007528995
14.102849856450327,-20.85085183017278,47.81336193461458,47.77958167501816,-0.033780259596426276
28.66848727640992,-27.320434083664615,47.120129309864026,47.131904427599785,0.011775117735759011
-22.521169935155108,-29.743990723779554,54.85395545099102,54.86478442245345,0.010828971462423453
-31.853656481636484,-2.600016457303745,55.24732198594833,55.25776219178266,0.010440205834328253
17.429867758229776,14.293172832685663,47.66083866993846,47.66734099649566,0.00650232655720373
-2.853404216300035,2.5965692969118095,50.96055046663281,51.02527658069268,0.06472611405987294
-2.307216343728278,-11.650440269503044,51.50111898274384,51.47915319968748,-0.0219657830563591
13.087560764855837,17.883169600925008,48.015803306415485,47.83967424585943,-0.17612906055605748
16.79455348087913,2.097629194570068,47.6732329708007,47.74895221684562,0.07571924604492608
15.223310085400072,17.938411853731374,47.92567754367697,47.8503347206052,-0.07534282307177165
3.509162970162947,-26.834582551671083,47.3818936238749,47.49231982744613,0.11042620357122956
30.62267370861956,9.461104463984263,47.53514806009643,47.55939768592738,0.024249625830947252
30.82071967644098,-25.604709694353446,47.2337052150142,47.24341204869515,0.009706833680951377
6.880902074327757,7.896903759762175,47.640529572984164,47.691301593269316,0.0507720202851516
30.489358824153115,-15.152406443824844,47.30609744372654,47.224738764009025,-0.08135867971751765
7.292677294642665,-31.77688594851078,47.4969736214446,47.57982663177479,0.0828530103301901
16.86499938425473,-7.891196623522731,47.66117017279406,47.68810143465844,0.02693126186438377
15.387853064802755,24.175001081159976,47.89086873383941,47.845783622774135,-0.04508511106527635
18.476500944040225,4.024224695687813,47.49155299079132,47.56495848435895,0.07340549356762693
-5.814397254354915,-24.796281670431142,54.15233791303923,54.14304594322837,-0.009291969810860223
-31.383681295277448,-23.186740353201458,55.0256098807072,55.00100213981095,-0.02460774089625062
5.498055818395713,-6.007104072581647,47.542506266366075,47.543166615546255,0.0006603491801797645
-22.962839076005388,28.943408565154733,56.10128309588861,56.091569713309106,-0.009713382579505492
17.323276950391566,5.341492417718328,47.61349290436772,47.711553855077085,0.09806095070936749
17.71454764013655,-10.794428433713165,47.55130858534706,47.645320553477355,0.094011968130296
23.4479912049497,18.93914388117406,47.280719738499386,47.332130629506985,0.05141089100759899
19.311776517113053,26.24648218079252,47.49327905330844,47.45807472026019,-0.03520433304824877
28.460153612260356,-15.170240126408956,47.176090127200084,47.14428198553533,-0.03180814166475443
22.61518872182109,-17.032068888442055,46.925795468612954,47.086259286421374,0.16046381780842012
13.677545031839962,-27.598345843952764,47.953254231468975,47.84911223514366,-0.10414199632531762
30.10165737260983,5.596009192902962,47.525284898994975,47.525940535029605,0.000655636034629481
-9.05717276297981,-15.656170264799009,54.62403231423349,54.64529845616154,0.021266141928052207
25.634015207616656,-20.186569905981877,47.007745497879895,47.020322854932004,0.01257735705210905
18.84734434383771,-18.3321886420442,47.34763445059028,47.44807189583106,0.1004374452407859
-31.955826044469582,-12.880625213324755,55.172014651829805,55.17187951460611,-0.00013513722369395964
-19.639429155740288,-2.235597135576171,55.13362582335108,55.196577129967906,0.06295130661682435
-24.263090330356995,31.21660242135526,55.96723899718606,55.965944832102984,-0.001294165083074006
16.103568035165146,2.1783850096049875,47.80341087821789,47.842046709906306,0.038635831688417
8.099125633154948,-3.954700546194225,47.637264530485645,47.66572238144721,0.02845785096156561
13.369921780001043,-17.833114400789626,47.84346509894031,47.799457788667276,-0.04400731027303095
-2.163655749521716,-16.10140527358506,51.814618820742226,51.82033417525848,0.0057153545162549335
28.945990844090886,29.777801236570284,47.9985021642799,48.07502277588839,0.076520611608494
-21.744173462024555,13.46199257741786,55.25275973129415,55.30379148802261,0.05103175672846305
-15.123672255635661,-1.7332493348973514,55.10523819761267,55.114285290149745,0.009047092537073809
19.11549018334867,-29.332746276733168,47.15874132226472,47.20038983352913,0.04164851126441249
5.230226861172703,-18.40822943431992,47.42899523635737,47.473877634997834,0.04488239864046051
-1.7639578002208225,26.06733752811852,47.69003434282706,47.69905734562297,0.00902300279590662
8.995122213743187,20.445222076372076,47.96716514072162,47.949125654805385,-0.01803948591623339
21.052154823077437,-5.474353807959403,47.214445946726535,47.321775298655446,0.10732935192891091
-4.422246007922169,17.4223009669074,52.24919882542399,52.196121846720246,-0.05307697870374284
4.19107813420537,-18.13203488379571,47.4309627379359,47.42310086381419,-0.007861874121708468
19.69119845239817,31.5177739897063,47.40446187669329,47.40608273463852,0.0016208579452268168
-4.809615689032839,-18.01205470150537,54.51287293405209,54.44765693895991,-0.06521599509218134
25.832929909757205,-11.12389196030098,47.07774046886769,47.08815409097283,0.010413622105140519
-7.476675078575553,-23.415664079590016,54.266230083380776,54.2800018078534,0.01377172447262609
-30.628759716268718,4.932849033577611,55.19513411483959,55.280626071801755,0.08549195696216572
15.978172155004842,16.715531266973578,47.834500583188785,47.81447511561499,-0.020025467573795197
24.12625452062833,-12.06405062897533,46.982073525825896,46.98375012090055,0.0016765950746560065
-7.826146497928207,15.418896623435344,55.53640458058538,55.54991585981116,0.01351127922577433
28.97033642247351,29.141025899782058,47.84302171889015,47.8486969607247,0.00567524183455248
-27.79462145125118,31.686764586518166,55.89188032719234,55.89265681383631,0.0007764866439714524
19.228949713664456,-2.841695221007555,47.38013429320673,47.51265353957279,0.1325192463660585
28.181897054806974,27.10041244059955,47.64555699452524,47.67365227602459,0.028095281499346925
-28.144798084113695,-22.43679590489264,55.0279563925386,55.024451812362585,-0.0035045801760134054
-17.080891760220396,14.50581166530938,55.428382066313105,55.56147093927584,0.13308887296273753
-24.416477976539234,-23.497970710617437,54.919639284621724,54.9694946114947,0.04985532687297933
10.099861904895135,17.50435800313454,47.933838980710576,47.81903218063158,-0.1148068000789948
-0.5925365467602504,-25.60716839486107,48.14641171352337,48.16638479347927,0.019973079955896367
18.45798223972963,-31.260879075469703,47.209291623532664,47.25513737134688,0.04584574781421935
30.5148630557169,-15.155094601098028,47.3056514030899,47.22570048248215,-0.07995092060775022
13.197272067355556,-11.863719942893184,47.91327588378019,47.72147192939171,-0.19180395438847597
25.651181568846873,10.305470075275707,47.273727302852905,47.28325443341185,0.009527130558943497
-31.566603870416493,14.668172640289768,55.29264133246498,55.387229623509775,0.0945882910447935
29.332052139752506,10.738740838121217,47.4214661240327,47.444958962966844,0.02349283893414622
15.27023694481187,18.289866453837398,47.91682500206704,47.89329452599652,-0.023530476070526163
-8.102428288091424,19.64942939271159,54.97607625176356,54.96817525191395,-0.007900999849610457
11.163086696046506,24.176742922272062,48.10477624728454,47.892266503877124,-0.21250974340741635
-10.641406943815554,24.5360647676955,55.112062734228964,55.11786894286406,0.005806208635092958
-14.393694331888803,22.668152792699857,56.04759361075637,56.09265584748163,0.045062236725257776
-0.36445643308417885,-7.475712567622573,49.117063136255425,49.168490480224115,0.05142734396869031
-9.780388554891388,-0.777592789938069,55.04897670202595,55.04577299798731,-0.003203704038647004
-23.108558827622588,6.539179106997274,55.25616156285234,55.22394392797384,-0.03221763487849927
-14.592592052696865,-8.105047222268531,54.95785134308249,54.94425507462705,-0.013596268455437155
26.072622198679248,-9.75265491556938,47.10087415260518,47.10391394661437,0.0030397940091901887
-19.051347426641975,-7.928466728239762,55.07463595024098,55.02566627007598,-0.04896968016500125
-30.891560769118215,-0.07516467532472149,55.23535458019191,55.25021059949837,0.014856019306456858
9.583282876118986,4.101323898880416,47.912135907939465,47.825101931386904,-0.0870339765525614
-14.974708488472025,-28.17453937362913,54.44973213706124,54.398521525466045,-0.05121061159519513
-6.289147503563235,-12.0544737018187,54.60125094510293,54.60143915383808,0.00018820873514613368
1.1812589268209166,19.67158960509883,47.594790669421506,47.62735476732365,0.03256409790214576
-13.661275567755595,24.166368793303995,55.92973232512907,55.934237705384255,0.00450538025518199
-6.076400002168164,-28.89803536746841,54.097187860301716,54.12187768703674,0.02468982673502751
-0.7134872334193929,21.015496562388726,47.60520487318055,47.63177629938759,0.02657142620704178
-25.75537872591319,-5.060261107479306,55.168262493378606,55.241827622860356,0.07356512948175009
15.010210810636785,-17.47226361785126,47.75596406592575,47.75095443883042,-0.005009627095333258
-8.151486417520239,-23.400718457221892,54.30016994095538,54.31679244124494,0.016622500289564357
-18.851090569624567,-18.901636554409862,54.88565091361156,54.91450476511734,0.02885385150577946
-3.031347936865423,6.08662225306184,51.28722931886513,51.20347285627722,-0.08375646258790681
-29.581258451641432,-16.470705085566983,55.120638689177746,55.0942517465339,-0.026386942643846112
9.982526503682955,30.422584842909473,48.11530084212909,47.96452536308593,-0.1507754790431548
29.34793451921005,22.276940057815033,47.56518456603046,47.558179987145905,-0.007004578884554746
-8.38931788502655,-19.738828590881553,54.54166290442039,54.54396447939549,0.0023015749750996406
-12.848011837596573,21.55769282562354,55.825027478956336,55.903452443785355,0.0784249648290185
26.293991820032524,-4.936063488345205,47.13259185607039,47.20015032465725,0.06755846858685999
17.409204184935632,-21.249126321073945,47.56104059696823,47.511965096821044,-0.049075500147189643
-11.793515991547395,-12.757214646084272,54.79273303552634,54.80087220333798,0.008139167811641812
27.511508985365417,1.0909155496361294,47.27516808093313,47.31347742977264,0.03830934883951187
-30.37788865000875,21.300834960400024,55.915218127218374,55.967069309812096,0.051851182593722456
28.050214168192618,30.72349921055303,47.68867784358667,47.68813366674577,-0.000544176840897137
14.988745658049773,18.022735425201333,47.94615433842121,47.86170339093588,-0.08445094748532966
-20.666966237229722,-25.05308124848728,54.839494767405895,54.892457448227255,0.05296268082135924
-31.84400573846319,28.03219555533733,55.7704837843341,55.769569437866856,-0.0009143464672405344
-24.017537925172228,-30.619158527063618,54.90220518067149,54.90229720247155,0.0000920218000644013
30.40519788853222,-2.3736369729419025,47.47384233825445,47.46283786318367,-0.011004475070777175
-23.745415262983556,-20.457570548231963,54.987743850070544,54.986541024805184,-0.0012028252653593086
25.39057216951756,-4.616381660111102,47.11407664293294,47.14915587036724,0.035079227434295035
1.7669870054706323,17.049401731300556,47.550497324283235,47.61618681946917,0.0656894951859357
-7.124661101438058,30.45678199116759,51.164750661208586,51.15635457430503,-0.008396086903559308
-25.938029617504284,-2.86413541918197,55.1939370691689,55.246063675977624,0.052126606808720055
-22.473418041664935,-16.692215142728124,55.0349253554637,54.99722793323026,-0.03769742223343542
17.959594096947967,-30.6425678489568,47.27525668628633,47.34011168596661,0.06485499968027852
9.337817211653942,-10.47132176600541,47.78890814077068,47.64811887043819,-0.14078927033249045
-2.6410097109565953,6.271481535852544,50.63254934156221,50.542876240417186,-0.08967310114502425
-12.464495175677833,7.457751108329582,55.382777524877284,55.375940389709406,-0.006837135167877761
-7.486551080046176,1.6163544565202486,55.06794256933142,55.07274994240707,0.0048073730756499344
-12.071516899787312,-25.45535472321197,54.35803934592069,54.37077444570908,0.012735099788393711
29.192949393333755,-11.434589291802986,47.28388732610433,47.21283561692161,-0.07105170918271853
-13.298237068903262,21.852314895859244,55.848760632755194,55.99052342845657,0.14176279570137496
-3.4086770694661084,-9.03111122120498,53.27958728977034,53.22520666109596,-0.054380628674380205
-26.29300999393007,16.02867896940024,55.291602642772595,55.31127172351982,0.01966908074722795
-21.9874695528811,-29.30412261301211,54.82935987753276,54.84223246770821,0.01287259017544784
26.856820668018848,2.384295037420685,47.251483346176094,47.258511904799086,0.007028558622991454
5.150319503845182,29.84469089399434,47.71295456224705,47.861722805781,0.1487682435339508
21.424890829910396,-15.94049735732451,47.06508894286754,47.19835435348018,0.13326541061263697
16.717705109510284,-3.156132187496837,47.748147386667384,47.74075361310083,-0.0073937735665552395
9.12974913368884,15.12473403090518,47.89399370427854,47.80442161874948,-0.08957208552906337
2.575022319811197,7.922026783692317,47.53796236117155,47.56550652791806,0.027544166746508836
22.754762839453242,-16.91970913298956,46.915943625769316,47.07294147693835,0.15699785116903087
19.201828226345853,-17.72149260894868,47.311622266276714,47.41419411711856,0.10257185084184783
21.036015507249573,4.709420811089238,47.25232091147659,47.32744794649821,0.0751270350216231
-17.652988658610518,-18.393824393294842,54.86774058532707,54.89798133808436,0.03024075275728677
10.423740776947213,24.800521179184685,48.093515419080475,47.89568356763357,-0.19783185144690663
-26.74276285127292,-7.822059299576843,55.20997713982968,55.168584619793286,-0.04139252003639626
5.039092595073974,-1.6194610636233122,47.54455550795508,47.532255277995134,-0.012300229959947728
30.0982124888044,-11.307300050738185,47.37648935256028,47.254491529505735,-0.12199782305454221
16.5986684814025,-11.332498231761228,47.71564080526497,47.73925558620953,0.023614780944562597
-14.327908577812629,-1.2906216525005831,55.119759731565665,55.11124630466796,-0.008513426897707177
-4.364727600809097,-26.0076198230702,53.46779163523364,53.46994639913323,0.0021547638995897955
-21.707438357797052,2.5683604759226384,55.24233755985311,55.2017548783604,-0.04058268149271527
15.240216779980464,-22.10625519735207,47.75993215803571,47.737017863098245,-0.022914294937464774
18.07026036698968,29.016633854550626,47.67217353580257,47.60044856746745,-0.07172496833511843
17.313227866027944,-30.611054934121903,47.38600487608063,47.43346201611047,0.04745714002984158
19.597716985547116,2.273852366946585,47.38700581878618,47.48423982987313,0.09723401108695384
5.897861912979501,-17.100915452958617,47.466909425743474,47.50227305689014,0.03536363114666585
-5.965384368476478,13.698135658522688,54.87580351057872,54.67191162145057,-0.20389188912815115
-8.837461453974768,-14.638000383442517,54.64984578580185,54.648835712861185,-0.001010072940665907
29.47688979454923,-16.101269477184466,47.20812579110011,47.187985134501204,-0.020140656598904627
5.571123342966146,22.76895056656396,47.703577588044254,47.81089630507984,0.10731871703558227
14.040976385641017,-6.758271327419017,47.894563716909815,47.855273633603325,-0.039290083306489976
-29.013680333873367,-27.387243235932786,54.87705886312597,54.94034046869058,0.06328160556461171
-6.386946441524657,5.392695484245962,55.18617485277538,55.1625093401036,-0.023665512671783517
-21.19675793094556,10.28774730798446,55.27031182976326,55.237209099798925,-0.03310272996433383
17.199502300450533,30.133978064497178,47.70472678185597,47.713223495018,0.00849671316203171
1.1201609485119945,-17.97620398070371,47.36787144077994,47.35379972418418,-0.014071716595765338
0.02339622408666031,8.502888027051576,47.56601210586839,47.581441659246885,0.015429553378496053
-11.492172836622778,26.531775324757525,55.16699350675207,55.17017216675968,0.0031786600076060267
-9.746477664993918,-23.757864114316675,54.35486555231939,54.34257724271241,-0.012288309606979908
10.40232508615695,13.8371138072892,47.91913235358645,47.78997914351335,-0.129153210073099
18.461837309426727,-18.557174770430912,47.391670211358985,47.48502432460243,0.09335411324344278
1.6812097864461748,26.07101783695233,47.63245690169757,47.68505001226205,0.05259311056448013
-8.879801944442562,27.68175403840644,52.693934525446885,52.67740197405101,-0.016532551395876283
-0.27097084273950145,28.917555881243146,47.62524808358811,47.63423376863521,0.008985685047100844
-16.09263943611849,13.102572436075086,55.551079026768846,55.56704089276227,0.015961865993425306
-29.39106459550142,8.568124734472903,55.23462399059822,55.293438759713304,0.05881476911508088
30.985487636006354,28.159832187584335,49.12559350810136,49.11994503419886,-0.005648473902503781
0.08192297192680797,-18.895591929705525,47.46624563843715,47.498275091590415,0.03202945315326389
-29.761229850729727,1.958968123524805,55.20362605208965,55.24967478366124,0.046048731571588064
-17.402961613757384,-27.622240300151745,54.60544484126883,54.573163605202105,-0.03228123606672284
-28.829750389129025,20.67666729674103,55.85661225179794,55.94212076705937,0.08550851526143077
-16.65803801909918,-7.976645483618547,54.978856999314345,54.98069763813677,0.001840638822422136
-11.213342132020735,8.009769420428896,55.380787293524286,55.37624484184821,-0.004542451676073256
-9.373228210750746,27.547911689513832,53.14769444948821,53.1364963338715,-0.011198115616714688
9.004331517508085,14.96345549994983,47.89256781311898,47.80341940683079,-0.08914840628818865
14.17111932147894,19.680083288007154,48.015517069776315,47.96721916875346,-0.04829790102285614
19.260089293359897,20.43393402789897,47.487505593484876,47.488045272013366,0.0005396785284901284
-15.51663538486956,9.122481322624374,55.51084868994167,55.44794093204391,-0.06290775789775438
4.012913850788159,4.009709170806829,47.5361862207314,47.52558614434988,-0.010600076381521717
-27.082408245362096,-19.970536129379504,55.121242074360616,55.03301730987362,-0.0882247644869949
-0.9811222834888795,9.101651579680407,47.728599819319825,47.758122716499095,0.02952289717926959
19.86243371125036,16.82764143681421,47.42903123114256,47.536872585080154,0.10784135393759442
30.528007364003066,17.385955764079753,47.776198874553096,47.832505745062676,0.056306870509580165
23.768528165803133,-17.100644897815656,46.91148539044501,46.97471499863254,0.06322960818753387
-9.4846042797518,27.626031826261745,53.243897987051966,53.222681721041766,-0.021216266010199547
17.84192752460362,10.134463692463676,47.59665733699541,47.58539133007078,-0.011266006924635974
-21.588807705502084,-10.106120109138942,55.09319695538929,55.03498977577134,-0.05820717961794486
23.124412692858733,-10.86549385860058,46.96968232898255,47.10550773931094,0.1358254103283869
-14.095171313481934,-7.509883688639562,54.97314300815721,54.94861857713011,-0.024524431027096227
-17.30697110779056,-19.84054993434421,54.81928597501912,54.84591878510695,0.02663281008783258
13.900110287926871,-16.416954286107682,47.80621506495689,47.727610585782486,-0.07860447917440183
-5.388980669589557,-21.968210363139313,54.24948732841369,54.28141954516114,0.031932216747449615
-4.137993596533924,-23.499631027317207,53.88887861634905,53.75759876597947,-0.13127985036957313
-4.255145429628641,-26.47292481053438,53.62368886945519,53.717204231612946,0.0935153621577598
-8.382828065302647,17.981493562847007,55.64433026444911,55.64325097357204,-0.0010792908770724807
2.4717472222021115,-29.866825035397746,47.31413721366183,47.44253622478707,0.12839901112523933
-20.511089687568962,-26.698470498552723,54.75759581155586,54.829758287752284,0.07216247619642502
18.099943834165423,27.867386441031144,47.652781697091186,47.65987865634119,0.007096959250006307
16.760086430939253,7.927108482321586,47.66566836078131,47.66274604206764,-0.0029223187136722117
28.25647298665497,-26.05577576700344,47.13464108197251,47.11892170321267,-0.015719378759840197
-18.12249815077297,-13.833956222535974,54.97387290563949,54.95339076405037,-0.020482141589120317
-6.759012985286589,-11.129270378837454,54.701528127776626,54.65271152960475,-0.048816598171875114
-18.18409194580861,-30.54994832467314,54.67028241611963,54.524092840687054,-0.1461895754325795
4.533435420200384,29.362754618553026,47.69551699771855,47.82998496986416,0.13446797214560746
16.61993434060976,1.2297449246164547,47.71658677877163,47.76337254441276,0.04678576564113257
17.70322139305538,22.64206189549011,47.67826113763764,47.65696714177335,-0.021293995864290594
27.979041440454097,0.5462673741615447,47.277328342931625,47.34818203829742,0.07085369536579833
-26.196023505129254,-9.743742188864886,55.11073042527914,55.12463533418802,0.013904908908884295
-22.43184833437701,11.770006247492702,55.24700151091597,55.24718316946974,0.000181658553771058
-8.237938557056594,-5.795064386598057,54.81782468130989,54.880794539794174,0.06296985848428704
23.369522524744923,-23.464788432840813,46.89520460897454,46.974325272272964,0.0791206632984256
-31.065207416710834,26.042551104525636,55.804166211855204,55.81258665610615,0.00842044425094457
-9.18496113137602,17.5462577999101,55.63814391878099,55.6385473502351,0.000403431454110148
26.42809253212951,-7.136726770759722,47.144241332897636,47.159340051016045,0.015098718118409238
-14.080762452367097,-7.251854543850094,54.97289641733794,54.95435315821789,-0.018543259120050948
-24.494055870236167,22.375623903744604,56.07531110111952,56.053141344743466,-0.022169756376051453
27.074597806666922,22.17217970719914,47.466443050817006,47.45019051033726,-0.01625254047974778
-9.779909279174504,9.186293021484914,55.38510847658865,55.37965324260053,-0.005455233988115538
0.8348349201890315,-31.252461921103944,47.309886116745744,47.374673317485744,0.06478720073999966
-7.872762605148331,15.54167120794515,55.54479094279127,55.55558008649959,0.010789143708315407
-29.619432598336743,-29.811564475257434,54.85078740453312,54.89200777828778,0.041220373754654815
-26.538932361170936,-13.063086032181168,55.01990898022,55.08167759548814,0.06176861526813582
-22.420189742167437,-11.345555535507643,55.07274546694562,55.036867519654336,-0.03587794729128291
-23.248400426581597,-18.273301513262297,55.02023687835877,54.99695561922413,-0.02328125913464163
28.225076574605275,19.631666437057753,47.50784425482099,47.50854340569115,0.0006991508701617022
3.5695256950789656,-11.101733903397474,47.43755851962539,47.43807555229549,0.0005170326700962846
23.808788972503585,4.539781765345673,47.12533207276799,47.15899133666991,0.03365926390191731
-1.7754250905279605,30.558452090293926,47.94535293817883,47.94657397523242,0.0012210370535896686
31.386621862545688,-1.7747732495689377,47.524222000902476,47.52223765860266,-0.0019843422998135907
16.889406819044268,10.176388700273755,47.66724173580837,47.66718297233651,-0.00005876347185562736
17.69787980556579,-17.274789509786935,47.49756624226602,47.55868484128824,0.0611185990222225
15.763207069836149,-28.393112512313515,47.693288303308385,47.68867917540178,-0.004609127906604726
14.352489057196124,10.678536123131934,47.87213539383551,47.75216933399179,-0.11996605984371911
-5.14782024514507,-8.098889074303493,54.811282229854456,54.816590389152836,0.005308159298380133
23.991052413358183,25.56615464912815,47.37321119623442,47.37350574111689,0.0002945448824647201
-21.00256521695932,0.6914757684444481,55.18908061612401,55.19116560229039,0.0020849861663805314
4.855343452807176,-21.82020855427988,47.42401417878351,47.44233556311126,0.018321384327748547
-5.101085900089892,-11.516665146309485,54.58884716234167,54.58898245630833,0.00013529396665745708
-28.996946142112776,29.019679487541495,55.82910064453015,55.852071576576975,0.022970932046824544
-14.272274632687385,-14.191798264488774,54.879767362810476,54.86033048774427,-0.01943687506620506
-28.45767565054375,-15.586913860345959,55.126589240236186,55.08981466007088,-0.036774580165307214
-5.879910569291091,-10.961194961002931,54.62393282344972,54.622395962322415,-0.0015368611273061106
-30.17369285017736,11.724256844099997,55.224308069531624,55.3361349203137,0.111826850782073
-22.116621258775332,-7.097753301033599,55.20104317187238,55.108637901381194,-0.09240527049118441
-24.988721975053103,-24.915665544365346,54.92199275960659,54.9640997706812,0.0421070110746129
28.58460322295163,-4.290292439044428,47.28658850762474,47.330994007913425,0.04440550028868273
-19.890085311286448,5.102301973342271,55.26241969632381,55.20947488698768,-0.05294480933613244
3.8414494677684488,-16.052295395261396,47.40737764752337,47.40510880311559,-0.0022688444077800796
-6.242316496650361,28.393986445491144,50.23306185510067,50.272008682030545,0.03894682692987317
7.03137869950428,29.520282127575825,47.83387683950607,47.94321565828844,0.10933881878236917
16.50763637525936,8.86413217465249,47.69400520919587,47.68883419687804,-0.005171012317831014
-14.968088009766653,-26.107738146853798,54.521889974165155,54.47244879186141,-0.04944118230374528
18.492799926120014,27.21752872032362,47.59152274788275,47.55792027748818,-0.03360247039456965
-21.69555109625753,-14.432089202406395,55.035428153763526,54.99894144270743,-0.03648671105609935
-22.158223947789686,7.105623171512285,55.253349874975314,55.224377491940686,-0.02897238303462757
-28.55816256596735,22.787565064661344,55.991373477788294,55.983238893445595,-0.008134584342698759
-18.264014733698552,-5.829868367414086,55.023442009313484,55.07338274106347,0.04994073174998448
20.15334071975738,-9.861520842801745,47.27161776077241,47.375720865358886,0.10410310458647842
-11.767105084359976,20.431045853747506,55.77452110135673,55.75796552370368,-0.016555577653051046
26.29959582013599,-2.180710977994835,47.156329800702494,47.23010800514975,0.07377820444725813
-19.208682587506686,11.39712701880699,55.3897652990202,55.364429666386165,-0.02533563263403238
-24.3230407275926,31.45245054530318,55.9677206550688,55.96651270835539,-0.0012079467134142874
23.62634174606753,-25.057264956615946,46.925434925438026,46.95151792084698,0.026082995408955867
19.675854292857387,22.14345651041235,47.433011635822105,47.42071186285517,-0.012299772966933631
25.433305336921016,20.61173170993567,47.363057974983356,47.355148885655865,-0.007909089327490904
-0.9814367926242156,3.7634771831477636,47.92618193821062,47.97515021070386,0.04896827249324076
10.526074866187479,-31.376526808000584,47.82742416320684,47.83246117057977,0.005037007372926894
-10.727128235405026,-19.333863036041237,54.55993040849475,54.557160602437975,-0.002769806056775792
19.7536594849877,10.110000686451365,47.425545995812584,47.43841197873948,0.01286598292689689
10.644603069896782,16.531939409285407,47.959668901648534,47.79941767503476,-0.16025122661377367
21.055516201808572,15.47193535958283,47.277329357845275,47.454155178439876,0.17682582059460117
4.313239347597481,-14.222183709615571,47.442291523433916,47.44280584125259,0.000514317818677057
-1.7405533519678045,30.42318531533632,47.91957352502057,47.91772005833517,-0.0018534666853966542
-2.007338656889303,29.712357674856776,47.896154579117386,47.8964193549709,0.0002647758535161415
-31.982098456290622,-11.908070822248035,55.189509033531984,55.189259588625205,-0.00024944490677825115
-2.636802569174158,25.74346233809819,47.77648928886241,47.78161475809405,0.005125469231643365
10.417770199515964,14.649528402087412,47.92542125529321,47.79673871104387,-0.12868254424933667
26.819006471077763,-23.201293702516168,47.05034024768551,47.071266411562185,0.020926163876673343
25.396928575424994,21.588711669760613,47.38361595779706,47.3876163955337,0.004000437736635831
16.923871903707862,-29.71571232918901,47.46059632865973,47.50591788565518,0.0453215569954466
5.337576360389363,-15.548467877134364,47.48359708128998,47.476004322617506,-0.00759275867247311
-13.148369029551127,13.61186282982365,55.58925671131981,55.56120316075843,-0.028053550561381257
25.729524139416597,-19.109253242234892,47.01634281312418,47.023273277096706,0.006930463972523171
-23.750159080142453,-8.810692089954678,55.11576959830415,55.096489632887966,-0.01927996541618171
14.482518175222069,-19.22164817651818,47.81608227310994,47.76614998701492,-0.04993228609502154
7.138412243187815,-21.336905286832653,47.52201413229158,47.560694914412096,0.03868078212051529
-18.490126909687703,-2.624383049463802,55.09759338874839,55.16161503513594,0.0640216463875447
15.235706779563579,22.501077809386203,47.89617704699811,47.90978866556526,0.013611618567146877
19.76821022651319,-20.57624959927582,47.19940075307967,47.2994157893354,0.10001503625572639
-8.455733128312012,9.956528515341475,55.37297964583857,55.375519752470005,0.00254010663143589
-28.315153241021925,13.077649736453715,55.22821464098339,55.3171432182681,0.08892857728471171
11.689996643742319,-19.76223676598027,47.830579440234196,47.82956236658864,-0.0010170736455563656
29.27581696624882,22.625609069235267,47.57965680430701,47.599089307549576,0.01943250324256951
-1.1266871981786508,-0.4270098397523512,48.75060706875206,48.74681987688185,-0.003787191870209483
-5.932942694376621,9.589917586884802,55.15854657536545,55.16344587431053,0.004899298945083785
16.98941010163179,15.640322298307154,47.726797895662244,47.721090542606255,-0.005707353055989017
15.769630174005627,-22.123819639755986,47.75314924089679,47.71880202325146,-0.03434721764532611
-10.020481856464926,5.710926251433172,55.28817298138073,55.27421742990184,-0.013955551478893824
-8.300637893129341,-11.47053401933173,54.71826066792366,54.715999627911906,-0.0022610400117528684
11.729068662181184,1.774003310008034,48.005497064347864,47.92602264174124,-0.07947442260662285
14.385116931867216,13.190171311281524,47.91340257843986,47.77311047355287,-0.1402921048869885
4.999978054671402,-19.82463508909229,47.445721594586615,47.46742901066378,0.02170741607716309
1.6185640597129947,0.15594237503552932,47.46652357280046,47.506337376906664,0.03981380410620261
4.882475549339354,4.111708409192758,47.5536926932293,47.560916216155185,0.007223522925883685
-1.4133200098822556,28.23685154795605,47.65411463800281,47.66665602969889,0.012541391696082371
-21.861140425653005,-6.850230399243344,55.21476689556981,55.112175567039934,-0.10259132852987563
-3.9170513393476654,-0.008315511281026033,52.77183476396009,52.7709795064041,-0.000855257555990363
-14.774711946089589,16.869140456878448,55.68738302333814,55.666373833859915,-0.021009189478228052
26.25530161384207,8.539129291593973,47.27426190268913,47.27882047457702,0.004558571887884
-30.49315802753363,17.602385745072723,55.60155389467833,55.53550481391019,-0.06604908076814553
2.140195737100896,-19.68583040868146,47.355212368258684,47.347125348327815,-0.008087019930869133
19.413987691841818,-12.412106774644649,47.34357871018113,47.41717144545684,0.0735927352757102
-31.919484621077252,-14.17218298689523,55.15034791317086,55.14942699740027,-0.0009209157705925008
0.1223332126026051,-2.068754913752869,47.5237970373641,47.529089269558646,0.005292232194548774
-4.627472248250207,-12.675247626335612,54.4948611633098,54.35229077439874,-0.14257038891106077
-1.5912920604476213,-14.426498475961651,50.76589478395499,50.67577530483189,-0.09011947912310347
16.64752223532635,-31.92384376059259,47.48622652227813,47.503927482357355,0.017700960079224615
13.702082683290712,-9.087915412596118,47.895498999148145,47.80519930001477,-0.0902996991333751
28.091375063669382,23.410559429034365,47.5208706518149,47.527068828793816,0.006198176978912784
-2.6894403708355483,-6.950561343392749,52.16705794674373,52.15559004974962,-0.011467896994112436
-13.323723722485255,5.944270823622581,55.356856377314344,55.33637420701081,-0.020482170303530722
-12.337468263030523,24.711137038155066,55.91901369310905,55.9271450616032,0.00813136849414775
7.174254442886301,17.856077426811282,47.746890029129375,47.79159632259064,0.04470629346126742
-26.46919000252207,21.749657808735456,56.06016093547478,56.01990748866108,-0.04025344681369347
-11.408093659588097,-3.4796690918627533,55.0057101539964,54.99957496799713,-0.0061351859992697655
-15.531642130529256,-21.627812899014017,54.6672668745404,54.66310314106078,-0.004163733479622067
-24.659026127626277,15.215874544217357,55.24188499585542,55.27490127586267,0.03301628000724577
-16.728630576550202,19.7595657808469,55.875482397234194,55.8490969888133,-0.026385408420892986
2.18565517402309,2.4169791266441294,47.48223798686577,47.52770456257285,0.04546657570708135
-3.3597678046637753,8.919024104217513,51.61752417453657,51.5437850884019,-0.0737390861346725
9.925649824197542,-30.941166861077498,47.77409808918296,47.761221849694,-0.012876239488953445
-27.949919513543662,-11.593553308140109,55.14192819259651,55.12631135552227,-0.015616837074240664
-12.230296388716077,5.4779535605730985,55.32606217364358,55.303812794007804,-0.02224937963577389
15.03146499161575,-9.723452063293223,47.8709992756352,47.785034719266974,-0.08596455636822498
16.712140984910555,27.688960762974276,47.781400979937594,47.758527023817365,-0.02287395612022891
13.951192482877268,12.198508496065912,47.90558231002946,47.76605283026628,-0.1395294797631763
3.8679724107111255,31.021350394387056,47.665743238974606,47.81399078207587,0.1482475431012631
14.737217821190882,-5.252171602719258,47.85508583692775,47.83765530707231,-0.017430529855438692
8.348746607635775,-22.74039685334367,47.625776592672906,47.61690595459569,-0.00887063807721944
20.882396258335746,-12.428162976061948,47.16664482822408,47.273073636277935,0.10642880805385602
-28.459128814440596,13.004646287120643,55.22680750991475,55.318910958394305,0.09210344847955554
-23.515072244703433,1.0322756753953044,55.2085267958976,55.1987516060393,-0.009775189858295619
24.338620176478962,19.42171343708423,47.30460759959285,47.306427945567584,0.00182034597473546
10.103162898553528,16.807365241318337,47.91824246941131,47.80011004611603,-0.11813242329527895
-15.167026931305578,27.245398626177234,56.18590975622126,56.22226958898146,0.036359832760204824
10.89656609560592,-11.990237981061405,47.830597305739616,47.675435987942855,-0.155161317796761
-8.09693044909968,-29.482645391998403,54.21986648654173,54.247262836993976,0.027396350452242757
-13.26567464635015,-27.19704048616071,54.35361854175309,54.35756718375667,0.003948642003578584
5.053547036241383,14.521770594879875,47.637990078681156,47.69273579530079,0.05474571661963523
-20.329523548751354,-28.18201385177108,54.73091990909208,54.76339338226848,0.03247347317640248
0.44760983280035305,-2.1674362926311943,47.487062029958366,47.50081961005984,0.013757580101476208
-6.853465520892847,16.54720892389261,55.418400822831146,55.45001550968882,0.031614686857672325
-7.0629309300366,17.62512647695616,55.60550698398461,55.598522411017356,-0.006984572967255076
26.472667535210036,-20.903689812286387,47.04174586767054,47.05682093206266,0.015075064392114257
-31.4926434647952,16.82378203439987,55.49690765885377,55.47954615356447,-0.01736150528930125
14.683394885860544,20.792028958739714,47.96026691852512,47.93647822189292,-0.02378869663220229
-2.33811393449502,7.682014727010454,50.066639239280924,50.04800378088518,-0.018635458395742432
-0.6808512076323012,8.954986052474617,47.68038396424839,47.7016895668301,0.02130560258170533
-0.0793531334470643,29.486509115932478,47.6280809590276,47.63736785892437,0.009286899896771672
-24.95560863122929,6.430287736909911,55.248144507383735,55.23306928472125,-0.015075222662481735
-23.398358198875073,-31.59071735413633,54.8675064167296,54.86146559062987,-0.006040826099727781
-23.672656636460573,-20.22097426452573,54.98666026098775,54.98733796632346,0.0006777053357112095
-30.86332215639181,12.32782118331729,55.20315162172831,55.3534793114283,0.1503276896999921
7.4326559100993705,-6.075070509486821,47.60085842341596,47.634169282097844,0.03331085868188666
-4.381119565389106,29.225495134124202,48.70207945019003,48.69954790386294,-0.0025315463270842997
9.556547167850333,-2.8698969375166143,47.825649523803236,47.771440282495725,-0.054209241307511036
24.048858242712804,-17.349038898459007,46.929092084400644,46.95406513152828,0.024973047127637926
-31.73320160093749,-16.779037216029614,55.11967598379394,55.11558346000113,-0.004092523792806446
1.0146560477986313,-19.73384434578017,47.34663295136515,47.34179420387214,-0.004838747493010942
-6.5627624019222495,23.986956136926857,51.372999426484625,51.37263142727495,-0.00036799920967212074
6.90119006840073,-1.175088861319061,47.5967088795592,47.60738458306564,0.010675703506436207
-21.718034028463087,-21.312434469935177,54.941920692435346,54.943581793886175,0.0016611014508285393
14.607403338162953,28.968508809785305,47.98071959441451,47.87302865894148,-0.10769093547303044
21.07777194007428,-19.12235545926434,47.07530480700248,47.231676753101425,0.15637194609894323
-24.745963650641222,-12.946224080350177,55.08321073238643,55.054923119732294,-0.028287612654139593
28.207254416327167,-5.064698151940711,47.250535896739116,47.29353133828703,0.0429954415479159
-3.991058538490634,12.042144225397713,51.90324701402636,51.898172627540596,-0.005074386485766524
31.044842277268877,28.85033113692117,49.18328049083487,49.177556224092854,-0.005724266742014095
-17.45224890480108,-30.73031989080721,54.6252753773101,54.46500951895669,-0.16026585835341223
-15.091984858002768,20.03859674448946,55.88613934751825,55.89211676658553,0.005977419067278333
-25.181162798867163,31.386509095292354,55.95335525234665,55.947106491187256,-0.006248761159390881
21.128721252803878,10.240460861213244,47.28756793193972,47.35175214040406,0.06418420846434003
31.935448051131836,30.99804882629941,49.36442876412035,49.35245305519749,-0.011975708922854267
-10.79153688398629,-5.6384672701304694,54.93318492983468,54.93862397663251,0.005439046797832248
-24.627680551935,15.702140535256454,55.255928910759394,55.27889675311747,0.022967842358077917
20.313468387521155,-27.04486451995347,47.054499513973894,47.096201194730384,0.04170168075648917
17.866810063019706,-25.624180893196908,47.39300936941217,47.38697798476772,-0.006031384644451521
24.41854732779766,-13.803621281483892,47.00317357190281,47.00660998912031,0.003436417217493215
-19.80139037912231,-29.075577503134944,54.7070475068942,54.693321366980506,-0.013726139913693203
0.5962828077195397,-12.496190733993394,47.526859712476465,47.61399933945443,0.08713962697796518
-17.113617117187225,12.339179287482445,55.50641309764832,55.494478544557296,-0.011934553091023758
16.394734854911427,3.2408947948875735,47.780311816153564,47.81433229221564,0.034020476062075033
-17.88657858457082,30.964421862659727,56.68441806656059,56.70367698765737,0.01925892109677818
24.549822306022513,-26.557931047233943,46.93877849386267,46.9447165699753,0.005938076112627755
-17.85827794567495,22.193861385069567,56.33826831288522,56.30082598491428,-0.03744232797093616
13.255901495955825,-10.167031090883263,47.94281103843277,47.71854878395649,-0.22426225447627957
-17.365741677677093,22.1215631036234,56.35744603190019,56.334308753417396,-0.023137278482792567
-2.317270978242661,25.083317174626977,47.72782383139732,47.7292788694779,0.0014550380805786745
-27.15977360211827,19.728323456755113,55.85480211363172,55.84628718821684,-0.00851492541487886
15.978273747374466,-12.709518816942143,47.73950273242347,47.74408731902298,0.0045845865995133295
-11.159724445700263,-19.1438271177855,54.57909798561107,54.58072118257746,0.0016231969663920154
0.5764264202783451,-18.519441996662827,47.414443467842226,47.41482391852821,0.00038045068598080434
-8.741804659238845,-20.400940607185788,54.50930437109401,54.525252775944715,0.015948404850703923
-28.100364377767484,18.14048539645941,55.66737861645578,55.58984836348668,-0.07753025296909755
10.037727977164849,5.0209361700509305,47.91517332100085,47.87989706920582,-0.035276251795032465
2.115250172506734,12.770466827184691,47.57810161065362,47.56646198540199,-0.011639625251625318
9.973490294607075,-20.153915674328495,47.75764057533966,47.72804428482808,-0.029596290511577195
3.6470822771818163,20.576868951674427,47.629565841637046,47.70844403427368,0.07887819263663687
10.818099512040007,-17.533598118683095,47.80615672030665,47.76998829187304,-0.03616842843361212
28.031052212001377,14.528699999147463,47.41692180326703,47.45318733859162,0.03626553532458843
-5.0746716455328595,18.434210279143812,53.12787134499281,53.24109797224658,0.11322662725376631
-24.728763903066415,-9.00667788844217,55.09478557593242,55.11173093968803,0.016945363755610288
19.803586664999592,-2.9078664212506595,47.33371129994963,47.46036853278784,0.1266572328382125
21.448891490018603,-11.952067497873976,47.09367899994664,47.2296549780016,0.1359759780549581
-21.53252211797635,24.059937367068166,56.19488748164308,56.20039448948226,0.005507007839177902
24.55160870533836,8.249935799385277,47.197615471307785,47.20238523223884,0.004769760931054634
24.79494636829603,-5.974547104389316,47.07062222106399,47.09866913731765,0.028046916253657628
-31.048631372485723,-11.274437012801457,55.197480652675075,55.18422076465385,-0.013259888021224242
31.919767614903563,22.201324135949058,48.730029750677836,48.71899479311841,-0.011034957559424186
11.354946594587894,23.606760981268955,48.094733023703334,47.88682842187134,-0.20790460183199144
15.742870372990112,22.18739805890867,47.857020774786506,47.857163104720115,0.00014232993360963064
-1.831856354936697,-12.836236342424428,50.68396058397661,50.69389791357104,0.00993732959443605
19.459620704377606,-25.493483909020455,47.19817730011123,47.20674259408212,0.008565293970889343
28.797362956416507,30.519921211418897,48.05545433084876,48.07393109430255,0.018476763453790568
-19.972902446114745,18.86567886871881,55.52844807773923,55.52874305132946,0.0002949735902291195
25.626838370138366,3.6066929110780066,47.200783787750154,47.20834386041622,0.0075600726660667306
17.738741088687327,-24.48202687058332,47.44860374429421,47.45419928417516,0.005595539880950184
-5.134127046537223,-6.413640653745375,54.78799177105751,54.79679675153189,0.008804980474380386
-20.431941630332247,14.899375402189769,55.25609633233033,55.41082572588249,0.15472939355215942
-10.163994453035585,13.872354779084453,55.54960398145018,55.53768057582784,-0.01192340562234051
12.720043640212744,31.669705108253837,48.06549380529586,47.91119989731543,-0.1542939079804313
10.462635660306155,12.91741170753118,47.93275271542233,47.78187076329014,-0.15088195213219535
16.3964128596429,22.884994451840015,47.81038839373186,47.80223231683985,-0.008156076892014141
7.319346050917737,-14.731534569192519,47.56088079602714,47.58108020788199,0.02019941185484697
9.886484991238106,21.394298740012204,48.039115292532244,48.0453756577227,0.006260365190456696
12.970109992038864,-29.837458272153206,47.925125497362096,47.920826871362564,-0.00429862599953168
-26.10280512661356,17.298373062987018,55.509956704772506,55.400851422958155,-0.10910528181435097
-11.043755370494218,-2.006649886946562,55.05200709025131,55.03408284709262,-0.01792424315868857
-14.747385744784907,-31.91709510554157,54.24306492172733,54.30247517972132,0.05941025799398858
-7.136492822592551,-0.6579472593613644,54.97385471856532,54.98357172318931,0.009717004623986725
13.46900904003735,-15.612435384801621,47.802185908798535,47.66543203407104,-0.13675387472749634
15.811639266661643,22.90944904759518,47.855440322610995,47.86302527219292,0.007584949581925571
15.820789464217093,-18.810846209179296,47.7147421749202,47.726606400570276,0.011864225650079163
-31.211412777968683,21.56369458534906,55.94951928216307,55.96221525558964,0.012695973426573914
14.574903809367008,-12.459261921058776,47.83561937009591,47.734531286758155,-0.10108808333775698
11.162706307702905,-25.347920940765327,47.80931939681405,47.790392550985985,-0.018926845828062255
-29.623502645929563,-23.092082680253377,55.013744401672966,55.01461084822535,0.0008664465523864351
29.515921847666718,2.472017842878074,47.453563026882236,47.41767007720738,-0.035892949674853014
-22.155945147287156,5.23852989559942,55.23239504382112,55.215503386728905,-0.016891657092216406
-9.11565594195725,18.175243980384103,55.660097175505555,55.66182595178003,0.0017287762744757629
-26.030653470764904,25.35302235506073,56.0630617680644,56.050967416737315,-0.012094351327085917
8.028925281904804,-22.369613340384248,47.578924891147146,47.60008854624565,0.02116365509850482
1.3562652308548522,-8.494175628871623,47.45693356107229,47.446194595074665,-0.010738965997624916
-13.054095704241256,-29.6165764789367,54.29450470049646,54.31864433350273,0.02413963300627131
26.348365927948052,-21.798660324771987,47.03042450310953,47.050410077727925,0.019985574618395674
29.972094195671936,8.968463936656782,47.52935074266714,47.49819043143335,-0.031160311233790594
-23.74006699952819,24.949348391165337,56.14747726713364,56.15036065379444,0.0028833866608053427
31.63187220981765,-14.709376637684215,47.29723971965445,47.268881873407196,-0.02835784624725335
-8.658040691496403,-24.266010791724533,54.295103331111996,54.29906953330121,0.0039662021892112875
-3.018113910888111,-16.361536855188916,53.30114602247902,53.368174655029485,0.06702863255046765
-8.9749151870218,30.72856084247657,52.819655275749675,52.87420180318175,0.05454652743207333
7.532043854293626,-24.64213086742909,47.52493135448238,47.57905724073665,0.05412588625426906
1.018438295708087,10.996171072711967,47.49779148937011,47.56238450976073,0.06459302039062464
-26.19879550770107,-16.20717061459814,55.02851594595549,55.055122502091606,0.026606556136115955
-17.640539431474657,-19.42402352975696,54.83920546806836,54.884862926036604,0.04565745796824672
-31.210598664373208,-24.824480525558577,54.959519376908744,54.97228168942404,0.012762312515292251
-8.188239501126255,2.7458666815332577,55.13987791378649,55.13761391896859,-0.0022639948179019598
-26.752659304846937,-1.7737922033368392,55.186043118723916,55.238849594567384,0.05280647584346809
-3.3064684915068128,-14.578958368046806,53.240417190488735,53.23647427777225,-0.003942912716482283
-26.516106833598776,-27.58919419769854,54.88811674052727,54.95351348476521,0.06539674423793684
4.670097190660627,18.134561356755114,47.637576826686164,47.71965371492774,0.08207688824157344
21.670183780203992,-16.382870797156862,47.019761350680085,47.17756663940113,0.15780528872104327
11.63008800693462,-24.269564868932157,47.81887244972207,47.81507180582661,-0.0038006438954596433
-11.789159273283616,-29.806749446340675,54.29175069656883,54.301853666630215,0.010102970061382166
-10.995898477106934,-21.999180971348352,54.45587913479814,54.447109285489255,-0.008769849308883693
17.98197231858132,-6.436803148375567,47.53428329105459,47.59705942763678,0.06277613658218684
-11.836923333220348,-22.969525777376568,54.410937603662205,54.432575616569636,0.021638012907430948
6.876988877428879,4.5843638913650295,47.61867410490396,47.66712645352526,0.04845234862130354
16.623267264032584,2.0489301894055387,47.703361803801485,47.77130758724041,0.06794578343892255
-4.388983030637149,11.537663466543393,52.50342288062839,52.57686215667016,0.0734392760417677
26.705738211677705,-22.776999262176588,47.04269246016378,47.06558233770905,0.022889877545274828
-29.09948905051518,-27.77946454024915,54.872706952584956,54.932603221049476,0.05989626846452012
-0.6410165358668323,16.42087820817035,47.61083358872338,47.64578181897165,0.03494823024826843
23.74996415619308,12.405380865585293,47.21075036194456,47.24196777948138,0.031217417536815617
-15.574704699348707,-15.213148897614126,54.901552626958605,54.895232666491076,-0.006319960467529029
25.593132514252588,9.922144967141591,47.26613654181045,47.274347761919124,0.008211220108677253
-6.023677525216279,-27.298034573498434,54.109350380611545,54.11184293146306,0.002492550851513897
-25.598696490913852,-9.068336421578586,55.11816647652829,55.12601530648552,0.007848829957232795
11.145995815082983,22.77902551395365,48.097331611070324,48.04136943080745,-0.05596218026287403
19.647930657398724,9.068770380891827,47.43217747027118,47.425813145094175,-0.006364325177003138
-20.505500293104376,-2.655470093893804,55.17847734750099,55.20438922139714,0.025911873896156123
-11.449849317225805,24.779014918351066,55.566089338740895,55.62645362200208,0.06036428326118681
27.65540869346988,-15.34227499301808,47.118114175123,47.109569968510755,-0.008544206612242533
-24.85463113562571,14.898030897373424,55.231092125933614,55.27526664203743,0.04417451610381562
24.083606446904234,14.088862777520404,47.24672352210999,47.25387339942847,0.007149877318482822
-24.923490832721768,24.86885586667097,56.09906107181829,56.11420724816135,0.015146176343058926
6.299260656433923,-31.974054734450092,47.421034617394575,47.55378366139243,0.1327490439978547
-24.087074492168213,-11.180237510182721,55.055112159513655,55.06791078653799,0.012798627024338316
4.628691280014991,7.299831442192534,47.557553630950444,47.58031135421926,0.022757723268817642
6.262551992287072,-26.643054868918775,47.43106518686105,47.54995790713466,0.11889272027361386
-15.742173859170727,-5.99781314459711,55.019725460854815,55.01515816156472,-0.004567299290094695
15.869294636520003,-30.057901273851314,47.6523368591864,47.64120395348904,-0.011132905697358808
15.327370705931088,22.808955943201326,47.88310628112694,47.906474932706345,0.023368651579403377
19.29055195089674,21.540296697629756,47.4871153639198,47.47014634331899,-0.01696902060081129
18.8048549748857,-20.490839883472326,47.333688997140044,47.4010196096753,0.06733061253525818
30.036082507903444,26.290948167179444,48.61515299526881,48.61488067132179,-0.00027232394701570684
-21.154400253396723,-26.071126137377384,54.817240110031825,54.89207965073239,0.07483954070056598
30.485403132659663,-28.84416004726679,47.21229076864041,47.220934566369756,0.008643797729348535
-25.09649529166653,20.764137846261967,55.9561459105216,55.99511137412338,0.03896546360178377
30.855308156093777,-29.531536086927503,47.22205117584629,47.23573621989639,0.013685044050099293
0.3052365853616976,13.66530193764087,47.521219105645564,47.55487685055233,0.03365774490676898
25.42536077366462,-8.562160729211442,47.070631274259505,47.08514811538742,0.014516841127914404
-28.118724678099404,19.879034738723107,55.83913266426919,55.865944840373004,0.026812176103817364
3.8586205181602367,-11.21433650938571,47.44526346160396,47.445464238473384,0.00020077686942698847
22.15717739001321,13.36233485833639,47.169162526716796,47.34326174948806,0.174099222771261
26.394736371510675,-11.07052835732457,47.096189127669675,47.11309516039588,0.0169060327262045
-7.757792071628835,-25.44563057657757,54.24484048310791,54.247206545556615,0.0023660624487078508
0.6253278458116043,-2.7031509021178195,47.46703676196626,47.52680893100542,0.05977216903915661
12.208759878140448,-31.727534005083818,47.89785878333868,47.88172503417474,-0.016133749163934397
3.296091178623513,14.010970685469914,47.59311323593303,47.62562816850952,0.03251493257648974
-30.29372444776059,-29.746044782986864,54.84807059656384,54.88865204268811,0.040581446124264176
-2.73985437804901,-15.293550261880682,52.5939789738032,52.63430021024425,0.040321236441045016
10.790583970481094,4.615541486472232,47.93986046970901,47.91486690927752,-0.024993560431489925
28.67075501459056,20.111485824961044,47.53950292244984,47.535654887137945,-0.0038480353118970356
-8.15519353957756,11.60033661558385,55.40974283603471,55.40836843556146,-0.0013744004732529902
10.573710871447588,27.41445555548941,48.13576848580592,47.94484173227193,-0.19092675353398647
10.341531071914204,13.645300617811586,47.921005563837284,47.788542552726064,-0.13246301111121994
-12.977713417414364,-12.353610296173748,54.891104068491956,54.83836237036682,-0.052741698125132075
2.639710886323371,-25.57567686499751,47.34217584137575,47.48088857700068,0.13871273562492803
31.745333807879817,17.125097854607013,48.23104421949865,48.27636676211465,0.045322542615998884
-2.975922653739488,-9.623676011852439,52.461761958090904,52.43052624862475,-0.031235709466152173
-20.979091692391677,-15.352575323941025,55.03148849496024,54.99090529031566,-0.04058320464458376
17.542469017413808,-20.946843155107373,47.53328681294616,47.494194147878474,-0.03909266506768461
0.3990449099934068,0.04827427439032306,47.54359647083517,47.57865956061086,0.03506308977569006
7.798643836200256,20.404474273342466,47.85384817104366,47.87436228051419,0.02051410947053256
-23.981672838177964,16.61320715685511,55.298514343808385,55.29948318940685,0.0009688455984644406
8.258703756159633,13.60310824542399,47.82347405869127,47.79338043775706,-0.030093620934209753
-21.489447346117906,-13.421532407946785,55.02906116878988,55.00385700022382,-0.02520416856606289
23.602195999325303,4.885772685664712,47.1134159518663,47.17232910317757,0.058913151311266176
23.497190744779246,20.27387436673849,47.28255638361495,47.29947888555856,0.016922501943604118
-18.68323187019292,-20.82628997003917,54.8283649353364,54.894726520490536,0.0663615851541337
9.840817031119734,25.831192597067535,48.11396386832847,47.90476286944908,-0.20920099887938903
28.549556097477335,-28.886720100982373,47.1237460072859,47.1250943369603,0.0013483296743999063
15.48451854876646,-22.680951901796995,47.76116223884144,47.72592071817121,-0.03524152067023323
22.273648440886426,-7.329412227140203,47.043154879860225,47.19378828045432,0.1506334005940957
-20.330179974017426,3.1662847196201795,55.2492500990436,55.201324029856494,-0.04792606918710618
22.48702633122783,-17.779083611067044,46.92414183051137,47.09752245532851,0.1733806248171419
29.64202998577941,28.27854317850511,48.54030308410884,48.535117252993444,-0.005185831115397832
1.9337535708855427,28.15381732714549,47.623731805115476,47.742998579134486,0.11926677401901031
-31.801858366864067,-8.77537104060844,55.24340532411986,55.24045200416847,-0.002953319951394917
-4.384416259437899,13.768175013399258,52.2854121170366,52.12363950128069,-0.16177261575590762
15.354109294944742,-21.74904159879312,47.764078810740386,47.73481380905387,-0.029265001686518133
-16.9464940079232,-4.944287797399987,55.03979090571632,55.067916450188946,0.02812554447262272
-8.576592956933773,-19.248501386127543,54.544436266683235,54.54728616868055,0.002849901997315385
-1.5979079951405453,-27.385910014261867,50.12552343096356,50.02574836876962,-0.09977506219394172
19.701973985535112,-1.877164472913691,47.3189103964786,47.4805683167144,0.16165792023579684
23.48922882831109,1.0895101484477365,47.0897308688084,47.14973142704118,0.06000055823277961
18.729262581883127,-20.681210693962697,47.33946845150668,47.38933423630276,0.04986578479607573
30.634612573538618,4.848450801806756,47.563844864893866,47.56061051627246,-0.0032343486214045924
7.46559455164617,-22.24023018895278,47.52927332611101,47.57206440059061,0.04279107447960229
-7.800210920672974,24.507921696476657,52.50857046423997,52.50867379420302,0.00010332996304640574
0.48337984805054646,-16.702762303746162,47.63254692546655,47.57538616755907,-0.05716075790748221
-20.00783819475503,-30.462343440225915,54.7043298760958,54.658322902864896,-0.046006973230902304
30.504162163898236,-1.0365453620599823,47.50255018697423,47.49573290773272,-0.006817279241509766
-23.128540142598325,-9.010433251979116,55.11036528656563,55.08346315472965,-0.02690213183598189
-2.4834564121037843,13.017381921987429,49.3264284562587,49.23090726372944,-0.0955211925292545
21.438845841177148,15.44183538448214,47.23956367465113,47.42872417480115,0.18916050015001673
-26.991912272640242,-7.771001265791369,55.21572489703105,55.17478536817049,-0.04093952886056229
-3.606734417939734,-1.143716257733665,52.80777304894495,52.76982086602894,-0.03795218291601543
-21.63103479875398,-8.93279229351485,55.11529513502344,55.05791906539289,-0.057376069630549864
8.130927105991262,26.361214638118263,47.966586283381965,47.94874728054935,-0.017839002832616302
27.946991350398974,-14.970035812091211,47.136845055063105,47.12747547791102,-0.00936957715208564
9.810330422534257,12.398100710191187,47.925563258638974,47.77895755515783,-0.14660570348114277
0.923471064486975,-3.7809400310287344,47.47743721318099,47.55487885134139,0.07744163816040128
15.869316366437033,21.77358029618547,47.84374575109701,47.843091927645006,-0.0006538234520050423
-14.352140463805938,-29.826789513870587,54.33295223611769,54.32974335370457,-0.0032088824131193405
20.097981807220933,4.240293445346438,47.36031930977392,47.4169727948611,0.05665348508718182
-17.90600769340223,-25.210586169987835,54.67887579268586,54.695988862479346,0.017113069793488478
22.22437432041852,-13.06198256491998,46.97740160727977,47.14506601939165,0.16766441211187555
-6.381330050682941,1.5200847986521993,55.02817021709914,55.026264850529294,-0.0019053665698436362
31.858852474831252,16.57844581990429,48.222324466424624,48.24267086501372,0.020346398589097703
-4.799073205790833,-13.914942782981186,54.4637749344316,54.337310819905696,-0.126464114525902
25.719196826431663,26.26512594957247,47.4447172062634,47.48972723881402,0.045010032550621304
9.047074095850583,-5.709819316655285,47.817786134193724,47.737252608514275,-0.08053352567944927
-30.81702331101846,-3.474607783069473,55.239426987748374,55.25607766288041,0.01665067513203411
2.0101779011283583,-29.317671755228922,47.30454930456582,47.44155883693456,0.1370095323687437
11.992400170617785,-7.059607085215347,47.94781947700318,47.94153188874567,-0.006287588257507082
27.36221665214544,20.725400062248966,47.44795393948431,47.44565212765369,-0.0023018118306197266
-28.13683340111742,3.831609768863345,55.242239856734415,55.2457777094359,0.003537852701484212
-3.4711354973167303,28.22049712654369,48.0411354137976,48.13553693354607,0.0944015197484731
-2.1599682095121864,-28.763186176481447,50.774311323518205,50.76551275139421,-0.008798572123993154
-0.026013874726039887,-31.320167758921507,47.38864622045086,47.38199086185189,-0.006655358598969485
-31.101142578743676,1.4888744209843523,55.221127472428215,55.25799365130729,0.036866178879073175
30.81226984775393,14.561987267387806,47.69054382371891,47.74091422029,0.05037039657108977
28.563793270592953,28.308272442181725,47.82637508614032,47.79679181007985,-0.02958327606046396
-20.922199300508737,-6.470446942183486,55.25283356989593,55.107690113229665,-0.14514345666626127
17.41080580497949,-17.080585902802454,47.54001081461229,47.58629249624627,0.04628168163398527
9.539450175855201,18.568727223517378,47.940544941379315,47.935856547532275,-0.004688393847040118
-11.10141337691168,3.5524406463293303,55.2315692249372,55.21594232195986,-0.01562690297734548
24.639062768496338,26.146831285056777,47.411181870017565,47.420498326549804,0.00931645653223967
8.055766010330153,-16.242534622684218,47.6033045290852,47.60585470665844,0.0025501775732408305
-20.25936555134856,-21.180396422385854,54.8740532471238,54.91921042845272,0.04515718132892488
9.901631903489132,-5.821387505132641,47.85686915893212,47.80008130186179,-0.05678785707033285
20.968833712360748,-0.5625636897644881,47.190461772792915,47.380999614650655,0.19053784185773992
28.300949393105952,24.997255084638,47.60664627310403,47.67351516184741,0.06686888874337882
30.739028917113238,16.355740645852165,47.79544173408232,47.8228062355774,0.027364501495085847
3.927620939630174,26.87915347381343,47.67974541800777,47.803605750675324,0.12386033266755447
8.941607535978491,23.52956412306255,48.006343918282596,47.91105324941664,-0.09529066886595672
11.880343364011686,3.164954390157689,48.00723124359088,47.953544935265754,-0.05368630832512622
7.607168531695265,-27.47726033189342,47.54311136195025,47.58062270212868,0.03751134017842617
-17.19660405488228,-25.336554712085913,54.6438953610999,54.64047348147908,-0.0034218796208236313
6.841409351050345,12.25803271836746,47.675361432448696,47.727224730460605,0.051863298011909365
-0.46811560711966393,-18.786635468906347,48.27749610811622,48.28278902934262,0.005292921226399017
-19.60006034248736,-25.178576170874756,54.7619319497549,54.81889925597547,0.056967306220563785
0.5194007378761683,-8.84226151875324,48.077384968885106,48.08102465822364,0.0036396893385344242
-6.75170939899818,-28.208700666567736,54.138483570920755,54.14098076918004,0.0024971982592845166
-17.55944029854237,0.5848914129517127,55.18652648629275,55.18248190492056,-0.004044581372191658
6.331608185044075,-11.738762932311381,47.48789858284304,47.550812585372526,0.06291400252948876
-9.164070075150072,-4.380801563672222,54.90536190484522,54.925199368409075,0.019837463563852964
6.020447293845457,-8.604408564671623,47.545065906315806,47.5725004560372,0.027434549721391477
22.679209384745107,7.803322076640882,47.11953907460929,47.24220602756806,0.12266695295876673
3.758746837738485,-23.870504346297537,47.35771245889488,47.488525621532716,0.1308131626378355
-23.718240173641483,17.87353580093535,55.44701095778308,55.475026502797206,0.02801554501412795
1.4650718839309746,24.912929605073735,47.6147450756247,47.6249460999291,0.010201024304400619
-21.305328432545558,-0.486489634400165,55.16900747851015,55.1946812754573,0.025673796947145888
-4.432852913514402,5.095316516444328,53.61219812526931,53.52093905915723,-0.09125906611208023
-4.268513567462236,-19.625810688851253,54.41985482164443,54.41486138809343,-0.004993433551000237
29.175624921008577,11.425549521858088,47.41192307019447,47.4272473313179,0.015324261123431882
-16.655127340715005,29.17809206911531,56.547090072923936,56.55435596757804,0.007265894654103988
20.366623702346708,4.722240893799565,47.32687222928672,47.38738003254742,0.06050780326069827
-2.145698456211967,-2.1283809725739147,50.694212543978836,50.69310768788321,-0.0011048560956226083
-22.099778636920675,15.019509313497132,55.25988438560088,55.33356217351054,0.07367778790966639
-5.38686633791017,4.804184813879246,54.741027700421014,54.71942925478948,-0.02159844563153257
-4.729740255679637,11.835869690631014,53.069722576856314,53.093648607386186,0.02392603052987141
20.216859533852407,11.366241499562186,47.378642030384576,47.431837875764394,0.05319584537981825
-1.8888266751708542,0.5446969364244652,49.805428897809186,49.7699713447113,-0.0354575530978849
4.138485237183765,9.72636460867679,47.57371895891839,47.58673891089892,0.01301995198053163
21.660803127674058,6.276489112186695,47.164457185846295,47.28371190570235,0.11925471985605185
5.859114761921177,0.05301336377306143,47.555995014446886,47.56929741201467,0.013302397567784396
20.76322848399228,-17.75950871404092,47.11976916612192,47.26411378466319,0.14434461854126823
14.341674801986741,-6.83046545857097,47.86275786829264,47.84210897077422,-0.02064889751842003
-26.3472985422369,12.276527687103659,55.24488368807533,55.27622923930418,0.031345551228845636
-0.32249845903140795,-5.147864154389303,48.67815684227571,48.65172507515265,-0.026431767123064276
4.594600037605019,9.531346981439924,47.58409302567236,47.59901643203581,0.014923406363450908
-17.52070366080128,-5.947174516599489,55.01979820215378,55.05425867923324,0.0344604770794632
-6.089191043162167,13.223892647438213,55.07217891882469,54.905567189265966,-0.16661172955872416
4.689838708034067,-17.909349350150798,47.42091230866951,47.446317643373625,0.025405334704117877
-20.17726653797221,23.703981834292883,56.232508174602806,56.23018912155866,-0.0023190530441468127
-21.925397288012988,-30.434562332949994,54.822994571555206,54.797145846235544,-0.02584872531966198
-20.73951060843875,-22.821796532231637,54.882363743292125,54.91325071599065,0.030886972698525028
-14.547471555842932,-18.12018564394088,54.78308614849878,54.744381305793695,-0.03870484270508712
30.795079198398483,9.65608408656717,47.538597730203676,47.57501377501994,0.03641604481626359
16.787953319544144,-15.557863468741317,47.585794381594454,47.62513392782334,0.03933954622888791
-4.86303228256385,25.973369143167744,49.42339787268319,49.407207283407416,-0.016190589275772993
-26.24682991037659,20.32092311956071,55.92737740534355,55.93217249176252,0.004795086418972971
-24.58995781836409,10.648518352161744,55.24139684013941,55.25022637999239,0.008829539852982293
-10.203897598006762,-5.710846428683503,54.90917343285735,54.92690970428138,0.01773627142402745
9.92485011243464,3.8442939022072053,47.918269090404735,47.84061585025957,-0.0776532401451675
-28.698753822982802,30.63357319672579,55.852737678680796,55.86516170868128,0.012424030000481423
29.44692091839105,-14.184536773621524,47.2805640896388,47.17934672092919,-0.10121736870961229
17.846311258056083,12.6289448847823,47.608562254274446,47.60922396466798,0.0006617103935369073
-15.912982479673289,11.011832784211357,55.522038448511054,55.50779970234105,-0.014238746170001093
-15.796911416597176,0.044774466252704315,55.17131213111494,55.17402984653414,0.0027177154192017383
0.5931705764910831,-2.009841229718731,47.469985942307,47.47081807061232,0.0008321283053192019
-26.96301824425109,21.270908061499775,56.01428304206217,56.007513863929255,-0.006769178132913112
22.03478407755339,-20.42282554131689,46.91440407716264,47.09571214076005,0.18130806359741314
22.786947689731797,25.103462262661353,47.328138143781715,47.36981659068899,0.04167844690727662
-4.942619386463427,-21.714782729186915,54.28624323888006,54.32607272360824,0.039829484728180375
19.316245758755286,-27.603576956996818,47.162411399290704,47.186281479818334,0.02387008052762951
-6.6794261343487875,23.757868435948645,51.541173892794255,51.53403728772204,-0.007136605072211921
14.701381254362467,3.5864732856266315,47.986374094734146,47.90132242065204,-0.08505167408210212
14.978337067549887,-22.75666937768402,47.7889536683047,47.742897775892416,-0.04605589241228358
22.714083899329033,-3.5286403175317744,47.039617737002416,47.192478086621755,0.15286034961933836
-16.066999151225183,21.03830932759464,56.16594490341555,56.17347461122394,0.007529707808387798
-22.37365669066508,-30.88132833987246,54.83932318392734,54.813308837427385,-0.02601434649995582
17.636234723645515,17.82398283729129,47.65981784663682,47.72816956048445,0.06835171384763328
-27.561163752799075,-1.902320708508661,55.18806720168338,55.24682317340965,0.05875597172627067
16.108645159422807,-5.894157583498632,47.712401368794616,47.774350683979385,0.061949315184769205
6.578066645954841,-30.558437753510248,47.43344681824139,47.54197226937834,0.10852545113694845
22.12410591566504,10.43910343528119,47.12946742763461,47.30242550946762,0.1729580818330092
-15.693323464199047,-8.553147259814885,54.95769181206365,54.95752336826206,-0.00016844380159142247
-26.664420466195153,29.549668961991593,55.8985831836455,55.916426455486565,0.017843271841066155
5.013364468492618,10.492195399248317,47.591571703723,47.628170695578774,0.036598991855775864
-18.411045738516087,-18.13374823649346,54.89499809104247,54.91352300335471,0.018524912312244624
-19.7296550312063,1.3581606452412842,55.21207235027369,55.19130919376401,-0.02076315650967331
2.801748902093294,19.012056473230622,47.61060480009483,47.678070838101135,0.06746603800630169
26.19530202411316,7.55679565825244,47.260445045824696,47.263324647022465,0.0028796011977689773
-24.14338802551088,-19.034480655383895,55.007914051193666,55.005204797577896,-0.002709253615769569
11.191442841850282,-14.981837841741822,47.80806571454232,47.633853750486054,-0.17421196405626915
19.68700421244978,15.02406601264726,47.43831938351987,47.53456783532867,0.0962484518088047
-25.874720787493445,25.370509562641516,56.06973705581043,56.060053747707,-0.009683308103426214
-15.11382784646851,-15.147150574505453,54.89222099449806,54.878875983849355,-0.01334501064870608
-24.30810197980462,-22.559116553164728,54.93155412144739,54.976381979412416,0.044827857965024975
-17.64501193108954,27.113781246446145,56.72231739649877,56.69501562227605,-0.02730177422271396
30.48722144405592,31.180875199501195,49.10030321962754,49.000953846423116,-0.09934937320442572
8.407670605047606,29.14976361698455,48.015411461241435,47.97677418404647,-0.038637277194965236
-11.28998425036729,-17.773554883300896,54.61602224279309,54.64673867731214,0.03071643451905004
14.892484570765404,-23.148337982170432,47.80659101905587,47.74397779803598,-0.06261322101989464
30.503811611937238,4.284948426227537,47.551871668415664,47.53874947464466,-0.013122193771003765
-4.588843770163486,28.224171813182316,48.79521892041663,48.812414512478355,0.01719559206172505
-23.48997802953697,-19.579234656257057,54.999650176000884,54.98975631227465,-0.009893863726233576
26.95830631865895,26.026212752668968,47.49822146823195,47.57139305761716,0.07317158938521118
-27.814682576020722,15.325982051203624,55.28271008319382,55.32957281164419,0.046862728450371094
-3.245024590776879,31.655523224519975,49.07864364946198,49.05379311804154,-0.024850531420440802
-31.501083047935587,23.471701741143384,55.91117943381484,55.911139112796626,-0.00004032101821138667
14.9311786696681,-15.74646198969986,47.795217090823,47.69379785555061,-0.10141923527238816
-28.039438449420437,-10.406605951291489,55.173036703109375,55.14488605516014,-0.028150647949232166
0.260183912129186,31.435031125250248,47.644183564361285,47.64927355333369,0.005089988972407866
17.46745466985108,24.485442289695243,47.73569227424081,47.68756364073874,-0.04812863350207408
21.463063242353257,13.22738650690571,47.238852792930714,47.38577055750014,0.14691776456942307
-30.536370632058556,-21.496807285893226,55.088960457242365,55.03756276526606,-0.05139769197630528
-13.469081729740203,-27.26791875140559,54.36769818980792,54.35873262791213,-0.008965561895784901
-14.526424508497591,8.280682982825411,55.42621678984926,55.415473892167086,-0.010742897682177954
16.27635714191419,19.884698033123946,47.807972673640094,47.810853772942934,0.0028810993028400844
-10.766476263538806,-2.573351482578637,55.02475040257096,55.01364616884102,-0.011104233729938073
-10.376378205509354,2.354872077497113,55.17257290497329,55.160890218337876,-0.011682686635417383
20.189404511849474,-16.451516492082618,47.2207354463999,47.31970428773943,0.0989688413395271
-4.231699711074604,-27.69160701141491,53.985007126244575,53.95305397141455,-0.031953154830027586
27.865571090336744,-7.628906850690221,47.19850953869217,47.20954145274881,0.011031914056637504
7.4512523422502355,8.135027512412272,47.69668345129529,47.72011597699049,0.023432525695199047
3.3561677613635723,3.0260314580943515,47.517725315740876,47.51254457802661,-0.005180737714262307
-2.8725453637384035,15.147721678616684,49.345589244212704,49.41959308545922,0.07400384124651538
16.115760028923823,-10.130184331417446,47.764067143960624,47.7627145481726,-0.0013525957880204942
4.061473984234958,16.512700381450728,47.597540477879605,47.675037073267625,0.07749659538801978
-20.38493052395458,-17.058383086190318,54.97484159148972,54.95747543216504,-0.017366159324680552
25.388313167613425,18.744184525775268,47.34982041582608,47.35503256873948,0.005212152913401269
-2.7022208101617338,14.93570224322967,49.1184223796627,49.200893229110854,0.08247084944815697
17.565794692059725,1.8170551387263956,47.57084403965328,47.67180092418462,0.10095688453134244
21.1436899928172,22.657380618853345,47.24757028532845,47.38093559241519,0.13336530708674132
-15.999797399597632,27.830580213014635,56.6043747333743,56.60438691653103,0.000012183156727019195
21.85429963109346,-28.355858254600307,46.841808090541804,47.00283527998821,0.1610271894464077
-17.311105907755476,1.4434646082926932,55.21283904069225,55.18597033342031,-0.02686870727194446
10.980339041048829,27.011364276858536,48.15239858183468,47.938233202525964,-0.21416537930871726
-24.989107096413235,12.713074745504073,55.239914408375824,55.263176323425405,0.02326191504958075
12.44464147564701,5.600900483485013,48.00127218377897,48.00764355823663,0.006371374457657453
-4.707018236702503,-26.833244986264866,53.957170726491064,53.75839997782504,-0.1987707486660213
-18.214840171107483,-12.748778461953066,54.98116017066017,54.95960725189157,-0.021552918768598772
26.272915163026255,31.456836227759837,47.53738720788837,47.57202173342906,0.0346345255406888
31.636802390451216,14.68833467284481,48.00748974460153,47.97629582036219,-0.03119392423933931
28.423929227419443,1.598630525016219,47.32513888292776,47.36235816965183,0.03721928672406705
11.894510565056862,-14.80263238252433,47.81464580282254,47.64699804450201,-0.16764775832052692
20.905885690908732,2.675683467182317,47.26934902858572,47.362260859801744,0.09291183121602131
14.93638477690397,13.686340643432118,47.88634366943164,47.77568099665515,-0.11066267277649189
18.885400023011805,-8.744770536622717,47.440020863409224,47.45224645161603,0.012225588206803195
4.5907193370536845,-9.869653314185761,47.47820122727747,47.48151213011657,0.0033109028391038464
14.193496704955734,13.569309848834422,47.944950213235735,47.77683666695724,-0.16811354627849795
-27.16002115412202,-2.359084617145207,55.17929125661075,55.24937372430303,0.07008246769227355
-14.750305029374012,0.8125686357841815,55.165435167880716,55.182874953504914,0.017439785624198123
-7.163806434076797,-2.699038648237803,54.92251095363488,54.920338308054156,-0.0021726455807211664
17.150895307035128,29.167128229468062,47.74606862861157,47.71330750440101,-0.03276112421055899
22.253445511896203,10.250950885534913,47.12983764649729,47.2933949817292,0.16355733523190708
11.602087318344196,7.615296284301124,47.94020466659349,47.792738579769726,-0.14746608682376205
-17.06908078258241,-22.259544245802665,54.74587022020111,54.74188780991458,-0.003982410286532456
3.7239083599965497,19.299785527545907,47.63151703225669,47.71143925460262,0.07992222234592816
-1.9231605371655789,10.224036749707366,48.91184731443096,48.93624619173881,0.02439887730785273
-6.3346637550271225,25.511566851296777,50.9308700897589,50.922125697899396,-0.008744391859501377
31.484244943119137,22.77827805876874,48.609022001841815,48.508188245676486,-0.10083375616532919
17.61288357740726,23.448306358963002,47.70410415554959,47.67159636266981,-0.03250779287977679
1.935248269885129,-4.3831250621557984,47.42682486635112,47.40892774227748,-0.017897124073641635
18.730916348214834,6.168359959921595,47.49023124253484,47.533190447092494,0.04295920455765412
-12.266539556159238,-10.929064686861608,54.848773946335676,54.841305605794396,-0.007468340541279872
6.747554941821079,23.706396374548376,47.76172401407303,47.8679758888247,0.10625187475167053
5.767417359351256,4.191975444878722,47.58504830794082,47.596694655870806,0.011646347929982426
-1.277736265044986,-23.706784730333332,50.39028086741659,50.38327523453283,-0.007005632883760882
-0.8211189020325733,9.194439846104054,47.69523787211682,47.72523104733767,0.02999317522085221
1.6269175845905366,6.723061410290249,47.50343897516706,47.575077959338564,0.07163898417150705
2.2972288099819167,-13.949731402565767,47.373816896278896,47.36292305224724,-0.010893844031656386
25.112864000923686,17.22478869048699,47.31329352925811,47.32329794224966,0.010004412991548861
26.5780989448889,-28.664357863917942,47.02591363473984,47.024795815066824,-0.001117819673012832
8.477525879523164,-10.16819753460966,47.6996246634957,47.63968342385455,-0.05994123964114806
-2.9592725880797914,18.08035952658787,49.462038222904624,49.54653134596949,0.08449312306486689
1.988322263204637,-2.880898613508485,47.435575096400974,47.42692194795773,-0.008653148443244163
-1.4191115968801,-30.46087566676956,48.9949964855704,48.97386020464389,-0.021136280926505435
-6.687480640337711,-11.069813200326912,54.69799854854202,54.65085871120726,-0.04713983733475402
-24.09815921315122,31.233678793390673,55.97018508189724,55.969709927657796,-0.0004751542394458852
-15.411141126682153,-3.1961869457040137,55.0582074755862,55.08171082081866,0.023503345232455786
31.50661022975268,-24.06883315862666,47.275926812998684,47.28489685044679,0.008970037448108314
-0.7432373549382163,-14.6819231915985,49.507533351996656,49.62221990730598,0.11468655530932637
23.045095132133945,26.197441385586608,47.35100430350827,47.37903611236082,0.028031808852553297
-2.6628900416064596,-21.939266736279848,53.170395208239185,53.17089066812787,0.0004954598886826034
20.54522864420425,16.717980086453203,47.33558792253925,47.49317940123176,0.15759147869250967
-21.134331210260513,6.196545996700912,55.263001642361246,55.217627630108694,-0.045374012252551665
-23.15113936321292,-29.67413457073947,54.880663093067,54.895496261362254,0.014833168295254495
-27.31549630602983,4.423846042295111,55.23947036311146,55.24212280211089,0.0026524389994335706
-8.86590542563897,6.826644550697743,55.30528229692216,55.295193312779325,-0.010088984142832658
-0.08884275484922455,-11.735779583323108,47.97333961141132,47.970075255410485,-0.003264356000833857
18.899480623682095,2.4683658260683785,47.45882316168302,47.544693952753,0.08587079106997919
-7.6917521085376706,25.773584318465353,52.18014070578964,52.166423367469726,-0.013717338319914063
9.627885500243949,-22.36834532770696,47.71286352595001,47.69483423025513,-0.01802929569488043
24.879453804421914,-2.6927022820491686,47.11174934800528,47.13904054218439,0.027291194179106526
22.551937295595906,-30.117518953582874,46.85316103989448,46.9623329056503,0.10917186575581894
25.631514958731238,-4.355146881535944,47.12004372064196,47.16648094728705,0.046437226645089424
-1.8869010917935967,5.7223776376655024,49.41449210590193,49.331194349156114,-0.08329775674581441
14.447627316730632,20.33628090209377,47.98505813792439,47.95273670673253,-0.032321431191860484
-30.933497957441645,-4.5916962623263515,55.23279095516234,55.25626693418084,0.023475979018499515
-5.66576309158409,-2.753658338620106,54.846572731859816,54.85094665995827,0.004373928098452495
-3.0847780679218957,-27.124536805377808,52.55997481045984,52.51306691394429,-0.04690789651554894
20.45556065170775,-10.810793193998109,47.23103129903306,47.37167643226867,0.14064513323560845
-29.50725629091245,30.504820537287976,55.83802369810285,55.84685964374907,0.00883594564621859
-4.28959916786399,7.138114906040272,53.38431677063066,53.3410209491203,-0.04329582151036249
17.169155333837914,8.64772580532049,47.637493496319266,47.63046192257642,-0.0070315737428430225
-26.887416275129254,2.680990762435968,55.2357033144384,55.23047310928821,-0.005230205150191125
-19.6367591754738,5.201581461084977,55.26722507389483,55.20934481498191,-0.057880258912916815
23.18580759002581,-31.071609795350476,46.87175505829415,46.95781944561606,0.0860643873219118
0.10730326309665372,-30.717456262722443,47.35626834955944,47.36570043163733,0.00943208207788615
18.679622365166686,-19.624144381270312,47.36337892948789,47.46264527239386,0.09926634290597036
-0.34732614880558543,29.00976378493081,47.62080342311904,47.639277650142205,0.01847422702316237
-24.509844978041798,7.572044487931031,55.24082436683171,55.23498224051975,-0.005842126311961238
24.691120649798734,-23.3095138158302,46.946295199411324,46.975358965018984,0.029063765607659775
-11.090200212177507,-6.869543538528504,54.91620993960669,54.91497128409289,-0.001238655513795095
-21.274811684141113,-29.434673351644236,54.7868794205845,54.78631851622293,-0.0005609043615706355
5.245805657003785,2.675525743142032,47.55069546176772,47.56458721793947,0.013891756171751979
-17.909028271622113,-31.772148265328454,54.62533181351337,54.46039982873759,-0.16493198477577664
22.97380499158011,-2.71950791522071,47.026840657983826,47.17786629191706,0.1510256339332372
30.60054037457482,-8.304641148013133,47.40561130634609,47.317111985031296,-0.08849932131479221
-9.712722232647351,-22.88834691353979,54.38945593998577,54.384698508619415,-0.004757431366357423
-27.54375835511067,9.741957945738875,55.261021480354756,55.27296587540658,0.011944395051820322
26.832806951199267,-27.385705714926083,47.04687725400653,47.0441374760475,-0.0027397779590287996
0.2953635102981593,25.7524354446807,47.60098958916868,47.613183326462966,0.01219373729428952
13.394185920982139,1.430292241679119,47.952307225105024,47.90606964443717,-0.04623758066785655
1.0999379032981906,30.644390984027083,47.65785205341293,47.683937277346615,0.026085223933684176
24.7424163530373,6.649791465575873,47.19016206985445,47.195126902378085,0.0049648325236333335
-21.498962640736273,10.447361124496751,55.258923693099234,55.238685001613106,-0.02023869148612789
14.452093330239812,13.217711680682982,47.907237910359584,47.773148567001286,-0.1340893433582977
-13.48989010861822,-5.451153348419581,54.9832027457754,54.98657792500484,0.0033751792294367533
-10.625948577586769,-16.597427087291322,54.6452067493314,54.676442172528944,0.031235423197543355
12.302207761485619,-2.4508318550104065,47.93954570034121,47.93365711621952,-0.00588858412169202
-23.743839316192123,-5.67267590619123,55.25101621021462,55.18515878270167,-0.06585742751295243
-17.208191742462027,-1.2995146116716114,55.14222502168346,55.16833976652728,0.0261147448438237
13.672502911622772,1.5905768053174114,47.960638106108256,47.90148786667222,-0.059150239436036145
-2.1221292644413197,0.3490651119775521,50.17230251176397,50.15799854308446,-0.01430396867950634
-16.832373541565637,-29.09433395149685,54.564392983284385,54.47924922191811,-0.08514376136627533
25.657554429283813,-29.609389856570125,46.9954000171883,46.98441334534936,-0.010986671838942641
22.24602929025407,-25.225025227952834,46.849744041501765,47.021278465844475,0.1715344243427097
29.072675807692562,23.780725156425838,47.619111942266045,47.71343314415178,0.09432120188573379
26.74159354283558,25.866102564461784,47.48449802744024,47.550019925508465,0.06552189806822639
-8.398762822982775,27.188790749145973,52.32197511662257,52.330207622667466,0.008232506044898003
-25.53152799798586,-17.803903418431887,55.000296892257666,55.032977063064045,0.03268017080637975
-0.9055303072875205,-3.6661806560229024,48.94805947511622,49.03768146704197,0.08962199192575326
28.17441469534652,23.66599928998562,47.536524693985434,47.54719701728544,0.01067232330000678
-30.65391418027454,21.60899386867537,55.94097319150005,55.969441876562996,0.028468685062946975
-0.17020089870072042,-25.605563722718777,47.639306543376044,47.638038101602746,-0.0012684417732984343
7.419986562819325,6.049453771586542,47.67610898539676,47.707208994034744,0.0311000086379849
-9.063894618438205,-22.540165263355163,54.38140302913172,54.38425294781636,0.002849918684638908
7.232480526236991,-5.764305458529627,47.586916768465656,47.62441142837398,0.0374946599083259
9.010267620981274,31.58103965878191,48.07636280004967,47.99071674588142,-0.08564605416825088
18.7560388768582,4.47598886162892,47.47689065413536,47.53473113750095,0.05784048336558811
-31.916609804980382,31.596132978746887,55.80328749900963,55.80294648493788,-0.0003410140717505783
3.3559845377312314,29.002352656791885,47.66618505076823,47.775933577145786,0.10974852637755816
29.08002804849508,-7.951856122738491,47.28154989066543,47.254450104341245,-0.02709978632418597
0.06995218552823701,25.178677865814905,47.57085665895523,47.57109639807406,0.00023973911883246046
10.528512721195554,28.572914530415474,48.11785693187058,47.937579984764675,-0.18027694710590225
0.9575091974117527,7.843203119234204,47.49952991300636,47.57741085130049,0.07788093829412901
-24.861161513657926,12.2583321355498,55.24564418490432,55.26000872456392,0.014364539659595721
13.369097654224916,9.448364196725137,47.94429038432907,47.74425044258578,-0.20003994174329165
6.9006085677190185,-23.234914549281953,47.47632263573893,47.537742550082406,0.0614199143434746
19.93179333342197,-15.701782641783552,47.253439602034206,47.330233406797106,0.07679380476290021
-18.77289245459002,7.88100790431605,55.39009428530892,55.27942264206392,-0.11067164324499856
-30.14794499894692,23.346667688561077,55.9649143987383,55.94338622954131,-0.021528169196990632
1.767458471886279,-22.36036386077027,47.34867972525288,47.42905803262446,0.08037830737158203
-23.56002872753163,4.219684179588157,55.2349577679912,55.21399856808093,-0.020959199910265625
-6.10286900923208,10.464467717180398,55.15961739142887,55.21493313576134,0.05531574433247499
-10.32020062943132,0.2974596011078674,55.10720160563584,55.087126144404245,-0.020075461231591873
-18.685552748361623,-7.513943358752186,55.04380034729559,55.03271551272523,-0.011084834570354474
25.820601023568422,11.657424489176215,47.282146816604275,47.31310925245029,0.030962435846014102
19.29971041509686,8.947383436736224,47.465222309019204,47.45080909579189,-0.014413213227314259
5.2108233072452705,29.248497118073345,47.71963563898131,47.859472769849376,0.1398371308680666
-8.145489780403878,0.21203686361760532,55.045105331092856,55.046046875207544,0.0009415441146884973
-27.42814399341257,17.352017586769996,55.54758646217253,55.435390303277565,-0.11219615889496737
28.514464390482708,2.4608120483417792,47.339750639018206,47.35746673494648,0.017716095928271614
-22.434715062781926,-20.02865636020295,54.98927739499155,54.96735677044691,-0.021920624544634393
19.4697154191786,21.84986510365689,47.46250321787474,47.43996972986053,-0.0225334880142114
16.27032153051492,25.164406660653952,47.82549044597481,47.81293318129435,-0.012557264680459923
-21.981633156531274,21.055471011463723,56.052316016152695,56.081466096640106,0.029150080487411856
-13.144903389289887,22.019847370239397,55.8451911886838,55.99757300933997,0.15238182065617423
12.401710264388505,-23.252705045422402,47.906781055464926,47.828013508926006,-0.07876754653891993
-27.206293469958148,-3.3762152095408453,55.17358378859768,55.25021022688868,0.07662643829100091
-13.107375410502293,-30.410650824885707,54.28099057472534,54.30722003578913,0.026229461063792314
-6.730416248139839,-26.34533752167078,54.179377053001595,54.16582760353753,-0.013549449464065333
22.910355069868345,16.29705944304247,47.23459100331621,47.34205688790556,0.10746588458934525
8.748650199074582,28.387941959964287,48.043426675986915,47.9722472150476,-0.07117946093931238
-12.903602181077794,-1.6123053520504627,55.07582746974725,55.077474640987475,0.0016471712402221783
27.240467226019156,-0.14566212126798206,47.2412618864272,47.308672282564025,0.06741039613682176
-23.90777060037029,29.41992202159306,56.01167636758133,56.01300884672351,0.0013324791421780446
8.116731622728501,21.78721829570315,47.92248681092897,47.921250260943516,-0.0012365499854567474
5.0624273737278,28.744129231403306,47.71899835079098,47.861624174684444,0.1426258238934608
17.381519883883747,-12.866492705299692,47.533793526496154,47.605421162790336,0.07162763629418123
-15.781962356964577,-28.606285023469646,54.494308666498796,54.42548740100432,-0.06882126549447776
-26.048825786876556,11.1700384196661,55.2680116945272,55.26419218556507,-0.003819508962131124
19.781101684159758,-10.494415464481804,47.304280985595256,47.435373717245994,0.13109273165073887
-14.738041551213755,-29.35611290655897,54.397450229168484,54.34360412905316,-0.053846100115322315
-6.746716026862934,31.894031074621196,51.38657752123601,51.39760186457503,0.011024343339016696
-24.82550246082397,-8.463383263656993,55.11125023016999,55.11962133335661,0.008371103186618711
2.382667679938855,10.41648169647496,47.53461654732047,47.55524737126219,0.020630823941722554
-4.250644477989333,17.661553920515153,51.9384951536323,51.904829926751404,-0.03366522688089901
25.363071395574018,-11.748430369464124,47.04030113007895,47.04351874637272,0.003217616293767378
-27.511273532770836,-30.87260821666014,54.87085239008156,54.88687380369975,0.01602141361819065
20.794687061554853,13.477458681406318,47.31991883118234,47.43380468599042,0.11388585480807478
-18.33205188533666,24.460141868927842,56.772631008543755,56.77887920461743,0.006248196073677548
1.29308563072437,-11.246866275895712,47.41296762252897,47.411231726667204,-0.0017358958617634812
-30.578514824633224,-19.264611951116443,55.12742637073614,55.07801585682585,-0.0494105139102885
2.824050661585403,-21.259313636414106,47.38869150243306,47.38917945509799,0.0004879526649261834
-17.98684329850557,-30.68201915420415,54.67737556681533,54.505169298725875,-0.17220626808945383
-4.850232594086442,24.127437819358747,49.67489930634348,49.67489922580361,-8.053986988443285e-8
-28.747557956648976,-26.506256117154024,54.89286048923591,54.95821480965456,0.06535432041864908
28.699760787819137,-13.058800520841132,47.21358274971425,47.17731415579128,-0.03626859392296922
-9.695794797276946,-14.651086415744466,54.679500338656005,54.682242610694146,0.002742272038140925
16.546284607101768,18.780207745750886,47.78273740900802,47.80046291407506,0.01772550506704107
9.532915635184708,-27.886275319644653,47.71851036306287,47.72447899694334,0.005968633880470975
-12.531929588759688,21.504851172417503,55.82499760630019,55.874078619035735,0.04908101273554877
20.19992714678917,7.527140462952779,47.364344964306625,47.37043531580959,0.006090351502962221
24.702858787789317,14.054635314294217,47.27023824252712,47.28519079547431,0.014952552947185893
-29.555787520779752,-14.323861922311515,55.141924559107544,55.11317761541889,-0.028746943688652493
23.98640218936474,30.321388534391332,47.437051183242026,47.437295752609764,0.00024456936773731286
-31.701223574066155,-28.8601215269291,54.849753071641445,54.895319523008595,0.04556645136715076
11.808352436412314,-31.39564356983621,47.91761434514014,47.91516511282787,-0.002449232312265792
-12.030411621822438,3.986817718196704,55.27554851256792,55.2475658801631,-0.027982632404821572
27.664684244254474,-28.984222890719835,47.082100888144666,47.082144492949574,0.000043604804908170536
3.2296767396601638,-2.9403999401111705,47.49711922966763,47.475605614186776,-0.021513615480856174
-0.9040636684768302,27.557071208216293,47.64811802416951,47.66922794413685,0.02110991996733702
1.001559603597812,-18.894654969629556,47.36531688250296,47.34638380678939,-0.01893307571356928
29.90325049789041,-10.437853978037445,47.376330366476836,47.268762419581854,-0.1075679468949815
-6.123291225947106,20.795655528562897,52.500085381156474,52.51120434799749,0.011118966841017652
25.260260552421194,5.7250766750166875,47.18986320219548,47.20929369257379,0.01943049037830491
22.76447262301857,-28.416602977606445,46.853430167859116,46.96048908239763,0.1070589145385128
6.554772209937859,19.904372065126623,47.711075724723585,47.81282095025027,0.10174522552668464
-5.141297274533592,-30.610395645899438,54.14012459165344,54.08602218133642,-0.054102410317021565
25.617434048069782,-22.679129030044606,46.988690811437024,47.017094506853056,0.028403695416031383
-21.07809956422721,-8.781207851587872,55.12252328004182,55.04968942630363,-0.07283385373818874
-30.292759471753016,-4.588178101802178,55.23925003482151,55.2552257341416,0.015975699320087244
-30.603024690374788,-21.631390153687477,55.083907812700254,55.034656713035176,-0.0492510996650779
-25.139824600675908,13.40713929679918,55.234759113746605,55.26766003039012,0.0329009166435128
19.97232261764691,-1.3027199616777665,47.27829214860433,47.462479805478154,0.18418765687382432
-18.766590861387762,30.374288435914465,56.73201964155492,56.6814877755621,-0.050531865992823555
11.107691887899357,30.524095657317062,48.095175444798485,47.947701711852744,-0.14747373294574118
-5.421875179566825,-22.496455318474624,54.20701747964753,54.20573167449972,-0.001285805147816177
21.43662847974715,16.322713240860892,47.23735697820883,47.43752380455167,0.2001668263428371
-1.8152484068829864,30.8398978113294,47.98739704279137,47.993237937835275,0.0058408950439030605
17.290205748297375,6.433956625698102,47.60879803610611,47.673414035056894,0.06461599895078507
-6.577678279884694,4.951515755791476,55.17820924516536,55.15445144383768,-0.023757801327683126
-24.224388105411613,-6.266644309972158,55.216548309552266,55.17426777218151,-0.04228053737075754
-17.929670128955458,-24.38343391602993,54.69886575792964,54.72741538416135,0.028549626231708203
14.523629101804154,-27.660373342738893,47.86711328739432,47.785552438179565,-0.08156084921475326
-10.860949963210913,-15.40042809965854,54.68749596330455,54.70542229221817,0.01792632891361734
-12.716894024864843,-16.551972679241217,54.744465056441896,54.751142293383104,0.006677236941207809
0.9830967904333292,2.231827629503364,47.458698196002,47.58985093610298,0.13115274010097977
-27.36437745826059,-0.1916560529133946,55.190515060337525,55.22389017314522,0.033375112807696894
12.04403795033381,19.4018467292666,48.12949716301108,48.12900737287106,-0.0004897901400227056
-31.850151765450086,-21.980060296884858,55.08040493210717,55.019875375165064,-0.060529556942107376
29.018603609258875,23.636380191403397,47.59305104857865,47.6745979096204,0.08154686104175113
20.12187718320329,-11.367813993666054,47.261131455671105,47.385362118688604,0.12423066301749941
-18.725974733249913,-12.488849477210195,54.99446738753376,54.96815643756385,-0.026310949969911235
24.23939950453608,-28.89196119951479,46.90965578638246,46.91204963420644,0.002393847823981332
13.158074021425016,-16.915786193930956,47.850059951635956,47.76087608158123,-0.08918387005472539
-15.835729159541444,28.22148091095862,56.50818444096052,56.55167886436047,0.0434944233999488
-14.892638073510497,-26.90702664871209,54.482998643672765,54.4397538084304,-0.043244835242362
23.85109915847829,28.65864599838521,47.401272715575466,47.40182165910012,0.0005489435246559538
8.821781371031896,-12.210162330601818,47.75510653720592,47.63986756063616,-0.11523897656975635
-1.0507367524691062,8.98716004625021,47.82453897384448,47.808410938162154,-0.016128035682328346
-23.14738312363599,26.434509348548595,56.175605621351686,56.19970677751587,0.02410115616418551
-31.61172714775055,12.267367175753563,55.21076136055055,55.365639218335964,0.15487785778541507
17.94407185933313,7.324918412276887,47.562339693984825,47.58409741556664,0.021757721581813882
-5.6898433065137795,1.017294278554651,54.85258134477661,54.793517092351905,-0.05906425242470448
-26.917245900378433,-0.14745540254057232,55.193684495842696,55.219816503997244,0.026132008154547748
-8.04385919921615,-16.02527140107265,54.611414942963904,54.61239005304963,0.0009751100857258166
-20.835558741556014,0.8438533660218823,55.19568297168148,55.1914927554998,-0.004190216181676476
2.7256121270281355,9.423018727323871,47.533342885067555,47.55747997312426,0.02413708805670467
17.47136236968671,28.360209501677502,47.71940116989788,47.66726030424541,-0.05214086565246845
-0.8907402994773648,8.856930257394225,47.723529179735586,47.744445749450556,0.020916569714970024
-8.523319936686853,20.053220247981635,54.81727364652927,54.81596525504033,-0.0013083914889406856
-13.3496507963292,-15.405403800900217,54.84010001288712,54.8019599000298,-0.03814011285732022
-7.272970273525139,-3.9363093791698063,54.84650729093255,54.878307209222136,0.03179991828958606
-14.669938946860611,29.62648928032273,56.12350243641283,56.119442476492324,-0.004059959920503786
15.438001441266614,-22.459669070367163,47.761097924391414,47.728565022552374,-0.03253290183904056
0.6520619481221885,-4.813293139894704,47.65657470127995,47.5568612986005,-0.09971340267944839
-28.87120256304874,-25.516814055685664,54.92248419223483,54.975437526183164,0.052953333948330794
-13.45639229816694,-8.980249648858724,54.93664269370351,54.92374224277429,-0.012900450929222984
-20.979603302434498,14.473404959957897,55.250080349984984,55.37140515206065,0.12132480207566942
-16.973842678880324,-14.300057392264392,54.94417181509798,54.93425097243298,-0.009920842665003704
-22.27442774937174,23.144482031157537,56.12483805023237,56.13087158851259,0.006033538280220796
-7.938876697365799,-10.157315385980006,54.80223114222723,54.79682860236274,-0.005402539864491018
1.3958142226415973,21.28958357893523,47.58150325284428,47.6352591013332,0.0537558484889189
-16.6022968613119,-5.219009350002352,55.033449667086344,55.05333042652581,0.019880759439466544
27.535221816336424,10.36601434005155,47.35066451301739,47.3634058082745,0.012741295257107765
-17.01025221059519,12.384362919906565,55.51409834792854,55.50085572343082,-0.013242624497721067
-7.552717049788889,-9.670750585688474,54.87125047246973,54.837588638918426,-0.033661833551306586
10.472679166962777,19.271066902602257,48.00836832751291,48.027887579698614,0.019519252185702385
-24.923108076828818,-19.939809881598038,54.95965892562192,55.00683473747717,0.04717581185524722
31.247587079739617,22.435306661183965,48.46690721774154,48.34369653336897,-0.1232106843725731
30.14766124979728,3.4244381008901428,47.51982948987973,47.49126980119139,-0.02855968868833969
18.459960397789537,-10.092002546517278,47.45333502472435,47.539533367330996,0.08619834260664305
-21.070734584898794,18.18559212209199,55.37314528963056,55.45373729516683,0.08059200553627477
-21.278907242122877,-25.921950644330003,54.82611065958999,54.89556380859926,0.06945314900927002
-31.251371816578512,-29.80172934739482,54.84272582524018,54.88117167964814,0.03844585440796067
31.099435880984608,-8.295672252774729,47.40303475588497,47.33944694816674,-0.06358780771822836
20.45923343151732,19.889043364120127,47.33381133704751,47.52220054631235,0.18838920926484093
22.693057144265254,26.44127776824439,47.341391908008205,47.37970704518407,0.03831513717586432
-26.303793561333762,27.41552160593274,55.97001702215552,55.99934057744953,0.029323555294013204
-27.21601300111302,-28.063078598780606,54.880086717608535,54.94014072781474,0.060054010206208375
-5.497427925934126,18.157795428933802,53.99493698284714,54.04921216363016,0.05427518078301574
19.434074497710675,21.033855564912386,47.47022651772263,47.473886559087475,0.0036600413648457675
10.976637520260809,-9.99101680700101,47.827040212555595,47.68749219965193,-0.13954801290366703
11.20136175607103,-30.999607214156462,47.90669843690598,47.883149268222354,-0.023549168683622668
-0.6787984796750095,1.2648914888147544,48.05959197279428,48.11673227954765,0.05714030675336801
13.981263944284386,-1.0592458410898757,47.926023028771475,47.88586122104785,-0.040161807723627874
15.264654374721466,-16.786762713129697,47.754236865524206,47.7435879234706,-0.010648942053606447
16.666279528169632,14.383231078464625,47.732917669006994,47.72149266062364,-0.011425008383355362
-25.616476937220092,-12.039726829422058,55.03059198987741,55.08476944128921,0.05417745141180319
-12.963280694886599,-3.502498552062306,55.02797293360757,55.02723737084923,-0.000735562758343633
-8.62562685796886,10.92465464207325,55.40818630006349,55.40058989992417,-0.007596400139320281
25.43335490400444,-19.257492635401988,47.009022193838206,47.01038968319309,0.001367489354883844
8.718775652748512,31.43643883658965,48.05608096825914,47.994848957037725,-0.06123201122141353
-6.16925717466502,-6.944942151904613,54.732389392597845,54.83530729753166,0.10291790493381825
-7.09347850384782,-21.31768727565578,54.416333473631894,54.40293888301069,-0.013394590621203406
-14.052068774294497,-2.3884189785745207,55.07009480366156,55.07689041326866,0.006795609607095798
-17.300524925604364,13.805572629850289,55.40508272458884,55.52968026487179,0.12459754028295578
5.947623190389763,-26.65326619724088,47.418230589951676,47.54308415658564,0.1248535666339663
1.791439312761156,-28.42933340640645,47.3247103601591,47.44774773387055,0.12303737371144763
-6.444792759686678,24.6859461535889,51.15498989032425,51.15558420814989,0.0005943178256373471
13.608194515607586,-1.0117586502040012,47.931432327274905,47.89380586190426,-0.03762646537064285
-6.547221858097764,8.089154970861657,55.25147342646035,55.26394472739906,0.01247130093870652
30.459417952709167,18.61122089706241,47.84073101918237,47.83348347350678,-0.007247545675589606
9.429588734250999,-11.24170312419303,47.79211658576953,47.654514146781764,-0.1376024389877628
20.547788498743977,28.1461483575385,47.33926131296945,47.54659285325007,0.20733154028062017
28.976509709543826,-4.915325941542136,47.28730915789905,47.33148910625468,0.044179948355626664
24.92547646965692,12.3445114848707,47.2572938811563,47.27565093475958,0.01835705360328177
-12.181595227406575,20.912421288776905,55.80768460185886,55.81590418694999,0.008219585091133297
-4.349247439518464,-1.2145549772518578,53.95058339017498,53.92259994919131,-0.027983440983668117
10.831849445149082,-24.745629716054196,47.779827706259184,47.763829035883184,-0.01599867037599978
25.47516840241012,14.39198449381476,47.31070901111377,47.32890419067275,0.018195179558979646
2.0371869607437745,23.94678478289194,47.58604123524246,47.66454156214435,0.07850032690188868
-5.395598699519184,-4.430038213341206,54.83272382640534,54.819984987516534,-0.01273883888880789
-20.618745623899812,31.916437306679228,56.05328535232523,56.044111272381414,-0.00917407994381847
-7.10520188797171,31.42892530431582,51.43673154740811,51.475695326388646,0.03896377898053771
-25.401688695103438,-4.752715879757524,55.184771107295084,55.24556598356675,0.06079487627166458
-19.011059486206534,4.732969101569864,55.27296048680295,55.2056328695122,-0.06732761729075065
-26.126207655740977,-2.071262528555046,55.18325929843907,55.23763466689589,0.05437536845682445
6.142803321979663,16.40982568098822,47.67762314022052,47.746404376486744,0.06878123626622568
28.297258512981116,25.234469507439663,47.61501347667043,47.609804184013754,-0.005209292656672915
21.527759617229016,7.760606461835238,47.198714108546305,47.30176104836786,0.103046939821553
3.1555626094583715,19.541962811789467,47.61809453569622,47.69356123935387,0.0754667036576464
6.426664824188208,-1.9684700571539722,47.573668524091396,47.5865387516186,0.012870227527201905
-6.506976316327567,-15.59511551471926,54.56178457474175,54.55606858213958,-0.005715992602169706
-16.55937350305821,13.075025533487072,55.48638038667702,55.54357271839382,0.057192331716798606
1.4991339460116677,-30.116508641248316,47.29137950366467,47.4134959696411,0.12211646597642556
-23.618074491992196,-8.967080463126827,55.1074053620844,55.0925977582901,-0.014807603794302793
27.839342557591777,16.540362874722994,47.45398370917932,47.466794310265605,0.01281060108628651
12.276401492754452,20.41460085492399,48.12894215475387,48.12338329628047,-0.005558858473399653
5.801687684137576,-13.833867762831574,47.52042164994184,47.516633962285844,-0.003787687655993466
9.254320915877273,-25.201187581415738,47.70758013927348,47.66556670920297,-0.042013430070511504
3.7187165719674553,15.854631377894066,47.59440620618116,47.66876137447312,0.07435516829195876
-5.1930844238521345,-2.33567329265572,54.859171454706285,54.85604252186111,-0.0031289328451720166
5.029353159207865,9.061440233646643,47.59290839973501,47.61318187710678,0.02027347737177365
-9.342236650309665,14.616109841305061,55.55706448425038,55.55039834258924,-0.006666141661142433
-1.8986288883072149,-21.49465840416525,52.48733251787551,52.446314885056,-0.04101763281951065
-3.608030220554596,-25.288568470571434,52.66131144874302,52.68852830797589,0.027216859232872537
10.206067840059063,23.408843198279477,48.07633067768956,47.899811249774906,-0.17651942791465558
31.794910113977075,11.51276149157411,47.81121810146446,47.90112857310647,0.08991047164200694
21.94675008212323,-22.967634760920888,46.86677595973513,47.04204842385876,0.17527246412362985
-8.495635577733594,-1.9532225174870845,54.98299442218825,54.98330767194574,0.0003132497574895865
12.768652001516777,-22.15897827259161,47.87862446888032,47.81900569026998,-0.05961877861033571
-15.682839127934677,-20.415229015124595,54.734136942727986,54.71463711637652,-0.019499826351463412
4.852704605521595,-19.361350970112056,47.439901655114554,47.4588542117179,0.018952556603345272
16.1573899745621,-27.93690487841217,47.63496202688403,47.64075169204426,0.005789665160229163
-21.253431655113324,2.7259686297813985,55.2527043853226,55.20142525117236,-0.0512791341502421
-2.9264976131156075,4.248940508170534,51.046648774684535,51.00087781215992,-0.04577096252461388
20.499374916738667,-18.693592272152884,47.163381918915114,47.2882075102619,0.12482559134678439
-23.816859944860504,15.369316896894787,55.261438646294756,55.267569297629294,0.006130651334537163
-12.892697014361111,-14.933233514883227,54.83437099745761,54.797798658501705,-0.0365723389559065
-10.311321359474078,-26.899453990092496,54.29385954061053,54.32568732911503,0.031827788504493526
3.6661265104196943,-17.453201184243532,47.41708912843775,47.40738254848425,-0.00970657995350166
-7.6313542972485,-24.378517968080104,54.25635883877225,54.25483773216298,-0.0015211066092675196
-18.752161002468675,1.3274017647006673,55.22194053327779,55.18884154076319,-0.03309899251459569
-15.724583645093901,-9.019248866712495,54.95426948247443,54.95352710271791,-0.0007423797565166979
-16.583760005983393,23.725272598181178,56.77456243190751,56.66358756704058,-0.11097486486693242
-29.025482398810404,7.155863639917584,55.211294126588314,55.27407218092651,0.06277805433819594
21.725998572763004,-27.88269149126547,46.856076400704424,47.01399249791312,0.15791609720869815
16.341905273415506,15.107895754083344,47.76721993220439,47.75529572606342,-0.011924206140967897
19.168281526261133,-19.660748939312548,47.3077826709313,47.41537367411605,0.10759100318474424
-20.25655928264632,-4.33593148288616,55.17771550205664,55.15531387593219,-0.02240162612445573
-12.926491951300576,2.729836354765318,55.21685207831834,55.218781570197585,0.001929491879245404
9.280390694982273,-30.686734961459955,47.736428557709004,47.70899522437946,-0.027433333329547338
19.491057475415552,21.469639222923284,47.46182370540457,47.451807842570915,-0.01001586283365441
-29.90976966640259,17.511602585437217,55.590920361856774,55.51200698071029,-0.07891338114648505
28.27623824960282,1.2905466315148857,47.3106712135359,47.357156794960396,0.046485581424498434
6.454220179401176,17.59071647168988,47.69933426740616,47.76504344082172,0.06570917341556282
-0.6874985173647872,2.8946932510345533,47.79192564563205,47.98219615742319,0.19027051179114096
-8.200634849470589,5.8694282177042965,55.26054355647928,55.249876212326406,-0.010667344152871294
-5.137680156392236,5.063568945981345,54.61644314280465,54.56998449616531,-0.046458646639337076
5.640113186936972,26.530536530625334,47.72748499952174,47.871048002050465,0.14356300252872245
23.69667222781328,-10.916539591179216,47.00145636639552,47.0487106383854,0.047254271989878305
5.882915260377999,-22.133196143721023,47.46574397150863,47.49255670723024,0.026812735721613024
-26.781683171476757,-12.059154810869245,55.04060439293963,55.10314557675163,0.06254118381200158
-9.15985874486821,12.419995943540243,55.475599148324065,55.4710500693668,-0.004549078957268193
-12.189098772167405,-9.114074426865201,54.895191399960595,54.90235214457626,0.007160744615667625
16.523462263502452,9.829866709861577,47.694937231359305,47.695569110165636,0.0006318788063310876
6.473123436042734,-25.389656960515737,47.4415086563768,47.55726367133084,0.11575501495403984
19.120606512061144,-28.078933654339593,47.173948338527424,47.21828743452487,0.04433909599744368
-28.950263149252066,8.3769727274437,55.2389793838408,55.28416503206161,0.045185648220808616
6.383680048942487,28.348944274881532,47.77520244385852,47.92129847205188,0.14609602819336232
-25.51366613445809,-4.850688158076956,55.178800129260374,55.24436248947051,0.06556236021013717
28.75945218616034,-16.05967331051383,47.169033703073225,47.15737707099258,-0.011656632080644158
-9.116871173294477,2.042835888007538,55.1360874792776,55.127810565070924,-0.008276914206675201
-14.172495198477378,-1.9990996608645943,55.08277139465341,55.089300817588594,0.006529422935180662
-14.212865975131756,-14.144107574385707,54.87853241607522,54.85842709532585,-0.020105320749365774
-31.022586692527142,-11.264992903773525,55.19756302399632,55.18394018274053,-0.013622841255788387
-7.7040961752634445,19.20234132576725,55.18741732614423,55.170185007714174,-0.017232318430053795
-30.459394818088427,-7.888162651250582,55.23563864486781,55.233767163586585,-0.001871481281227716
28.599367209158267,17.083654913591246,47.53431273664148,47.50905082314077,-0.025261913500713717
29.912417661038404,-22.70977210210379,47.183786351900494,47.211402218704876,0.027615866804381994
-21.31889703144114,-28.5912870982989,54.78825061672341,54.819796344039716,0.03154572731630623
-23.56965050775638,-15.604968879143826,55.03896169988889,55.027999319577724,-0.010962380311163145
4.405456391830938,-24.05085754538186,47.38961177940052,47.50987758303231,0.12026580363179562
-23.438445252617896,-12.115755163774068,55.06727340521117,55.04845431150413,-0.018819093707037382
-13.589795323348156,24.18372943359318,55.92954317225588,55.93576140669585,0.0062182344399701606
-26.349390560496794,10.800121590970967,55.27238483668628,55.26480202822103,-0.007582808465251389
-30.85323206203413,-30.133023050732994,54.8416726571926,54.87781301290539,0.03614035571278862
24.87426573046242,25.43525554317126,47.414975691025035,47.41917631545777,0.004200624432733946
-2.2199885015207244,-9.623911449286389,51.375806842429945,51.307556164949666,-0.06825067748027891
-27.82474689000474,18.495455824753186,55.71035573039112,55.65825542871746,-0.05210030167366142
-13.272456733592136,-21.537167789015115,54.50923455371393,54.547471068187555,0.038236514473624084
-18.81684095839438,-29.986777374277224,54.65407785369124,54.58981063199651,-0.06426722169473464
-22.79211202616731,23.08340964812745,56.105273314989674,56.11143970399794,0.0061663890082641615
7.267881480782734,-30.164621222620838,47.497090315287494,47.56821491997343,0.0711246046859344
-3.315433813796986,-30.58278187662318,52.26659149468793,52.28352136415536,0.016929869467432468
10.358604124931581,18.753061276009277,47.98509264190085,47.99572210944569,0.010629467544838178
0.5449800081069753,27.394501422801547,47.62889602165498,47.65954513469899,0.030649113044006526
25.73890069958606,24.867195527115122,47.41005411774988,47.46123093732918,0.05117681957929676
11.824773794879015,30.044407709957135,48.08637703454163,47.92990282278702,-0.15647421175460607
7.258076366840115,7.779108465964974,47.66494265238481,47.70859894687122,0.04365629448641073
6.877294187631335,8.485519874650741,47.65191225061952,47.69591977281568,0.044007522196160664
-11.676976778460997,30.28489314182041,55.30373396639952,55.308448036732734,0.004714070333214693
-0.8351865621091008,-9.731955035644582,49.34843235947853,49.27557824891747,-0.07285411056106028
23.830762091140613,25.347207757963425,47.36490413326915,47.37046197323274,0.005557839963593381
2.8349986707948034,15.820212890045504,47.5713475705351,47.63850642001806,0.0671588494829578
12.317909838429486,-28.993324687566165,47.98767267861622,47.96072537196798,-0.026947306648239078
27.700885307259988,-0.6365233041137373,47.24928968861616,47.33113571424319,0.08184602562702992
21.247864860061597,3.3637890668591695,47.21464029907617,47.32374102817395,0.10910072909777568
12.891610402446155,1.542484276148059,47.95568862863248,47.91965950119253,-0.0360291274399529
13.042448406452323,5.905830230571972,47.929291970861826,47.973590582982546,0.04429861212071984
-21.47685782634627,-9.280685550324833,55.106852240035515,55.04975796483383,-0.05709427520168475
7.010474471529321,-18.465104861416187,47.5066062697003,47.55992339264059,0.05331712294029245
-0.5660761850278817,-7.751240817014626,49.424570475424005,49.454764915619975,0.030194440195970174
13.979355082638016,-19.022968998675452,47.82003884178707,47.78126399784962,-0.038774843937446235
23.27267766414706,-11.02666344280209,46.976800028836124,47.09012150205359,0.11332147321746788
11.028884058313722,-2.3114055808470653,47.879063097528665,47.87427077376338,-0.00479232376528671
-16.177662029523376,-29.53954161011702,54.503845189197264,54.41619218175841,-0.08765300743885263
-19.09280804939494,-0.2932097137275278,55.16328694194233,55.18701054053891,0.023723598596575357
15.663005887886811,-3.204807072333786,47.81524495289594,47.819366117913546,0.004121165017608064
5.908324137256876,10.549401545881906,47.59437809581115,47.66795266004616,0.07357456423500963
14.693094738269572,19.614986434904374,47.945318691354544,47.92715746631165,-0.018161225042895524
11.006098695643885,11.30017861777766,47.928737158739125,47.766361316166446,-0.16237584257267912
25.76392729763994,14.253806906000023,47.31649570805826,47.34201040860255,0.025514700544285063
-2.5919303472508943,24.596447739990325,47.78331947621732,47.78908388143335,0.005764405216027058
-13.258575322649428,27.429249295572326,56.06249470947152,56.063648973753665,0.001154264282142492
3.662673174886102,9.445906601686772,47.56170364758956,47.56634004531951,0.004636397729946395
1.6801806272372488,11.511323321907298,47.53801759802778,47.55513990467347,0.017122306645688923
0.38638591452667015,19.22431456188334,47.59248370951358,47.59620425039018,0.003720540876599898
12.895022387270224,-6.945133296548676,47.95737854078088,47.9039423541336,-0.05343618664728211
-29.680123319249773,7.968014685318728,55.21609343502878,55.29276423318428,0.07667079815549727
25.525103343099772,-8.480535565570214,47.07512468681757,47.09052875822744,0.015404071409875542
25.846358728037117,-12.301476656472587,47.0580677284526,47.05827910588041,0.00021137742781007773
9.766396416002245,10.688819862426215,47.91481808843268,47.764111182756224,-0.15070690567645784
-11.32545440457362,-31.74925858059843,54.21598984156891,54.267372462418756,0.05138262084984291
-14.002486488836887,29.006031298583352,56.1340213568448,56.1305164039741,-0.003504952870699185
-23.802085809180703,3.519917731791736,55.21559832677095,55.21124956302281,-0.004348763748140527
-21.303545835795596,16.80153128325759,55.31614290719939,55.434105057258364,0.11796215005897182
-24.451580210356745,31.4583283164851,55.96540680763399,55.96373186190403,-0.0016749457299596315
-0.5525693614945837,11.750858946350242,47.61601717168907,47.63041442223816,0.014397250549087914
-6.8701160604695275,-30.958417437967825,54.23552194362177,54.18929937405992,-0.04622256956184856
31.374949703980363,9.420562708386875,47.64356267069886,47.657706066725545,0.014143396026682353
-22.135936436450805,27.43352971732353,56.20843659945621,56.224412768959446,0.015976169503232995
-10.316159738105036,-13.584845537751754,54.72957244030902,54.73202349232441,0.0024510520153882
25.95174877357318,21.651821560434456,47.40177946849142,47.408547468281746,0.0067679997903269395
-1.6461929480867354,-21.513458707063457,52.0973601437603,51.94875782050404,-0.14860232325625589
-7.1014310673215135,-25.30433542559097,54.20595868506692,54.20695935643284,0.001000671365922301
-0.022548030712115974,-23.738237985403337,47.47702077458226,47.508640394616755,0.031619620034497586
-17.00781391455034,31.435649068669605,56.169063235963364,56.16313547243446,-0.005927763528902119
31.458723367873823,-16.832782414259327,47.270573187693444,47.27343821867435,0.0028650309809066243
-9.807594045045668,3.0111219491498105,55.175784556732744,55.17415133473948,-0.0016332219932664316
13.055516181709457,10.259251389782229,47.9797581939889,47.752129659206325,-0.22762853478257483
-10.561079320215661,-18.74978525467334,54.58110586116466,54.577600893074035,-0.003504968090624061
-10.711370346543895,14.528315152690439,55.59266237815092,55.562095468894114,-0.030566909256805275
-26.88795026544848,0.018795896926711464,55.19473361502377,55.21783188885081,0.02309827382703844
-15.517715514724628,12.006773994499248,55.53087365996761,55.53501821300136,0.004144553033746945
-1.7744245071156826,-29.123689237535466,49.68651436310403,49.67554911513287,-0.01096524797116416
20.61687798738798,-23.406742432149258,47.066598516943515,47.1308050551867,0.06420653824318379
-16.090508611815793,-8.185172947509884,54.96748819069495,54.96774348480815,0.0002552941132023534
-9.739172622036719,13.30061583653928,55.52026827348616,55.51694275578478,-0.003325517701377123
-27.072988943233057,2.620733466912597,55.23421512416525,55.2316482718958,-0.0025668522694530793
-27.773974676982228,-17.124545116314287,55.1237489297303,55.06639142002528,-0.057357509705013854
-1.9631611720513504,30.225957800142886,47.988293848291384,47.98735478119841,-0.0009390670929718681
-1.081974168171513,9.665227360049045,47.82232004374457,47.82474299071829,0.002422946973723583
10.432294425461144,-15.713911718613161,47.78867907429597,47.62475217887535,-0.163926895420623
-1.0185814919241878,-28.18339640063453,49.30183617673123,49.30763298860501,0.005796811873779006
12.840803743319874,-25.406638760140986,47.922079669000624,47.828416502876216,-0.09366316612440784
-23.568448613995805,24.097414891867572,56.12171274030475,56.12637692249752,0.004664182192769317
-17.79778766576559,-0.7863929709293416,55.14397812371652,55.190099657842815,0.04612153412629283
13.197469441252252,5.701140982301993,47.95160371682419,47.972352720291674,0.020749003467486204
-0.5396103021482901,31.691793768706482,47.63985717617133,47.638154178645635,-0.0017029975256974694
20.210497185010638,-0.6374365311325008,47.25434883192261,47.44825543493562,0.193906603013005
16.013518341769213,24.281290375253597,47.83886702275463,47.838275075536636,-0.0005919472179911622
13.139335747606559,25.601598241386824,48.02466921541781,47.8722659390588,-0.15240327635900996
12.046085434837103,-30.899983366280047,47.96240184353518,47.96119126578541,-0.0012105777497737336
4.237579385800444,2.7998659611893686,47.53039164741498,47.525442775294486,-0.004948872120493775
-9.488190086960678,-28.819268611754275,54.23856342869067,54.2898182995874,0.05125487089673442
2.257510980382527,-25.793862708594908,47.33905675272398,47.47307416802651,0.1340174153025302
-0.421690766906444,-6.156516008119482,49.1275049365006,49.10755409048034,-0.019950846020257984
-18.560018135643418,-30.197937491137083,54.6577337983366,54.56376292491163,-0.09397087342497201
-22.816462197465704,-11.065142581206004,55.077719765697275,55.04834640458907,-0.029373361108206097
23.729617208581345,27.263052361056722,47.38054914697184,47.38635711547748,0.005807968505642691
15.05589999703406,-19.205720117818544,47.80171221924737,47.74916753255841,-0.05254468668896095
18.990895273644043,24.535890208341407,47.564665618610476,47.517322224084154,-0.04734339452632241
-3.3777627839943634,21.502879862148696,48.82665825998364,48.82675510371829,0.00009684373465290719
-13.779105007761558,26.99682692577486,56.05475408069773,56.00747504637724,-0.04727903432048919
16.692539452382142,-22.315716336453463,47.68112619180043,47.610188098827265,-0.07093809297316511
-9.582242620253922,12.566495484724712,55.49227040714069,55.49120213169375,-0.0010682754469399924
-11.69451118374807,-2.6353443014894893,55.03955368869309,55.02818197742463,-0.011371711268459705
24.69622413645684,21.485600086018387,47.35453653025971,47.35336164130838,-0.00117488895132567
-15.016134142164084,22.42350463483448,56.18976729299177,56.23210589852016,0.04233860552839275
10.374824877282443,3.9366149351209643,47.9325728517848,47.87012990375613,-0.0624429480286679
-28.89443182238208,-24.0236633281336,54.968707683291804,55.00253072946048,0.033823046168677706
13.187309853723406,-26.935878884425357,47.97550048515368,47.87712279421474,-0.09837769093893911
-14.156666378834892,-6.164356157422027,54.99215641563775,54.98072550921833,-0.01143090641942024
7.338051252367933,11.509964843166088,47.70473498121257,47.74426962686518,0.03953464565261555
-9.271497375866517,30.6126088533927,53.08903337734169,53.13488639516082,0.04585301781912676
-15.38574895607475,26.00026891334229,56.422650907324545,56.48988713707716,0.06723622975261634
-24.690337062107048,-15.078619832352715,55.03852548074881,55.039371817820346,0.0008463370715361407
-7.144596817432074,8.174214533188064,55.2719750599139,55.29090578606228,0.018930726148383314
7.656504560640045,5.056104333058769,47.67066345701292,47.71322851437896,0.04256505736604055
16.23689891890848,-5.6782807922306375,47.70386614966528,47.764300258194794,0.06043410852951325
-26.407630605564144,25.988491783274746,56.05581217191295,56.060854691719015,0.005042519806067958
-23.587255992384208,25.140510099207447,56.1583034759232,56.16139903889884,0.003095562975644839
-3.4133035412687036,-3.953409277245555,53.21451937302154,53.21453464047901,0.000015267457470713452
4.065313817677804,11.260080543169536,47.57772168427153,47.60833869064039,0.03061700636885689
-14.244253715498495,-7.856010494180751,54.96976705529992,54.943018348484486,-0.0267487068154324
20.03680848706049,-5.093404811728377,47.352248675198126,47.41858382737191,0.06633515217378516
-13.275427298816986,15.82558026135527,55.633376913965634,55.625750694440185,-0.007626219525448619
19.334875121366608,13.778155744402511,47.47725267786367,47.53412926197486,0.056876584111194006
31.87369739561379,10.827016090385229,47.76912405460568,47.88021393518824,0.1110898805825542
-29.670650341402407,22.290750619836878,55.95678519476179,55.99272986352361,0.03594466876181457
-7.204049883966448,9.1060413689518,55.306660535379635,55.31390300524353,0.007242469863896872
-31.334022245368047,-1.098844395652847,55.23684678775473,55.25691778614872,0.02007099839399018
-18.30782275131964,-12.208394032080896,54.98555363364152,54.964422507381656,-0.021131126259867017
-22.630510739319618,2.3353437247751927,55.22636026462847,55.20284034569856,-0.02351991892990668
-1.887025395672893,-1.1825149902907341,50.07847466941303,50.07331138759383,-0.005163281819200449
-28.30481394814155,1.4006974899274311,55.21908046168087,55.23555372291877,0.01647326123790549
21.289455602804985,-9.226870943299275,47.14843904104141,47.24490664684648,0.09646760580507419
4.083261177635144,-6.344257851156144,47.47644451804605,47.482448987183105,0.0060044691370535475
13.937941502434704,-5.00049201666571,47.91298073146109,47.870104163769994,-0.0428765676910956
-1.8721585739486883,28.13907704783712,47.674897043608084,47.67668735854445,0.001790314936364723
22.10580972691919,9.01418546994232,47.12728763219974,47.285921666206995,0.15863403400725673
-18.3728066212921,-2.9684867098263368,55.085423504177044,55.15013128872996,0.06470778455291537
22.13058211458631,15.199851164562851,47.18481167515101,47.37932570395399,0.19451402880297763
10.120086066705348,-19.076821913537927,47.75774016435078,47.73346079806321,-0.02427936628756555
-26.843191247983924,30.2534033235436,55.90470442425078,55.91306975678861,0.008365332537827896
12.521864603281252,6.29047924471277,47.96556815899753,47.985849649896664,0.02028149089913711
-27.64246806147591,-4.938002040525092,55.24574372187743,55.2509190105999,0.005175288722469418
1.635339994313476,-7.644664281381154,47.452586716719125,47.43737258892668,-0.01521412779244713
-15.631711807520183,-9.573212598497207,54.940698964703365,54.940115960375934,-0.0005830043274315244
20.09875966797533,29.58847319275415,47.36248341685209,47.3698064809071,0.007323064055007933
-11.885698765190284,-3.8162649029588565,55.00089002281595,54.999052443559464,-0.0018375792564881976
-30.47110717267391,19.047552406576266,55.75172590744987,55.7450625406447,-0.006663366805163662
23.22952939821794,-9.464853317543266,46.97046729004473,47.08080810994508,0.11034081990035105
-24.54796339957491,-10.566555787493613,55.042811424242316,55.080081462717814,0.03727003847549781
-5.026017647210509,17.49079788991576,53.37455347959746,53.2488147939761,-0.12573868562135715
-5.084373869654129,23.100443959341405,50.118639998217,50.11541914112224,-0.0032208570947602766
14.165216446318013,11.28852120123819,47.88583766070549,47.75781636777721,-0.12802129292828113
27.405629740360858,15.938801037741264,47.421998596606976,47.446788836905824,0.024790240298848687
8.815196797611954,2.33957266135355,47.81441074166468,47.745484723025626,-0.06892601863905412
-28.74386765539205,6.843442051574449,55.20777605576843,55.26637530424696,0.058599248478529375
8.456979865494795,10.89634042685487,47.82620775412757,47.76920052907124,-0.05700722505633138
0.744414517724266,-4.843689532840472,47.598989828459764,47.54090989865617,-0.058079929803597
-20.419422708509394,19.193324582290877,55.54481830176283,55.59386346104455,0.04904515928171804
15.086199379151118,-25.65257885427627,47.85325041347011,47.771063795673165,-0.08218661779694258
21.87682177517626,-18.034209311447135,46.95974152377405,47.156100782006426,0.196359258232377
13.362829100706563,-31.199744309755594,47.88503682512535,47.82565534621906,-0.059381478906288976
-24.053082869204054,-10.066612653576158,55.04498639638021,55.07974982852265,0.03476343214244082
12.688808672594021,12.033272766411024,47.93203328177268,47.76829833448499,-0.16373494728769344
-17.799868044227573,-28.21550548373544,54.62120295805877,54.58037078735711,-0.04083217070165546
-21.593019542629698,17.29477200820463,55.333575528237105,55.42992088928652,0.0963453610494156
-0.10358905418294029,-28.47379745625097,47.5579727285385,47.48144126662612,-0.07653146191238136
-27.90083998311215,-15.158321125352629,55.12499708328836,55.08507181139773,-0.03992527189063111
-17.751505639800335,-4.554028218260953,55.04570457434392,55.0954715757859,0.04976700144197821
-29.118071521796928,-26.011459608057834,54.90733905073011,54.96474387938081,0.05740482865070362
-12.191649242310696,-3.206148578463349,55.02832471594994,55.0211847758327,-0.0071399401172413945
-7.234722165463381,-31.434881029316088,54.21878861935985,54.203500218234346,-0.01528840112550256
-0.3762990447387864,-9.469411708851169,48.90745618974316,48.87472981959184,-0.032726370151316075
-19.284537359443362,27.991877383527864,56.33554691178039,56.335472131748666,-0.00007478003172423087
6.975083489065142,30.67519753611098,47.84539344249593,47.95263140846644,0.10723796597050494
23.176918088287714,-24.42935814504149,46.894351411009076,46.9834290636143,0.08907765260522638
-2.6170841927620643,-0.3528246600054956,51.00517167487721,51.036674335914,0.03150266103678945
-16.08921319974037,-6.20403269724622,55.023175278731436,55.01662438531599,-0.0065508934154436815
6.256421892604386,6.844467854776859,47.59115925180367,47.656113496136285,0.06495424433261832
8.170740273951395,-24.987479612538408,47.60873924527342,47.59859841737244,-0.010140827900976035
16.901677850514375,30.28917366133429,47.73137306211778,47.74782392211547,0.016450859997689804
-9.532657468424482,25.24991310140672,53.935268017843256,53.83778898398197,-0.09747903386128343
-24.18978985100538,-8.641330636047655,55.11781657043519,55.1059317397635,-0.011884830671689883
3.920102498275405,4.033227636117992,47.53469067402823,47.52461002725708,-0.01008064677114362
-25.289526027423648,-9.937534140470895,55.05145200427553,55.10436206079031,0.05291005651477576
-4.6181778895828245,-7.4957414610262205,54.458595152347826,54.43023243596346,-0.028362716384364717
-31.259973936183954,10.758060435019708,55.20896979097953,55.34560399471625,0.13663420373671897
-0.8057129198073483,-14.52937557300001,49.53176581454478,49.599134303719374,0.06736848917459781
-2.6589735372765446,-27.675065503064523,52.26398639154475,52.28196206205803,0.017975670513280306
26.37806208646365,-10.080056593678684,47.11476898316324,47.11660061243853,0.0018316292752942331
24.472937078614102,10.770601537857672,47.21637543352185,47.23317789411773,0.016802460595883417
20.644626085055762,-3.8546753239717972,47.25158535786207,47.37470704913355,0.12312169127147854
17.90926423944564,-17.192036975804953,47.47060207997808,47.53841262376927,0.06781054379118956
-18.595366962913808,6.942671133207874,55.3599148273065,55.25970658713239,-0.1002082401741049
26.081376224500772,-28.026398846952176,46.993877695372,47.00496714961014,0.011089454238138785
-20.475683106676264,-16.735107941426506,54.9860852518771,54.961892259879356,-0.024192991997743718
-20.934449127870124,14.046476455478327,55.256957227519365,55.36070722529805,0.1037499977786851
26.73047404233583,5.152925205815791,47.23560667634497,47.264913756268804,0.02930707992383219
10.98839610170728,31.206930167863554,48.09622096126762,47.94505442258451,-0.15116653868310692
-11.097031717083652,-24.618259828957598,54.36253481162494,54.363066295487826,0.0005314838628862617
-19.406722544163188,-27.212152676741745,54.70371167434388,54.73192144604132,0.028209771697440544
22.745307990179107,-20.575154163915407,46.90001731407447,47.01186298759838,0.11184567352390928
14.421801175149774,-8.232893623363964,47.872810302788324,47.822984974677,-0.04982532811132501
11.046174502298662,28.129653728291345,48.12371147685611,47.93097665198386,-0.1927348248722467
-8.815743141238073,-30.124978226353427,54.19778561584343,54.262354153014265,0.06456853717083533
28.35682422302208,-27.096585401141404,47.111442713321445,47.11823668026543,0.006793966943988039
23.657946322597837,31.406493133616166,47.43507314585765,47.44176431690323,0.006691171045581257
16.630945481637326,-25.139965648749474,47.651418143015576,47.60564355796632,-0.045774585049258576
19.6546649607805,-17.510380327073833,47.27024776631761,47.3707745686833,0.10052680236569245
-15.492523678494159,31.317231946108798,56.11652108177528,56.115980890182335,-0.000540191592946826
2.089711495961275,21.986430202665346,47.60856603298072,47.66692996183004,0.05836392884932451
11.200264446349877,17.682426144418542,48.01081974425515,47.82736728675252,-0.18345245750263217
28.084079589302412,4.077324079724754,47.313906469265866,47.31695984091096,0.0030533716450946713
-16.05288426829749,-6.545264861152219,55.01435179390311,55.00696673591197,-0.007385057991136534
30.176177735425505,-5.5328443043037865,47.43920803064621,47.36782865189748,-0.07137937874873046
-5.587069457541553,29.488795576566197,49.70162867304933,49.74506129277658,0.04343261972725543
18.387430314289965,-4.378600867447986,47.502142770479644,47.576636096350306,0.07449332587066237
12.216499427429994,-0.3316756434645498,47.921308406495626,47.91967045506566,-0.001637951429962925
-15.973979669242425,20.405474022446285,56.023044369887074,56.022801049130415,-0.00024332075665967068
25.249864653107586,19.36668883423779,47.34426183068335,47.35559658376667,0.011334753083318105
31.541996689343392,-28.072529250028822,47.26073472261042,47.26501215704515,0.004277434434726501
-20.04001543871147,-14.269016198203694,55.01838195153125,54.97672664845439,-0.04165530307686538
-26.788779149636987,26.666980207875625,56.01085191361985,56.01137038359387,0.0005184699740183873
5.661893024629144,-15.854784104249575,47.49093071366835,47.48859814853367,-0.0023325651346794984
16.61144990221716,-3.0023977457112636,47.75029265427759,47.751823965118355,0.0015313108407681852
3.220805410083898,-6.311766465118168,47.4406685321931,47.4622892678211,0.021620735627998044
-0.6363887976834377,-5.164261751727992,49.12935300010571,49.11079217985712,-0.018560820248588072
-30.930550229978948,23.086042890733594,55.93089410744861,55.91897884434011,-0.011915263108498664
-9.572100718555149,-0.07083760320296761,55.06997763906355,55.06156372848663,-0.008413910576919648
11.819565452795047,19.455913980928244,48.11742548200133,48.12083572185388,0.0034102398525490685
-26.237942515386003,-30.983924746928686,54.88615714113944,54.8934372613897,0.0072801202502574824
-2.6445717499811607,-18.656896190690404,53.211951702439784,53.09795362045473,-0.11399808198505212
31.107562592561635,27.874598366972897,49.11614739427947,49.116376161933474,0.00022876765400070553
-1.8640276309452162,-26.10565237530632,49.854661819304965,49.86546405164018,0.010802232335215933
-19.314611338149227,20.306149146668155,55.8350622923989,55.965718112666615,0.13065582026771239
12.234882599629422,24.87121478584811,48.0618634194058,47.87883205428396,-0.18303136512184182
7.411843198065739,-6.925319990594488,47.595090938776174,47.63414761529851,0.039056676522335465
-21.72547049752952,28.227176463901273,56.23724206108565,56.197441609213115,-0.039800451872537224
-17.92274689293891,21.51707937260641,56.15358106223133,56.23550812514031,0.08192706290898144
21.732948753625095,8.20344443406831,47.154875801981106,47.29537885912884,0.1405030571477326
18.526653746586234,22.22539767767494,47.58742266910783,47.5532341064687,-0.03418856263913028
14.035166447647597,14.55991536675888,47.97384122575144,47.78558818765962,-0.1882530380918226
-0.13223674774113192,17.71311600566272,47.582303433855486,47.59423118214485,0.011927748289366491
-13.809736743999458,30.93674719268988,56.1264183374076,56.11095745256444,-0.015460884843157885
-27.59843684949361,-30.16564607463898,54.861732111289,54.899187510403756,0.03745539911475504
-18.056950674616935,19.02040421567063,55.70424372302143,55.656524199778,-0.04771952324342976
0.07269463292843881,-29.621144620724444,47.37783999203625,47.38626148981775,0.008421497781498033
-11.771981259695153,-12.741645307760251,54.792639864045526,54.80029353156339,0.007653667517864449
-19.67718884559308,-19.211661608754042,54.89774230563843,54.92624876572128,0.02850646008285196
31.614114605604513,-2.3116129017188882,47.52107197078151,47.517848210238604,-0.003223760542908849
21.916265489055306,-29.283125354371073,46.82277702234893,46.98919273024156,0.16641570789263227
29.37339661531695,-22.465024371108072,47.175370135293626,47.18657082646081,0.011200691167182697
-1.027163071713467,-0.36294511305388966,48.58743495717275,48.58674458584298,-0.000690371329774564
-26.673305773147675,-31.64184185483529,54.8905782537746,54.87849157218051,-0.01208668159409143
28.079502067337543,-8.291914993094728,47.203413490779496,47.205505048804135,0.0020915580246381182
19.186436949463285,-31.53608422930514,47.11303110089598,47.13845986610428,0.02542876520829651
-7.05854340708148,10.530399042425842,55.360703113019596,55.316629603104666,-0.04407350991493075
26.631985821167156,-13.624398245798659,47.08386423471511,47.09141634054278,0.00755210582767063
22.535850532302142,22.525393005600165,47.28324847847149,47.35418434281436,0.07093586434286436
13.169123816862253,26.718158286367576,48.0371124523315,47.897539276330086,-0.13957317600141295
27.910244817171254,-27.328046104354613,47.09000560025568,47.095753167369914,0.005747567114234187
9.488519189180153,-24.68888824709498,47.70951231968022,47.680599301482076,-0.02891301819814629
12.094249466695913,-9.798955528987186,47.89526649115974,47.778147837301304,-0.11711865385843367
-4.980903596703371,-4.166645548107979,54.82076997236149,54.81758946004649,-0.003180512314997941
-9.653871644045687,6.243587643326741,55.298037396414294,55.2872775888311,-0.010759807583191616
-27.08240330748376,21.08179711320311,55.99344330430489,56.009821264524675,0.01637796021978488
-21.037209702883438,-23.113207622315628,54.88365951266154,54.915910603105196,0.03225109044365837
-3.3943116640869277,12.874921189484034,50.84115470779089,50.75501616423179,-0.08613854355910178
-22.084476503339665,14.574643838801876,55.25412569334973,55.32087495047186,0.06674925712213309
-9.791790519165438,-6.6664644373597,54.859096764276316,54.8987306320076,0.039633867731282635
19.314803306872,29.988746971728403,47.45401884628094,47.45342798637149,-0.0005908599094510691
-28.611583382719537,22.643668205799642,55.98670071303649,55.99197916353431,0.005278450497819165
-12.017814972527766,8.407334552501197,55.40336879159201,55.400819323495796,-0.0025494680962125926
31.76422315255735,28.902018026030483,49.213514958990636,49.20982999104451,-0.0036849679461283813
18.191604213150114,-12.881211594931173,47.46215790177055,47.525788265157054,0.06363036338650119
19.595917395213093,-9.433140977250083,47.346302852260166,47.40344257028214,0.05713971802197193
-20.556727892675298,28.225531124555395,56.28942018525075,56.27550865161587,-0.013911533634875184
-5.4662741621419215,-20.9432324556661,54.39748526146225,54.38134075328257,-0.016144508179678496
-22.02536340890189,29.049621674556533,56.202774011552364,56.15278139634368,-0.04999261520868714
-29.405148114882827,-27.060036433690655,54.878373945678334,54.943669585309685,0.06529563963135132
-14.966826238271125,20.76893840667936,56.004154514298065,56.020060817910434,0.015906303612368333
-29.765506194294808,11.370224924961711,55.23401836639811,55.32589882491672,0.09188045851860949
-8.878007829483956,-10.722758322267893,54.76082741698862,54.76966447512175,0.008837058133131848
9.697365706059145,-5.180766461388522,47.83962790073278,47.784372570951156,-0.055255329781623175
21.224536515342194,-5.4056057255080034,47.18944006052589,47.30644025922424,0.11700019869834932
31.69407873857309,11.255572924729101,47.73673520213705,47.857821044993905,0.12108584285685708
5.701169904756313,-15.037288739790355,47.499980454462616,47.50291899722606,0.0029385427634451844
-7.0721111944827015,7.628078053683396,55.259866471684965,55.27068597034416,0.010819498659195403
-1.1408657619100495,-24.924985319613015,49.264200790898485,49.33093781509485,0.06673702419636385
-5.324061928285467,20.007399561324995,52.01814414700156,52.019874479107095,0.0017303321055379683
-23.248846416302342,25.343825906341422,56.17092670658377,56.181445578692674,0.010518872108903565
-24.119524918569567,30.479080177831896,55.97603215000325,55.97641831506443,0.0003861650611796108
-12.466791914643672,30.63202191226283,55.86732039615406,55.87311316097049,0.00579276481643376
-2.375942625002402,-13.921511242244698,51.81855213827758,51.73488095895574,-0.08367117932183987
0.6174575767737878,-13.212146296236206,47.45464148982637,47.49246080804873,0.037819318222361176
21.538980731352268,-19.5099005886662,46.998808785997255,47.186531135950084,0.18772234995282844
21.425905623021507,-12.176629803840733,47.093924944101616,47.225788686756516,0.1318637426549003
-0.15849245040597992,-17.49725241053364,47.974742346956376,48.00559167346569,0.030849326509311936
26.418964982785944,-15.117586401588895,47.06718429654295,47.06455014799303,-0.002634148549915949
18.512489325916178,1.2966370214141776,47.47220714627503,47.59275483688044,0.12054769060540593
16.602899748445218,-18.743997707119064,47.6245674591277,47.66343562472248,0.0388681655947849
8.021398140437746,18.687645684303476,47.847445640235605,47.847134167324754,-0.0003114729108517622
24.190778954851076,29.589637628963573,47.42965590244693,47.436755526833,0.007099624386064818
1.3785845429897847,18.062351431345277,47.55175967505753,47.62124756465317,0.06948788959563501
17.356082048139065,-2.173952169850395,47.63334654128812,47.689966325657906,0.05661978436978643
-26.912836393482287,-0.20865847569274365,55.193155792505905,55.220546817544836,0.02739102503893065
-5.579328009602854,26.81524645714103,50.00968736662095,49.92077026543083,-0.08891710119011975
-9.413154893954335,6.730259720962373,55.31318427272942,55.30076512323978,-0.012419149489645065
12.46812098657751,2.912106501599297,48.020266944065206,47.94704939734548,-0.07321754671972514
12.602011621515679,1.0636251649128,47.94207743104479,47.92069653273965,-0.02138089830513934
23.01980438464851,-10.170448233851445,46.96789169196615,47.11109017472019,0.14319848275403757
-9.726052558075871,-27.20478924160259,54.272247479710515,54.30760140751635,0.03535392780583635
-21.17745292098131,-11.962539588454433,55.036471622596785,55.0142752187779,-0.022196403818888655
20.7749725362389,-4.24786393521628,47.24281267056318,47.358781677568984,0.11596900700580193
21.825627969564067,10.958696954246193,47.16073448706746,47.32431138327219,0.16357689620473082
2.151365785486526,-31.28830488302379,47.305121836750665,47.40893740661205,0.10381556986138207
-7.40886069512495,-14.292092569796857,54.617888384272575,54.606141619110026,-0.011746765162548911
-25.834577839035127,-10.529233068858595,55.05970337230206,55.103266883633296,0.043563511331235816
20.257615621532096,21.392904624053138,47.36001498743448,47.39424929150713,0.0342343040726476
22.118454485300624,15.653146271560615,47.19181245693383,47.38858343621592,0.19677097928208553
-2.828943318541029,2.9807714522881668,50.8481924471954,50.95859723297438,0.11040478577897517
-5.441072908645218,24.661025881869925,50.17596151506822,50.17600421291059,0.00004269784237465046
1.134681425394497,2.497614289082321,47.46582291828808,47.58815392751545,0.1223310092273664
-6.172671546470681,-21.997002395650924,54.27194680689176,54.2709106624827,-0.0010361444090634109
29.85972482287942,29.819204613679382,48.60946996906831,48.57793184038305,-0.03153812868525563
-7.420077994622716,22.815915596117705,52.50883848462165,52.5088388734567,3.8883505482090186e-7
-30.571917537093178,-17.127819250089757,55.116102424255146,55.100637571391104,-0.0154648528640422
15.734083509316484,-1.804757001956368,47.86222315679282,47.82821558137984,-0.0340075754129856
23.755220612866772,12.040050349248865,47.21436711052718,47.237219144909226,0.022852034382047748
1.5098458493162497,-3.635166693622672,47.43415793428332,47.45656944522596,0.022411510942639268
27.96800112599834,22.574783121158774,47.489666954895014,47.4891560492261,-0.0005109056689178715
4.169329692181407,-19.794453501376026,47.429922168821,47.42745979910418,-0.002462369716823787
-19.04766221101589,-23.881179030124393,54.74825024863122,54.82582085002167,0.07757060139044825
-28.2774090857721,-2.1727070464783367,55.19617674080041,55.25195078976438,0.055774048963968426
23.38472602509114,0.9708748460383632,47.08380065211411,47.15917713787439,0.07537648576028033
-16.03322170102011,2.110759964710681,55.23567334780017,55.23810731393523,0.0024339661350580855
-24.802971451765075,7.481178954777867,55.24215538575226,55.23685900021785,-0.005296385534414583
2.3601092644031283,-28.34734465763153,47.343803940066095,47.461417220294344,0.11761328022824813
-29.87913647144058,-19.748197678160544,55.132579293377376,55.069222692091245,-0.06335660128613085
-24.814929192239333,20.275051927346887,55.91107990996757,55.92654472605883,0.015464816091260047
23.50504048629329,25.551121285663562,47.35765077153688,47.37400925855552,0.016358487018635515
-8.87169021877196,9.658500633085403,55.38020200545903,55.375528403170705,-0.004673602288328027
-25.597797122473267,-23.58360263424879,54.96422764994996,54.983216491700624,0.01898884175066229
-24.51576895576155,-14.678419013322,55.05199318250028,55.036910382648166,-0.01508279985211658
-8.684374211702703,23.59424564774283,53.55149537856009,53.54844094132124,-0.0030544372388519037
-3.2917657740314965,4.726672175194743,51.71573469541797,51.63365447094156,-0.08208022447641383
-27.239995970823593,-21.572399919207108,55.05611850741195,55.020931451349526,-0.035187056062426336
-9.030863060342242,29.330896477870688,52.80459570756527,52.8024323392394,-0.0021633683258670544
0.4407260746440613,31.196563988920182,47.648135495812156,47.65686309140039,0.008727595588233328
-24.696118825420918,-7.458709304125492,55.14619338762235,55.143479746674615,-0.0027136409477321877
-1.254531060729306,-2.134246017680084,49.23508547700779,49.363550542535336,0.12846506552754278
-5.237020668408583,4.02700335832008,54.51636679062871,54.60063416654214,0.08426737591343425
-28.473551929295418,11.638971633800693,55.26242738005702,55.30643830613779,0.04401092608077306
10.94041864676175,31.369345693110645,48.09780025123433,47.94815535942098,-0.1496448918133524
5.321032644513529,-18.962661032868866,47.4362558187074,47.480038215293476,0.04378239658607441
-15.619286007947174,-30.359594354670875,54.42825910852758,54.35391700404723,-0.07434210448034406
4.747840901175799,4.793673038725267,47.55973860489222,47.560679223612176,0.0009406187199587634
-18.236060944792456,-15.539957562640751,54.95896181309043,54.94005570145324,-0.018906111637193135
-17.39766315816926,9.635455476516555,55.57392253750167,55.39908364902613,-0.1748388884755414
-29.15240281219949,25.902938983662395,55.91250887657487,55.91136078318556,-0.0011480933893111
-8.858141157648802,-25.767275717638384,54.28404395375976,54.29401341652247,0.009969462762704495
21.28516233958584,-5.668052476125261,47.17644492819688,47.298682341245176,0.12223741304829616
-18.83063332947637,-27.54952112268427,54.67298363518875,54.67839085520965,0.005407220020899217
-12.810110114840555,-7.662983046858315,54.90632259900576,54.9243565426432,0.01803394363744104
22.34196798515096,21.570730208306777,47.268564287480594,47.341336988462196,0.07277270098160216
17.0631192861928,11.831125549969691,47.67736740746126,47.66618897751151,-0.01117842994975149
17.667722709373777,-24.626549489280748,47.460685983392835,47.457054302203396,-0.003631681189439462
-30.655207178585044,20.495902997212873,55.87384409912013,55.919142746955465,0.0452986478353381
17.604390961862954,14.296118748777864,47.6441255678626,47.65607385546693,0.011948287604326424
-15.824973233407349,-25.99377943755706,54.58102686598004,54.52163776787086,-0.05938909810918602
3.188657958872291,-25.437273914177496,47.358476036503596,47.4919373030184,0.13346126651480716
-14.513369493902431,-8.170399343671342,54.9583727453893,54.942324089652466,-0.016048655736831563
0.07316546627664167,-2.2164335644591873,47.53085883023066,47.54734558885423,0.016486758623564413
-13.391174394760114,-17.005435575824606,54.77005137284016,54.75422438875279,-0.0158269840873686
-6.871528611722383,-25.386652526234634,54.19458321179069,54.19237497386652,-0.0022082379241723515
6.571791039529508,-0.527402912379273,47.58704611511277,47.59591018654035,0.008864071427581166
5.366363794400321,4.337871434619274,47.57147009080873,47.58184699658705,0.01037690577832251
-14.125449125158774,-25.24294075382148,54.47664913613271,54.45918357687103,-0.01746555926168014
30.837840907736165,30.722371428313885,49.22067032694616,49.16958126792831,-0.051089059017854765
31.051123834882453,-30.18362259179849,47.23280179779532,47.246387404839915,0.01358560704459677
-29.460714895265774,14.576299252439448,55.27023613192878,55.35057394000786,0.08033780807907931
-27.96098540315461,-7.5783827562090025,55.216434101336546,55.19870622947728,-0.01772787185926461
-12.23578471697953,-24.592649034833016,54.378191113892434,54.38562981523493,0.007438701342493914
27.925712979508468,-19.36640901808152,47.120798449759285,47.12109472924733,0.0002962794880474462
17.56128830838947,-30.167359217535882,47.35014455166447,47.40584227558768,0.05569772392320971
7.705128087153007,-15.260593097662593,47.582677314699865,47.59058262185806,0.007905307158196706
7.345903269904888,22.565750866832374,47.815284374634786,47.886904725343456,0.07162035070867034
-5.121663803965141,-26.0151803187061,54.073301794919054,54.05947890445589,-0.013822890463167425
10.88002956639395,-9.203873011684422,47.84332397297061,47.819249571748195,-0.02407440122241411
-14.063335356266862,3.6454369964098134,55.25939111169643,55.271065702482666,0.011674590786235228
-2.341060587149059,19.120652924046063,48.284635022489546,48.339803874495786,0.05516885200623989
-11.434324224336912,7.072365914005502,55.371121586052794,55.34638747686651,-0.024734109186283604
-2.556197241920856,23.77554623226223,47.828427506797325,47.848648900351016,0.020221393553690348
-12.520454246790244,-23.112438317275867,54.41080634392293,54.45128565271024,0.04047930878731165
-23.618184781952785,24.31008611155807,56.128015639847625,56.131980176972284,0.003964537124659273
5.880167463705092,-9.022706648304542,47.53273560905551,47.55762262498706,0.0248870159315544
-16.699086739839125,29.070429976083744,56.597637466591536,56.5972624561215,-0.0003750104700372958
26.223600162321,-14.254528106449598,47.062874046088275,47.063545871699276,0.0006718256110005427
11.47559979831152,-2.5158135501683816,47.90628122509,47.90573378811314,-0.0005474369768592169
-24.704429330010257,15.131834228386538,55.23845101754582,55.27489050486203,0.036439487316208385
-16.197781873512646,-8.685372073734442,54.96397729933098,54.96463218478331,0.0006548854523344971
13.835727261752197,-27.225101747658073,47.96182608065388,47.854931888577006,-0.10689419207687223
18.19962009011997,-22.419162417858736,47.40331320118774,47.392488733026624,-0.010824468161118261
-14.743232154026082,15.184531266051074,55.63239472063787,55.622669207884606,-0.009725512753263388
-25.64999492888242,0.740906448687852,55.20965257576511,55.21151301569622,0.0018604399311072939
-1.089764518615695,2.760581423106572,48.07501082132971,48.254733701197516,0.17972287986780344
-15.932017138282909,5.401354992417723,55.32336695960632,55.338569025943876,0.015202066337558051
-16.609546207909858,30.340159687270038,56.22627363780788,56.30708716463944,0.0808135268315624
-30.965621916229672,-13.90556813016368,55.151503509927565,55.13849110982983,-0.013012400097736077
-1.9544037849505003,-30.918055783199087,50.11230991562703,50.0815092126477,-0.030800702979327355
31.422750528861407,14.378791684748379,47.857235695094474,47.885439998374174,0.028204303279700582
-27.092972216030233,-4.274621850333396,55.192307969846894,55.25002607985105,0.057718110004152834
-11.320736607410872,13.530659640850494,55.57362358394591,55.53992210829368,-0.03370147565222936
3.9205719788042757,-4.939994536585601,47.484014549554196,47.4813791653194,-0.0026353842347930367
22.52378240316643,6.012293039675193,47.09830831272792,47.23685551283291,0.13854720010498767
-12.449233009259729,10.312706869684341,55.480356070449474,55.45971748243643,-0.020638588013042636
-31.877907974039957,9.624406988160032,55.20797664400825,55.34555172563592,0.1375750816276735
18.05971358006328,4.885493995556395,47.52802623332366,47.60932592401489,0.08129969069123177
-13.304753052942552,-23.481513730508063,54.44733108545208,54.479295729720974,0.031964644268896336
6.999643253753391,-3.307958944707451,47.58636112331857,47.61070468673921,0.024343563420643477
-30.394714927269973,-13.614648389120816,55.15473556775442,55.13395876170966,-0.02077680604476484
-12.277612774355617,29.899670809582936,55.73893615126171,55.74092187211464,0.0019857208529288073
-16.095673506375384,-2.0285006572032884,55.107981742957996,55.12532792248808,0.01734617953008666
-19.972415427663073,-16.436160775879358,54.98205375875921,54.95570086319516,-0.026352895564045298
-26.20668345767678,-11.197677705167287,55.05580213406701,55.103515180076556,0.047713046009548066
-10.770195957068509,-21.880591554327694,54.45036173102564,54.45428107802824,0.003919347002600659
21.54643492338998,-8.954594966601938,47.1089633008142,47.22487110937433,0.11590780856012373
22.32537495714741,-31.14721014027714,46.818314270212724,46.97559701569793,0.1572827454852046
-29.03085296782362,2.484273398143955,55.2106789227064,55.24641826576279,0.035739343056391704
22.75633959635202,-27.91278547627119,46.86304465063028,46.965280576946874,0.10223592631659528
15.234683781459466,7.080465525305101,47.81934566303374,47.80348822536714,-0.015857437666596752
-20.57343755251707,6.060731383081112,55.27051831544153,55.21565038825686,-0.0548679271846666
-19.752276028024525,6.818454289031912,55.31035467992872,55.21729931343946,-0.09305536648925994
-4.505044932239599,-19.536977523913798,54.44238472555486,54.42426458106849,-0.01812014448636745
4.879157780158124,-8.342809614543874,47.51324209139425,47.51974851181287,0.006506420418624259
5.197865960113496,27.105516160224987,47.707458690838244,47.863210820248774,0.15575212941052996
-16.901267491397967,14.623863975450085,55.45490893421673,55.5737464204261,0.1188374862093653
31.446809534443204,-4.549057231231977,47.4695833559951,47.45033455761795,-0.019248798377148546
9.642014969731719,-29.993906426313274,47.754580121486576,47.76001785755601,0.0054377360694317645
17.618433341002813,19.918144012648582,47.68583696731373,47.71798294736962,0.03214598005588698
22.14572266874169,31.436931567546445,47.3757109240133,47.41156792598767,0.03585700197437092
17.18532556490061,21.25610637255153,47.717868978139464,47.70065754268348,-0.017211435455983803
17.416820590261217,-2.9370512299486933,47.63684029684296,47.67806762790133,0.041227331058365735
-25.395721543815135,-4.00912784117363,55.20669490488629,55.2472680475087,0.04057314262240652
-26.05510083789128,23.89599873760298,56.073142702124954,56.053909573774426,-0.01923312835052826
13.397894937467292,-1.8913600570936921,47.930328242607494,47.90508203806955,-0.02524620453794313
5.290142979319285,-18.834636362583517,47.43474871305122,47.47813943118572,0.04339071813449635
8.842796327090689,-17.060693125994668,47.697518914984194,47.65374461886802,-0.043774296116176004
-24.332973766841846,25.014814573032993,56.12627042576404,56.13000799763705,0.0037375718730103813
27.39878048603935,-11.046617904813075,47.1436465842165,47.15473927558726,0.011092691370762964
-15.76726540153858,30.683996461665366,56.11499581999652,56.1146963849909,-0.00029943500562268355
-17.270151111065687,22.586179165145865,56.54369221372693,56.46284920843123,-0.08084300529569788
30.030233815813318,-0.7271731756289768,47.481207151001676,47.47050447576474,-0.010702675236935022
10.94260477639883,-16.758615619075464,47.80467454706707,47.713655861743696,-0.09101868532337676
11.371618998806674,-26.043970935130005,47.84089891657056,47.83656576231439,-0.004333154256165983
20.745233364983335,2.182568464532814,47.272018632249456,47.382288589208684,0.11026995695922892
-15.597257374941073,0.2650241170126293,55.1697886335097,55.17832723220079,0.00853859869109641
-5.220710464633427,-25.115815875012892,54.11221949861361,54.09471037268828,-0.017509125925329272
-21.829404125275758,11.573558571753573,55.248722134616536,55.24481923801336,-0.0039028966031722234
13.15190451560266,-9.488743688318266,47.9296084276633,47.842378828440346,-0.08722959922295104
30.47258021025126,-18.751659462980783,47.23248733305181,47.233036150890115,0.0005488178383075137
-12.487633926393656,4.0592497621279335,55.279763744492435,55.25812955404717,-0.021634190445261936
-9.05995794197954,31.50585038466388,53.0148678989453,53.03413700172909,0.019269102783795233
15.94624289796807,-5.0120730237397595,47.75107864140322,47.793693167431364,0.04261452602814586
-4.976899969665638,-26.620121632837147,54.03772258786898,54.008902527462375,-0.02882006040660201
-3.594652430177412,-6.034679478255079,53.54717793810546,53.54363172465213,-0.00354621345333328
-5.907208317912719,25.168279311855684,50.559734694355434,50.560046605800146,0.00031191144471165444
3.0505136198095784,-6.655384330630433,47.419522013685615,47.45550310130478,0.03598108761916308
-24.73172474572214,-22.57056498953856,54.953364408718315,54.98147118447664,0.02810677575832443
14.491440992266838,-25.63722399070074,47.934287238218964,47.78684627605846,-0.14744096216050195
13.335956187539132,-19.998141904609938,47.84762317345973,47.80624104056949,-0.04138213289024151
22.802049018986544,-8.132179949168737,46.991058898146456,47.12972966176001,0.13867076361355402
30.170278489717084,19.921343820904575,47.731686687776175,47.74074240761016,0.009055719833988007
4.17780357804584,11.781666772958339,47.60129859330645,47.62030354281257,0.019004949506118862
1.880085382583033,7.5505238976970475,47.527865280758945,47.571380702206454,0.043515421447509084
-21.879554804817566,7.497303914929439,55.249466352861944,55.22557613625736,-0.02389021660458468
-23.745126961368896,-19.120398014352496,55.010712770129004,54.99823623919837,-0.012476530930634055
-14.148200763563167,26.8742748604815,56.06947416521142,56.08443728680864,0.014963121597219242
26.45974817336262,5.807476622369549,47.24275184199428,47.25912484372696,0.016373001732681303
25.037859880006295,-3.535649676956119,47.116350237857525,47.1395228237431,0.02317258588557536
-14.592666147044746,7.390759970246513,55.39704096384494,55.38908131289951,-0.007959650945423391
13.080100522562418,-11.123075501345312,47.90293371752983,47.74550329320815,-0.15743042432167442
4.168235929184824,-23.297004780345027,47.373238189289104,47.468193714925896,0.09495552563679155
21.137678171517663,12.489102714708501,47.297696477058935,47.39308323560391,0.09538675854497569
-16.088499409751265,-29.484312113475916,54.49793191427418,54.41176842849783,-0.08616348577635335
0.8602295614589579,-19.145828584252065,47.3783432931109,47.36601682186025,-0.01232647125065256
21.768273415192198,-17.62305672755044,46.986593894945955,47.16720599616573,0.18061210121977211
-18.498579575204673,18.58263041654658,55.587808048138456,55.59620836965198,0.008400321513526876
17.04709467988254,-21.553671736829592,47.63794041704022,47.56270753851199,-0.07523287852823302
28.47501447158266,0.12819220733628356,47.31573863234557,47.38308131542482,0.06734268307924651
-15.653955083869448,4.894144269919963,55.3057856399665,55.32127641012078,0.015490770154279687
-25.98017246147817,22.090189986580548,56.08818317626193,56.03109895800913,-0.05708421825279686
4.672844109127908,3.087248492097636,47.53433508952206,47.544899917028566,0.010564827506506447
-4.192434942047058,-10.924854678687822,53.912528704331926,53.91257314982023,0.00004444548830662143
24.40052905565844,-29.044398453218,46.91698119605705,46.91948233598683,0.002501139929776741
-16.529174208337956,-28.404525775435154,54.543659763885366,54.48224675116959,-0.06141301271577504
-16.29780067147685,5.041905673840695,55.30800894238541,55.313759194962444,0.005750252577030324
20.82097554185254,2.5037823306757687,47.27292442795667,47.3718369211073,0.09891249315063533
14.852525132743082,9.038143491964568,47.9174321760358,47.73695244272284,-0.18047973331296419
5.042150973910331,29.976379025146905,47.70713274966967,47.858053936180546,0.15092118651087816
12.695267718962086,-24.709178414448907,47.899357208416816,47.8130595453822,-0.08629766303461395
16.07225910910836,-14.709242570597588,47.67480636935098,47.679185687882494,0.004379318531512411
-29.358442549522813,18.134471538002117,55.666114652244815,55.6052970859956,-0.06081756624921297
5.073293789653185,-28.706666019394326,47.40142264630009,47.522876521705975,0.1214538754058836
-4.530477845639204,-5.242263103133446,54.48004003331282,54.52919102781396,0.04915099450114013
3.8090278616026794,-12.59237018878666,47.44670397796829,47.43733843138107,-0.009365546587218887
-26.24574403948447,-16.612070662036977,55.03043000864651,55.05215474619086,0.02172473754434634
24.200316532956926,-7.735856134335087,47.039750319135074,47.04390861766656,0.004158298531486082
-8.294588037295775,7.858886440998511,55.32288041000908,55.32279825368621,-0.00008215632286834307
12.560993542921999,-26.522582456625067,47.94114566376953,47.88295625853748,-0.058189405232049296
2.5930842121646833,3.836222108968343,47.50869327965643,47.53795134591246,0.029258066256034
-3.9627517144077373,10.753740031085094,51.870394564751805,52.03613728818547,0.16574272343366658
-19.04312870714451,-1.7743812345795291,55.12863242166741,55.19567374619293,0.06704132452551903
15.222014475959803,30.026361800490484,47.940483793455925,47.87488771998153,-0.06559607347439567
18.540240419328143,-10.05681919292347,47.44501591655937,47.53016258926501,0.08514667270564047
18.30031242827023,-26.302895868034845,47.31051013151314,47.314143125255946,0.003632993742805013
28.383884471443338,29.16058203776933,47.73930799828337,47.722492371170645,-0.016815627112727327
-29.966239841134957,7.667233863064979,55.20458851572755,55.29482719264909,0.09023867692153686
-11.964045992913164,1.5508992438356728,55.177100247785475,55.160233865626665,-0.016866382158809756
-6.359009335901455,-17.06252162973381,54.59100102192204,54.52224119977931,-0.0687598221427308
-13.40509837105055,26.357627107380914,56.00436687628273,55.931857018446216,-0.07250985783651487
16.083077736932097,-11.357401065542987,47.78602153773112,47.78933075028795,0.003309212556828811
-25.271279322442865,8.567363927280155,55.242948532060666,55.24570630331882,0.002757771258153241
-26.084364162768964,15.986475562333936,55.27706645918188,55.306308244441304,0.02924178525942267
25.552563238505456,-22.75816896373037,46.98450003728662,47.01413682474495,0.02963678745832965
-11.837864466095247,31.34100479551516,55.502340941647084,55.50430002350239,0.0019590818553041345
18.517241724341503,1.193858713707776,47.47076013012642,47.593497412371924,0.1227372822455024
-17.926131014804632,16.16188269853521,55.34763299137007,55.57286736721606,0.22523437584599293
-0.94402492568166,4.635086195364565,47.96065175473797,47.90185025860468,-0.05880149613328456
-16.73400874352685,27.257705238979106,56.82633815162724,56.85414369021215,0.027805538584907197
-12.807322253479427,-25.469986525004067,54.365705812146786,54.38165769284702,0.015951880700235677
-8.630243887131513,-1.9251837060113601,54.983323141096264,54.987288282060376,0.003965140964112379
25.773264181824047,2.106902965341135,47.1751934894533,47.20306228764939,0.027868798196088562
26.157104466077215,-9.172974935168362,47.11366803532088,47.11239591212285,-0.0012721231980279413
-6.198090247950567,6.622363156500548,55.22510686016247,55.198336025542154,-0.026770834620315043
-18.043003284332677,21.129614426247088,56.06042671345574,56.135323953437016,0.07489723998127573
17.47365036516416,-21.67652850642417,47.5509079907099,47.5006466307152,-0.05026135999469972
9.715178683787428,-22.472607752106434,47.71783326518988,47.700017148356444,-0.01781611683343698
26.23164904714659,-28.763362338338396,47.0118353142506,47.00842152581726,-0.00341378843333473
-11.489803020507523,11.655650456861302,55.508716435905654,55.488121222511865,-0.02059521339378989
28.84761067389929,-10.119362801670064,47.27124444176674,47.22491850659479,-0.04632593517195005
25.62359659378854,24.57033177463662,47.41063196318147,47.45821236484047,0.04758040165899757
-3.616674421446568,22.248467350076005,49.04298860904474,49.14227695591759,0.09928834687284649
0.5166208116759634,-28.961403771433318,47.34504373992247,47.412451613887555,0.06740787396508807
-3.840504028067926,0.6305711853436904,52.739991421200095,52.6059379551635,-0.1340534660365975
0.40237594502345075,9.777019536397994,47.53612325460351,47.57264193160069,0.03651867699718281
9.525162752865931,29.854957769628243,48.0923828802147,47.965101370536686,-0.12728150967801355
-24.771247080131396,18.401629740692343,55.66622464058568,55.59874986117229,-0.06747477941339497
13.549449146714046,-31.95029877619318,47.86957213742517,47.7696714403738,-0.09990069705137472
-17.0282473432583,-22.24241314032701,54.74473457027413,54.73956855556619,-0.005166014707945976
22.12382384668406,24.148251948562795,47.2826958708865,47.395007166252284,0.11231129536578521
-0.22669272074691094,31.081464247644796,47.63533376705536,47.6351109291392,-0.00022283791615507198
-7.1793239830085085,2.3151213978580927,55.09967224541482,55.08531227443709,-0.01435997097772912
-22.213560839583756,-21.752116007945823,54.94797048448898,54.948406299623194,0.000435815134217421
-8.655521186075674,8.523007460324926,55.34300835989961,55.34584527115772,0.0028369112581074774
-31.737174593524998,-16.68994071864809,55.12057474084255,55.11718265337838,-0.0033920874641708565
18.036232393876084,9.666945058523737,47.57678314536664,47.56486279518873,-0.011920350177909711
-4.252755805685062,-3.3122885734158842,54.29188579196776,54.361781870875426,0.06989607890766791
-0.49289605022155314,24.35689508574491,47.60337261055409,47.597178067269,-0.0061945432850905036
20.31768800583238,21.589765868345758,47.34387923323963,47.3852833987079,0.041404165468264864
7.766698610784154,1.58299100208432,47.660155674108225,47.667762584530834,0.007606910422609303
-2.563911338345818,-25.066846491486345,51.208413122974335,51.232164322165815,0.023751199191480055
-29.510843211780866,8.7751001445598,55.23625609679155,55.29740245469649,0.0611463579049385
-8.312117553132495,-3.6945995815055284,54.92159741613487,54.92210253803946,0.0005051219045881794
15.609522498406136,15.227212134917565,47.826654309659965,47.78665052444702,-0.040003785212945786
2.8516412657562284,-13.520858245732612,47.416559073123885,47.38935164002707,-0.027207433096812395
-14.27057947663549,20.416054062513318,55.83000339792423,55.87793394499607,0.047930547071842966
-13.017050535170569,1.3187631042973393,55.18449880185305,55.170449629180006,-0.014049172673047394
1.3573953952412836,20.83896386857957,47.584476437147934,47.625119836160536,0.04064339901260183
-16.22790959063731,2.252168466288211,55.236432579177404,55.23293372043017,-0.003498858747235545
19.506916429418283,3.733763079856807,47.41588678709044,47.47578269542634,0.05989590833589631
8.74497955743967,-28.576532886061045,47.682882695201,47.66127013526136,-0.02161255993964062
-6.990657443809482,8.27251836959418,55.266984483475795,55.28660301677107,0.0196185332952723
6.251085377385834,29.291972458297757,47.755981254808304,47.906145208434864,0.15016395362656
27.542084242364055,15.68227204466222,47.433654606921195,47.450639649968274,0.01698504304707882
-28.040684799492347,-19.74955208445919,55.130615137293226,55.046689808054765,-0.08392532923846119
24.061365439250864,-24.787845042274107,46.94602627487835,46.93930759958431,-0.00671867529403869
13.120612884177717,-29.590077455479737,47.93834630510605,47.91045481500113,-0.027891490104920535
-18.895674426026417,9.907457906246925,55.51857282570701,55.33464117588255,-0.18393164982445853
3.624628885121524,6.7926469343289,47.52396775641696,47.54805241605646,0.024084659639498796
-31.42034420452658,-18.596847113162156,55.120320125896534,55.084520216804236,-0.035799909092297355
-19.96968139224972,-9.69353781634193,55.08790547364612,55.01439376074328,-0.07351171290283531
23.329826329065384,-29.256407589383194,46.87324888245181,46.928198218807076,0.05494933635526422
-30.478279076245904,-2.431926957703091,55.22399234728918,55.2555272034989,0.03153485620971708
-23.715861525422312,-4.4204938957783,55.24871615231346,55.2259736915876,-0.0227424607258655
-3.523453156282528,-26.384552340834098,52.682880704574096,52.685263616510085,0.0023829119359888296
-17.087483362596558,-21.494360092102326,54.766070466224136,54.7707093008767,0.004638834652567425
-10.471689723676391,-13.910174511236463,54.727095382261005,54.72937269997868,0.002277317717677363
9.403534566381914,-15.63569229062712,47.75564859529527,47.61538727465173,-0.14026132064353902
3.8985219211770996,-1.0846707495620223,47.50642272735119,47.49066467386493,-0.01575805348626602
-21.6294106808012,7.6320802208014555,55.25272266604125,55.225622231415706,-0.027100434625545233
9.865266894735,-2.5261095510806797,47.84584171628535,47.79370583164614,-0.052135884639206154
-30.656469349096675,21.68816116065249,55.94505229154379,55.97083750337713,0.02578521183334459
30.17506402074291,15.255853130635359,47.620767700724926,47.59654171228787,-0.024225988437052592
15.496041049445992,13.605641971722847,47.82501559640318,47.77339613349603,-0.05161946290715491
4.66189409095513,17.19048945266649,47.63734141325284,47.704346933139874,0.06700551988703296
0.16118914465118905,30.357802602689134,47.63751915539164,47.64066457327698,0.003145417885342283
-7.018772128244052,-12.433650579147262,54.624427599236284,54.62954976464091,0.005122165404628731
1.5941217754966246,-12.172928703038153,47.37947023825035,47.385224194735976,0.005753956485627043
10.449777103999864,-3.9884801813314326,47.86980170331846,47.83823943520999,-0.031562268108466185
5.6604704908262065,6.05981753822708,47.57564813424369,47.620259918745845,0.04461178450215186
12.790728002721885,-13.059449715206917,47.849480601859895,47.700800939722576,-0.14867966213731876
23.040365348083675,16.802989407714925,47.23925192873091,47.33083985630064,0.09158792756973355
14.121110405545771,2.6141907649422294,47.982963471638534,47.90324045722729,-0.0797230144112433
-2.3680011666158833,29.7868522602582,48.105435954354526,48.10771173318672,0.002275778832192543
-15.82821935113293,11.80804373001505,55.53016198655536,55.53123138297665,0.0010693964212862284
-6.689509385852141,-11.060388561438309,54.69900423819402,54.65126680879121,-0.04773742940280812
1.1500986506387534,30.539112354454687,47.656104940976896,47.68576712636523,0.02966218538833232
18.392853774904083,-19.544627755799404,47.39628596473474,47.49047356236619,0.09418759763145346
17.305523583056328,26.24393872901811,47.73021298197424,47.696765406925685,-0.03344757504855522
-10.088124734875962,-27.951270721769973,54.27270819187367,54.311206402416865,0.03849821054319591
-19.638800783223495,7.948956188619867,55.34758112251678,55.23947727695763,-0.10810384555914965
-27.578998424447597,3.531228653078699,55.23835125958549,55.23995794869465,0.0016066891091597313
-1.0271261777465028,-17.37418996646238,49.78180242200066,49.781802117056294,-3.049443648706074e-7
-26.006559082838343,10.19426598808409,55.260607697133594,55.25922441622075,-0.0013832809128402346
20.007771105569198,21.681909519183186,47.38954945291882,47.39055175683428,0.001002303915456082
-23.237241239826076,-28.334440530025205,54.85761452770482,54.90872536705923,0.05111083935441485
13.580745741285071,-16.738712874980983,47.82803891185491,47.75145663199259,-0.07658227986232191
-16.351067299805734,-22.5106012660969,54.69550967334233,54.68125822917318,-0.014251444169147476
13.790558611368212,13.488209646162112,47.95747155967432,47.77731589977893,-0.18015565989539084
6.219600144978877,-18.345620361296035,47.46042544775448,47.5211640731332,0.060738625378718325
-31.23026917302061,12.594605942160442,55.20577677245544,55.36220184377772,0.1564250713222819
-10.208851732072858,-16.336394389717995,54.64862419832919,54.67366189945094,0.02503770112175374
0.8393360480388381,25.774902409995377,47.60120945515665,47.63710680036936,0.03589734521271026
-25.178812182913518,-27.497591957741214,54.895627400144335,54.94383651961045,0.04820911946611517
-0.9861860855933884,-11.606015324604591,49.395019081739534,49.36122753227922,-0.03379154946031093
-12.042360705293625,-11.934487922547838,54.82594033078908,54.81387250272544,-0.012067828063642594
16.54655661059308,-1.9192038196244638,47.77008161723658,47.766746721160885,-0.003334896075692484
22.0980669589147,30.324678304745504,47.357420105944904,47.40134535668888,0.043925250743974686
10.861901262380577,14.118047462447898,47.93414682265646,47.79101068136866,-0.1431361412877976
5.674692933766238,-23.546497398427938,47.446276266081355,47.51431057282901,0.06803430674765565
10.692521945571826,-12.062104101149849,47.82332061357369,47.67143630783152,-0.15188430574217193
14.942008413008999,-25.027712632020332,47.89303977095777,47.75804951601656,-0.13499025494120787
-4.683151372741804,-14.52467978667162,54.39012031643553,54.28279394270633,-0.10732637372920095
-8.886960110201372,30.912624755894967,52.750317436436575,52.80747563431007,0.057158197873498295
29.776203796474753,7.5700162339838215,47.500712225588046,47.49376737234067,-0.006944853247375704
21.60545355195074,20.48738537211844,47.24146244931874,47.36199579848868,0.12053334916993919
-15.601486256721444,-29.369812245873554,54.467482248918685,54.38855058667388,-0.07893166224480552
-23.30146940811177,26.861632420959253,56.162822177663344,56.174512009943854,0.011689832280509904
20.174055449988202,17.184351210637665,47.393399938902974,47.51990520290471,0.1265052640017359
-17.046558839831377,-19.93428509886366,54.80998411225332,54.82383304587247,0.013848933619151182
-28.749878495163067,-24.74687293690753,54.94777471721463,54.99030788905909,0.04253317184446104
6.05721215441622,22.209420085987816,47.69952285095096,47.83255029609955,0.1330274451485849
-20.79476711992215,-28.285521999865338,54.75680244926212,54.79311293987424,0.03631049061212366
28.40789344541391,-8.388745740310789,47.224525255557765,47.21883334939516,-0.0056919061626032885
-23.80171612313592,-10.299172638805864,55.056022147176435,55.07107056820255,0.015048421026115477
-15.059617548560752,-9.826894263903121,54.926241235278994,54.92570664904144,-0.0005345862375563115
3.699501712816641,6.425131970488287,47.524905310517745,47.5407845034812,0.015879192963453193
7.992785082909499,26.088360569736928,47.92925666731263,47.930083284848436,0.0008266175358073724
-4.803046245301907,31.07219948909978,49.92708051202849,49.917535992899964,-0.009544519128525053
-23.056671261725924,-18.51435480228192,55.01901457815216,54.991491142560236,-0.02752343559192383
-7.957500517797968,1.220894808457011,55.0695336713674,55.07801462300091,0.008480951633508482
-29.28862232009432,25.900524777782643,55.907339325100466,55.90402768159078,-0.0033116435096829377
-22.804147974263913,-29.32798766559631,54.87322823011855,54.892452697475655,0.019224467357105368
16.222023368475234,4.975861322705256,47.783392077544335,47.81942220239392,0.036030124849588674
17.318235029631822,-16.64773014077776,47.54406294348709,47.59528750462015,0.051224561133061286
26.13943299532712,-19.88562315865969,47.02409835784717,47.042737179695294,0.018638821848121268
8.801234916915654,-3.704926869179289,47.767601977919696,47.71695865475651,-0.05064332316318598
-25.915291217414634,17.11816143339116,55.471627985927555,55.3746164396616,-0.09701154626595354
7.526302222637156,28.211152626859402,47.909088088811885,47.96839638385096,0.059308295039073755
-10.821300101714286,-10.297176586491737,54.83394849827297,54.85389660935524,0.01994811108227168
17.338691532700643,16.733179013444925,47.69839312439034,47.715864629062075,0.01747150467173242
29.466022333216195,21.52813010726687,47.55485157322135,47.55277034311724,-0.002081230104110432
-12.097251372209278,-30.72029992079893,54.26720422475918,54.29142522879222,0.02422100403303773
-14.123324222656088,-14.707552298239627,54.87412909539113,54.85301696965567,-0.021112125735463394
9.043033069833342,-20.642874275400054,47.707869712663054,47.670103182304075,-0.03776653035897937
-19.499975977898252,10.267075548913738,55.429416441628845,55.31618850820477,-0.11322793342407778
16.292313433700294,-19.107783289944756,47.660655515724685,47.69316096454229,0.0325054488176022
-16.412217607548627,-5.16972250326382,55.0332581502441,55.05050142067839,0.017243270434285307
-26.787751476295377,11.869326556594515,55.25200771450416,55.27992487865531,0.0279171641511482
20.262784695265452,-28.327485757971615,47.04575720894678,47.07739180446889,0.03163459552210668
-27.134815807347366,-14.885339249432086,55.07231913202963,55.07225828634126,-0.00006084568836683957
-23.268323512258057,-16.194685129356145,55.03275091764367,55.01549216658265,-0.017258751061014266
18.060518669064543,-0.8031292042884957,47.504818709638656,47.63943481050536,0.13461610086670106
2.4512931128338025,-31.835314684991097,47.31931973938726,47.414100967125584,0.09478122773832354
29.929311354761566,-7.871327324375926,47.40009356555886,47.29408894168625,-0.10600462387261445
-29.7340591566305,8.13204788217093,55.2184012432395,55.295208701565436,0.07680745832593772
20.9602902962081,1.6003010029088713,47.238272999415244,47.369610522007235,0.13133752259199127
-17.979037543767006,18.676949563339242,55.65389365485352,55.63471111347584,-0.01918254137768116
-19.089633824740133,-26.049571492710108,54.71185140872581,54.75091095563393,0.03905954690811342
-11.236559359071286,16.672865483641417,55.65907339829866,55.63144743156871,-0.02762596672994988
-20.01059090969344,11.607772543858765,55.27794449486873,55.331895974547606,0.053951479678879366
12.414634196989098,-3.880704000256813,47.95910496630111,47.9372280925123,-0.021876873788812645
-1.312438423928377,-15.156014090904272,50.725550766440776,50.69942485098994,-0.02612591545083376
-22.995669308926118,-11.331230564440482,55.07336531750332,55.04685822932444,-0.026507088178874483
-28.189961675495155,-26.70314498117512,54.88910579114681,54.95838536278396,0.06927957163714638
19.66219035722674,23.549450760957484,47.46240085199857,47.45304836147459,-0.009352490523973245
18.595169887636963,-7.0503203486965305,47.47619208885506,47.53543043498875,0.05923834613368939
-17.65591368399153,-20.18877563765789,54.81895657999704,54.858484671558564,0.039528091561521705
31.141994777575043,-10.45104795092977,47.372589891635435,47.31868087742413,-0.05390901421130678
5.311173047908582,9.15070819164145,47.59963645427599,47.62734941645252,0.027712962176529743
-7.1153317468227755,-18.14176928903165,54.6125993388042,54.53889939643136,-0.07369994237284061
-9.056392928785996,-3.0749985263003268,54.955780096383265,54.959326737393546,0.0035466410102813484
-3.507288031908246,5.662204814992826,52.09316351822537,52.01179504855386,-0.08136846967151001
18.993381269988006,31.050914128336764,47.472587237002074,47.48188654116892,0.00929930416684499
-13.051761488811522,-1.4401918856127693,55.084972724039375,55.08480054919985,-0.00017217483952691737
-22.473826413921955,30.77659790849409,56.041465659793744,56.10832451322198,0.06685885342823639
-18.499923092047332,-1.1716065297617533,55.13885336204034,55.19658239896563,0.05772903692529496
29.295931683816086,-22.668717945678345,47.17142450193957,47.18330078904573,0.011876287106161953
5.310715020632273,17.86612125355851,47.65483574458264,47.736113915059,0.08127817047635943
-12.289275900823448,-11.010409849080986,54.84686134595903,54.83563458182458,-0.011226764134448786
21.002950783210387,-9.575467180202615,47.1902176313142,47.288133160661616,0.09791552934741787
-9.200349846659023,-16.885655810161154,54.60020152671774,54.61396835269042,0.013766825972680863
11.507958839303683,21.519532056894484,48.14499889090431,48.14933112291278,0.004332232008465553
-23.82962437169889,-23.06745834697911,54.905080869957324,54.965178165968666,0.060097296011342394
6.215066965661144,8.927945373332072,47.62823984855041,47.66833520288556,0.040095354335150546
-31.9599758831474,20.757468832946522,55.92672085320168,55.92772815603891,0.0010073028372303838
-14.626965848086158,-23.7259321739647,54.58049075019302,54.54009339025368,-0.040397359939341015
-30.344506179701476,-0.329544993561278,55.222803404979544,55.24908229858467,0.0262788936051237
21.629600402131643,-7.012907610988364,47.12199494363155,47.2558128751127,0.13381793148115406
1.6095355845315922,-2.296162484420641,47.444849142025504,47.430250251386525,-0.0145988906389789
-25.119342608298446,9.746440800552357,55.24271388403074,55.25011041684298,0.007396532812236956
-15.31135929153676,25.42787438300087,56.41873657549387,56.45754470144868,0.038808125954815864
22.02295960215158,23.470579170753766,47.276190025761274,47.38606703528561,0.10987700952433954
13.753523471277255,-13.565918855755037,47.850697323848024,47.699489665073806,-0.1512076587742186
6.869853084446994,-27.03688884510241,47.46087094699018,47.563833369489934,0.10296242249975762
-5.021456943883308,29.386501758340636,49.20581835164383,49.27095598089364,0.06513762924981137
-16.322884472236474,-22.46036525658355,54.69468304621146,54.68103794503352,-0.013645101177935715
1.0574654456584156,9.626056281948927,47.50746692514324,47.56860960817972,0.061142683036479184
-23.472072200565492,-7.7617684948002434,55.18397192239556,55.11129294830685,-0.07267897408870994
7.352581534876208,12.935655995118658,47.72510211384339,47.75743461286391,0.03233249902051938
-14.226929716374109,-19.6510383194653,54.675577002924804,54.66548298671841,-0.01009401620639494
-21.081422281519338,-19.461343096939395,54.948397544957295,54.94863813782837,0.00024059287107291993
0.5649411952427954,-12.009410766540562,47.61011238137034,47.61189336401656,0.0017809826462169553
18.94706414378136,-4.363763032374813,47.429750722305265,47.525132287719074,0.09538156541380971
23.190735877146217,21.923971781754823,47.301839508721216,47.34803993234516,0.04620042362394372
-7.108798854630592,17.318138102552247,55.60155765908106,55.58889093188556,-0.012666727195501437
20.623382171776015,6.282138919251928,47.32135220320628,47.34659211987662,0.02523991667033698
0.5729730763100847,-2.4542926366526245,47.47308587530789,47.51132320912909,0.038237333821200536
29.5737365799407,-31.654352805400777,47.18085336580846,47.181967946831044,0.0011145810225841046
13.53556201863271,27.978012115773154,48.041888013021804,47.88536212734022,-0.15652588568158166
-31.457350935800513,-25.11087777873926,54.95129316009109,54.96538936172136,0.014096201630266592
26.110989643751935,-13.751860139876882,47.06034387684626,47.07011960172508,0.00977572487882128
-16.116542103967525,-21.984236937189152,54.69354293442779,54.68331794879243,-0.010224985635360895
9.122742848369015,-13.85762636736748,47.77157341712778,47.64169595169892,-0.12987746542886214
31.59585415961127,-2.9315539243063853,47.51782834629922,47.50038155307711,-0.017446793222106294
-0.8792992085445448,-1.798481592768006,48.61334390639012,48.73481197383869,0.12146806744856775
-29.661170056588062,-13.593233494280732,55.15289878904646,55.12255095788403,-0.03034783116243034
-31.866916685399303,-29.959850651431225,54.83806829806493,54.87413103798493,0.03606273991999842
-31.076303682626275,27.157593040602933,55.80072985110779,55.80583473006003,0.005104878952238323
16.900724599125624,19.88687184346616,47.75840824215406,47.76775502791261,0.009346785758545195
-5.278870698726685,-13.68717544096549,54.540917875547976,54.427740515919645,-0.11317735962833098
13.098419015532222,-6.476308852335528,47.91906732901482,47.89671997856202,-0.02234735045280445
28.774750406290188,-7.328133199382307,47.260511542835985,47.25774228194416,-0.0027692608918243877
26.767630239144104,26.501529486457102,47.49659662195993,47.55619488106584,0.05959825910591121
17.26056324773934,-31.077363561168987,47.38862853607222,47.430318438907996,0.04168990283577756
25.247607310236475,8.949569689467062,47.23318455882328,47.24342349553969,0.010238936716405078
9.523104915263737,0.4639968166133741,47.871551364245335,47.76184798953034,-0.10970337471499647
-26.631225163473545,14.225882624959247,55.238197603183416,55.29920935972398,0.0610117565405659
15.950185512694311,25.64685000593346,47.85001138891882,47.84640133402538,-0.0036100548934427934
6.3333689840335765,-19.612055903932102,47.475676285312574,47.53074089292139,0.05506460760881993
-31.406774006099212,-29.887962404736506,54.84108674260258,54.878548961572385,0.03746221896980728
-3.5356868378758364,10.272632169187759,51.376554708189246,51.43929841987327,0.06274371168402126
30.240278633383596,-11.570220640924404,47.373977395069645,47.25395632589569,-0.12002106917395139
-14.037258828984896,16.41658216406612,55.66236142680944,55.652175480682864,-0.010185946126576084
-21.281632293120502,-5.699298145460972,55.272069780388286,55.139652746512596,-0.13241703387569004
-15.346608919594082,-19.76969734546328,54.74307243410726,54.720141796041055,-0.022930638066206654
-20.248711387055046,-24.337254277048274,54.823412185847005,54.891401474349294,0.06798928850228947
-20.962137914517463,-0.8368605579296045,55.168217382231326,55.198245834521096,0.030028452289769803
-17.50632457319073,26.417795708865874,56.745117570079415,56.75043301781977,0.005315447740358081
-9.1738742014224,-0.7844099179156032,55.02988576241645,55.03497152578221,0.00508576336576283
1.6814290274926336,28.552718603938708,47.63492199496895,47.719057387541376,0.08413539257242775
-21.090776461590195,-13.83435922691573,55.03240685733596,54.99624346864309,-0.03616338869287006
16.08618468420338,10.948758181058082,47.72312052608898,47.74232705926697,0.019206533177992924
23.64190154749395,-16.83363664565462,46.91230176146715,46.98735080800491,0.07504904653776379
19.90966456632043,20.627253639597058,47.42111054323065,47.42133984285508,0.0002292996244364076
-8.17659075644847,9.918575765617028,55.36085965093733,55.370040990090594,0.009181339153265355
-7.175172954014478,-19.806848241639436,54.53728837379424,54.520232820126914,-0.01705555366732625
-25.057191109001614,7.084602174251025,55.2437456992025,55.23697724031108,-0.006768458891421858
-30.46148324454537,5.787993700599664,55.200142423928135,55.28574590649411,0.08560348256597194
-23.08511321943309,21.15071298641869,56.02680679222731,56.064086261789356,0.0372794695620442
-24.37445751958203,22.466635781880022,56.07280646952954,56.0561399897886,-0.016666479740941043
-18.628401468022922,12.018442409435934,55.343856473781535,55.41132925903573,0.06747278525419631
23.608488153376335,-9.023610079434746,46.99009842019001,47.049964700642526,0.05986628045251763
-17.36367604158462,9.882604966383099,55.587139840385575,55.408192849405836,-0.17894699097973898
5.225226522079836,-11.757459432670565,47.453428924435485,47.502871948037175,0.04944302360168962
28.083955749804225,-29.57899426384504,47.09210090014744,47.0987568518167,0.006655951669259252
-28.10637546203595,-2.7576155622711767,55.19444275828316,55.25167286012581,0.05723010184264865
-28.183403776287086,-15.479859645848151,55.12738548148201,55.08768385194713,-0.03970162953487488
-11.171398943307125,5.500844399688063,55.302976427749826,55.28609185214684,-0.01688457560298673
6.205671914926683,-26.006668259894504,47.42435123825281,47.551294385619855,0.1269431473670437
5.384964439905609,11.294471366370168,47.603385171937944,47.653251448851755,0.049866276913810736
-6.822145299464744,-18.087789898059093,54.61337355150616,54.52670277493175,-0.08667077657440814
-10.576078576230628,5.9548130737694365,55.30502075549424,55.29213421552929,-0.012886539964952703
-14.914615272579802,-10.041601981118909,54.918414248915475,54.91964471150885,0.0012304625933765578
19.729258135365264,24.445683805950246,47.447785756450386,47.435846694098366,-0.011939062352020358
8.690921063756946,-10.352822930293215,47.72872102192649,47.63969656187642,-0.08902446005006937
29.683259267273648,-5.646440563788325,47.396408077346706,47.34302572501664,-0.05338235233006827
-25.056836476070828,14.086607595694097,55.23420116174608,55.2711477533281,0.03694659158202285
-21.893546080378428,-25.675629622998827,54.84842227612427,54.908475297205385,0.06005302108111721
-30.484235434245214,-2.722355736278324,55.22883635612273,55.25553688258065,0.026700526457922535
14.813647985206124,-29.441018480349733,47.80965684219316,47.76913538288169,-0.04052145931146356
-2.7573143467973438,-4.859907950462635,52.07909856253217,52.222534121519416,0.14343555898724958
-12.003977436450327,-24.164156810190455,54.387579742033324,54.38956088004683,0.0019811380135053014
-20.48650419898138,-9.485621998054533,55.09949035157354,55.027998200597644,-0.07149215097589945
12.024471904148157,-26.45631164288767,47.90942154366737,47.89773761290148,-0.011683930765890693
11.322934362288287,31.0090934888365,48.08955611020759,47.93558269413268,-0.153973416074912
2.152746430324875,-15.993750067334105,47.38497744954174,47.3831169521802,-0.0018604973615410358
8.069464599526746,-14.75404778833633,47.62066155077052,47.61168315482807,-0.008978395942449424
-19.10757881260477,-10.811231467848536,55.01079642475401,54.987200921734946,-0.023595503019066655
27.088060437252274,-18.727753227728606,47.10680649486838,47.08280625005159,-0.024000244816789973
-3.979576601562556,11.439882875760041,51.84385700410646,51.96757862537176,0.12372162126529673
-2.6218075481635665,20.470425612776303,48.28602870806968,48.40779898214515,0.12177027407547314
27.898850277044673,6.927503366522728,47.3371569516495,47.32936736609295,-0.007789585556544409
3.7071034946752306,30.361814466948942,47.66409835192093,47.799803527191344,0.1357051752704166
-6.4202011899866775,13.962002690911135,55.128046336149666,55.01354217990772,-0.11450415624194221
6.886135101747563,-0.08333053862786244,47.60131362213332,47.60951554394789,0.008201921814574575
-19.2529078845061,-19.40184058864977,54.883120660386055,54.91715978282817,0.03403912244211682
-11.168514288283696,-16.426979737924697,54.659421360521655,54.702945155778494,0.04352379525683858
-25.81231456648326,20.712564038145054,55.964372120642174,55.97549034086276,0.01111822022058817
-27.70513295174662,-5.819063390745612,55.243641413966124,55.25102084104659,0.007379427080465462
-27.987599023272452,-7.568166750754301,55.21651185970135,55.19952572952192,-0.01698613017942563
22.23470600623814,-31.615379981505875,46.82589485909468,46.96450808511276,0.13861322601808013
-12.711384798492169,17.595928187384665,55.71457734086798,55.665528554762744,-0.04904878610523866
-9.33123760875533,-24.69325711031864,54.31267890610576,54.31442342506635,0.001744518960592245
18.874627185467816,9.461258177160282,47.50857403055977,47.49145741287622,-0.01711661768354844
-19.60394471974103,23.208381855249748,56.22256007800241,56.306420672054266,0.0838605940518562
-3.2741887577900997,-6.451183289612246,53.045762573015836,53.039411915156066,-0.006350657859769626
12.242847372360956,20.8697194591995,48.13580252578626,48.131808994483,-0.003993531303258635
30.239774515564186,-14.094703926426774,47.35514919781589,47.20815267707153,-0.14699652074435932
17.360966360978864,28.202672578977776,47.726875676894636,47.7123167306818,-0.014558946212837043
-23.312403313582152,-2.6301461108789397,55.1859625570896,55.22624378425574,0.040281227166140354
-31.73005218207507,15.601753508639106,55.37808148346947,55.39870221664447,0.020620733175000794
22.55548396919955,6.452852252260207,47.106322048192844,47.238511225493575,0.13218917730073088
2.0295586227772304,26.758467725014633,47.63488493982881,47.71367682099844,0.07879188116962865
29.65867651918034,-29.9057983113805,47.15969467968735,47.17643044864507,0.016735768957722996
-4.980767586004575,25.076114756857486,49.66543614118008,49.66577744026086,0.0003412990807802885
20.979327724842037,-19.277797259307256,47.09042051130002,47.24095576269818,0.1505352513981606
20.75233231919264,2.683686924625441,47.283875239363965,47.37595123558485,0.0920759962208848
20.373232484903333,-21.09678679784917,47.097811807394415,47.189031928060764,0.09122012066634966
15.376473170292172,-0.07084744140455967,47.870769156647526,47.84740482777153,-0.023364328875999263
-14.43081934518245,-27.387001693661773,54.43295740204661,54.398201494674254,-0.03475590737235734
-8.657000450218419,-22.032201473310003,54.4014016171273,54.40838344690078,0.006981829773479831
23.527266311095758,-23.629403111172287,46.90520308096609,46.96670726368955,0.06150418272346059
0.10065063229473026,2.9715784409093686,47.54450310038614,47.594584231423816,0.05008113103767897
-3.6144316776152934,25.56621283774472,48.32198035661206,48.34238520751251,0.02040485090044797
-6.698408681119659,15.26349918581063,55.13989442915134,55.11785205196326,-0.022042377188078888
29.429188300314244,-31.776088844300155,47.175351310500616,47.17788850761429,0.0025371971136749494
8.802627909912289,20.142621421952512,47.94417955046626,47.92185827835375,-0.022321272112506563
-29.751360368070337,-22.023888055442896,55.0597589554514,55.03324236050369,-0.026516594947707972
10.067065712986874,-13.952319737885553,47.82000687440475,47.64985820900254,-0.17014866540220908
-23.55363249720063,-13.539048489150254,55.06442796874251,55.033129850977154,-0.03129811776535263
1.7994417001897318,-13.653475390466284,47.36506762091405,47.36699123500321,0.0019236140891649711
19.387751421222838,6.823001699280724,47.42591980396837,47.452376703109195,0.026456899140825385
25.400128192137466,-31.707544193646484,46.96537921390652,46.99201491784209,0.026635703935568245
27.627637597940627,2.675185486975394,47.2764995500858,47.30146293943221,0.024963389346410736
-28.50525388032996,3.6358450190593032,55.22450330557554,55.24774913814813,0.023245832572591496
-28.653430793510346,25.32322976404253,55.92664525408628,55.95837304760601,0.03172779351972821
-3.059437335473639,-10.368113787714336,52.38301633408017,52.44311047657152,0.06009414249135148
-26.026696905647285,23.99681327219586,56.07321216909496,56.05603462605635,-0.017177543038606302
-23.50834341806882,3.4294576362631233,55.21809429647751,55.21012223939016,-0.007972057087350493
12.85267831494977,28.311165671620884,48.06808661911795,47.895834121893344,-0.1722524972246049
13.81536286497878,-31.015201168512355,47.86721895227218,47.801786532591805,-0.06543241968037705
-15.0685600949651,3.4390711847530184,55.27373659369507,55.27318045206636,-0.0005561416287065413
30.2286962339997,3.4796692315562936,47.526279958708884,47.49956033560329,-0.02671962310559195
-19.354943579854286,-3.3996590632740507,55.088880541716165,55.16015951926922,0.07127897755305668
-20.4546792956529,-7.201147542823982,55.21685161759386,55.07510319332052,-0.141748424273338
-25.75049218211877,-1.8868482467042824,55.17844527769648,55.23237072901799,0.05392545132150417
23.193800878408155,9.831264853217021,47.15390298932563,47.23935534877468,0.08545235944905016
-16.414605033127827,4.506943096387502,55.29950879372675,55.2919450006155,-0.007563793111252437
1.839339205943574,-16.497910211338905,47.384144542806226,47.37524512199179,-0.008899420814437065
-15.783990483529081,6.599257815438534,55.36998699074556,55.373676027498696,0.0036890367531370316
-18.09376342150572,19.7103860102764,55.817102263909746,55.76480388849843,-0.05229837541131843
31.10691434068682,7.298730774523712,47.540950577689244,47.64287539127575,0.10192481358650696
3.705772978816114,0.30041753162666396,47.50599586825867,47.49489931531773,-0.011096552940941251
-16.96551261052933,-1.398757155938803,55.138332838052314,55.16051152414829,0.02217868609597673
16.64752761275406,-16.106670968761748,47.625539327864665,47.65981068143342,0.0342713535687551
28.631703085556566,20.79559685727299,47.52735352999196,47.51982938981668,-0.007524140175284799
-16.716378844151095,-31.727564812730286,54.49793347026355,54.376280368965865,-0.12165310129768159
2.321302985268389,22.461812889571412,47.60387844375369,47.671540111966486,0.06766166821279285
21.538718723513682,-3.777278255308957,47.13609427962084,47.29529425332008,0.15919997369923777
19.006498606317557,-19.50934315556573,47.327243734680614,47.431233057431214,0.10398932275059991
-12.244177835461663,19.64718352805499,55.74233100829693,55.745003203567364,0.0026721952704349405
30.43250187651072,-0.6668998869999996,47.50263263878289,47.495389064274526,-0.007243574508365214
21.912105780178855,11.545698602676794,47.158481682474736,47.32700530731349,0.16852362483875538
-8.140066205184596,30.622514951326494,52.08537982186124,52.091967765382655,0.006587943521417117
-6.877352758396839,-6.733166842208618,54.76870169123944,54.83456608394773,0.06586439270828492
30.59679901151955,4.066162065418773,47.55855328625645,47.54321915783256,-0.015334128423887705
-4.11140621014556,16.831025892310414,51.571783306619224,51.54937948818664,-0.02240381843258632
10.441649071377135,15.411153241054663,47.93653541913196,47.803048667313625,-0.13348675181833158
-3.2984598648917256,29.61542713244973,48.438193240573554,48.446505775599874,0.008312535026320234
22.61278177066044,21.536407005982696,47.277259689011814,47.33759443974603,0.06033475073421357
10.220635848550408,27.71643323602094,48.12308199920509,47.94934804518753,-0.17373395401756397
25.84116160041907,-5.455648287591501,47.11011074900492,47.16728176733364,0.05717101832872373
10.881281870373158,-18.036694246951136,47.8132433115167,47.77492640456662,-0.0383169069500795
20.397259597695488,-7.953086639597139,47.285144008287716,47.36173983733592,0.07659582904820184
21.805847721970608,24.7352445525092,47.28544684257962,47.38552098467434,0.10007414209472643
-25.475848072490564,26.11869919958695,56.09662858306405,56.105319888977,0.0086913059129472
20.017039578933584,28.06379760389946,47.37520595300051,47.5968132843764,0.2216073313758926
-4.5345592910383345,20.332075619039664,50.840322663868314,50.788667026669984,-0.051655637198329885
-31.75379997755322,-17.30201114736952,55.11697393674682,55.105900146712024,-0.011073790034792808
16.598845406429966,17.98059222019407,47.77304208096895,47.809999239184485,0.03695715821553591
28.454613734030858,-16.14208482330779,47.14983888456793,47.144221609894856,-0.005617274673070938
19.408316133342822,14.365027211770645,47.47115892181674,47.54033193686935,0.06917301505261264
-0.7896779695898744,-22.796850790689355,50.08994978596675,49.94243370556087,-0.14751608040587882
-20.722879066992725,10.135985637633034,55.300905146547564,55.252920431686896,-0.04798471486066802
20.550221650621374,-14.08078492432061,47.20993838853056,47.30067002705667,0.09073163852610833
27.988068724272487,8.292051794788932,47.34897718930098,47.347427260456506,-0.0015499288444758008
14.347027879457038,15.268240274361865,47.94079169729968,47.79062380714434,-0.1501678901553376
-24.70201962401979,-11.967873237662786,55.043791771341326,55.07087257049783,0.02708079915650785
28.29291659187394,-7.6792510846093975,47.22263019098645,47.22704507171756,0.004414880731111737
16.514556251352268,-3.178991115358251,47.75637195792716,47.759305509111044,0.002933551183886607
-3.0458627862637897,9.716128318150119,50.83022475932066,50.79843074123425,-0.03179401808640847
-0.5416353621786314,-30.22488860775774,47.804915176106434,47.80017720524755,-0.0047379708588835
11.361904944047858,-8.54214296542954,47.87541629347403,47.87194833905805,-0.003467954415981467
26.680920994974024,11.061526330316632,47.309272003567685,47.339261938613,0.029989935045314553
2.6373141231239217,-6.074644147414993,47.43725441268525,47.44699357917982,0.009739166494568963
-12.085589425391873,-3.9290396588117105,55.00061322618981,54.99947116795334,-0.001142058236474952
-21.446239568381912,-8.011359659084832,55.16461890809806,55.0665086183134,-0.09811028978466396
-9.802080898243162,-7.43954868899646,54.84962363704676,54.88101899105113,0.03139535400436699
-15.269996584400012,-19.982278517467996,54.72377648756247,54.70847043603254,-0.015306051529925924
-7.598504358885606,-28.27523592188149,54.185245101313896,54.210514810588705,0.025269709274809316
-21.668496714770924,-8.568928239374088,55.13523626593363,55.0622179722041,-0.0730182937295254
-14.184139922903505,12.091204824353937,55.52658091827333,55.52806524258587,0.0014843243125355343
-18.182384448838775,26.040116679525653,56.576460633606494,56.58613156515799,0.00967093155149712
-31.24859637382643,21.847324131494098,55.95948430449539,55.96689297606789,0.007408671572498804
10.849254248577694,20.70800171940887,48.09047117038176,48.07957959254853,-0.010891577833234578
31.138734437180204,-16.990809733924927,47.25441526675056,47.259515257684235,0.005099990933672416
-14.142419202314997,-29.257345992787727,54.32820141010839,54.33604925308455,0.0078478429761617
2.9726301751849533,-20.25545306086847,47.40456117412227,47.37506785351303,-0.029493320609240925
-19.38225131490362,-6.308649333153106,55.09919817710399,55.08511630202281,-0.01408187508118175
-9.628731044208905,-5.827166282611323,54.87979463182761,54.91190538759267,0.03211075576506062
1.0152676338773006,-22.472976567977582,47.306824465950115,47.43979279394526,0.1329683279951439
-31.146995945712185,-28.7216547468638,54.85377084643295,54.901587578236175,0.04781673180322343
-10.804589008417189,-6.9454640930417995,54.90313339619901,54.90861014060914,0.005476744410131573
-26.0024092773807,3.5537808496488665,55.24065988106331,55.227649432095205,-0.013010448968103105
-14.757731985236596,-3.39504044764287,55.04181919050565,55.064125856080786,0.02230666557513672
-4.072785030487466,11.144266281314046,51.96848631159919,52.15068810700436,0.18220179540517023
14.967518012969087,7.880069246394669,47.88272355609952,47.745270991124364,-0.13745256497515612
25.71499142620182,-21.238535596727566,47.00690476188447,47.02286420894098,0.015959447056509646
24.878377167691603,-0.8080317407111224,47.1373185545106,47.159235883140774,0.021917328630173927
0.011821712956098906,11.264644449638212,47.52726466984337,47.568407231445285,0.04114256160191587
18.045797187522922,-31.060056160737396,47.25758992030821,47.31750436258564,0.059914442277424484
10.539193091489864,-0.2997260643745463,47.88519029595075,47.82637388261263,-0.058816413338121265
-6.544016526600686,-14.291936361390512,54.58698998448679,54.57334925699354,-0.013640727493253735
-0.27583169042009814,-29.593440299937733,47.57724019360509,47.579335800370885,0.002095606765792013
28.369167411810587,-28.008882476823644,47.09690478925937,47.11402830312654,0.017123513867169038
-15.506937405222715,18.847844835159762,55.74536653357527,55.753163100092884,0.007796566517612291
-7.261431093941319,16.210859928267105,55.557231554346046,55.55362592216161,-0.0036056321844384343
-12.259377995531864,25.998448293600013,55.768092139939554,55.757176377305015,-0.010915762634539306
-30.529424581957706,30.6527405595509,55.82310046342444,55.82496362143513,0.0018631580106927004
-23.491121137722878,30.19236093841625,56.01138910888892,56.02931884298889,0.01792973409997245
-18.153574488688164,-7.9639092338930055,54.99225813054111,55.00822453288901,0.01596640234789959
-25.522326060846353,8.606137351949357,55.23996979894645,55.24786747015092,0.007897671204474932
31.389571442276072,13.959429340411752,47.758392824549915,47.83388789697162,0.0754950724217025
16.249619396623054,-25.66051971030506,47.706587342545724,47.69653572375869,-0.010051618787031202
17.20141651657967,-19.675643836391252,47.57198542010575,47.6053996633309,0.03341424322515252
22.596447266092653,21.975297768440335,47.2829618992462,47.3552929971593,0.0723310979131
-2.4520438578731785,-7.221165125843697,51.83226601797939,51.787342130560596,-0.04492388741879694
24.115221926454623,-9.050607906321723,47.020646942483395,47.02188873893643,0.001241796453037125
-12.16754571406777,-5.714890326748581,54.96047127608159,54.95904483583328,-0.0014264402483092908
28.335177780817908,-16.795507744750118,47.15275141434073,47.13813558851284,-0.014615825827888784
-21.11478952009265,11.028987402132039,55.25880826339305,55.26087026547737,0.0020620020843225007
25.91426847727719,24.640854229145894,47.41225649216379,47.473278235491,0.061021743327209776
-1.313272755530292,24.563117457288413,47.650512401187534,47.640725683088824,-0.009786718098709457
-15.84565817586499,22.498083899688453,56.50844880739445,56.51752973271052,0.009080925316069965
-11.610090787757208,29.84288998273636,55.214366341619815,55.214234788306726,-0.00013155331308922769
9.730878981433776,11.154418201753998,47.91791900314482,47.76827396181176,-0.14964504133305923
6.927222649609618,-11.173209352243312,47.512958242567855,47.57163618869257,0.05867794612471755
8.765589081357128,-26.472470835096935,47.67486871405603,47.64436229827308,-0.03050641578295199
-31.235156999585264,15.262430561230097,55.342683649745865,55.3871290535944,0.04444540384853468
-18.27516868152079,-26.551170372982035,54.675642582588466,54.67434506370527,-0.0012975188831987339
-28.182268065619056,-15.084981830274216,55.13133246176164,55.08771226877103,-0.04362019299060904
9.530286083653941,-8.638069563097147,47.8017428953459,47.75395361794768,-0.04778927739822336
-24.63577967749054,-30.323798331185756,54.894508521371755,54.912455065651386,0.017946544279631382
-22.615133798264736,-26.307299488427567,54.8105246982127,54.915575970945895,0.10505127273319204
19.805787533121936,-28.949286283239694,47.099712209994884,47.11079114834959,0.01107893835470719
13.56303430242756,10.758314675431038,47.941683580454864,47.75510716178726,-0.186576418667606
29.938347437916235,-24.53111254107528,47.18145770500182,47.209149239284976,0.027691534283157182
7.981378587942935,-27.043114439922462,47.59803209608221,47.588157328271144,-0.009874767811062668
1.0305755750209755,30.938344150622115,47.66098366159406,47.68260495040906,0.021621288814998252
11.422170887100414,10.328396020262772,47.93058612130037,47.75681803795955,-0.17376808334082483
18.98687961986201,-11.450825648231643,47.38773700743973,47.493988336017075,0.10625132857734343
-14.901474060710584,-2.8745959109509656,55.058344539248985,55.080388513468776,0.022043974219791096
-30.601916218927137,-22.80605220318153,55.034562246717144,55.01322661281418,-0.021335633902964446
-23.540317731991195,-27.64818952121209,54.85882121744296,54.92003390199924,0.06121268455628126
24.893936497137837,-28.29593457628517,46.92613469526283,46.946798118218474,0.02066342295564283
22.07456512262933,-24.489919345242967,46.85702958463747,47.04742627072518,0.1903966860877091
-31.63113825198524,-6.085723040732866,55.27888399353034,55.257400599659476,-0.021483393870866507
-30.557232427150474,-26.14954838775835,54.915704946390335,54.95250942304015,0.03680447664981301
28.806341230636676,25.94582323651,47.64933200640424,47.65002420363318,0.0006921972289433143
-29.863539054967397,23.439266421842902,55.97263980010616,55.95182831114975,-0.020811488956411495
22.407833375519857,-17.977738676056013,46.92483688821529,47.10487649207631,0.1800396038610188
-0.0627080540236733,6.660326763699061,47.59629152016854,47.60808417093363,0.011792650765087842
-8.894673172800154,16.835628992547306,55.60673907668319,55.61244017642559,0.005701099742395854
17.384215365586655,20.67950824049123,47.69966838124473,47.68670887397446,-0.012959507270267068
6.452544918235006,14.394651352197883,47.67562738457984,47.73778291596326,0.062155531383417895
-18.631276753945308,-29.87064355612023,54.65585666849962,54.58064676389175,-0.07520990460786692
-27.22420388982747,18.18553027865441,55.67633239848682,55.58738334810705,-0.08894905037976741
-8.465915209786097,-14.5521581695524,54.63850362795909,54.63742164034356,-0.001081987615528135
-30.211407359823134,15.96573441916108,55.413109532058144,55.37627482689543,-0.036834705162711145
0.6755102435601259,14.118238243245209,47.52851583945033,47.550040919078775,0.02152507962844652
-24.79902043016746,22.780530060255508,56.091521888898086,56.05696068369144,-0.03456120520664285
14.834415165445904,-19.734479444693918,47.79328353975059,47.75710387220685,-0.0361796675437418
14.56337002191502,-17.250713043392423,47.78852575086128,47.76424748483992,-0.02427826602136207
10.329209888328052,18.52892106405087,47.978416563304684,47.98287432963016,0.0044577663254727895
27.63665794269582,20.650296802020797,47.461632272554624,47.461030144852955,-0.0006021277016685644
18.023571155123776,26.189909016462387,47.65079929952559,47.61018312188598,-0.04061617763960612
29.30201215601437,30.73646168354056,48.37883947214196,48.400140905067495,0.021301432925532993
-30.96887064635557,-18.920691282180563,55.12364911429718,55.08165750723731,-0.04199160705987026
-8.92668271394971,-18.142008338452037,54.56665652000083,54.556486324891566,-0.010170195109267866
18.144315071778188,-11.496931660817637,47.4653811925583,47.57551142753955,0.11013023498125563
5.629827869151782,-15.971963034633667,47.48838822357564,47.48656625648261,-0.0018219670930292864
7.365084414842848,-1.5555697604461827,47.63334936301751,47.62590898347812,-0.007440379539389141
18.290741948580973,-18.848833586790846,47.41159733359329,47.50137656453953,0.08977923094623463
30.289504172889927,-15.328547744613068,47.2929069444536,47.216833233092565,-0.07607371136103325
-12.265940976425455,1.2874437078137575,55.16973150603748,55.15619728825136,-0.013534217786116187
-0.5883035225061448,-12.871917028465319,48.54221614341144,48.68618810562999,0.1439719622185507
-28.03824287153423,29.10711793500146,55.854867564077225,55.876892463117045,0.02202489903982041
3.1101620853251575,15.882912828846528,47.57749544216926,47.64874239512159,0.07124695295232897
-13.677818649020928,8.38040137518982,55.422288352367126,55.41243782438782,-0.009850527979303081
-15.470475690167682,-25.930085793320586,54.560811942710956,54.505271324997615,-0.05554061771334062
24.744539532637,6.79154861052583,47.19268808414718,47.1962766005339,0.0035885163867206415
-3.9850887647728612,14.517520214718438,51.372107039997346,51.31511677284433,-0.05699026715301869
-22.12943854423878,-3.803706670563713,55.274399341770206,55.20965273508451,-0.06474660668569499
-25.660830269800805,27.73803472607112,55.979445296388846,55.99997107845904,0.02052578207019451
-11.482005247670685,0.32447504705140773,55.13062376586677,55.10841339662368,-0.02221036924309061
30.906812382189614,-8.802587388002621,47.413768621202216,47.32679580345119,-0.08697281775102539
0.6762894856673611,31.95884037697416,47.65710870626495,47.67041960309845,0.013310896833502284
9.047432343801134,-4.904190277545041,47.82029057290236,47.73637256228864,-0.08391801061371496
-10.144044487778935,22.906683279272528,55.15673987815536,55.12870376869943,-0.02803610945593249
-20.838858741835544,18.761274921525228,55.439721730402326,55.534230843236244,0.09450911283391861
-2.6603068153305145,12.390950174721759,49.68319593779699,49.64463449730387,-0.03856144049311894
-11.707767308848616,-28.78187687964843,54.313419341010906,54.316459552592654,0.0030402115817480535
11.387026317935423,6.754214789852298,47.94074982297397,47.92028575270195,-0.020464070272019796
18.89597116512607,-4.641437911387982,47.44358403543775,47.52755479724817,0.08397076181041996
-22.182408634476623,4.067498664407232,55.25075021567069,55.210003839162816,-0.04074637650787594
31.64195185823676,18.62630395408626,48.38536536531322,48.38086622007916,-0.004499145234056812
7.8335085975851015,-24.567133656675892,47.56656928712358,47.58512384972033,0.01855456259675492
-0.44379088550788026,16.637206471542335,47.5938272289806,47.62096029297211,0.02713306399150639
19.82173714846636,-14.463765849363185,47.26959840818161,47.35459818409663,0.08499977591502272
-29.064756963768616,-25.37905789929578,54.92889867109756,54.97664508383241,0.04774641273484548
-8.137579294926297,-23.047156971950386,54.30742588428378,54.333914765675196,0.026488881391415475
2.0152617520644043,1.5629578614344197,47.45727565094319,47.516939979051216,0.059664328108027576
-14.222183447939472,-2.2226569870789348,55.07636944260854,55.0844324038468,0.008062961238259447
-18.418501809180057,8.341846258540443,55.43821718157947,55.310522146184454,-0.12769503539501414
2.193983998582418,-28.16829560417522,47.34284099013871,47.460468965906365,0.11762797576765394
15.887244640979247,23.2494493212777,47.85120830940386,47.845854320858955,-0.005353988544904098
-20.73254018316669,24.980316282402484,56.27401721954198,56.29090560762491,0.016888388082925587
1.8160766769122532,-7.799315051931735,47.43871939468507,47.42682650130142,-0.011892893383652847
12.777648623981015,-8.558718812906008,47.94468087870716,47.877066449710604,-0.06761442899655634
-20.01357582606476,-19.91015787593632,54.88710606728108,54.926023695541694,0.03891762826061296
-0.9128632502345937,-25.078616157848167,48.82531744458201,48.909942484470704,0.0846250398886923
-13.292155479917689,-4.48090407380046,55.004492419433895,55.008047448199626,0.0035550287657315494
-7.200903430596135,22.862959823185953,52.27755381313044,52.27755461004165,7.969112090222552e-7
4.461939550915936,12.462454715820883,47.60387918605325,47.64053747575399,0.03665828970073903
18.09502824271332,-9.511300722492393,47.5016723414132,47.543462165006765,0.04178982359356809
17.01082912293046,5.803664056077125,47.63922171695238,47.72093670788656,0.08171499093418078
8.597208787785178,27.716507678832762,48.036192997137036,47.979786781477195,-0.05640621565984105
17.305682024118987,-5.531152161207807,47.599819090610126,47.66691882794506,0.06709973733493513
-19.81940108244497,10.736832095295327,55.34609551039937,55.314877166378146,-0.031218344021226585
10.748598538812097,-6.152761998432474,47.87518119003681,47.85865682268313,-0.016524367353682123
-26.71327739926666,25.165929970458187,56.033440402846,56.03804250177368,0.00460209892768404
-2.372642976715916,10.266141848619242,49.57515772056655,49.59311440186432,0.017956681297768284
10.686216133838087,25.186376428172146,48.10752802674389,47.892837219665736,-0.21469080707815635
23.709504690668822,-23.54518657883483,46.91280958271067,46.95818071678706,0.04537113407639026
-3.497187928209037,-31.034222247930813,52.63460499322596,52.593464044171924,-0.04114094905403931
5.182522167544732,-11.61345012220277,47.45181928157301,47.50011973152569,0.04830044995268423
-5.898536050921059,-14.29294084180276,54.55558595861952,54.540116546629726,-0.015469411989791126
-28.71767307030327,-26.84829917535626,54.8856050218268,54.9521742468252,0.06656922499840334
-5.343045600758387,-26.955775088895813,54.06603677626538,54.057079018735756,-0.008957757529621801
17.424797314713892,30.262257553510473,47.67655416046695,47.684557928086946,0.008003767619996438
13.176536919123556,29.906947601549888,48.04643268213143,47.90669087059308,-0.1397418115383502
-13.140337308334196,-3.8524491541043204,55.02376877263698,55.02150273085164,-0.002266041785340178
30.95669754908485,-18.374314556520012,47.24753335216601,47.25385850421455,0.006325152048539451
-4.873371302507657,-14.347499579357589,54.47386946892668,54.346676310339795,-0.12719315858688418
-22.898549542661662,23.39307947433025,56.11308956950986,56.12529760747174,0.012208037961876528
-24.05038414592815,-17.04758185098001,55.01393753944613,55.02145086459154,0.007513325145410477
3.1666414311957425,-14.17935452286028,47.422394922993455,47.40125107363983,-0.021143849353627786
12.542904141934827,-31.665925115697036,47.897615145226354,47.85782962993312,-0.039785515293232265
-15.478428236909338,12.6719488614579,55.55934142362641,55.55481825744324,-0.00452316618316928
14.574345650274033,11.437535668236478,47.83512930018037,47.75788811747694,-0.07724118270343183
-17.975760005276072,-19.337277110274613,54.850263720739136,54.89537462537743,0.04511090463829248
-7.425840201861732,-13.990967847026475,54.63079691338007,54.617903879924654,-0.012893033455412706
8.502237004414923,8.651702950493714,47.82437690218999,47.74944680830578,-0.07493009388421257
-22.016672394188184,6.08672137337031,55.22892292161005,55.2192015234597,-0.009721398150347227
-13.00167645679958,24.141850537606146,55.91343951898687,55.9241000232228,0.010660504235929125
-23.65953094967724,-31.298582027602976,54.884417193334315,54.890179198877824,0.005762005543509474
22.394277653033576,25.20158790730291,47.315860934407155,47.37043240213,0.0545714677228446
9.344023662796673,-18.92769235658602,47.74619027001602,47.687608609249374,-0.058581660766648724
-30.58002179232792,-29.659443315620948,54.847505142327556,54.8883000123917,0.04079487006414695
27.676247506106,13.034959125344464,47.34655265628325,47.414367330496646,0.06781467421339471
23.693529250867314,29.96051222858523,47.422468286280406,47.42986425709648,0.007395970816077124
26.70058527546602,13.79361915838411,47.32903598443049,47.38437683005784,0.055340845627348756
12.975188081099489,-27.380702796244385,47.97713094357918,47.898981673497396,-0.07814927008178785
-20.285314920770617,-21.13911675904653,54.87637186937437,54.92002573947183,0.04365387009746513
24.29396097021406,6.4658837301409875,47.176032482527276,47.175473037512276,-0.0005594450149999375
7.172548393497635,-1.5185134927791992,47.61305028697841,47.617312514909585,0.004262227931178586
-0.1680688690240828,-11.91797892523411,48.15717160243013,48.15041546636715,-0.006756136062982421
1.8062667011139482,4.0741038428813425,47.48499113770863,47.57973783277044,0.09474669506180788
-11.597626623855959,-30.274937560989066,54.269526504092205,54.29266546225245,0.023138958160245693
4.675062708908669,-21.41224825209477,47.427893832382736,47.436868279254575,0.008974446871839348
2.9954605776163135,31.188502736522338,47.67042935809825,47.77435669477992,0.10392733668167153
6.682959556035399,15.878763535983438,47.69805472162713,47.76881261804243,0.0707578964153015
-26.480382258973698,28.530614767670585,55.911375029596016,55.94646125872765,0.03508622913163606
-13.11108729332279,27.999126295041066,56.0980497949484,56.09804687811113,-0.000002916837274824502
-27.438568274029876,-1.5855894739071275,55.187695281908375,55.24189859358183,0.05420331167345438
-0.8563268844098602,-30.789213004414478,48.291846407498355,48.34879194760537,0.0569455401070158
1.4582057030401216,-11.185708363711,47.41082158844256,47.40877950197783,-0.002042086464726367
15.55569355285514,-26.5602762368556,47.79146298035328,47.76210628068729,-0.029356699665989083
11.804565609927089,2.63649007979442,48.0176942709758,47.94186202186254,-0.0758322491132617
-2.8346799073480256,17.108686303679626,49.223442973867506,49.355506441525826,0.13206346765831967
16.961378285269383,1.3367156290482995,47.658613630821364,47.73151115861665,0.07289752779528413
0.31648938477093225,8.056869499328755,47.55514212566498,47.581435321838605,0.026293196173625688
31.17404562373688,4.415435292712175,47.604372809512675,47.60148676769652,-0.002886041816154261
7.010285863204736,-1.414282709776984,47.597091204294514,47.61112315628795,0.014031951993437985
2.768576466006621,18.826875758090132,47.60189559567736,47.670110114701,0.06821451902363407
-26.902855777678518,21.01312369997777,55.992611014996235,56.01376584989907,0.02115483490283765
-5.974107195355131,13.707626498553878,54.88791149495993,54.683875342732065,-0.20403615222786442
-23.494454248263132,-28.36145421552412,54.87050852354351,54.91299022495877,0.0424817014152552
-10.65480440221566,-16.038728272744386,54.66605935101208,54.70251652173759,0.036457170725512356
8.08195870104899,15.951203594981948,47.82027343486037,47.814355698842455,-0.005917736017913455
-7.6012761096591674,29.822500042549848,51.510056616385434,51.51948940035511,0.009432783969678837
7.44892745116443,-6.76822159757576,47.597721865257945,47.635713839502,0.03799197424405776
23.521023053906987,-18.579138714156798,46.9273607885166,46.996412439345,0.06905165082839915
8.606209642653262,7.828814080339718,47.83043294188164,47.768734399043254,-0.061698542838385606
2.155082023559025,-14.943566528927803,47.38455794907186,47.38554949997292,0.0009915509010554047
19.86197654373838,-12.781045598630627,47.292386442324585,47.364654474213786,0.07226803188920172
30.872091169332784,-0.020169582460809465,47.53346550892786,47.52882666994085,-0.004638838987013116
7.563386121660166,29.59296735309165,47.91883914647812,47.96774365838733,0.04890451190920686
-17.99898700288381,-15.22716553149776,54.96052325464068,54.944872524041,-0.015650730599674034
10.532118749944232,-25.430634957448447,47.7714144909221,47.74761663049595,-0.023797860426149953
-6.477082819589725,-27.137442935411265,54.142225043153076,54.13785725096167,-0.004367792191402486
11.208370685400489,-16.263952299960827,47.804489262665996,47.67361731497752,-0.1308719476884761
-2.0298578873049564,-3.324021382837074,50.76370883138994,50.662438271335475,-0.10127056005446633
-21.406181545986435,8.853319806927097,55.27955448396299,55.23089295025463,-0.048661533708362015
23.32669010803506,-0.733981184293981,47.066068993403405,47.16753926507269,0.10147027166928524
-29.225621187993013,-1.5916128009760655,55.20499468519528,55.25349163443049,0.048496949235207865
-11.906542034427126,21.771589913425757,55.83363774285415,55.833155919109544,-0.0004818237446073681
-2.1649810205220703,-19.201077278172427,52.10230519544004,52.06209412478067,-0.040211070659367465
18.473326307825182,5.397113871154957,47.502957468545546,47.55948063355247,0.05652316500692223
-19.302983215159536,-10.387330276623196,55.027675858672744,54.99178228737689,-0.035893571295851245
11.60210603046675,19.934412561771715,48.11208901699648,48.111217378911064,-0.0008716380854139061
-15.032812347765876,-19.371330288908638,54.753434252141936,54.717944567543526,-0.035489684598410065
-6.542348104759654,-15.354502784596747,54.564048316838836,54.55523848110884,-0.008809835729998383
-26.91719744122397,-13.652926576426928,55.01974526912364,55.08117886846375,0.06143359934011272
14.109117079654695,-14.896317468235694,47.841013277795696,47.66207479644764,-0.17893848134805523
-15.799164761591868,-16.871222405773857,54.86035750743856,54.84812149037128,-0.012236017067280613
13.34114804791708,27.96350263564026,48.05143038329098,47.88910895565207,-0.16232142763890778
14.425683534414738,25.19931832398506,47.95924855445311,47.859160382278624,-0.10008817217448751
-21.346577596297443,-6.9002821004092425,55.230361607774874,55.10119740961939,-0.12916419815548608
-4.81878379814485,-0.03182777771817058,54.08261782284991,54.08289430216402,0.00027647931410967885
24.25823672043466,-11.046147568788577,47.02709614652443,47.02756653685727,0.0004703903328433512
-6.335033224232987,24.135111769318712,51.12740653293745,51.12740631997288,-2.1296457219932563e-7
16.163532903381544,20.77098218445441,47.817236597826614,47.81564307284137,-0.0015935249852461197
-29.25024305645573,17.934252579581717,55.65005363787431,55.56400796319815,-0.08604567467615709
19.39982420357402,31.190097237860286,47.43065098764213,47.433801737785295,0.00315075014316335
16.53505602822937,1.3027414319224135,47.7292510715162,47.77524880526656,0.04599773375035454
-13.610204039977042,5.56036267054413,55.34031288445852,55.32682615190189,-0.013486732556629022
27.45211578666607,-19.845099871112033,47.092793235009594,47.100916562807754,0.008123327798159607
28.617657924295315,-7.000353434801461,47.25337936276385,47.25961965734924,0.006240294585388995
20.63606637613848,6.66644220605567,47.33615741517938,47.341082262647696,0.004924847468316784
18.25562406499637,20.767396806829545,47.60404649478245,47.595728650083004,-0.008317844699448074
14.105853544975218,-31.267092153269175,47.8511512918721,47.75535500071254,-0.09579629115955868
-25.76404254900413,7.548139044894555,55.23058218776274,55.24474549553666,0.014163307773920053
6.506514865550528,-30.515502098498594,47.432572486286084,47.540925916325314,0.10835343003923015
-16.227444466114143,-26.350110014236073,54.58172153134397,54.53439049236535,-0.04733103897862634
-8.092465572886233,-27.134634455604335,54.210732021885576,54.26357724567192,0.05284522378634193
14.572019386455366,26.39817783312219,47.954942658867346,47.87227805738869,-0.08266460147865473
12.990951451120168,1.2479406526290546,47.93804253282818,47.9135686854682,-0.02447384735997815
-27.701745222115427,9.497601502642517,55.25768072948316,55.27337608276932,0.01569535328615501
-1.2715746578781548,-7.106434812430287,50.21479794914002,50.277088360446534,0.06229041130651325
29.642808145011415,13.269447193555628,47.41345873395359,47.443023267861626,0.029564533908036594
19.286425796541643,21.571590731081237,47.48782717521924,47.46941964721139,-0.01840752800784884
30.46560057590124,23.170307144088248,48.11757663233845,48.09659796566134,-0.02097866667710946
11.69864950283641,-3.8685232989100413,47.926581250320005,47.92974049598189,0.0031592456618838582
-10.878167277021376,23.43328938895499,55.69761138747323,55.690499857470535,-0.007111530002696043
9.380336740420674,23.282852134306623,48.03368730760894,47.9733248430942,-0.06036246451474625
22.359443171873103,-23.036223250300267,46.86644552804074,47.022480086878694,0.15603455883795192
-9.87674676457894,4.735582331997421,55.261145329728365,55.23685533777596,-0.024289991952407775
27.004967150026282,23.954770454624246,47.45277390048713,47.496027676397155,0.04325377591002422
-20.03453102255849,13.571565282737822,55.259278490046505,55.39001687237856,0.13073838233205493
8.392471718906727,30.25901461264845,48.0216236140647,47.98803858349706,-0.03358503056764306
6.851330591875417,-24.36381133368453,47.45044665224965,47.56580638417984,0.11535973193018378
27.622166978741966,-9.425716400150236,47.18133522537023,47.175445906571355,-0.005889318798878662
3.7475290453799914,1.8741698708295615,47.51378207096871,47.50703650639426,-0.006745564574451635
15.370524686943824,30.548853001467023,47.921591092124615,47.862359309298036,-0.05923178282657915
7.950733063433567,2.6273460542032794,47.66834690215676,47.69703485648871,0.02868795433195004
-4.9375622911457455,18.0860740780125,53.186019757995076,53.091518816563394,-0.09450094143168286
-1.5132132213808944,10.396153455999674,48.333631667215336,48.3671923461868,0.033560678971461755
-13.194815994747465,19.288958678249195,55.736096114775734,55.74195783109643,0.005861716320694654
11.829513687100707,-11.765393483704585,47.87108140189887,47.703995614898666,-0.16708578700020382
-10.063165567928266,-25.79334668698619,54.323311931336065,54.32666783491714,0.00335590358107396
-10.827282947685553,-0.3456362548510228,55.09477252239955,55.075972454576096,-0.01880006782345589
-19.980965263498817,-1.5076098274635612,55.146379582651335,55.20429991534411,0.05792033269277397
-27.87847070580387,-27.184182356547417,54.884789139216046,54.95170899472883,0.06691985551278634
20.104470718455538,8.516864001535552,47.380855363210976,47.385881358168895,0.005025994957918556
29.106864812936607,-16.811252741139334,47.18968168334125,47.17110159164133,-0.018580091699917034
-9.789544250736434,-1.6120344650260563,55.016734363523256,55.02298607659967,0.006251713076416365
-18.353594887003588,-20.034682855068432,54.84260986145834,54.895884435540715,0.053274574082372794
3.2159184293346215,10.26531045525941,47.554640593677746,47.56417231495326,0.009531721275514826
-16.117410082558067,16.353199727079918,55.64286390601586,55.660059465112006,0.017195559096144564
-7.601648914795845,-22.924712790462294,54.28537550579801,54.31192730067467,0.02655179487666004
11.288884180247315,-26.507253487288025,47.84668134650593,47.836068415835115,-0.010612930670816922
19.5147547799588,0.8304613557447595,47.36645624441906,47.5081042605771,0.14164801615803668
-11.13101645022428,-27.162531777112754,54.30715106106629,54.33460788782364,0.027456826757344288
-21.51012710957847,29.65787503676463,56.20328799438279,56.216326925472394,0.013038931089603523
-14.936751117410687,-25.919201048442652,54.528134389330944,54.47757523987533,-0.05055914945561568
21.551157699745573,-15.426243734278628,47.050618561271264,47.178945873652125,0.12832731238086126
9.544096617822646,30.375179509724546,48.0929174873024,47.97097877566403,-0.12193871163837144
-21.518901608887774,-11.91749003474657,55.04875362250496,55.019894886988524,-0.028858735516436695
-3.042334190496682,-19.15637709832533,54.15699894292582,54.02004416434035,-0.13695477858546923
5.1517260885852565,-21.560710086644647,47.438708112059736,47.458832050236424,0.020123938176688227
-1.5725291121784792,-17.46107837298714,50.83967877390677,50.83967862632613,-1.4758063571207458e-7
28.454638779647667,-9.420071067530898,47.2268691536906,47.21229849826531,-0.014570655425288237
29.474468553214315,15.60625979700881,47.56864991809671,47.547774710986786,-0.020875207109924077
0.4687512911226577,-7.522726752274217,48.11442881634731,48.15759211190562,0.043163295558308334
-10.599253750852974,28.836383864482144,54.232181223312324,54.23957581701405,0.007394593701725682
23.520165817081008,-13.272284225463245,46.96278909408503,47.02905869890695,0.0662696048219189
0.5583145217075227,11.66234174536637,47.52827147043097,47.56255609642713,0.03428462599615756
20.787723644164892,-0.6738914705084866,47.206034415136756,47.39605746962823,0.19002305449147627
-30.680905055913883,-28.736651480661266,54.85596594836065,54.90446000135051,0.048494052989859426
9.476145788428447,-25.213977843686926,47.71374162768623,47.679307061038884,-0.034434566647348674
-20.514139894996063,19.388790646579317,55.579562390439996,55.62782496029431,0.048262569854315984
-15.938004314068607,3.523770294681121,55.271217546166476,55.28193209650843,0.010714550341951679
13.386864256092998,25.60592176166943,48.012001269796656,47.86998927091614,-0.14201199888051264
11.661352648043412,1.757681253150217,47.99711122498691,47.92128164308329,-0.07582958190361921
5.340884541584018,1.718359029899247,47.56001829102808,47.56118785325221,0.0011695622241276737
20.065177403464773,22.931961612874034,47.4019718884321,47.41131224739763,0.009340358965530982
29.41858554845104,20.164733419732052,47.59922980543186,47.596032719451024,-0.003197085980836789
-10.049278534066765,-17.261292141045125,54.613868728231466,54.62661194422942,0.012743215997950585
-13.983317922387634,-21.703763508263314,54.54703213234031,54.57889310458744,0.0318609722471308
-14.576528643902314,-9.98246376918219,54.908868241998185,54.91477065306913,0.005902411070941582
18.36973719155312,26.55898148404477,47.60899195462945,47.57673988537012,-0.03225206925933577
-16.95194168419227,-18.532454372425498,54.84537400234767,54.86741072954228,0.02203672719461025
19.128933388371244,15.544234370011843,47.50067728031692,47.58049332621902,0.07981604590209912
3.6895263633618214,29.002457783146184,47.67383220366688,47.79073502128992,0.11690281762303556
-8.098696501506822,-13.020985329246663,54.66698113225972,54.667954418446946,0.0009732861872251419
4.481581709320558,17.64703237120932,47.62614129206829,47.70718086861893,0.0810395765506371
-17.087641748445584,-9.403238840117616,54.97129468394304,54.968973580611,-0.002321103332043606
5.5973435448701565,-16.17209807567739,47.48117646839407,47.48530074300161,0.004124274607541167
17.90053505811961,10.745230891956012,47.59737034199223,47.58549556125091,-0.011874780741322866
-2.3325595491657296,-3.2034418480225426,51.28115463824345,51.183520785005086,-0.0976338532383636
-31.879881209700464,8.508291538917533,55.21164868461767,55.335191445521076,0.12354276090340477
-12.541754087691189,8.538507465359373,55.41026490637553,55.40911619198533,-0.0011487143901973695
30.61360504323069,-4.182983567330211,47.466804901209144,47.42340763916056,-0.04339726204858607
6.63126424871696,-11.080119057743993,47.50935605787919,47.55883357467709,0.04947751679790002
-26.258016994754634,19.49133074085151,55.84136896986129,55.80578853049323,-0.035580439368061434
14.048160538326641,-15.566876197405847,47.81121886187097,47.67193246555038,-0.1392863963205926
-17.550815537771037,-7.972288056322853,54.9807852127242,54.99702302576345,0.016237813039246873
5.845191948189054,12.658943281957171,47.63657488766992,47.69013175199356,0.05355686432363882
-12.008022023349731,-24.401638312064534,54.38120856017778,54.38601346278688,0.004804902609095052
15.52235144550415,-27.877927930590502,47.72118162613617,47.70388659897792,-0.01729502715825504
30.169787104584167,0.9742224738770915,47.529945804953826,47.47503900336467,-0.05490680158915495
14.03081178438277,-13.439840262984816,47.84592661210766,47.70550268344806,-0.14042392865960096
4.1827487166291775,-22.26764689699349,47.394588694533624,47.41576021882634,0.021171524292718402
19.358099462307877,22.340143745444898,47.48330365164791,47.4636194604608,-0.0196841911871104
-12.823504226902386,-16.502548160865302,54.75878457834756,54.75706492316603,-0.0017196551815317207
-21.779264726322054,-7.118036237129672,55.20574592487205,55.10185397733931,-0.10389194753273756
-23.608600951791963,27.475237067353795,56.12281003231092,56.12635455040605,0.0035445180951256816
11.348875619641419,29.44639645093538,48.09820695338661,47.9320169486917,-0.1661900046949114
1.172188157951993,4.703411313936172,47.467510972462115,47.58291896039849,0.11540798793637208
-1.6290999039850433,9.780815067477079,48.619734348642254,48.63696244958714,0.017228100944883806
15.705033464625338,-29.171344040016727,47.703306437982704,47.69976708338283,-0.003539354599872979
-13.861617813860093,-9.12893491486215,54.92884277121526,54.924112806751026,-0.004729964464232239
8.129996918437548,-10.741696225424086,47.64071304966329,47.623052720871165,-0.017660328792125313
10.957489947381589,-22.77174755416825,47.7854965587169,47.77691375282593,-0.008582805890974043
14.287945959671816,-7.270865025733379,47.87419081802357,47.842988012400475,-0.031202805623095742
-5.57911170554862,-0.3648429003542333,54.76496935522859,54.894486407603324,0.12951705237473732
8.312741568384908,-28.041470318956875,47.62373906721621,47.61851521877944,-0.005223848436770595
-8.451690069356886,-30.26421038759093,54.203221115927136,54.251459081676835,0.048237965749699185
-10.878676409363635,7.603210697604879,55.370859775435825,55.35626334453107,-0.014596430904752822
-21.247187502604284,-24.103885280724924,54.897997551286245,54.910916785089235,0.012919233802989538
-16.131272302568696,-1.6220025912653782,55.119248691890206,55.13666669617015,0.01741800427994633
0.31928505680282626,-8.370674895235773,48.352479405821704,48.358160896034946,0.005681490213241602
-29.23283067549969,-1.7654045515947985,55.20653538756249,55.25350334984769,0.04696796228520128
16.781949443512914,-16.767107561146858,47.62216846918494,47.64674107653248,0.024572607347536746
19.19610594943643,14.351410082086588,47.493445629816,47.55384460243931,0.060398972623310954
18.929582646664706,4.743175406101081,47.465867870452264,47.51611633721745,0.0502484667651828
6.9609772590572945,30.328504584379374,47.83963063430566,47.94747551351357,0.10784487920791008
12.364219469085882,-12.631187559649788,47.84866285257929,47.69964620354083,-0.14901664903845813
14.470488041826407,12.729580510337769,47.88067689074397,47.76900758365383,-0.11166930709013911
10.44885639738667,27.413205230282827,48.134031563164754,47.94719150593702,-0.18684005722773378
-29.55418464003833,6.403052262580957,55.193354551560276,55.27604956307594,0.08269501151566061
9.186998400170374,-29.285028785781833,47.73082246067903,47.710428672101834,-0.020393788577194982
31.992360675182297,-31.180864499833703,47.28454311279582,47.28462188056111,0.00007876776529514018
-24.174335445858368,-10.192993367296019,55.044665041590136,55.07964236548339,0.034977323893251366
13.15571461545575,17.756151678579656,48.01168373703085,47.83756759766256,-0.1741161393682873
21.56798705771844,15.32475099375938,47.22701569962379,47.418158123826395,0.19114242420260297
-2.3140150812889146,25.910354084383485,47.741156952891714,47.744540132682,0.0033831797902834637
-11.348177735031186,-2.9389399089184067,55.02696413061574,55.01377226286779,-0.013191867747949004
12.002015406598481,13.59432911726936,47.93979527222828,47.783346712063164,-0.1564485601651171
-16.358323889250855,21.24169591283882,56.18018955272286,56.21514142745932,0.034951874736464106
29.68400242600122,-22.61610681241853,47.17998795347808,47.20089224389858,0.020904290420496352
-15.276259563933152,-10.413343339682179,54.92418034134981,54.92427059055839,0.00009024920858280439
0.21962678241339972,24.09899585471669,47.5729304865442,47.5840189197803,0.011088433236096762
21.806698649692137,-16.995769361309762,47.00168225966545,47.16430798728923,0.16262572762377658
23.61057818583155,0.4706527597059633,47.09183976839418,47.14459693267996,0.05275716428577937
4.248960866034729,4.06325975244183,47.540542628383974,47.535370642568196,-0.005171985815778157
-24.25560002522043,0.25857838711852565,55.198690275991346,55.19824109753743,-0.00044917845391978517
-2.418082854673351,-18.23113395994489,52.62520078067847,52.59650016355319,-0.02870061712528127
8.734260103272362,-19.007168786978248,47.714825980659725,47.65228857298306,-0.06253740767666471
-31.288745780964014,27.5058445130582,55.79186446184184,55.79505255126777,0.0031880894259330717
16.71727814485037,17.568381528984062,47.75959290723026,47.78823577567596,0.028642868445700742
-29.72332991496817,14.91943571182341,55.29821406491388,55.35823385362082,0.06001978870693847
24.043327433303624,17.712039743703436,47.27122744040101,47.26580431236644,-0.005423128034571789
26.274657227800866,-1.5740076086602102,47.161549080388234,47.235127516181905,0.07357843579367085
24.912318650205833,24.291033804996893,47.39604132419331,47.42251999458125,0.026478670387938052
31.878923188098177,-5.5648709456099965,47.452027987804684,47.44210157901156,-0.009926408793120345
21.159601350344396,28.81952843614704,47.320335152602816,47.37565948327204,0.05532433066922238
10.168043841448004,2.6999692005434923,47.90374327884488,47.83566817917929,-0.06807509966559167
-8.624198366685256,21.466464458433244,54.110326578130746,54.11061765211313,0.0002910739823818176
-13.13264607763741,-9.444188139622412,54.91268713617494,54.90315280555042,-0.009534330624518361
27.270464347771934,-21.786512829553544,47.07340453956898,47.09134034260283,0.017935803033843456
10.65054697261239,16.409765390793503,47.95909859029624,47.80123319659184,-0.15786539370440522
-3.094057098128964,11.1321294501575,50.41548942937268,50.59259212666054,0.17710269728786443
7.0033928206039135,1.8044796842158703,47.603072915281174,47.62791846225063,0.024845546969459065
28.580245109510237,16.566375642972403,47.532780922230494,47.51071506947591,-0.0220658527545865
-14.332905957764325,-8.780741654432099,54.94442939397848,54.93331069202463,-0.011118701953854782
-6.536565239494173,6.651482889629214,55.23432827890398,55.2131576887242,-0.021170590179778515
8.438345161917617,3.8918866486544985,47.79557267511219,47.74928541639034,-0.046287258721847024
3.3436251210935595,24.40797956220179,47.6326474574533,47.717795823863625,0.08514836641032275
-16.44198836753462,29.431236174360457,56.40109041330434,56.416091251899005,0.015000838594666277
-28.63802317505621,-9.954433238520814,55.18182800357321,55.16386156624519,-0.01796643732802039
-7.494851850737696,-10.15665770050932,54.846441918042345,54.80177075199707,-0.04467116604527632
-3.9209122188944363,14.06898402673157,51.45099673452858,51.31814741601646,-0.13284931851212178
17.63778266907373,12.635489397038725,47.63140898017171,47.6237918054944,-0.0076171746773141535
-10.810399403137495,-10.260470379350423,54.83513871797938,54.85383367938675,0.018694961407369703
1.788510993008913,30.141273630548724,47.63821659167657,47.71282452533347,0.07460793365689966
1.0573994576601962,11.340210510952886,47.50967127972354,47.56046785400494,0.05079657428139939
-12.30406989666217,23.785299545735313,55.89232811167875,55.9041025126713,0.011774400992550227
7.593387129186745,-30.69531421490708,47.520507482262026,47.566267648016456,0.045760165754430204
-18.593248894730202,-21.711953462864216,54.80025726200724,54.871116436737054,0.07085917472981151
17.04690211064151,9.728215163747493,47.65263415914609,47.64996367153654,-0.0026704876095493546
-24.306382606572768,-26.433614319022354,54.91013156322553,54.94245906163907,0.032327498413543765
15.132620794111737,-1.2118977831321374,47.88815680845298,47.855962253112914,-0.03219455534006954
-6.572277567054186,-20.742171815673885,54.444182815330954,54.43027668668164,-0.013906128649317395
20.480004535134945,-18.578113644906722,47.165251733823666,47.290252391325225,0.12500065750155898
22.177100482025928,-13.48539063725805,46.97580878128448,47.1518847502002,0.1760759689157254
-15.659808399507007,-5.1373796865587025,55.01992898976819,55.03596448774011,0.016035497971920165
-2.102359382867732,-6.140056438707013,51.46719865458102,51.45059318550876,-0.016605469072260348
-17.356649821486528,-11.540934385137227,54.96585549815411,54.95416838460221,-0.011687113551900552
8.461002167599773,-30.264702385769525,47.644496640028066,47.633189175547386,-0.011307464480680096
-5.533712132981442,24.07919725497743,50.351020741414175,50.3510205762171,-1.6519707202178324e-7
31.18564192146996,12.311313620315616,47.55648496504986,47.73125010440511,0.17476513935525162
-9.280072053139051,-17.888254573278246,54.57644023140524,54.57174707987072,-0.004693151534524986
-31.616919729424467,7.737118650142712,55.21801072767793,55.323539552829665,0.10552882515173678
-16.126495942498657,-17.715276487222717,54.84601175558552,54.83744914710753,-0.008562608477994615
-10.721450483934802,6.255035178667882,55.321664915028194,55.30530332001964,-0.016361595008554275
12.17290812640973,-12.921263769012349,47.814520686099044,47.696417824633166,-0.11810286146587856
-13.816420251617124,7.202497498219969,55.38840597641256,55.37786738752029,-0.010538588892266887
16.096101039155528,-26.510188452776426,47.71689187839743,47.71316697178244,-0.0037249066149911414
-16.809798768509197,20.86229830068047,56.02806952249674,56.12460874807677,0.09653922558002392
25.27361251721618,9.037345725590583,47.23562979382495,47.245996934842424,0.01036714101747549
7.250069988385576,-31.841879147909054,47.49305315654326,47.581140735456486,0.08808757891322472
-26.909537531299407,1.2543705010797268,55.215539019903666,55.22387086793911,0.008331848035446399
4.8762360095792445,-17.74465418313681,47.419682957523506,47.454729454555,0.03504649703149454
-9.611704058508948,-12.947762538805272,54.72112558234548,54.72311850459231,0.0019929222468277885
24.115040117597687,-6.35816104810857,47.037387421679625,47.0535809358181,0.0161935141384717
-30.806179222819075,25.22712370387221,55.87238234852839,55.907322324583916,0.03493997605552579
-20.396094464848325,31.54559354149668,56.134864400686595,56.14256139859673,0.007696997910137782
29.241510418037777,1.8059666527001923,47.42349005216599,47.409129402854376,-0.014360649311612406
0.04670933317755299,17.55210936704944,47.57071974897546,47.57376962323523,0.0030498742597657724
5.882412285940504,2.0980031899777103,47.567703467524346,47.585560912290966,0.017857444766619324
13.414632977831587,31.851004364648468,48.03402317408597,47.89494091578261,-0.13908225830336107
31.27485450281233,23.398121235018372,48.631008320352414,48.64098164094991,0.009973320597495672
8.73634671008596,-3.3026141764003825,47.75175028421627,47.71174488080101,-0.040005403415264595
-21.31871883015456,-10.644334149802013,55.08404618337377,55.02515279773633,-0.05889338563743962
-29.891394429858536,-31.465513230735063,54.85229806888381,54.859987471137536,0.007689402253724609
30.667124254824294,8.568337353660773,47.536759588116084,47.58087011337018,0.044110525254097865
29.91476666404826,-8.815899563812565,47.38680503248195,47.282419265872655,-0.10438576660929755
-19.481358934278198,9.014705787067726,55.43030546035285,55.279285522634616,-0.15101993771823174
-5.891893462826445,-19.719856111722457,54.47991024473934,54.47376823586509,-0.006142008874249427
9.865005709512445,-31.133647039709167,47.769410793681246,47.758584879384955,-0.010825914296290762
-20.35034269655869,21.460289541425325,56.087166685464155,56.146567161477186,0.05940047601303178
26.179203309674108,3.5735960056135596,47.21837746592101,47.23060450491132,0.012227038990310746
-19.58275858472507,-7.756070126867158,55.13255602707329,55.04098718516153,-0.09156884191175862
28.48563159447405,-18.064245255920525,47.15151401280332,47.14366233120265,-0.007851681600669735
-4.1741185351733066,0.279791773157541,53.17906657288485,53.13717185842629,-0.0418947144585573
-17.86933361863577,12.456147917492693,55.38898833963076,55.46135728475547,0.07236894512471537
20.193994217908894,5.613329346338155,47.34772492325562,47.39273739762808,0.04501247437246292
-31.243870707018928,-14.914154164213258,55.13793463360999,55.1292852250336,-0.00864940857638885
18.694034947933794,17.67783680701327,47.55516278447453,47.645156518905324,0.0899937344307915
-9.183389806967952,-6.641465891354329,54.82732563898923,54.88833793090117,0.06101229191194335
14.702789431189458,7.984483183998179,47.90060527454848,47.7305317567823,-0.17007351776618407
-3.174955873111635,-28.287091946913826,53.08501828157273,53.04227302137516,-0.04274526019757019
-17.98273156601224,4.747720745549607,55.28831537202451,55.22315933905468,-0.0651560329698313
18.89937299672865,31.628416831041832,47.49258794264426,47.49842972125146,0.005841778607198478
17.441484284348448,-28.426976744102895,47.38246411150744,47.46044152806379,0.07797741655635093
-0.8303512600428533,21.100817744933202,47.609611033165955,47.639670307739365,0.030059274573410733
-23.584321372566855,31.8129927241514,55.98395659287438,55.98471359468502,0.0007570018106406451
22.81156273471423,11.210365050553328,47.16409697794701,47.276125709664136,0.11202873171712469
-17.42053506705382,29.124657675165636,56.7813499103903,56.80818752839398,0.02683761800368245
-10.26044044770758,23.82858470208712,55.03199837694419,55.018940383652996,-0.013057993291191394
-26.488714242181764,-14.671580993464978,55.040791713336276,55.06418904149628,0.023397328160001507
-0.17314084735939872,-6.551290080619296,48.783204018782925,48.8229248680171,0.03972084923417185
16.426241306754477,11.599953802919437,47.70780226810472,47.71870598137195,0.010903713267225612
8.162924471111644,-3.1978007232796415,47.65361053718727,47.66955210888151,0.01594157169424193
-24.78719020356303,-0.6751114578796376,55.188554162142054,55.20963801607655,0.021083853934499075
30.16014227950076,-23.229992052958714,47.19371328680208,47.223323963783486,0.02961067698140596
30.80418390339196,22.88794705562924,48.305390814279136,48.162571666430566,-0.14281914784857008
22.96302749743011,4.148408021035266,47.07743054245926,47.2000356302914,0.12260508783214163
-30.166540310861805,-7.160944166672834,55.217689239544384,55.252457385634166,0.03476814608978174
17.89072436198869,14.394434065787323,47.61801377764752,47.63933524362039,0.02132146597286777
-17.71240605490948,7.899673993857277,55.4423277625049,55.331419715026456,-0.11090804747844629
-28.090601299768956,-26.724467231187816,54.888928219526356,54.95866691425738,0.06973869473102212
7.276729958812602,22.667790329818033,47.80658484028111,47.884229465195205,0.07764462491409319
-0.47752913830762367,28.569924745109418,47.63435619417481,47.647115638908886,0.012759444734072645
23.62460762943205,2.478909492447997,47.107214457005206,47.153112224462895,0.04589776745768859
27.857188376149537,-10.89521169715156,47.177647949417995,47.17720710698818,-0.0004408424298176783
25.255243152215684,22.92002626210366,47.38646115394737,47.389923405566165,0.0034622516187923225
11.618192979015113,-7.248527277710814,47.917021658786254,47.91509760189948,-0.0019240568867715524
26.088705403758738,-24.25009551539265,47.02515703932917,47.03666018847479,0.011503149145617897
17.316751355355137,17.279828424967015,47.697830106426125,47.73471040117076,0.03688029474463406
-25.737011108639273,25.235188049739904,56.070177688444,56.0609922495799,-0.009185438864101059
-30.777101394618292,-13.666712153689566,55.15499795429275,55.13918972846149,-0.015808225831264622
-25.862226857478035,2.2777373883361776,55.238254096124976,55.220484289097236,-0.017769807027740114
-18.133851564295767,-14.034059498381282,54.973206371344205,54.952330648982176,-0.02087572236202817
9.300672523851183,-26.522927974278645,47.71412826450198,47.68403415872641,-0.030094105775567925
6.4395970889443035,23.664745400469428,47.745491238034845,47.854044572046476,0.10855333401163136
-27.067846046257834,23.506462246966606,56.04104680475007,56.02047952860853,-0.020567276141534307
-14.814036283945796,-11.067745538843454,54.91675152317604,54.90236872490803,-0.014382798268009367
22.165041687836144,-28.919891452671628,46.820341564805666,46.98407327474068,0.16373170993501418
23.20522067939939,-2.603927705491486,47.03328177991017,47.15833922118987,0.12505744127970075
20.727515312406105,-9.620535982329258,47.21881456555176,47.31610251193904,0.09728794638728289
21.734997874370848,11.654411032130099,47.19129357815848,47.33873381906313,0.14744024090465047
-16.439905020749876,-14.552711834823434,54.93034702648742,54.92586534075981,-0.004481685727604656
12.994149840987475,-31.566906937729463,47.8933454126296,47.82688878106482,-0.06645663156478321
22.58974922270965,26.532627148577056,47.33904786524567,47.38002269864256,0.040974833396894894
10.492151319323021,14.158440333457271,47.92174742276106,47.79241200274965,-0.12933542001140808
29.616232841475885,5.936387538104988,47.474894752664184,47.48143260544119,0.006537852777007913
-14.344336140004856,27.53870068957361,56.10264759897537,56.10335333199842,0.0007057330230466619
22.03149667737071,-25.075069647725066,46.84013064843267,47.03725105702777,0.19712040859509727
13.825807423644761,21.63541521151312,48.08398704042788,48.034201796899076,-0.049785243528802425
-13.234548159562841,-15.45038945037868,54.835656950823875,54.79615374769213,-0.03950320313174416
31.906043996922044,-25.30198076851226,47.30207041943235,47.29668994631872,-0.005380473113625328
12.950145066023353,-9.886893351037578,47.95101726973329,47.759205493599254,-0.19181177613403833
-17.670779433306663,16.79585382596747,55.45345333989051,55.59793144693945,0.14447810704893982
-13.094206196383716,22.010519047865785,55.84152902228905,55.99392667956127,0.15239765727221766
-12.624428832862748,31.53330225648792,55.95213478208777,55.80087723251096,-0.1512575495768047
19.962335712758602,-26.57470473017886,47.11569770802056,47.129058499068876,0.013360791048313558
-24.94214296157626,-14.475783344693177,55.0547352572761,55.04444122218205,-0.010294035094048581
-15.244639762162855,25.337820860009458,56.40616994477856,56.4379904741473,0.03182052936873703
18.143819013234754,30.98865505961554,47.564876069044715,47.5836105163006,0.018734447255887687
-30.93135806999502,30.938805676402836,55.819191197592396,55.81726534516572,-0.0019258524266732024
-6.826357985782792,29.231104536661626,50.765339826659,50.78327091946697,0.017931092807970117
-19.117497179056883,-12.206355948810625,55.00368795788019,54.97746356933441,-0.0262243885457778
5.722748424809659,11.22794626426829,47.606464853250785,47.66507507999081,0.05861022674002214
6.971958440330155,-10.709775699342032,47.52108011379688,47.57833651620637,0.057256402409493035
-21.766859614821406,-29.641937437406483,54.81497064763579,54.814235908158494,-0.0007347394772949656
7.698706594350611,-0.679141610362521,47.66891491308524,47.640603244246144,-0.02831166883909475
25.94043974646506,26.314702581993657,47.450588177954025,47.50375525809165,0.0531670801376265
31.290168231817674,-5.643510530385228,47.45234117226072,47.414009327724855,-0.03833184453586114
-10.26487555850165,16.143105965302837,55.61145457084338,55.6041490277918,-0.007305543051579377
-21.338274207069176,-10.625942519175574,55.084358879821906,55.025539191824706,-0.058819687997200276
1.1571204415200853,-9.448777362715575,47.441410579974075,47.443052175276456,0.0016415953023809493
15.219497948504795,-2.338715593249738,47.886832105973106,47.843364674312504,-0.043467431660602074
14.279321072059588,11.909939939906515,47.86217418466927,47.76269269891455,-0.0994814857547226
-23.891798985102632,-23.31292461091629,54.89777316184252,54.96411839189378,0.06634523005125459
4.64382935324582,17.76549767184283,47.63275106767426,47.71427885769324,0.08152779001897414
10.037276690750112,10.601158711543945,47.92130481885518,47.76266694699913,-0.15863787185604394
-13.040065362187256,-28.80112736213526,54.30869706166067,54.33082366763176,0.02212660597108851
26.278596005215235,2.4004122130513323,47.21229318666984,47.22585587881041,0.013562692140567378
9.703046367677338,25.498129015298062,48.093876826188904,47.90374120814488,-0.19013561804402457
-27.50289589046193,20.173726882576325,55.88829434132871,55.908993998482295,0.02069965715358535
0.4074218454752625,-24.210575242927035,47.38856202182065,47.422698810274554,0.034136788453906775
3.075722726839963,-8.407332166624073,47.43398835061214,47.44580677254857,0.011818421936432344
-15.85275610666627,15.963655080804557,55.65665573724312,55.65643424285214,-0.00022149439097773893
16.300343300214628,-28.71018049801001,47.606523638168845,47.63214786080978,0.025624222640935557
-10.368127341097008,8.477663235096998,55.38470468391861,55.37306035553534,-0.011644328383276559
6.888020018439086,-29.74790729654422,47.45960333371321,47.56248909671859,0.1028857630053821
11.077582756587468,23.189165211183052,48.094816663815735,47.98286639631948,-0.1119502674962547
-11.241869686197987,14.05940349588085,55.585425213452694,55.554206110345405,-0.031219103107289925
-2.395862470546696,-20.475478288247707,52.88847154125695,52.81513966049555,-0.07333188076140118
-10.546894102667906,-19.65601842688961,54.53553089371202,54.536440743161045,0.0009098494490231701
-20.229264358528646,17.88232591501552,55.38237248869993,55.404633113811585,0.02226062511165594
-2.9964816159268963,9.164735179658457,50.975133948849574,50.86120270767065,-0.11393124117892484
-26.29990576680354,28.664746173417996,55.921056379774114,55.94859914175899,0.027542761984875597
-17.697671428855763,2.1079865457503075,55.22470223804684,55.19004490573585,-0.03465733231098511
24.263012916635844,-26.294815265730676,46.93135884236316,46.93416634268249,0.0028075003193279713
10.9460847383869,26.69672648250924,48.148027143998235,47.9407392492987,-0.20728789469953313
13.523726861205546,4.205992295823101,48.00836689628721,47.94102340019464,-0.06734349609256896
-0.7642433810678355,31.416582117748668,47.63724938540982,47.6355984354337,-0.0016509499761170332
-29.630418326058766,-7.320895874820621,55.20983396537408,55.237461768290736,0.027627802916654787
9.759719152801274,18.628976918285936,47.951977499700355,47.95175282771043,-0.00022467198992615067
23.834237334071226,9.72796057473547,47.19128150007708,47.204787175668805,0.013505675591723332
17.187475171161807,-29.676981097206657,47.41437333642796,47.46835268836819,0.053979351940235176
-5.95936987178397,-21.153797383958498,54.36694774483745,54.36777948827539,0.0008317434379421229
-2.973571311974368,23.852993589034924,47.910630704419596,47.911419341099815,0.0007886366802196676
25.290098246479424,-16.618667561984005,47.029815654559776,47.00822369869402,-0.021591955865758905
-31.314765241194827,-19.93369040179777,55.12929764405035,55.06083548478912,-0.06846215926122312
-4.2873748632546835,15.95212124794827,51.46732650352553,51.46882948376998,0.001502980244453056
-31.34769951891451,20.663277441524272,55.90860331849157,55.92552663426434,0.016923315772764624
26.754077684172394,4.425142159777543,47.24472426391923,47.260417231828356,0.01569296790912489
-13.249190500220287,28.24704509106423,56.11136446397302,56.108763584963775,-0.0026008790092433287
20.28833759463334,27.290105441328215,47.36017827443771,47.38721591198813,0.027037637550421323
10.328580390484035,21.066344571440823,48.06199802189002,48.055614197098706,-0.006383824791313941
5.059844877786119,-22.169988683518874,47.428719104849506,47.45067721200769,0.021958107158184248
-9.568108690162092,16.780095733779305,55.62129200049047,55.61762223900826,-0.0036697614822074343
3.670763579181134,-21.5701376884818,47.40137749347972,47.389229792173126,-0.012147701306595593
-2.5399726851177746,-23.029257748709753,52.40518485163024,52.39448919658693,-0.010695655043306829
12.783448739553194,-15.667824195693171,47.79370597198601,47.65780729248657,-0.1358986794994408
-17.9794856693276,11.758328519702701,55.4596510569025,55.43494948722614,-0.024701569676359725
-25.82397274707025,-31.631282884613462,54.89977443994133,54.884417271313076,-0.01535716862825609
30.1432136479916,28.259493440758284,48.905019822014545,48.91432003930877,0.009300217294224922
-30.540876376319346,-30.875401288654167,54.83923094894945,54.8663730109419,0.02714206199244984
17.924351087862455,-3.153638034392401,47.53120958918406,47.62946109836095,0.0982515091768903
-31.63274734562968,10.43268723673372,55.20929208656951,55.34891110476779,0.1396190181982746
10.204379859898829,11.660878478609504,47.928052683491,47.77152173703808,-0.15653094645292498
-27.494537812504824,1.772151120187388,55.228210167237776,55.23093720309436,0.002727035856587179
-30.436065770632254,-23.857972721157182,54.988889310810016,54.99514855388711,0.006259243077096244
26.13950956714907,12.231879590417456,47.289271586574785,47.336272369908556,0.04700078333377178
20.845824299189545,-1.64353500334132,47.214303555423086,47.38041926786182,0.16611571243873158
27.023206166103066,20.114426688997064,47.42310914032818,47.43510100499397,0.011991864665787944
-24.186931235376356,3.569514981373999,55.22319837703695,55.213427279640115,-0.009771097396836126
-23.292462490337655,-18.008853820467316,55.022122556970224,55.000040622651824,-0.022081934318400442
2.9349870723263365,-7.28257390616254,47.409939109237655,47.448682653339134,0.03874354410147873
20.60972199743199,-7.001257286975388,47.261927418453695,47.349992773119354,0.0880653546656589
-16.432772107806286,-14.162603226641089,54.931736255323806,54.92732725183251,-0.0044090034912969145
17.507515397380068,-20.966522369357413,47.540121592677394,47.499138362098144,-0.040983230579250574
-4.671960588259346,21.31579832588939,50.708571614276906,50.6253864353824,-0.08318517889450305
30.468276604288697,16.320263399444052,47.72098847332108,47.73781242093847,0.01682394761738948
-26.344117505796035,-18.493003824722955,55.08001315517396,55.036901655979676,-0.04311149919428203
17.27578525190328,14.710066229935364,47.681467176111084,47.685127794454694,0.003660618343609201
7.12545008097748,2.3105977481912916,47.61203532350414,47.64218110293175,0.030145779427613206
-23.00945976603338,17.56583408031269,55.338633894897285,55.39658681784715,0.05795292294986609
-0.3657722923427542,29.74719116901956,47.62469888345531,47.66731318507937,0.04261430162406299
25.399970976121345,29.421529976307077,47.465897809692265,47.505054220266466,0.039156410574200606
-13.439426459466404,17.849924452888004,55.71925700333392,55.67501476875338,-0.04424223458054399
23.47009850488793,10.98563222087219,47.17635493802395,47.239128872451516,0.06277393442756818
-13.402433738430915,-2.774580629688387,55.0490920577114,55.05450714465829,0.005415086946889858
-5.806657333893291,-14.244759020922146,54.552900964181,54.52346971149995,-0.02943125268105007
-26.12742757081373,19.63847911509447,55.85835768011292,55.831147962986236,-0.027209717126680744
4.3936258680280815,6.142883402363367,47.53762026105225,47.55671825377184,0.019097992719594004
-16.381277746293122,3.1552351808994175,55.25586548699478,55.25275669132819,-0.0031087956665913907
-17.18774168153319,29.379525047404883,56.641852338857014,56.71520622958102,0.07335389072400744
6.706778229074693,23.782184536899436,47.75956552943302,47.86702557742791,0.10746004799489128
-19.490817198403498,11.620317190351628,55.32708528639111,55.35748369106117,0.030398404670059165
-23.173690265161923,-30.635418064048366,54.87024005435868,54.879648651131774,0.009408596773091915
14.206294877265869,-30.18194167846542,47.860658744042425,47.794169994161045,-0.06648874988137976
27.58718597493879,13.58158562734414,47.357356773606014,47.41985106840887,0.06249429480285329
1.2645708721968774,23.55888695015117,47.568485267237,47.61995533944422,0.05147007220721633
-8.113174109107618,30.79144318965743,52.079144186651284,52.08607304642069,0.006928859769402607
-31.030296728582826,-17.02090747971718,55.116100315910934,55.107188194477615,-0.008912121433318987
-0.5271242628734925,-6.186161860365232,49.27142157721599,49.25027581852629,-0.02114575868969837
-25.868704442940015,-10.923448419906954,55.05124529731323,55.10138083624257,0.05013553892933942
-0.513379708353682,-19.071915044715148,48.431236228849336,48.44850967351604,0.01727344466670644
23.74165941297734,15.967453506900704,47.26343515337588,47.2891516329933,0.025716479617422294
-20.488670590601366,1.9214846498778826,55.22075293344719,55.195787644739596,-0.02496528870759107
19.680815726149802,-9.098913238877458,47.34791261491917,47.38147650494596,0.03356389002679094
-11.67448107464304,3.024856069899762,55.223400880247,55.20730770227896,-0.01609317796803822
-8.655948902043122,17.771593730381248,55.640294456326316,55.64038226609609,0.00008780976977362798
-1.2525000774367285,-16.918282258430438,50.52929679133214,50.527376909623094,-0.0019198817090497755
-0.35991951762444074,27.378015124599685,47.641608626541604,47.646484537832045,0.0048759112904406265
-4.925959672528236,10.436769374549861,53.479290062473304,53.544721548718776,0.06543148624547257
-8.163673645098449,19.013319500535545,55.64668256308858,55.657800374230575,0.011117811141993172
12.371285668281374,1.0265880975326453,47.94584129789379,47.925828673763334,-0.02001262413045879
29.923505404743686,-14.877642832218704,47.32122983803504,47.20730324967522,-0.11392658835981706
17.414095746824827,-31.61952656382448,47.35648071170275,47.40007731399986,0.04359660229710727
-21.11764658990389,4.422735674502455,55.25671684407476,55.20916240510491,-0.04755443896984701
5.010757101497028,-25.093394343569713,47.3750282085435,47.52849540304868,0.15346719450518265
19.08163473283011,-0.12330623639200411,47.35487474852598,47.55509774068729,0.2002229921613079
-6.247832263924678,-24.59027585270006,54.17743613027378,54.172565928265676,-0.004870202008106617
2.736573323728713,-25.813812194469826,47.34765102643287,47.482575582614636,0.13492455618176535
4.916463238198837,-14.134171509899772,47.4700964207306,47.47272821761029,0.0026317968796902846
22.143223107192647,-31.78681110522278,46.825030726521646,46.96405186236146,0.1390211358398119
-23.725717963869485,4.0114737499743,55.2291663628937,55.21340308047657,-0.015763282417132984
23.824951519095393,31.092689933341994,47.43743886705404,47.44075292732847,0.003314060274426822
0.3258444596362935,-20.15774846066096,47.469783656986365,47.522176460473425,0.052392803487059325
13.08176016612498,-1.2517446650500617,47.93761652886484,47.90731892129159,-0.030297607573245955
15.909674659004295,-13.407837650970158,47.73137345909635,47.72692223645125,-0.004451222645101893
21.58430214652453,-8.396118437899673,47.11585788287669,47.22837304736388,0.11251516448719201
-7.668331933843227,-4.729955791088635,54.86313383713058,54.87968900680077,0.016555169670184
21.77881845424281,25.795969341120127,47.297087588027516,47.37806280140525,0.08097521337773372
-29.893526987615516,21.4126561484847,55.90845407511699,55.974652250315145,0.06619817519815285
-21.027313581549812,29.087031829623122,56.245398633602356,56.24849397366372,0.003095340061364027
-11.726751682082345,-30.402085928652753,54.26946817278466,54.29216271883203,0.022694546047368647
-12.723177209489393,12.370851432293755,55.55677413024681,55.52134540758335,-0.03542872266346109
-16.842182054233064,5.874692211514059,55.32854382961833,55.31249644150478,-0.016047388113555883
16.835860018462213,16.261362717568417,47.74504924780022,47.738274801734896,-0.0067744460653216265
-7.127379202132936,24.025384292599725,51.91903031550598,51.91902351646118,-0.000006799044797389797
8.778617094868714,-8.678688497945693,47.744704351741575,47.70179343259114,-0.042910919150436655
25.226218430019067,8.250973947669202,47.22232108539021,47.23073635942772,0.0084152740375103
-24.64553822763957,-1.0584992949072358,55.18856427046637,55.213314854729006,0.02475058426263388
26.94273384449739,30.127538680095306,47.580383463243365,47.608787728327194,0.02840426508382876
17.349686811985222,6.630330600596565,47.604097245914396,47.66096438005289,0.05686713413849276
27.391020569850326,14.21549836646291,47.374207315461994,47.422309398867775,0.04810208340578015
-31.78601772209729,-6.109676674902268,55.28390611975438,55.25765227879841,-0.026253840955966723
14.782193794818454,-0.22625845105211795,47.900970300480125,47.86179312644818,-0.039177174031948425
3.035801764176931,9.722712342900607,47.54554337133671,47.55380755358094,0.008264182244225537
-3.6543889418281097,15.769199232025898,50.48902546247539,50.5050146890027,0.015989226527310052
12.357155161136355,7.057915653059389,47.95069828159926,47.8730645532709,-0.07763372832835813
-5.102707183337465,26.248353071488552,49.62068088216203,49.5972988484142,-0.02338203374782921
12.053401877981578,16.56256113483152,47.99843787968026,47.79812754376376,-0.20031033591649816
18.589072087279455,-10.881088978578681,47.430216824370746,47.558584048133014,0.12836722376226817
-11.746940034533594,28.521894800442553,55.300422428581356,55.32082905949313,0.020406630911772083
21.739960049205884,5.840676774592566,47.14417903637654,47.27632715325074,0.13214811687419825
-29.89463851196816,-13.054359938557077,55.16276094051443,55.13573133217374,-0.02702960834069046
-5.512267892487003,-17.296662372534485,54.571367893233024,54.48087348884825,-0.09049440438477063
8.285284604751062,17.819327995925313,47.836578901612484,47.81685101264396,-0.019727888968525065
-30.178592344080982,10.044987378025283,55.2276201575736,55.32058001480724,0.09295985723364453
-9.436271217017506,21.837056746669425,54.80144354900742,54.80172511825132,0.000281569243895774
-16.710794272372397,18.251869169528007,55.6955349134907,55.673966724624094,-0.02156818886660261
4.225377211978845,-6.519624996193976,47.48640009449845,47.48765968168568,0.0012595871872278508
22.77881924746569,9.97346709066197,47.135005011114686,47.262676370992395,0.12767135987770928
-16.17674345690083,19.5322570795065,55.85101014050781,55.84288236330522,-0.008127777202588504
-11.577584616565503,-28.25973843393004,54.31687094823115,54.322924886969034,0.006053938737885289
-26.606062131137676,-8.967455981727838,55.17457488437363,55.14525728524403,-0.029317599129598193
18.317993747902094,-10.007601645506675,47.469582415770155,47.54862702396258,0.07904460819242587
18.20817090687421,17.117249605769025,47.614670936300705,47.66351269410967,0.04884175780896527
-27.629695298880158,-12.409693196113409,55.09966886953218,55.11063234980628,0.01096348027409988
-12.125232335588848,17.15816173886791,55.70040117486055,55.65369222956485,-0.04670894529570546
11.71084576028531,-6.29324490152846,47.900441619406365,47.92459531152972,0.024153692123356052
15.610322070754854,-25.280847008329637,47.79275630282065,47.7470067538322,-0.04574954898844652
23.374297777314645,14.687274248878282,47.234121846736976,47.289455625128404,0.05533377839142872
5.701696535385317,-29.818025242301985,47.41245344229304,47.53003765500159,0.11758421270855024
20.367256964659703,13.880401618295323,47.36476207517286,47.4690642096596,0.10430213448673697
-26.452920462940426,-6.861151984816459,55.206043431427254,55.19504116789185,-0.01100226353540279
9.065631419145603,-2.9486318713383497,47.79728606796192,47.735507916235065,-0.06177815172685541
-23.39820627850485,-26.101745102859894,54.85555710571313,54.93107834022381,0.07552123451068127
-5.409928173043234,23.829415481283647,50.279105863078044,50.27646009226489,-0.002645770813153092
3.9034455163492936,-22.621397683316516,47.37306593116887,47.4277103633192,0.05464443215033299
-1.3697006594967363,18.98103156800704,47.678086393899996,47.69711708758933,0.019030693689337852
-25.943569794444976,-8.706020985999288,55.15492108003189,55.1361952077671,-0.01872587226478828
-9.270991387500992,-7.331291069725729,54.82148698294848,54.87495863013604,0.05347164718756403
7.101535911442866,-31.455430379717853,47.45556432623619,47.5593618792505,0.10379755301431004
5.970894783676279,23.6903894371223,47.72096819019037,47.83382093059418,0.11285274040380955
30.26608014036192,-19.807329914662944,47.21930931988899,47.225720133579216,0.006410813690223449
19.78680272106405,-20.10668591396076,47.21857005034034,47.344458267159595,0.12588821681925566
-13.77490435695627,-28.283156160457544,54.341443758633034,54.346741210999596,0.005297452366562538
26.61072310829779,-17.31845586933195,47.07445116855877,47.06363072907573,-0.010820439483033795
11.564783946648014,7.29345202240043,47.93983043058458,47.840303866829316,-0.09952656375526203
6.21130928595305,-31.87460841945937,47.41652034181934,47.54645115972362,0.12993081790427397
-6.624431362747231,-4.038220674802979,54.82197644692279,54.849346613375644,0.027370166452854505
0.18147228021844342,28.474645759068615,47.6459112266609,47.655541647831015,0.009630421170115255
30.727321315454454,15.966424993976148,47.79618429153442,47.814519558854734,0.018335267320310322
11.960487039950756,-2.7637149223701627,47.93561956228181,47.94008049359447,0.004460931312664229
11.93113445152185,16.246898559476378,47.9951348711411,47.799994510059726,-0.19514036108137134
30.3092786747956,0.3967026742571136,47.51744911247059,47.490373608065354,-0.02707550440523221
3.812338939987413,-9.182233453075305,47.470701791937486,47.472501134264206,0.001799342326719966
11.188358944181218,11.06621831118489,47.92565055341812,47.76385851286241,-0.16179204055571006
15.035029529125886,25.16736421246268,47.92427042201737,47.85342806949297,-0.07084235252440152
-14.219051227053718,12.338552875815026,55.54071161895789,55.53578080493143,-0.004930814026465669
17.63594010662318,-8.286019093747939,47.574457816754375,47.59491911222666,0.02046129547228759
14.99436646259636,-29.474733261565817,47.78968479533845,47.75056393102303,-0.0391208643154215
-22.64755820502551,3.0734046860172697,55.23101527363628,55.20638662299552,-0.02462865064076425
16.122929473386733,-16.47390343253013,47.7123053962274,47.71008029469674,-0.0022251015306622435
26.40093573431877,-1.003764142246098,47.174000420965626,47.24886591346356,0.07486549249793484
13.155559363412841,15.761467670670037,47.97629239174039,47.79818005857205,-0.17811233316833608
-28.620028151261593,28.71279410966799,55.84352639779972,55.86351317799038,0.01998678019065636
-23.076224040061717,-2.3290271949243646,55.174049200503234,55.2219188720317,0.047869671528466995
21.22262980285354,13.342638932315623,47.27088778450453,47.403522456587524,0.13263467208299318
1.7560311840679645,7.125714000584672,47.51890268256761,47.57323591741419,0.054333234846581036
29.378804623310565,14.703843509757988,47.51159340299729,47.51482886408007,0.003235461082780944
-6.9321457335788566,-17.600499772090366,54.614212813303524,54.539272613733836,-0.07494019956968856
28.780552572304053,-31.3410495561118,47.123681228709344,47.140080889649575,0.016399660940230376
-26.002742063106062,8.053451955645869,55.225735982498435,55.249025490536276,0.023289508037841244
12.129169976198448,15.284423725463341,47.98610050605226,47.797135685019185,-0.18896482103307477
-11.966644589047988,5.635429818568802,55.32950357040378,55.30476961014021,-0.024733960263567667
-15.982217712610193,15.832764694348967,55.6517592038165,55.653824885413,0.0020656815964983366
31.61855283666513,22.360709285937354,48.6138021392215,48.55452598238284,-0.05927615683865639
8.03659994409167,5.0557313315352275,47.697030343671514,47.73224641036033,0.03521606668881816
1.1661961172263418,-8.6894077462645,47.4581540111038,47.45116544600028,-0.006988565103519306
-14.5409946528247,-3.333815268201249,55.04421107450521,55.06159970143044,0.017388626925225026
-24.912996321597973,-2.5168999730871775,55.18062046318398,55.23365109569617,0.05303063251218987
4.602958329913967,10.685329566561876,47.581044566154695,47.61740058141879,0.03635601526409715
3.4751991675073626,31.74089364936046,47.67019830015738,47.799834778106415,0.12963647794903466
4.125749881620202,-28.662684143236774,47.388380466190775,47.49923537983756,0.1108549136467829
6.136290952990443,7.887003361442289,47.593430209500816,47.655880587914616,0.06245037841379997
-4.841202127353796,5.964815242288267,54.32043570101551,54.241270484757685,-0.07916521625782735
28.46866368660485,-25.984087364850673,47.142148446121475,47.129403649409085,-0.012744796712389928
-20.319348640486844,-5.109274131856928,55.214808506121436,55.13656478692225,-0.07824371919918605
20.392543243102878,31.051423512423042,47.343206530313644,47.37066892984676,0.027462399533114024
-13.787696116523023,-7.764117515849705,54.96109934150118,54.93778138232491,-0.023317959176274883
18.79395341309911,-3.1579079832944714,47.425782273543454,47.54920505677943,0.12342278323597355
-10.386797217574497,-14.56242204775058,54.702838977666275,54.71290645227967,0.010067474613393301
20.107785187030196,19.33705691221318,47.39242765673361,47.5529833616312,0.16055570489758964
-10.92166603938255,-10.948107245648536,54.81091322783427,54.80399071242656,-0.006922515407708829
-25.519627493939275,-11.990835147114034,55.03009954821862,55.083936511180056,0.0538369629614337
-8.019715404096779,27.445485456104763,51.95275758355978,51.95275947614995,0.000001892590169916275
5.274445319346519,30.077201585184085,47.71720983146159,47.86899954004641,0.15178970858482188
13.15414427166386,22.913055607054844,48.063155938496976,48.02034265881214,-0.04281327968483595
-22.768055877001018,20.119962037039024,55.92361438971212,55.91061600521697,-0.01299838449514823
8.787755457309693,30.843412856246303,48.0539091092692,47.98926181038208,-0.06464729888711673
-2.3504363451600625,27.207067307467256,47.71796397066257,47.71755314160696,-0.0004108290556033012
29.36531719385882,-8.593687950663643,47.310640444203166,47.25967777617065,-0.050962668032518366
2.983074822572199,5.077518428160204,47.50740337235554,47.5448441693123,0.037440796956758504
-17.96444082241532,-13.299783464858436,54.97264698110503,54.953512588781756,-0.01913439232327363
-22.648022367433,-26.447787221545973,54.80531318126102,54.91492225324155,0.10960907198052894
11.427793138119007,25.0641526255339,48.08806814862593,47.885155709528995,-0.20291243909693435
-15.333535412235364,-18.308058636961277,54.8093534227278,54.77198144380309,-0.03737197892471045
-29.889805126944225,11.633688576984134,55.23177597846873,55.33046541203121,0.09868943356247684
-0.9975859498157718,14.421017357841535,47.66522399847209,47.67358005975951,0.008356061287422278
25.21222096336863,-15.586914577798645,47.03696639110578,47.008905180230485,-0.02806121087529334
-17.513685018584226,12.981072939832906,55.370857774791716,55.49445241596987,0.12359464117815122
-29.313019246271637,15.623515693942949,55.36628491879047,55.35781531708646,-0.008469601704007346
-30.44821607169932,-29.100369788333786,54.85375489327812,54.899392792878935,0.04563789960081266
-31.016151411017077,5.157396700451656,55.18961225220404,55.28930283076024,0.09969057855619923
-15.320816183770802,-1.4023308416518958,55.120860909703914,55.1266349056087,0.005773995904782225
-7.968839364266621,21.79809702831914,53.362555163659785,53.361327571043255,-0.0012275926165301598
25.674193131601626,23.967862453602514,47.411959753952175,47.442615732613156,0.03065597866098102
2.7011309086845543,26.708432721502135,47.64153059400263,47.745124524957774,0.10359393095514235
6.55802140410978,24.572673993968927,47.745551343526024,47.856614022496146,0.11106267897012145
27.660211702630093,9.191452589878892,47.35618581966509,47.34883465396467,-0.007351165700420381
-21.63621706238623,-16.42628137807847,55.02899950709969,54.984903836533576,-0.044095670566115075
28.703339494710846,-30.52685751532855,47.110435491059235,47.14420392591791,0.03376843485867198
28.62748133251136,4.311018087854478,47.34909647740192,47.37011120341298,0.021014726011060247
-5.966020432404449,13.563299007366993,54.90640374234047,54.70273585640786,-0.2036678859326102
15.954902985381779,-25.124380319425867,47.74090891734586,47.73356461376554,-0.007344303580325118
-20.815105691248917,15.876481970246402,55.278721929220985,55.421738673451244,0.143016744230259
10.655054621109628,24.302064836223302,48.09625582687044,47.898606788185134,-0.1976490386853058
-18.48614557901687,0.6276674004142819,55.19586114229309,55.18488601590214,-0.010975126390952994
12.40194016225643,12.958992473390204,47.93946946413361,47.77687598399816,-0.16259348013544894
-8.756887961753698,-14.03099868304399,54.67560381959761,54.66655630591964,-0.009047513677970187
10.030077098744279,-30.64944131958817,47.78219114098275,47.78365598170486,0.0014648407221073967
-5.6603320946151285,-9.072595062883565,54.87582159200784,54.87788133781982,0.0020597458119837597
-24.206043358136796,2.8417081108839,55.20757767770394,55.21012070497203,0.002543027268089304
27.646281262564976,23.697032760887446,47.50300008127054,47.51225006573196,0.009249984461419558
0.9336116160336019,16.020509800565847,47.56048118780536,47.577085043580645,0.016603855775287002
-13.034408826771717,22.47996951317478,55.85039386172423,55.8948183255132,0.044424463788971025
-4.327627405788398,-5.534213666992677,54.3330484629347,54.36987588762151,0.03682742468681255
12.786548016485987,18.545858331449402,48.048714473916874,48.03677662455093,-0.011937849365942554
3.8527081774681236,23.421120610407456,47.64029497226982,47.73210277716569,0.09180780489587193
7.767984708718728,6.01903689038366,47.713062292070646,47.723579217338646,0.010516925267999966
22.25357799251622,9.015390599111093,47.13328493315848,47.27825247922827,0.14496754606979323
22.120432551633733,-11.565095199751866,47.02361257120534,47.17979376081902,0.156181189613676
14.088551306950897,28.209979406601057,48.014174941392305,47.87336980714846,-0.14080513424384833
-8.718592025710777,-26.36385123373011,54.263248702205445,54.28603467406451,0.022785971859065057
26.786322050697777,5.3272266950775204,47.24384389075016,47.26863875971123,0.02479486896106664
-9.835924468682904,4.541915998329458,55.25343568584513,55.22923399017334,-0.024201695671791867
-11.014985739697806,27.016372028115732,54.63801745107935,54.6779027081504,0.03988525707104884
-5.411049661769134,5.160266795744427,54.79189722519844,54.747602396276996,-0.04429482892144421
-31.485854786367604,-14.984719678690482,55.13767227417484,55.13195949052194,-0.005712783652896292
-1.1493295890510424,-31.235194520993716,48.97081589685641,49.03800659755538,0.0671907006989727
14.27771972609839,-27.261816903734875,47.92666752362916,47.82153003208063,-0.10513749154853258
-25.058750703408812,-29.62214721577506,54.88456169382626,54.92377590797872,0.03921421415246584
19.045712610124873,20.336141720128524,47.510444552469444,47.52304543966475,0.012600887195304722
10.367438362106,-18.086282496188865,47.790884928342464,47.74511899083315,-0.04576593750931579
26.072755711991128,25.692802166012086,47.43877495919758,47.49700785364811,0.058232894450526373
-6.306812581436979,28.643502029959436,50.28429271973105,50.32541501715443,0.04112229742337803
11.105702818753763,-8.983266589709189,47.85427023382127,47.833630552982875,-0.02063968083839285
-7.159881810833689,-20.385790080977053,54.50197727559404,54.48359744430069,-0.01837983129334475
-24.859551768648195,26.66370960197807,56.10086374940309,56.11291311457066,0.012049365167570159
-25.579263185700015,0.3185778095758849,55.194407705590194,55.208949942182876,0.014542236592681945
-7.79172297430452,-11.028561814092122,54.72503159671383,54.710151478100045,-0.014880118613788795
28.068610633335794,19.07028536237317,47.49630161585017,47.495897165008806,-0.00040445084136564446
12.615879979343141,-26.427974856666964,47.94033404463073,47.877996955782535,-0.062337088848195776
-5.234700635000159,30.39087748814245,49.76718567445415,49.8628254490982,0.09563977464405582
27.43775734694303,18.359459311797565,47.44415008222204,47.446452628202174,0.002302545980136017
-12.155441014556487,4.84107974933287,55.293421902728056,55.27997341388739,-0.013448488840666073
-30.882308138302967,22.54840638644881,55.94742907630157,55.94802860325779,0.0005995269562220074
-19.8044014979479,-30.10959082750756,54.696039015243294,54.65637793730145,-0.039661077941843814
11.672257243279695,-18.53990072869327,47.82632979807126,47.82301079494345,-0.0033190031278067522
-21.487248661503052,25.78421613915306,56.22921269986153,56.2567534500336,0.027540750172072137
26.32936544803062,-29.874914373483698,47.02742014599064,47.01881166115428,-0.008608484836358343
-25.938950123656987,-15.131147610670908,55.02200358324885,55.057511257964414,0.03550767471556071
-26.960409913287748,-6.359049284931942,55.23730773478303,55.22080880327558,-0.0164989315074493
7.4587990823232815,28.40669933043889,47.89675401445995,47.964302117635725,0.06754810317577409
24.300875151286313,20.476207825239804,47.30535998935565,47.302795242786786,-0.0025647465688649618
-22.71733262511139,-25.52178992282341,54.86007368218226,54.924237659114745,0.06416397693248399
1.3851225386411556,19.887169589530444,47.588971127108294,47.63625183293691,0.04728070582861221
27.459420476266217,22.79383239558021,47.485432815322596,47.4772838759342,-0.008148939388398446
-18.169532394226053,25.935581273968694,56.59853961273873,56.59847515613626,-0.00006445660247322849
11.709962835851861,16.312820711311545,47.992410964658404,47.79964154617725,-0.1927694184811557
-27.84965482098429,26.477365091685172,55.924036162443706,55.96300950027032,0.0389733378266115
-0.6250489538376272,17.74870013614982,47.610189403631594,47.662129100907684,0.05193969727609016
4.769875131908719,24.192561559974386,47.6695080379854,47.782563859861284,0.11305582187588215
9.431855271980098,6.643748514847644,47.89431089247934,47.84365798792047,-0.050652904558866396
-17.692541131409605,-29.799444081581278,54.629799273407606,54.515733872138235,-0.11406540126937159
25.479574508569627,-3.8632782397754326,47.12443926600984,47.16261412306374,0.03817485705390311
-11.642376994767567,-5.763877709894416,54.94990705494511,54.94944365699932,-0.0004633979457864257
-21.562990242824633,-20.1608527490065,54.95793207434883,54.950944867695625,-0.006987206653207068
24.893932500931996,11.222685222985632,47.24286970415398,47.26029193465434,0.017422230500358182
-8.4099770782436,14.325235321205462,55.514002608364855,55.522427448069244,0.008424839704389342
11.144195377839551,2.148530216219818,47.956788291551284,47.891517718017994,-0.06527057353329013
20.043705593296146,-22.420413491344895,47.138256609102164,47.14207995389813,0.003823344795968353
0.3390882528786321,-18.361793623831964,47.4427501871382,47.4548515299442,0.012101342805998172
-0.3851726463760272,4.611972358431764,47.73046450445885,47.72104107137587,-0.009423433082979216
-22.324524198119235,-29.118749393792143,54.84896589050223,54.873120120400415,0.02415422989818694
-16.812336034454695,-14.965773847866785,54.93763387206741,54.92935729608444,-0.008276575982968382
-24.637916980400973,-31.21685670453978,54.90256989604963,54.899986425524446,-0.002583470525181042
-10.253598891549792,-2.6458338839396873,55.00352954368657,55.000618315083734,-0.00291122860283366
-23.724733614332592,8.531241339383499,55.25509862739619,55.23486963869611,-0.020228988700075945
-20.83538001681363,8.218153465004669,55.288541408963475,55.2265202564987,-0.06202115246477291
15.891133229827588,16.326304293709413,47.824093214262504,47.801958789114465,-0.022134425148038872
-1.8928830207869751,16.486605238999758,47.82865777907417,47.82933558067697,0.0006778016027979561
7.269651298972633,16.286214502667328,47.73850751443386,47.78614880738794,0.04764129295407571
12.035884676265077,2.19614455673878,48.04806351678208,47.9485816035598,-0.09948191322227729
-9.131500923126794,-10.070357268095371,54.773536273495836,54.82775150535035,0.05421523185451349
-2.355106399108635,-25.528386952077554,50.73950970458321,50.71572181506538,-0.02378788951783406
11.000567563677606,26.37403340263736,48.144198551943674,47.922049942189496,-0.2221486097541785
8.314465972255668,-9.652301520762599,47.68046760590895,47.65681893063447,-0.023648675274479558
-12.768830029742816,13.951100272357593,55.596906933249144,55.5669549130878,-0.029952020161346127
-13.300732379604142,18.720864033624345,55.728465109080545,55.73090952093485,0.0024444118543058835
8.57742962587335,-29.24767645222456,47.668429890667056,47.65152461499637,-0.01690527567068756
-1.210283981403201,-15.08020467404539,50.635684826268516,50.62664630683602,-0.009038519432493786
-3.8483542769678394,-11.142703147350026,53.58159290937364,53.5772881602252,-0.004304749148438702
6.895861863634607,-3.5489672212172962,47.57568894981674,47.60609809571469,0.030409145897955625
-0.9653301354236064,20.319598756406755,47.60737047868674,47.65647738236394,0.04910690367719894
-31.538975124914366,19.304394371488748,55.78634080693783,55.78480103128817,-0.0015397756496611237
28.945512917235966,-8.16034633768217,47.263025500566584,47.245296601420854,-0.01772889914573028
-31.08324347272095,3.273315421025295,55.20599112652038,55.272897888894555,0.06690676237417392
0.6963544145555147,-7.491499793382722,47.841934178668836,47.8714866182999,0.029552439631061134
15.506758856846915,-11.018253485081438,47.84696742093365,47.8057281959862,-0.04123922494745358
1.5105172666629727,-22.745142503523304,47.33456663683331,47.422075854608394,0.0875092177750858
28.91058156059723,8.193681195985313,47.43270752604716,47.42130061009103,-0.011406915956129637
28.509016797268373,30.98092214474174,47.94631512485394,47.962241065866706,0.015925941012767453
19.34967974520933,25.09618022374916,47.50050179223463,47.45901896581729,-0.04148282641733658
-16.419734555744036,28.23257664251392,56.723272754677865,56.72003387228156,-0.003238882396303211
-10.414486789823485,25.12463310447862,54.68200974751449,54.696972339276805,0.014962591762312627
20.6903474800274,-15.936219138147955,47.17421263681089,47.26866516054847,0.09445252373757995
-17.91564874896124,-27.70507582316761,54.63394692559475,54.607036091436505,-0.0269108341582438
-15.292769653640256,3.6675185798947894,55.27956329282854,55.28167420091277,0.002110908084226537
7.169696486011311,8.234492476065256,47.67178403513475,47.70761239225111,0.035828357116358234
-15.861195719748572,3.9240255292284445,55.28574316439801,55.293467540166795,0.007724375768781044
-5.888882262009751,4.938874574394681,55.076611023817115,55.05758467366209,-0.019026350155023408
-0.6107494255272812,7.113394883352967,47.737880993240154,47.72121733845713,-0.016663654783023674
-22.32323587468293,6.172631739424375,55.239615790645374,55.220337685964644,-0.01927810468072977
-19.03390290142272,30.87737653343092,56.76916886442749,56.775713150841376,0.0065442864138844925
-8.460193180510842,-26.085573184110388,54.26454338135959,54.280941251880144,0.016397870520556523
-31.860127553460764,15.083151290317218,55.340380787251874,55.39608401479991,0.05570322754803669
21.731860898261502,26.266620107307673,47.301714599220944,47.37649640766494,0.07478180844399418
5.209593282688111,-4.139325035783429,47.526693270078,47.532733020397394,0.006039750319395409
-11.65101663370828,7.501267976925277,55.379001976741655,55.365349763128386,-0.013652213613269737
-5.043854409781133,27.224596302343812,49.40328554133784,49.337131330911006,-0.06615421042683067
-22.5246299518128,-22.900004486663583,54.96506290372205,54.94380598489842,-0.021256918823631565
5.572737693868142,1.6948729583214472,47.56382542256202,47.57022787051867,0.006402447956652679
18.53455944571222,25.989707121240208,47.600172519962484,47.54554181914165,-0.05463070082083732
-28.245073627576126,18.844277204801465,55.74173114128945,55.70726696533794,-0.03446417595150564
21.711267554132597,24.34033462133877,47.27338177211053,47.397432376069816,0.12405060395928302
3.9352695958202233,-22.20736945868498,47.389169582020216,47.40719552456513,0.018025942544916518
-14.205745100786785,-4.867690210672414,54.99196814035544,55.01534921143747,0.023381071082027916
3.980601969644546,3.3298088924694085,47.53228505316031,47.51981838245067,-0.012466670709635252
-24.82964740970703,20.753742495727543,55.961145576527116,55.996886635928256,0.03574105940113981
8.408607263544802,-10.004038629636185,47.691747683716954,47.6416652858854,-0.05008239783155233
7.50651327020131,29.399235244322426,47.90702562930696,47.963447900199185,0.05642227089222729
12.50985118432044,-0.017306736720080096,47.93400533917723,47.91078561167427,-0.023219727502961973
-7.473565025926803,6.291404900517797,55.251809601945865,55.239593881895,-0.012215720050868129
10.051537896458122,31.632231344454404,48.11333722217926,47.96990603836346,-0.14343118381579956
2.7206187902308088,10.259353681025232,47.54208052128853,47.55354358378595,0.011463062497419685
22.234260909091383,12.966135337543868,47.16637493481365,47.330856977643045,0.16448204282939116
2.530586448513958,-25.909691869253265,47.34607063713318,47.47838571379496,0.13231507666177578
-13.030139720812109,10.186094236914464,55.48793457907779,55.462128016245295,-0.02580656283249283
-0.6922317961903062,-1.3474781372823799,48.34468584369322,48.311323686294074,-0.0333621573991465
-29.356539732035834,21.334337588175465,55.89837866848494,55.979417869668744,0.08103920118380614
-11.556803495848605,-16.175272692097167,54.67452536296355,54.72773355942288,0.05320819645933028
-18.29686081031503,-15.017209031780432,54.97272208420919,54.95001794348274,-0.022704140726446553
24.207845242166137,18.20999866302617,47.28260108403858,47.27937848614044,-0.003222597898144386
-22.285502475298557,7.796632981354172,55.24535526189611,55.227962075040274,-0.01739318685583413
-22.945413287717955,-10.060713431673953,55.0949138584763,55.06005642074783,-0.03485743772847627
8.386318898571254,-28.64919860199548,47.641262942250016,47.62940967081003,-0.011853271439989044
-20.923078997687476,-31.38901114384654,54.769755020260284,54.6908037149768,-0.07895130528348204
-2.5201172855665277,-20.967590972817497,53.228207872185024,53.25223488278509,0.02402701060006507
31.597882204659548,30.020312432757635,49.277364169282286,49.27714462312854,-0.0002195461537439769
-6.623142381020912,-31.815673933136765,54.208751987704,54.1967901196509,-0.011961868053099067
30.960946921382828,4.707148739269606,47.5866860307951,47.587495625004074,0.0008095942089738628
17.399730971058595,-5.982249433150564,47.57988927271848,47.65452126009636,0.07463198737787735
-28.519345387215907,-2.9775220415252903,55.212524137053165,55.25234393625422,0.03981979920105516
5.378594734068159,-20.982479953400798,47.45298946366918,47.47536526774787,0.022375804078691885
26.34681030014245,-15.974529870340191,47.06843944574198,47.05409690916415,-0.014342536577828469
1.999634730579828,-3.049300980649825,47.42981363908992,47.42410564222932,-0.005707996860600417
-19.082569524048424,-28.818445290759357,54.6680175042565,54.65089680690431,-0.017120697352183356
31.71260682082098,18.869610392243956,48.43207428757074,48.43116412929151,-0.0009101582792325758
21.23485406779063,-25.105897549549255,46.945843829460074,47.083781624780705,0.13793779532063155
-0.2845833681644194,-31.52584389250677,47.80550660614496,47.723896138804825,-0.08161046734013411
-0.7117227477625221,16.539933126504025,47.61685925970612,47.65802280020225,0.0411635404961288
-1.4059641904343394,24.68608923503833,47.65347663935934,47.644718816415164,-0.008757822944176041
23.551344352785783,25.417173327201276,47.357162716977456,47.37193058337884,0.014767866401385277
-9.132193113621838,-3.5046203653939756,54.941485697571515,54.946981076368246,0.005495378796730677
-0.4262371655333439,-6.964374863880941,49.101623349677965,49.18978340463624,0.08816005495827284
13.59925726761805,-26.701534531637336,47.97951295495883,47.8560757558288,-0.1234371991300307
6.379300345121685,-8.87456144126677,47.548630699482246,47.58055236175188,0.03192166226963167
-4.815893558401903,19.03817947190256,52.29067642777983,52.17781677722019,-0.11285965055964198
0.1817991409581552,-23.599746356999475,47.404731158784365,47.420876340736676,0.01614518195231085
7.789556508093298,28.851664969333633,47.948462148141466,47.97454168922893,0.026079541087462133
14.86972279522189,2.9796330710416328,47.977596949238766,47.88965463560388,-0.08794231363488336
24.401510626191403,-17.704395690953895,46.96411791416238,46.96860798573326,0.004490071570877774
11.210351231253249,17.93661465682343,48.016693377444014,47.83224225902028,-0.18445111842373052
10.366867116731797,13.313613582615147,47.927288338159755,47.78557695105605,-0.14171138710370457
9.356229709859669,-24.072339061931352,47.7027943016849,47.67354733968043,-0.029246962004464194
-23.49512373814867,-0.782481733981605,55.182394238335284,55.20358194055287,0.021187702217588367
-3.15042921868465,19.505999977701727,49.378612640099455,49.45261959450567,0.07400695440621519
22.991606062306175,-19.868348224879412,46.90233058963467,47.04563354189235,0.14330295225767742
-31.88921693267484,0.8995536725373299,55.23608953608869,55.26449378143098,0.028404245342287027
6.2768543643081784,-27.23475179386685,47.44049051897265,47.55115831691005,0.11066779793739556
-28.45848979137054,-1.0475588037581929,55.19243483377633,55.24320509215402,0.050770258377689004
14.941993183941591,5.438365530504022,47.88880566432505,47.88189668452946,-0.006908979795589687
-25.23939526153881,-16.567888050822262,55.00158503680211,55.040213571509156,0.03862853470704408
8.990761703676888,6.626461778170373,47.8751296221447,47.81098144519452,-0.0641481769501766
9.092612070347364,-29.384710955459084,47.72449765048938,47.70067510509094,-0.023822545398445527
-5.4100905324668105,12.081345211274197,54.162092666388354,54.14589723917566,-0.016195427212693403
-28.959857686933233,-20.506695655679216,55.11446335430593,55.05132466967774,-0.06313868462819272
-8.87189899943921,7.904468492650949,55.333723243169125,55.333959140664604,0.00023589749547880956
8.670806193487351,-8.536279845809155,47.730922027574394,47.69748747074282,-0.03343455683157259
12.436671843236404,-11.745186776341477,47.89730902103031,47.715393191103146,-0.18191582992716349
-15.526952085668448,-28.976323130970236,54.47893325288588,54.39876924098906,-0.08016401189681943
-31.476639733539898,18.04321561961394,55.63953213864443,55.614838247251036,-0.024693891393390288
-31.98895973975455,-15.906706706662398,55.129001628518175,55.12889305308751,-0.00010857543066578046
11.053740662368043,-13.45157042372351,47.82150345490633,47.67247924232854,-0.14902421257778542
9.976283659911736,23.822888878930293,48.06389173085298,47.902312657409205,-0.1615790734437752
10.29220321509856,26.506389807562755,48.137220097304024,47.938397610199196,-0.19882248710482742
26.931325844126604,-11.332882342153546,47.120298820125825,47.12407052065883,0.0037717005330080156
18.748609503799756,10.778156773894516,47.527673478048825,47.51610076315315,-0.011572714895677905
10.388321606006421,-8.166194976940517,47.838370317317064,47.82413790132175,-0.014232415995316217
-29.1901480249864,10.134972018504477,55.24464977164577,55.30461444334709,0.059964671701322914
-3.607467467501351,21.10587083430729,49.22495719972884,49.221484173865065,-0.0034730258637765132
15.91487618473618,3.919225102329662,47.88454069228396,47.876054566299274,-0.008486125984688897
-28.9092217082881,3.18917927978287,55.20658415972272,55.24880872253174,0.042224562809018096
-24.38609932600321,-26.78201167948673,54.90624882161781,54.94038711454803,0.03413829293022275
9.711517388697324,-8.148517400441406,47.8074976610489,47.777827317010406,-0.029670344038493113
28.59894313553253,-15.493520594540144,47.176454525380194,47.146046504394874,-0.030408020985319695
-1.9211531085492695,-3.7207193313717326,50.58161220731642,50.55306499624844,-0.028547211067980527
3.599300876950778,-21.044426524635952,47.40866332187997,47.39208264418399,-0.01658067769597693
-28.267632807545745,9.268050549762776,55.25760402321642,55.28085847847294,0.023254455256520146
5.957627788963521,26.532913359756037,47.74181519543559,47.88348313525115,0.14166793981555514
-16.89708020993345,-5.303884042609575,55.03300730124951,55.057498374431965,0.02449107318245325
-3.4521073710549643,7.000124078220523,51.97524918898765,51.93113216051747,-0.04411702847017551
2.581410774981002,14.719336426671454,47.568733856920474,47.61270952750214,0.04397567058166629
6.071747130698903,-17.878751829073437,47.45824793258154,47.512694552194255,0.0544466196127118
11.887987249347695,15.890367159499597,47.990729211304014,47.80290386161894,-0.18782534968507747
8.667439723642275,-30.291802403270268,47.67093257123902,47.65391024346975,-0.017022327769268486
-18.11958038437905,24.509430195115094,56.844519779937585,56.84576276445343,0.0012429845158479225
13.954925046127045,-24.129691691265855,47.9626893688422,47.77165474209635,-0.19103462674584648
-7.157976325395651,-26.61818458605041,54.19416650281572,54.184698336030124,-0.009468166785595145
27.861895461052214,-13.804413716139585,47.14996275506182,47.130630299530885,-0.019332455530935988
-4.3545458525288225,10.484474943038833,52.576513847222216,52.66987488077819,0.09336103355597203
25.645706244917164,-30.98303505678102,46.97539488674393,47.01106127001152,0.0356663832675892
-23.923259980853523,-11.633253860186272,55.06644814238691,55.0593676018619,-0.0070805405250098374
8.910368440545867,17.351782198212447,47.86819983953199,47.81078051974849,-0.05741931978349868
20.973555197421774,-5.2341215458130534,47.22859950756108,47.331008030284885,0.10240852272380607
-23.042112129944968,28.731212074692117,56.10535728507968,56.09317462289868,-0.012182662180997283
4.805909450320499,-19.981487118158817,47.44249122419658,47.4586234867494,0.01613226255282285
-1.4332344497754264,-2.736378165173612,49.673258098462306,49.70798086976909,0.03472277130678236
10.172599366298726,18.906161516522957,47.979043400916424,47.99648650916266,0.017443108246233407
6.98329403990968,20.73142108931637,47.74855971057155,47.856137983052704,0.10757827248115603
18.090980112264724,-5.2604965782112245,47.5345825233373,47.59670798787334,0.062125464536038066
-30.06327976843211,11.88974597441021,55.2283448648708,55.335799015450036,0.1074541505792368
24.52827923999609,-13.660612687890207,47.00604138574258,47.01041554382718,0.004374158084601731
22.437912121504844,-14.035802469702418,46.96264914037049,47.13068870607947,0.16803956570898038
6.170562234441142,-7.519588416615278,47.56933150664107,47.57647596198743,0.0071444553463564375
29.557130439648937,-30.05125856447539,47.15295323318776,47.17416342877215,0.021210195584387748
31.938993074597334,-3.6220653575921133,47.4992762252035,47.49696506293132,-0.0023111622721856406
-6.865048564898764,16.77499947241538,55.46039892545427,55.46689744694268,0.006498521488410347
-0.4216056542641198,12.211078563152753,47.59758779895006,47.60700115355997,0.00941335460991155
-8.244687784357914,12.23046369210006,55.4337531596414,55.43253437632911,-0.0012187833122894176
-15.464051707867085,19.16976850825887,55.77620827065334,55.77062649028448,-0.005581780368864031
-2.3006456370616064,-28.051469563866682,51.754975269056686,51.76249893570539,0.007523666648701521
17.56084381912047,1.6482981768104352,47.57333342681822,47.67416487547271,0.10083144865448901
19.0021451016824,17.030565734000078,47.52277370618093,47.6019288149588,0.07915510877786858
15.28237096524996,-15.009784733028724,47.764504119408684,47.66786101427251,-0.0966431051361738
3.141954515628484,-2.5411676252605773,47.5008527699143,47.476700381811355,-0.024152388102947953
-6.446295050684974,1.5478700151497549,55.0308658524264,55.02977444125885,-0.0010914111675504046
-23.66757819487743,31.4368611282952,55.98208091671182,55.98006021967753,-0.0020206970342897534
-26.950816574105268,2.9588336568442557,55.237726914017344,55.23229214039109,-0.005434773626255662
18.964920390245226,9.50521039469809,47.50178496207791,47.484105443689636,-0.017679518388277415
-21.61134700599664,-5.5886411502550075,55.27059720659703,55.14928050652527,-0.12131670007175899
-15.379335998619652,29.815055468613792,56.135737643216956,56.16413111389058,0.02839347067362752
7.304844320179548,28.02451991709048,47.87346740039216,47.96076145000761,0.08729404961545129
-0.8949180092233391,-25.87001676617286,48.36613269843353,48.37777288326123,0.011640184827697908
-9.107292934591086,-15.730759372170304,54.624335952625266,54.64778602319874,0.02345007057347459
5.607691601309227,-13.496652915590722,47.49948421334143,47.50698265716513,0.007498443823699574
-4.685175342425197,12.727242998024636,52.96548996123828,52.843232817335064,-0.1222571439032194
20.195957707710008,-25.250308135579715,47.113827886061145,47.14219530386932,0.028367417808176754
-26.211921748576543,-2.416274082656898,55.18526990229549,55.24262230980325,0.05735240750776427
-22.397414798566444,17.955312781968345,55.36465215484627,55.45399300201617,0.08934084716990043
2.7641860733147965,-5.895899395353936,47.44443639231608,47.45161486899061,0.007178476674532419
-0.915040704983042,31.12540425257565,47.63317853113066,47.63228634872352,-0.0008921824071421725
1.1682180455070608,2.4083230548008387,47.46391040119019,47.58811169229677,0.12420129110657996
16.10730338693545,1.9406626859651581,47.790680505894144,47.83905195604675,0.04837145015260802
-3.669662281936567,18.089663687054205,50.82007990258748,50.84912604434454,0.029046141757056887
30.221961103476275,26.130504801681376,48.68555991668836,48.68260693965521,-0.0029529770331535588
18.658781380025374,8.913470315354076,47.520015361196855,47.505324505898926,-0.014690855297928351
-31.321326838690922,-26.568166648002254,54.89892818316753,54.93971200251279,0.04078381934526476
-9.431126595928312,29.541063109134633,53.18731896672739,53.1844295738229,-0.002889392904492638
2.7489108955548076,-22.066621871435203,47.377604630847244,47.41956568429977,0.041961053452524766
6.186374497495315,-5.533180114412701,47.554723393052875,47.57498442901099,0.02026103595811435
-3.708891985625961,25.269101578954192,48.43060939417576,48.45388270617844,0.023273312002679347
8.764466102293333,9.461650811479124,47.850509941152325,47.75587827934471,-0.09463166180761817
1.2377811518578596,29.50253618954183,47.64716773173547,47.684439219561405,0.037271487825933036
26.37012041001588,1.9387165713144796,47.21500473409945,47.23453515584768,0.019530421748228832
-16.58986267611293,-13.37600677479216,54.93927621952348,54.933324111899815,-0.005952107623663494
-10.007557341985695,24.61876186434074,54.55126610723708,54.55149029903218,0.0002241917950982497
13.609496643433637,8.197683502622496,47.93468257417425,47.73270598903936,-0.20197658513489358
22.355663908954632,-4.276069758325789,47.04727057685308,47.21661141426932,0.16934083741624306
3.5056748101981796,-2.0972142222681924,47.505107689761644,47.4818477614075,-0.023259928354143256
-15.5080989785124,-7.201872615034304,54.9735068536057,54.97940519260085,0.00589833899515213
3.686918934517891,-6.907165346041786,47.45636821581001,47.472224384562274,0.01585616875226492
17.448989578622765,-13.502536563775344,47.51015855793677,47.58387053574358,0.07371197780680916
0.0374185169565493,20.19870364339245,47.587293109633,47.58849505588365,0.0012019462506458467
3.3064843911900184,10.248180079906781,47.556073841711054,47.5669488626573,0.010875020946244263
-22.105391634625455,-20.2515076438673,54.9787923432913,54.959643661722104,-0.0191486815691988
7.33703939716181,-22.221351750322924,47.5189188536312,47.56566484691697,0.046745993285767895
-30.002787674132733,-0.43082990541789457,55.21531398518127,55.24765732675152,0.03234334157025387
-6.794643738845572,23.917389513939256,51.616513739702384,51.61397398045833,-0.002539759244051254
-9.493396146064768,3.803913856398978,55.21781044865833,55.197106446008384,-0.020704002649942765
-15.918487643819567,8.285550569951177,55.53568787217074,55.42553928229262,-0.11014858987812204
-10.90308548421821,18.090874870959254,55.70194955425761,55.66895631514672,-0.03299323911088692
23.27361830056836,-4.435433393167841,47.019899524029526,47.13251184854744,0.11261232451791159
19.79546240643249,-11.761653680374444,47.29496125263472,47.39929131607507,0.10433006344035078
-0.30087864386027974,22.436777188192664,47.58017127346997,47.586346979216,0.006175705746031213
-3.852509813589542,30.044545465079757,48.980333262561395,48.969954129304085,-0.010379133257309547
8.017943632301943,-21.1842732421147,47.61130742776066,47.606253589071734,-0.005053838688922951
-13.042043324600535,-28.09021520058785,54.313572197435185,54.34159797166171,0.028025774226527744
25.428991813752646,-24.647267092387295,46.98957624134543,47.00287009014807,0.01329384880263973
27.09712679539942,-3.3100259277118695,47.192826756914265,47.266019110699915,0.07319235378565025
28.480397703480442,-20.253204760773393,47.144666623801115,47.14656444333117,0.0018978195300576317
-24.08083274433342,-18.70024039805932,55.01103759348856,55.007363097635064,-0.00367449585349533
1.3261855779296,-10.957163868764532,47.42257610978093,47.421421989434855,-0.0011541203460723182
16.742616227380708,5.940971967365357,47.67339554310878,47.73871986378275,0.06532432067396599
-23.832728473666535,-3.6360135636590982,55.23074576766163,55.240052899670694,0.009307132009062968
17.676164490298298,20.34967955597596,47.67486477163949,47.65433208517598,-0.02053268646351114
-25.402758877683304,8.430578813556934,55.23955494144706,55.24609197552615,0.006537034079087789
16.44700664775405,27.271705182193585,47.80465759485783,47.78955370762262,-0.01510388723520606
9.436719301327635,0.85745028105665,47.86187457739953,47.76097832170216,-0.10089625569737137
20.556890392632305,-21.74579378254095,47.0638607423047,47.10894113516558,0.04508039286088206
30.02647727910533,17.64899254487866,47.601028337156755,47.60219299044947,0.0011646532927116482
3.380882997248378,24.14085370631588,47.633400309714844,47.72236424036014,0.08896393064529917
7.871084087568654,17.161023828241404,47.79097345602055,47.7992080898527,0.008234633832145732
24.79758890902273,-17.15024841926646,46.99550471694003,46.98637155323183,-0.009133163708206382
13.783112230289063,-20.79161943388941,47.827703762566976,47.78996136004603,-0.03774240252094785
16.909246354892154,10.486650493707522,47.66828827823906,47.66808513454152,-0.00020314369754004247
12.715258519908012,25.81014134578271,48.03426792716654,47.87690690885793,-0.15736101830860605
-14.473758846817404,7.951364483773375,55.41780260923865,55.40515734713748,-0.012645262101166566
10.95031710397513,-0.009581448217936384,47.883462389574994,47.85174310682797,-0.03171928274702651
-0.7323251630910406,-10.653553795248094,48.862868989971254,48.85258964489274,-0.01027934507851569
5.500360992772642,-15.606223170009947,47.48802503977233,47.48203537760817,-0.005989662164161302
-29.90304442792924,14.358117054791038,55.26253561368708,55.35606172034753,0.09352610666045535
7.056067050336452,-6.2627771451403405,47.57610282006125,47.61668077565409,0.04057795559283761
30.62390410661464,-22.14674626651989,47.21933880578126,47.24307106968411,0.023732263902850548
3.9982592254683027,-22.29186876320764,47.38631316331643,47.41291975947788,0.026606596161450113
-8.198073405913604,-29.924944952494513,54.21469614276941,54.246922885643684,0.03222674287427196
-9.413265626184959,-6.666848699925367,54.83864195100383,54.89261803203646,0.05397608103262996
-22.84262589564627,18.423541335281463,55.444795865951804,55.54581589630972,0.1010200303579154
3.6103151593278255,26.976485863243184,47.66880694508312,47.789042045336295,0.12023510025317563
-5.307908617883847,5.24443906674238,54.733083923028914,54.683175857571605,-0.04990806545730919
-17.41571947943838,2.809635804558525,55.24211088720992,55.19270810383532,-0.04940278337459603
7.993586166085734,-20.471538729982207,47.61516854714594,47.608963951960696,-0.0062045951852454095
18.99734893112459,26.331749261039043,47.54465367486846,47.497282211678,-0.047371463190458485
14.788540521599273,-3.580010177894188,47.89942554582333,47.8495003762116,-0.04992516961172555
25.00212928491247,-13.569265718607738,47.023917176812176,47.03000608892043,0.006088912108253908
-3.6991325285692653,8.955347311983765,52.13710423353074,52.08489007810557,-0.05221415542516894
8.741295867275497,18.455226096029115,47.89309208569453,47.88234351358258,-0.010748572111950239
-12.747995121004024,18.119854875969345,55.72851259665965,55.684075615655956,-0.044436981003691756
14.508423406370468,-3.5695706601907915,47.907878847516066,47.86023095261135,-0.04764789490471344
-31.040522630183396,-11.934991521172947,55.18622791749302,55.1728539961888,-0.01337392130422188
13.674027289132582,-18.772980788757778,47.828486393434545,47.79021369636226,-0.03827269707228709
-13.56920710810629,22.20145487040019,55.88227769672928,55.98781527542758,0.10553757869829639
-4.658036762386516,0.7918564305960984,53.96978637916836,53.83282609848213,-0.13696028068623178
-31.28220872474916,15.538179609792863,55.36966165605993,55.39049684593693,0.020835189876997617
-4.251429577872749,-29.873092249670357,53.72687892517007,53.74490769083217,0.018028765662101875
-9.163901745469097,-31.783575175264737,54.18586474840808,54.24307634467428,0.05721159626619965
0.14102504955231865,-29.302394455921082,47.37836169513682,47.3959128804472,0.017551185310381356
1.3747075433254068,12.929609302953246,47.547668463248854,47.550617726121864,0.0029492628730096726
15.384299783172438,15.884747555908397,47.87329210577806,47.79280489890411,-0.08048720687395416
-31.98340193981771,15.1533719639893,55.348227442052284,55.398833609391545,0.05060616733926082
20.78171915111809,-15.319150614475014,47.174916107073585,47.248380869149415,0.07346476207582953
28.07237779766961,-30.247139911243117,47.07044330057024,47.110081188188424,0.03963788761818421
3.384543353824789,-9.754991156092991,47.434991151682844,47.43913110657572,0.004139954892877995
-12.310479299969607,11.494601288254927,55.515932973832655,55.49203577203296,-0.02389720179969146
-26.90471314059485,1.0663761846994504,55.21180317462562,55.22293990285951,0.011136728233886117
11.133671218198366,-20.750037510141823,47.81823049141397,47.79335730399494,-0.02487318741903266
27.173107162881706,14.829290676907874,47.41168649943262,47.42128055288981,0.00959405345719233
-11.197861606754998,21.507726328776158,55.81489979577218,55.81478319211044,-0.00011660366173771308
16.501916297737203,22.881817885752547,47.801118616894726,47.79078394390218,-0.010334672992549088
17.48201648090106,-3.4631036054020896,47.64193679703712,47.66771337489231,0.02577657785518994
8.87935914731856,0.8669545358263164,47.829181867795924,47.72375399456818,-0.10542787322774672
-25.717827662722037,10.969714487761294,55.261131850338295,55.260634036660804,-0.0004978136774909103
-6.358156554740425,12.636070757096455,55.2093465190505,55.22915824119867,0.01981172214816951
22.13722866722609,15.312827631057651,47.18698286599038,47.3810057565691,0.19402289057872224
24.350972918145466,3.5583072459052474,47.153947080238474,47.15598945075872,0.002042370520243253
10.819973638648506,0.21155739982830823,47.8858495482045,47.8455827012873,-0.04026684691719851
1.649632696284229,-0.2854210002529598,47.47316942993875,47.48392181591378,0.010752385975031586
12.134271771664302,-20.098189957933776,47.84948804111927,47.844457828411905,-0.005030212707367809
-27.09168312010525,6.959602809925393,55.2103602553103,55.25240511791798,0.04204486260768192
-22.82663536960107,-24.96418738411475,54.90346332266073,54.931029479357015,0.027566156696288147
-10.545525729264043,9.41248913500035,55.417134105287275,55.397488424637864,-0.01964568064941119
-7.64869817287682,2.164505152260766,55.10534967531443,55.09889694559818,-0.006452729716251326
8.785057226169421,29.995236876707096,48.046730304443294,47.978298084118386,-0.06843222032490814
6.84819212636156,25.281861417034165,47.75470082530063,47.86613732639219,0.11143650109156056
22.58709499802586,25.653672198102107,47.3283028020154,47.3769244404745,0.04862163845909606
12.296058055983053,-11.887523446448824,47.89185808345646,47.70490714324713,-0.18695094020933567
14.640831594631344,-3.515786490043652,47.90365906365624,47.85564316086115,-0.04801590279509327
26.05186516966655,22.416441654779916,47.40599630567816,47.42180267495135,0.0158063692731929
-29.37742041836615,6.146072108956723,55.19036020831369,55.27065144362688,0.08029123531319016
22.810315463795483,20.41101676530996,47.27341805750264,47.3237879887495,0.05036993124686262
28.761112298207337,10.888928690433723,47.39868182795011,47.395494358664486,-0.0031874692856206366
14.112739492526856,15.54117914342666,47.95581171806488,47.793583249285184,-0.16222846877969488
20.41297636996984,30.097156170639984,47.34282361431705,47.37513401691002,0.03231040259296947
-15.439131326440908,9.78652770983625,55.51337770645614,55.46743461594157,-0.04594309051456946
-21.6467232654963,-30.94434685065182,54.80613395232868,54.758795769762244,-0.04733818256643474
-7.9735775712746815,-9.475873691074348,54.83419819653662,54.8323214851708,-0.0018767113658171297
21.579518624420572,-13.251862786463583,47.059882013146364,47.20456474120871,0.1446827280623495
-17.400206267372972,28.740821814777554,56.84970738225546,56.81535103540715,-0.03435634684831257
22.594685475315075,-6.433866061886306,47.02632242300173,47.171962918425194,0.14564049542346424
17.133352275496506,-27.916246058316915,47.443108809710345,47.501408499499874,0.058299689789528486
-30.9143503334385,18.42727973602583,55.697811160597276,55.66406806080879,-0.033743099788487996
-3.869000438328733,-26.78199758327078,53.50913122080444,53.510462847339234,0.0013316265347924627
15.37192861774799,-27.28544703205933,47.79107777281982,47.74193355820186,-0.04914421461796081
19.672935794896276,-20.69765713504649,47.20697234059594,47.296511279597254,0.08953893900131504
-7.769449078117823,-21.25498841735307,54.43103160182284,54.435044068006206,0.004012466183368701
9.678669114985098,-11.764022946252176,47.79715242599167,47.666026624615895,-0.13112580137577368
-18.530167372468135,-26.382422319231118,54.6870952806506,54.69873747779878,0.011642197148177047
-1.3353224669759527,-0.7630020909834556,49.12894084124477,49.11707743963668,-0.011863401608088964
-14.933677442467314,25.63762852616844,56.30141616688095,56.39793950088464,0.09652333400369173
-12.59614824499824,15.965363289507422,55.64438518647363,55.622695726998415,-0.021689459475211947
-31.84797775084715,-4.210472127719825,55.287648928861756,55.25775296384513,-0.029895965016628168
-31.419910499890506,17.597489351256975,55.588473665341844,55.55747423280181,-0.030999432540035343
24.0999546886573,-10.629555264683425,47.02071326654647,47.02077990448154,0.00006663793507044602
-4.1877446135508976,-4.324377000391621,54.324613439511225,54.36447709037494,0.03986365086371535
-19.674832944860107,-11.88103089668877,55.01078909238132,54.990383911486745,-0.020405180894577768
27.699473789525335,-27.83114530083369,47.07803286318533,47.08307392639677,0.005041063211443486
25.751936945084708,16.875399823944846,47.34197860811378,47.35797206940389,0.015993461290115363
-31.442630591797666,24.9828633105351,55.89001920959455,55.919702821138436,0.029683611543887878
-31.38786266808107,-5.752563026621175,55.26743889353732,55.257005276835635,-0.010433616701682524
18.053489312986557,-27.308792509620673,47.318634665846275,47.36239207552449,0.04375740967821429
1.7560918525119575,-10.740558657250041,47.405651400493994,47.40311958335486,-0.0025318171391361943
25.5712979146454,9.549896585314578,47.2577707739473,47.26714901729229,0.009378243344990267
-25.41753909441993,21.310592331627774,56.016764579669754,56.028220609907336,0.011456030237582127
30.733603123141435,-8.181900389240667,47.40435229086509,47.32403183625626,-0.08032045460883097
30.10238141894053,27.368663204902802,48.78672725427799,48.78384973854072,-0.002877515737274905
-25.354308227071655,25.91939939865719,56.10533893091583,56.113433435702085,0.008094504786257062
-31.178017664207964,4.705622604017108,55.19658912300072,55.28784741079144,0.09125828779072265
-1.964938776865182,3.3646244339193956,49.45636548522766,49.5550376536949,0.09867216846724602
31.922875311655943,9.620289405133171,47.79385272604816,47.81907495553739,0.025222229489230585
-13.66208284208463,-14.891278232936486,54.86239088589556,54.829783699410754,-0.03260718648480321
1.1233953707357216,12.92678185517753,47.533228666437935,47.55245316975007,0.019224503312138097
4.004580126635496,-25.239088863960113,47.394461690124515,47.50835194115292,0.11389025102840122
2.0988218211488743,-19.31469484512529,47.361520260913274,47.34941872508201,-0.012101535831263277
16.595950091978487,-11.12460049084222,47.72985174689541,47.75137725658564,0.02152550969022826
2.300631104501413,-20.565816056566504,47.37173577239189,47.355504851601125,-0.01623092079076116
3.5852858002516186,26.72594633164892,47.666131330360116,47.786860378663455,0.12072904830333897
31.336649946917028,-2.9921041617142663,47.512104908856536,47.48731687956165,-0.024788029294889213
14.166231775093422,9.862449751554593,47.90300646023676,47.74587010031588,-0.1571363599208837
19.734097942523356,-26.97214881078971,47.12774682405392,47.14500671005843,0.017259886004509895
-10.166438413747088,31.42940460611704,53.98528253616977,53.98174343216374,-0.0035391040060304135
-30.242864912744388,1.728054825650986,55.207846505761594,55.2523708216097,0.044524315848107676
-24.996103045246585,-23.41044616253911,54.96462505777065,54.977360858382056,0.012735800611409331
-30.91973483470605,22.834333364639626,55.937542452879676,55.92746689776766,-0.010075555112017298
-21.761507815981226,16.28601851262553,55.286790541071476,55.39243770399306,0.10564716292158494
22.4392799475318,-25.22496198822534,46.86128690224069,47.00982973986484,0.14854283762414866
22.87755990825982,1.9928062157625206,47.061720491150616,47.19307082752939,0.13135033637877314
12.938761112241956,-3.5361436675671456,47.96310970809343,47.92015389247738,-0.04295581561604678
-24.307964908891243,-6.221358269912159,55.212437223897695,55.17727704106655,-0.03516018283114164
-1.6207428089029818,27.361081706572982,47.66599383390553,47.67287277160833,0.0068789377028011245
-13.871878345941546,19.592195154851886,55.746750152967785,55.771018579116344,0.024268426148559286
21.712817036542134,18.03549242423967,47.22713121814786,47.43089857353,0.20376735538214064
17.388879199124155,13.964751710610244,47.66083754869693,47.663862759548856,0.003025210851923532
-13.60854345391688,17.276549033775673,55.70046824503612,55.6658355509219,-0.03463269411422232
13.50992358068983,-23.184569477966647,47.93949795419634,47.79115841234103,-0.1483395418553144
27.956515763644468,-20.816492301761045,47.102234447251305,47.12275389470996,0.020519447458653417
-0.3776353028334256,3.2780037765138417,47.68612690575759,47.72150995325487,0.035383047497283826
-10.812161269828927,0.03570607696686068,55.1112105475914,55.08647592469471,-0.024734622896687597
-27.086548622175272,7.459441150418861,55.215961299120494,55.25473891586412,0.0387776167436229
24.653634475368264,13.92374489103885,47.265966243805295,47.28106464177785,0.015098397972558075
-3.946361252115487,4.374937999098634,52.696847113114465,52.78655344460055,0.08970633148608442
8.280312719619552,-25.320337721949514,47.62050245545599,47.60505905089446,-0.015443404561530372
-5.28606273386189,-21.68294242101635,54.29092929193192,54.320296467036876,0.029367175104958676
5.736093940233317,-21.249461621523523,47.460176941492556,47.490205351400554,0.03002840990799882
21.274014508605006,27.17832935985831,47.30157768928817,47.38741403783922,0.08583634855104805
31.97739350875925,-18.10213659615937,47.290793418886885,47.298675575994466,0.007882157107580667
-15.305253440360246,-22.619270616474218,54.63871497162776,54.61555892451941,-0.023156047108351174
-2.362441080262549,-21.01323870866976,53.09049515847268,53.09025517446057,-0.00023998401210434395
8.851293002547187,-24.0082082677768,47.670831432000895,47.64218118785587,-0.028650244145026704
29.822398505125335,-6.4273683812954445,47.40029144227654,47.32817780879134,-0.07211363348520194
-26.71488310184285,19.36991598014795,55.82361099987933,55.78630410530114,-0.0373068945781867
-0.9088158502330685,20.012526574151963,47.602855530038525,47.656622592954,0.05376706291547606
-9.89576560891468,-21.087263726447944,54.45860555558093,54.48732510449896,0.028719548918026305
-31.670824482084058,24.429225470334245,55.9035753492564,55.91454644218673,0.01097109293033327
2.6550200633699177,24.77708013551007,47.63029436111853,47.6804928278887,0.05019846677016915
-22.25231232344457,16.848209156435964,55.30548265428597,55.39213217122041,0.08664951693444323
23.59126407088857,-14.385526557863166,46.96428235801527,47.01966559698518,0.0553832389699096
4.881824731355529,-18.41510199647157,47.4258073626161,47.4571766685936,0.031369305977499096
-13.86479314269311,-2.14933152729931,55.07385680855316,55.07954845000139,0.0056916414482302
5.433979282581575,22.58188296431871,47.696437968201344,47.80735315356609,0.1109151853647461
22.58899787504066,21.693935147721056,47.27871218405432,47.344103674502236,0.06539149044791515
-13.438900144417104,20.95441725157854,55.81349855385653,55.92917982636892,0.11568127251238991
23.79647430929981,28.94898794263873,47.4047386935346,47.40803699334297,0.0032982998083710413
17.37021807152187,-2.367211613774984,47.634591544062296,47.68706788708847,0.052476343026171435
-0.23907423766999614,23.05920740496869,47.565606989455475,47.56578528459946,0.00017829514398215451
-26.060612046318568,4.905144059798957,55.24989839089332,55.2345267541488,-0.015371636744518469
-12.97206978638792,2.8093005302240996,55.21735756784843,55.22239022751847,0.005032659670035855
-4.129252387140568,14.898006480409357,51.44349218855278,51.4559629199122,0.01247073135942145
-0.16271145131933906,7.269553262381692,47.63357360613311,47.630317767526556,-0.003255838606555983
-10.878451092079729,-29.322215907250566,54.27668237894473,54.29916444641571,0.022482067470981804
-22.332888880977833,16.170766144853538,55.281032380352805,55.35953936579098,0.07850698543817458
-31.615475013616738,30.176556671792504,55.79525347244373,55.7991657763876,0.003912303943870654
28.027099370398076,-0.5856476718225991,47.2675677525646,47.35133702459439,0.0837692720297909
-2.9006412482632555,-5.635813457019445,52.48052907759766,52.46514631149338,-0.015382766104281131
-7.62272487584238,-20.902772934315863,54.46146145210746,54.45862177379936,-0.0028396783080992805
-8.151348212601228,28.042412049259823,51.98632623720424,51.985206229792794,-0.001120007411444135
-21.87247875397479,-23.08299221248037,54.94335435262817,54.930792196335354,-0.012562156292815985
6.164932433784017,-0.6085728027663748,47.57058088630133,47.579534632236,0.008953745934668689
-29.5193128296466,-1.7226078317179017,55.205869888259876,55.25396888334817,0.04809899508829574
-26.791418916785275,-10.516636975004694,55.119433070275946,55.120597147587446,0.0011640773115004777
-8.292218635163216,6.341105701923183,55.277057823796426,55.26830877453669,-0.008749049259733965
-3.883482447183482,14.213941466842925,51.330891691206894,51.22569521325518,-0.10519647795171494
-21.905013992569117,20.169200226402538,55.85243856745849,55.92264058375032,0.0702020162918302
7.379859527701647,21.370240952368277,47.81480141663528,47.88632434111583,0.0715229244805542
4.803442219743339,8.922105687560098,47.58630565503647,47.60123193020396,0.014926275167489678
-29.39937169565406,30.470300778747642,55.83825873634524,55.849095025810605,0.010836289465366633
-3.4955996705669605,-1.5758577734172547,52.74162466535593,52.764279921067576,0.022655255711647726
12.27717420976495,-13.654348912358927,47.823224215665945,47.68117171686698,-0.14205249879896797
-30.785318623536163,-19.805680181454157,55.130325670274935,55.06674543597959,-0.06358023429534398
2.8275515812179393,-13.6162195623845,47.41460819063415,47.38724421555647,-0.027363975077676628
6.760826256311418,13.38470938031513,47.67701656865945,47.73325545425255,0.056238885593103305
-17.112653023698606,31.961196939872245,56.12415726286471,56.11881371684923,-0.005343546015481593
-6.556586168477182,-13.875502428901761,54.59555195404865,54.58455306505747,-0.010998888991181843
-19.733632251786098,24.18789830750969,56.33141332437438,56.34159191059201,0.010178586217627128
17.99568809895036,-7.003755494643258,47.53042899880956,47.59111679004102,0.06068779123145873
-3.847201384871447,-3.789723020393538,53.94884947732389,53.954020789550285,0.005171312226394775
-30.306974433310906,-7.147941448276114,55.226288850980445,55.25524883345413,0.028959982473686807
30.993276586008896,9.065901852491223,47.55046045136969,47.60803115506891,0.057570703699219905
27.00395829323486,21.131542299669142,47.437833980078736,47.438431898595866,0.0005979185171298695
6.6762949338167275,30.094854803804495,47.81056189414316,47.93197815437025,0.12141626022708607
5.508252385671952,-3.055085562114158,47.51732518039617,47.54731531842518,0.02999013802900663
16.72415335145118,-23.80390608462777,47.62173157195593,47.603168865919926,-0.01856270603600052
-10.209350196206728,12.322010503979577,55.50401927910274,55.49386943330556,-0.010149845797180035
-6.356669517413323,27.36170324589554,50.55116824605759,50.490363366983054,-0.060804879074538576
2.240692274713034,27.84572583039911,47.633745240477424,47.7492170646203,0.11547182414287249
-29.144988340719927,-31.49063214489378,54.86120216739285,54.86456729205583,0.0033651246629844422
-4.785170534433377,29.346324367887384,49.03595923446134,49.074857579005766,0.0388983445444282
-26.879123953971572,6.446694015344029,55.22003991952031,55.24829489771041,0.028254978190098257
21.68350696170713,-1.9050167590671805,47.10518882021471,47.30242632002682,0.19723749981211114
-17.453202387486378,-2.1349368816318446,55.11607226876071,55.151917142706964,0.03584487394625313
13.683807898477603,24.595494274383817,48.02491127670896,47.867051078763055,-0.157860197945908
0.08813170239729118,-18.772470812205157,47.466942961541726,47.49452599401614,0.027583032474417735
15.377258826048141,1.293429408411889,47.88530258853275,47.86043699990876,-0.024865588623995905
25.95865182437398,-5.267205028595605,47.11031690013669,47.17638631836113,0.06606941822444412
-23.206194259485684,13.633170648640032,55.25299222412076,55.25787227194732,0.004880047826560485
28.839996853611716,-10.569398571131494,47.26653139220175,47.223201299719776,-0.04333009248197328
-31.74463438560398,-13.587378011103787,55.15924807056278,55.15611907462445,-0.0031289959383329347
-7.7432785063111,-23.44410551469157,54.27995443322781,54.294856765907745,0.014902332679938013
10.804209608274604,-18.97516276085267,47.787185191226975,47.77353765171411,-0.013647539512867013
-28.842303299549705,26.33796372803934,55.88843668277246,55.91681159363406,0.02837491086160071
20.883178552993343,18.97863932813172,47.28482242801517,47.50663782415756,0.22181539614238943
-28.41122249187712,-19.224008319974672,55.13283962344174,55.05582740272572,-0.07701222071602132
-10.22176474661373,-2.0628721252748505,55.015554230600024,55.01815189962068,0.0025976690206590547
25.537542590897573,10.974082440732161,47.2752231442523,47.28976443000505,0.014541285752748934
8.648130648435533,29.183505081360657,48.03443138397216,47.97320043902622,-0.06123094494594028
-22.856404025104112,8.501782156335814,55.24730247599659,55.23266742480222,-0.014635051194368032
-22.862479213149754,-7.378688923164262,55.20445910291885,55.11288570127392,-0.09157340164492922
21.46637605765899,18.35249838792297,47.24469408762364,47.44535705968533,0.2006629720616857
-11.575721499517151,6.832825885300444,55.36612353187623,55.34028634193405,-0.02583718994217321
9.313755460946197,2.4211816989469526,47.86056769334658,47.77782351831024,-0.08274417503633913
-0.8411892208549929,-9.78718448266411,49.3136902402619,49.24026610543388,-0.07342413482801646
16.746169739891606,28.319428307988993,47.7789751205633,47.75248015823247,-0.026494962330829708
-0.21048515046838645,14.436367445266058,47.54879393790489,47.57489673998276,0.02610280207787241
30.007711001017327,9.472622633236462,47.51336655553115,47.49061625789856,-0.022750297632590843
-7.654333288527681,-11.487905648276929,54.70150262043226,54.68823951690284,-0.013263103529418174
25.43051907136219,-7.439949916009503,47.08549487736878,47.1071730000311,0.021678122662322608
-17.52940701018261,-11.387363832562684,54.970769413811816,54.95740400860336,-0.013365405208453751
-23.53887773538319,29.622442117822708,56.028918363353455,56.03105054233394,0.0021321789804815694
25.23202520588208,3.9782800721243703,47.19714728357861,47.19504212768063,-0.002105155897979216
-0.07442727773587876,23.08972862684746,47.5548471550582,47.55377005773178,-0.0010770973264158101
0.7609223015420099,30.880145076874356,47.6552129913198,47.6696669685892,0.014453977269397456
25.528988853498916,-27.02059618908107,46.97865101344042,46.98487332903793,0.006222315597511852
-1.0991240851364878,16.2847435622485,47.665257234967,47.687154500033266,0.021897265066264993
2.2498688441584775,-30.943375791061158,47.299509974049684,47.41903524215449,0.1195252681048089
20.560331536047187,-21.883925684106828,47.061202795607045,47.108640409237665,0.04743761363062049
-28.39342925814624,0.593427425773541,55.20309849385923,55.23241703568033,0.029318541821098165
-21.566629546348373,-22.914537684562113,54.92173947525964,54.92691381232118,0.005174337061539802
23.82657280919109,-15.788483417233309,46.95102129278021,46.97283569629937,0.02181440351915853
12.584146897668155,-0.6100728989838942,47.92855328476138,47.913578278269256,-0.014975006492122134
19.097313492718385,30.3205757655116,47.474348568741064,47.47801208166388,0.0036635129228130836
6.062539051489324,-14.089108833794832,47.53515443462074,47.52970042664539,-0.005454007975352226
-8.471912464407502,-23.715702888102413,54.30315054398861,54.309932321694035,0.0067817777054273165
8.32089619714177,17.149077900717607,47.82367016385781,47.804276513000765,-0.019393650857047362
-10.612656493768107,-22.52012918741177,54.423979258940804,54.44791053769472,0.023931278753913432
-8.21193637439503,29.84750551048632,52.08042212180536,52.079090257749314,-0.0013318640560484596
5.904436800257777,-12.08334281522756,47.470137216634214,47.53380121562087,0.0636639989866552
-31.606165700324077,-3.3562913678134336,55.25381152471917,55.25736001926303,0.003548494543863967
-9.479179387275238,-2.6136335883475468,54.97970638536282,54.98405483104214,0.004348445679319468
28.244823927091552,-3.4387344598193934,47.27291622318609,47.333784246164214,0.0608680229781271
6.030787177760892,-28.52263826222876,47.4447578151387,47.54516660208797,0.10040878694926647
-20.83059342034496,30.279398230407814,56.21982301390182,56.27624130646847,0.056418292566654316
29.420600628365023,11.700332736925596,47.42193553099743,47.430003064474555,0.0080675334771243
-30.449702901813694,3.0358023895693265,55.19491314391635,55.260211471702235,0.06529832778588229
27.5288374366993,-7.148437693000133,47.19849872266762,47.207595688894976,0.009096966227353676
-3.682399059469809,23.587806318216643,48.63877752998678,48.634980577668316,-0.003796952318467106
12.355497905738005,-29.501008224835786,47.97887221240185,47.96700030721096,-0.011871905190893983
-9.620921015047962,0.5463832752222331,55.09790652922282,55.08369442612433,-0.01421210309848675
-9.424340626866808,18.878144252296927,55.69491145319677,55.675365109403,-0.0195463437937633
-4.084087724767485,-17.57567765498912,54.49353590255183,54.42448480264529,-0.06905109990653813
-22.659482544794656,16.190993081732238,55.282041424505856,55.34460978525541,0.06256836074955174
2.5913965368421046,-2.2917867469939637,47.48424465440662,47.473418131933265,-0.01082652247335858
-6.555609384812577,29.023525517616825,50.5053334786569,50.54322525567149,0.037891777014586125
27.470559212113862,22.693179470430685,47.48353362078675,47.4753392216227,-0.008194399164054289
20.196441614894724,-29.560546912819923,47.04377488537791,47.06202117249526,0.01824628711734988
4.21194649750111,-21.74443474544178,47.40887647267651,47.410984649680195,0.002108177003684375
14.579268780347512,0.4057086365995133,47.924782756657606,47.86887121032156,-0.055911546336048445
-30.746850693775066,17.377757164468164,55.57499985451833,55.518520117264266,-0.0564797372540653
28.305216075272234,12.072328207153959,47.38303798982964,47.41187314653336,0.028835156703721054
30.800113641769343,-3.1525100433979816,47.48836751873267,47.45933130702675,-0.029036211705921744
7.381714832336506,-13.021773681493997,47.58316181357668,47.595240312908736,0.012078499332055515
26.95413903807399,27.852956201042353,47.51355793460961,47.58563322795304,0.07207529334343121
-17.52343110496829,1.7836698465872374,55.218545838674686,55.18809058064559,-0.030455258029093102
-0.9437384751452242,-9.835039415554554,49.420734750492024,49.38487349905281,-0.035861251439214925
21.433704423247654,21.3393976518919,47.24560623229456,47.36329856302906,0.11769233073449925
-28.815179985487006,-8.616310004265294,55.19167388640754,55.18918155716018,-0.0024923292473602032
15.728593497907049,17.878324365233716,47.879143001234084,47.85036996090496,-0.028773040329120647
28.478805563067773,-3.9490808957982324,47.28890022425211,47.335495746395786,0.046595522143675794
-2.097158422744684,-30.89500001969001,50.34119427450495,50.30768836256415,-0.033505911940800104
-2.3637346511842097,16.565957664841704,48.43319454820896,48.42310465431685,-0.010089893892107682
-23.853798780476573,6.924703176878005,55.239923667882195,55.2275451121938,-0.012378555688393078
27.49193212161945,-7.317560500961257,47.193961356526394,47.201422066403126,0.0074607098767316415
-4.7132950732199035,26.21529061425298,49.24324857251804,49.22809013237015,-0.015158440147892804
17.724654978315094,0.7155869532952366,47.55764774475951,47.67007241410249,0.11242466934298534
16.280509977047977,-13.418603211405802,47.67381419855376,47.70020791052839,0.02639371197463447
-12.86974836147023,-24.051671297729072,54.392104929624146,54.43591357026023,0.04380864063608669
-17.238342047492708,-18.835614003895245,54.8446744104805,54.87710095639855,0.0324265459180495
-22.797375514493083,13.737463992179784,55.25893618597553,55.261026981811014,0.0020907958354854372
-24.215296567346456,-12.152268398652275,55.069043509532406,55.06029350413659,-0.00875000539581805
15.970153285929008,10.667210380394124,47.73292528314232,47.747423696238755,0.014498413096433183
30.47703061901123,23.9871757189889,48.28965940713989,48.28955207714688,-0.0001073299930069993
20.314645243827222,21.696196977565393,47.34085854627658,47.381430645002915,0.04057209872633649
19.560053602255124,-26.509996432399873,47.15967911501822,47.17381180195232,0.014132686934097194
-21.395339841496224,-30.821284528842632,54.79107205304251,54.74515013835226,-0.045921914690254084
9.72218118638201,-30.26915598526569,47.76108167452611,47.763001542492034,0.001919867965924027
15.164349620225337,23.71269940333317,47.902733384251405,47.8487332965728,-0.054000087678602426
-22.72905044004645,7.4737722594637646,55.250885244437576,55.22748191302756,-0.023403331410015937
-27.940966646689375,-2.9259016616087337,55.18915020717839,55.25140407080087,0.062253863622473204
-0.9841638775385064,10.94783202649996,47.67554537477657,47.7282568915603,0.05271151678373087
-6.125270641060432,-17.100253338610514,54.58655608965279,54.51124555344408,-0.0753105362087112
28.739744224718848,-1.473551263455164,47.33125088585051,47.384728913457174,0.053478027606665535
14.050514673883939,23.19302368846708,48.04144433158194,47.86427026873343,-0.17717406284851478
1.2795616412971569,-20.47407789675323,47.33956333464412,47.43790152375322,0.09833818910909997
-20.736048850795136,4.246688793347431,55.25935774478791,55.207419887789044,-0.05193785699886888
-19.35927498008528,16.78688625531784,55.36347494686024,55.521576669119376,0.15810172225913988
-14.356773546708908,12.868387876373426,55.57148394833607,55.55250485426602,-0.018979094070054714
10.842650430651027,-29.856089287738243,47.87762862823131,47.881202601536344,0.0035739733050377254
11.137281633383878,-28.674388732181498,47.88877998443775,47.890245535332404,0.0014655508946574969
-12.503123228111754,3.6365516982183834,55.259093299060524,55.24344767281644,-0.01564562624408694
-20.324309188283706,-14.604296231090956,55.0227351683145,54.97931233573881,-0.04342283257568624
-1.1164506850410092,20.15663139521515,47.62121420376507,47.669866285817506,0.048652082052434764
24.100940671739814,-26.65157501037298,46.92235182647916,46.92340283796562,0.0010510114864601405
17.901421561375308,-7.113897995169545,47.54029945624957,47.59890420250298,0.05860474625340828
30.302533850861693,-30.430226281767034,47.19206089821593,47.212846104689255,0.020785206473327378
19.15499831480485,0.6658271182280231,47.38818367711409,47.54226511777642,0.1540814406623241
-12.617668321482775,8.489289745591115,55.40930662173352,55.408171320985595,-0.0011353007479257826
-1.9070371603414316,-11.236299716356477,50.690854604544946,50.65797215889218,-0.03288244565276699
11.632048164730278,-4.421405850772921,47.90763749096833,47.925241754351376,0.0176042633830491
17.689565277912244,18.454757168254112,47.661037655649224,47.72157534474618,0.060537689096953784
13.595667189822137,-26.887704783379668,47.975203168263754,47.86251952935806,-0.11268363890569333
11.344790815321922,-31.794785368795466,47.86947219818419,47.8511580251286,-0.01831417305559313
2.9228486578410298,3.066249850353593,47.50941549857279,47.50937966314038,-0.000035835432413477974
-27.168615194050872,-13.08642948029209,55.033508864089846,55.091383365649335,0.05787450155948903
19.35326509406331,30.486553166447976,47.44106923579754,47.445304204991565,0.004234969194023108
-1.7522594062380676,16.843609701468672,47.79892741320982,47.81077864898608,0.01185123577626257
-11.208400827320993,7.675884765962827,55.3761459230769,55.364310979629714,-0.011834943447183832
-19.718069361179346,-28.70202326650398,54.701967086725695,54.70075727419478,-0.0012098125309165653
27.20449907615653,-27.06392109435344,47.06418966091833,47.0635286827566,-0.0006609781617328281
28.66989274042404,-17.25705695432606,47.169625255269665,47.15175232922164,-0.017872926048028148
-4.700257061988552,1.5441402395239479,54.06057438208926,53.89254671937218,-0.1680276627170798
7.132805775772731,16.140271476413716,47.72666284416388,47.783736522064146,0.057073677900262965
-22.61556508006963,7.828328216963222,55.24601211728266,55.228896526095745,-0.01711559118691497
-2.86119344162919,31.552843651952635,48.789096210639386,48.74780357704083,-0.04129263359855884
19.615603484886613,17.37331306114625,47.45882009886516,47.56725275310889,0.10843265424372817
28.58529875465038,-15.158147544444013,47.187638826129145,47.14943079255314,-0.03820803357600511
14.694938103602027,20.4653427650319,47.94939311108531,47.93393720542945,-0.015455905655855418
9.30951844638323,-10.019794683003965,47.78821064571866,47.656230955388246,-0.1319796903304109
8.546604329073432,2.578997354258732,47.76646187138099,47.73302192210208,-0.03343994927890748
-30.108447192191846,11.090646549047435,55.224236842992696,55.32912524825527,0.10488840526257093
4.009428456912822,-10.6485699715681,47.45016689028921,47.450535217845896,0.00036832755668569916
-12.225174825536335,21.56544823697694,55.82787259991463,55.848704228988936,0.020831629074308466
-0.2370600253943138,-11.052527871032908,48.00892726119885,48.00159890505671,-0.007328356142139114
22.50253070682725,28.542717777193843,47.36324722276387,47.38409452187751,0.02084729911364036
27.133035731744442,-8.59367555704555,47.168001816020094,47.16012109497868,-0.007880721041416905
-11.672686216454196,-1.5878664286704733,55.06957679062127,55.056605681999514,-0.012971108621755434
-5.979810337647706,8.41527202159007,55.233692682191666,55.216315530403826,-0.017377151787840717
8.177877169715401,18.396646063615123,47.84798845539994,47.845408642418484,-0.002579812981458929
-21.675766921220884,6.014607770054198,55.24139301269983,55.218049333345654,-0.023343679354177027
5.2959542180014125,-21.07603597619132,47.45022555291509,47.470369406725965,0.020143853810871803
25.472375088284743,18.832036576889003,47.35278856620813,47.362163378200854,0.009374811992721277
31.438734703360794,-13.066777972081866,47.33199848438787,47.27367950493558,-0.05831897945228803
0.4988780406945921,-12.751636455216861,47.510800948956835,47.616135397053064,0.1053344480962295
15.786672239993102,0.6422651041893914,47.84666340901117,47.84449032625414,-0.0021730827570323186
-21.88539362609545,-21.22219268965435,54.95152696516327,54.9473002024222,-0.004226762741069479
-11.898678850251123,26.671102919884603,55.50910767111963,55.510856855836565,0.0017491847169353036
17.47091065276831,8.484166651417546,47.6113028405091,47.60329203489393,-0.008010805615164429
-23.731253619308347,25.433103505555543,56.166155034903426,56.17068700256255,0.004531967659126224
-24.818397267047146,22.928706847774095,56.094321774615494,56.05670988831179,-0.03761188630370782
-15.176878344290664,11.519869211134825,55.5251837213921,55.51789131001421,-0.007292411377889607
-23.40206396797918,14.852161308071658,55.258805616708614,55.26534951704042,0.006543900331806185
-21.75600940584247,13.035600580147403,55.25587197482648,55.29034573632984,0.03447376150335657
31.274901686943053,-24.48089750207194,47.26134438366294,47.27094248095479,0.009598097291849683
-28.157206910490622,0.8707803612032521,55.21266876135691,55.23187421113583,0.01920544977892291
-27.700899935316976,-27.615368334594805,54.88152592554402,54.945038453330255,0.06351252778623717
-26.043041381784768,-16.99971292806739,55.00064111004526,55.04627976880627,0.04563865876101403
26.300244929077785,-6.5264151439608895,47.1381703585691,47.17010090050161,0.03193054193251044
22.02337809527524,-1.423483543285748,47.06936506196315,47.277099367858725,0.20773430589557762
-12.7880514124546,22.905814416037494,55.86001482598292,55.900492456252714,0.04047763026979112
-0.40220215813231164,16.381648983938298,47.5889869587875,47.61060624457707,0.021619285789569176
-14.6490505800285,-24.314720786284695,54.55785672896166,54.520096008516894,-0.03776072044476564
22.346341246452802,-12.694771554315182,46.979573197875624,47.131824746521914,0.15225154864629076
-29.400412145596185,0.2854386996106584,55.211609645433114,55.23888407946972,0.02727443403660601
30.242181981404705,-26.781941541135808,47.21792168941112,47.209678723773436,-0.008242965637684563
-7.457081262891421,2.495680419546794,55.11379714710062,55.10272994809268,-0.011067199007939621
-27.328498566475332,10.48550656513791,55.27321560903209,55.27623075551793,0.0030151464858363397
3.9434655337675792,20.978029257110997,47.63433036164978,47.74054898601668,0.10621862436689611
3.4519791509387616,6.072617230077611,47.5219170641304,47.54075963581545,0.01884257168504888
-13.751916482474122,28.465588879961338,56.12282905370534,56.12541805176575,0.0025889980604105745
-30.87006607850838,23.224117060320097,55.93224307019727,55.92352722862196,-0.008715841575316574
25.571902705054598,4.988140536113548,47.19625249718795,47.216466089251824,0.020213592063875296
30.45896884659321,-31.224580844557174,47.206305856465576,47.213897572158494,0.007591715692917944
17.64401462013003,-5.156002110118685,47.57868238226679,47.63880263388453,0.060120251617739484
14.845432971138415,9.415071639845458,47.88162722483294,47.740170605191686,-0.14145661964125367
-28.65551642589385,-22.36795659520891,55.03544546757454,55.03131045600912,-0.004135011565416846
2.7438519493884144,20.52256379328739,47.6087448571651,47.67631805466686,0.06757319750175839
2.806135230119594,-15.048961005824047,47.3940790939976,47.40158809204516,0.007508998047562443
-0.6683744031845009,-25.234563549470018,48.39102218935261,48.437370361125765,0.04634817177315398
30.83462392397894,2.2496089283555776,47.57602599266268,47.532182240742955,-0.04384375191972367
-13.133363495966876,10.256544897769672,55.48828568107757,55.465194664010184,-0.023091017067386588
9.240516798594015,-29.016631172385004,47.73640940917964,47.71723034242931,-0.019179066750332652
-23.380828912014678,7.675847185483917,55.24546836400711,55.22998974279709,-0.01547862121002197
-29.553628663795976,-17.473038384544672,55.11988640248385,55.08514286526674,-0.03474353721711054
25.28271487937839,3.4718726680083805,47.19210365743849,47.193309676344725,0.001206018906238171
-26.196424848168455,21.46252181850855,56.03693383270007,56.01806650697922,-0.01886732572085492
15.502457583248919,-31.03167091523502,47.697413464820684,47.6536258333776,-0.043787631443080954
-30.23917578649558,8.586339467907884,55.21915330994746,55.30802627466532,0.08887296471786499
2.9962324091783543,10.710393662868285,47.5586727981686,47.563767615344865,0.005094817176264144
-18.861517592940586,31.82103068529978,56.22810171571188,56.22723354512713,-0.0008681705847521926
-9.78824181580972,-14.754541278953148,54.6787601118193,54.681962983124265,0.0032028713049641055
-4.761382241377454,-11.95645190500607,54.495594410733446,54.41066567843026,-0.0849287323031831
9.29857121891122,13.977366734796547,47.887879321181146,47.79405553088219,-0.0938237902989556
-6.953858619088784,21.564511787838455,52.520311239794395,52.427272961182844,-0.09303827861155156
9.247850637363207,-5.384903758304297,47.82636717456096,47.75161905724462,-0.07474811731633935
-5.169380818118448,6.03307909600337,54.693980517619856,54.62007412902696,-0.07390638859289567
-1.156502920123863,-5.916482277783977,50.13439554759267,50.12595201203228,-0.008443535560388682
-26.69395453059653,-7.939557804298346,55.20795665478868,55.16382251832522,-0.044134136463462426
-11.466220170166132,-18.170248032173838,54.602193942993146,54.63506127046947,0.032867327476324704
15.637307699117223,-17.223064595198316,47.74152709389907,47.73243899326486,-0.009088100634215834
16.704296572400303,-12.583308463498092,47.62953361724468,47.67835922408411,0.04882560683942927
-16.40327151955949,0.8059179011000666,55.19345592426629,55.180785879889186,-0.01267004437710284
-28.32614198989083,13.28621700292706,55.22925323192586,55.3192723096679,0.09001907774204199
-21.552027126178338,-27.60642326973666,54.78642923835605,54.87194611343791,0.08551687508185779
9.80802973452547,31.92584164441074,48.1088116752035,47.97631580232313,-0.13249587288036935
19.338506336638424,-21.912331760162814,47.22877758415897,47.23075419837121,0.0019766142122392694
11.036932298155058,21.638770516653096,48.11223392932641,48.1269136967965,0.014679767470092031
-17.401600275730196,0.9784349830397829,55.20370571210159,55.1839763668243,-0.019729345277291088
4.98173865198676,-11.007152220451374,47.4392343304614,47.489261632265254,0.05002730180385129
-26.72692774812277,20.628373087922114,55.95459544366829,55.952172579201246,-0.0024228644670429844
-19.715058593277178,3.5467994193387113,55.24782240606166,55.201670561400896,-0.04615184466076272
-24.00577252207374,-29.92995413127977,54.89716740113793,54.908183614746704,0.011016213608776582
30.270902398448527,-14.335924416629574,47.34565973732008,47.21241384339145,-0.13324589392862407
-21.430490141702336,20.8042701566196,55.99548991199565,56.053711062937886,0.0582211509422379
7.126663330929823,22.313437133286435,47.77702101016066,47.87727423541652,0.10025322525586233
-0.20412570360680604,-10.883471312606545,47.97596230079894,47.96338145590681,-0.01258084489212763
-0.38695010242236805,0.49368481042429835,47.920176916612114,47.91173760621281,-0.008439310399303679
10.999039259511342,-9.571167114949667,47.83685064229676,47.82576271084464,-0.011087931452117061
27.414438384513637,15.439227125376242,47.426251458693706,47.44112049949218,0.014869040798473065
12.166957731325482,4.097778053727609,47.97982915015149,47.97078683857346,-0.009042311578028261
-5.969318322733216,-26.258623518136446,54.143348888189564,54.1272584226194,-0.01609046557016569
-14.1003440540687,-7.0354874826794,54.97196986123102,54.9596723998349,-0.012297461396116205
24.249675923702476,14.898091682030824,47.262335283878144,47.27229751419463,0.00996223031648924
-31.551008154349276,-31.387121051071205,54.834384273082016,54.85021573577609,0.01583146269407365
25.158477363265334,-2.3873299420326077,47.1231174475997,47.159134464259886,0.03601701666018897
19.031455772880904,10.284853212567889,47.50042366800734,47.48853250114421,-0.011891166863129854
18.439637394290813,-20.502385335610533,47.38290717477436,47.4351570995495,0.05224992477513979
28.417788565182654,20.95684603975384,47.50872515388309,47.49836661224796,-0.010358541635127949
-24.605060314127506,-4.886267811116241,55.20480060870371,55.22671988042672,0.021919271723014333
0.28763132064798214,7.228084154335015,47.56638192799247,47.58365148357805,0.017269555585585294
-29.675904773415326,23.818838577096137,55.97027888136512,55.96185663264728,-0.008422248717835146
-5.595691001282006,1.4054898530881843,54.81860630877393,54.74604689825596,-0.0725594105179681
30.974411271430043,-26.926273729700824,47.24510204151233,47.24379339972093,-0.0013086417914038861
3.2892820550273,-28.972874264172255,47.36436233070784,47.48080869045425,0.11644635974641204
25.113863289924147,9.08423569395353,47.2300337738756,47.24007873551228,0.010044961636680227
21.82172099599307,31.950942979232146,47.36895449283728,47.413689590068806,0.04473509723152347
-4.6568210947413675,24.40104943139159,49.44587562178309,49.44587568420002,6.241693029096496e-8
0.440561007424499,-17.302050820414514,47.58131039959925,47.53496256837509,-0.04634783122416053
-9.886228816854931,-19.895898594597107,54.516430872859054,54.50631321993901,-0.010117652920044407
-7.0765829223622845,0.4189035494112332,54.971283231697214,55.014700721145196,0.043417489447982405
7.892810537379276,-12.563502104650333,47.626942324537055,47.62066732423462,-0.006275000302437661
25.95578262502277,-30.526820698490972,47.0014684722343,47.01874217068554,0.01727369845124116
17.236391836444838,-4.168691187481535,47.69894634173325,47.68455115079124,-0.014395190942003921
-31.968507114757998,18.570334927638704,55.68800321891494,55.68701363244141,-0.0009895864735298687
28.500792860940173,-8.870956929949742,47.226573682294415,47.21888022597986,-0.007693456314555647
-0.6673183560752705,23.504336497278423,47.6069858452721,47.59899558636129,-0.007990258910808734
-29.198655017866898,0.28794500717405214,55.2081764409521,55.23730714704978,0.02913070609768198
-26.623241243844717,14.128890724101986,55.23897826652759,55.29817039601356,0.059192129485971634
14.873054423023333,-23.559599694090338,47.811195229663646,47.74268978746452,-0.06850544219912535
-8.783164561823455,-25.524232826974895,54.28301396296488,54.29367160452086,0.010657641555980035
7.288349209211255,24.068356795764743,47.81801435989889,47.89411335314958,0.0760989932506888
-9.841392553163871,4.344282438770371,55.247179056382166,55.22223410961809,-0.024944946764072995
3.725924057521169,19.85604461351975,47.63093801236192,47.71585155998459,0.08491354762266923
11.884896629252069,30.11157447647824,48.08508232943117,47.92980651004753,-0.15527581938363966
27.618140802693596,-31.952229543961934,47.056090490112766,47.09709713249309,0.041006642380324365
24.804569206093767,12.645117738294218,47.25610610599402,47.27313686410641,0.017030758112390743
-23.567815877191272,-13.823618397253945,55.06053714855778,55.0320540589393,-0.028483089618475788
17.408713608575184,-20.13533841079112,47.54658305010577,47.571383041095004,0.02479999098923713
0.7433755547287078,17.385042803355113,47.54977397287671,47.591568228465874,0.04179425558916705
-26.11665318634801,-6.8384551734300345,55.19010618751581,55.18969531827937,-0.00041086923643973705
14.304571770279416,-22.672974135464095,47.84628829160718,47.766371789724474,-0.07991650188270683
-8.73127701750969,3.9176679177906806,55.206301055731785,55.188612407339654,-0.0176886483921308
20.355410275592135,-29.113423097949003,47.03415520102612,47.06287606926638,0.028720868240263542
14.062732357021666,27.70442349438496,48.00899102462746,47.87712571359394,-0.13186531103352195
-7.4426462028683815,-26.473373630900042,54.208522373920566,54.206606882087755,-0.0019154918328112558
-30.510411229843122,-7.593242279464604,55.23810494427486,55.24442420831858,0.006319264043717965
-23.158347642460797,-31.570193168496658,54.856409563266524,54.84495241980902,-0.011457143457505481
6.779571816417182,24.960281267184513,47.74878257530801,47.8612533294983,0.11247075419028363
-16.63198605389261,-26.67906241961323,54.58516118677534,54.55164519191868,-0.033515994856657016
-19.37816061851948,0.29914984410460477,55.18318324782867,55.18544409322848,0.0022608453998103073
4.084071033821743,-19.553764418370015,47.435352898491466,47.42258514398314,-0.012767754508324458
16.632200274956475,-16.021310699628124,47.62579188662434,47.66130344592927,0.03551155930492911
8.060227529173893,-21.39913303628245,47.60334476348881,47.60752346614493,0.004178702656119526
28.37316467507172,26.0855668090786,47.64362515524387,47.64410784120317,0.00048268595930522906
-14.374832696111596,25.743525809266522,56.12553060214874,56.29522608176594,0.16969547961719655
10.396267176115032,-6.779897051412753,47.85914320976593,47.83230776973485,-0.02683544003108551
-18.034778775881286,-23.191862484095573,54.740252242511886,54.77779216649428,0.037539923982393475
-31.63643889951718,14.361930353962727,55.26217165600346,55.38556493771307,0.12339328170961039
-27.541840049561756,-30.162312327215496,54.86212631591484,54.899630379693775,0.03750406377893256
-10.928137810290359,-8.977387573493651,54.86827356942485,54.88989249409455,0.02161892466970272
19.032040191203627,-19.313146248290337,47.32593528698014,47.429059397152514,0.10312411017237366
-20.36306189274675,-24.5213003946007,54.82868457559987,54.89179220467031,0.0631076290704371
-14.776256383653227,17.732045558229018,55.71129178174094,55.68191655063778,-0.02937523110315965
4.192037082008724,21.896337597717633,47.6551888601087,47.75407889392948,0.09889003382077988
23.589467730539972,4.89945859239856,47.11283181562545,47.17309361745491,0.06026180182946206
11.891271796472807,-0.4563921299829232,47.90906941862442,47.91813815133855,0.009068732714133887
16.38954057145083,-8.870643230768472,47.67792312045644,47.66663728320679,-0.01128583724965182
-31.63284402102454,1.4838605951308352,55.22306832067178,55.265576800149574,0.0425084794777959
14.843040180829554,-13.900878405257266,47.818055476776074,47.70360279946558,-0.11445267731049569
-21.62544788744239,21.324763054161274,56.07056024916665,56.08077529593138,0.010215046764734836
-8.440988051532408,-4.837767313900422,54.86857369257931,54.901209317493006,0.03263562491369498
10.804652557546618,-2.479511571720117,47.872532934664996,47.86050805814353,-0.012024876521465444
-16.40913858237279,-8.292356361946695,54.971093816633086,54.972287503894854,0.0011936872617681615
11.164911794431944,30.828419152556087,48.09293998758581,47.94267005373105,-0.15026993385475862
14.563499907879255,11.714508323720906,47.832702730531594,47.76023894497601,-0.07246378555558408
11.00411613472906,23.037955794534362,48.09360565580349,48.03558215912904,-0.05802349667445128
-6.023167225318893,-23.770827548535188,54.17782617430759,54.18162170854644,0.0037955342388471536
-19.91759066946934,31.987100289685777,56.064429972681246,56.069282832280294,0.0048528595990475765
23.937113906785264,30.04972923986567,47.43300625461066,47.43412439053133,0.0011181359206702268
27.28215562684504,13.064852443485663,47.33441650599939,47.39831992131131,0.06390341531191979
1.7427608280458315,-7.627323773250801,47.445896745285616,47.42629720653064,-0.019599538754974333
6.827168355357507,11.2503229402257,47.65229066389634,47.717730822606455,0.06544015871011766
-25.09770377655922,29.478807213061657,55.969228400590524,55.96542142961936,-0.003806970971162116
26.90242698436856,17.2327114783077,47.4126803391327,47.414969469818196,0.002289130685497298
-21.445001294941555,4.0557971082125235,55.26029700146511,55.208196914339496,-0.05210008712561631
-12.662130679342745,-16.04291901063351,54.766736160934684,54.77208305050498,0.005346889570297719
-17.787842681001337,-11.049585624682173,54.978661002787995,54.96343862978986,-0.015222372998131561
-6.677983527552271,21.636496481346782,52.25051847478403,52.14702779960004,-0.10349067518399124
-2.85834589216595,23.606863453576743,47.935601466057406,47.94690619148966,0.011304725432253804
-21.62287876955267,-29.970957958256164,54.804404436362894,54.79206310993677,-0.01234132642612451
-6.033216993860847,-11.957976958206174,54.591018606315785,54.59091273489892,-0.00010587141686357882
1.1599142711353352,2.71481311828056,47.471962174046716,47.58748229201813,0.11552011797141404
6.331610474697051,6.22335756776647,47.6012854447746,47.65642412477888,0.05513868000428346
17.3958608046392,30.724122394391017,47.658035458076895,47.678888783975786,0.020853325898890773
10.921207400767543,-6.243295538523697,47.87733964426745,47.87027260015276,-0.007067044114691612
-3.1952912863758627,5.65728503149009,51.57867122785208,51.476001885993455,-0.10266934185862198
3.491582932530818,7.683386275940428,47.539992158642534,47.559398404618285,0.0194062459757518
7.8044258409332485,18.842722898572333,47.830885575160934,47.845094437786635,0.014208862625700647
-20.95432403493347,14.45913199609793,55.250411660631414,55.37220033143794,0.12178867080652367
25.763212549195224,10.659334349292507,47.2833260507543,47.29393119421051,0.010605143456210442
20.653047833950374,24.46491136540586,47.30427159019541,47.400764512447964,0.09649292225255124
-0.43444264293746926,24.077295129663653,47.60318283090142,47.59893747567055,-0.004245355230864334
-2.049485569925416,-29.684562880959184,49.99048861696286,49.99400663843048,0.003518021467620258
18.067505935045375,-9.601137560869653,47.50304359993285,47.55257161743873,0.0495280175058781
29.271543339285294,-18.962947436055536,47.18156860341586,47.18010989369388,-0.0014587097219802558
15.007674350176778,13.188443416754978,47.84550458389419,47.77130614985857,-0.07419843403562254
-0.9383363154586064,-15.623525597565653,49.88562218989647,49.90326586599779,0.01764367610131501
1.2710669540084751,-9.391414259676573,47.43561134173442,47.438619956693245,0.003008614958822875
-28.027477210785975,0.10564876699603332,55.18759285603278,55.227218214678174,0.03962535864539518
15.976264304364882,-10.281304464360325,47.783765754195755,47.780747201367596,-0.0030185528281592156
-28.06356536108241,-9.041377441233301,55.1927806406232,55.16991692298811,-0.022863717635090097
11.628517565746762,-23.56559501892712,47.82542005118817,47.81686836031185,-0.008551690876316798
15.802969141978686,20.090933275713965,47.84149059050246,47.8449462175905,0.003455627088037261
-23.729427030274422,1.224974097756828,55.20794118464911,55.200176016161244,-0.007765168487864571
10.843063973538378,-9.358649976761534,47.839443872546696,47.817250364478966,-0.022193508067729795
13.226634432319614,8.206708329890901,47.940723096191206,47.733742111805746,-0.20698098438545998
23.63248532344732,-24.84999590875639,46.92542681878106,46.95319822866479,0.027771409883726506
-27.92567898839905,-26.605811301865366,54.89064973629361,54.96194561056926,0.07129587427564843
-6.69182015188666,6.802884230561681,55.24245345803371,55.225109918150636,-0.017343539883071912
-17.933678222958143,-14.851336308802338,54.96500285359594,54.9453035852194,-0.019699268376541568
6.509045765433314,29.83642572431505,47.79088901652056,47.92262126024266,0.13173224372209802
-2.839217590209735,30.121807715369577,48.5126611924188,48.473713944273534,-0.03894724814526285
-5.049629946926174,-30.996424922727478,54.169876932434136,54.09260975653884,-0.07726717589529386
29.953067846537884,-17.45560166239749,47.21534551614717,47.20771468859931,-0.007630827547856711
25.369742387044703,20.25686559823633,47.3501184759462,47.34617152373777,-0.003946952208430332
19.78758445928375,11.54784910335929,47.42257107053482,47.463080888323,0.04050981778817686
-28.40777805576358,12.598026814576933,55.24125724351779,55.314251351658726,0.07299410814093221
26.684739279340405,-17.688509297041485,47.07702549217844,47.06623984024624,-0.010785651932202711
7.129083529619109,-7.473999796381044,47.589310120256094,47.62147517566303,0.03216505540693504
20.32595077116607,1.8446652934158578,47.305967075443654,47.42376285057524,0.11779577513158301
-7.672647797578286,31.34547959944942,51.84046085264918,51.85963146687934,0.01917061423016264
-31.330055524542516,-17.256903086904536,55.116750672994726,55.10879527816523,-0.007955394829494367
-8.81004901852679,-12.042609575031179,54.717242490734655,54.71421098359548,-0.003031507139176881
12.793872106004159,-17.245144022155955,47.85221251200859,47.78472589956194,-0.06748661244665044
1.0399192315478274,-18.864368542568414,47.365386683353854,47.34724842704809,-0.018138256305761047
-21.88142338227201,-11.539408994367797,55.06725841339932,55.02685213609465,-0.04040627730467605
-7.468183434452364,-9.468089647247382,54.88621298614519,54.848560546277604,-0.037652439867585485
-29.715740002468237,-18.172707919376172,55.12388982506283,55.08100662073569,-0.04288320432713988
2.3046947400487667,22.772503548303767,47.60077159572155,47.66052334094822,0.05975174522667004
-7.164963743692105,2.1998490820556,55.094551650973905,55.08070328501119,-0.013848365962715548
-24.82399800993654,-8.112846528581848,55.12231403421732,55.12590372641563,0.0035896921983109564
11.509629260124377,-18.568825863770464,47.82097815638536,47.81350525004934,-0.007472906336019491
-3.6669568705557296,8.421927264715073,52.21169049154415,52.19792707065997,-0.013763420884174593
-8.685527581067227,-31.796053342319702,54.197049077297635,54.23762549658915,0.04057641929151856
-12.069028969446805,2.173500781102284,55.20530316438814,55.184095597096814,-0.021207567291327223
-12.502690256011618,-4.682299325303511,54.99148998949923,54.98832770848055,-0.0031622810186817674
-28.597892881790003,-31.082444158397237,54.86157702251525,54.87570961715716,0.014132594641914409
30.370175851676855,-14.552257328775717,47.3362301351451,47.21936918238806,-0.11686095275704389
-26.1077257301518,0.75099802707836,55.206753789681514,55.21516558075356,0.008411791072049368
-7.599755277561911,15.647758671729108,55.54134502645232,55.54990332985259,0.008558303400270972
-8.636171228641267,18.795599531359706,55.671876883104844,55.66191914058384,-0.0099577425210029
8.435213987220607,-14.193521643250193,47.68244152444333,47.626916920994425,-0.055524603448901644
15.873609499135924,20.346426136081313,47.83919535119091,47.84066958381085,0.0014742326199410627
29.19297599041615,15.798450500891171,47.56903843340355,47.538037714057886,-0.03100071934566273
-14.370581044395657,18.475522488112787,55.722894232431635,55.722040743464134,-0.000853488967500482
-15.575391714489491,-30.069153264063353,54.43628683211688,54.36204479354773,-0.07424203856914602
11.076616454001488,9.724826497587792,47.92321666005654,47.752400690718886,-0.17081596933765297
-15.393726548647123,-3.5233600283068895,55.04760226476842,55.07287344368832,0.02527117891990116
-16.700519169838216,-11.229048621539775,54.95120479240103,54.944564943300904,-0.006639849100125161
-17.105693261486408,-22.821475194258696,54.740142126917846,54.724324938375666,-0.015817188542179395
19.05744506633961,15.06865745349004,47.50784343025705,47.576243787483314,0.0684003572262668
31.452641468368917,-9.323040006153335,47.392101693107186,47.345937114809715,-0.04616457829747134
-31.053678804871822,9.368985025469982,55.21263136085481,55.32916121273251,0.11652985187770071
-19.767921009087466,-18.440800591338544,54.92138679913767,54.93458161248482,0.013194813347148227
12.75384130116558,12.826402960987224,47.94021523134698,47.77475383105742,-0.16546140028956557
3.700074025767101,-19.797841385517962,47.42142727579978,47.409876240162134,-0.011551035637644702
29.73391755057377,-19.33101871023655,47.20617550275087,47.201271874049624,-0.004903628701242724
-26.907288869156574,-29.277501252805173,54.87039851748324,54.9200614022695,0.04966288478626524
20.468935989133023,28.710433243763404,47.34386920573976,47.41194193902495,0.06807273328519159
-24.73824554975525,0.3803242290968569,55.200485767634255,55.20262022379253,0.0021344561582736787
19.976169855242034,-17.144373925646867,47.2417436678344,47.34000160041535,0.09825793258094961
-16.237609994622296,22.484742325709966,56.55584411309836,56.537976941317716,-0.017867171780643787
-15.51476770106219,-8.139817342252805,54.95744000178996,54.9587774557571,0.001337453967138913
3.9248889065680146,-16.235839144766516,47.40917009210415,47.406790033005876,-0.0023800590982716585
-0.5150222133860609,19.07790614657378,47.60838365406676,47.623326992165545,0.014943338098781567
2.982261649831365,-23.55577736052755,47.33865869226469,47.45521612872955,0.11655743646486627
-7.501814004483897,21.04002655685862,53.221925465744555,53.25389861580965,0.03197315006509882
20.66682365462922,13.682936582996561,47.33052665079883,47.44593969280068,0.11541304200184754
-19.38176105615345,24.57528123891609,56.462352182232635,56.465860677520844,0.003508495288208735
23.704949494606446,5.28882169170695,47.125873136306275,47.17000878896826,0.0441356526619856
9.408732825742526,-24.142247167127728,47.70547676264829,47.67661906010753,-0.02885770254076192
-20.17631006657367,-12.306459092524513,55.01791287063514,54.99271894632516,-0.02519392430998124
-26.17184432624017,-30.547116487625132,54.88076903714259,54.90185517489872,0.021086137756128664
-12.494545678987173,-29.00704691143398,54.312404888233736,54.32170841793342,0.009303529699685953
13.704538209169755,-18.696933301867936,47.82830210782895,47.78932882222788,-0.03897328560106672
-0.7961329003224122,11.552835260762123,47.64679898664694,47.68142026666062,0.034621280013681144
15.256006405639404,22.837083161991167,47.886608830757694,47.91026099014369,0.023652159385996185
-21.96224422221814,-12.022383602423666,55.06012293606983,55.02637683477697,-0.03374610129286282
4.095195433342077,-21.500574858255774,47.41096186629853,47.408063057359605,-0.0028988089389230254
-21.467278056651615,30.618472460360586,56.123770124321254,56.200158851441515,0.07638872712026057
5.823805671619027,12.962781095001269,47.63459174032587,47.694179094136025,0.05958735381015856
-5.535014762434599,26.859703552855613,49.96015011600667,49.86320449025697,-0.09694562574970433
9.591023399879312,26.894973557600018,48.1121281688316,47.965804080281735,-0.14632408854986778
1.1150149766963438,-13.930180791995035,47.40235838026988,47.42483867516109,0.02248029489120995
-27.977236467601394,13.642650434203219,55.23470459196449,55.31666020211774,0.08195561015325126
20.55042411563464,29.029341136448224,47.339328485246455,47.373812984992966,0.03448449974651169
20.313577590874893,31.03758150160065,47.34693623463727,47.36887608723762,0.02193985260035447
11.945700547318424,21.551616569915602,48.176736642992736,48.17730928647172,0.0005726434789821155
-3.2576206607048235,1.1291317535767007,51.890878266029404,51.72686970630025,-0.1640085597291545
-27.998148763280668,-18.064466179879965,55.129393753151604,55.06091324327624,-0.06848050987536425
-10.566189062515619,5.437075171452314,55.29079133001453,55.27339719130737,-0.017394138707160778
24.348382055515856,-20.850470813351286,46.94001941717969,46.962608982900164,0.022589565720473104
7.372121989058357,-1.750357849903338,47.63015265215328,47.626458886066885,-0.0036937660863927135
30.126613461527505,-29.87262246924174,47.18455182321884,47.19820871074958,0.013656887530743234
1.5561280437720129,2.5114624604769986,47.47210998011616,47.568770754012384,0.0966607738962253
11.898370768141191,-20.13582776708232,47.84442430945947,47.842308603591114,-0.002115705868355633
4.367997587472999,-25.060783324796873,47.386774489635016,47.51575316872623,0.12897867909121175
-6.3020182352515945,2.7933982800188204,55.08752450357025,55.06789682576047,-0.019627677809779698
24.22923691631094,31.01070118048675,47.44979342248092,47.45548200195901,0.00568857947808965
17.749076509921238,31.761728523854714,47.61699471648603,47.63211739364703,0.015122677160995579
11.583356914818104,22.2851149657335,48.14034768372083,48.13629866071043,-0.004049023010402664
-29.08327122093361,-6.955048771674896,55.21488300658373,55.239617681414146,0.024734674830412473
22.884316183207588,-31.191515469627667,46.85285332504192,46.96049882375717,0.1076454987152502
0.6865971469993184,14.154886580161637,47.52901053275518,47.54978645942848,0.02077592667330208
-23.335748239074256,-3.492210271530226,55.22670957679446,55.23707503046193,0.010365453667468216
-20.811914325775817,4.874749182826136,55.25187585316847,55.21058335514214,-0.04129249802632984
15.717370653644586,1.1981844253481597,47.850495390660136,47.85186943942256,0.0013740487624218645
-2.825048765585926,-11.348447686287805,52.15177321646983,52.12432865330987,-0.027444563159960467
-5.43449837363422,2.268192679499819,54.73563493361947,54.67091694520132,-0.06471798841815257
9.147437639562675,23.243630260199723,48.01933772531609,47.9635774384447,-0.05576028687139001
21.686758240003783,0.1277764384724449,47.13609124317081,47.32115999097204,0.18506874780123184
-10.922945237415142,-11.396514459156109,54.804146691341195,54.79736526258413,-0.006781428757065555
9.992450996942246,-26.334995091987103,47.75125803080993,47.73494386641171,-0.0163141643982172
24.69657822869828,-20.70530518850245,46.96021282652722,46.97820535370998,0.017992527182762785
2.420409920164616,5.022495888952946,47.4624355859068,47.57315141232866,0.11071582642185973
9.29567642657338,-20.179392327673185,47.73211066759349,47.68773732239035,-0.04437334520314096
14.67798886781349,-26.453464103699574,47.90676412309374,47.81339163297271,-0.09337249012102689
-11.441085011120116,-3.68460938611873,54.997619665612184,54.9936137266076,-0.004005939004585457
26.05093436205403,17.192751049222643,47.35966754647352,47.371550255284546,0.011882708811029374
-3.370721147732226,22.328909680388485,48.66596699301803,48.74498018101551,0.07901318799747514
-19.73637175725387,12.21881353755883,55.27879105195827,55.363641403438244,0.08485035147997166
0.08872672521714975,21.29684510579431,47.576575219000354,47.58088063036034,0.004305411359986522
8.637213425703308,-6.383126406877643,47.74245935986751,47.70793655231871,-0.03452280754879666
-28.647620419480916,-27.95059130741621,54.87325484932715,54.93253027080816,0.05927542148101139
19.60769595171989,-7.413501978577742,47.37422020198868,47.43902865713058,0.06480845514190037
-18.056874866074217,16.264165438326337,55.34394065534226,55.570938499558274,0.2269978442160152
9.560045850076548,30.149100819842232,48.09418992724641,47.967782571325465,-0.12640735592094643
11.881758250668106,7.476261158047919,47.9441868468072,47.81254708356126,-0.13163976324593563
-4.1397662617047715,-5.460657422549524,54.19873635092901,54.248472028798666,0.0497356778696556
23.985373100242256,-4.094632148152201,47.0451378146931,47.07229546866062,0.0271576539675209
-10.432302579864903,-19.754818586560276,54.52787009161174,54.52802503057841,0.00015493896667351237
3.1791376716885154,12.078172455913034,47.56468893111269,47.59137483461266,0.026685903499966912
-17.559371797015167,-9.747663903699944,54.981231631354156,54.97017282889395,-0.011058802460205186
0.21866321741900663,-4.326658336359671,47.77006625590384,47.654422403969996,-0.11564385193384652
9.695869397964017,-5.983399951884223,47.84928951621131,47.785165742021476,-0.06412377418983084
7.92747983927444,-4.483483134902613,47.62906486708579,47.65563547097266,0.026570603886874267
-11.794733524930948,24.90032608285741,55.774759099833815,55.821294072882885,0.04653497304907006
-25.17935265227991,11.178525180404876,55.244361831443015,55.25738539674363,0.013023565300613882
23.836011317062734,-7.203922553113394,47.03817692395971,47.052275816847654,0.014098892887943748
-18.97031119960105,25.753262324350693,56.44771967947511,56.476324198245486,0.028604518770379173
-18.99027162886466,-16.26469652726533,54.96059967518688,54.94001365889156,-0.020586016295318643
5.915936217381557,-26.08149522746001,47.41394568153597,47.545049513341965,0.13110383180599428
-1.0304605880181938,8.96541451310334,47.79108539667968,47.79090643857783,-0.00017895810184853644
-20.356397313273312,5.486874747481558,55.262253635370875,55.21240909866956,-0.04984453670131472
5.185169862786886,-0.2676034065043851,47.5385425879885,47.54144149352952,0.002898905541016461
-6.996685443770957,21.404341918958238,52.6351542038466,52.57649488802352,-0.05865931582307837
-6.8417696557471785,-0.22707986517951895,54.952963531512786,54.98435724041652,0.03139370890373527
2.1718816814160604,-2.4850554297913874,47.46033437528445,47.44492566651155,-0.015408708772895352
26.523801564260147,-8.206228964938028,47.1307321567134,47.13788799644372,0.007155839730323521
20.700652447262883,-8.56489943165893,47.23940303033453,47.30101607502638,0.06161304469185325
11.801502374096202,9.389526710140252,47.95861537144899,47.74765460277848,-0.2109607686705104
21.493688683131722,19.576907003589348,47.24124599496085,47.45463787381683,0.21339187885597966
26.028401544545467,-20.44929629017026,47.021677397565014,47.03756102224903,0.015883624684015274
3.7578303812280254,25.762669364601912,47.65782000450814,47.75789184340093,0.10007183889278792
25.673804923449552,18.30393726201722,47.35645372993906,47.354773059353185,-0.0016806705858769533
12.944182111010605,27.539062956007918,48.06607882146158,47.89912834568715,-0.1669504757744278
-30.612568654789385,-23.922911899650067,54.98775020386315,54.99277201941156,0.005021815548410302
-22.47158015303718,-30.696600124289603,54.84392592079814,54.82698575653289,-0.016940164265250246
5.716910231592998,-0.3101184636481875,47.553641322990444,47.5624718855467,0.008830562556255472
8.043260901510024,6.696664305378306,47.70272006673493,47.741353386702286,0.038633319967352975
-4.224684009606371,19.284360944709952,51.24043904941418,51.23374095047776,-0.006698098936418262
-25.25493773206511,-0.8799045191036825,55.18845476903834,55.215881441128815,0.027426672090477666
26.057349882361123,-3.277611534346285,47.13978691859064,47.203721006418036,0.0639340878273984
0.812053151563326,-2.470581862771965,47.444299518158616,47.483908958919656,0.03960944076104056
-0.5509365249369367,6.202136099897878,47.74237824714622,47.727491370914656,-0.014886876231564372
12.966012099403443,-18.24819017541168,47.84864995740295,47.81131984401132,-0.03733011339162573
-29.083961819400272,-10.117080515290795,55.18646072723337,55.16876836824654,-0.017692358986828083
-12.26315062987549,1.485997880864133,55.17858336272173,55.16317231105839,-0.015411051663342334
12.553999286966842,-17.064374481377243,47.843449579737076,47.76503931814708,-0.07841026158999398
-26.016773130962534,28.23884770541695,55.94134822291417,55.97263361685929,0.031285393945118756
31.045600911493324,-14.809694948648307,47.31749622570994,47.24847475829679,-0.06902146741315107
26.91281926653504,-1.0005696917282307,47.19451516793037,47.27974123662266,0.08522606869229321
27.589437601424613,-1.140539674731123,47.23549334364691,47.31900281398248,0.08350947033557077
7.360270315687487,-7.737305623831446,47.60863066119144,47.63263717366412,0.024006512472681152
-20.812915329486273,-4.888605835896293,55.25823443251815,55.15297554226684,-0.10525889025131363
-0.7890662141933475,-17.18768140228689,49.48075407865566,49.451259911159745,-0.029494167495911938
17.63537260739148,9.1568092937705,47.60273020957604,47.594863919903354,-0.00786628967268399
-29.12073019466888,19.302635257900498,55.74678946775768,55.7843868174435,0.03759734968581796
4.632169491296388,-6.413124830094411,47.507469784716235,47.50409592520379,-0.003373859512443289
-25.22189567760254,-0.2767597673560971,55.18459143724215,55.208081925553074,0.023490488310926594
23.737617394934112,2.5378513726547354,47.11416526991198,47.147677780758336,0.0335125108463572
0.4703800612807143,2.6765619051246006,47.51362199042883,47.59256748026918,0.07894548984035055
16.64345278039562,12.782435622800087,47.718708160220515,47.710037685617124,-0.008670474603391654
17.17878306672766,-20.253607448454375,47.59050089773462,47.58180274319411,-0.008698154540510927
23.102486264512095,15.14021311775889,47.22407526915902,47.3151589362279,0.09108366706887949
-31.600296081065565,-15.648464494309607,55.13092639882523,55.12704546204045,-0.003880936784781852
-18.68746948079476,-13.768599932307517,54.98818436275443,54.961841640933585,-0.026342721820846293
-9.403292647368893,-10.800369182659054,54.78324417617943,54.77675476708128,-0.0064894090981511
16.764644579983006,-6.851432360471492,47.647614942880814,47.705937220522685,0.05832227764187081
16.85644958100648,14.612388547106484,47.71899035282131,47.71050684440626,-0.00848350841504697
12.90293058669878,26.314482202669325,48.03396571984507,47.89945201169522,-0.13451370814985353
-9.711362688656138,14.056851264585276,55.54961121745036,55.53825420213953,-0.01135701531083555
-0.3545286188729193,-26.444516052092872,47.78894318924523,47.7904301639018,0.0014869746565722153
-27.737826017147768,8.222954614275139,55.24344378793436,55.26349441430285,0.0200506263684872
-4.314698653253032,29.80495472309753,49.01482816980204,49.0975319805663,0.08270381076426503
-0.5449251461227718,-18.40837617605247,48.36996276749084,48.36609252322059,-0.003870244270252954
-30.96496823901836,-27.557960680069804,54.86730181404731,54.92405368197535,0.05675186792804254
-4.083380965738172,-19.786277632677688,54.405053195511215,54.40677402942946,0.0017208339182417376
6.422624609135724,-5.094106231934198,47.55378878253195,47.5855942261403,0.03180544360834858
-9.378697427289652,-3.6423055400800664,54.944040581428354,54.94807986003322,0.004039278604864194
-4.6765647422970105,-11.248630598684898,54.36142579280432,54.31422275150216,-0.04720304130216135
18.103603293251403,-19.4373890837917,47.42978080486034,47.51858324816389,0.0888024433035497
-5.080874432924979,-18.045580426463445,54.539524988394255,54.45735749199829,-0.08216749639596799
7.8183176334080144,8.71082723301361,47.74204947571158,47.74258982587575,0.0005403501641652042
-30.953211424751395,-14.635272234160688,55.14102670058006,55.1289931786666,-0.012033521913465961
-3.1413586985469095,13.946542455167155,50.22013951631504,50.12067533948003,-0.09946417683500641
-26.80661037798759,-10.293493207021719,55.13357419042497,55.124885282780134,-0.00868890764483865
25.389907786626395,-2.9770934786962044,47.12388648346051,47.16673818924826,0.04285170578774711
-0.827884963863319,-25.215181704017063,48.62755893817819,48.69110451630765,0.06354557812945671
-24.636934673263077,27.27137863856295,56.079249513661374,56.089197310725076,0.009947797063702524
19.687941885818148,24.548119614843152,47.45197467399293,47.43709458716916,-0.014880086823765737
-13.212732721776781,-11.014204826311072,54.88860724227047,54.86009480264815,-0.028512439622318198
28.143846711183187,27.954827542823693,47.705097536903644,47.707321236355625,0.002223699451981531
12.081948677499547,16.350358648395172,47.995968578134935,47.79800901782626,-0.197959560308675
-5.0774403910575785,-26.48666310878575,54.057823752322605,54.04182544596049,-0.01599830636211408
8.44849452887911,-27.19420578037016,47.64206802955252,47.62197990380761,-0.020088125744905483
25.08711484449718,-7.4852386611919925,47.071333220801044,47.0908031534939,0.019469932692857128
-14.547636334844519,-2.0806388703245133,55.08378485304769,55.09430847973361,0.01052362668592366
-5.099211268092752,0.25317486363848474,54.432731852286935,54.39654994220741,-0.03618191007952731
7.665010329527185,15.569397234367685,47.77288473375775,47.7969808914445,0.02409615768674911
26.690052229393594,-8.753221524262067,47.144921629430144,47.1390178085426,-0.005903820887546374
-10.681834645599338,-5.892961270953656,54.922929968407196,54.93096985426949,0.008039885862295648
-18.885857477216625,2.7585566947560025,55.23414548817277,55.19595705580848,-0.03818843236429359
9.050110156960464,-16.2973587481804,47.73298487226598,47.644216580942455,-0.08876829132352526
-7.35037945384709,-29.9467067628172,54.19598251348577,54.184234837137794,-0.011747676347972913
6.191164634757001,-2.709205648952725,47.55164368134549,47.57532578010921,0.023682098763721626
-28.18278197973263,-6.390062619223194,55.23293115332763,55.24194085694829,0.00900970362066289
-2.860792366025926,-8.271014753355708,52.41542701035784,52.44417321559558,0.02874620523774496
-17.801891677598448,14.448404944001076,55.344748288064935,55.5247694778835,0.18002118981856796
-23.655570014791017,5.10306107573647,55.25109837342982,55.21842151889488,-0.03267685453494096
-18.58297698529133,9.36208150774273,55.503613982845614,55.333343451728354,-0.17027053111726076
15.766098146994523,-7.427736324702622,47.76545637388894,47.780609445735415,0.015153071846476962
-0.6850927777962781,0.9433325886520976,48.11963806336898,48.14541864455849,0.02578058118950821
19.79981240809815,-25.46729607895795,47.162924859189616,47.17065652331009,0.007731664120477433
7.412814239973478,-20.10659014653462,47.56129092439126,47.58264259190685,0.0213516675155887
4.150103756104947,-26.118185102848635,47.396136913341266,47.50971510898407,0.11357819564280192
-30.41102221044725,2.1994056486610063,55.2004913337669,55.25593397673841,0.05544264297151358
-26.527441271862834,9.70843497889809,55.2568560287384,55.26101866616569,0.004162637427292282
25.054716979615982,18.517630670754876,47.33789161577943,47.33100716774289,-0.006884448036537094
-9.652727136551555,14.681203507555594,55.56996848215066,55.55547891922628,-0.014489562924374866
-20.443822246211653,4.205074933062598,55.257044810570605,55.20652818376681,-0.050516626803798204
-10.81980780140303,14.772476358658295,55.60569806655352,55.57019436193374,-0.035503704619785026
-20.654529839343688,-6.554564567391125,55.23769059388194,55.1000627226142,-0.13762787126774612
22.09863812767719,-19.688644119106996,46.91968649022664,47.13218612473453,0.21249963450789267
-30.921881420440833,9.493390082567124,55.215041789658684,55.3280791792914,0.1130373896327157
-30.505500636524523,30.03522290516411,55.81436449006455,55.82635484695306,0.01199035688851069
12.730302544426067,-7.2681503684163715,47.968097826178735,47.909975501892326,-0.0581223242864084
19.95707009973723,16.448028847351416,47.410742985421905,47.532820918619116,0.12207793319721105
-24.7066897282512,2.053588451440902,55.23162848984394,55.21031972675432,-0.021308763089621152
-8.684242530545916,-11.112674964715673,54.74537911501079,54.739007207361794,-0.006371907648997421
24.90449721266974,12.843752429132245,47.26393479353423,47.2806914494062,0.01675665587196562
17.8551642652273,-7.388286393815278,47.54801841266624,47.60090773378381,0.0528893211175685
31.55806556017575,24.879919343803593,48.91715334062139,48.90308016892787,-0.01407317169351785
16.280977004762335,-15.039484022498392,47.63722339874531,47.648921440622736,0.011698041877423293
12.770197615370776,-0.942506575200774,47.93158003791445,47.911931902372004,-0.01964813554244671
24.72869448297599,17.295039346034606,47.301458674568195,47.30322287584933,0.0017642012811336372
7.327618804103672,7.123305659409262,47.635027249032206,47.708459247906816,0.07343199887461083
3.544365071160648,24.241320412410474,47.63371738587267,47.72841144732676,0.0946940614540921
26.016328028475364,-18.04835098430827,47.032613027988745,47.037125496740856,0.004512468752110976
28.02779554159715,29.66731496587075,47.68045905878834,47.675063983766016,-0.005395075022320839
18.674435311623583,25.20190214314148,47.60108535015421,47.53474862467198,-0.06633672548223046
-11.525694906684379,-11.34587625745479,54.81813923619616,54.81439328625477,-0.003745949941389881
16.553028853834462,-6.0474382451441855,47.66026845129376,47.73209172271133,0.07182327141757128
30.805022527720276,-28.691650863195186,47.221389254895314,47.23515803024923,0.013768775353916851
-20.57052558434787,-10.928338645014769,55.05762586019921,55.011628261149845,-0.045997599049364624
6.893608910992938,18.561575539674173,47.736015267691656,47.80259265459043,0.06657738689877135
-21.19589118560949,0.3961597473123035,55.18076707754793,55.19022200036556,0.009454922817631939
-3.7713799993428623,-24.17536643672561,53.18253825655748,53.16617035893492,-0.016367897622558303
9.012561274330515,13.858973042144711,47.884947149374696,47.79373461093294,-0.09121253844175925
-14.531320758880206,-15.481400775785303,54.86737718779097,54.84650794825378,-0.02086923953719122
18.457575839451053,27.702649358214643,47.603158157045314,47.56426756811325,-0.03889058893206254
-27.503054238527234,-13.38430680411384,55.08074657620369,55.09154243963435,0.01079586343066552
-31.13814023964899,-21.559673325783095,55.09143166988966,55.03235351518683,-0.0590781547028314
-13.195458848184565,-26.284343612438725,54.37203967450015,54.3728174233137,0.0007777488135474186
16.370893850949372,7.6086101708940035,47.70497235647012,47.7079656943353,0.0029933378651776366
22.65375030751725,-13.218394513186027,46.958035148818595,47.10714596424881,0.14911081543021254
5.854097728155104,16.244282381305652,47.66655836262387,47.73917980038963,0.07262143776576124
