row,column,x,y,source_height_m,native_height_m,difference_m
900,670,-525.3943394466205,384.69294782137865,61.178001403808594,61.52343833574783,0.34543693193923275
2059,1140,-45.68330297716787,-770.7938754900139,9.426000595092773,9.255697562792939,-0.17030303229983446
610,132,-1065.956469530217,670.344568411781,65.97400665283203,65.98238692054166,0.008380267709625855
2392,541,-642.1244744935503,-1108.8406474835906,8.584000587463379,8.629501446398862,0.04550085893548328
2019,2197,1011.3202767594329,-722.0603920376772,17.780000686645508,17.351800008593987,-0.42820067805152107
2292,960,-223.8176518053141,-1005.3523349803079,12.524999618530273,12.1786007957962,-0.3463988227340735
2372,1757,574.0936645954961,-1078.8020934192796,9.68600082397461,9.743597830130549,0.05759700615593921
2069,655,-530.7534866870918,-784.7985301260039,9.281000137329102,9.246112719193569,-0.034887418135532755
1615,1068,-121.36932792005777,-327.24806556914984,25.648000717163086,25.816226547515033,0.16822583035194683
404,616,-583.5043111605927,880.4033417402578,57.34199905395508,57.18116281425894,-0.16083623969613825
2385,1274,91.04854881940928,-1095.7910527833874,23.638999938964844,23.44712142365518,-0.19187851530966427
2314,1399,215.50219151634843,-1023.7373891964471,15.748000144958496,15.107669614508598,-0.6403305304498979
1219,504,-688.8142939309765,64.22287116591609,73.73600006103516,73.60788213567588,-0.1281179253592768
1942,678,-508.7940766415572,-657.5688180036698,5.460000038146973,5.46,-3.814697269177714e-8
2095,1056,-129.41274683254923,-807.4982594701778,12.270000457763672,12.240333112393532,-0.029667345370139486
1333,348,-843.9226742244779,-51.10016899646251,70.42618560791016,70.46967714480837,0.043491536898216054
2238,581,-603.382437603299,-954.4622130303356,7.75,8.223726401340778,0.4737264013407785
1764,1148,-40.11473726223563,-475.63492924851846,8.362000465393066,7.766575683876116,-0.5954247815169502
985,2275,1080.8132720876831,312.9101114271302,9.004000663757324,9.00730293859742,0.003302274840095265
719,170,-1027.045072137379,561.6239175736913,71.83500671386719,72.11075027558448,0.27574356171729164
689,1460,263.1133582180012,602.2783641097808,70.42900085449219,70.39172739630068,-0.03727345819150685
972,348,-846.9014547562492,310.01326450839554,70.14700317382812,70.62237358688277,0.4753704130546481
2336,573,-610.5764239609333,-1052.5590324011023,12.90999984741211,12.922955182498983,0.012955335086873632
2363,277,-906.446708197578,-1082.0095822724966,14.022000312805176,14.08592349127818,0.06392317847300433
148,754,-447.573507411658,1137.6226969303964,56.31999969482422,56.857070029298676,0.537070334474457
245,1809,608.5595181188494,1049.2984742161093,61.3129997253418,61.510178102340426,0.19717837699862883
1810,1279,91.30608508843191,-520.5685670692565,9.26200008392334,9.306702317932643,0.04470223400930351
622,528,-669.7330193640936,661.6086048019187,66.93500518798828,66.38361220871967,-0.5513929792686127
1020,1844,649.9658858279531,274.34259723600024,8.858000755310059,8.968310860240178,0.11031010493011983
56,1872,670.0196856386692,1238.8780561691333,52.60499954223633,52.29605699535303,-0.30894254688330136
1884,85,-1102.4589813558782,-604.4432400962141,11.515999794006348,10.939872061245575,-0.5761277327607726
201,343,-858.2653590684268,1081.214256708052,63.64699935913086,64.0804983211182,0.4334989619873397
153,454,-747.6265932860157,1130.1453679313986,49.983001708984375,52.45704625415967,2.474044545175296
2411,68,-1115.1163364359388,-1131.7489406827453,13.616000175476074,13.517428855098425,-0.09857132037764949
1330,44,-1148.0429053106695,-50.60761661516903,65.49199676513672,66.29082516295554,0.7988283978188235
106,175,-1027.1021196527402,1174.8576720569959,69.61500549316406,69.65825317955327,0.04324768638920773
1807,440,-747.9827672999586,-524.4900387738929,9.392000198364258,9.247012159939661,-0.1449880384245965
1157,1060,-133.15091390777624,130.83018070265257,51.67399978637695,52.26420755281343,0.5902077664364782
1609,1672,482.77161131942756,-316.26256546880876,8.89113998413086,8.926274639884388,0.03513465575352903
2498,1745,563.1293963975346,-1204.9408698869493,8.204000473022461,8.073206127673995,-0.13079434534846612
192,1965,764.1714056409669,1103.6025900699926,54.70399856567383,54.127808293782394,-0.5761902718914342
1855,1170,-17.356982426323746,-566.4820829516847,8.266000747680664,9.777452020734282,1.511451273053618
1964,49,-1137.8102293963707,-684.7653777416125,5.960000038146973,5.96,-3.814697269177714e-8
2470,1406,223.7914303761928,-1179.7288267278918,15.17199993133545,15.145838101155427,-0.026161830180022605
2388,1491,308.1417255907693,-1097.0017026294727,14.41100025177002,14.502257439399438,0.09125718762941837
272,2166,965.8951152058194,1025.2360477057198,25.716999053955078,26.906229103755262,1.1892300498001838
1941,970,-216.71042180064785,-654.1593121501354,9.031000137329102,9.143987277545325,0.11298714021622303
610,1513,315.47816731324036,681.7406358843868,71.9320068359375,71.75943128330694,-0.1725755526305619
1269,2261,1069.1522755422568,28.70479085610848,6.146999835968018,6.257229256126443,0.11022942015842574
2025,2214,1028.3751548377807,-727.9220284918011,17.94300079345703,17.941637949340134,-0.001362844116897577
1857,816,-371.45196281734945,-571.4034773976163,7.50540018081665,7.0332381435758915,-0.4721620372407589
721,919,-277.79305553092166,565.8039818869851,55.255001068115234,55.43255260238294,0.17755153426770676
1109,727,-466.6518172482615,176.09754234060392,69.02799987792969,68.62933237461694,-0.39866750331275114
280,1557,356.7688179932655,1012.2078269064295,78.11500549316406,78.15387787425436,0.03887238109030022
1186,1929,736.3624858717704,108.991553138793,16.17300033569336,16.09451340181775,-0.07848693387560957
1395,1867,676.0674345821961,-100.58603722774663,12.168999671936035,12.64858141397353,0.47958174203749415
69,418,-784.3311224090814,1213.8746755181587,65.79309844970703,65.84098193706515,0.04788348735812065
2493,380,-802.3418231853893,-1211.2006645266395,15.208000183105469,15.137828375193674,-0.07017180791179456
1263,1535,342.87347024872474,28.716192928518264,20.538000106811523,19.75002002692332,-0.7879800798882037
1027,2140,946.1171619144773,269.7828635269331,8.565879821777344,8.755529778735356,0.18964995695801257
2440,598,-584.7105409903809,-1156.3854824694308,11.050999641418457,10.45632304698593,-0.5946765944325278
854,853,-342.71633596795834,432.21749416992157,55.073001861572266,55.23517845803053,0.16217659645826643
888,2252,1057.0055835812389,409.75099247426203,9.039999961853027,9.052570399515945,0.012570437662917655
2390,88,-1095.2833111386603,-1110.577345117592,13.595999717712402,13.5915728304994,-0.0044268872130022174
2132,51,-1134.4235103815136,-852.8016131945756,13.172440528869629,12.229275527534014,-0.9431650013356148
974,1734,539.5515803621656,319.44943942907855,16.333999633789062,15.35351068281636,-0.9804889509727026
2536,888,-293.8272788889935,-1250.023162957957,14.074999809265137,14.378656347517628,0.3036565382524916
1543,958,-231.9980458120136,-256.1330053173112,40.80099868774414,41.406359214689516,0.6053605269453755
415,1828,628.9684139088613,879.4015955300468,62.80099868774414,62.58046887779983,-0.22052980994430982
2482,1807,625.0169698300616,-1188.4243112606748,8.348999977111816,8.381881734946113,0.032881757834296366
813,2011,815.3105271054189,482.78601534697555,13.390999794006348,14.161416715610757,0.7704169216044097
1357,1694,502.69926725015256,-64.00150749168202,8.634000778198242,8.781016125927565,0.14701534772932234
1517,1074,-116.1760408584474,-229.16769140793036,41.0629997253418,41.13231966620548,0.06931994086368576
1249,1042,-150.39745238664085,38.652679220172146,56.16400146484375,57.134560265226646,0.9705588003828964
1804,2040,852.4967535794938,-508.2878045152183,5.9019999504089355,6.2570818376084185,0.35508188719948297
579,568,-630.0752795317069,704.9522069043725,64.74299621582031,64.36774198891203,-0.37525422690828236
697,648,-549.0763828597229,587.575258897255,58.30799865722656,58.97238822915036,0.6643895719237989
2500,1911,729.1983159812652,-1205.571982415117,8.37700080871582,8.472524282837227,0.09552347412140705
886,464,-731.5746431784369,396.99749047798775,66.04500579833984,66.03211707751083,-0.012888720829010936
996,1611,416.6942969524874,296.4275432454637,36.154998779296875,38.17423300435397,2.0192342250570974
593,2082,884.5175325770794,703.4414149711562,17.31599998474121,17.48424648024323,0.16824649550201798
1442,135,-1056.0901980604208,-161.8919176824632,52.28900146484375,50.09085614646275,-2.198145318381002
823,2085,889.4164280800944,473.39349047190046,13.668000221252441,13.730517918460516,0.0625176972080741
79,1914,712.2227599963617,1216.217401546431,47.27799987792969,46.766758073378455,-0.5112418045512328
1588,696,-493.7092116320575,-303.3089419604264,48.96500015258789,48.7304674845362,-0.23453266805169193
1184,1223,30.12323157576782,105.16666225948316,40.87300109863281,40.908513207958485,0.035512109325672725
1051,1250,56.03428959552912,238.43136745953848,59.012001037597656,59.364421814328225,0.35242077673056826
2403,1569,386.2900858820341,-1111.3629180471112,14.71399974822998,14.684252283034306,-0.029747465195674394
1573,823,-366.79301357173085,-287.2563414408451,30.417999267578125,29.849926360610738,-0.5680729069673873
2209,858,-326.5345436215681,-923.1677402893722,10.737000465393066,9.725074238284863,-1.0119262271082032
1440,1726,535.3942201071711,-146.76366567517064,8.960000038146973,8.927509468218851,-0.032490569928121715
323,123,-1077.3276696364044,957.3604088078437,66.70800018310547,66.11483240736459,-0.5931677757408806
415,2145,946.0685595198661,882.01755233473,23.22100067138672,23.40385574222726,0.1828550708405423
2091,1145,-40.41771075753088,-802.7627044826606,11.97700023651123,10.014137251953253,-1.9628629845579777
1022,594,-600.4115401881927,262.02744970642846,66.51600646972656,66.07302210677406,-0.442984362952501
2222,676,-508.48456190369234,-937.6733977535572,8.225000381469727,7.20523919563724,-1.0197611858324862
1090,2154,960.6414368875436,206.87847307255277,9.16337776184082,9.160473000593583,-0.00290476124723682
2033,155,-1031.207657033309,-752.9124802259764,9.325000762939453,7.816528889209859,-1.5084718737295937
1785,132,-1056.2610498707936,-505.024371768324,8.362000465393066,8.211547862380726,-0.1504526030123401
1514,433,-757.4024949311388,-231.45570049502714,61.935001373291016,62.46205936544805,0.5270579921570331
321,45,-1155.368661479342,958.7173533630234,68.04700469970703,67.74968286068886,-0.2973218390181671
1311,1431,239.2367310488374,-20.157085887710217,13.984000205993652,15.158291784706691,1.1742915787130386
492,1372,173.4599520851996,798.6143009649695,73.13300323486328,73.05949079356778,-0.07351244129550594
178,1899,698.0350240797113,1117.0623491302013,54.2400016784668,54.012497551565,-0.227504126901799
472,725,-473.9088729575923,813.2814449103101,58.85300064086914,58.86309507853501,0.01009443766587026
2067,56,-1129.9582225896017,-787.7399566487532,9.288000106811523,9.299094999537145,0.011094892725621364
2426,1119,-63.662039839652,-1138.0827507354809,23.31599998474121,22.96200554447608,-0.3539944402651294
1406,2095,904.230228119026,-109.70823128164272,9.657266616821289,10.102278121705801,0.445011504884512
735,633,-563.7675278803873,549.4395282199932,58.33700180053711,58.099919717156226,-0.23708208338088355
509,659,-539.6243062215498,775.7251630010965,59.369998931884766,59.91147902309709,0.5414800912123212
1259,1091,-101.29950409515284,29.053846746302423,55.47600173950195,55.25549977899596,-0.2205019605059917
1587,1034,-155.61106558533433,-299.5197811958909,35.25899887084961,35.13452304164892,-0.12447582920069067
1208,1303,110.34648147932636,81.8192127962873,41.90800094604492,41.80390608390608,-0.10409486213884378
606,2264,1066.6823400800868,691.9391773841785,14.87600040435791,14.831253442970272,-0.044746961387637896
1467,1290,99.47946716988474,-177.36969319921053,11.425000190734863,11.730492419813878,0.3054922290790145
2398,1050,-132.91478129473757,-1110.6431931831692,15.572999954223633,15.657554290019014,0.08455433579538152
2246,1377,192.9342326556434,-955.8974558098619,15.258999824523926,14.592083669017683,-0.6669161555062431
279,973,-227.42350291831173,1008.3887535333731,57.43299865722656,57.137398482487164,-0.29560017473939837
1737,455,-733.5556103361928,-454.3442734392201,34.09000015258789,32.28071395447104,-1.809286198116851
1454,533,-657.8661247072329,-170.6117260244319,63.47700119018555,63.41845269566742,-0.058548494518127825
595,887,-310.84287975769263,691.579581881381,56.33300018310547,56.289812678930346,-0.043187504175122626
587,1665,467.33632915551726,706.0022034125689,62.67300033569336,63.18090424506885,0.5079039093754929
1823,988,-199.67833884350839,-535.9736430300109,5.947999954223633,6.7897087377984695,0.8417087835748367
1942,157,-1029.95783413245,-661.8674031937571,9.168000221252441,9.412901828554972,0.24490160730253052
1589,151,-1038.8722631481342,-308.8060593641304,24.465999603271484,24.265764690998346,-0.20023491227313883
981,1438,243.51594784124663,310.0047397000277,67.927001953125,67.92863670270471,0.0016347495797077727
646,1909,711.9002349622557,648.9970718203942,22.409000396728516,23.04736528886059,0.6383648921320741
198,2038,837.243983349851,1098.2031236528055,47.68899917602539,47.81972545343097,0.13072627740557863
46,1253,50.74187287230563,1243.7728470409552,53.62799835205078,53.379448067017144,-0.2485502850336374
2340,2215,1031.9743550576175,-1043.013362882608,1.2079999446868896,4.929467842065171,3.7214678973782815
2087,1161,-24.445671377248463,-798.6294360643649,9.29900074005127,9.286405408427356,-0.012595331623913353
2002,947,-239.21437569836885,-715.3682830848461,9.53894329071045,9.53600875293144,-0.00293453777900865
435,1368,168.98831603659826,855.5992624917923,78.68600463867188,78.2245814260851,-0.4614232125867801
1480,1182,-8.44730612145146,-191.26491406450657,29.886999130249023,28.926962464495293,-0.96003666575373
1976,527,-659.5610461121748,-692.825355863225,6.394999980926514,6.578854744040709,0.18385476311419513
1536,383,-807.2366860382423,-253.87516886910976,55.345001220703125,55.32884700894157,-0.016154211761552517
2215,1521,336.7238880027402,-923.6996255898292,13.51200008392334,11.115396559148625,-2.396603524774715
62,1236,33.868556885193776,1227.6275106786998,53.60599899291992,53.763628969176374,0.1576299762564517
384,362,-837.7492074516754,898.3135524560557,60.14400100708008,59.91896879892346,-0.22503220815661962
2378,1289,105.99552570894238,-1088.6650932509797,21.97800064086914,21.963277502132613,-0.014723138736528085
2040,1056,-129.8665261351575,-752.4809366041466,10.46399974822998,10.097143458331768,-0.3668562898982124
861,1851,655.6560754870884,433.45056612551286,13.230999946594238,13.7998547399062,0.5688547933119619
85,698,-504.1110364797629,1200.180372945621,62.53900146484375,62.41400204959831,-0.12499941524544056
1650,2027,838.2220082443887,-354.34640798561907,5.9019999504089355,6.242441251718293,0.34044130130935724
738,1736,539.6047894121988,555.5404366880123,34.47700119018555,33.98739112044114,-0.48961006974440835
2052,2127,941.5704183514029,-755.648364657906,17.320999145507812,17.63356801188521,0.3125688663773971
1496,1730,539.8575476298307,-202.7483375583368,8.744000434875488,8.700957142619476,-0.04304329225601222
189,570,-631.2930337925187,1095.0913409769341,51.696998596191406,51.51653325449326,-0.1804653416981452
560,692,-506.1930676338787,724.9814408744726,61.74599838256836,61.45037362648091,-0.29562475608744876
318,1501,301.06474218136407,973.733708922588,78.04000091552734,78.50633706549179,0.46633614996444805
1275,1394,201.92801510886392,15.54896652072058,22.187000274658203,21.815714086726476,-0.37128618793172663
859,1399,203.4969393193529,431.72139283303477,75.54800415039062,76.91277537074741,1.3647712203567863
430,1418,218.96282088594094,861.0134498764252,76.27000427246094,76.26499430724814,-0.005009965212792622
2336,593,-590.5701340675276,-1052.3940276930564,12.532999992370605,12.003140150114614,-0.5298598422559913
295,1796,595.9680333258948,999.175408104986,63.345001220703125,63.180576589337726,-0.16442463136539942
652,985,-212.34165934227798,635.370335384936,56.47600173950195,56.50708211656804,0.03108037706608968
479,1558,359.4113370211636,813.1533031386566,69.59001159667969,70.40411485763468,0.8141032609549939
1632,404,-785.437987658829,-349.73206754758587,47.26300048828125,48.75921554465344,1.4962150563721934
996,705,-489.59116708637265,288.9515579064235,63.178001403808594,63.265008892619456,0.08700748881086184
2049,1257,71.27106242373304,-759.8254102555385,5.947999954223633,6.040392974408345,0.09239302018471207
1360,150,-1041.7620871834235,-79.7424010573282,63.33599853515625,64.38344864794304,1.047450112786791
1997,1565,378.93916095762086,-705.2678326897451,5.947999954223633,5.948,4.577636758540393e-8
778,1878,681.9797003240864,516.6995751996667,18.09000015258789,17.226308318939363,-0.8636918336485273
743,747,-449.6656492173294,542.3777289785457,54.999000549316406,55.7093211996389,0.7103206503224939
204,577,-624.1670456818366,1080.1443918046145,54.19900131225586,54.99936629704949,0.8003649847936316
368,2064,864.6551040148827,928.3639725613557,32.93199920654297,32.750496642024885,-0.1815025645180839
2024,1166,-19.963880291528213,-735.5683337768427,5.947999954223633,6.24122361163707,0.2932236574134368
2157,964,-220.93019216512883,-870.2768271525553,0.5040000081062317,1.354679009812483,0.8506790017062513
715,2118,921.5356538780682,581.6999324754479,15.062999725341797,14.44160423480233,-0.6213954905394665
972,1139,-55.65256712296966,316.54033015794425,61.915000915527344,61.988375820935225,0.07337490540788139
587,257,-941.107008823614,694.3832985494877,63.48500061035156,63.618673050274,0.13367243992243516
843,1095,-100.73090207032399,445.2178913655345,66.4020004272461,66.1684018397326,-0.23359858751349805
614,220,-977.8958258137245,667.0694920151477,64.60700225830078,64.93151387103778,0.32451161273699825
728,1597,400.47840187584217,564.3965771124947,56.36800003051758,56.13902255039722,-0.22897748012035635
902,1849,653.9937662479645,392.421116090251,10.708999633789062,11.233187033938503,0.5241874001494402
1555,1778,588.3595158620735,-261.3709097125847,9.100000381469727,9.172203629432943,0.0722032479632162
2427,564,-618.8284857250806,-1143.6618989993262,8.687000274658203,8.867203949316357,0.1802036746581539
129,652,-549.762394422691,1155.7869153168865,61.417999267578125,61.25397105034163,-0.16402821723649197
1718,162,-1026.8044361555178,-437.7558078404895,9.717000007629395,9.854356835780546,0.1373568281511517
2445,240,-942.781817131064,-1164.3405960195068,13.993000030517578,14.06273752815674,0.06973749763916182
59,1125,-77.19117672460973,1229.7124167121221,53.816001892089844,53.55797027046076,-0.25803162162908677
724,1096,-100.71255813097277,564.263627451558,62.095001220703125,62.241999125304474,0.1469979046013492
362,1970,770.5758912328049,933.5901537985585,49.720001220703125,48.44477059551034,-1.2752306251927834
1540,1482,292.1423407380349,-248.8084954380351,17.24799919128418,17.31716929182997,0.06917010054579009
2048,706,-479.9107036408783,-763.3711471773262,9.394000053405762,9.45442149303651,0.06042143963074764
1557,43,-1147.1702044625267,-277.68712343372374,28.07200050354004,27.65417189114774,-0.41782861239229874
1098,1726,532.5722538788283,195.34428608861543,8.22800064086914,8.926712808354447,0.6987121674853061
1533,152,-1038.3340077110004,-252.78022340169645,33.4379997253418,33.33568875180533,-0.10231097353646845
856,366,-829.8529974773388,426.1982457364368,66.58399963378906,67.58494945468662,1.00094982089756
2268,1197,13.05899894306496,-979.3894516946984,17.5939998626709,17.5631622111004,-0.030837651570497115
1985,508,-678.4927645656741,-701.9849469787803,6.193999767303467,6.441087442547466,0.247087675243999
246,1948,747.6116678157501,1049.445242444579,57.31399917602539,57.19887944540706,-0.11511973061833203
1050,1860,666.2184866296684,244.46514965714996,9.300000190734863,9.289040351981168,-0.01095983875369555
1841,874,-313.56571847915114,-554.9198979208576,5.947999954223633,5.948,4.577636758540393e-8
1129,838,-355.45185613857905,157.00716648322611,46.33700180053711,45.50034925017262,-0.8366525503644908
952,341,-854.0686876615141,329.96178707262595,70.64100646972656,70.30207017587726,-0.3389362938493008
375,619,-580.7426831478912,909.4372186401974,55.96500015258789,56.125646429923904,0.16064627733601355
1587,2092,902.7227349401193,-290.7901848391304,8.3410005569458,8.302747125451386,-0.038253431494414514
239,59,-1142.0409608941304,1040.8586256059837,67.60399627685547,67.68015645344661,0.07616017659114505
1530,1877,687.1844999984438,-235.54615835334243,8.225000381469727,8.259735023050016,0.034734641580289605
2351,2204,1021.0616301723178,-1054.1075934863588,10.281000137329102,8.816439016133547,-1.4645611211955547
2105,1436,250.78952842597093,-814.3662201715422,7.880000114440918,7.766725805591319,-0.11327430884959888
706,613,-584.0131239183204,578.2836102208079,60.07500076293945,60.07665298771066,0.001652224771206079
1372,983,-208.4011220518891,-84.8728829279832,69.25800323486328,69.14330754558098,-0.1146956892822999
1254,967,-225.3798150226559,33.03225161507295,68.53900146484375,68.36309397247983,-0.175907492363919
1574,862,-327.7724868623477,-287.9348657067469,19.32200050354004,20.142932649159068,0.8209321456190288
699,53,-1144.2468453775823,580.664719845462,68.73699951171875,68.87651277381727,0.139513262098518
713,1894,697.4483796328037,581.8521326812779,19.687999725341797,19.354847634684475,-0.33315209065732176
1888,1190,2.9215941669852334,-599.3274662212141,10.692000389099121,9.845181612949126,-0.8468187761499948
942,2002,807.3721619454831,353.6709948755082,8.914000511169434,9.030462569206438,0.11646205803700482
1718,883,-305.5777371349203,-431.80692272291077,10.656999588012695,10.637212383395624,-0.01978720461707084
2258,1227,42.98595017007686,-969.1387904987154,16.790000915527344,16.657118787146285,-0.13288212838105906
1539,1074,-115.99451688800838,-251.1746209931594,38.48699951171875,38.43113515014116,-0.05586436157759067
112,638,-563.9070910855955,1172.6767261581622,61.84000015258789,62.05958969177334,0.2195895391854492
1339,1398,206.4573609622842,-48.43820813222018,15.213000297546387,15.640529070865131,0.4275287733187447
2074,570,-615.738968543892,-790.5013962332569,8.6850004196167,8.701114177295628,0.01611375767892831
1634,708,-481.3258902634341,-349.2244013695123,49.19900131225586,49.31981053588592,0.12080922363006152
1657,738,-451.1266789984492,-371.98410873539336,46.79399871826172,46.33052039006714,-0.4634783281945758
1078,1355,161.29018143606794,212.28927150897437,63.98400115966797,63.048631554555065,-0.9353696051129035
1444,914,-276.8287608079326,-157.46488574693643,50.16899871826172,50.01506370819926,-0.15393501006246169
411,1510,310.83504442828064,880.7786469478849,73.2040023803711,72.4134651165853,-0.7905372637857937
1546,461,-729.1296587653633,-263.2347288354527,65.28600311279297,65.25794107764852,-0.028062035144444053
1638,355,-834.4038810832577,-356.13825038603454,39.262001037597656,38.62700696597128,-0.6349940716263731
1387,1521,329.8922153652803,-95.4384407472206,11.5649995803833,11.518592815128697,-0.046406765254603854
2350,401,-782.5149960838386,-1067.9824721335335,13.993000030517578,13.61919161840543,-0.37380841211214744
589,2264,1066.5420550396545,708.9445524512087,14.449999809265137,14.696572905342855,0.24657309607771793
1172,1370,177.0705526301296,118.38340827766783,46.56800079345703,46.04684610536417,-0.5211546880928637
1610,1372,182.68522367477692,-319.73818467182826,17.09000015258789,17.034256973613196,-0.055743178974694274
492,465,-733.8255966990099,791.1295899584629,59.85599899291992,59.32326453862803,-0.5327344542918908
2390,1854,671.272796813106,-1096.0075038531868,9.157999992370605,9.145076032497085,-0.012923959873520019
867,1666,470.6471828421647,425.92209362228306,30.075000762939453,32.65835484912282,2.5833540861833697
1107,1017,-176.5770321139272,180.49111332054252,51.50699996948242,51.45875072600684,-0.04824924347558124
485,1659,460.4927194856641,807.9848787915673,66.91200256347656,66.73326276376193,-0.17873979971463427
713,2292,1095.5741575871486,585.1363998623088,14.09000015258789,14.060196613307632,-0.029803539280258917
2157,579,-606.0513484855629,-873.4532421803951,8.8410005569458,8.946501361530643,0.10550080458484246
488,1251,52.38879983419241,801.6170503916812,71.19000244140625,71.66893178659859,0.4789293451923413
1248,2336,1144.0027140095563,50.330285037964046,7.006999969482422,7.113118750013524,0.10611878053110235
609,1106,-91.6583854510434,679.3823718386091,61.28300094604492,60.96419747076607,-0.31880347527885533
584,2010,812.4205135721646,711.8501107499203,19.827999114990234,20.023818282436928,0.19581916744669314
1809,123,-1065.0658566172478,-529.106164659479,11.276000022888184,11.191535349994627,-0.08446467289355652
1528,620,-570.2281819338656,-243.9171488985155,55.31700134277344,55.36629463915792,0.049293296384483654
205,2182,981.3472599634172,1092.3892634490448,26.297000885009766,26.325285878039175,0.028284993029409122
225,1045,-155.84645845367118,1062.9999310277547,56.354000091552734,56.90982789621355,0.5558278046608152
1746,320,-868.5237803987991,-464.4609670349545,15.390000343322754,15.856284472828378,0.4662841295056239
2529,1342,160.2580051924392,-1239.275434539179,17.947999954223633,17.83811304796523,-0.10988690625840292
1695,1677,488.48277261954127,-402.2484520605922,9.043000221252441,9.029572624526448,-0.01342759672599314
580,2280,1082.472845568274,718.0794310382233,14.371000289916992,14.564819877597886,0.1938195876808937
1838,853,-334.5970812714514,-552.0922196279023,5.947999954223633,6.038832459914143,0.0908325056905106
1624,144,-1045.585676318207,-343.8748067336354,17.41699981689453,18.19801868104447,0.7810188641499387
1835,1023,-164.56830682764235,-547.688644797362,6.659999847412109,6.329174050383304,-0.33082579702880555
1545,1302,112.12683686658558,-255.2952662062208,12.98799991607666,13.13481843084566,0.14681851476900043
2008,829,-357.20202002602434,-722.3437414587754,11.144000053405762,9.48343085105608,-1.6605692023496825
1570,969,-220.77180345929432,-283.0507450882517,39.082000732421875,38.70510588627545,-0.37689484614642765
138,941,-260.5971740337775,1149.1690664117084,56.68600082397461,55.97928232843226,-0.7067184955423471
1484,306,-884.6899391238663,-202.49416383604333,50.14500045776367,50.15792570928581,0.012925251522140968
551,708,-490.26230282612346,734.11630563238,61.04199981689453,61.159805541603276,0.11780572470874517
372,310,-889.8645736516548,909.8882037852457,61.28300094604492,61.208034378554686,-0.074966567490236
1210,2310,1117.6809377544262,88.12776598201002,16.267000198364258,15.8777157627611,-0.38928443560315706
1223,2152,959.7382520148965,73.8199314905498,18.902999877929688,18.93026396829952,0.027264090369833127
856,2057,861.6798896644867,440.1520123469782,12.57699966430664,12.685919648074718,0.10891998376807699
1975,702,-484.51425497088854,-690.3811839965942,5.460000038146973,5.46,-3.814697269177714e-8
2475,298,-884.5160922405784,-1193.8715146110612,12.210000038146973,12.707687368073938,0.49768732992696485
1207,1886,693.5221847272518,87.63010882210779,15.423999786376953,15.367367813379605,-0.0566319729973479
1127,1521,327.7468582316308,164.64357340688184,44.37900161743164,43.96962993335938,-0.4093716840722621
440,189,-1010.3414297427983,840.868321657493,63.20899963378906,63.2100460748414,0.0010464410523383094
2280,2016,832.4164409139871,-984.6362133657236,10.336000442504883,7.516233777741837,-2.819766664763046
2176,1370,185.35449828452295,-885.9331384717027,14.362000465393066,13.094303769877284,-1.2676966955157827
1304,2341,1149.4663716422895,-5.646169153584348,6.146999835968018,6.256943773158583,0.1099439371905655
518,2031,832.8825095170214,778.0442562947994,22.680999755859375,22.814940753377627,0.13394099751825195
719,1824,627.4757857373629,575.2726032420081,24.329999923706055,24.967125385395942,0.6371254616898874
1988,604,-582.437824337401,-704.1938326630273,8.557000160217285,8.553436711551711,-0.0035634486655737874
2090,1827,641.7891617209555,-796.1355350114275,6.195000171661377,6.706790190185206,0.5117900185238291
332,816,-384.03555241219317,954.0764507333499,56.292999267578125,56.44280968320416,0.14981041562603536
1609,138,-1051.7113252314105,-328.9196025331941,19.697999954223633,19.879449646671166,0.18144969244753284
488,538,-660.8356548976736,795.7332556993085,58.54999923706055,58.2966111456268,-0.25338809143374874
2389,395,-788.1951235038096,-1107.0442298603987,13.411999702453613,13.482753958998828,0.07075425654521439
1199,1303,110.27221863979803,90.82204973096447,43.22800064086914,42.5007735759011,-0.7272270649680408
439,2044,845.2346947464788,857.1764943788835,27.03700065612793,27.422744651700775,0.3857439955728452
1461,1379,188.45801922063364,-170.6334485684353,17.64900016784668,17.376951096215507,-0.272049071631173
906,1831,636.0210892470288,388.27132182950663,12.423999786376953,12.072843653820332,-0.35115613255662126
1280,1773,581.0888543837482,13.674651767534499,13.373000144958496,12.89252563818263,-0.48047450677586667
2230,1409,224.81231768344233,-939.6283992263334,0.5040000081062317,2.5513333970132432,2.0473333889070116
847,1352,156.38309849127765,443.337342248693,77.89000701904297,77.86901605030124,-0.02099096874172801
1875,446,-741.4198295567644,-592.4619082744362,8.460000038146973,8.377268363882491,-0.08273167426448147
2057,1290,104.34746885064673,-767.5556635423762,5.947999954223633,5.948,4.577636758540393e-8
1108,1469,275.57367704174806,183.22048738225783,49.624000549316406,49.76026275501026,0.1362622056938534
1765,1743,555.0811678793056,-471.72598752757926,10.52400016784668,10.30311837803836,-0.2208817898083204
1978,491,-695.5558637159028,-695.1230065740385,5.460000038146973,5.5844188104623065,0.12441877231533383
2282,675,-508.9898561802817,-997.7005218884094,11.055000305175781,10.835715014515978,-0.21928529065980307
1328,392,-799.9501033347949,-45.735541214673404,71.99800109863281,71.57358000249697,-0.4244210961358448
617,789,-408.69218005036527,668.7639576580646,59.1619987487793,59.60475532719592,0.4427565784166205
70,1796,594.1112242799423,1224.2464392139293,59.59299850463867,58.946399420427,-0.6465990842116724
1206,356,-836.968081643693,76.00574849449752,74.59800720214844,74.65112832709829,0.05312112494985399
2200,571,-613.6990965856904,-916.5327671313863,-0.859000027179718,-0.41603801831137915,0.44296200886833886
1078,1000,-193.82168051979994,209.35996952228982,50.736000061035156,50.90302739961074,0.16702733857558627
848,1628,432.478406794902,444.6145215718186,44.895999908447266,44.677186749519294,-0.21881315892797204
814,2257,1061.3965313364854,483.8156485032197,10.220000267028809,10.413453489447345,0.1934532224185368
465,2268,1069.5200552054941,833.0167672751027,15.571999549865723,15.552659625505811,-0.01933992435991172
1726,1642,453.72750465215285,-433.5470170506645,8.125,7.738438544652714,-0.3865614553472856
581,377,-821.1188180221811,701.3754321019921,63.09700012207031,63.08218783559439,-0.014812286475923031
523,93,-1105.6866446695226,757.0500513753159,66.4070053100586,66.39503071354875,-0.01197459650984456
1123,1688,494.7665475545357,170.0228374854991,15.628000259399414,15.463792749823302,-0.1642075095761122
787,1772,576.0204966027269,506.82203656194713,21.989999771118164,22.484894583068435,0.49489481195027096
1726,583,-605.6061241274364,-442.2847040686018,37.1510009765625,37.290203679605064,0.13920270304256377
1623,2012,822.9944921699787,-327.46164228370645,5.9019999504089355,6.556899856371687,0.6548999059627514
1625,1913,723.979719575076,-330.27912362278005,10.60099983215332,10.558479027865188,-0.04252080428813265
1262,1852,659.9652742673344,32.33219260060352,14.57699966430664,14.394380992891026,-0.1826186714156144
1020,1954,760.0006277696291,275.25027511588405,7.876999855041504,8.004034258094933,0.12703440305342895
621,645,-552.7044771041195,663.5744067371002,62.91400146484375,63.06391341425423,0.14991194941048036
993,732,-462.60742713409155,292.17529599968316,63.24100112915039,62.63346089414682,-0.6075402350035688
786,1506,309.92830244824063,505.62735879429647,64.64600372314453,64.66830444831943,0.022300725174901004
2027,2119,933.3616255019796,-730.7064680792233,16.885000228881836,17.23281628855361,0.347816059671775
171,631,-570.4223943699881,1113.6004032491956,53.49300003051758,53.352151211107696,-0.14084881940988225
1606,2044,854.8643360402222,-310.1922384858799,6.631999969482422,6.597222769749781,-0.03477719973264115
314,1977,777.181990907113,981.663082166632,54.78200149536133,54.918150100600755,0.13614860523942696
1427,945,-245.9592705653749,-140.20374695952358,56.875999450683594,57.15383488304172,0.277835432358124
340,470,-730.0783639786747,943.2186292599916,57.222999572753906,57.196492145417054,-0.02650742733685263
2200,163,-1021.8273157121367,-919.8989183541474,9.944000244140625,9.617948443308968,-0.32605180083165664
223,521,-680.0278577941588,1060.6762804448408,58.013999938964844,57.63063434895828,-0.38336559000656223
1241,1882,689.8014694171596,53.586365685965134,14.574000358581543,14.860476079169052,0.28647572058750903
564,1033,-165.0527222823788,723.7941445259366,57.52799987792969,57.589396937539,0.06139705960931252
1205,1725,532.4548470513731,88.30226041675431,9.242000579833984,9.155814707000097,-0.08618587283388734
1361,2306,1114.9256269283549,-62.952991256004466,9.391000747680664,9.275306037901569,-0.11569470977909546
114,1653,451.42919945393487,1179.0524357129243,67.74000549316406,68.78230555159207,1.0423000584280118
997,719,-475.57851080494345,288.066766234533,63.513999938964844,62.987023586164256,-0.5269763528005882
954,138,-1057.1159492644977,326.28606740602385,76.94300079345703,76.34253136811006,-0.6004694253469722
1703,1129,-59.624027174065354,-414.7724779850444,12.282999992370605,12.177876097437558,-0.10512389493304752
2367,1909,726.1004124989706,-1072.5464772584053,9.721000671386719,9.453223037016008,-0.2677776343707112
1199,968,-224.83332710896025,88.0578207818688,61.981998443603516,62.20062287016415,0.21862442656063763
2205,2028,843.8014554208412,-909.5135127302183,10.576000213623047,10.80989737989115,0.23389716626810397
1393,1368,176.89346944001312,-102.70277206280083,19.229000091552734,18.568438501835864,-0.6605615897168704
1634,1287,97.8564499384139,-344.4470852332829,10.347000122070312,11.69084807444584,1.343847952375528
2449,2025,842.813574509333,-1153.615355597018,8.595000267028809,8.44346837484592,-0.15153189218288787
1989,1954,767.9959655041216,-694.0558135275974,17.07200050354004,16.68039515780974,-0.3916053457302979
104,2309,1107.55390922431,1194.469260377095,21.816999435424805,21.558687911343817,-0.25831152408098745
379,573,-626.7241405379265,905.0563556580233,56.685001373291016,56.82172230782375,0.13672093453273249
2371,142,-1041.4231093192518,-1091.1258703882556,15.015999794006348,15.235898459928102,0.2198986659217539
1348,190,-1001.8485406162373,-67.40858231160104,65.69300079345703,65.6730440243718,-0.019956769085226256
341,611,-589.0257771397645,943.3818925924913,55.797000885009766,55.89746377999037,0.1004628949806019
893,683,-512.448012076709,391.80242239163937,60.85200119018555,61.06638967936662,0.21438848918107567
2334,1955,771.8426848299697,-1039.1565416853173,9.692000389099121,9.798939542281737,0.1069391531826156
388,1783,583.7313947848355,906.0387686792642,63.96200180053711,63.74047173538639,-0.22153006515071638
952,2342,1147.5621547278074,346.473409021771,9.550000190734863,9.613006917210207,0.06300672647534356
1570,2001,811.5537122457833,-274.53565908505453,5.9019999504089355,7.474306472832065,1.5723065224231298
2312,2084,900.7019386219388,-1016.0853022530719,8.568000793457031,8.241497291570301,-0.32650350188673016
362,589,-610.8593977115926,922.1937379359246,56.4109992980957,56.355538984088625,-0.05546031400707818
1525,1680,490.08104761437977,-232.17004663151027,9.00100040435791,8.917739361353904,-0.08326104300400594
1929,1000,-186.79998242651916,-641.9080135204573,7.868000030517578,6.9844539118606335,-0.8835461186569447
1330,718,-473.8310885788777,-45.046249895317956,43.19900131225586,43.01971682913238,-0.17928448312348166
1355,1188,-3.476816012605745,-66.17601993408341,36.62699890136719,37.813637343480046,1.1866384421128586
2155,483,-702.0980353650323,-872.2446538765171,9.089000701904297,9.116636622795388,0.02763592089109146
1446,423,-767.9667151553136,-163.5168388726797,66.72895812988281,67.14295360593387,0.41399547605105624
1733,328,-860.6285279315298,-451.39087561807764,19.6560001373291,19.81409949715678,0.15809935982767698
1100,1708,514.5830751770196,193.1951271668882,9.109000205993652,10.555035033621479,1.4460348276278268
157,1259,57.65979839996461,1132.7873820761254,63.334999084472656,62.24274081768946,-1.0922582667831975
1353,2277,1085.850446130734,-55.18974859898066,8.655000686645508,8.744422877416618,0.08942219077110991
261,1481,280.5880486636004,1030.5866386686096,76.94500732421875,76.92069917020618,-0.024308154012572913
2053,162,-1024.0404477963084,-772.8610069708461,5.694685935974121,7.098410659990949,1.4037247240168282
2200,383,-801.7582001095611,-918.0838374892552,8.367000579833984,6.947222708981005,-1.4197778708529798
610,798,-399.7471119644807,675.8404287201895,56.080970764160156,57.03670702940296,0.9557362652428054
167,1387,185.78267475709455,1123.840549674224,78.95700073242188,78.80170213170305,-0.1552986007188224
1848,1152,-35.42040943390387,-559.6283910674512,8.893000602722168,8.972530835054641,0.07953023233247336
2109,1183,-2.257227927824527,-820.4548567938309,8.572000503540039,9.318487174795955,0.7464866712559157
767,202,-994.6389316951945,513.8729044791528,70.9260025024414,71.16872213544653,0.24271963300512311
1177,1050,-142.98903445613237,110.74136691332455,54.70199966430664,54.2848138440068,-0.4171858202998422
575,74,-1124.2635008818934,704.8769370059681,66.53400421142578,66.52011498525593,-0.013889226169851554
788,583,-613.3459037378783,496.01026630071476,60.994998931884766,60.98535196773132,-0.009646964153446902
977,514,-680.8080195443183,306.38146852601216,65.9990005493164,66.12735241719372,0.12835186787731345
1441,1810,619.4289908476426,-147.07088150664538,9.289000511169434,8.925585490554147,-0.3634150206152871
1881,2017,830.1247958504662,-585.5019013170985,5.815000057220459,5.88353638580743,0.0685363285869709
1671,1353,164.1825425321313,-380.9141852643287,11.173999786376953,12.25860589507066,1.0846061086937073
993,1593,398.6638623446567,299.27996024228696,45.207000732421875,41.80692608309563,-3.4000746493262426
2231,657,-527.4162856785827,-946.8329854455012,10.100000381469727,9.011697227995448,-1.0883031534742784
1724,489,-699.6521831112927,-441.05965736704854,37.108001708984375,37.066494719959955,-0.04150698902441974
755,2113,916.8641503561453,541.6460315766752,11.329999923706055,11.721986810461841,0.3919868867557863
2383,1514,331.10772990113264,-1091.8103705428523,14.182999610900879,14.177689348170318,-0.0053102627305605665
865,786,-409.6466532963688,420.6611630774747,56.88399887084961,57.77186473803845,0.8878658671888431
2349,1275,91.7518559028999,-1059.7714559730355,22.947999954223633,23.002426305344652,0.05442635112101968
934,306,-889.2282151211555,347.678633265382,70.44499969482422,70.84447033052453,0.39947063570031105
1438,1974,783.4560338852039,-142.71673864141127,8.526000022888184,8.528379342971638,0.002379320083454317
649,931,-266.3834184261308,637.9256720747785,55.20100021362305,55.66299021259039,0.46198999896733994
2440,812,-370.6432112973533,-1154.6199543873377,8.931000709533691,8.96931536745997,0.03831465792627853
1786,1253,65.09987030772787,-496.7755239208805,9.505000114440918,9.473130758067642,-0.03186935637327615
759,1392,195.66954859220988,531.6951603274673,75.1240005493164,74.96609114395326,-0.15790940536314224
1110,926,-267.58093262571975,176.7392801796824,47.71799850463867,47.80573954068472,0.08774103604604733
425,790,-409.27627344900736,860.8326262780064,57.57699966430664,57.53671235316234,-0.04028731114429718
1239,127,-1065.7677185729085,41.10581281281719,73.76700592041016,73.71381608356192,-0.053189836848233085
1290,2037,845.2547507654032,5.849849432958484,13.84000015258789,14.161245363309504,0.3212452107216137
2381,2072,889.2674139009513,-1085.2061097658225,9.245000839233398,9.01138013069711,-0.23362070853628758
1986,707,-479.4219250635501,-701.3433915042052,5.460000038146973,5.578077785025319,0.11807774687834627
1987,2300,1114.0888248647188,-689.2004594823552,13.104999542236328,13.082608095352494,-0.022391446883833765
802,1351,155.01145139810924,488.34327705719784,77.95500183105469,77.68681856937799,-0.2681832616766968
474,2112,913.5450104585368,822.7265834646728,22.40999984741211,22.019299794915906,-0.39070005249620365
2264,2095,911.3093998879989,-967.9793798181247,8.89900016784668,6.6708189792478665,-2.228181188598813
2245,181,-1003.4503963786493,-964.7645437965529,5.144000053405762,4.523128480201636,-0.6208715732041261
2116,618,-567.3773513671549,-832.1185809801511,9.030000686645508,8.907919613401832,-0.12208107324367568
1680,1821,632.4044683366822,-386.0555819974419,10.564000129699707,10.35146434887087,-0.21253578082883706
1047,516,-678.2297775890746,236.3759642142768,68.49600219726562,68.31828613508473,-0.17771606218089175
822,796,-399.99833339551094,463.7572122373179,57.689998626708984,57.22873821841768,-0.4612604082913023
86,417,-785.1911428589008,1196.8610804123155,62.97100067138672,63.793763879611234,0.8227632082245151
2085,1363,177.60149827146097,-794.9622012463468,5.947999954223633,5.948,4.577636758540393e-8
532,486,-712.48890983692,751.2903113796331,60.36899948120117,60.395862901049284,0.026863419848112358
2312,1996,812.6741316241565,-1016.8113296750018,10.230999946594238,10.278433780281135,0.04743383368689713
2102,1587,401.8124108657165,-810.1194473847588,9.204000473022461,9.272175299075737,0.0681748260532764
1675,1963,774.4080622336879,-379.8823679829866,9.940000534057617,9.963031610264533,0.023031076206915913
941,2265,1070.4470359628165,356.8415072339111,9.003000259399414,8.909603925202239,-0.09339633419717508
2032,2038,852.3772804756547,-736.3763465706652,16.820999145507812,16.85069870424548,0.029699558737668497
944,303,-892.1466407760371,337.65073646595636,70.4010009765625,70.96582608309248,0.5648251065299803
1500,2221,1031.0456669959601,-202.6982946593472,8.855999946594238,8.760772226148694,-0.0952277204455445
2018,969,-217.0754387500505,-731.1918079333346,9.479073524475098,9.579686732284694,0.10061320780959626
1452,1217,26.332691127121855,-162.9673005534253,27.516000747680664,26.340504718025603,-1.1754960296550614
980,1037,-157.61868494367812,307.69614092599875,56.69599914550781,58.85056343484906,2.154564289341245
1750,1620,431.91858310669346,-457.73610977506996,6.190999984741211,6.325791391736331,0.13479140699512016
1010,965,-229.39381006233103,277.0925758473132,52.415000915527344,52.43427401323456,0.019273097707213083
1873,2036,849.0647933875445,-577.3426094054953,6.489999771118164,6.477758895289257,-0.012240875828907427
1639,1595,405.99484189627725,-346.9073591380217,8.910000801086426,8.002413147989413,-0.9075876530970124
2119,1291,105.85931594744373,-829.5669556115355,9.863000869750977,12.101572577781447,2.23857170803047
1224,143,-1049.8864653138737,56.24254496108216,74.4020004272461,74.4191948559614,0.017194428715299637
127,821,-380.7257262213677,1159.1822243520098,51.470001220703125,53.06862441381023,1.5986231931071018
1621,459,-730.5114605183921,-338.274806489929,59.14099884033203,58.72488647815186,-0.4161123621801721
1965,534,-652.6496019690757,-681.7641429847779,5.460000038146973,5.832229867304148,0.37222982915717573
1359,2293,1101.9050133296091,-61.059625397207434,8.742000579833984,8.78804889163143,0.04604831179744551
1566,1338,148.31145840936193,-276.0048478208248,17.71299934387207,17.226185845804697,-0.48681349806737373
413,834,-365.3614526668074,873.1995010740559,57.895999908447266,57.82392343615243,-0.07207647229483882
2124,407,-778.3776896635229,-841.8619430377692,8.5,8.467927343483627,-0.032072656516373144
403,1540,340.7784900293916,889.0287376458061,70.4000015258789,70.39018815493218,-0.009813370946730515
68,1546,344.01581964293433,1224.1839237778777,65.51000213623047,65.35679889342092,-0.15320324280955333
2500,727,-455.174953333321,-1215.3400925722078,9.35300064086914,9.294240779498065,-0.05875986137107603
854,573,-622.8044287604692,429.9069939984679,60.905662536621094,61.29028164268827,0.3846191060671771
1034,1593,399.00217899003906,258.2670243540793,41.88800048828125,41.335803442961016,-0.5521970453202343
883,2125,929.9241773881272,413.70460034400253,8.692000389099121,8.805193285223424,0.11319289612430339
545,323,-875.4328611346442,736.9411306679293,61.30400085449219,61.997697826982765,0.6936969724905779
2416,1237,54.29264242284148,-1127.1060799704342,24.031999588012695,24.343998027553134,0.3119984395404387
1062,1010,-183.95055624679983,225.447523630361,50.90599822998047,50.89059996759474,-0.015398262385730277
687,1055,-142.03079463680166,600.9369518487691,58.62300109863281,58.782775873296174,0.15977477466336154
660,1374,176.8469312175076,630.5778390248157,73.83800506591797,73.51660092953826,-0.3214041363797122
505,275,-923.7780260883173,776.5575945019366,60.89899826049805,61.012989466785825,0.11399120628777837
1917,1937,750.3965478500197,-622.1733321013966,5.815000057220459,6.222663789158084,0.4076637319376246
556,1874,676.1464962589658,738.7366727272567,32.459999084472656,33.11533297278483,0.6553338883121711
98,302,-900.1282489406291,1183.908262323233,67.98600006103516,67.6191366165768,-0.3668634444583603
425,2015,816.1100006986003,870.9416033800665,29.448999404907227,29.220869963697094,-0.22812944121013246
2449,1447,264.63110792269583,-1158.3839489493785,11.815999984741211,12.527360018406991,0.7113600336657804
1839,818,-369.5998469670708,-553.3813110333022,5.947999954223633,5.940369239575335,-0.007630714648297676
638,1948,750.846537465627,657.3214265749314,22.510000228881836,22.318501917933137,-0.19149831094869896
1005,1216,21.64400019885022,284.16530927989845,61.53799819946289,61.78533509720658,0.24733689774368628
130,2264,1062.7542462714919,1168.0896758644562,23.197999954223633,23.165221495760854,-0.03277845846277927
1219,1117,-75.62136883655742,69.28098323802058,51.180999755859375,51.06484447628877,-0.11615527957060579
1975,485,-701.5825019186628,-692.1715671175887,5.460000038146973,5.46,-3.814697269177714e-8
1423,2054,863.3575422294334,-127.05190332454022,5.9019999504089355,5.902000000000001,4.959106547630654e-8
902,1020,-175.26767125345347,385.58042643029626,61.89099884033203,61.94949727072722,0.05849843039518987
610,964,-233.69485660053138,677.2102673305775,56.16400146484375,56.15469339380072,-0.009308071043029997
476,182,-1017.0465494547182,804.7992510061367,64.63999938964844,64.14478563886291,-0.4952137507855241
1620,255,-934.5838177329472,-338.95769218093744,27.329999923706055,27.25766742803561,-0.07233249567044453
1823,121,-1066.9509736476925,-543.1270619916307,11.82800006866455,11.710685531099791,-0.11731453756475929
1274,933,-259.225493392332,12.745408332131973,72.44000244140625,71.91703695719023,-0.5229654842160159
704,391,-806.0994227920258,578.4523076971584,67.29199981689453,67.3694802186996,0.07748040180506166
379,467,-732.7574677731461,904.1816135271645,57.643001556396484,57.82180678394279,0.1788052275463059
1578,1335,145.40952515251604,-288.03338398920914,17.66900062561035,17.262476320315805,-0.4065243052945462
204,2189,988.3412202781151,1093.44734661342,26.297000885009766,26.283103021791284,-0.013897863218481632
532,1610,411.8651076823195,760.565693624991,70.2229995727539,70.4762195161978,0.2532199434438951
2338,1332,148.67907220671097,-1048.2977241824724,17.208999633789062,17.20963463888469,0.0006350050956278608
1832,2031,843.7249321630686,-536.370908823038,5.9019999504089355,5.949375448183686,0.04737549777475003
937,435,-760.1629213017127,345.74215994515475,67.76399993896484,67.69444936275451,-0.06955057621033234
1181,1841,648.293436139534,113.26700448345228,14.454000473022461,14.061329135285975,-0.3926713377364859
1688,355,-833.9913339312378,-406.15396195223497,30.886999130249023,31.362076938049015,0.4750778077999911
2259,664,-520.1830739692443,-974.7840404534238,12.206000328063965,12.067064357050638,-0.13893597101332666
2205,1478,293.627819946147,-914.051238508667,13.635000228881836,13.366100357821129,-0.26889987106070734
261,1627,426.6341089509488,1031.7914879357813,71.48300170898438,71.40642001457692,-0.07658169440745155
1114,475,-718.6898139930535,169.01658763250822,71.85600280761719,72.45944114482704,0.6034383372098517
1484,863,-327.5147698580913,-197.8982860606721,39.99599838256836,39.85393744568825,-0.14206093688010668
502,542,-656.7188670792623,781.7618626374704,59.178001403808594,58.980838982887235,-0.19716242092135872
2099,229,-956.6398809275995,-818.3226705624662,7.205999851226807,7.668922563664936,0.46292271243812966
779,656,-540.3972106244472,505.6154825760782,58.73500061035156,58.376294618537315,-0.3587059918142472
121,1118,-83.68172243294956,1167.635118752101,55.415000915527344,55.148576378783474,-0.26642453674386957
745,1745,548.6653938350956,548.6124942102185,32.303001403808594,32.41294053026927,0.10993912646067372
351,960,-239.83342786833177,936.258804079165,59.43000030517578,59.26248277759431,-0.16751752758147376
1250,571,-621.5374337789414,33.76596711363791,67.71300506591797,67.8074325185816,0.09442745266363772
437,523,-676.2612325402822,846.6255069925749,57.893001556396484,57.210426881301004,-0.6825746750954806
1173,998,-195.03841747563294,114.3135510251697,54.78099822998047,55.77073623864786,0.9897380086673877
1100,850,-343.6873729472775,186.1153120922229,49.64799880981445,51.661405700670514,2.0134068908560607
2298,1261,77.3266791542502,-1008.8708857721039,19.274999618530273,19.466370145532856,0.19137052700258295
1593,101,-1088.8549589347826,-313.2198656695384,21.895999908447266,21.604956385565654,-0.29104352288161195
2073,433,-752.7902925929234,-790.6314014028616,8.045000076293945,8.144569519348181,0.09956944305423576
704,1169,-27.85459777126494,584.8723189953913,66.54300689697266,66.52545313151461,-0.017553765458046655
1578,1376,186.4224521374136,-287.6950912695655,17.49799919128418,17.4493945608294,-0.04860463045477914
2317,1042,-141.58557005241437,-1029.6836843070482,14.817999839782715,14.767120386709669,-0.050879453073045866
1024,1705,510.95500842603656,269.1943600201036,14.777000427246094,14.810345138493126,0.03334471124703242
792,1617,421.01283345336975,500.5414215549872,45.90599822998047,45.451621098491756,-0.4543771314887124
1990,691,-495.3939564416116,-705.4766595101964,5.460000038146973,6.036123125356864,0.5761230872098917
2361,1332,148.86882783171163,-1071.3049747548887,17.50200080871582,17.54591049875885,0.043909690043030025
1425,2196,1005.4189257086316,-127.88086357518907,9.101000785827637,9.017702535599398,-0.08329825022823911
1368,1420,228.70358546218276,-77.26582455099171,12.659000396728516,12.659276489894674,0.0002760931661587307
1445,1013,-177.78933592252002,-157.64833441467252,56.375,56.546595534463215,0.17159553446321496
1108,615,-578.6953012177383,176.17368659809625,69.32400512695312,69.3556697467806,0.03166461982748103
156,1195,-6.368623462471447,1133.2595368680554,56.625,57.13311280104713,0.5081128010471332
1366,2081,889.8957538967486,-69.81110808843547,6.178999900817871,6.171364605116066,-0.007635295701804878
371,1554,354.51883400746874,921.154363642125,71.63800048828125,71.57068083559783,-0.06731965268342321
2478,1546,363.90159069808436,-1186.5763321995835,14.069999694824219,13.404590368240783,-0.6654093265834362
1872,397,-790.4599833152491,-589.8652504286753,8.28700065612793,8.395751054891768,0.10875039876383852
1868,1631,443.89564937548863,-575.6825855367953,8.23799991607666,7.773120886186873,-0.46487902988978735
631,2332,1134.9101444319751,667.4924094733421,15.168000221252441,15.110862744739457,-0.05713747651298462
2326,529,-654.6727627866039,-1042.9188986161876,13.383999824523926,13.218115574333579,-0.1658842501903468
760,1599,402.74309385069364,532.4029846181159,49.220001220703125,49.0771485189514,-0.14285270175172826
658,1315,117.8118261981189,632.0916023232345,73.07400512695312,73.06568732672554,-0.008317800227587213
104,2013,811.4603477004342,1192.026508234328,39.619998931884766,39.465304490988096,-0.1546944408966695
2205,822,-362.57887669017873,-919.46349498326,8.440999984741211,7.933610432905719,-0.5073895518354918
43,365,-837.5623462087129,1239.445456527114,68.05500030517578,67.97650822815456,-0.07849207702122385
208,615,-586.1220853848074,1076.4567276227053,52.90399932861328,52.72463126797076,-0.17936806064252409
427,1443,243.94594814196924,864.2207014208528,75.21200561523438,75.07573421300596,-0.1362714022284166
641,1193,-4.36690958518777,648.090216347586,66.77799987792969,66.07900157339664,-0.698998304533049
1626,2001,812.0157697321577,-330.55335115580334,5.9019999504089355,8.373006692365012,2.471006741956076
802,748,-448.1784744914257,483.3674175610498,55.50199890136719,55.920259006652365,0.418260105285178
163,374,-827.569211725646,1119.4820238659458,64.03299713134766,63.93614132248706,-0.09685580886059597
218,363,-838.1187829946527,1064.3739645648977,62.74800109863281,63.304039564553506,0.5560384659206932
987,582,-612.7041208916281,296.93943660829086,65.3479995727539,65.28429840771865,-0.0637011650352548
588,100,-1098.1480616019408,692.0874098256634,66.14800262451172,66.12395154939716,-0.024051075114556397
1867,360,-827.5128650256089,-585.1689557379468,8.152000427246094,8.362615216503574,0.21061478925748034
944,1740,545.3059239066697,349.5084191628139,13.215999603271484,13.204821715499236,-0.011177887772248596
2131,2218,1033.250976019924,-833.922537654412,16.753999710083008,16.628720180051555,-0.12527953003145242
1005,137,-1057.6954293248752,275.2618019737797,77.13600158691406,76.99242232354379,-0.14357926337027038
1631,620,-569.3783256513923,-346.94954334115624,50.930999755859375,50.917757935903495,-0.013241819955879919
2178,1409,224.3832971194975,-887.6120024041273,14.1850004196167,13.279583535047653,-0.9054168845690462
2421,455,-727.9122581780485,-1138.559277986861,10.753000259399414,11.115649922877578,0.3626496634781642
445,551,-648.1864109512873,838.8540539040548,57.768001556396484,57.71567942032474,-0.052322136071744296
2288,509,-674.9925619633071,-1005.0719567256601,13.442000389099121,13.462140800768228,0.020140411669107294
1623,1373,183.79280200099822,-332.7340324283467,16.915000915527344,16.499811972040206,-0.41518894348713786
1738,2037,848.9512496377245,-442.2917032173791,5.9019999504089355,5.976571701218065,0.07457175080912926
2304,218,-965.9520069697415,-1023.4778129316408,9.261000633239746,8.60480731379908,-0.656193319440666
1759,835,-353.2545608807108,-473.2158694169782,10.288999557495117,9.968806597111348,-0.32019296038376943
757,209,-987.7192518835291,523.933808294746,71.14400482177734,71.7606995192888,0.6166946975114627
1197,791,-401.9055488003485,88.5979474501334,42.584999084472656,42.58059680255362,-0.0044022819190345786
1184,2322,1129.4701952169107,114.23500562536543,16.861000061035156,17.085435503890967,0.2244354428558104
1711,1354,165.51289479131503,-420.91854512646427,9.588000297546387,9.555114262741185,-0.0328860348052018
223,1041,-159.8642231484272,1064.9675511202843,56.18000030517578,56.66651920768747,0.4865189025116905
792,813,-383.24053819095855,493.9069341989343,55.87699890136719,55.866826018640026,-0.010172882727161436
2355,704,-479.37846285223384,-1070.4842285523107,7.690999984741211,7.6843086998615,-0.006691284879710935
1118,2236,1042.898402581943,179.5462474104578,14.27400016784668,14.53037914063761,0.25637897279093025
735,1357,160.46046741283263,555.4139106981886,75.71400451660156,75.57012803289525,-0.14387648370630757
1606,114,-1075.7436141558758,-326.1166843113721,19.864999771118164,19.91586157429075,0.05086180317258737
1265,385,-807.4721365254019,17.226498207585283,72.72700500488281,72.71422715626277,-0.012777848620046939
2428,812,-370.7422131233321,-1142.6161779565634,8.842000007629395,8.764221198278793,-0.07777880935060111
449,2129,930.3440783067133,847.8747713430294,22.708999633789062,22.604680324920185,-0.10431930886887741
61,988,-214.21782225024253,1226.5811795730478,53.73099899291992,52.59573077760968,-1.1352682153102407
262,1502,301.6029248417105,1029.7596235274318,78.20800018310547,77.27009622408124,-0.9379039590242257
75,1307,104.99821921522809,1215.2093479211276,54.667999267578125,54.483662201719895,-0.18433706585823018
1034,410,-784.3703697151049,248.50538201350795,71.2379150390625,70.19416567802757,-1.0437493610349264
1616,2271,1082.0186003454999,-318.3224173180845,8.90000057220459,8.74485456260232,-0.15514600960226943
2446,718,-464.62329112132363,-1161.3973545700142,8.445000648498535,8.4755165414656,0.030515892967065028
984,831,-363.65053753578053,301.9950410158913,60.13399887084961,59.497632674144995,-0.6363661967046141
1898,1654,467.1504297472049,-605.5022855756581,8.131999969482422,8.348607492393636,0.21660752291121455
356,72,-1128.0713551648926,923.9291799984068,67.2550048828125,67.25864769386553,0.003642811053026662
288,2093,893.0040812358934,1008.6285685600126,39.71200180053711,39.02349671808151,-0.6885050824555989
1961,423,-763.7175006540041,-678.6787046926088,5.460000038146973,5.46,-3.814697269177714e-8
2171,1795,610.4473459340812,-877.4251251580702,6.195000171661377,6.723685547744509,0.528685376083132
496,2326,1127.794213816093,802.4855900475593,13.105999946594238,13.545568407923643,0.4395684613294044
662,475,-722.4196021683916,621.1586734765865,68.16699981689453,68.11366604313696,-0.05333377375757209
671,766,-431.2538098435136,614.5571698952537,57.4246826171875,58.171949023835225,0.747266406647725
903,1650,454.9391966697788,389.77870491497686,28.923999786376953,28.640242707164575,-0.28375707921237847
244,405,-795.8910210939925,1038.7123969866052,61.25,61.32338709185364,0.07338709185363967
457,49,-1150.2450993253733,822.7076741043927,68.63800048828125,68.24431421122281,-0.3936862770584355
387,1386,186.59788373374744,903.7629359575884,79.9530029296875,79.85352759831659,-0.09947533137091114
1530,1804,614.1614478782707,-236.14848857509935,6.306000232696533,6.699900162243805,0.3938999295472714
1533,1736,546.1647327488795,-239.71051020945498,8.575000762939453,8.436295143615718,-0.13870561932373526
1850,1767,579.7900633470799,-556.5548007760793,8.918000221252441,8.910828529852012,-0.007171691400429836
386,478,-721.6962439867563,897.2701882817568,57.73899841308594,57.609898339347446,-0.12910007373849197
935,517,-678.1536466262697,348.4194280784842,65.66400146484375,65.00055054230272,-0.6634509225410312
1384,111,-1080.576303383738,-104.07173520099312,62.96799850463867,62.736215597732674,-0.23178290690599823
147,767,-434.5776693391035,1138.7302943493737,57.7599983215332,57.666966576876234,-0.09303174465696884
1521,1067,-123.14524144941231,-233.2267090067568,40.935001373291016,40.97467674880412,0.03967537551310585
43,255,-947.596905984565,1238.5376660498125,69.9780044555664,69.3482686647167,-0.6297357908497077
1804,1987,799.4800078382339,-508.7250982137191,7.935999870300293,8.21526481684904,0.27926494654874645
2212,1573,388.71554251508616,-920.2696586491312,12.062000274658203,10.760409294441757,-1.3015909802164458
2432,1252,69.42937289473764,-1142.9873698592032,22.347000122070312,22.523100712765263,0.17610059069495065
1105,450,-743.7719364792359,177.8131287346373,72.03900146484375,72.21655542938905,0.1775539645452966
2202,2160,975.8184216118032,-905.4235088317246,12.211999893188477,12.082996384707995,-0.1290035084804817
1540,674,-516.1121830480629,-255.47536525733165,50.229000091552734,50.04924086362387,-0.17975922792886223
154,2326,1124.971912553093,1144.593742159789,23.839000701904297,23.661457847665627,-0.1775428542386699
518,754,-444.52014936841493,767.5062852173878,59.11899948120117,59.309064462901915,0.19006498170074337
1713,1640,451.6196118148904,-420.559416521582,7.2170000076293945,6.735800451203595,-0.4811995564257998
1605,2318,1128.9427020715113,-306.9311406565316,8.623000144958496,8.64518045248817,0.02218030752967337
163,477,-724.5368383259412,1120.3320326341031,51.65800094604492,57.432434786357646,5.774433840312724
1560,509,-680.9990535960859,-276.84307942685535,66.25,66.41647089368264,0.1664708936826429
616,428,-769.8139680465946,666.7852875802594,65.18099975585938,65.26078427591014,0.0797845200507652
1535,2024,834.2721916102195,-239.33482632612305,5.9019999504089355,5.902,4.959106458812812e-8
1967,946,-240.50346217801552,-680.36551400504,9.523000717163086,9.531914345710412,0.008913628547325914
1887,2044,857.1828315665047,-591.2810269840528,7.934000015258789,7.9932764168714945,0.05927640161270542
2141,983,-202.0562161648092,-854.1150307317034,5.96999979019165,4.083662454374978,-1.8863373358166724
669,1266,68.88715240503694,620.6837880932964,70.15299987792969,70.26060635258773,0.1076064746580414
2414,615,-567.9196982320233,-1130.2370533693834,8.5600004196167,8.651533576202084,0.09153315658538475
587,732,-465.9576771932932,698.3030301069093,62.249000549316406,62.245032849300756,-0.003967700015650166
1949,938,-248.654492730668,-662.4258519400028,9.473000526428223,9.362748259324498,-0.11025226710372493
2250,622,-562.270538402393,-966.1277232421037,12.222999572753906,12.165249045128945,-0.05775052762496102
1242,1690,497.7491016095027,51.0017828149197,9.219000816345215,9.460826807558592,0.24182599121337667
2010,285,-901.3565868006929,-728.8326841576672,5.460000038146973,5.6222381575718545,0.16223811942488187
775,1194,-2.2608349568531665,514.0562458266302,69.12100219726562,69.18239137469452,0.06138917742889305
2480,2204,1022.1259040469105,-1183.1483740519698,8.261000633239746,8.48395955945116,0.22295892621141356
1484,1164,-26.419973436978058,-195.41469488010216,30.820999145507812,33.318751309332136,2.497752163824323
1109,1706,512.6567076830647,184.17578345936647,10.342000007629395,10.926915088224348,0.5849150805949535
2474,1091,-91.27485439403483,-1186.3288748620148,21.013999938964844,19.872816525260458,-1.1411834137043861
839,1947,751.5048560292347,456.2496859097331,15.718000411987305,15.296535387617965,-0.42146502436933986
1562,1848,658.439376187052,-267.795545018605,7.559999942779541,7.983114842636608,0.4231148998570671
1618,434,-755.5440720369543,-335.480138077024,57.362998962402344,57.495201821230054,0.13220285882771066
1451,1812,621.5121341666672,-157.0575365040337,9.319000244140625,9.187162140794957,-0.13183810334566815
1464,563,-627.7741796941017,-180.36733577697004,60.16600036621094,59.91898155742892,-0.2470188087820162
1935,1265,78.33301416941606,-645.7234755711661,9.61500072479248,9.615671750612568,0.0006710258200879338
582,1620,422.2808679736219,710.6324384331704,68.406005859375,68.27718836860063,-0.12881749077436666
1898,1693,506.1627388677639,-605.1805074563638,8.5,8.318276989618436,-0.1817230103815639
1036,637,-557.2824936071955,248.3778656637042,66.25900268554688,66.0129970810089,-0.24600560453797016
254,277,-923.8487166207168,1027.6529449003199,65.2490005493164,64.79487268700217,-0.4541278623142375
1414,1704,513.1727444802167,-120.93698551273206,8.983000755310059,9.00096787480314,0.01796711949308083
2397,966,-216.94948660456004,-1110.3358939775483,11.487000465393066,11.385251079623185,-0.10174938576988168
495,606,-592.7565062470846,789.2922018912324,59.823001861572266,59.65681434037294,-0.16618752119932623
112,702,-499.88695896642224,1173.2048900837563,60.86399841308594,61.214872377393114,0.3508739643071763
834,442,-754.0106508530467,448.83229625672254,66.302001953125,65.49042977083452,-0.811572182290476
1260,1945,752.9781444284007,35.100201904989305,17.156999588012695,17.229708855630925,0.07270926761822949
178,393,-808.4394535424406,1104.634107975025,63.323001861572266,63.21074408698766,-0.11225777458460584
472,2222,1023.563276630274,825.6349542202793,16.731000900268555,16.829445842805868,0.09844494253731284
1775,1671,483.14094947351657,-482.32320520408246,8.807000160217285,8.894761180868741,0.08776102065145608
2513,261,-921.2142133763456,-1232.1887042235185,10.642000198364258,10.564439965262643,-0.07756023310161453
137,708,-493.67875801786886,1148.2465411755616,56.617000579833984,57.595158518189585,0.9781579383556007
1457,1636,445.50608418484325,-164.51163710264177,9.434000015258789,9.355106258757914,-0.07889375650087516
1503,1530,339.85219138808344,-211.40077177226487,16.440000534057617,14.80075191093862,-1.6392486231189967
2490,1411,228.95800936702287,-1199.6938825144966,15.279999732971191,14.457906087062891,-0.8220936459082999
1660,1799,610.2325027553426,-366.230788306717,10.166999816894531,10.349931431835335,0.182931614940804
2389,1444,261.1351513059554,-1098.389778032202,15.253999710083008,15.233022082512328,-0.020977627570680113
826,1823,627.358420750842,468.2305672490742,16.43000030517578,16.423585047000635,-0.006415258175145766
1244,284,-908.6771512348547,37.399708705896906,72.80599975585938,72.67864559994793,-0.12735415591144772
1626,1812,622.9560742282623,-332.11279064576485,9.622000694274902,9.619431447989234,-0.0025692462856685694
1104,537,-656.7528363308721,179.5313256699742,71.95500183105469,71.36733684228652,-0.587664988768168
2407,1151,-31.80871077331465,-1118.8127595041192,26.72100067138672,26.466719566593117,-0.254281104793602
2295,301,-883.0001852216399,-1013.7902140316248,9.902000427246094,8.715601802832653,-1.1863986244134406
829,912,-283.90405794126326,457.7122196727083,57.018001556396484,56.32069453432527,-0.6973070220712145
1850,1902,714.8326935928583,-555.4409463206235,10.243000030517578,10.070368138874848,-0.1726318916427303
1067,1591,397.27385031588926,225.24010938885263,37.60200119018555,38.86755582543508,1.2655546352495364
1502,648,-542.4339033640599,-217.6779406156084,52.52899932861328,52.2542400468428,-0.2747592817704785
1947,1931,744.642173010612,-652.2323121018751,5.815000057220459,5.8149999999999995,-5.7220459481754915e-8
83,592,-610.1608826162787,1201.3062273009757,64.23200225830078,64.4153728663857,0.183370608084914
2182,983,-201.7179483274849,-895.1279409978076,3.9609999656677246,6.293935987824257,2.3329360221565327
2238,404,-780.4380859367243,-955.922522308525,-0.9010000228881836,-0.13195915507543277,0.7690408678127508
1204,151,-1042.0489812697338,76.31483639286465,75.23900604248047,75.33011061858433,0.09110457610385936
1799,1297,109.22100027434487,-509.41658530660004,9.333000183105469,9.369178866450964,0.036178683345495344
911,1978,783.1087764406815,384.4827470444543,10.053000450134277,9.90743645933823,-0.1455639907960471
1821,1880,692.5864725702307,-526.6133049635414,9.968000411987305,10.277171210644873,0.30917079865756847
611,51,-1146.9736474131619,668.6758388821904,67.05500030517578,66.97294779922655,-0.08205250594923541
2278,1967,783.3844591948327,-983.0398483561295,10.42199993133545,8.31742161950588,-2.1045783118295684
477,822,-376.837088404192,809.0803332805679,59.6879997253418,59.045842254675044,-0.6421574706667528
1117,1934,740.794712652347,178.0546046172019,13.71834945678711,13.469946098050547,-0.24840335873656194
470,1727,528.3903992321179,823.5507602966709,64.66699981689453,64.58918936275028,-0.07781045414425591
1210,66,-1127.0261605964288,69.61158247459998,74.26700592041016,74.29617445328587,0.029168532875715414
1769,1327,138.9829329334047,-479.15960362092414,9.397000312805176,9.469771066789317,0.07277075398414112
1594,1751,561.6727826685061,-300.60600002808076,9.12700080871582,9.231313460402138,0.10431265168631754
59,2299,1097.1793802388293,1239.400963919683,16.902999877929688,17.810710684784027,0.9077108068543396
1301,1169,-22.92837309704858,-12.315779831992993,45.22800064086914,46.67331006995866,1.4453094290895194
623,340,-857.7838592337196,659.056908940777,65.8070068359375,65.06872243569723,-0.7382844002402749
1186,273,-920.1591884283512,95.32716382322945,74.9289779663086,74.86467756466106,-0.06430040164752882
278,368,-832.6220676205305,1004.3963736859802,62.441001892089844,61.97256568111771,-0.4684362109721363
410,1156,-43.28480893411413,878.857668538205,72.4000015258789,71.92097107140611,-0.4790304544727917
984,2261,1066.8005936249263,313.7949044646087,8.684000015258789,8.763627556730382,0.07962754147159323
897,1297,101.7783479868062,392.86773346321684,76.53300476074219,77.12280634062157,0.5898015798793779
1378,1343,151.76181858921808,-87.90432399905688,20.073999404907227,19.917618445779162,-0.1563809591280645
661,1881,684.0151717683348,633.7612789940667,24.788000106811523,24.55716952772814,-0.2308305790833849
2042,1547,361.3047583687212,-750.4305397969629,6.708000183105469,6.730848606125873,0.02284842302040424
2479,1126,-56.222577192552265,-1191.0416960971068,22.606000900268555,21.704682498259807,-0.9013184020087479
1492,731,-459.4903028290958,-206.98995225031612,38.45500183105469,38.6873715681065,0.23236973705181185
1753,273,-915.4807910100492,-471.8509558424589,11.581000328063965,11.769876817843336,0.18887648977937133
888,78,-1117.679400093799,391.8116860469455,77.86700439453125,77.62274529128939,-0.24425910324185907
2396,576,-607.0804673067596,-1112.5531491576785,8.848861694335938,8.771270658802166,-0.07759103553377145
2173,1941,756.5099559705244,-878.2211913769196,9.873000144958496,10.031910688397438,0.1589105434389424
1062,826,-368.0084858095452,223.9292347054892,60.31700134277344,60.0790922156748,-0.23790912709863932
1546,1733,543.2710498153957,-252.73936703921373,8.57800006866455,8.602036059425018,0.02403599076046703
392,901,-298.51365994862664,894.7590118837148,58.92399978637695,58.81074701601564,-0.11325277036131354
640,2284,1086.9692333177506,658.0934672329554,14.869999885559082,14.90562437380822,0.03562448824913744
1796,1678,490.3164262296592,-503.27207691699437,8.933000564575195,8.86808471632814,-0.06491584824705576
712,2179,982.5301789405897,585.2042482135192,12.95199966430664,12.95848381158319,0.0064841472765486685
1333,1445,253.42267501118167,-42.048505408379405,11.861000061035156,11.626787392794542,-0.23421266824061426
2245,266,-918.4236971116222,-964.0632667295631,1.4839999675750732,1.458001166553498,-0.025998801021575257
1612,784,-405.48349785972414,-326.5904044445342,40.91999816894531,40.864956661302436,-0.0550415076428763
933,2213,1018.3645813758669,364.41494805351454,8.782000541687012,8.759318886311267,-0.02268165537574518
474,2010,811.5127793414933,821.8848622056685,26.43199920654297,26.446484544653536,0.014485338110567625
1857,90,-1097.680181174098,-577.3935099317059,11.392999649047852,11.515155220127903,0.12215557108005193
1435,744,-446.95652809416305,-149.86475330420825,34.49599838256836,34.146523913420275,-0.34947446914808467
600,1878,680.5108509036745,694.7557863227916,29.499000549316406,29.36912498607305,-0.12987556324335614
848,2223,1027.666343402394,449.52433751808144,9.902000427246094,9.808022148488831,-0.0939782787572625
681,2022,825.2247511517214,614.9184895368298,14.871999740600586,15.252817667345392,0.38081792674480575
1780,873,-315.0693318370571,-493.9089475341668,6.811999797821045,7.0809066632376245,0.2689068654165796
1610,1210,20.63415698760762,-321.0748479537208,16.798999786376953,16.439946212008536,-0.3590535743684171
354,2151,951.5670669122749,943.0863453798788,26.72599983215332,26.71975798898747,-0.006241843165849303
2156,71,-1114.2192210901337,-876.6441388395376,8.82800006866455,8.600602650334704,-0.22739741832984706
2178,265,-919.9767864722314,-897.0504701212634,7.185999870300293,6.920372312611647,-0.26562755768864577
933,1279,84.06973615616795,356.707855433266,72.97400665283203,72.93162645237987,-0.042380200452157624
1104,1937,743.6883903970795,191.08346536687202,12.250669479370117,12.220219497364411,-0.030449982005706033
1979,657,-529.4954091766049,-694.7537198931949,6.285999774932861,6.918007693730695,0.632007918797834
1059,82,-1112.267111917728,220.7910098627014,77.16000366210938,77.46003221803933,0.3000285559299556
46,1850,647.9302120849316,1248.6996565030593,54.11199951171875,54.07029186719811,-0.04170764452064191
1321,287,-905.0408559512479,-39.599727304481824,69.8828353881836,70.20306011382235,0.32022472563875226
1465,1318,127.4717915340594,-175.13803038534428,12.612000465393066,12.632890739021418,0.020890273628351608
2022,1124,-61.993614820108185,-733.9142279769335,8.762999534606934,7.870366652824097,-0.8926328817828368
1261,1811,618.9440762912625,32.994202123225364,13.795999526977539,13.561213768758751,-0.23478575821878778
124,537,-664.8398227937366,1159.8394446074985,60.84400177001953,61.004481835421814,0.16048006540228243
2419,1487,304.39621974651857,-1128.0444809018493,14.807999610900879,14.459892012772116,-0.34810759812876313
2362,1299,115.86667451211972,-1072.577547745831,20.67799949645996,20.793395060475707,0.11539556401574558
719,1046,-150.76956726654157,568.8526061246448,59.99399948120117,59.44814702737484,-0.5458524538263347
551,2148,950.1918039764224,745.9993248136919,17.224000930786133,17.223609079065945,-0.0003918517201881855
847,615,-580.8489826104803,437.25577049343985,59.42399978637695,59.60700701688472,0.18300723050776924
2288,2192,1008.5380685422182,-991.1866813956221,9.360000610351562,8.781365142247896,-0.5786354681036663
1493,1628,437.8006009981832,-200.58900627357968,9.46500015258789,9.452623720401899,-0.012376432185991604
174,1641,439.9205639342549,1118.9344731503136,71.30500030517578,70.93975713154884,-0.36524317362693637
2121,675,-510.3181690807413,-836.6498771507331,8.863000869750977,8.955373379712627,0.0923725099616508
440,83,-1116.3747133201266,839.9935858717773,68.35800170898438,68.3060537894002,-0.05194791958417966
938,322,-873.1901812598131,343.809403745365,69.99000549316406,70.61004623026113,0.6200407370970709
1884,1001,-186.17094892226692,-596.8855921076421,5.947999954223633,5.948,4.577636758540393e-8
1087,1444,250.39250998778655,204.02082176612782,53.49053955078125,53.524308344088716,0.03376879330746618
570,989,-209.01706657409858,717.4291634480426,56.88399887084961,56.77748729823826,-0.10651157261134614
2194,2257,1072.783085232081,-896.6206878143506,13.479000091552734,13.812743093049377,0.33374300149664293
523,1972,773.9051301676632,772.5558014836868,25.981000900268555,26.25327534646252,0.2722744461939648
77,319,-883.296211789962,1205.0551536260662,67.16100311279297,67.62544997158754,0.4644468587945738
2165,1649,464.35175551030807,-872.6277965847216,11.416000366210938,10.93259779170177,-0.48340257450916724
146,175,-1026.7720185859334,1134.8451116061422,67.30000305175781,68.10996105844279,0.8099580066849796
2471,1667,484.8820222094433,-1178.5758577607949,8.313000679016113,8.148776737596718,-0.16422394141939556
1793,2033,845.4037826982437,-497.34208470688463,5.9019999504089355,5.902,4.959106458812812e-8
468,1021,-177.8487063665544,819.7253508047886,60.64099884033203,61.21497305801001,0.5739742176779785
1100,1571,377.5398412308433,192.06466692390813,38.67100143432617,39.816886882235906,1.145885447909734
846,655,-540.8446530089026,438.5861567755677,60.518001556396484,60.64754231262668,0.1295407562301989
1953,1065,-121.58149393186461,-665.3792790934158,5.947999954223633,5.948,4.577636758540393e-8
665,2133,936.1277965139022,631.839513898643,15.265999794006348,15.441880831972327,0.1758810379659792
1568,1046,-143.7640557069825,-280.41478477490193,36.67300033569336,36.587798516265494,-0.08520181942786564
2224,2184,1000.0075171024786,-927.2324530313097,11.310999870300293,11.097974449044765,-0.21302542125552826
964,1936,741.5328494403763,331.1194340584225,8.949000358581543,8.9036315852577,-0.04536877332384215
2406,453,-730.0366394398945,-1123.5710633495098,11.053000450134277,11.088510087588167,0.03550963745388991
251,1580,379.53675489891236,1041.406780299094,76.54600524902344,76.37709262815923,-0.1689126208642051
1132,1993,799.9371235358301,163.5367054742842,11.663280487060547,11.628454068816085,-0.034826418244461976
2529,1568,386.3292863290288,-1237.4109190066426,7.914999961853027,8.05103947423269,0.1360395123796625
1185,1439,246.19957987617505,105.94865937819895,41.834999084472656,42.52994020437857,0.6949411199059128
2362,763,-420.3021466580527,-1076.9996680855459,7.914000034332275,7.902406207042027,-0.01159382729024827
1789,1191,3.1050830236360376,-500.28802039176924,9.890000343322754,9.636335594688909,-0.25366474863384525
1419,2265,1074.391234009088,-121.30963287045392,8.772000312805176,8.777634169764859,0.005633856959683214
2325,2012,828.7864405541991,-1029.683431879445,10.119000434875488,10.14271979311101,0.02371935823552107
1941,972,-214.70979200308292,-654.1428108318213,9.057000160217285,9.15327750399232,0.09627734377503572
843,1012,-183.7570448792651,444.5329921716841,60.65700149536133,60.00617562373009,-0.6508258716312412
585,625,-573.0078411663233,699.4206881341725,64.46900177001953,64.26035213433381,-0.20864963568571682
985,1165,-29.537103576679506,303.7507775263415,62.53200149536133,62.68153987179549,0.14953837643416534
2345,1804,620.8857474601431,-1051.405807499456,9.520000457763672,9.648403371984369,0.12840291422069683
841,2081,885.5636967293777,455.35479517481565,12.762999534606934,13.439904941185507,0.6769054065785731
1511,1873,683.0264657311957,-216.57316255420182,8.820000648498535,8.468240939887387,-0.3517597086111479
235,2317,1116.6375170230858,1063.4938558933345,21.82699966430664,21.934909477200588,0.10790981289394708
264,1384,183.58221614384684,1026.7852106124922,77.48300170898438,77.62228152045478,0.13927981147040214
347,816,-383.91176771777083,939.071730365521,56.54800033569336,56.64085118707932,0.09285085138596116
1438,1972,781.4554020579653,-142.73324102878308,8.542000770568848,8.559258543401103,0.017257772832255824
498,421,-777.7899141915876,784.7646089316679,60.119998931884766,60.0026741003261,-0.11732483155866902
1916,1062,-124.88771370935964,-628.3923772102021,5.947999954223633,5.948,4.577636758540393e-8
2310,2220,1036.7284275183617,-1012.9626270526272,3.878000020980835,4.665344566792455,0.78734454581162
408,1512,312.81091856378976,883.7960976644857,72.18000030517578,72.38282260662567,0.2028223014498849
728,1341,144.39765957929356,562.2840868826584,73.68400573730469,73.73165910835814,0.047653371053456794
1858,1224,36.68478697086617,-569.0374876714509,9.830000877380371,9.703198837650309,-0.12680203973006243
541,1268,69.8315212046777,748.7406334362555,70.40299987792969,70.26998957993065,-0.13301029799903574
816,429,-767.1632695927373,466.7306801557231,64.11100006103516,65.35616943031943,1.2451693692842696
47,1726,523.8993160178288,1246.6760175834959,57.862998962402344,58.35994197850092,0.4969430160985766
2511,1301,119.09657801716418,-1221.6080134032393,19.934999465942383,19.650884058537923,-0.2841154074044603
1012,604,-590.4909113244197,272.1131106825674,65.89200592041016,65.83399996491744,-0.058005955492717476
2280,1934,750.3905351575959,-985.3127413884035,10.446000099182129,10.31910085290001,-0.12689924628211813
1117,1491,297.6548798663251,174.39918228535961,47.37699890136719,47.47962282184637,0.10262392047918212
1085,323,-870.9768796797192,196.77146923399903,74.52655029296875,74.53363786665119,0.007087573682440507
173,605,-596.4140666605339,1111.3852093049027,55.2400016784668,54.56016515649868,-0.6798365219681202
478,796,-402.8370188122415,807.8654619595486,59.86705780029297,59.06124178314853,-0.8058160171444371
657,437,-760.4728070795911,625.8466694537242,66.83500671386719,68.28188190134401,1.4468751874768202
856,1644,448.54947025973297,436.74402577574034,44.875999450683594,41.40602877205375,-3.469970678629842
1905,1400,213.12805527576887,-614.6001750097316,10.248000144958496,10.187513417856085,-0.06048672710241121
1308,1429,237.21134636167156,-17.17264248599716,15.027000427246094,15.51027583347637,0.48327540623027687
1950,1313,126.47190506370185,-660.332171660847,9.416000366210938,10.10592077329088,0.6899204070799421
1641,1877,688.1003652407552,-346.5812126132846,9.891939163208008,10.251331842298919,0.3593926790909112
292,754,-446.38515668736443,993.5773913001732,54.9630012512207,55.974562940215975,1.0115616889952719
1191,1571,378.2907267398513,101.03595743164017,26.888999938964844,27.127794835315868,0.23879489635102402
1661,2013,824.308345412741,-365.4653970729867,5.9019999504089355,6.420917661591493,0.5189177111825574
2291,1844,660.4528631848767,-997.0587453118258,11.045000076293945,10.755165760713584,-0.2898343155803609
1571,647,-542.8648936399263,-286.70789479335514,53.678871154785156,53.46696129571462,-0.21190985907053772
824,2121,925.4360572128713,472.69023982571076,8.795999526977539,8.95124630965579,0.1552467826782511
993,1146,-48.477076939517296,295.5914757631506,61.53499984741211,61.31883186975938,-0.21616797765273077
1786,2071,883.3580347159605,-490.026340917099,8.78700065612793,8.787977690337767,0.000977034209837413
600,555,-642.9060743329411,683.838326988833,64.822998046875,65.54928322900976,0.7262851821347596
1661,103,-1086.2932645151575,-381.22471330532227,10.793000221252441,12.220015210134243,1.4270149888818011
591,1851,653.4280558437368,703.5358230229157,35.72800064086914,35.53929758570568,-0.1887030551634581
921,411,-784.3024919557255,361.54914768860067,68.01200103759766,67.8321734950169,-0.17982754258075317
1612,113,-1076.6944221616404,-332.12681915861015,19.10700035095215,19.073072527025058,-0.03392782392709037
471,770,-428.9029658930852,814.6531078634146,58.18199920654297,58.26063841349321,0.07863920695024262
1838,1042,-145.53757024175965,-550.5328250067147,5.947999954223633,6.1852689581729825,0.2372690039493497
1534,1141,-49.01466484468794,-245.62022351462576,27.959999084472656,28.316185378059597,0.35618629358694065
802,1130,-66.05820038658436,486.5196205088363,69.06800079345703,67.85449012896437,-1.2135106644926594
523,2109,910.9484182659587,773.6863419050931,18.2549991607666,18.339118765459403,0.08411960469280189
2437,419,-763.7915719663821,-1154.8613117288892,13.204000473022461,13.42626270792216,0.22226223489969854
1633,812,-377.3014150777759,-347.3659854284165,36.983001708984375,37.10630187843879,0.12330016945441713
2111,1177,-8.242617650945313,-822.5049899099793,8.539000511169434,9.9352341907114,1.3962336795419663
1425,1643,452.244255324177,-132.44378082098405,9.641000747680664,9.500797133760441,-0.14020361392022274
959,614,-580.9251033986949,325.21229522302974,63.96799850463867,64.21806827067496,0.2500697660362903
1848,944,-243.48592483316324,-561.3445485654512,5.947999954223633,5.948,4.577636758540393e-8
2379,302,-881.30685027191,-1097.8083540808861,14.236000061035156,14.294774485863122,0.05877442482796624
1533,1656,466.1394817470142,-240.3705976941894,9.170000076293945,9.042886270492243,-0.12711380580170228
93,2038,836.3774682048374,1203.2362971217751,34.20800018310547,34.391299309306724,0.18329912620125555
1906,170,-1017.2507757855373,-625.7488396356609,9.446000099182129,9.65019264803412,0.20419254885199045
763,510,-686.575154378372,520.4157404402731,63.176998138427734,63.185222039434976,0.008223901007241352
2438,764,-418.6748177780607,-1153.0153315359148,8.273000717163086,8.211196323217225,-0.061804393945861236
1788,56,-1132.2601587120564,-508.6523743917527,7.868000030517578,7.804485652037375,-0.06351437848020325
2379,2287,1104.3188807188117,-1081.4316742444767,11.831999778747559,10.799379954970878,-1.032619823776681
2423,2327,1144.69453964525,-1125.1155792011361,9.593000411987305,9.648519055246316,0.05551864325901157
1761,1863,675.0860541287375,-466.7346212351456,10.352999687194824,10.35055614251926,-0.002443544675564624
2267,955,-229.0254840720237,-980.3857151015484,12.461000442504883,12.510083770940339,0.04908332843545615
1336,956,-235.70666976681096,-49.08433176710084,72.26900482177734,73.80923231366967,1.540227491892324
1746,307,-881.5278650101953,-464.56822804598926,15.00100040435791,15.207815173541416,0.20681476918350583
344,223,-977.1229675720957,937.1790481124858,64.14600372314453,64.55676784661834,0.4107641234738111
1856,322,-865.6155639446937,-574.479026948791,8.530000686645508,8.522198946775845,-0.007801739869663038
1436,368,-823.0665125951622,-153.96751045848998,66.66400146484375,66.54835384274196,-0.1156476221017897
318,1927,727.1992062161099,977.2492022222773,60.638999938964844,59.3445495218297,-1.2944504171351454
55,2272,1070.1378321442983,1243.1794088401507,18.634000778198242,18.674714906164382,0.04071412796614027
1873,587,-600.3919978941352,-589.2979283431298,5.460000038146973,5.46,-3.814697269177714e-8
448,481,-718.183662654698,835.2754558105497,57.79499816894531,57.80271434475852,0.007716175813207826
400,1718,518.8099027073888,893.4985843212723,63.895999908447266,63.43983570679673,-0.4561642016505374
2255,1355,171.00154896459463,-965.0818010466725,15.1899995803833,15.155655897650448,-0.034343682732853154
442,92,-1107.355383427481,838.0672280289918,68.57100677490234,67.58228131845388,-0.9887254564484635
2485,46,-1136.5127332883048,-1205.9536721494076,10.777999877929688,10.710202108895475,-0.06779776903421286
444,1488,289.1004285859108,847.5866898797826,73.14900207519531,72.93520445798055,-0.21379761721476598
927,1871,676.2070070141343,367.59475953186154,9.461000442504883,9.452655562822226,-0.008344879682656625
1032,1193,-1.1404541836274324,256.96701411573105,57.78900146484375,56.30113150396719,-1.4878699608765587
286,1068,-132.33581760162886,1002.1705251441158,60.73699951171875,60.774415558291295,0.03741604657254527
1994,1302,115.8314652341699,-704.4367983984341,9.023000717163086,8.924452836722681,-0.09854788044040497
2179,1260,75.34457130507296,-889.8416308588927,0.5304000377655029,1.802325907983384,1.271925870217881
1120,1220,26.594191472914183,169.16207615629963,43.606998443603516,44.4335287719954,0.8265303283918826
852,985,-210.69128150664156,435.3073597098788,58.04800033569336,58.12822103379442,0.08022069810105847
1798,1715,527.3446065700966,-504.9674276484248,9.53600025177002,9.69044605464891,0.15444580287889131
2295,2334,1150.6407222571274,-997.0173464470254,8.85200023651123,9.505897640038448,0.6538974035272176
147,635,-566.6191962020647,1137.6409611537038,59.82500076293945,59.787010602425106,-0.03799016051434734
1722,1917,728.7813249451244,-427.2767565570071,10.138999938964844,10.153418843078335,0.014418904113490782
2536,1006,-175.79012308417222,-1249.0496581318155,19.948999404907227,20.378267011274673,0.4292676063674463
2231,1713,528.9164824531194,-938.1205997207664,6.7870001792907715,7.0272731989739246,0.24027301968315307
2074,1748,562.6322102656154,-780.7822760254447,8.920999526977539,8.873838700493181,-0.047160826484358154
1080,982,-211.8108458136048,207.21081178831133,51.064998626708984,51.21286999668599,0.147871369977004
180,1234,32.84172659358626,1109.5738217577418,63.736000061035156,63.520395010144014,-0.215605050891142
2201,2143,958.8047975472223,-904.5634500091627,12.78499984741211,12.47905023856385,-0.30594960884825895
2354,154,-1029.5595947022516,-1074.0215299610602,13.960339546203613,14.426723651364398,0.46638410516078466
1126,2288,1094.9808569097763,171.97279671081017,14.204000473022461,14.029160506232385,-0.17483996679007596
226,711,-489.9433439361931,1059.2433015024747,52.43199920654297,52.45983864699845,0.027839440455480258
681,1178,-19.04155680989745,607.953833229044,66.75900268554688,66.29634227941317,-0.4626604061337076
385,1076,-123.51631805432356,903.2053630112703,65.30000305175781,64.6532001658573,-0.646802885900513
1313,256,-936.1166050356464,-31.85300442211242,69.24500274658203,69.33214373603728,0.08714098945524995
1971,2124,937.9011714476907,-674.6475160986523,13.482999801635742,13.860764160996995,0.37776435936125274
1778,1455,267.09755279667655,-487.10633363903185,8.883000373840332,9.006686901139728,0.12368652729939633
2446,986,-196.53893025918276,-1159.186319561119,13.201000213623047,13.391658855839221,0.19065864221617446
1058,1087,-106.95930980013839,230.08415454631597,51.9370002746582,52.259561848097185,0.32256157343898195
2170,2080,895.5291228258851,-874.0734306407368,13.498000144958496,13.729635928595998,0.23163578363750226
2462,1135,-47.359993566099476,-1173.9620894992715,22.906999588012695,22.678656505306517,-0.22834308270617854
1616,1801,611.8700909763618,-322.2003943845565,9.422000885009766,9.431714556776928,0.009713671767162424
141,1837,635.7101018641316,1153.5623780732924,57.027000427246094,56.992945484809425,-0.03405494243666851
1870,58,-1129.5829678262805,-590.6616140350868,10.60200023651123,10.73006932549333,0.1280690889820999
1864,1138,-49.29280850360976,-575.7489424586267,7.64300012588501,8.052272865845499,0.40927273996048896
2229,175,-1009.5842863218946,-948.8090210908128,8.076600074768066,7.8354819454934495,-0.24111812927461695
899,480,-715.4623407793723,384.12543191135416,66.11600494384766,65.81837325101512,-0.2976316928325389
65,85,-1117.4687336711722,1215.1278105589724,70.96000671386719,71.9868878486135,1.0268811347463185
2210,426,-758.6621812322945,-927.7322145258285,1.5379999876022339,1.7549061677435658,0.2169061801413319
1371,338,-853.6122684869629,-89.19462187653303,67.17708587646484,67.31709026238194,0.14000438591709496
1388,1905,714.0216773219904,-93.2702794197029,13.13700008392334,12.989382308214635,-0.1476177757087047
276,1148,-52.39313940339055,1012.8338653355429,65.32101440429688,65.51009010410064,0.18907569980376593
1642,1284,94.92151210056468,-352.47435976766155,10.79699993133545,11.435505465313597,0.6385055339781474
2439,133,-1049.8649235609814,-1159.221473409997,16.006000518798828,15.770017306682075,-0.23598321211675355
2506,1666,484.17046024822685,-1213.5951532599793,8.271000862121582,8.167820683824068,-0.10318017829751369
316,938,-262.1291859988298,971.0882719237686,58.393001556396484,58.23659664173916,-0.15640491465732254
99,2330,1128.5192874349998,1199.6441448267415,21.766000747680664,21.630298748237728,-0.13570199944293648
1283,1488,296.02367131575113,8.322070565258185,13.532999992370605,13.627754003079957,0.09475401070935163
1479,41,-1149.8144172490918,-199.67914136755064,42.4640007019043,42.728106386610314,0.26410568470601703
1808,404,-783.9858319462676,-525.7873813277272,8.878000259399414,8.867948872468535,-0.010051386930879147
1598,1443,253.60860104729147,-307.14857862634113,17.343000411987305,17.22424696057591,-0.11875345141139348
1853,876,-311.46607978251734,-566.907173710247,7.804999828338623,6.559487019674158,-1.245512808664465
2479,254,-928.4969152219243,-1198.235774504124,12.137999534606934,12.589859850842235,0.451860316235301
2007,2068,882.1804956295791,-711.1209288133026,16.8799991607666,17.514571633779372,0.6345724730127706
1905,421,-766.1801665409339,-622.6776051368365,8.339000701904297,8.365342045792392,0.02634134388809528
869,2247,1051.8472190237803,428.7157409460107,9.62600040435791,9.554377067170213,-0.07162333718769709
2472,488,-694.4811268047413,-1189.3030558635724,11.442947387695312,11.37375410190588,-0.06919328578943329
2375,114,-1069.3989006847187,-1095.3581313686777,13.623000144958496,14.072848569078257,0.4498484241197609
2339,1985,801.8934137352524,-1043.9106126229776,9.869000434875488,9.668396077698844,-0.20060435717664404
2056,987,-198.7562490116378,-769.0552633254479,10.37440013885498,9.766693608750838,-0.6077065301041422
2175,646,-538.8817676820083,-890.9061254046971,1.996999979019165,3.607908823804785,1.61090884478562
1042,2286,1092.2870934645603,255.98285555382475,8.72800064086914,8.754770863140624,0.026770222271483846
1743,2146,958.0269517354997,-446.39393627761604,8.497000694274902,8.731672785104188,0.2346720908292852
656,591,-606.4326408045102,628.1177908325808,63.58700180053711,63.4348126187187,-0.15218918181840735
913,1356,160.92897584155344,377.34954199253696,78.20000457763672,78.13105375216799,-0.06895082546873255
190,613,-588.2712586016187,1094.4458832371847,51.59199905395508,51.57698899434129,-0.015010059613786098
1308,255,-937.1581756981404,-26.859685103212474,69.0780029296875,69.30269000525269,0.22468707556518552
1156,1368,174.93789853782124,134.37194985683726,50.26100158691406,49.42136828483496,-0.8396333020791005
681,1559,362.07857111713736,611.097831371776,65.21399688720703,65.11661963593201,-0.09737725127502017
1456,1791,600.5467594383808,-162.23238983633402,7.965000152587891,8.24705250532714,0.28205235273924956
988,1712,517.6601591030023,305.2634840113218,21.69099998474121,20.231593130954018,-1.4594068537871934
101,2120,918.4694012565773,1195.9104783800958,26.722999572753906,26.160574740231095,-0.5624248325228116
691,2148,951.3470889925279,605.9550758290469,15.038000106811523,15.17062990376829,0.1326297969567669
1089,1043,-150.7173709573883,198.71132195734123,50.26300048828125,50.266837848101225,0.003837359819975461
2385,1654,471.1684049241944,-1092.6559704476624,13.930000305175781,13.868343056147124,-0.061657249028657546
1978,2128,941.9601902041045,-681.6167258677165,13.892000198364258,14.086648741370334,0.19464854300607648
1352,970,-221.57024093192126,-64.9738517168651,71.1030044555664,72.19466651239958,1.0916620568331723
1607,1153,-36.40855752060938,-318.54421010687327,14.786999702453613,17.341267703539167,2.5542680010855534
1626,1084,-105.27352690826402,-338.11951449735113,20.113000869750977,18.902066600896088,-1.2109342688548885
538,1311,112.82031908548538,752.0964197155016,71.67100524902344,71.75595060556674,0.08494535654330093
2314,1280,96.46467281129503,-1024.719173120623,19.86400032043457,20.08830137782664,0.22430105739206851
505,1717,518.6760686252275,788.4571917006344,63.15299987792969,63.06857085902613,-0.08442901890355614
1477,2179,988.8426129337771,-180.03757180939775,8.496000289916992,9.085861298360182,0.5898610084431901
943,1135,-59.89312605112819,345.5164595982652,63.66699981689453,63.70138078628531,0.0343809693907815
309,1722,522.0602054161723,984.5603151522407,63.92499923706055,63.83173927059943,-0.09325996646111889
1573,1247,57.34053003689913,-283.75789978399814,12.961999893188477,13.04802083111543,0.08602093792695342
1385,648,-543.3992905414714,-100.64113969376079,55.95500183105469,55.409762152919306,-0.5452396781353812
1676,352,-837.0912877417702,-394.1749439405627,34.33000183105469,33.265600633151664,-1.064401197903024
462,554,-645.04518034536,821.8734653855031,58.2239990234375,57.91015013137661,-0.3138488920608893
752,1632,435.6874918249249,540.6778210695151,43.26300048828125,43.72804759072258,0.46504710244133207
2209,1700,515.7308705376721,-916.2209110358525,6.8206000328063965,6.682449648292055,-0.1381503845143417
559,1598,400.08412818861706,733.4581496431952,69.53700256347656,70.19469306748157,0.6576905040050036
1758,1148,-40.16424236172611,-469.6330389014123,9.592000007629395,8.332405035932378,-1.259594971697016
484,915,-283.7500489673907,802.8455822588205,59.10499954223633,59.6371342360152,0.5321346937788718
2522,490,-692.0679938170393,-1239.3022739451906,11.663000106811523,11.742271789007123,0.07927168219559988
264,1611,410.6538173955065,1028.6585031494922,72.61400604248047,72.351589641932,-0.26241640054847437
187,692,-509.27116682000036,1098.09877283961,52.43600082397461,52.513265140971,0.07726431699639136
2319,1143,-40.53725159230613,-1030.8510367994218,19.836999893188477,19.33735396738718,-0.4996459258012962
903,1708,512.9575022920312,390.25730558606006,25.104000091552734,24.76230150114965,-0.3416985904030838
409,551,-648.4834908724314,874.8653729272335,57.51599884033203,57.37806394581802,-0.13793489451401086
677,441,-756.3065103549433,605.873391254002,68.33900451660156,68.4307642046189,0.09175968801733347
1770,2330,1142.3079018773446,-471.88431142071556,9.22800064086914,8.886185544843784,-0.341815096025357
1174,94,-1099.3144215349262,105.85392424261258,74.85900115966797,75.12797487656168,0.2689737168937114
2517,1774,592.2953036459824,-1223.7076147606456,7.994999885559082,7.956209459245935,-0.03879042631314711
168,183,-1018.5879513840412,1112.9042234213466,66.99500274658203,66.92292088230712,-0.07208186427490659
1871,1825,637.9816421642847,-577.0828867252344,9.208000183105469,9.173489226011478,-0.03451095709399077
2472,403,-779.5078465242855,-1190.0043133106844,15.258000373840332,15.179115278072537,-0.07888509576779512
665,693,-504.32628987711223,619.9566629961668,59.20500183105469,59.20374458679316,-0.0012572442615308432
578,43,-1155.2484760117843,701.6201807999837,67.27300262451172,67.18337856695743,-0.08962405755428904
2177,1220,35.31546327357411,-888.1710174280352,0.5040000081062317,0.5921989406377162,0.08819893253148448
942,2108,913.4056568854128,354.5456746906856,8.572999954223633,8.49549008353167,-0.07750987069196213
1977,1791,604.8454794941358,-683.396878211536,7.190000057220459,7.369166533211796,0.1791664759913374
793,664,-532.279168227951,491.6770938603213,58.47700119018555,58.39977905740848,-0.07722213277706658
1383,2277,1086.0979841264566,-85.19923480459809,8.717000007629395,8.76442990619064,0.04742989856124602
1380,1810,618.925666543715,-86.05162165530515,10.321000099182129,9.477040363126262,-0.8439597360558668
2279,1712,528.3121833925933,-986.1440004727274,6.965000152587891,7.677599591217586,0.7125994386296952
1645,1113,-76.10762249049317,-356.88622126190415,16.395999908447266,16.299807046888127,-0.09619286155913898
1848,506,-681.6237369616975,-564.9583768442366,9.27500057220459,9.280469335461998,0.005468763257407971
908,706,-489.3170003215949,376.98749367099754,61.641998291015625,61.65284603448482,0.01084774346919204
1946,312,-874.8761432672272,-664.5898109617283,8.491000175476074,8.462667516980098,-0.02833265849597666
739,1606,409.5720127425064,553.4673736568925,51.09199905395508,50.94037472457015,-0.15162432938492998
1366,1224,32.62529280477029,-76.8824407209822,31.57699966430664,31.740918455011162,0.1639187907045212
464,210,-989.1367818041384,817.0340809269186,62.5369987487793,62.520262491103466,-0.016736257675830757
1345,2247,1055.7749499108793,-47.43475768656252,10.072999954223633,9.029113593368784,-1.0438863608548488
1217,928,-264.6973962751162,69.72209676037045,62.74100112915039,63.26433540031688,0.5233342711664903
1798,1847,659.3862823384837,-503.8783186962279,10.265999794006348,10.166196457217172,-0.09980333678917575
916,1046,-149.1439582881292,371.79056235095857,62.08399963378906,62.37304781176083,0.28904817797176463
346,1454,254.28098333694453,945.3370193766034,78.06400299072266,78.10633942750685,0.04233643678419696
2483,685,-497.328419202198,-1198.6812477756544,9.267000198364258,9.32292865623199,0.05592845786773282
405,554,-645.5155565068974,878.8913873640556,57.354000091552734,57.26817013127037,-0.08582996028236778
1924,2088,901.5020122894225,-627.9296869861728,10.067000389099121,10.067079787361656,0.00007939826253533511
2178,2066,881.5907020109286,-882.1914649698965,13.520999908447266,13.39307104033136,-0.1279288681159052
470,2053,854.4933569600665,826.2409693494662,24.273000717163086,24.26228396334944,-0.010716753813646562
1078,1187,-6.762772266752139,210.90301021263537,46.77799987792969,45.38561023786458,-1.3923896400651046
682,731,-466.17405108408497,603.2648899599433,57.8748779296875,57.92693922406952,0.05206129438202112
110,2264,1062.5891951974115,1188.0959991583827,21.989999771118164,22.159647838467684,0.1696480673495202
81,758,-444.1251692668917,1204.6767867348176,60.54100036621094,60.64465927887863,0.10365891266769012
1972,2269,1082.9552623256523,-674.4514865401468,12.342000007629395,12.406552243478586,0.06455223584919167
1104,1499,305.5501334881802,187.46929480967776,48.23400115966797,47.29561532983058,-0.9383858298373866
421,959,-240.25608408897216,866.2285128819142,61.89899826049805,61.29924827014451,-0.599749990353537
1252,431,-761.564946542976,30.610146531957582,73.28900146484375,73.21182526250263,-0.07717620234112132
556,651,-547.2389733669419,728.6443631472529,63.38199996948242,63.185854154048194,-0.19614581543422815
924,931,-264.114158837696,362.8390957244002,53.00699996948242,52.65905667684187,-0.3479432926405508
1219,929,-263.6805786120793,67.72971851433635,63.20500183105469,63.478577462641944,0.2735756315872564
2008,2287,1101.2579767732286,-710.3143584514758,12.79800033569336,13.86629393239324,1.0682935966998812
560,1683,485.11920389724986,733.1592614250582,63.26599884033203,62.99521521773269,-0.27078362259933897
1982,504,-682.5187740442873,-699.017006220337,5.460000038146973,6.0956472695945125,0.6356472314475399
289,1370,169.78411151345722,1001.6617955792119,77.31800079345703,77.36066595625036,0.04266516279332677
103,439,-763.0439345588304,1180.0372945663185,62.59709930419922,62.95218012474339,0.355080820544174
306,2243,1043.2000381707055,991.8607311847489,23.240999221801758,22.580545793866758,-0.6604534279349998
1833,1595,407.59551264806237,-540.9685694525122,5.947999954223633,5.948,4.577636758540393e-8
249,118,-1082.9399142455882,1031.3423798739175,66.72200012207031,66.88569630010589,0.163696178035579
1587,1382,192.49860336324895,-296.6484227031215,17.1200008392334,17.16197985748427,0.04197901825087058
727,656,-540.8263086360364,557.6318384480799,56.54800033569336,57.12911332063217,0.5811129849388124
1622,2102,913.014681047643,-325.7187355010578,8.095000267028809,8.611185502206876,0.5161852351780674
2259,2227,1043.3098743603011,-961.8887509745877,9.542000770568848,9.600079323359273,0.058078552790425064
2109,2037,852.0122560267879,-813.4089264378688,17.72100067138672,17.641364646108755,-0.07963602527796354
343,411,-789.0721520974056,939.7307992124092,58.18199920654297,58.58491284985765,0.40291364331468316
901,148,-1047.5501492591768,379.38522651883125,76.62700653076172,75.84402047998026,-0.7829860507814601
210,1851,650.2839446525385,1084.6561264913473,60.34400177001953,60.01661467091868,-0.3273870991008536
426,854,-345.24787865305075,860.3604544389168,58.527000427246094,58.44205386851455,-0.084946558731545
1244,1283,90.63722750342917,45.64283736308532,33.178001403808594,33.862572544628726,0.6845711408201325
1368,1496,304.72755547251296,-76.63872887009445,12.109999656677246,12.182100142684662,0.07210048600741636
2231,1021,-163.30171179349617,-943.8298566651656,14.831999778747559,14.829454412476787,-0.0025453662707715097
628,729,-468.62028763063614,657.2653749593849,62.22200012207031,62.21324306902886,-0.00875705304144958
2044,987,-198.85525561344855,-757.0514846446301,9.235795974731445,9.242715376071109,0.006919401339663622
662,2178,981.1172644287199,635.2118010930026,14.914999961853027,15.455632490214327,0.5406325283613
1483,1383,192.6408057988207,-192.60738050393252,17.67099952697754,17.699052191457692,0.02805266448015331
2336,181,-1002.6996196387436,-1055.7931217549904,13.447999954223633,13.272773038215032,-0.17522691600860085
1025,723,-471.34620695363157,260.09096367082213,66.19600677490234,65.6325816093195,-0.5634251655828422
499,1393,194.52433868172346,791.7853892274316,73.0300064086914,73.18616996175379,0.1561635530623846
45,1369,166.7701870968083,1245.7304658823818,54.084999084472656,54.13195682095783,0.04695773648517587
1117,1467,273.6473099358593,174.2011458931326,49.37799835205078,49.06597617850648,-0.3120221735442996
1718,1332,143.56371491087043,-428.1022717706843,9.545999526977539,9.685817336869022,0.13981780989148263
2381,1354,171.04076860470786,-1091.1297748333122,15.79800033569336,16.25808125430909,0.46008091861573064
731,1494,297.47066345081987,560.5456836963234,67.3479995727539,67.55007065567203,0.20207108291812403
1188,1039,-153.90173319779427,99.64713657984029,56.301998138427734,56.14186116196238,-0.16013697646535263
1107,2275,1081.8199671263217,190.8715349007248,11.154000282287598,11.219936471314675,0.06593618902707732
2478,652,-530.380051076563,-1193.9519279010256,9.47160816192627,10.290252392943323,0.8186442310170534
2141,1207,22.014350455967865,-852.2669287290263,14.602999687194824,14.65728921782921,0.05428953063438513
823,776,-419.9963754581561,462.5918611836594,56.4379997253418,56.72074387102681,0.28274414568501527
683,169,-1028.3424557798676,597.6269704747526,68.19004821777344,68.40604260699834,0.21599438922490322
2458,382,-800.6299482985357,-1176.1731655736367,15.307000160217285,15.207451548951585,-0.0995486112656998
1838,2032,844.7747528325397,-542.364553791922,5.9019999504089355,5.996668185113638,0.09466823470470231
2516,1351,169.15359196440335,-1226.1970855972463,16.929000854492188,17.57723643650297,0.6482355820107841
2371,454,-729.3250819249118,-1088.5518116637531,10.732999801635742,10.613853927434258,-0.11914587420148415
1976,729,-457.4975093036511,-691.1587319663931,5.460000038146973,7.427538608425782,1.9675385702788093
1854,391,-796.6103823134076,-571.9090978873664,8.366000175476074,8.331427710956572,-0.03457246451950269
1095,1753,559.556022533124,198.56802461435018,9.26200008392334,9.179896607167203,-0.08210347675613683
2214,326,-858.6606069901911,-932.5585073578609,7.922999858856201,6.5006732552910265,-1.4223266035651747
65,1253,50.8986724669398,1224.7668595088514,54.198001861572266,54.16717834397447,-0.030823517597795558
333,503,-697.125755899326,950.4931565533584,56.68600082397461,57.17158747749806,0.4855866535234483
1101,2127,933.7236698467266,195.65220471641507,9.712000846862793,10.227491872216016,0.5154910253532226
1061,1067,-126.94085508493177,226.91817813389798,52.349998474121094,51.85164359241646,-0.4983548817046355
372,2314,1114.767142301371,926.4257763210047,15.720000267028809,15.713854692257069,-0.006145574771739604
1765,269,-919.3830375134014,-483.8877288871175,9.557000160217285,9.784123804329463,0.22712364411217756
1228,2038,845.7434813905036,67.8776906082974,18.760000228881836,18.77286921746768,0.01286898858584351
706,1504,307.2675195308857,585.636088123965,68.29199981689453,67.82251368785981,-0.46948612903472053
398,1671,471.77856382059827,895.1113597954572,63.78300094604492,63.66260594581876,-0.12039500022616068
1992,2159,973.0854977210395,-695.3653808956622,16.04800033569336,16.081076132515577,0.033075796822217285
882,2115,919.9127650858968,414.62239882080644,8.559000015258789,8.649383072136818,0.09038305687802861
1794,1670,482.2973996457967,-501.3374523308073,8.647000312805176,8.746974016843065,0.09997370403788963
1903,1027,-160.00599687632177,-615.677057127955,5.947999954223633,5.948,4.577636758540393e-8
1192,2231,1038.5074316939342,105.48159409302248,17.895999908447266,17.880627111454924,-0.01537279699234162
1540,1417,227.1218405228551,-249.34481580250633,17.496000289916992,17.522390844428507,0.026390554511515063
773,1683,486.876876557498,520.0920399237863,34.457000732421875,35.7119301199502,1.2549293875283283
178,502,-699.4051917341608,1105.533630057524,56.92900085449219,54.28555978755596,-2.6434410669362265
2453,2167,984.8914535314216,-1156.4450950730975,9.54800033569336,9.621891421627435,0.07389108593407556
519,1310,111.66321351334368,771.094156560167,71.66500091552734,71.77463161937686,0.10963070384951834
1566,2341,1151.6281855264124,-267.7290323155221,8.66100025177002,8.581949500778489,-0.0790507509915308
1022,151,-1043.5507557913509,258.3719865727609,75.8740005493164,76.01448769880027,0.1404871494838602
2328,1787,603.7401253245569,-1034.5406950476893,10.258999824523926,10.246836919100012,-0.012162905423913628
1883,1919,732.1103378441262,-588.3111060696484,8.744000434875488,8.857142849139946,0.11314241426445726
1456,217,-973.9489297246273,-175.21971932345593,51.652000427246094,49.91867711363481,-1.7333233136112867
1445,569,-621.9290649331867,-161.31185424137513,59.77799987792969,59.72103468946884,-0.05696518846085041
1606,2252,1062.9300823922893,-308.4760248514242,8.664999961853027,8.62473160099768,-0.040268360855346685
573,919,-279.01435106059336,713.850573373667,55.61600112915039,55.83969958309378,0.22369845394339194
1445,1390,199.3294690280383,-154.5376408751818,17.601999282836914,17.772754359364253,0.1707550765273389
850,2194,998.6736789335564,447.2844033422904,9.386000633239746,9.400371876847464,0.014371243607717687
2350,2098,915.0198734750695,-1053.9818067368178,8.854000091552734,9.045531947550327,0.19153185599759226
1453,1627,436.47023935766657,-160.58463544002066,9.315000534057617,9.38324619951652,0.0682456654589032
1875,64,-1123.5398306311988,-595.613679394255,10.85200023651123,10.734131276301133,-0.11786896021009774
1525,242,-948.3717497677019,-244.03511425231054,35.551998138427734,36.89881141004982,1.3468132716220822
1882,2135,948.1703369422078,-585.5286291020883,9.2160005569458,9.15647034017279,-0.059530216773010736
913,429,-766.3628481425415,369.70019299273815,67.62700653076172,67.7849728655795,0.157966334817786
1697,1030,-158.70471855377565,-409.5874282549611,12.744999885559082,12.631751611131813,-0.11324827442726892
328,216,-984.2572031375294,953.1263068328019,65.93800354003906,65.59052726455856,-0.34747627548050275
130,1827,625.6161663935668,1164.4833259343663,58.11899948120117,57.49091438987659,-0.6280850913245786
1462,2249,1058.7409761454442,-164.45524805336638,8.729000091552734,8.757996118179818,0.028996026627083893
725,1539,342.4353470968148,566.9189124138572,62.13644027709961,62.064457609068256,-0.07198266803135311
1350,1699,507.6430865010059,-56.958041775273436,8.66200065612793,8.685088164302606,0.023087508174675975
441,1255,56.00220768323632,848.6648710785146,74.68700408935547,75.06071258025182,0.37370849089634817
267,617,-583.6345638152587,1017.4546782254988,56.535621643066406,56.44969832121342,-0.08592332185298801
279,148,-1052.682922998617,1001.5805330307585,65.86500549316406,66.12428359333354,0.2592781001694817
250,847,-353.7024893637107,1036.35808013189,56.236000061035156,56.279890860719064,0.043890799683907744
1389,1256,64.82515697064974,-99.62564931968899,22.94099998474121,22.7742364603034,-0.16676352443781184
1507,1124,-66.24280054636935,-218.7519860495733,37.26499938964844,37.03471930011006,-0.23028008953837542
866,2341,1145.8521887608695,432.49235611719587,9.75200080871582,9.64695179693855,-0.10504901177727
1326,1260,68.3065878912558,-36.57278853722918,29.805999755859375,29.904369763151784,0.09837000729240941
1696,571,-617.8574247842131,-412.37428081001303,41.13199996948242,41.02837897222717,-0.10362099725524843
1586,283,-906.8555556278822,-304.71598348812756,38.42900085449219,36.48719152237648,-1.9418093321157102
1118,248,-945.7281417820881,163.14223773168072,75.36900329589844,75.66809006349253,0.2990867675940905
2292,2036,852.5217642075195,-996.4749980279076,11.371999740600586,11.254245065661417,-0.11775467493916913
2294,753,-430.86631120166976,-1009.0607744924059,8.101000785827637,8.965535373463656,0.8645345876360189
580,208,-990.1801642009201,700.9811456304935,64.16300201416016,64.2912242180013,0.12822220384114758
1816,194,-993.9858046683433,-535.522557915875,9.10300064086914,9.101207507251912,-0.0017931336172285484
1892,306,-881.3235650905251,-610.6223491062308,8.42400074005127,8.416841971020043,-0.007158769031226697
348,1816,616.4117221399688,946.3237220658738,63.97700119018555,63.9326868483463,-0.04431434183924665
313,2198,998.2435780654898,984.4871633027859,25.101999282836914,24.916770465490874,-0.18522881734604013
2084,2162,976.8454988575617,-787.3697093551805,18.457000732421875,18.2879923016446,-0.169008430777275
1290,1400,208.05367729055865,0.5937449120512795,18.847000122070312,19.080570930564726,0.23357080849441303
563,378,-820.2670410014189,719.3893404981716,63.15399932861328,62.53994237166449,-0.6140569569487937
2097,1266,80.66992463061824,-807.7662837987941,8.913000106811523,8.896350996243147,-0.016649110568376813
2238,481,-703.4138814434823,-955.2872466496895,2.4660000801086426,3.6267367997323396,1.160736719623697
699,1450,253.19272390368863,592.1926909944619,70.73900604248047,70.8757522589063,0.13674621642583418
1336,723,-468.78000770571833,-51.00688113961445,40.275001525878906,41.405109183914284,1.130107658035378
2103,737,-448.4471711818252,-818.1326850451007,9.678000450134277,9.7701722268427,0.09217177670842247
491,1899,700.6180030226403,803.9635025586724,35.85499954223633,36.951350905032896,1.0963513627965682
1883,1652,465.0260377315763,-590.5140533945786,8.815000534057617,8.641705199863829,-0.17329533419378862
1306,749,-443.0193658951532,-20.782908494650414,37.82500076293945,38.40188917784416,0.5768884149047082
552,936,-262.1822925534476,734.9974699749923,54.25299835205078,55.43478845605031,1.181790103999532
1822,2239,1051.7081683863712,-524.6515809414267,8.568000793457031,8.262020910345017,-0.3059798831120144
2321,1052,-131.54941914320304,-1033.6024414046778,14.97599983215332,14.968533645282111,-0.007466186871209146
1265,456,-736.4498204664336,17.81234439099857,73.03400421142578,73.11530863115829,0.08130441973250413
2145,690,-495.11543903666706,-860.5336701217518,9.355001449584961,9.304997533366253,-0.050003916218708255
2485,1994,812.100784432258,-1189.882483886167,8.734000205993652,8.734415881236444,0.0004156752427917354
2101,1558,372.7950103277805,-809.3583966949741,9.530000686645508,9.095769139054003,-0.43423154759150506
1805,117,-1071.1007437414387,-525.1544133962485,11.111000061035156,11.052046221931548,-0.05895383910360863
1360,61,-1130.79003072119,-80.47676240274554,64.04900360107422,64.17832467195356,0.12932107087934241
1063,2327,1133.4733426750777,235.3145296786043,9.293000221252441,9.14081213577367,-0.15218808547877138
749,1276,79.55045928633929,540.7410936162473,73.47700500488281,73.52922281366764,0.05221780878483173
1176,1796,603.2379697867906,117.89726767980446,9.35300064086914,10.136763590030473,0.783762949161332
2437,2335,1152.812572250064,-1139.0540051583985,9.582000732421875,9.664140077722216,0.08213934530034095
2020,980,-206.0554736507524,-733.1016813271488,9.608243942260742,9.514246540849445,-0.09399740141129698
689,1755,558.2064424308971,604.7126906155958,37.17599868774414,37.123677473558786,-0.05232121418535485
2223,1745,560.8605811367763,-929.8540621244051,8.208000183105469,8.044933871883233,-0.16306631122223614
970,800,-394.77581722990993,315.7436455054144,60.75299835205078,60.65119798357517,-0.10180036847560814
2375,1435,252.01680986154625,-1084.4596150715665,15.161999702453613,15.289263295612677,0.12726359315906421
620,1294,96.49163001409221,669.9302879846952,71.19800567626953,70.91163633793015,-0.2863693383393837
362,736,-463.81315755069846,923.4068260805177,56.61000061035156,56.693376268486475,0.0833756581349121
1773,1905,717.1983291278184,-478.3918748888842,10.210000038146973,10.144161908179441,-0.06583812996753124
1054,1506,312.13976369770285,237.54282659085038,49.58100128173828,49.48277651095241,-0.098224770785869
1767,349,-839.3414001425965,-485.22829118229447,12.197999954223633,12.202825141447812,0.004825187224179572
1677,1764,575.3617185662613,-383.5249388298047,10.0600004196167,10.236249035874433,0.17624861625773391
1882,202,-985.4387425786258,-601.4772803543084,9.291000366210938,9.306946701251913,0.015946335040975868
943,492,-703.0954930211994,340.2106205945905,65.52794647216797,65.38399853168818,-0.14394794047979076
374,1810,610.624387497836,920.2659996928296,64.5510025024414,64.44895639513707,-0.10204610730433217
514,901,-297.50689194581037,772.7206083343507,57.7859992980957,57.81964921420033,0.033649916104629085
1200,360,-833.0163331768699,82.04063956071748,74.46100616455078,74.58541089770067,0.12440473314988765
2171,612,-572.9254637813038,-887.1853811925407,5.633999824523926,6.562213873886905,0.9282140493629791
489,275,-923.9100604089604,792.5626205728261,60.930999755859375,60.827643763874065,-0.10335599198531042
2214,1491,306.7061740536196,-922.9468219521422,13.517999649047852,10.67030017348948,-2.8476994755583718
48,1660,457.8867377323659,1245.1310298920744,66.01700592041016,66.03392362146987,0.01691770105971102
1248,693,-499.5155631812442,36.77326371376546,56.52799987792969,56.62368488445088,0.09568500652119383
2240,1287,102.85635579178722,-950.6380965516278,16.308000564575195,16.27664671770857,-0.0313538468666259
948,1117,-77.85753849264803,340.36635400923666,62.71900177001953,62.704771099561924,-0.014230670457607175
2333,1798,614.7848498339534,-1039.4515204895488,9.933000564575195,9.954268664224822,0.021268099649626393
2358,2163,980.1064205538257,-1061.4480674745566,8.694000244140625,10.001683725612732,1.3076834814721074
2313,381,-802.8265412687906,-1031.1358490207629,14.182000160217285,14.208673377523265,0.026673217305980046
622,1708,510.63872245405145,671.3459952776572,53.415000915527344,53.3178251424314,-0.09717577309594105
2168,1036,-148.81676234216178,-880.6862601058256,0.5040000081062317,0.9697664550396855,0.4657664469334538
982,2338,1143.8084400710932,316.4309143850402,9.760000228881836,9.67725902480416,-0.08274120407767604
2387,851,-332.068194945141,-1101.2815176594086,8.886000633239746,8.837804641061531,-0.04819599217821491
2521,1360,178.1976800315764,-1231.1244112344498,17.29599952697754,17.329276758910996,0.03327723193345733
2515,1576,394.2163095405494,-1223.3405015694102,8.285000801086426,9.304704185260688,1.019703384174262
2278,614,-570.0420455333029,-994.2025318260262,12.428999900817871,12.291715039016402,-0.1372848618014686
769,1357,160.74103177119883,521.4031917773182,77.22300720214844,77.14561116075927,-0.07739604138916434
153,981,-220.46079150228508,1134.4944447327152,54.8129997253418,54.86343298963076,0.05043326428896222
1159,1492,299.0017581274588,132.39418666788998,37.564998626708984,41.570325144740046,4.005326518031062
2222,1486,301.7705999363406,-930.9905971361407,8.164999961853027,7.194930643503026,-0.9700693183500011
839,358,-837.9957917624204,443.1375732999476,69.28800201416016,69.2806079609317,-0.007394053228452435
359,1240,40.32079523712005,930.5669287525805,76.86100006103516,76.91112446380704,0.05012440277188546
1233,2079,886.7976942704037,63.21441828472451,19.520000457763672,19.306728521886914,-0.21327193587675808
1769,307,-881.3380955738704,-487.5754542038678,9.404000282287598,9.52768457678945,0.12368429450185303
1985,1937,750.95759284707,-690.1948108746647,16.753000259399414,15.973420568388564,-0.7795796910108503
1197,287,-906.0640244838005,84.43922821356426,74.69735717773438,74.77046474426773,0.07310756653335204
127,1717,515.5566817703242,1166.5764953332166,63.69499969482422,62.88306417928465,-0.8119355155395667
1165,569,-624.2394330039575,118.7761928786934,70.69800567626953,70.537526256616,-0.16047941965352663
1960,2303,1116.8670062559522,-662.1671692382456,10.866999626159668,10.452850987979012,-0.41414863818065584
2304,1546,362.4660552243799,-1012.5214419783986,15.09000015258789,14.424548599899014,-0.6654515526888769
2300,2128,944.61684142317,-1003.718495798779,0.9480001330375671,1.547503024924544,0.5995028918869769
1805,1906,718.4626714912904,-510.3937307105429,9.995000839233398,10.01031277216265,0.015311932929250816
542,1092,-106.21568455418621,746.2879472634917,61.617000579833984,61.35905155926313,-0.2579490205708552
1307,1691,499.28575545804375,-14.010480634754835,8.95300006866455,9.14287115957542,0.18987109091087007
1038,1298,103.94214868487583,251.83154114530416,65.53500366210938,66.53466032749274,0.9996566653833696
157,337,-864.6303531910295,1125.1785659690047,65.52899932861328,65.57211348717541,0.0431141585621333
751,2280,1083.883936066785,547.0253611477351,12.904999732971191,12.872575589026324,-0.03242414394486737
1428,1861,670.3378299341742,-133.64596562290038,9.42300033569336,9.434173905340462,0.011173569647102255
1148,833,-360.2966515930817,137.95992915584043,44.09600067138672,44.66792293121391,0.5719222598271898
575,2082,884.3689952568442,721.4471029097674,17.975000381469727,17.996592757713085,0.021592376243358302
1963,1413,226.61069389241408,-672.5112049621275,9.496967315673828,9.37358134323637,-0.12338597243745753
1932,1184,-2.7172659180577234,-643.3908346980263,8.320000648498535,8.322078182493216,0.0020775339946812466
1140,569,-624.4457198004039,143.78405418863161,70.4540023803711,70.58859872371383,0.13459634334273574
1640,1544,354.9870018233047,-348.3284747468845,9.207000732421875,9.142007791454347,-0.06499294096752806
1296,1620,428.1725836351265,-3.5928536568801244,14.57800006866455,14.45263348758962,-0.12536658107493004
415,915,-284.3194508015,871.8673032943126,60.749000549316406,60.34238466225843,-0.40661588705797413
680,829,-368.15971576661275,606.0742120052657,55.303001403808594,55.59542233694995,0.29242093314135786
1300,1428,236.14502040407262,-9.178371051591217,18.618999481201172,18.327971533611823,-0.2910279475893489
2350,824,-359.3819517000764,-1064.492628319027,8.737000465393066,8.62808856729797,-0.10891189809509605
218,1064,-136.8982411129221,1070.1589319448735,57.01599884033203,57.1117531061759,0.09575426584386548
244,1774,573.5402154719902,1050.0099557208746,63.25400161743164,62.93919061513014,-0.3148110023015036
1398,454,-737.3530281186667,-115.24596471071423,74.59800720214844,73.87150661853005,-0.7265005836183889
385,2060,860.7941289312324,911.3255919994037,31.207000732421875,31.117372071997064,-0.0896286604248111
2309,2255,1071.7312436329164,-1011.6735496538292,7.854000091552734,8.099637561782698,0.24563747022996374
1087,2126,932.6078321166491,209.64837790415567,10.022000312805176,10.151590671128002,0.12959035832282595
2151,1137,-47.92520266843909,-862.8476112143046,1.4479999542236328,8.270299689524444,6.8222997353008115
2076,664,-521.6929018642668,-791.7264773473399,9.294000625610352,9.12193893311338,-0.17206169249697112
1188,521,-672.0647429695038,95.37289151352203,71.66800689697266,72.05228873848125,0.3842818415085958
463,1782,583.349996612608,831.0068398241353,61.749000549316406,61.32121143974247,-0.42778910957393634
1053,2184,990.3456118606174,244.13771556081076,8.881004333496094,8.884053359893688,0.00304902639759419
1463,1604,413.5454932509185,-170.77756769652638,9.124000549316406,9.173965321627051,0.04996477231064489
1172,1109,-84.0117064969399,116.22977765432003,48.63800048828125,49.083069534036106,0.44506904575485606
1274,243,-949.4424902950692,7.051978989722671,70.306640625,70.73582198583675,0.4291813608367505
313,783,-417.2027318878791,972.8101023190703,56.52199935913086,56.3909540305953,-0.1310453285355564
1085,445,-748.9385387673279,197.77815755210844,71.36100006103516,71.2818879208762,-0.07911214015895496
1288,434,-758.2669549987575,-5.376414598253539,73.16500091552734,73.18715263523788,0.022151719710535644
715,477,-719.9816201140715,568.1585170575376,64.65601348876953,64.70935743337489,0.053343944605359184
454,352,-847.1746939502821,828.2090350761032,60.016998291015625,60.19881005806316,0.18181176704753454
1491,2128,937.9420082535675,-194.46280563701595,9.629000663757324,9.496417494782257,-0.13258316897506717
2479,749,-433.3412827879185,-1194.1519836730868,8.916000366210938,8.891157522585932,-0.024842843625005884
2508,166,-1016.2853033008375,-1227.9708874480934,14.925999641418457,15.142158742912166,0.21615910149370876
2253,329,-855.3379005156984,-971.5460101093531,-0.9400001168251038,0.18326826223859327,1.123268379063697
220,154,-1047.1679304804256,1060.6485730255386,66.37200164794922,66.64427250254366,0.27227085459443856
1850,709,-478.5433887775276,-565.2841044721142,5.460000038146973,5.46,-3.814697269177714e-8
154,283,-918.6720764547995,1127.733872230666,67.45100402832031,67.22833336868295,-0.22267065963735888
1468,285,-905.8285550438587,-186.66241089948863,50.75199890136719,50.679494511184046,-0.07250439018314125
1710,1227,38.464610062219535,-420.9660947878202,9.254000663757324,9.286315211678048,0.03231454792072341
750,821,-375.5845988351241,535.9861667642217,54.051998138427734,54.48451648852791,0.4325183501001746
1784,1852,664.2723497456617,-489.832643660489,10.220999717712402,10.231712186230798,0.010712468518395468
48,2097,895.0247447131994,1248.737417555316,25.77899932861328,25.748109525226962,-0.030889803386319414
2137,311,-874.3006020198342,-855.6580706460185,6.257999897003174,5.877766293528726,-0.3802336034744478
278,449,-751.5966103057046,1005.0648174184487,58.92100143432617,58.74673323885664,-0.17426819546952999
2465,582,-600.5093197718596,-1181.5253460612853,11.145999908447266,11.113158707124168,-0.03284120132309809
401,685,-514.5073641796358,883.9736911101904,57.47800064086914,56.98415716308103,-0.49384347778811133
2093,1592,406.73973397958594,-801.0753552226238,9.2160005569458,9.328763506288874,0.11276294934307352
1600,2052,862.817357825775,-304.12433439519725,6.544000148773193,6.9163427053084465,0.37234255653525317
2513,526,-656.1309253797958,-1230.0024429680961,11.689000129699707,11.801526034318846,0.11252590461913847
2289,741,-442.9113387057984,-1004.1582047562015,7.940999984741211,7.990898617819237,0.04989863307802622
594,671,-526.9191035738104,690.797452308999,62.520999908447266,62.72902687648714,0.2080269680398743
218,1578,377.26379373305934,1074.4006861234989,75.8070068359375,76.07259348604698,0.26558665010948346
2522,1375,193.2106598088886,-1232.0009754182595,16.93199920654297,16.18386149644776,-0.7481377100952074
1611,1506,316.73573532105337,-319.6328646842609,15.709099769592285,15.401902668410557,-0.30719710118172827
1774,1189,0.9806903371854006,-485.29979553313336,10.37600040435791,9.930487364340411,-0.4455130400174987
1909,330,-857.175762256021,-627.4296739420124,5.590000152587891,6.047279958028215,0.457279805440324
2510,207,-975.2559262212928,-1229.6332639655586,14.522000312805176,14.24434520708698,-0.2776551057181962
676,927,-270.1618743094408,610.8841640439375,55.86199951171875,55.82761885374584,-0.034380657972910456
1444,1947,756.4970116809889,-148.94141612414933,8.838000297546387,8.82989448123445,-0.008105816311935854
2418,944,-238.78316031393467,-1131.5240097083954,10.972999572753906,10.931798730299619,-0.04120084245428757
1579,678,-511.78913363717584,-294.45462919212457,49.65399932861328,50.12196167534365,0.4679623467303671
237,1079,-121.73672013108643,1051.2767343645626,58.60100173950195,58.64929541257788,0.048293673075924914
804,599,-597.2088424992222,480.1372643508864,58.45030212402344,59.851915868599775,1.4016137445763377
1619,1828,638.9033694380875,-324.97856434802594,9.378000259399414,9.433918070943559,0.05591781154414477
1316,1396,204.26695040614996,-25.447458538549178,16.173999786376953,16.259135840344754,0.08513605396780122
1210,789,-403.7989097249315,75.57735371849179,41.81800079345703,42.00005184654839,0.1820510530913566
2114,173,-1012.5337123358585,-833.7894075478688,8.9350004196167,8.904885284764763,-0.030115134851936176
825,1198,2.153017614736477,464.0734983105276,70.9330062866211,70.89416756382995,-0.03883872279114087
958,1400,205.31417610667262,332.69842894007434,73.31000518798828,74.92623309826689,1.6162279102786101
1430,2117,926.4352102292152,-133.53428937050165,10.279000282287598,10.162070801341342,-0.11692948094625599
2313,1662,478.5769119037593,-1020.5672468752972,13.57800006866455,13.126458566665374,-0.4515415019991771
2223,1461,276.77096483456387,-932.1971721112536,2.0959999561309814,3.4129488580534915,1.31694890192251
1962,1506,319.6317756611599,-670.7435791716407,7.197000026702881,7.272287460296122,0.07528743359324075
416,1183,-16.226788074712378,873.0785886901695,73.06900024414062,73.05017452603714,-0.018825718103485656
698,780,-417.02660151022883,587.6642016504159,56.696998596191406,56.43455807860782,-0.26244051758358466
761,2069,872.8997566728245,535.2810527026807,15.013999938964844,14.387887522954458,-0.6261124160103861
1003,1011,-183.4370857212551,284.4743549444829,54.54199981689453,54.81412579931391,0.27212598241938224
1404,190,-1001.38647131919,-123.42616945494404,62.64899826049805,60.95614121199346,-1.6928570485045853
1956,2248,1061.8166116955656,-658.6196915703731,12.416000366210938,12.131786131410125,-0.2842142348008121
582,639,-559.0281939399049,702.5371606235417,63.89400100708008,64.02328210667118,0.1292810995910969
1830,1687,499.5997941240466,-537.2085502584134,8.983000755310059,9.161759799583582,0.17875904427352296
2046,1496,310.32167184104935,-754.8525805190083,5.947999954223633,5.948,4.577636758540393e-8
335,1945,745.3451815397723,960.3923746842912,56.483001708984375,56.656065385825094,0.17306367684071944
2130,1821,636.1172869530544,-836.1976679992856,6.428999900817871,6.442946239908023,0.013946339090152193
939,82,-1113.2573069483913,340.82868233088493,80.26300048828125,80.04102578002536,-0.2219747082558854
1193,742,-450.953973697775,92.1948859708132,52.28499984741211,52.00611277234861,-0.2788870750635013
642,1756,558.8189147744922,651.735778977813,45.00199890136719,43.813317000430814,-1.1886819009363734
1600,904,-285.5447384268849,-313.59650704347433,15.42199993133545,15.731275814430719,0.3092758830952693
1879,352,-835.4163702912566,-597.2387322363172,8.327000617980957,8.347872423304514,0.020871805323556814
1993,278,-908.4990460660727,-711.8850976025044,5.460000038146973,5.998374822282624,0.5383747841356517
1526,149,-1041.3927073304703,-245.8027785095279,35.180999755859375,34.896677505705796,-0.28432225015357915
1477,2056,865.8037379263174,-181.05246408596196,7.547999858856201,7.574257803167684,0.02625794431148254
903,856,-339.3110555572833,383.22682691535647,55.28799819946289,55.170305971366965,-0.11769222809592605
1502,1706,515.8994785610073,-208.9482584965493,8.68600082397461,8.706169025612555,0.020168201637945415
1848,176,-1011.727433264466,-567.6811211367385,9.976000785827637,10.12233486371084,0.1463340778832034
100,1557,355.2833725741317,1192.2646079803108,67.552001953125,67.21257762935727,-0.33942432376773013
1371,1490,298.75041666120234,-79.68918265315645,12.038000106811523,12.161814573130943,0.12381446631941984
1117,958,-235.5130964873783,170.0011248357969,49.551998138427734,49.22314002434818,-0.32885811407955146
1593,1094,-95.54265991300394,-305.02660954882697,26.42099952697754,26.869607224225497,0.448607697247958
2156,134,-1051.1994405259109,-876.1243631006487,12.031000137329102,10.38018983631211,-1.6508103010169908
946,1364,169.20380458963356,344.4051517780366,77.51600646972656,77.3970915223804,-0.11891494734615549
723,424,-772.9322646442783,559.7186503025615,66.96600341796875,66.42245354337382,-0.5435498745949303
1355,812,-379.59522699676296,-69.2784963126793,36.224998474121094,37.759353180910146,1.5343547067890526
1741,1656,467.85568619135233,-448.4362381992683,8.521000862121582,8.518310458269593,-0.002690403851989487
898,1856,660.9629697852577,396.4801413503011,10.97599983215332,11.219529521825468,0.2435296896721475
479,1060,-138.7456491197475,809.0437216161897,61.86600112915039,61.32451559755835,-0.5414855315920377
782,698,-498.3592427568939,502.96111715098357,58.236000061035156,58.13733500882945,-0.09866505220570332
84,514,-688.1771563628869,1199.6622106120217,63.30400085449219,62.324378330881615,-0.9796225236105727
2312,239,-944.8794083430737,-1031.307070382412,9.792000770568848,10.955308601069385,1.1633078305005373
1246,128,-1064.709644956241,34.11186626799061,73.51500701904297,73.51062288935853,-0.004384129684439131
1194,1746,553.3707104194274,99.47901275927853,9.520000457763672,9.373922081984489,-0.14607837577918303
1392,451,-740.4034784804026,-109.26883237013152,74.62800598144531,74.23608961864585,-0.3919163627994635
759,928,-268.4766497606945,527.8662860841691,55.762001037597656,55.895463082914304,0.13346204531664796
113,502,-699.9416048762175,1170.554063210588,62.055999755859375,61.79278555283261,-0.263214203026763
1956,257,-929.8109162625389,-675.0467371945836,8.677000045776367,8.820341674652383,0.14334162887601565
1553,1734,544.3291230084651,-259.73332557035644,8.61400032043457,8.601823026665006,-0.012177293769564557
890,1426,230.7612583757977,400.93441550213606,72.5250015258789,72.43860118421892,-0.08640034165998145
2420,846,-336.7975127498779,-1134.3331549992818,9.112000465393066,9.021172313768677,-0.09082815162438962
1878,599,-588.3469702556288,-594.2004921349051,5.460000038146973,5.46,-3.814697269177714e-8
744,1130,-66.53680878675402,544.5378921870563,65.19100189208984,65.09559779876167,-0.09540409332817035
2100,172,-1013.6495331516741,-819.7932614953859,9.100000381469727,9.051944808106077,-0.04805557336364963
1366,680,-511.5459978893146,-81.37112343674481,50.77799987792969,51.21821020722979,0.4402103293001005
1205,167,-1026.0357053958628,75.44654502394563,75.5780029296875,75.67804059864623,0.10003766895873412
1095,1847,653.5857018713724,199.3436694254389,10.70199966430664,10.381706561606375,-0.32029310270026556
1415,127,-1064.3154919985645,-134.94944927023198,55.8390007019043,55.269943708485634,-0.5690569934186627
1505,1681,490.916341055843,-212.15548343824014,8.690000534057617,8.644029952932227,-0.0459705811253901
2368,746,-437.2579948174723,-1083.141809541903,7.894000053405762,7.905449233004999,0.011449179599237524
2252,1486,302.018110801555,-961.0000591935742,0.5040000081062317,3.373750845099593,2.8697508369933615
1989,2167,981.0632747062905,-692.2984274959992,16.035999298095703,15.654581276759005,-0.3814180213366978
558,954,-244.1271125619256,729.1441187216353,57.24800109863281,56.060822732135044,-1.1871783664977684
1860,125,-1062.6444396714903,-580.1056765179109,11.645999908447266,11.646119555028086,0.00011964658082064261
1732,198,-990.6776178301764,-451.46317330900763,10.13700008392334,10.005228487751335,-0.13177159617200473
1117,1967,773.8051369592931,178.32690474493768,11.12362003326416,11.368573443925149,0.24495341066098852
2148,1751,566.2436939713184,-854.7808842797242,9.027000427246094,8.875895166051611,-0.1511052611944823
304,1010,-190.20554237930634,983.6862193961085,59.6510009765625,59.49586347213517,-0.15513750442733
1201,876,-316.84578955436655,85.298059858018,55.185001373291016,54.739764690180166,-0.4452366831108492
477,837,-361.8323673630114,809.2041159579239,58.5620002746582,58.53793984036978,-0.024060434288422528
1731,649,-539.5441111848057,-446.7417190513576,40.040000915527344,39.760047418601744,-0.2799534969256001
626,1910,712.7355104445536,669.0116402945441,24.111000061035156,24.496761496619012,0.38576143558385567
1685,358,-831.015143948379,-403.12826652145543,33.86800003051758,32.50444201051436,-1.363558020003218
995,1690,495.7109766290546,298.07973847409875,28.399999618530273,28.092685930086045,-0.30731368844422846
416,1941,742.0123532964071,879.3337817684014,45.2140007019043,43.83173247168682,-1.382268230217477
129,320,-881.8667649025389,1153.0470697376848,67.21200561523438,67.5089463090469,0.2969406938125303
1584,1141,-48.602111932103455,-295.6359760411822,22.461000442504883,22.875517891552427,0.41451744904754406
2073,1157,-28.562439051042336,-784.6580272002252,9.248000144958496,9.318805899194269,0.07080575423577251
2337,1662,478.77491845865103,-1044.5748208112418,14.142999649047852,13.89806395925048,-0.24493568979737113
1928,722,-464.895742928244,-643.2013847564599,6.5289998054504395,8.279211298928525,1.7502114934780852
669,332,-865.4067813142298,612.9764397982225,67.90400695800781,67.75665062302718,-0.1473563349806284
694,759,-438.06621746898657,591.4921692950293,55.87699890136719,56.943980576402545,1.0669816750353576
2193,2041,856.7065583061562,-897.4024656672678,11.760000228881836,11.889538729060357,0.12953850017852098
1871,1932,745.0154353076016,-576.2000560997164,9.402000427246094,9.370882534924931,-0.0311178923211628
123,169,-1032.9637106883397,1157.8028185181217,69.49299621582031,69.34995156828505,-0.14304464753526247
2115,192,-993.5194946552164,-834.6329629524661,8.288000106811523,8.5274849413532,0.2394848345416758
2412,634,-548.9302223265067,-1128.0796713847103,8.3410005569458,8.409245174941944,0.06824461799614312
2287,796,-387.91053134940125,-1001.7038093746385,8.29800033569336,8.269217535590167,-0.02878280010319223
2290,2073,889.5169556857016,-994.1691037362327,1.1469999551773071,2.4704910578641623,1.3234911026868552
2223,2233,1049.014758257247,-925.8278669746842,12.001999855041504,11.716016655204864,-0.28598319983663956
1506,1316,125.80945759953875,-216.16745715440902,14.109999656677246,14.210326313753573,0.1003266570763266
1745,963,-225.32977569943736,-458.155352986397,9.25200080871582,9.560543063162276,0.308542254446456
248,1667,466.53945065449415,1045.1256859143439,68.63300323486328,68.2679514385596,-0.3650517963036748
318,851,-349.14006914911647,968.3696884383103,56.632999420166016,56.72835570400849,0.0953562838424773
626,491,-706.7116440686698,657.3020222639061,67.1760025024414,66.26005108645305,-0.9159514159883599
2008,214,-972.3953915317527,-727.4178462673933,6.739999771118164,6.817119146054968,0.07711937493680399
2071,1482,296.52351943442886,-779.97597342222,6.241000175476074,6.462294793115454,0.22129461763937996
1573,2220,1030.647680563399,-275.72962479018963,8.242000579833984,8.299831191017113,0.057830611183128156
262,696,-504.65097618109115,1023.1081906121887,53.90800094604492,53.515617934346054,-0.39238301169886824
75,1567,365.08021294481125,1217.3550199658027,65.97899627685547,65.86809866840709,-0.11089760844838281
701,2137,940.4261317626913,595.8611438361553,15.050000190734863,15.002988047853146,-0.04701214288171762
1390,506,-685.4026903648287,-106.81438638228293,72.406005859375,72.4139985977899,0.007992738414898781
169,1069,-132.3010370465622,1119.2156266465693,56.24100112915039,56.468543076467114,0.22754194731672328
2059,416,-769.9111434770377,-776.7672598903483,7.11299991607666,6.968668141456105,-0.14433177462055546
983,529,-665.7537934147535,300.5033569407233,64.43800354003906,64.72521009626277,0.2872065562237083
696,1331,134.13044505578952,594.2116552394195,73.84900665283203,73.54101709382661,-0.3079895590054207
1155,898,-295.2184305226052,131.4940718274715,51.194000244140625,51.04592664801314,-0.14807359612748172
530,1692,493.87448117941983,763.2429981905625,65.19300079345703,64.73067329535756,-0.4623274980994694
1732,869,-319.4666319174527,-445.9268419239583,10.475000381469727,9.934512631638603,-0.540487749831124
1966,289,-897.7183568110714,-684.7858588117566,8.472000122070312,8.491768226843904,0.019768104773591588
2027,130,-1056.265010888954,-747.116859766115,5.960000038146973,6.144167500555107,0.18416746240813442
252,823,-377.6935383048712,1034.1593927906856,56.43299865722656,56.42975164361057,-0.003247013615990113
1744,2032,843.999175025922,-448.3348534441049,5.9019999504089355,5.902,4.959106458812812e-8
2463,2250,1068.0001959021738,-1165.7634922424209,8.964000701904297,8.984932246644963,0.02093154474066594
2373,964,-219.1481213010288,-1086.3448376650495,10.678000450134277,10.925231035562147,0.2472305854278698
1275,2014,822.123713305779,20.664807628627123,16.167999267578125,16.113636874199937,-0.054362393378188045
314,2006,806.1911526141192,981.9023997904994,50.90299987792969,50.788831962548585,-0.1141679153811026
95,305,-897.152064095724,1186.9339625132416,67.927001953125,67.72855325582223,-0.1984486973027657
1991,975,-211.29631546454684,-704.1338027565278,9.723000526428223,9.534762782303796,-0.18823774412442695
63,1614,411.99601102593624,1229.7466773559377,67.04400634765625,67.07298066796476,0.028974320308506663
79,339,-863.2734226228779,1203.2195773516669,67.66900634765625,67.45904901720326,-0.20995733045299403
785,1338,141.86707139652168,505.2413622905209,77.28700256347656,77.35343498603235,0.06643242255579196
1804,608,-579.9546960345533,-520.102962957828,11.555000305175781,13.865929248593634,2.310928943417853
1523,1711,521.0743301597178,-229.91363120586132,8.792000770568848,8.767546691542353,-0.024454079026494213
1241,1062,-130.4571639153548,46.82022649869839,57.11800003051758,57.008317751870365,-0.10968227864721314
398,458,-741.6035039752186,885.1013709076605,57.9640007019043,57.41951336915699,-0.544487332747309
2129,721,-464.23769306617083,-844.2728727104736,9.625,9.642491109461861,0.017491109461861498
522,1260,61.672209431644234,767.6806045513106,69.48500061035156,69.89731599348488,0.4123153831333184
714,1608,411.36634578011285,578.4917654353361,56.57699966430664,57.26740465175982,0.6904049874531779
1926,1109,-77.79040103962815,-638.0077450556897,6.622000217437744,6.497577132937127,-0.12442308450061734
1736,373,-815.5896345022688,-454.02052960044944,26.19700050354004,24.644641467947498,-1.5523590355925414
1984,2292,1106.0615430780495,-686.265515988131,12.614999771118164,12.603278621008917,-0.011721150109247347
809,212,-984.2892134755872,471.9422322983064,74.19600677490234,74.29672968044058,0.10072290553823393
1878,2125,938.1341732619999,-581.6098723680226,9.417000770568848,9.330010515282604,-0.08699025528624382
1192,1457,264.26301687330033,99.09497780549307,40.59400177001953,39.795694428827126,-0.7983073411924053
2154,2067,882.3930074363647,-858.1756306681654,14.47599983215332,14.431998602220638,-0.044001229932682406
770,2246,1050.0299714742316,527.7387897739621,12.913000106811523,12.859625213033578,-0.05337489377794569
2425,929,-253.73013216407642,-1138.6499659225137,10.626999855041504,10.560192648667071,-0.06680720637443294
909,401,-794.4046554545437,373.4704017958178,68.06100463867188,67.48440187584437,-0.5766027628275054
890,2076,880.966454031291,406.298052316429,9.28700065612793,9.405556458838253,0.11855580271032373
833,1853,657.4256566670922,461.4759112733201,14.12399959564209,15.220125612085777,1.0961260164436872
207,1907,706.2768725197026,1088.1192104969527,56.74599838256836,56.81930014290931,0.07330176034095359
1165,1262,68.97874563350955,124.49445692610658,43.08399963378906,43.72477560652826,0.6407759727391991
2176,143,-1042.0316059412567,-896.0563895133334,10.39799976348877,10.254392468891233,-0.14360729459753685
2204,2065,880.8048967975848,-908.2079312000969,11.432999610900879,11.713465980088,0.28046636918712053
1637,1451,261.93291317357443,-346.0948698595489,16.38800048828125,16.53365261938762,0.14565213110637032
1534,1096,-94.02884200115672,-245.99152226668662,36.66400146484375,36.312717848798314,-0.35128361604543556
1406,2266,1075.2842843443207,-108.29727110262132,8.78700065612793,8.785418624372857,-0.0015820317550723217
608,694,-503.796339589477,676.982845631889,62.18600082397461,62.398990912747564,0.21299008877295478
1484,2212,1021.9108033969444,-186.76749659908245,8.761000633239746,8.785662660903471,0.024662027663724828
533,83,-1115.607263006621,746.9643907282018,66.55599975585938,66.55289943401162,-0.003100321847753662
1810,292,-896.0045250773034,-528.7120973003688,9.201000213623047,9.313895480614745,0.11289526699169805
1662,393,-796.1939160605692,-379.8322563435056,40.481998443603516,40.83883663391548,0.3568381903119615
1905,1723,536.2299634391454,-611.9351953299066,7.993000030517578,7.425903131640718,-0.5670968988768603
333,835,-365.0213202137238,953.232930283351,56.810001373291016,56.794117519705516,-0.015883853585499708
1344,1835,643.6365149569529,-49.83397300846097,13.362000465393066,13.362955094873906,0.0009546294808391309
1044,93,-1101.3874320387924,235.88648637320924,77.4520034790039,77.73759729007712,0.2855938110732126
947,1193,-1.8418441169060227,341.9937974721927,65.72600555419922,65.64323837125437,-0.08276718294484908
777,1295,98.78750098582623,512.8890540351832,75.85800170898438,75.88671220234335,0.02871049335897169
1429,1138,-52.88197956227479,-140.6118968193358,43.59299850463867,42.90700720866808,-0.6859912959705952
163,1603,401.8177955864392,1129.6243493742434,73.4530029296875,73.35127809484881,-0.10172483483869144
881,2121,925.9064096289625,415.67222540665273,8.754000663757324,8.746128006465916,-0.007872657291407847
351,1097,-102.79028072239984,937.3893701494021,65.54900360107422,65.30975088086733,-0.23925272020689192
790,1575,378.98307751458145,502.1954748668817,52.349998474121094,53.0754733586904,0.7254748845693086
755,940,-256.5058791151164,531.9665680297388,56.073001861572266,56.457568161098834,0.3845662995265684
2061,64,-1122.0052143064356,-781.6720691000687,9.22700023651123,8.967577186068764,-0.25942305044246616
2013,927,-259.12991644973226,-726.5367580882646,9.770000457763672,9.88762212684279,0.11762166907911897
310,2042,842.1695175138425,986.2007475109779,46.63800048828125,45.37281471861165,-1.2651857696695998
726,1914,717.5619715043106,569.013065458729,17.398000717163086,17.621834983845716,0.22383426668262985
560,2027,829.2278346838706,735.9979783232009,19.906999588012695,20.258844790692372,0.35184520267967656
1429,831,-359.9786561731601,-143.14501217291814,40.29399871826172,39.85157570326556,-0.44242301499615877
1351,141,-1050.8391746475972,-70.81383628424263,62.84299850463867,64.45905524971924,1.61605674508057
110,730,-471.8946548990219,1175.4365909620574,58.45500183105469,59.09956807874469,0.6445662476900011
2503,361,-821.2652934925776,-1221.360558013415,13.970000267028809,13.946861811438591,-0.023138455590217433
1819,1266,78.37624452803806,-529.6786641066919,9.37600040435791,9.61228790370519,0.236287499347279
140,166,-1035.8243599137534,1140.7727228072545,68.33700561523438,68.29597388744111,-0.04103172779326769
1639,381,-808.3874593996303,-356.9240396375857,42.43299865722656,41.86555932989748,-0.5674393273290832
1930,796,-390.85595551596384,-644.5914647866715,2.513000011444092,4.282490986261889,1.7694909748177974
327,282,-918.2447237341277,954.6712754911928,63.2599983215332,62.950674328942526,-0.3093239925906772
1005,1416,221.70704941092322,285.8156354067348,69.20899963378906,69.41817055651168,0.2091709227226204
1828,2094,906.7118373990809,-531.849844498724,9.148000717163086,9.054899296973378,-0.0931014201897078
2427,379,-803.8866454482838,-1145.1881741343354,15.295000076293945,14.812282443502188,-0.4827176327917577
1906,119,-1068.2667908151152,-626.1696240188137,10.46500015258789,10.486679856633604,0.021679704045713066
2073,1761,575.6280638539783,-779.6747032704016,8.871000289916992,8.867228151099075,-0.003772138817916826
62,1709,507.0177392986092,1231.5309892486234,62.49800109863281,62.02089701509771,-0.47710408353510303
1812,1870,682.5090571737129,-517.6929708331426,10.1850004196167,10.289823584773718,0.1048231651570184
1933,1123,-63.728235619189924,-644.8944407831796,6.385000228881836,6.4756317079678585,0.09063147908602254
1849,1769,581.7824440082843,-555.5379835365993,9.043000221252441,8.923050210150965,-0.1199500111014764
1507,915,-275.30862401878585,-220.476467985211,43.49700164794922,43.09076514827508,-0.40623649967413655
304,2217,1017.1753133851568,993.6468026855483,25.0939998626709,24.885384879831612,-0.20861498283928626
2245,872,-312.2331233625405,-959.0635666707208,11.352999687194824,10.797275106518017,-0.5557245806768076
413,696,-503.40487679557464,872.0606911439147,57.584999084472656,57.42306424259339,-0.16193484187926543
886,1774,578.8380571944149,407.80728690400076,14.96399974822998,15.557428396456435,0.593428648226455
2244,426,-758.3816689291864,-961.7429008115115,0.7180001139640808,1.730699869126404,1.0126997551623231
838,2288,1092.6043774406312,460.0638660439598,10.12399959564209,10.1039243387287,-0.020075256913390405
144,145,-1056.7979441703326,1136.598163521449,68.39000701904297,67.94654761328646,-0.44345940575651355
1690,751,-437.8503075418729,-404.8872297175932,42.430999755859375,41.9960394686427,-0.43496028721667557
988,592,-602.6927243965257,296.0216386036402,65.28299713134766,65.16079603878063,-0.12220109256702472
450,586,-613.1341438497755,834.1413091408617,56.06399917602539,56.307405351096705,0.24340617507131412
1128,820,-373.4657729958701,157.85895419359443,49.04199981689453,49.09123357989561,0.049233763001076625
2382,1374,191.05532499685188,-1091.965085775512,16.15999984741211,16.305834597450797,0.14583475003868784
256,1479,278.5461558354136,1035.5717107483022,76.81600189208984,76.54229386853937,-0.2737080235504692
438,168,-1031.3645290331744,842.6956529849128,65.19100189208984,65.17404331299738,-0.016958579092460013
356,333,-866.9893836798624,926.0830335287308,61.19300079345703,61.126820516016224,-0.06618027744080734
2089,732,-453.56425144619635,-804.1695327238185,9.920999526977539,10.00794791543191,0.08694838845437047
94,465,-737.1100349333491,1189.2546903534985,63.37200164794922,63.36664787041261,-0.005353777536605264
2190,1312,127.45171767238452,-900.4160763730881,0.5370000004768372,1.0947384427167481,0.557738442239911
2407,476,-707.0211587695476,-1124.3816240775311,10.277000427246094,10.289386642286681,0.012386215040587345
2122,2202,1017.1716632002042,-825.0517004755272,16.89699935913086,16.898948320640596,0.0019489615097363355
917,459,-736.3204113121324,365.9464873927204,66.39100646972656,66.7402171252103,0.34921065548373065
983,2227,1032.781591960054,314.5146643688188,8.702000617980957,8.743455400988104,0.041454783007147
1391,330,-861.449757565392,-109.26691589062662,66.4280014038086,66.35512831464756,-0.07287308916103541
131,367,-834.8354916703439,1151.4343111382475,64.97200012207031,64.96591061734821,-0.006089504722098127
1819,1327,139.3954738165056,-529.175365737007,9.510000228881836,9.454647906109026,-0.055352322772810325
469,164,-1035.1099672952369,811.6529097409459,65.07201385498047,65.08858952738784,0.016575672407370234
100,200,-1002.143783747179,1181.065870694113,68.46501159667969,68.94164212986556,0.4766305331858689
791,797,-399.2538254538396,494.7752192727695,55.810001373291016,55.878081263680386,0.06807989038937023
1887,2064,877.1891515326075,-591.1160121558586,8.951000213623047,8.658035111627367,-0.29296510199568004
538,1089,-109.24963801680218,750.2644508613681,61.21699905395508,61.518275402334424,0.30127634837934636
2365,198,-985.4550236622161,-1084.6619757514668,14.119999885559082,14.187281726169152,0.06728184061006992
1966,1213,26.572395308696937,-677.162279375178,8.905000686645508,8.913551511085267,0.008550824439758742
1131,1826,632.8761255190603,163.15902012818808,12.147000312805176,11.476197898542654,-0.6708024142625213
552,2203,1005.2174418619373,745.4528736722739,16.503000259399414,16.506898194884087,0.0038979354846730985
961,902,-292.81797635873454,325.588148568413,53.29399871826172,53.194376369320224,-0.09962234894149447
1158,1753,560.0758676952902,135.54813713410465,9.057000160217285,9.122990679605262,0.06599051938797729
502,431,-767.7537625294548,780.8458733599573,59.97700119018555,59.826805559876746,-0.1501956303088008
2081,432,-753.724602791121,-798.6421663937357,8.041000366210938,8.113683751120373,0.07268338490943549
399,2084,884.9172447637438,897.5192223122724,28.211999893188477,28.84351214395679,0.6315122507683135
915,1501,305.9912065323748,376.54541134066665,60.9640007019043,61.30206567396188,0.33806497205758035
541,1487,288.9005728699944,750.5478449528732,74.34800720214844,74.16749129552719,-0.1805159066212525
386,2002,802.7840554828474,909.8466450373736,36.52199935913086,37.6402160788243,1.118216719693443
1814,456,-731.9199822274248,-531.3602265588239,9.047000885009766,9.578994190129874,0.5319933051201087
2499,2054,872.235244366193,-1203.3918993784423,8.833000183105469,8.527328432355814,-0.3056717507496547
1853,91,-1096.7128701819981,-573.384003398888,11.371999740600586,11.535501569758326,0.16350182915773992
626,996,-201.5527475263683,661.4692943994849,57.198001861572266,57.17029015475593,-0.027711706816333503
1781,437,-751.1982313330137,-498.5066188772996,18.424999237060547,15.857780156694936,-2.5672190803656108
905,1602,406.9405532333956,387.3819905699535,43.391998291015625,42.7009193461796,-0.691078944836022
119,316,-885.9505469613132,1163.0172011356872,67.4540023803711,67.50462804409993,0.05062566372883737
1963,1844,657.7467060026459,-668.9551732855675,5.815000057220459,5.815,-5.7220458593576495e-8
850,795,-400.76759768191226,435.7401492986874,57.56100082397461,57.58194203510039,0.020941211125780512
578,559,-639.0863617013649,705.8782526679538,64.24099731445312,64.37609182709119,0.13509451263806227
842,785,-410.836758986925,443.6601487763453,57.435001373291016,57.23275465197073,-0.20224672132028587
43,581,-621.494445678663,1241.2280262045522,65.98900604248047,66.29219548085544,0.3031894383749716
1687,1931,742.4969650332083,-392.150188811956,10.463000297546387,10.446409753569078,-0.016590543977308414
840,2279,1083.6180351410046,457.9889674315476,10.098999977111816,9.970818067920042,-0.12818190919177397
433,2191,992.231640261387,864.3914649672602,20.378000259399414,20.498253094252817,0.1202528348534031
2498,2086,904.2371069121206,-1202.1275794106627,7.5879998207092285,7.838031578347265,0.25003175763803664
408,1062,-137.33092594336784,880.0825874004677,64.56099700927734,64.50561993849863,-0.05537707077871801
980,1673,478.5818363330852,312.9441944218586,30.086999893188477,29.962269732431004,-0.12473016075747267
220,258,-943.1352672518868,1061.506828441972,66.1820068359375,65.73499798736546,-0.4470088485720396
1892,2245,1058.2876188037274,-594.6242083728337,9.723000526428223,9.631467197543401,-0.09153332888482169
2151,1058,-126.95009022310265,-863.4993963771908,0.5497199892997742,0.8152709332008181,0.26555094390104395
891,2082,886.9766018679219,405.3472468045434,8.90000057220459,9.152628569309675,0.2526279971050851
1694,494,-694.8981380652727,-411.008971674427,43.222999572753906,42.36500431960153,-0.8579952531523745
1265,1123,-69.23991484389886,23.316000326505517,51.893001556396484,51.612101194709844,-0.28090036168664057
2104,1994,808.9574171358747,-808.7621190265202,15.352999687194824,15.373471646327356,0.02047195913253219
724,42,-1155.0440002708403,555.5661011613097,68.6780014038086,68.49597242904692,-0.18202897476167834
2246,2028,844.1397209760174,-950.5264668342486,2.319999933242798,3.1373280031490896,0.8173280699062917
1532,2340,1150.3473325157609,-233.72653016321595,8.91200065612793,8.5526282398315,-0.3593724162964289
1621,1593,403.84569301393145,-328.918181834531,8.91100025177002,8.995086046184726,0.08408579441470643
1855,458,-729.5810720638403,-572.3566129165492,8.460000038146973,8.608639534462082,0.1486394963151092
694,1707,510.2325503334283,599.3150187452122,40.86000061035156,41.16230309300751,0.3023024826559464
818,204,-992.2174597364233,462.87339106316654,74.41600036621094,74.08050791307443,-0.33549245313651
2279,1675,491.3005046240427,-986.4492628027394,5.849999904632568,6.2507757695963,0.4007758649637321
828,1505,309.2745641914351,463.6058594907467,63.30500030517578,62.63973856508546,-0.6652617400903225
334,974,-225.96930886160007,953.3796889321517,59.40599822998047,59.684299995601584,0.27830176562111575
74,2307,1105.30569918028,1224.4622415012066,18.719999313354492,18.438052157384128,-0.28194715597036435
1886,2287,1100.2513951211183,-588.2757799175752,9.692000389099121,9.684070045484624,-0.007930343614496849
1089,227,-966.9740321973236,191.97806473721386,75.20500183105469,75.22040600328785,0.015404172233161262
739,249,-947.8552218363463,542.2695378068498,71.33900451660156,71.13383304851763,-0.2051714680839325
1837,1986,798.7519682033954,-541.7437742196412,10.314000129699707,9.790821129046806,-0.5231790006529007
637,536,-661.6067238138004,646.6699049261271,66.78700256347656,66.67207377132021,-0.11492879215634844
341,2299,1099.5065772118835,957.3117947414316,16.680999755859375,17.667507445969846,0.9865076901104715
372,1330,130.4564437321694,918.305537440312,79.39100646972656,78.96410909665747,-0.4268973730690959
553,580,-618.2860599244284,731.0594075437659,62.900001525878906,62.703702458609825,-0.19629906726908075
477,2197,998.5966341251587,820.4270694351026,17.718000411987305,17.664460836479048,-0.05353957550825683
174,689,-512.3793927640717,1111.0781045829574,52.053001403808594,52.567316280499035,0.5143148766904417
2162,656,-528.9858775501544,-877.819532267783,8.440999984741211,6.633856429198258,-1.807143555542953
606,2155,957.6478809319143,691.0397055945832,16.076000213623047,16.071089329527958,-0.0049108840950893295
2402,1846,663.3692728296269,-1108.077294861018,8.937000274658203,8.910270937129608,-0.026729337528594854
1233,883,-309.5795409124909,53.34574685586044,59.78200149536133,62.81462789300069,3.032626397639362
2262,416,-768.236306112092,-979.8310613211925,8.723999977111816,9.409929435451826,0.6859294583400093
454,2113,914.3802825522395,842.7411561208187,23.64699935913086,23.60014405146608,-0.04685530766477797
612,891,-306.70133585511854,674.6072388903451,56.435001373291016,56.06604464583221,-0.3689567274588086
570,2214,1016.3694571448546,727.5379563292439,15.755999565124512,15.750861994894139,-0.005137570230372646
1103,1965,771.6889837375804,192.31482415682743,9.905000686645508,10.299629333629447,0.3946286469839393
1306,2061,869.3943558513928,-9.957174112486673,14.321999549865723,14.49517068226017,0.17317113239444737
1468,1892,701.6776674832804,-173.40281107905173,10.067999839782715,9.383632305903191,-0.6843675338795236
764,2280,1083.9912107190187,534.021250540704,12.689000129699707,12.695907192423416,0.00690706272370889
1657,1797,608.2071183865047,-363.24634306847264,10.086999893188477,10.308420579033935,0.22142068584545882
2332,1652,468.73051108075015,-1039.6557456875655,13.137999534606934,13.970813801657627,0.8328142670506935
1969,2267,1080.9298779716842,-671.4670392694456,12.293999671936035,12.326207539856917,0.03220786792088148
824,1986,790.3933989217185,471.57624471779366,15.348999977111816,15.009156746984885,-0.33984323012693096
1107,365,-828.7821485318195,175.1111208298519,73.44673156738281,73.12926037208838,-0.3174711952944307
771,255,-941.5892769708322,510.3089975669774,73.02900695800781,72.4196500081707,-0.6093569498371068
1283,2327,1135.2886656738235,15.244953567217191,6.146999835968018,6.289854794756069,0.14285495878805143
450,887,-312.0394378708007,836.6252236310577,59.18199920654297,59.215238716000975,0.033239509458006467
2403,1019,-163.88329440371172,-1115.9005235827408,13.678999900817871,13.758482267739202,0.07948236692133115
500,227,-971.8343645898085,781.1630614740309,61.935001373291016,61.946714895215656,0.011713521924640702
2480,1521,338.9102038573442,-1188.783216172243,13.190999984741211,11.931662271756625,-1.2593377129845855
2512,2237,1055.4003408697072,-1214.8862362649154,8.579000473022461,8.686811696911796,0.1078112238893354
1607,1889,699.8236212000229,-312.471463012324,10.366000175476074,10.424628790943178,0.05862861546710363
1585,1504,314.5205778683456,-293.6411656828292,17.132720947265625,17.015804849583464,-0.11691609768216082
1196,1994,801.4655338155543,99.5247381372871,17.135000228881836,17.164365337524433,0.02936510864259745
2008,2303,1117.2630365565146,-710.1823484376519,13.609000205993652,14.098255381824456,0.48925517583080413
1555,871,-318.9264237366507,-268.8546257218757,19.155000686645508,21.750605255183146,2.595604568537638
2168,1288,103.26264263452056,-878.6071518556635,14.571000099182129,13.89426093831343,-0.6767391608686992
343,692,-507.98379420658904,942.0497015795514,56.91518020629883,56.502756697822065,-0.41242350847676335
1351,1550,358.60431880705437,-59.18779785904426,12.286999702453613,12.408711173274808,0.12171147082119482
1859,1825,637.8826331721131,-565.0790977099424,9.26400089263916,9.296652239898886,0.03265134725972629
386,168,-1031.793645077318,894.7119817073107,64.6259994506836,64.59668069652218,-0.029318754161408833
1878,931,-256.2424957754798,-591.4612533639478,7.926000118255615,7.450228727236992,-0.47577139101862365
404,1562,362.7936828399856,888.2099716214573,66.98900604248047,67.83119181651234,0.8421857740318757
1862,1326,138.74994164768168,-572.197171900287,9.593000411987305,9.419090452336755,-0.17390995965054934
995,1022,-172.49963449506407,292.56764226700386,56.332000732421875,56.126047053419335,-0.20595367900254047
1968,492,-694.6380555681433,-685.1116122242686,5.460000038146973,5.471029580053528,0.011029541906554918
995,1367,172.60908219118255,295.41445827187147,72.81200408935547,73.12229565121606,0.3102915618605948
1553,1956,766.3992277455252,-257.90158678103535,8.831000328063965,8.835925400165548,0.004925072101583439
680,1743,546.1283865438586,613.6165080719785,41.10300064086914,40.80336503514446,-0.2996356057246814
2217,352,-832.6276858129104,-935.3449408027269,3.947999954223633,4.818483099494405,0.8704831452707724
672,1043,-154.15835371346577,615.8426523954107,58.1609992980957,58.21209584657864,0.05109654848293843
1700,1701,512.5316023942295,-407.0520079050642,9.968000411987305,10.005093685150097,0.03709327316279243
1215,701,-491.7853422722705,69.84965622931432,55.474998474121094,56.58372094245805,1.108722468336957
1877,1203,15.834932907233885,-588.2167406117118,8.337000846862793,8.350245912871236,0.013245066008442663
808,829,-367.10347309608477,478.0339283340288,54.9379997253418,55.210799743609996,0.27280001826819955
136,1617,415.5993951505556,1156.7484030299552,72.08399963378906,71.91911941611187,-0.16488021767719374
2112,2284,1099.1150855685544,-814.3719965454029,17.6560001373291,17.368083100244213,-0.28791703708488825
2059,877,-308.76613190313736,-772.9637668906591,10.48900032043457,10.361911097821036,-0.1270892226135345
100,2083,881.4494556587986,1196.6054501860333,28.29800033569336,29.949188507804234,1.6511881721108743
1726,677,-511.57655752590335,-441.5091218415163,41.20896911621094,41.05522224628964,-0.15374686992129938
2292,1999,815.5100734602132,-996.7802602768595,10.486000061035156,10.627484071542908,0.14148401050775128
510,1258,59.57255344202357,779.667882147001,69.6550064086914,69.57229536352537,-0.082711045166036
1652,1461,272.0598317273291,-361.017090728752,12.151000022888184,14.410557501537701,2.2595574786495174
1290,1344,152.03602013615537,0.13166998321875437,32.7130012512207,31.341630543220454,-1.3713707080002493
681,675,-522.1999209217724,603.8030944270172,57.81700134277344,58.74353985018499,0.92653850741155
1582,1296,106.43023450298361,-292.35643543934896,16.540000915527344,15.93232234942051,-0.6076785661068342
1173,283,-910.2633155927151,108.41376216775512,74.79913330078125,74.75636715002022,-0.0427661507610253
1810,1863,675.490344884179,-515.7500949453752,10.154000282287598,10.235050730864474,0.08105044857687638
1472,220,-970.815969086292,-191.19999128394545,44.417999267578125,47.386634777497605,2.96863550991948
2209,1699,514.7305548898728,-916.2291614399903,6.830565929412842,6.603332220691737,-0.22723370872110493
2384,1284,101.04345083062461,-1094.7082354921913,22.382999420166016,22.533336099671615,0.1503366795055996
754,2211,1014.8868756445582,543.4550324352914,13.53499984741211,13.345602992426912,-0.18939685498519765
1141,494,-699.4610504043262,142.16487830896605,72.22200012207031,72.51934344425788,0.2973433221875723
1021,595,-599.4194773018856,263.0360157947692,66.49200439453125,66.02655568478642,-0.4654487097448339
2370,1118,-65.12436567015288,-1082.0733597243639,23.84600067138672,22.518875425129973,-1.3271252462567453
1767,2095,907.2088533166052,-470.8223161833986,9.065000534057617,9.04724510039417,-0.017755433663447562
565,2324,1126.36297834597,733.4472652863428,14.710000038146973,14.987546318392475,0.27754628024550243
361,1287,87.35211356215733,928.9541562954219,77.5060043334961,77.45027904109236,-0.05572529240373569
283,1040,-160.36939383702855,1004.9404034367658,59.69599914550781,59.54982036091049,-0.1461787845973248
2488,799,-383.2512969836435,-1202.7423112072636,9.950000762939453,9.985348077241891,0.03534731430243809
1592,2074,884.7583016877904,-295.94028366938176,8.116999626159668,8.030141425928742,-0.08685820023092639
1944,2272,1085.725192544131,-646.4178808901125,12.303000450134277,11.740984871374843,-0.5620155787594339
369,1007,-192.67008647556014,918.6409945132343,61.36600112915039,61.4296384543289,0.06363732517851162
279,569,-631.5506305160322,1005.054789823155,56.6150016784668,56.61272569545289,-0.0022759830139094106
1024,500,-694.4245946318104,259.25116956767914,66.12700653076172,66.4280839229252,0.30107739216347795
1928,952,-234.82334848761496,-641.3037308971865,9.079000473022461,9.023302353156348,-0.05569811986611306
1974,1648,461.7755874226303,-681.5757732598063,5.947999954223633,6.276284777393668,0.32828482317003527
2464,289,-893.609671134407,-1182.942309617899,13.03499984741211,13.087362050282112,0.05236220287000215
81,1072,-130.02631532781336,1207.2680996534941,53.71699905395508,54.445113571782755,0.7281145178276773
1068,1364,170.21050344052688,222.36668827078563,64.42400360107422,64.31660751964257,-0.10739608143164503
500,1261,62.490977524484926,789.6957901386204,70.63300323486328,70.58883694692635,-0.04416628793693178
2403,2243,1060.5029725041156,-1105.8022733699688,10.925999641418457,10.676311461280214,-0.2496881801382429
391,824,-375.5461494844931,895.1239020553496,56.85900115966797,56.9124143253548,0.05341316568683396
348,707,-492.9378137100914,937.1719134862776,56.70399856567383,56.6793459976846,-0.024652567989228658
1271,1972,780.0774387216406,24.319514126864313,17.30500030517578,17.226021361347584,-0.07897894382819715
1675,424,-765.0769105071578,-392.58056323537176,42.87099838256836,43.25763087537967,0.38663249281130874
683,2247,1050.3123699172002,614.7745481326632,15.128999710083008,14.165722588030688,-0.96327712205232
1980,1802,615.8737045614959,-686.3070683105964,7.570000171661377,7.82803848609462,0.258038314433243
1708,1970,781.682554282555,-412.8350359598202,9.868000030517578,9.892610272104198,0.024610241586620063
1763,551,-637.3109053608777,-479.56036618850374,31.44300079345703,31.755868539537964,0.3128677460809328
1302,1433,241.16309988967575,-11.13774511099296,18.281999588012695,17.481975605775155,-0.8000239822375406
1044,2158,964.2631287620474,252.92601910813693,8.781791687011719,8.75018405688509,-0.03160763012662926
1471,1943,752.71852975252,-175.9829493800858,8.677000045776367,8.65784367704245,-0.019156368733916906
1897,2165,978.3035806431234,-600.2858480632375,9.745000839233398,9.91381438311672,0.1688135438833207
1085,630,-563.8803685511415,199.3046932638943,67.98500061035156,68.49005693843269,0.5050563280811247
604,1100,-97.70153578874591,684.3344345735287,60.77899932861328,60.7543208201669,-0.02467850844637809
1848,1200,12.59471586999453,-559.2323545745114,9.553000450134277,9.566533010205978,0.013532560071700672
2410,86,-1097.1189354664677,-1130.6001242637221,13.583999633789062,13.633746658139541,0.04974702435047895
893,1211,15.718235413254302,396.15934413570324,69.81400299072266,70.14567044699257,0.331667456269912
2160,2022,837.4282905178758,-864.5487975744948,15.361000061035156,13.428570339426741,-1.9324297216084148
204,407,-794.2204896424828,1078.7414722177714,61.441001892089844,61.48421999335315,0.04321810126330661
2123,993,-192.20157536049203,-836.0268580944555,11.093999862670898,11.026138995471406,-0.06786086719949225
1464,1339,148.47016091066075,-173.9644408192753,12.989999771118164,13.965546993446937,0.9755472223287729
1039,1711,517.080676415074,254.23913524372034,8.737000465393066,10.476691255228005,1.7396907898349383
2371,743,-440.23418816070216,-1086.167504063827,7.835000038146973,7.8976292912001815,0.06262925305320888
496,902,-296.6551157101099,790.7345266171819,58.244998931884766,58.1086825731429,-0.13631635874186543
1675,1872,683.3793189077617,-380.63320472014914,10.619999885559082,10.35330783289744,-0.2666920526616412
1070,221,-973.1326961131117,210.93452313109736,74.87300109863281,75.59822101645734,0.725219917824532
2447,1515,332.63605680679433,-1155.8223077749437,13.447999954223633,14.045337689184489,0.5973377349608562
1378,1111,-80.31129813264214,-89.81861304700536,49.8129997253418,50.245205193362445,0.43220546802064774
538,2225,1027.1088673958357,759.6388455874662,16.177000045776367,16.306553395722418,0.1295533499460504
1177,617,-576.1253198798432,107.1684889719798,69.375,69.36390989054,-0.011090109459999553
1170,2056,863.2705856740886,126.04454292896975,14.230999946594238,14.1361791557116,-0.09482079088263795
1882,2160,973.1782392053898,-585.3223603826639,9.535000801086426,9.382645512800318,-0.1523552882861079
239,609,-591.8681470623429,1045.3974642445041,56.270999908447266,55.91964835120272,-0.3513515572445485
1059,162,-1032.2419929448301,221.4511354381877,75.63700103759766,75.7089960154945,0.07199497789684983
2277,1283,99.16035739017556,-987.6827601396676,18.124000549316406,18.047775171625435,-0.07622537769097093
169,687,-514.4212843567277,1116.0631723427,52.58599853515625,52.605580501932735,0.01958196677648516
806,1514,318.0958629657317,485.68706514951475,62.89799880981445,62.581301944256225,-0.31669686555822807
1527,2338,1148.305444463598,-228.74145102547254,8.78700065612793,8.546126159294406,-0.24087449683352347
1438,800,-390.9141521741785,-152.40363126131004,30.825000762939453,30.330809335296014,-0.4941914276434396
626,1037,-160.53983527407254,661.8076273146138,58.07899856567383,58.18026536342464,0.10126679775081016
1291,1680,488.1502622766719,1.903804434639965,9.583000183105469,9.59757665728314,0.014576474177671273
1553,119,-1071.1793486413999,-273.05878830289123,28.486000061035156,28.804714840843452,0.3187147798082961
2185,1444,259.45208803163746,-894.3254449544879,11.20199966430664,12.53944766555359,1.3374480012469494
1051,677,-517.1461374286654,233.70321105622813,64.79299926757812,66.05735487886324,1.2643556112851115
1083,873,-320.82040924491196,203.31044835860672,52.8129997253418,52.76350767792222,-0.04949204741957658
1009,741,-453.4725692648553,276.244526692014,63.48899841308594,63.5801612989508,0.09116288586486121
2390,832,-351.04942493695205,-1104.439215473563,8.582000732421875,8.572139562251804,-0.009861170170070821
613,1998,800.6560320097453,682.7419245977021,19.437999725341797,19.603210868983886,0.16521114364208955
456,96,-1103.2385969273187,824.0958417733541,66.38200378417969,66.81667614757448,0.434672363394796
2342,821,-362.4488978872719,-1056.5148612968983,8.541000366210938,8.433580183294811,-0.1074201829161261
223,1133,-67.83524295003447,1065.7267754805084,60.709999084472656,60.593384349381566,-0.11661473509109044
1498,105,-1085.6375539098215,-218.15703476280953,43.005001068115234,42.57054000417057,-0.4344610639446671
1425,1768,577.2837110740835,-131.41238034672992,9.064000129699707,9.043621294118159,-0.02037883558154796
2395,1904,721.3298393123102,-1100.5965716389458,8.878000259399414,8.925440550096466,0.047440290697052134
856,1614,418.5400033617477,436.49647226533773,44.83599853515625,45.021445293791444,0.18544675863519444
2180,1195,10.332335875503233,-891.3782232837034,0.5040000081062317,1.541961674321537,1.0379616662153053
2522,1019,-162.9015295476384,-1234.9379987407717,19.160999298095703,19.500491200424356,0.33949190232865334
2271,1705,521.2439711890252,-978.1992278075911,3.7850000858306885,4.582156623939673,0.7971565381089842
2406,1243,60.21203171351317,-1117.053427415098,24.788000106811523,24.952124905993458,0.16412479918193412
432,1555,356.0225371302235,860.1433731254372,68.83700561523438,68.46204791027829,-0.3749577049560884
880,1878,682.8213858240772,414.6673639984971,11.677000045776367,11.747694178511416,0.07069413273504921
1183,527,-666.1041136343467,100.42397217847082,71.5260009765625,71.74193126064888,0.21593028408638304
2380,1975,792.2285143061351,-1085.0060672683637,9.437000274658203,9.437009836890104,0.000009562231900517304
1089,1026,-167.72272521521336,198.57104572992782,50.47800064086914,50.55461593239793,0.07661529152878899
2042,341,-845.0749732437214,-760.380707182858,5.460000038146973,5.46,-3.814697269177714e-8
103,702,-499.96123192621815,1182.2077211593917,61.5099983215332,61.44637648719268,-0.06362183434052326
2349,759,-424.41065841452706,-1064.0285785082503,7.749000072479248,7.774662079387668,0.025662006908420132
2368,2035,852.14846886823,-1072.5072612698586,8.950000762939453,8.960151590185944,0.01015082724649119
2092,1505,319.70403548714245,-800.7928349059923,8.714000701904297,8.670478826790884,-0.04352187511341299
348,956,-243.85944425762898,939.2267393588803,59.33399963378906,59.300359857499885,-0.0336397762891778
1393,1509,317.93793734633135,-101.5393481958011,11.692999839782715,11.572110880531136,-0.1208889592515785
1708,2166,977.7444923044806,-411.217855116235,8.29900074005127,8.665879383838746,0.3668786437874765
1021,376,-818.4883259836357,261.2289129294949,72.36457824707031,71.66044085674564,-0.704137390324675
1898,194,-993.3092438857722,-617.5483109400443,9.312000274658203,9.251379765519673,-0.060620509138530565
2042,692,-493.96461155850733,-757.484767240521,9.38700008392334,9.418234440551599,0.031234356628258908
2386,2261,1078.3684105483956,-1088.6483941106649,10.241000175476074,10.868696603478007,0.6276964280019328
1730,117,-1071.7195562018246,-450.1308648838908,9.124000549316406,9.10907555086921,-0.014924998447195748
1425,42,-1149.2596658519403,-145.65393963738623,52.917999267578125,54.33767238330009,1.419673115721963
1695,2309,1120.6824436483148,-397.03386156742175,8.75200080871582,8.559543039149514,-0.19245776956630678
1996,661,-525.3538904974467,-711.7260648197678,8.130999565124512,7.816632508066384,-0.31436705705812784
1135,1176,-17.295901511688065,153.79428339840135,44.516998291015625,44.55264267850827,0.035644387492645535
2356,1095,-88.24711487472743,-1068.2587047940963,18.163000106811523,17.91192428840509,-0.25107581840643434
1871,1897,710.0043802188524,-576.4888325033802,9.40000057220459,9.461737732979795,0.061737160775205524
1364,1915,723.826805713058,-69.18018677989463,14.717000007629395,14.689748832539438,-0.027251175089956448
420,387,-812.444270349195,862.5085466752898,58.73699951171875,58.76805988488205,0.03106037316329946
2108,2338,1153.0991612293308,-809.9252032947941,16.243000030517578,16.155655854626946,-0.0873441758906317
2345,1086,-97.34070277090257,-1057.32949201624,16.670000076293945,16.305644610585155,-0.3643554657087904
1622,1534,344.8353292421211,-330.4053063788609,9.807001113891602,9.9804654511095,0.173464337217899
607,1473,275.44079426799675,684.411500587549,72.677001953125,72.84269973743825,0.16569778431325233
1687,2167,978.5715389760561,-390.202966142429,8.753825187683105,8.680009819462528,-0.07381536822057733
1595,292,-897.7784689314755,-313.6445518355881,34.91699981689453,36.6495936691711,1.7325938522765654
387,1380,180.59599188221077,903.7134223666726,79.85700225830078,79.84908985606212,-0.00791240223865941
1032,1420,225.93110451567784,258.8401279575633,65.43099975585938,65.16457705679707,-0.26642269906230354
1596,707,-482.63974273533705,-311.2206975381689,47.571998596191406,48.23902143431681,0.6670228381254049
2304,1043,-140.69250874042424,-1016.6713397531041,15.291000366210938,15.221709215210353,-0.06929115100058425
1115,1178,-15.460301429771249,173.81708809020898,45.60100173950195,44.346778183023204,-1.254223556478749
1013,643,-551.4703932623627,271.43460937986447,63.92300033569336,64.28328962786226,0.3602892921689005
1469,1234,43.47831853972421,-179.83238815092818,15.192999839782715,14.895142458713988,-0.2978573810687273
2531,2312,1130.5808089273237,-1233.2734858221957,9.156000137329102,9.152701220698606,-0.0032989166304950857
2374,1195,11.932897568650805,-1085.439353125591,28.17799949645996,27.871353791053775,-0.3066457054061864
528,370,-828.5583783909401,754.3343218392613,61.249000549316406,61.336025513013915,0.0870249636975089
760,264,-932.6772203229011,521.3867198076514,70.43000030517578,71.60691888190955,1.1769185767337689
867,1946,750.7355903950257,428.23258987502135,14.701000213623047,14.580603900250317,-0.12039631337272994
264,1236,35.53556172467844,1025.5638564671597,76.22200012207031,75.86983444894784,-0.35216567312247093
478,1244,45.304071947492574,811.5624366390973,72.47700500488281,73.287668820906,0.8106638160231938
1745,1427,238.81644398868934,-454.3269507249088,8.82800006866455,8.893493475597241,0.06549340693269023
1595,1425,235.57817127122695,-304.29615100579485,17.18899917602539,17.15340881325688,-0.035590362768509465
1053,1461,267.11731831738547,238.1718208250557,56.10089874267578,55.737848713866086,-0.3630500288096954
441,861,-338.1218920516462,845.4134989438264,58.75699996948242,58.83500033289448,0.07800036341205896
2519,1006,-175.93037406393898,-1232.044304789014,18.18899917602539,18.445967362555624,0.25696818653023357
1320,1434,242.3119389652238,-29.135170092146947,12.395999908447266,13.73093771846689,1.3349378100196247
2408,382,-801.0424557413462,-1126.1574529220532,14.14900016784668,14.1967775219948,0.047777354148120565
1448,2180,989.6036451772218,-151.02015346294746,8.744287490844727,8.754113646038885,0.009826155194158304
1913,1521,334.2322246141732,-621.6043628009603,9.042000770568848,9.023242155977856,-0.018758614590991485
306,503,-697.3485688207907,977.501644368205,56.87200164794922,57.12053533571613,0.24853368776690843
2379,772,-411.15906075504665,-1093.9307654116826,7.9679999351501465,8.169247753526003,0.20124781837585637
1752,941,-247.27894696843725,-465.3390758480202,9.194000244140625,9.2415383324881,0.04753808834747453
2475,1057,-125.2773146626547,-1187.6096935643532,17.152000427246094,17.16626294580817,0.014262518562077275
2522,1619,437.2876286094088,-1229.9879564860141,8.079000473022461,8.142675656640973,0.06367518361851232
592,2265,1067.5671274376746,705.9518559581569,14.463000297546387,14.696874309564599,0.23387401201821234
2502,2287,1105.333650410015,-1204.4705682494787,8.768000602722168,8.712011311225147,-0.05598929149702059
1318,1008,-183.83881808236993,-30.64959646442138,71.30000305175781,71.75404100569939,0.45403795394157953
1669,451,-738.1179291237785,-386.35590228545846,46.32500076293945,46.038755259244034,-0.2862455036954188
645,1881,683.883139765154,649.7663317141984,24.739999771118164,25.21346677515581,0.4734670040376443
1262,1917,724.9858028125116,32.86853175034847,16.586000442504883,16.506532929982747,-0.07946751252213602
902,215,-980.5208561835294,378.9377788131976,74.5570068359375,74.5418070454864,-0.01519979045110631
1189,1189,-3.8462257930115102,99.88453762010732,41.70399856567383,42.23028734904867,0.5262887833748451
1886,2187,1000.2197772737114,-589.1008546150351,9.545999526977539,9.61057507621127,0.0645755492337301
2420,2142,959.6112955836152,-1123.6409192434244,10.439000129699707,10.465981017828693,0.02698088812898547
1341,1324,132.45053166308762,-51.049433889379664,23.079999923706055,22.896323315155982,-0.18367660855007273
1862,2334,1147.0682410087604,-563.8804043640273,9.795000076293945,9.80274274811633,0.00774267182238475
1095,1814,620.5752815211606,199.07136858254694,9.62700080871582,9.69464471729235,0.06764390857652991
1343,1554,362.5395705194077,-51.152268960901765,13.484000205993652,13.258591683704172,-0.22540852228948083
2109,2247,1062.0786343491197,-811.6763172748772,17.402000427246094,17.48805873122692,0.08605830398082759
495,841,-357.6825694608802,791.2314596780153,57.65599822998047,57.130473746084675,-0.5255244838957935
341,1525,325.26211634939716,950.9245102281228,76.57500457763672,76.21754815135992,-0.35745642627679786
493,741,-457.73054334649845,792.4068728979116,58.494998931884766,58.89191200712487,0.3969130752401071
140,1212,10.504693380219848,1149.4048709815743,56,56.12592487646141,0.12592487646141137
2168,1239,54.24719764705778,-879.0114230616382,1.0509999990463257,1.419792646081487,0.36879264703516124
558,1779,581.1330033638532,735.9520929660371,47.9630012512207,49.34422185565421,1.3812206044335085
444,1620,421.1420723738743,848.6759809475184,66.2229995727539,66.01264819170132,-0.21035138105258966
271,935,-265.50148681021255,1016.0776814896205,56.66999816894531,56.597262056307336,-0.07273611263797619
2072,1738,552.6125522963549,-778.8641501390982,8.944000244140625,8.848344108260532,-0.09565613588009292
2524,650,-532.0011764682863,-1239.9828965813715,11.746000289916992,11.808646339501244,0.06264604958425224
2084,2190,1004.8543502330015,-787.1386940665645,19.124000549316406,18.856812457974556,-0.2671880913418505
1480,1676,485.70848465319784,-187.18884906535487,8.493000030517578,8.489711360293159,-0.0032886702244194765
1110,92,-1101.8431440306551,169.85751414963033,76.88400268554688,77.03368065047397,0.1496779649270934
420,2006,807.065896034927,875.868912980292,29.75200080871582,29.746985080562936,-0.00501572815288398
1865,2015,827.9921520417575,-569.5133477109371,5.815000057220459,5.848899138965504,0.0338990817450453
363,481,-718.8851031823509,920.302174988613,56.25899887084961,57.124672898852445,0.8656740280028359
1055,1541,347.15905632358783,236.8313164725812,46.22100067138672,46.09534538916015,-0.12565528222656752
1882,2076,889.1516900436045,-586.0154232259774,9.154000282287598,9.082084976879196,-0.07191530540840141
633,2079,881.8466662778171,663.404019047726,16.604000091552734,16.567461034566747,-0.03653905698598692
749,2318,1121.879448925181,549.3395653841287,12.637999534606934,12.612652341448298,-0.02534719315863576
97,318,-884.1314746122704,1185.040617809749,67.81400299072266,67.67693003633823,-0.13707295438442202
1883,2308,1121.233283911029,-585.1015654826841,9.552000045776367,9.658924180665053,0.10692413488868624
1741,882,-306.3882817046841,-454.8224136092486,8.917000770568848,8.822102857593523,-0.09489791297532513
2210,608,-576.6049562147568,-926.2306480821176,0.955000102519989,1.0039787577169694,0.048978655196980414
1739,92,-1096.653147778464,-459.33996195456393,8.152000427246094,8.64919181034073,0.49719138309463595
779,95,-1101.5735087720295,500.98618611918505,73.75,73.62531385161714,-0.12468614838286385
2114,603,-582.3985701497077,-830.2417089974713,9.015000343322754,9.030461650333413,0.015461307010658842
2469,1910,727.9422466786476,-1174.570441800093,8.777000427246094,8.728620625753656,-0.04837980149243748
118,369,-832.9421460768685,1164.4549010348946,66.86100006103516,65.95133715085213,-0.9096629101830302
2019,1408,222.0711515828164,-728.5701163755748,9.128000259399414,9.042996841525788,-0.08500341787362586
1454,1710,519.5046860794693,-160.90010356806644,8.726000785827637,8.739092300591492,0.013091514763855727
1297,668,-524.1191117502186,-12.448433965069123,58.277000427246094,58.235941640338844,-0.04105878690725007
743,2020,823.7357395680564,552.8823975038408,16.31100082397461,16.222653628815532,-0.08834719515907707
1176,1137,-55.969879304453386,112.45955828943167,47.28499984741211,47.433234060489525,0.1482342130774157
1688,2272,1083.6129866462475,-390.3369329303903,8.439000129699707,8.403013907931015,-0.035986221768691706
855,776,-419.7323179433941,430.5817919641752,57.46099853515625,57.6107642617647,0.14976572660845022
2316,1766,582.6344917459062,-1022.71016281778,11.89900016784668,11.131149734599656,-0.7678504332470233
1385,148,-1043.5564342066427,-104.76675385490421,63.56999969482422,63.51240998259548,-0.0575897122287401
1084,881,-312.80963936304636,202.37614596721912,51.650001525878906,51.52421125605985,-0.12579026981905628
570,1332,134.09100637525887,720.2596266340943,72.48100280761719,72.48763122715283,0.006628419535644525
1559,1579,389.3297117317253,-267.01413482104056,12.979000091552734,12.419755958864288,-0.5592441326884465
2125,829,-356.2367078371301,-839.3805643544197,9.583000183105469,9.50440646320171,-0.07859371990375941
418,771,-428.34001804185226,867.6780363757587,57.50299835205078,57.27514451112184,-0.2278538409289439
1282,2163,971.2285607371101,14.892047659912226,6.124000072479248,6.124,-7.247924838083009e-8
610,1613,415.509716715858,682.5658394091209,66.97000122070312,66.89667151547903,-0.0733297052240971
2067,2138,952.6976534792705,-770.5623493103328,17.936038970947266,18.008241075137082,0.07220210418981665
2039,1543,357.27874471220605,-747.4625956912209,5.947999954223633,6.253757301059135,0.3057573468355024
467,2229,1030.5242287395847,830.6943001145644,16.41699981689453,16.594016274105556,0.17701645721102466
1220,1568,375.5290716091105,72.00205399754131,24.299999237060547,25.57788554461433,1.277886307553782
2304,1349,165.40392272288398,-1014.1467509063029,15.262999534606934,15.839295526032618,0.5762959914256847
2081,1983,797.7641799727658,-785.8456088239736,17.18600082397461,16.939392803436995,-0.24660802053761444
2050,2009,823.5166276114077,-754.6213006585433,17.464000701904297,17.32651286794905,-0.1374878339552481
41,1706,503.84348739860104,1252.5128590110114,61.189998626708984,63.03014863086248,1.840150004153493
744,2082,885.7635824913332,552.3936991465727,13.951000213623047,14.549759107461604,0.5987588938385571
1809,1067,-120.7689683806606,-521.317421567123,9.270000457763672,9.060612961533858,-0.20938749622981412
1037,465,-729.3283269817422,245.95827684619454,69.74800109863281,69.47152785965181,-0.27647323898099785
818,1998,802.3476790706482,477.67716201064536,14.361000061035156,14.507563224797433,0.14656316376227707
1593,737,-452.6550567605664,-307.9722232753963,44.89899826049805,44.64897264104989,-0.2500256194481594
1852,1907,719.8507743696075,-557.4003241101889,10.005999565124512,10.006977760407825,0.0009781952833129992
2373,418,-765.31989768591,-1090.8494472057475,12.074000358581543,12.182525258581638,0.10852490000009496
498,851,-347.65466547102915,788.3130370774626,56.54100036621094,57.49014615123768,0.9491457850267437
1009,2291,1097.016371108452,289.03454868878646,8.760000228881836,8.733535666596532,-0.026464562285303472
520,1077,-121.40195619307887,768.1710949266935,61.95000076293945,61.33835721245977,-0.611643550479684
569,118,-1080.2991993011767,711.2419124048212,65.86600494384766,65.84171042263954,-0.02429452120811959
2057,2005,819.5731176943949,-761.6565144877436,17.992000579833984,17.63034893570134,-0.36165164413264606
2083,1400,214.5966642194623,-792.656301314673,5.947999954223633,5.9479999999999995,4.577636669722551e-8
1857,1502,314.76419034574633,-565.7434625231899,9.175000190734863,9.118942071172343,-0.05605811956252005
456,536,-663.100353302859,827.7268122538853,57.84000015258789,57.862351955829226,0.022351803241335233
1704,904,-284.6866385938806,-417.6292467871576,11.265999794006348,11.26295961078817,-0.003040183218177006
2449,300,-882.7299669257894,-1167.846846132984,13.598999977111816,14.225804173167901,0.6268041960560851
1894,1460,273.05621976481405,-603.1016633783094,9.207000732421875,9.191552732917577,-0.015447999504297982
1606,349,-840.6697980588152,-324.1777009566394,43.44499969482422,44.00683805168983,0.5618383568656142
505,2268,1069.8501422967697,793.0041200274718,15.017999649047852,15.058979675930829,0.04098002688297697
1605,1035,-154.46223228167136,-317.5171991081402,32.50699996948242,31.900060222268557,-0.6069397472138647
412,1312,112.7808598737565,878.1443881212367,77.04600524902344,77.28643667021316,0.24043142118972582
1531,1786,596.1640157074306,-237.2973240533346,7.298999786376953,7.518904371349997,0.21990458497304388
2127,1468,282.9811318115381,-836.1091425367964,8.964000701904297,8.797864633667302,-0.16613606823699456
2264,642,-542.1487428242625,-979.9671200992672,12.184000015258789,12.079591358425219,-0.10440865683357003
1723,1812,623.7564159668004,-429.1434172577415,10.390000343322754,10.347368420756712,-0.042631922566041425
2262,588,-596.1822279819439,-978.4120079957239,12.37399959564209,12.48386544194156,0.1098658462994706
2288,901,-282.86922975495037,-1001.8378431070118,9.919000625610352,9.929839994356811,0.010839368746459854
2166,537,-647.9903021953477,-882.8025896771323,9.268000602722168,9.310403820633365,0.04240321791119683
1294,1401,209.0869979711746,-3.399265013782771,17.461000442504883,18.321526934423474,0.8605264919185913
524,804,-394.454902443371,761.9170039290861,56.77899932861328,57.1109024565932,0.3319031279799205
360,1448,248.39462334624488,931.2830907104235,78.06600189208984,79.4220160926588,1.35601420056895
226,1376,175.26610190026477,1064.7311716231761,79.65800476074219,79.48947582732576,-0.16852893341642528
1924,222,-965.0859315686936,-643.3254581373919,8.894000053405762,8.879980164277017,-0.014019889128745078
2138,1001,-184.07529893056332,-850.9655778812685,7.498000144958496,5.396119798106569,-2.101880346851927
577,1682,484.2591737346511,716.1456443048071,61.74700164794922,61.94132253857095,0.1943208906217322
2254,1969,785.1870829400247,-959.0157662253403,0.4779999852180481,3.082384975868811,2.604384990650763
1092,1946,752.5922148064761,203.16151959392465,10.303000450134277,10.530546547635714,0.2275460975014365
614,1163,-34.5991671236584,674.8511627756724,64.99099731445312,64.55754521451591,-0.4334520999372131
1472,93,-1097.8558507345292,-192.24788520931963,43.96099853515625,43.92207561328603,-0.03892292187021695
961,90,-1105.0732585038447,318.88778911347794,78.0060043334961,78.76652415030469,0.7605198168085963
309,925,-275.1910453286562,977.983195068625,57.92599868774414,57.690220594679126,-0.23577809306501507
1818,424,-763.8970378712896,-535.6255086822002,8.769000053405762,8.53813759684312,-0.23086245656264204
1576,90,-1099.9986798999532,-296.30528954310046,24.597000122070312,24.6096581357056,0.012658013635288512
1681,542,-646.9903079051935,-397.6088406305107,43.382999420166016,44.12849470104011,0.7454952808740956
431,888,-311.1959150547946,855.639456453682,59.034000396728516,59.08595714217469,0.051956745446176456
1307,362,-830.132808568307,-24.97648088007631,70.9800033569336,71.40239139134334,0.4223880344097495
1225,484,-708.7710733093085,58.05595690905756,73.43500518798828,73.51265351727812,0.07764832928984333
251,410,-790.8316828355939,1031.7514592806724,60.91600036621094,60.890538921903754,-0.025461444307183
1201,180,-1013.0646284815225,79.55506960394831,75.96900177001953,75.99345994859107,0.024458178571535427
68,1958,756.1458794029687,1227.5839890538841,41.65599822998047,41.83753810497205,0.18153987499157864
889,808,-387.44168756460203,396.83514938837334,57.39500045776367,57.642541825161764,0.2475413673980924
972,1482,287.4555601735903,319.3706511052407,60.34000015258789,60.714956386220415,0.37495623363252406
500,1933,734.703011309246,795.2412331853263,29.569000244140625,30.13843845430612,0.5694382101654938
2181,1369,184.3954350788033,-890.9429653127363,14.454179763793945,13.287404840829776,-1.1667749229641693
1845,1842,654.772490729511,-550.9344139553564,9.604000091552734,9.61980005221815,0.015799960665415114
434,120,-1079.4126100832,846.3008019731616,66.21400451660156,66.14323662437486,-0.07076789222669788
2404,2294,1111.527349636591,-1106.3818279579657,9.73900032043457,9.722561889325029,-0.016438431109541796
236,342,-858.9768381308828,1046.1950075542036,64.177001953125,64.29249920603728,0.1154972529122773
687,2327,1130.3706750578463,611.4334396966553,14.498000144958496,14.554121629768256,0.056121484809759536
2019,2162,976.3092124420814,-722.3491634450878,17.506999969482422,17.398191899101526,-0.10880807038089557
1906,716,-471.0791457969479,-621.2439673544118,5.460000038146973,5.46,-3.814697269177714e-8
59,1873,671.0447592815897,1235.8853614642044,52.84299850463867,52.31239458181373,-0.5306039228249446
1339,745,-446.74833168316354,-53.82629681247862,36.00600051879883,36.350680182103,0.34467966330417
1183,1964,771.348787481096,112.28130152406962,15.70199966430664,15.802188455181497,0.10018879087485644
1508,1152,-38.2257275356991,-219.52126998803698,29.277999877929688,29.117530118741513,-0.16046975918817452
1761,1353,164.9251233877225,-470.94255948816453,9.469000816345215,9.429420552906828,-0.03958026343838661
381,1035,-164.56224095064414,906.8682795588434,63.11899948120117,63.08206738302314,-0.03693209817803478
592,1488,290.32174464902124,699.5400120659897,73.1830062866211,73.26754147218813,0.08453518556703443
2303,1077,-106.69004920018654,-1015.3905150630414,15.902999877929688,15.916481527734952,0.01348164980526434
1153,1483,289.9494104575153,138.32181580060956,38.388999938964844,42.041700680689615,3.6527007417247717
1518,1087,-103.1636946489101,-230.06074209945933,39.900001525878906,39.59948257298627,-0.30051895289263797
803,1494,298.06479872324184,488.52297466301206,65.99200439453125,65.34978671506103,-0.642217679470221
1682,689,-499.93582217453815,-397.3962697472572,45.84299850463867,45.74361569743136,-0.09938280720731285
725,969,-227.74430493627676,562.2153186548668,56.58000183105469,56.66415395720158,0.08415212614688983
2382,811,-372.1220362359961,-1096.6099517958512,8.324000358581543,8.403960722304104,0.07996036372256121
2533,1994,812.496788586088,-1237.8976477909168,8.835000038146973,8.791825095589472,-0.043174942557500984
2522,2151,969.4556534204467,-1225.5989069340392,8.043000221252441,8.007274820420013,-0.03572540083242792
613,662,-535.7651459206047,671.717207555492,61.6619987487793,62.0617814579428,0.3997827091635031
1102,2339,1145.7989487515224,196.40121421232365,17.74799919128418,16.881450295214677,-0.8665488960695029
1067,1891,697.3685537180407,227.71558001119442,9.054000854492188,9.114005463592278,0.060004609100090534
1176,1441,248.12594756018115,114.96800047774903,41.65599822998047,44.43514075064294,2.779142520662468
1934,156,-1031.0241534243462,-653.8731416645,9.350000381469727,9.593404790919683,0.24340440944995656
98,1795,593.3419809712834,1196.2293473370348,58.73899841308594,58.94906590225545,0.21006748916951068
2443,2245,1062.8336119943906,-1145.798419698351,9.75,9.822329123271546,0.07232912327154573
2154,822,-362.99964784841944,-868.4474444101382,2.878000020980835,5.277608630772658,2.399608609791823
1054,1440,246.1189468337603,236.99822225093635,58.66878890991211,58.573096231435116,-0.09569267847699336
2104,1873,687.9191955518814,-809.7604317849733,8.8410005569458,9.000404652348239,0.15940409540243827
2058,865,-320.7781599892166,-772.0624585303228,10.567999839782715,10.418808742441199,-0.14919109734151625
1017,814,-380.3835841837491,268.84437765711124,61.875,61.902242690852106,0.02724269085210551
147,1606,404.6867020032254,1145.6541548363716,72.67100524902344,72.72504370289296,0.05403845386952355
783,1871,675.018749003822,511.6402332210041,19.344999313354492,17.237007700043375,-2.1079916133111176
1932,2081,894.5658055826619,-635.9899700023279,10.194999694824219,10.133381600042433,-0.06161809478178526
113,1828,626.4761888352975,1181.4969457647828,56.4739990234375,57.226204181148134,0.7522051577106339
313,1647,447.0695437807114,979.9401273715737,66.89400482177734,66.98177652403275,0.08777170225540942
289,914,-286.35955555817594,997.898715030703,56.4739990234375,56.43949646906093,-0.0345025543765729
605,168,-1029.9864252144805,675.6432121111275,65.24400329589844,65.37782801629466,0.13382472039621973
116,290,-911.9834730704786,1165.8035769528315,66.72700500488281,67.08775634932967,0.36075134444685375
951,1021,-173.86302254613454,336.57324711775243,61.698001861572266,61.04561808292065,-0.6523837786516182
2292,1668,484.4055493635443,-999.5111177619902,11.380000114440918,9.735907457884833,-1.6440926565560847
2246,1054,-130.1675624090762,-958.5623191294511,14.883999824523926,14.895940202347086,0.011940377823160375
1435,2088,897.4673010094043,-138.775154370007,9.021000862121582,9.205604681410342,0.18460381928876046
1142,1086,-107.26649618811547,146.04944384649275,51.066001892089844,49.743553588663694,-1.3224483034261496
1756,1740,552.0059631156253,-462.7478991148274,10.177000045776367,10.063529975336744,-0.11347007043962343
2475,1362,179.81880643105623,-1185.0934086467564,17.007999420166016,16.74025154328276,-0.26774787688325574
2026,254,-932.2343164317377,-745.0934777361488,8.358000755310059,8.247099856031632,-0.11090089927842683
817,1608,412.2162895705676,475.45926689545774,47.52399826049805,46.62519335649842,-0.8988049039996255
1444,1545,354.37010566510475,-152.25839248593377,9.993000030517578,10.051274236196342,0.058274205678763735
966,901,-293.77703282416996,320.5783229151696,53.10599899291992,53.14616426416504,0.040165271245115264
1330,2082,890.5990236482378,-33.791480449600776,11.70199966430664,10.871168492767092,-0.8308311715395487
541,1020,-178.24661473035638,746.6941103209289,58.03499984741211,58.113442950710805,0.07844310329869586
2289,725,-458.9163731510888,-1004.2902093949176,7.822000026702881,7.848348218501346,0.026348191798464704
81,1479,277.10196904391734,1210.6269004572941,68.48900604248047,68.67175811268342,0.1827520702029517
1953,1760,573.6376766253464,-659.6450717207167,5.815000057220459,5.815,-5.7220458593576495e-8
1233,1256,63.537951791820944,56.423516819789,35.08599853515625,35.20482055723393,0.11882202207767989
1557,644,-545.9813519728667,-272.72824442609726,53.383323669433594,53.515869702859106,0.13254603342551263
121,1005,-196.71731457038953,1166.7025812042602,54.44599914550781,54.4460536060225,0.000054460514689935735
2087,732,-453.5807524629025,-802.1689034759937,10.008000373840332,10.04442913957046,0.03642876573012721
306,171,-1029.4528869598696,974.7618597467243,65.86000061035156,65.82671417028554,-0.03328644006602133
1332,220,-971.971138616613,-51.156018963420905,67.47100067138672,67.37001413180792,-0.10098653957879833
213,2012,811.3595555173747,1082.9838212801199,52.88100051879883,51.62257921253671,-1.2584213062621217
2318,1549,365.5825057200011,-1026.501107587134,15.190999984741211,14.99506663820291,-0.1959333465383004
323,1686,486.16437545281485,970.2588126640139,65.59900665283203,65.05829199995546,-0.5407146528765736
1873,151,-1036.5290158386663,-592.8952399330466,11.958999633789062,11.653387434864626,-0.30561219892443603
2426,1100,-82.66802574276355,-1138.2395037970412,20.628999710083008,20.499543349283133,-0.12945636079987466
1346,2020,828.711452995889,-50.3081164769557,12.75,12.84270573020076,0.09270573020076078
1570,217,-973.0083047364424,-289.25552506811533,30.086999893188477,30.61238707983562,0.5253871866471442
2311,369,-814.846813087505,-1029.2342235641343,14.074999809265137,13.886638207586932,-0.1883616016782046
2246,105,-1079.4660117122987,-966.3918817546653,1.0800000429153442,1.1211978616842917,0.04119781876894746
1070,2122,928.4662912961315,226.62074451025126,10.514349937438965,10.439532609806681,-0.07481732763228344
1695,46,-1143.0306277653785,-415.7056891946308,10.885000228881836,10.882730279720953,-0.0022699491608833
1025,1422,227.8739739649809,265.8588385068462,66.10200500488281,66.35922645674252,0.25722145185970646
392,1241,41.59343564206911,897.5647816758694,76.57600402832031,76.55682498430203,-0.019179044018287073
106,1380,178.27706340234946,1184.8020135236977,68.302001953125,67.93152320437666,-0.3704787487483401
1772,1315,127.0039023521681,-482.25955944976863,9.433000564575195,9.490461884376336,0.05746131980114022
2041,1012,-173.87213405013526,-753.8442760756766,8.572999954223633,9.298166797805802,0.7251668435821692
662,2107,910.0948231998964,634.625910599422,16.06100082397461,16.008124745655014,-0.05287607831959562
2417,991,-191.77661018867914,-1130.1359371030046,12.756999969482422,12.795235417230835,0.03823544774841281
524,1314,115.70573511325816,766.1255890229945,71.55599975585938,71.82962113560134,0.273621379741968
441,451,-748.250858592454,842.0300896266256,57.91699981689453,57.86477424191298,-0.05222557498154856
2130,123,-1062.417406166955,-850.2069540173391,10.008000373840332,9.973770281821416,-0.034230092018916025
2096,1431,245.71369701750288,-805.4046345593857,5.947999954223633,6.181510540001156,0.23351058577752326
1025,61,-1133.5542582405947,254.62840003950365,78.19800567626953,78.32873892948277,0.13073325321323637
1709,1820,631.6434294035749,-415.07298958768087,10.37399959564209,10.385792498618393,0.01179290297630331
1710,858,-330.65161408763015,-424.0106768677658,12.782999992370605,11.982165231450313,-0.8008347609202922
738,1914,717.6609945327962,557.0092754913875,17.666000366210938,17.501229929060937,-0.1647704371500005
2296,1667,483.43823496789645,-1003.5206304256749,12.647000312805176,10.65294471303508,-1.9940555997700962
931,404,-791.2221749704902,351.4882429200591,68.1820068359375,68.20319717300407,0.02119033706657092
856,271,-924.882846209875,425.41432622070465,73.83100128173828,73.57554627981474,-0.25545500192353643
999,2297,1102.935752040658,299.0872206901794,8.744000434875488,8.868056345864106,0.12405591098861812
2358,1107,-76.22683394927779,-1070.160332014922,19.582000732421875,19.57576916374286,-0.006231568679016419
896,1105,-90.2904080852946,392.28371406408337,64.62100219726562,64.1723192829132,-0.4486829143524318
597,1386,188.33083762045453,693.6967260592347,72.98200225830078,73.70868421327188,0.7266819549710988
2413,1729,546.423083558577,-1120.046041703731,8.570000648498535,9.21239588678693,0.6423952382883957
1101,1127,-66.59189178089234,187.40067119274602,46.77899932861328,47.26173934340732,0.4827400147940395
1693,1859,670.5237302478536,-398.74615124478646,10.338000297546387,10.372272654362519,0.03427235681613183
489,792,-406.7475038013085,796.8289918665862,59.167999267578125,59.26301575189976,0.09501648432163279
773,1366,169.77687687849038,517.476197548087,77.26800537109375,77.25162091122053,-0.016384459873222568
1948,1125,-61.60384553648943,-659.8826649403138,6.5279998779296875,6.497978938812078,-0.030020939117609835
1123,425,-768.6312674783953,159.6011832480403,72.49500274658203,72.0137955914474,-0.4812071551346264
1511,382,-808.4432774918076,-228.8755634529633,56.457000732421875,56.629726239933184,0.17272550751130922
2050,1325,139.30074867786337,-760.2646876775104,5.947999954223633,5.948,4.577636758540393e-8
2452,1757,574.7536793387651,-1158.827347497539,8.439000129699707,8.437023659876381,-0.001976469823325999
2393,464,-719.1404338437051,-1110.4762252033756,10.237000465393066,10.358556990383274,0.12155652499020775
1219,443,-749.8334703081829,63.71953555785209,73.52000427246094,73.62085543868639,0.10085116622545343
907,2025,830.0906185160392,388.871842031518,9.66200065612793,10.039005464211991,0.37700480808406134
271,852,-348.5276152991212,1015.3927329614568,56.22800064086914,56.1930072540629,-0.0349933868062422
1498,1314,123.74281814904514,-208.18143755791002,13.522000312805176,13.56052031202383,0.03851999921865357
2166,921,-263.86947771801255,-879.6344291973888,0.5040000081062317,0.6393870224825671,0.13538701437633538
571,1783,585.2415433939351,722.980997300163,45.441001892089844,45.895047636352004,0.45404574426216016
2032,448,-738.1238497159676,-749.494756379773,7.548999786376953,7.0197691616093945,-0.5292306247675587
1388,1333,141.8411782826087,-97.98998894506883,19.33300018310547,19.38779925322592,0.0547990701204526
375,1095,-104.59285575152988,913.3653059820672,65.96501159667969,65.60394706522196,-0.3610645314577283
299,1335,134.85560048978283,991.3698104855868,77.68800354003906,77.82452643461971,0.1365228945806507
1581,344,-845.8776445989688,-299.2111004409165,45.448001861572266,44.7968607955101,-0.6511410660621664
459,948,-250.94596360335345,828.1257746895803,61.17100143432617,60.89307805804611,-0.27792337628006436
1668,884,-304.98996820138314,-381.7829326092208,12.628999710083008,12.60448366127136,-0.02451604881164826
2154,1315,130.1556480470908,-864.3799769550794,13.935999870300293,14.77466561468723,0.8386657443869368
2116,571,-614.3921330853007,-832.5063528801822,9.075000762939453,9.14187381591299,0.06687305297353774
672,2103,906.1760789325831,624.5897424838164,15.97599983215332,16.049513150747714,0.0735133185943937
1727,2081,892.8743939419819,-430.92518784160313,8.620000839233398,8.696163363647095,0.07616252441369653
188,227,-974.4090829244192,1093.261052536269,67.57600402832031,67.54146615732398,-0.03453787099633132
1894,1690,503.12878909380294,-601.2039971664968,8.497000694274902,8.378687451789975,-0.11831324248492692
1235,1604,411.66420152370705,57.29437196184613,18.81599998474121,19.239323089757313,0.4233231050161024
1647,1770,581.1160840809654,-353.4659622739544,10.39799976348877,10.077685622556825,-0.320314140931945
183,2073,872.1312555755003,1113.4966989584248,40.481998443603516,40.644608964499916,0.1626105208964006
2534,918,-263.8343339738288,-1247.7750321613125,16.17799949645996,16.18512358526637,0.007124088806410356
820,1700,504.27007915941954,473.2174878057458,29.520000457763672,29.3597507499586,-0.16024970780507175
351,208,-992.0699126980088,930.0530648615206,64.22200012207031,64.16363440796962,-0.05836571410068814
1391,1756,564.9993811555172,-97.50066166888766,9.367000579833984,9.219141102087148,-0.14785947774683628
2145,1062,-122.99833294794281,-857.4645048007752,2.443000078201294,2.025741130822084,-0.4172589473792101
284,1288,87.71699896089845,1005.9866773821377,78.89200592041016,78.90824230001215,0.016236379601991757
1968,354,-832.6814317921044,-686.250197257732,5.590000152587891,6.083905006046805,0.49390485345891477
1948,1823,636.616314788562,-654.123700893441,5.815000057220459,5.815,-5.7220458593576495e-8
730,1948,751.605718602953,565.2923671132676,18.10700035095215,18.01612223727584,-0.09087811367630749
1677,1750,561.3572987622919,-383.64045210035545,8.995000839233398,9.634415930007503,0.6394150907741043
1296,1160,-31.972465571475233,-7.3884664131140365,46.74300003051758,47.48168404058304,0.7386840100654624
1584,58,-1131.9427177862574,-304.5718335843982,23.259000778198242,23.40149208778988,0.14249130959163736
221,1273,72.19236926545409,1068.8827469533824,74.63899993896484,75.31378062276322,0.6747806837983745
2462,171,-1011.6632373196677,-1181.9151918927992,15.559000015258789,15.576091933591972,0.017091918333182576
1637,1672,483.00263924964935,-344.27140214789495,9.051000595092773,8.826538410421662,-0.22446218467111123
110,580,-621.941837164669,1174.1987064101095,62.14099884033203,61.48045584801887,-0.6605429923131609
1775,2048,860.2600074266759,-479.2126345732145,6.610000133514404,7.084089212985531,0.4740890794711268
721,2205,1008.6126655754856,576.4159532305265,13.463000297546387,13.699488398453923,0.23648810090753614
280,2169,968.9620826241884,1017.2582762199245,25.599000930786133,26.155682629446623,0.5566816986604906
852,1866,670.5865462839573,442.5771848608083,12.994999885559082,13.075214884153986,0.08021499859490433
1712,717,-471.6794856036872,-427.17468224614527,41.87799835205078,41.55175703456746,-0.32624131748332275
1633,1733,543.9888896578727,-339.766829265559,9.890000343322754,9.836788919852433,-0.05321142347032115
99,704,-497.99361295925075,1186.2254845640905,61.44300079345703,61.51315274091537,0.07015194745834208
1219,1043,-149.64467919696554,68.67037900443964,56.95800018310547,57.44727974522122,0.48927956211575463
2151,1065,-119.947885258012,-863.4416432690866,0.628000020980835,0.8237520129759135,0.19575199199507853
1784,2215,1027.3870493014533,-486.83758687058037,8.871000289916992,8.946645504756603,0.07564521483961073
1639,422,-767.3745733389785,-356.5857502199791,47.25899887084961,49.45164419595332,2.1926453251037117
2290,927,-256.8445432367522,-1003.6239650313728,9.690999984741211,10.647956917274762,0.9569569325335507
413,1691,491.9086598487341,880.2716708889477,64.61599731445312,64.13161700892228,-0.48438030553084843
1960,2286,1099.8616302525131,-662.3074306954916,12.0649995803833,11.522472072021548,-0.5425275083617525
1723,1556,367.6756154047073,-431.25564757923763,9.039000511169434,9.016090469803085,-0.02291004136634811
957,488,-706.9812270287856,326.17321272474135,67.2579345703125,65.9220480615803,-1.3358865087322016
441,2052,853.2537270149073,855.2418800934895,26.163999557495117,26.94449742327501,0.7804978657798927
1225,197,-995.8612557150334,55.68780625849142,69.7030029296875,72.05984049908842,2.3568375694009234
166,187,-1014.603200167815,1114.937861517341,67.09700012207031,66.98198484623612,-0.11501527583419602
1250,326,-866.614447164905,31.744381296468475,74.43000030517578,74.44388176123667,0.013881456060886421
2038,946,-239.9176696676595,-751.387868193895,9.348000526428223,9.766594605456984,0.418594079028761
2476,1137,-45.243861745108106,-1187.949999798583,22.948999404907227,22.637724586089327,-0.31127481881789976
265,1058,-142.5122673899163,1023.0946151481926,57.922000885009766,59.17801728996993,1.2560164049601639
762,1975,778.8783087402006,533.5050601469704,15.784000396728516,15.931203023061789,0.1472026263332733
96,2181,979.4474190193162,1201.4154639801336,22.909000396728516,23.010045155090033,0.1010447583615175
54,1090,-112.2434655248502,1234.4251502627244,53.38399887084961,54.15039871953141,0.7663998486818002
638,1248,50.625667329848376,651.5450220970752,68.18600463867188,68.33576378956671,0.1497591508948375
713,544,-652.9770590830971,570.7120253448186,61.90599822998047,62.106142536312014,0.2001443063315449
383,1854,654.7125515990239,911.6262578743338,62.10300064086914,61.628870508983134,-0.4741301318860067
1761,797,-391.25001910839296,-475.5300308902605,10.154000282287598,10.029998306867707,-0.12400197541989044
522,421,-777.5918629970338,760.7570661284194,60.27899932861328,60.89700948993943,0.6180101613261471
1211,1556,363.45102286937566,80.90587632748796,26.363000869750977,26.029122237441847,-0.33387863230912984
418,721,-478.35575042556206,867.2654243334978,57.340999603271484,57.35008708466499,0.009087481393507346
247,793,-407.7442416697342,1038.9133937187094,54.92856979370117,54.71439427718292,-0.21417551651825306
1318,2292,1100.5663939206563,-20.054911582730835,9.280000686645508,9.016720815280964,-0.2632798713645439
961,865,-329.8296238679312,325.282836592661,55.21900177001953,55.34919672766046,0.13019495764093136
1203,937,-255.81008244034126,83.80076715683734,61.867000579833984,61.871626828515645,0.004626248681660172
1039,868,-326.18505221827104,247.28304018591513,54.972999572753906,54.15006968594556,-0.8229298868083461
983,270,-924.8351932897709,298.3661793666576,72.14600372314453,72.68297918839124,0.5369754652467122
2302,1032,-151.71247400752688,-1014.7614630190635,15.142999649047852,15.056536888205287,-0.08646276084256499
1004,1866,671.8408071748166,290.52918541013497,9.053000450134277,9.120325832105806,0.06732538197152849
1156,956,-237.19191804106907,130.97234244770453,57.84700012207031,54.55158866043638,-3.2954114616339325
1812,2264,1076.6335651564625,-514.4421486985646,8.733000755310059,8.730685718416632,-0.002315036893426381
1731,1574,385.7473016465333,-439.10965539508516,8.9660005569458,8.941122273765206,-0.024878283180594707
326,1005,-195.0255654984898,961.6380301104148,59.91400146484375,60.064594502563736,0.150593037719986
2292,1439,255.3332996379982,-1001.4004399149328,13.78499984741211,14.683795242232915,0.8987953948208052
1963,187,-999.7751491273094,-682.6264792088405,8.957000732421875,9.080646497394385,0.12364576497251001
1634,2112,923.1168534884588,-337.64001790313046,9.15000057220459,8.961807035744513,-0.18819353646007642
1761,1385,196.9352132420774,-470.67853215385514,8.959000587463379,9.125227706781708,0.16622711931832868
2087,1088,-97.46867073214571,-799.2317234453701,12.6850004196167,12.545997339723764,-0.1390030798929356
413,160,-1039.57334668418,867.6374853217899,65.87100219726562,65.1291479777511,-0.7418542195145221
2263,1119,-65.00683019822682,-975.0314020173741,16.009000778198242,15.983329589539023,-0.025671188659218913
323,602,-598.177149368254,961.313282101546,56.016998291015625,56.06063969252905,0.043641401513426104
599,1639,441.4271486924421,693.7838633356018,67.37700653076172,65.62955874134583,-1.7474477894158866
638,479,-718.6163924516683,645.1992257853409,66.15900421142578,67.31738941357867,1.1583852021528855
303,936,-264.2370961793035,984.0758598302716,57.59000015258789,57.56405043647954,-0.025949716108350174
558,731,-467.1973019088987,727.3039017240801,59.75299835205078,60.667487875198,0.9144895231472177
2307,62,-1121.9762431535935,-1027.7657941863067,14.006999969482422,13.905737726416252,-0.10126224306617004
1405,2192,1001.2526368372874,-107.90754598174321,9.259000778198242,9.276483196749542,0.017482418551299617
1956,2173,986.7929002073514,-659.2384922599181,10.87399959564209,11.338756930781363,0.4647573351392733
1393,899,-292.25429444436827,-106.57259858940495,58.209999084472656,57.10381427251859,-1.1061848119540656
1717,993,-195.55135319702123,-429.8990099805231,10.545000076293945,11.056712152166543,0.5117120758725981
495,925,-273.6561269052581,791.9246410607923,59.97100067138672,59.65665800062547,-0.3143426707612491
1171,1744,551.1802956415298,122.46977019526825,9.035000801086426,9.078985448507957,0.04398464742153152
609,907,-290.7210549940044,677.7402158754444,55.595001220703125,56.289965132185884,0.694963911482759
863,1130,-65.55484012339056,425.50040366308724,67.36199951171875,67.08743119837446,-0.27456831334428955
883,236,-959.6710431324959,398.1170331317627,74.49400329589844,74.35249306787195,-0.14151022802649038
840,153,-1043.0519364474324,440.44563981192607,75.6780014038086,75.42290309386806,-0.25509830994053573
551,573,-625.3047653953083,733.0022717207853,62.39099884033203,62.431480179547705,0.040481339215673984
328,2052,852.3212195077385,968.2775836138121,40.59700012207031,39.945701451416475,-0.6512986706538371
2141,1870,685.2235160068345,-846.7968677519032,8.62700080871582,8.17888243903671,-0.44811836967910956
762,1074,-122.40591606811834,526.070116328503,62.4109992980957,61.978327770311395,-0.43267152778430784
681,704,-493.19079779089964,604.0424014681729,58.0620002746582,58.010622093516155,-0.05137818114204862
1364,453,-738.6338844546335,-81.24352860031988,75.06300354003906,74.77255661490496,-0.2904469251341055
66,1260,57.9091312965982,1223.8243125599865,54.5,54.39344889946736,-0.10655110053264139
2479,348,-834.46738090401,-1197.4602674945645,14.770999908447266,14.840518391347471,0.06951848290020557
371,167,-1032.9177430992538,909.7084396018856,64.60001373291016,64.62866034189483,0.02864660898467264
1292,2040,848.2722013840254,3.8739715331144504,13.586999893188477,14.528150166450107,0.9411502732616306
1061,78,-1116.2518645595917,218.75737571564554,77.49200439453125,77.43563878596615,-0.056365608565101866
2490,1178,-4.115441266635699,-1201.6161563687085,23.28700065612793,23.21633656657162,-0.07066408955630976
713,474,-722.9990670521609,570.1343899494432,64.7979965209961,64.99849097818262,0.20049445718652237
161,1163,-38.33744404111154,1127.993881442057,56.98899841308594,56.779935027284914,-0.20906338580102357
1420,1205,14.06487147016372,-131.05623087397947,33.20600128173828,33.042736867777336,-0.16326441396094538
1717,1693,504.66934273427415,-424.1233807863472,9.850000381469727,9.707424843282904,-0.14257553818682211
1894,1816,629.1685670894708,-600.1644055565062,9.29800033569336,9.214615215408145,-0.0833851202852145
762,990,-206.43237190603656,525.3769582875948,57.82699966430664,58.00956240556701,0.18256274126036942
410,1866,666.9391522316724,884.71675918302,57.262001037597656,57.60757700809421,0.3455759704965544
1981,169,-1017.6322909514548,-700.780642892234,8.160130500793457,8.39724324219021,0.23711274139675353
1309,1733,541.3155154631198,-15.664556333960835,9.16200065612793,9.230578380269653,0.0685777241417238
2226,2088,903.9936739397436,-930.0251238142497,11.319999694824219,11.08808417460964,-0.23191552021457795
1991,1200,13.774564098939669,-702.2774154502662,5.947999954223633,5.948,4.577636758540393e-8
2089,2127,941.8756883421523,-792.6600587103566,17.31399917602539,17.53451591520174,0.22051673917635028
2492,1661,479.05338086617814,-1199.6319856926602,8.196000099182129,8.125320078598397,-0.07068002058373146
444,824,-375.10878115744913,842.1072228479261,58.3489990234375,58.51797514883397,0.168976125396469
329,454,-746.1741689684418,954.0900494847974,57.52399826049805,57.417592604822886,-0.10640565567516092
2074,2191,1005.7721610463011,-777.1272823196966,19.291000366210938,19.01783909805554,-0.2731612681553983
1756,927,-261.2503515647337,-469.45584712294976,9.118000030517578,9.162505113643494,0.044505083125915945
2023,1120,-65.98662446600221,-734.94754532095,8.565999984741211,8.078851784724023,-0.48714820001718806
1998,1047,-139.2158854614064,-710.5419636378408,9.944000244140625,9.624861118988127,-0.319139125152498
509,729,-469.6022846605153,776.302813253307,58.992000579833984,58.77823502914031,-0.21376555069367242
2484,743,-439.30192028628073,-1199.2030573772922,8.947000503540039,8.935645276175498,-0.01135522736454142
974,1085,-109.65307571918348,314.0941103200354,62.12799835205078,62.16684916930535,0.03885081725456985
2316,1009,-174.60421398427277,-1028.9556283376228,13.069999694824219,13.183822451996667,0.11382275717244816
1293,338,-854.2558686658285,-11.170113352214177,71.7800064086914,71.76061241921465,-0.01939398947675386
636,2209,1011.9125120712605,661.47583171427,15.505999565124512,15.168601579354041,-0.33739798577047075
62,671,-531.3093395986447,1222.9647872312946,64.71199798583984,64.75620311317907,0.044205127339225214
2296,256,-928.0060725287384,-1015.1617901966624,9.520000457763672,7.67801258346947,-1.841987874294202
1636,1237,47.85719205230768,-346.86026466743675,11.999410629272461,14.745093720474031,2.7456830912015704
2160,1313,128.20452019393719,-870.3983692039321,15.293999671936035,14.859666118974916,-0.4343335529611192
428,1387,187.9365412357603,862.7582615910057,77.32600402832031,77.06190790788668,-0.26409612043363495
1058,1898,704.2965003392461,236.7761833823825,9.124000549316406,9.167419792167342,0.0434192428509359
130,682,-519.7447050535156,1155.0341770802477,61.382999420166016,61.25791459026543,-0.12508482990058667
791,1490,293.9645148540819,500.49375210981884,66.16200256347656,65.86424703924482,-0.29775552423174645
2058,186,-999.9916578277818,-777.6645647561744,5.460000038146973,7.4029382093926674,1.9429381712456948
1310,159,-1033.1718249257988,-29.652438638695,68.01000213623047,68.23744547299844,0.22744333676797623
383,691,-508.654017297563,902.0288667925681,56.16999816894531,56.5417617933528,0.37176362440748534
2156,311,-874.1438435886259,-874.6640401138047,7.039000034332275,6.849932852435801,-0.18906718189647442
1138,1434,240.8101838718222,152.92222354265485,51.22200012207031,49.41375790079149,-1.8082422212788245
502,1907,708.7113034804362,793.0260458006537,32.41600036621094,33.29350077863365,0.8775004124227124
1597,1951,761.760694458981,-301.95674085056356,9.669000625610352,9.66658442842755,-0.002416197182801838
1794,1275,87.1728112896464,-504.59652725619407,9.43600082397461,9.361232452163256,-0.07476837181135387
1321,1880,688.4609459675886,-26.455401518998556,15.35099983215332,15.364428273083565,0.013428440930244534
332,1958,758.324531006393,963.5006023182502,56.38399887084961,55.664646181473536,-0.7193526893760733
362,221,-978.9750544740002,919.156890237959,63.88100051879883,63.60083986625362,-0.28016065254520583
731,916,-280.711480870019,555.7760780538679,55.189998626708984,55.536488363417085,0.3464897367081008
2158,1446,261.2299572184017,-867.3004293440528,11.038000106811523,10.790588424141735,-0.24741168266978875
2309,304,-879.8837386724663,-1027.769861650051,9.390142440795898,9.888378526671138,0.4982360858752397
501,925,-273.6066140018228,785.922752203945,59.40399932861328,59.28556382988353,-0.11843549872975245
775,507,-689.4770751750646,508.3872122301648,63.19200134277344,63.23076782042464,0.038766477651201114
909,1060,-135.19731072513162,378.9082911738648,63.28799819946289,64.33062911061224,1.0426309111493453
1867,2278,1091.0917850171234,-569.3440286847718,9.334000587463379,9.313466894511665,-0.020533692951714144
936,125,-1070.2685614828595,344.18444722743254,76.92400360107422,77.00678435695318,0.08278075587895728
2423,895,-287.7573371208883,-1136.9298416076556,9.894000053405762,9.882019203563914,-0.011980849841847885
2330,1734,550.7398932225113,-1036.978591492998,12.350000381469727,12.251147536835083,-0.09885284463464394
1973,612,-574.5590674671192,-689.1231103628575,8.457000732421875,8.516165856098993,0.05916512367711846
1673,1855,666.357448297281,-378.77283934055686,10.586999893188477,10.335976918653715,-0.2510229745347612
1281,171,-1021.4073447788093,-0.5443159578275314,71.0060043334961,71.03896136002962,0.032957026533523504
2445,1015,-167.53804729890115,-1157.9467506929373,14.49899959564209,14.46214919426226,-0.03685040137983009
1476,673,-517.640568425338,-191.46348421152356,45.40599822998047,47.262836390453714,1.8568381604732451
1353,1511,319.6085180893779,-61.510228530582935,11.972000122070312,11.95317641601384,-0.0188237060564731
1342,1446,254.49725200122526,-51.04309238249246,11.520999908447266,11.555606854995315,0.03460694654804897
448,1028,-171.01154564571561,839.7894144072457,62.625999450683594,61.831970722983755,-0.794028727699839
2291,924,-259.8372374998102,-1004.6490307387992,9.531000137329102,10.436044362561013,0.9050442252319115
2172,1375,190.32307315857804,-881.890625174337,14.329000473022461,12.88707411812068,-1.4419263549017813
92,2325,1123.4599381301803,1206.605095687252,19.764999389648438,20.709815110223992,0.944815720575555
980,654,-540.7392371145238,304.5357569825302,62.85499954223633,64.3619998066454,1.507000264409072
598,494,-703.9417577272369,685.3355805028655,64.75900268554688,64.83495314733254,0.07595046178566633
1556,1570,380.30211890350773,-264.087447929637,13.243000030517578,13.207100727454893,-0.03589930306268485
1357,659,-532.6268653101989,-72.54156878100092,53.65399932861328,54.16211805577991,0.5081187271666252
1238,336,-856.7103215198649,43.830665498258455,74.7760009765625,74.68289478676866,-0.09310618979384344
607,1187,-10.649369052401752,682.0514171736052,64.76300048828125,64.10531618331862,-0.6576843049626291
2380,1516,333.0836101868358,-1088.7929238106517,14.039999961853027,14.100175747641696,0.06017578578866889
2043,1898,712.4238087467876,-748.534903603786,13.383999824523926,12.892425804009765,-0.491574020514161
888,1383,187.73119544276256,402.58022088197924,77.60000610351562,77.04975838999499,-0.5502477135206334
1861,1094,-93.33142287757424,-573.1110301126193,9.647000312805176,9.4395512110028,-0.20744910180237497
2108,1182,-3.2657935393535915,-819.4627921933522,8.633000373840332,8.999159644092673,0.3661592702523411
43,626,-576.4802934827933,1241.5993947698494,66.72500610351562,67.07317989966555,0.34817379614992205
1821,1086,-101.66397372158822,-533.1644363237967,9.080000877380371,9.497268149399401,0.41726727201903024
1226,892,-300.63446744195323,60.42221291770484,61.63800048828125,63.224040908523875,1.5860404202426253
1117,1210,16.566285498216153,172.0805063904615,44.18000030517578,43.81403284714446,-0.3659674580313208
1476,315,-875.7531204203887,-194.41739022110136,51.63100051879883,52.16437587824286,0.5333753594440296
874,567,-628.641280166983,409.8511943723418,61.52000045776367,61.441451353615825,-0.07854910414784655
978,1456,261.49686970071724,313.1542156055152,65.22000122070312,64.863840302701,-0.3561609180021179
157,166,-1035.6840673564604,1123.7673847643973,67.47600555419922,67.5198180488585,0.043812494659277945
1943,2262,1075.7137797870555,-645.50007158963,12.336000442504883,11.637059953907068,-0.698940488597815
1839,1921,733.7479363801771,-544.2807072487495,10.090999603271484,10.083439081152875,-0.0075605221186094695
1327,1986,794.5439363244809,-31.582657905691924,12.822999954223633,14.213933842337884,1.390933888114251
1771,268,-920.3338466630894,-489.89786455130655,9.219000816345215,9.369726254346872,0.1507254380016576
1382,1918,726.9762759243193,-87.16111817524279,14.220000267028809,12.846083362620188,-1.3739169044086204
448,1795,596.2303179253731,846.1188537381604,61.60300064086914,61.61398986310739,0.010989222238251273
1496,1465,274.7739301613154,-204.93488696346776,18.187000274658203,18.184132762980568,-0.002867511677635548
2366,428,-755.374505943725,-1083.7647451820576,11.767999649047852,11.740838428476913,-0.027161220570938838
728,2231,1034.6786489447659,569.6282900706913,13.130000114440918,13.179879323725965,0.049879209285046855
117,541,-660.896332843955,1166.8746555860403,61.04899978637695,61.38829693473309,0.3392971483561382
969,364,-830.9211819105727,313.1462338084966,69.05599975585938,69.58804561403807,0.5320458581786909
2403,1323,140.21249924831324,-1113.392466645794,19.149999618530273,19.02515696065774,-0.12484265787253435
2447,1676,493.68685956870536,-1154.4940323063615,8.279000282287598,8.241462378500051,-0.03753790378754651
1454,197,-993.971713700543,-173.3841142120409,52.584999084472656,51.00794319296283,-1.5770558915098292
1895,2308,1121.3322926629985,-597.1053603513296,9.339000701904297,9.466835350421382,0.12783464851708537
2313,2047,863.6984963993671,-1017.3908797854945,10.85200023651123,10.841969488532616,-0.010030747978614585
188,716,-485.25536392609143,1097.2965178359098,52.417999267578125,52.4043278417484,-0.013671425829727468
1450,62,-1129.04710823646,-170.49676403653865,50.676998138427734,50.11480349817719,-0.5621946402505458
96,635,-567.0400755368116,1188.6570003733614,62.52399826049805,63.054644566161976,0.5306463056639288
124,918,-283.71995070004823,1162.9836652911417,54.78900146484375,55.287314383696746,0.4983129188529958
913,1930,735.1101172098458,382.08603241507086,9.294000625610352,9.755781765591905,0.4617811399815537
989,94,-1100.84095648555,290.91200522024843,77.79300689697266,78.12462332776447,0.33161643079181147
1260,2097,905.0261702620768,36.35441086956517,17.222999572753906,17.113050891541516,-0.10994868121239065
2430,446,-736.8408359531871,-1147.6363581432806,11.96500015258789,11.940161953052097,-0.024838199535793137
1238,599,-593.6276447095097,46.00077935053942,67.92900085449219,68.11302549122125,0.18402463672906322
1064,2256,1062.4591423661063,233.72835166539878,9.111544609069824,9.069987817804453,-0.04155679126537137
1605,824,-365.52866605891387,-319.2581615059215,33.75600051879883,34.585072414845044,0.8290718960462158
135,873,-328.6433389449921,1151.6088386098022,56.965999603271484,56.96454201916319,-0.0014575841082944407
2523,1408,226.229316046885,-1232.729038311799,8.598000526428223,9.945869680353933,1.3478691539257106
470,173,-1026.0988888391812,810.7268654585594,64.8910140991211,64.6554071048158,-0.23560699430530008
798,1519,323.0314254662895,493.7308477617123,61.72700119018555,62.095348522942,0.36834733275644993
1067,389,-805.104667735353,215.32172782240627,72.19794464111328,72.26706908448439,0.06912444337110912
1294,1741,549.1942709277145,-0.5938107941163788,9.555000305175781,9.418290642329277,-0.13670966284650454
201,1089,-112.03065797833243,1087.3705975336677,57.8120002746582,57.52669720506549,-0.28530306959271456
2294,1984,800.5218349733371,-998.9046470464899,10.37399959564209,10.269336748395805,-0.10466284724628494
1024,1718,523.9591118514943,269.30163098107903,9.131999969482422,9.15974790227651,0.027747932794088825
1327,1511,319.393984604762,-35.50202735696752,12.550999641418457,12.449647321151033,-0.10135232026742358
1725,632,-556.5989637989919,-440.8800967062756,39.47600173950195,39.623321700222085,0.14731996072013231
935,840,-355.0520368188758,351.08472774748975,55.85200119018555,56.358030577692254,0.5060293875067075
1352,2176,984.8102623896199,-55.02281207528111,8.737000465393066,8.620667653992362,-0.11633281140070473
1701,1754,565.5565838688127,-407.61502461313535,10.211999893188477,9.808281089426638,-0.4037188037618389
216,1182,-18.87757135027866,1073.1333503825063,63.20899963378906,63.3792919034566,0.1702922696675344
2448,829,-353.5718594727207,-1162.4822198454196,9.325000762939453,9.34234970112847,0.017348938189016394
1555,2266,1076.5137057478062,-257.3443843954106,8.53600025177002,8.679282501549753,0.14328224977973392
1672,1709,520.303101459693,-378.9771627809499,10.229999542236328,10.055887140088917,-0.17411240214741142
2366,980,-203.2008343772404,-1079.2106301415452,11.571000099182129,11.460241175044438,-0.1107589241376914
2382,529,-654.2107498024762,-1098.9365055017686,8.593000411987305,8.637449511542052,0.04444909955474685
1535,1823,633.2087026940258,-240.99329644898035,6.285999774932861,7.0006686326381455,0.7146688577052842
989,759,-435.6319380660239,296.3993489079329,62.33100128173828,62.26340334917238,-0.06759793256590285
2095,121,-1064.7068008544304,-815.212465507539,9.608000755310059,9.753301271008489,0.1453005156984304
1227,1509,316.56821842591506,64.51301274257509,26.6560001373291,27.04406870817147,0.3880685708423677
1549,1650,460.2696054920427,-256.4251534216147,7.980000019073486,7.918311892869176,-0.0616881262043103
836,478,-717.982830708809,447.12873261868424,64.55801391601562,64.68955135782534,0.13153744180971216
1638,549,-640.342897558204,-354.53756348488434,52.01499938964844,51.65832400545723,-0.35667538419120604
2389,1430,247.1307359350927,-1098.5052809953727,15.439000129699707,15.38331926635656,-0.055680863343146925
1260,1155,-37.271089539087434,28.581619211325425,45.82899856567383,45.84447625025094,0.015477684577113848
1881,685,-502.29516656663293,-596.4918742763097,5.460000038146973,5.46,-3.814697269177714e-8
1915,1571,384.26450049304856,-623.1924586581113,5.947999954223633,5.948,4.577636758540393e-8
1416,608,-583.1560841433609,-131.98093830927206,57.854000091552734,57.4320989881,-0.4219011034527327
1528,784,-406.1765854989306,-242.56397130138436,26.422000885009766,26.554444545367026,0.13244366035726074
1686,1351,162.30567600877228,-395.93541616524953,10.597000122070312,11.239405587504015,0.6424054654337024
1428,517,-674.0856860093419,-144.7355701308,67.13400268554688,67.244885998597,0.11088331305012389
2523,450,-732.0723188123166,-1240.6325897129302,13.654000282287598,13.55163189644832,-0.10236838583927721
112,1612,410.3997564071185,1180.7147125357853,70.2820053100586,69.1546260002998,-1.127379309758794
2058,1620,434.45980088829657,-765.8332967267243,8.862000465393066,8.893596159194306,0.03159569380123983
1641,1086,-103.14913216727541,-353.10773742970025,14.767999649047852,16.30643770366198,1.5384380546141294
2163,169,-1016.1306964625093,-882.8377969742885,7.999000072479248,8.255170632886516,0.25617056040726816
2500,143,-1039.3585267407461,-1220.158126328092,16.36400032043457,16.147141074924605,-0.2168592455099656
755,1563,366.6904759088163,537.107494240381,58.00600051879883,57.87953937568203,-0.12646114311679924
852,372,-823.8841190800196,430.24901340575593,66.45500183105469,67.3146934205486,0.8596915894939059
669,1196,-1.1349084749244795,620.1061497267851,68.27000427246094,67.72059015698518,-0.5494141154757557
1900,1441,254.0997315830799,-609.2603192050176,9.155000686645508,9.190248988611424,0.03524830196591644
397,1465,265.7053191941584,894.4117112578067,76.45100402832031,76.12499539628324,-0.3260086320370732
2534,1496,314.3478219438132,-1243.0065012140392,8.747000694274902,8.731244711771279,-0.015755982503623756
1876,206,-981.4869905534509,-595.4423931075215,9.360000610351562,9.302732474881672,-0.05726813546989007
2484,443,-739.3962722633427,-1201.6780816386695,13.432293891906738,13.361882485014881,-0.0704114068918571
1115,1874,680.7592590997997,179.5601450882471,13.409000396728516,13.598429034049028,0.1894286373205123
305,828,-372.2545887290745,981.1839756694385,56.58399963378906,56.75889246512055,0.17489283133149058
1734,1503,314.74965519331806,-442.696414748001,8.929000854492188,9.073293034927127,0.14429218043493997
1900,855,-332.0849061157883,-614.0952328466435,8.81850814819336,8.50647207568215,-0.3120360725112086
395,1480,280.693545671655,896.5361258271471,75.64600372314453,75.22210258257643,-0.42390114056810546
2099,1884,698.8814171092222,-804.6680970530223,10.928000450134277,9.621097451188824,-1.3069029989454535
1074,1725,531.3739009676101,219.34361003507382,8.280000686645508,8.690665146273396,0.41066445962788833
1427,1652,461.2635980134215,-134.37015114094586,9.360000610351562,9.313161107830366,-0.04683950252119651
255,1865,664.6597251892827,1039.7574511808066,61.595001220703125,61.41633209971353,-0.1786691209895963
2186,1096,-88.64935478758105,-898.196904539295,10.63700008392334,11.317748970066283,0.6807488861429434
1433,2046,855.4375263346708,-137.12107275514614,5.9019999504089355,5.902,4.959106458812812e-8
595,1732,534.42349291344,698.5525661498662,52.888999938964844,52.91084476899208,0.021844830027234252
1469,714,-476.68542770640113,-184.12298534384306,38.79199981689453,39.12733016511431,0.33533034821977736
1727,2084,895.8753420168599,-430.9004351314767,8.628000259399414,8.697808431280912,0.06980817188149757
1262,2234,1042.0859790051395,35.4842170651937,6.138479232788086,6.139486328602335,0.0010070958142494035
2084,874,-311.5608131331788,-797.9963878015245,9.95300006866455,10.084403147211388,0.1314030785468372
980,2131,936.7264901492755,316.72345363300064,8.222000122070312,8.351458994023847,0.12945887195353478
180,1696,494.987436671293,1113.3864659545256,65.70600128173828,66.12355699998815,0.41755571824987214
1825,2322,1134.7591670747024,-526.9677122756445,9.670000076293945,9.586190346834,-0.08380972945994536
1104,1529,335.55959696492204,187.7168407056481,43.87200164794922,44.11326715482906,0.2412655068798415
783,896,-300.28867932294577,503.59467089255554,55.5880012512207,54.221723104387536,-1.3662781468331673
960,1408,213.33320215231225,330.76381173487016,73.34400177001953,72.58640850575307,-0.7575932642664611
631,1651,453.6950008030614,661.8727899667122,62.20199966430664,61.50439965662693,-0.6976000076797106
1809,1909,721.4966222875124,-514.3702415912502,9.826000213623047,9.913437761231222,0.08743754760817524
1414,1861,670.2223130253756,-119.64154460091154,9.47800064086914,9.513585795147762,0.03558515427862119
1573,789,-400.80371413438405,-287.53687672330295,39.0989990234375,35.156336194586466,-3.9426628288510344
70,1889,687.1405908966103,1225.0139293160642,49.70899963378906,50.46129719309104,0.7522975593019794
801,47,-1149.4070368711461,478.58319083522355,73.99600219726562,73.75396449355028,-0.24203770371534006
1192,1485,292.27184825170036,99.32601811042403,35.24300003051758,35.42463764176872,0.18163761125114064
222,1954,753.4155047016717,1073.5023373999165,56.22700119018555,56.19561589240914,-0.03138529777640997
1095,2018,824.6397156255664,200.75468296922804,9.063000679016113,9.125761141281963,0.06276046226584953
848,2166,970.64832418466,449.05398542235423,9.273000717163086,9.283620276246971,0.010619559083885122
1334,1041,-150.69640402848918,-46.38234251203081,68.18900299072266,66.241312173967,-1.947690816755653
1305,2176,984.4224509941258,-8.00795514549261,6.124000072479248,6.212059054562237,0.08805898208298935
1054,2088,894.3235206275571,242.34524743165736,10.609999656677246,10.62647731044153,0.016477653764283673
1086,505,-688.9114252019783,197.27293581070722,70.13200378417969,70.13885149937126,0.006847715191568682
2446,688,-494.63272980458675,-1161.644858316599,8.213000297546387,8.263122553358638,0.05012225581225138
1246,1620,427.7600156286021,46.42292336744593,16.488000869750977,16.51117970421884,0.023178834467863396
1996,984,-202.2522282491649,-709.0611217290559,9.539000511169434,9.531214463132889,-0.007786048036544813
1275,1117,-75.15929156311617,13.26334192114182,52.12900161743164,52.28823552028797,0.15923390285632877
1511,772,-418.3206304295943,-225.65763496262153,26.518999099731445,27.15316369122283,0.634164591491384
2298,402,-781.9436953818038,-1015.9578795735795,14.439000129699707,14.182034045358215,-0.25696608434149226
601,1322,124.34366783734343,689.1673339668671,72.26600646972656,72.35869718560338,0.0926907158768131
672,811,-386.23139659990653,613.92819415895,55.7859992980957,56.11069888477039,0.32469958667469
220,1456,255.24181451902845,1071.3932581342337,76.875,76.70976795831439,-0.16523204168561278
1153,653,-540.3120315444244,131.473090095933,70.11400604248047,69.33970111188293,-0.7743049305975376
2024,1031,-155.0064096220128,-736.6821615949931,10.444999694824219,10.345896098572421,-0.09910359625179765
1201,676,-516.9087269681803,83.6477749019159,70.08700561523438,68.77895919683229,-1.3080464184020855
666,1186,-11.162815552044712,623.0245752106091,66.37700653076172,66.74067267887575,0.3636661481140351
1727,2267,1078.9331913352726,-429.39051939406227,8.369000434875488,8.37141948199478,0.0024190471192913066
437,396,-803.3011542218156,845.5774745300778,59.01300048828125,58.93568823138584,-0.07731225689541077
207,764,-437.0834645334115,1078.6866589052156,53.786190032958984,53.787609944195665,0.0014199112366810596
1110,50,-1143.856329188753,169.51095050276774,76.79700469970703,76.83117543193985,0.0341707322328233
1328,1921,729.5316545758033,-33.1193086607068,16.440000534057617,16.451046336863826,0.011045802806208371
690,41,-1156.3248796525995,589.5685214217526,67.44400024414062,68.43974120734453,0.9957409632039003
1943,869,-317.72571982713544,-656.9932581004731,8.61500072479248,9.2251321636923,0.6101314388998187
620,1975,777.7065301463525,675.5499166993332,20.965999603271484,21.861402148809766,0.8954025455382819
110,686,-515.9084974968149,1175.073478203305,61.67599868774414,61.68182674562846,0.005828057884322391
1920,366,-821.0736921110966,-638.1361062616784,8.401000022888184,8.304231967579868,-0.09676805530831523
658,836,-361.3390559902573,628.1388996533027,55.5629997253418,55.893182212250224,0.3301824869084271
1334,950,-241.7250615852982,-47.133209781471066,73.3790054321289,73.61619710370515,0.237191671576241
739,1789,592.6297732392201,554.9774718781756,29.172000885009766,29.117090936115382,-0.05490994889438383
927,869,-326.1089222055364,359.3265452007767,54.72700119018555,54.66688933172408,-0.06011185846146816
158,711,-490.5045114902635,1127.2646927049968,53.88800048828125,53.575942504888815,-0.3120579833924353
1257,2282,1090.0598993748356,40.881864112473224,6.146999835968018,6.217756871903063,0.07075703593504556
2063,697,-488.789777072274,-778.4501208607757,9.491000175476074,9.440993857379855,-0.05000631809621936
680,2176,979.2651679350139,617.189607449507,14.973999977111816,14.505288530521186,-0.46871144659063013
135,614,-587.7248312375426,1149.4714317970825,61.16600036621094,60.71295493498156,-0.453045431229377
1709,1801,612.6374300731696,-415.2297570027961,10.35200023651123,10.312237782111804,-0.03976245439942616
2092,45,-1140.7554129535492,-812.8385597157335,10.5649995803833,10.854866262229066,0.2898666818457656
160,1596,394.79082938738026,1132.5675283983755,73.41699981689453,73.38336661751374,-0.03363319938078746
410,1727,527.8952661292054,883.5696982412592,64.04199981689453,63.42290031805336,-0.6190994988411731
1218,308,-884.8841470819567,63.60591038131969,74.71700286865234,74.65435125754469,-0.06265161110765405
1911,2061,874.386220710617,-615.148348141087,9.29800033569336,9.17580189245563,-0.1221984432377301
2223,998,-186.37495839560455,-936.0170957383258,14.303000450134277,14.483960620614047,0.18096017047976964
1811,1716,528.4521827689019,-517.9632801521013,9.368000030517578,9.408026410860366,0.040026380342787604
1373,1895,703.8947501688926,-78.34805453635039,14.480999946594238,15.06584054631402,0.5848405997197812
2211,1329,144.63033549980005,-921.2824394380482,0.5040000081062317,3.5631374938091946,3.059137485702963
911,2101,906.1476412851406,385.49770955183897,8.835000038146973,8.822667536281807,-0.012332501865165213
231,1992,791.5017809353102,1064.8130865096405,54.34700012207031,54.21359587928615,-0.13340424278415952
2061,762,-423.78582609747554,-775.9132074012366,10.857000350952148,10.852099066100951,-0.0049012848511971185
377,487,-712.7676850715536,906.3472879178522,57.60200119018555,57.11472801702003,-0.4872731731655193
1789,210,-978.2035509013666,-508.38206546865825,9.308000564575195,9.282129374394,-0.025871190181195658
352,868,-331.8541393119714,934.4992769490481,57.35300064086914,56.965070700726486,-0.387929940142655
1423,1512,321.18642022378043,-131.52405743378878,11.402000427246094,11.47401112262147,0.07201069537537563
589,2090,892.4870524502397,707.5086953811021,17.201000213623047,17.288141977638155,0.08714176401510798
143,2198,996.8406629815141,1154.5409006883835,25.382999420166016,25.161646796828514,-0.22135262333750205
1938,134,-1052.9980592502595,-658.0559118363478,9.030000686645508,9.260811067424495,0.23081038077898697
1105,1660,466.609183032878,187.79747559791502,19.900999069213867,20.474182264531056,0.5731831953171884
1436,1006,-184.86580107230287,-148.70325843837804,59.78300094604492,59.0939311117562,-0.6890698342887234
2261,40,-1144.362663214936,-981.9328604738594,-0.9020001292228699,1.0797947916881816,1.9817949209110515
1377,215,-976.6014023881756,-96.21140907998418,63.80500030517578,63.86686613228083,0.06186582710505206
2448,1619,436.67712064688476,-1155.9646069721457,8.256999969482422,8.24889986359718,-0.00810010588524257
550,2269,1071.2218044980514,747.9981439072626,14.350000381469727,14.417539504193769,0.0675391227240425
763,1781,584.8252930414151,530.9038799574142,26.937999725341797,26.358180447982463,-0.5798192773593343
263,970,-230.55648572868574,1024.3690339670798,56.926998138427734,57.127902039693225,0.20090390126549096
1168,1280,87.00917365486966,121.64203773641705,43.62699890136719,43.7610626363619,0.13406373499471158
1701,743,-445.7620647864696,-415.95669805179887,41.573001861572266,42.063425533897814,0.49042367232554795
875,1371,175.6201388804921,415.4852985057004,77.70100402832031,77.83110375364356,0.1300997253232481
222,1279,78.20251288834467,1067.931946413116,74.71300506591797,76.37891802963172,1.665912963713751
209,2251,1050.4020836125294,1088.957417071911,25.365999221801758,25.044996968564256,-0.3210022532375021
1089,1365,171.3841014167501,201.3683190216218,62.35100173950195,61.21383871185647,-1.1371630276454852
2198,1582,397.6028766905569,-906.1909880609877,10.503999710083008,10.144627223941322,-0.3593724861416856
1780,704,-484.122517162509,-495.30333642424415,10.605445861816406,11.184735734551003,0.5792898727345968
1324,1156,-35.74268908915145,-35.430293534685106,49.025001525878906,48.63740655451904,-0.3875949713598672
1458,1508,317.47394987607396,-166.56810220582744,10.836999893188477,12.372597797374961,1.535597904186485
1315,1020,-171.8597927561445,-27.54963602686047,68.26300048828125,68.59563079598682,0.3326303077055712
2305,946,-237.71480636169287,-1018.4719320775803,11.609000205993652,11.424087772558133,-0.18491243343551922
1147,2323,1130.1652068648773,151.25495836370746,18.006000518798828,18.14066591553048,0.134665396731652
2155,214,-971.182566587267,-874.4640161537279,7.089000225067139,6.745611264738565,-0.343388960328574
2134,287,-898.332893926661,-852.8551386074441,5.9670000076293945,5.621837281972798,-0.34516272565659634
1424,1578,387.2154933600716,-131.9797934854715,9.28600025177002,9.32987339771688,0.043873145946861314
1699,2154,965.6664408181139,-402.31402144939506,8.721000671386719,8.750969640535942,0.029968969149223312
2485,679,-503.3138066096544,-1200.7313774130785,9.320000648498535,9.44314245351745,0.12314180501891414
1583,1774,584.5892825079586,-289.41275358771935,9.058000564575195,9.154826025952897,0.09682546137770132
1386,1907,716.0058065282358,-91.25314526182233,13.711999893188477,13.08189631116381,-0.6301035820246668
1065,2190,996.446527601491,232.1834316768446,9.01322078704834,9.012720292149725,-0.0005004948986151447
1108,971,-222.58326665325438,179.11122834646724,49.93600082397461,49.933872247751175,-0.0021285762234342087
1014,1781,586.8964838713734,279.824639583626,8.116000175476074,8.26730074171222,0.15130056623614507
422,1694,494.9838768889549,871.2935872094606,64.47401428222656,64.29210021799011,-0.18191406423645162
1185,156,-1037.2041882182148,95.36205982285308,76.22200012207031,76.12178841538045,-0.10021170668986201
1380,477,-714.4943199210089,-97.05052830175475,74.82300567626953,74.79647117653143,-0.026534499738104955
1535,2035,845.2756672867245,-239.24406425896433,5.9019999504089355,5.902,4.959106458812812e-8
433,416,-783.327877327704,849.7437761261324,58.56399917602539,58.68004126616311,0.11604209013771793
202,2174,973.3199737302689,1095.3241921680415,28.492000579833984,26.552233227063077,-1.9397673527709074
2111,1105,-80.26530319223248,-823.0990250316722,14.055999755859375,13.796009170537452,-0.25999058532192265
1517,226,-964.4427842821074,-236.16461874840724,38.0260009765625,38.38182023828451,0.3558192617220115
2177,2124,939.6007819978885,-880.7126228881027,14.01200008392334,13.881957619877076,-0.13004246404626407
1664,344,-845.192812867893,-382.2371806760038,34.35599899291992,34.03867150751719,-0.31732748540272837
1290,553,-639.2130400645076,-6.395135054741073,71.48700714111328,71.41226130058892,-0.07474584052435773
2498,173,-1009.3656056720546,-1217.9099968639023,15.407999992370605,15.316362723192007,-0.09163726917859805
2306,1660,476.51852866014553,-1013.5815384185377,12.868000030517578,12.708887140063316,-0.1591128904542618
758,1085,-111.4354585980922,530.1621469489168,63.13600158691406,62.121375181083415,-1.0146264058306471
928,341,-854.2667281915855,353.96932810397294,70.82200622558594,70.49092859945696,-0.3310776261289732
943,1685,490.2803115507054,350.05489159783974,27.141000747680664,27.283020826457953,0.14202007877728917
2039,1835,649.3709102247539,-745.0534270130313,8.993000030517578,8.925602939134462,-0.06739709138311589
1090,684,-509.8221245873371,194.7487038358503,68.15400695800781,68.16627374089421,0.012266782886399596
1342,265,-926.8744904216028,-60.78785261048311,69.19200134277344,69.16315027346454,-0.02885106930889947
2250,1300,115.94295737216251,-960.5339939866899,14.345000267028809,14.88333349050016,0.5383332234713514
1924,551,-635.9825331935025,-640.6109905142124,5.460000038146973,5.459999999999999,-3.8146973579955556e-8
1039,636,-558.2580533719397,245.36867050352927,66.14600372314453,66.04781224993557,-0.09819147320895638
2332,1750,566.7614448247106,-1038.8472183053595,12.260000228881836,11.558704454351414,-0.701295774530422
2269,2054,870.3376946616547,-973.3192245290086,0.7862944006919861,1.7459031189414613,0.9596087182494752
185,2077,876.1490245566569,1111.5290768514812,40.17599868774414,40.34580742351379,0.1698087357696494
2148,1289,104.09794902940018,-858.592597408117,14.053999900817871,14.69371758870424,0.6397176878863693
364,2139,939.645797094825,932.9841574350507,26.43400001525879,26.75619821547902,0.3221982002202317
1028,396,-798.4242793425967,254.3917452641523,70.2490005493164,70.69681655646399,0.44781600714757985
1105,1279,85.48901422856238,184.65364319364667,52.60599899291992,52.744041156321515,0.13804216340159314
449,2008,809.3058424874613,846.8762558236128,28.398000717163086,28.06296459202055,-0.3350361251425369
2152,948,-236.97648253985884,-865.4072598586766,0.52920001745224,2.0425148476777646,1.5133148302255246
837,598,-597.9368471122617,447.1186347752338,59.83000183105469,60.15726892391503,0.32726709286033895
1691,2208,1019.6175039613065,-393.86594190354026,8.475000381469727,8.706695252708709,0.23169487123898236
441,934,-265.09891114312376,846.015910657719,60.887001037597656,60.859144021178366,-0.02785701641928995
1311,1992,800.4138108663913,-15.528095361332465,15.803000450134277,15.430435389393521,-0.37256506074075624
811,839,-357.0755701695258,475.11550249265474,55.27799987792969,55.37450029285779,0.09650041492810146
134,2238,1036.7790358846537,1163.8738459657127,24.003000259399414,24.267435641890504,0.2644353824910901
860,1909,713.66614099003,434.9294850991662,12.637999534606934,13.110173420066092,0.47217388545915817
1364,1032,-159.45170046210055,-76.46605221212585,69.62200164794922,68.46552364685722,-1.1564780010919975
416,602,-597.4096873415828,868.2840364977294,57.1879997253418,57.3765718701814,0.18857214483960405
2323,109,-1074.8294827338407,-1043.3830559973285,14.069999694824219,13.598554478004099,-0.4714452168201202
167,676,-525.4412496818085,1117.9730239056057,52.60300064086914,52.62120096770552,0.018200326836378622
1484,1203,12.592316032631032,-195.0929005766999,24.024999618530273,23.88330856566155,-0.14169105286872252
1784,2014,826.3235218504115,-488.49600710100503,5.9019999504089355,6.248476900595718,0.3464769501867826
1665,1516,327.1844427794018,-373.5673881368255,9.134000778198242,9.161445511349115,0.02744473315087248
1019,1489,294.84559532864495,272.4135888320508,55.56598663330078,55.18266246415777,-0.38332416914300893
676,347,-850.3443042930938,606.0980200449695,68.16300201416016,67.93079871799176,-0.23220329616839308
1061,1105,-88.92888472322228,227.23173787247316,50.970001220703125,50.86281051688446,-0.10719070381866658
2519,243,-939.1703675705028,-1238.339089515891,11.07800006866455,11.046333911164952,-0.03166615749959867
1482,1326,135.61458311031478,-192.07738021807222,12.987000465393066,13.360898660580201,0.3738981951871345
1745,2037,849.0090057896012,-449.2939149802237,5.9019999504089355,5.97566620320892,0.07366625279998473
1282,801,-391.2010340406927,3.6537126138464266,44.849998474121094,44.86090561002474,0.01090713590364345
2064,1604,418.50425523007664,-771.9671987715797,8.824000358581543,8.913155575553398,0.08915521697185547
1056,1685,491.2127469663609,237.01922845315607,18.615999221801758,17.90261312408831,-0.7133860977134461
440,1437,238.05133482758075,851.1670887130894,74.56100463867188,75.00314684045551,0.44214220178363917
1383,2238,1047.0856525737868,-85.52103368119923,8.749000549316406,8.778837409875749,0.029836860559342426
117,1909,707.5347785718127,1178.1641380853653,48.474998474121094,49.16503327176893,0.6900347976478329
1743,2334,1146.0863935688574,-444.8427687904792,8.70300006866455,8.53707416063164,-0.16592590803291074
733,1425,228.46540536402765,557.9756711107357,72.08800506591797,72.06362278804347,-0.024382277874494207
1579,1580,390.4950482979708,-287.0121937872858,9.233000755310059,10.18906804992678,0.9560672946167212
954,124,-1071.1203452065479,326.1705438747482,77.01600646972656,76.90435819547031,-0.1116482742562539
1434,579,-612.0166831068864,-150.22588344098807,60.077999114990234,59.96593339362272,-0.11206572136751447
50,984,-218.30986051562013,1237.551632548101,49.821998596191406,50.08987897809544,0.2678803819040354
2282,961,-222.89983996741924,-995.3409360846374,12.300000190734863,12.47632366428266,0.17632347354779654
2286,694,-489.95087752712436,-1001.5450246038449,10.696432113647461,9.425379543134682,-1.2710525705127793
1032,771,-423.2733423085308,253.48483822572655,64.51399993896484,64.47249507994617,-0.041504859018672846
2496,1797,615.1293137699788,-1202.5112325804141,8.256000518798828,8.254215412948826,-0.0017851058500024664
2254,1537,353.050699855636,-962.5799220185015,0.4779999852180481,0.6598401880324992,0.18184020281445112
2119,692,-493.3293218493083,-834.5089901065475,9.61500072479248,9.41677701314874,-0.19822371164373997
1130,784,-409.4605996942948,155.56127080594229,58.17900085449219,58.35225810201691,0.17325724752472382
1300,1149,-42.94292617167089,-11.480491265379507,49.82400131225586,49.0460776423334,-0.7779236699224583
2322,1434,250.57923141016997,-1031.4511519050018,14.163999557495117,15.489256030211102,1.325256472715985
64,788,-414.25602308240263,1221.929713575009,60.685001373291016,60.90192526040184,0.21692388711082344
867,1219,23.506210796102742,422.233551304269,71.30000305175781,71.03109536725825,-0.2689076844995668
93,1170,-31.896410880286382,1196.0730723837742,54.500999450683594,54.61525909185827,0.11425964117467657
801,2199,1003.2709201325722,496.34115219268205,9.974000930786133,10.334124563657303,0.36012363287117033
2231,138,-1046.57940495979,-951.1149114130992,9.039000511169434,7.2495105829592115,-1.7894899282102221
1696,2028,839.6018678880353,-400.35269103695964,5.9019999504089355,5.902,4.959106458812812e-8
213,1319,118.14084972970846,1077.2648807308892,78.0790023803711,78.45431129035755,0.37530890998645816
2427,859,-323.73566946887695,-1141.2281062137884,9.35200023651123,9.248052179005397,-0.1039480575058338
617,1630,432.57284539042047,675.7039152305431,66.47500610351562,65.15320270776284,-1.3218033957527808
1177,1500,307.15280795279585,114.45452095797782,37.606998443603516,36.71401481931118,-0.8929836242923344
270,282,-918.7151076752053,1011.6891809279915,64.87899780273438,64.82616031826551,-0.052837484468867046
2054,831,-354.8218643858486,-768.3417177777058,11.116999626159668,11.039835293148085,-0.07716433301158254
281,2135,934.9595883159009,1015.9773798113049,30.683000564575195,30.739866326708206,0.05686576213301109
1046,1189,-5.02619232262142,242.92959637494775,53.39099884033203,52.71535820983411,-0.6756406304979237
140,324,-877.7747304146799,1142.0766240807202,66.7750015258789,66.6198651195906,-0.15513640628830672
266,1035,-165.51125909126037,1021.9044951276242,58.83100128173828,58.69885630832265,-0.13214497341563458
697,1665,468.2440501910952,595.9674901681458,52.25,52.18459009777072,-0.0654099022292769
1405,187,-1004.3791622991531,-124.4512371275581,62.66899871826172,60.71577503696802,-1.9532236812937
2519,1766,584.3092780230086,-1225.7742468748268,7.914000034332275,7.945643523542033,0.0316434892097579
1176,2199,1006.3652916005105,121.22260587903588,19.051000595092773,19.011783977616748,-0.03921661747602556
984,229,-965.8398207403961,297.0275476039466,73.88600158691406,74.149227387963,0.26322580104893234
1151,314,-879.4351081545925,130.67646919463627,74.44400024414062,74.46315525231788,0.019155008177250465
594,220,-978.0608664959508,687.0757735047797,64.3740005493164,64.39148885602799,0.0174883067115843
2452,1476,293.6650052144236,-1161.1456407349488,11.501999855041504,11.56384529718521,0.061845442143706464
492,1685,486.55869033906873,801.1972258651891,66.74500274658203,66.255305402068,-0.4896973445140276
946,561,-634.0490429463712,337.7790441011652,63.83300018310547,65.02316575009252,1.190165566987048
892,1434,238.78028476909893,398.99979880646083,71.92500305175781,71.50567595583574,-0.4193270959220712
1994,1335,148.84186876657256,-704.1645281531094,9.288000106811523,9.186746761407905,-0.10125334540361841
1710,1667,478.6033802014706,-417.33569519810567,8.812000274658203,8.735334475935028,-0.07666579872317492
679,1043,-154.10058993275646,608.8404478375057,58.29199981689453,58.30744013897345,0.015440322078916324
820,1882,686.3275412658528,474.71931907311193,17.22599983215332,15.675344484532024,-1.550655347621296
1423,570,-621.1102764541957,-139.2966850371682,60.59700012207031,60.97526203068177,0.3782619086114565
241,1171,-29.674726617128833,1048.0346971117997,64.1989974975586,64.42715402488716,0.22815652732856506
1213,1977,784.6004374619004,82.37909332337397,16.215999603271484,16.322200491322537,0.10620088805105254
1391,1672,480.9728661998597,-98.19376570735037,9.260000228881836,9.328860560625486,0.06886033174365025
2156,1670,485.2841292711044,-863.4516968525503,10.295999526977539,10.80375030289898,0.5077507759214406
923,1132,-63.059105302659226,365.49800520271697,64.5,64.79458566307406,0.2945856630740593
2478,1560,377.9060077320554,-1186.4608304520686,13.406999588012695,13.279158844661156,-0.1278407433515394
1351,676,-515.6710251376992,-66.39940994694413,52.25,52.46468841314209,0.21468841314209186
2101,1503,317.777659155209,-809.8121747311311,8.756000518798828,8.686779151212441,-0.06922136758638686
579,43,-1155.2402239531602,700.6198669135897,67.29199981689453,67.19541471019875,-0.0965851066957839
140,632,-569.6779073730829,1144.6184050237555,59.7599983215332,60.3857597275298,0.6257614059965988
1818,1126,-61.67612457566214,-529.8334597590792,9.995000839233398,8.529069141277176,-1.465931697956222
507,630,-568.6499321966055,777.4864797460684,60.16600036621094,60.44889325634796,0.28289289013702046
1502,430,-760.5024511506497,-219.47668205566265,62.638999938964844,62.56762834326281,-0.07137159570203266
182,1569,367.96386550899996,1110.3377708725402,74.36900329589844,75.06470780303924,0.6957045071408032
904,1610,414.93482581934643,388.4483199622347,41.237998962402344,40.23289833486399,-1.0051006275383543
59,446,-756.404847638452,1224.108891566359,63.71699905395508,64.61527060067766,0.898271546722583
528,502,-696.5168881820603,755.4236028410876,60.17300033569336,60.185552934493174,0.012552598799814518
204,733,-468.11797597825574,1081.4317764208438,52.46900177001953,52.49463771827168,0.025635948252151763
1051,436,-758.2219207005493,231.71458025212021,69.03900146484375,69.68967932914734,0.6506778643035886
916,1094,-101.12883869753456,372.18664500237696,62.89400100708008,63.002518739676134,0.1085177325960558
2489,105,-1077.46120980261,-1209.4681744928828,15.885000228881836,15.925166380430882,0.04016615154904635
1345,1308,116.47849280227567,-55.18271533655603,23.552000045776367,23.221560303484466,-0.330439742291901
1322,1569,377.3710257964874,-30.0218744049864,16.73200035095215,15.933344388316106,-0.7986559626360421
1879,1516,328.95012301869883,-587.63489149066,9.384000778198242,9.31707664179034,-0.06692413640790207
124,1015,-186.68940774257067,1163.7841619922774,55.130001068115234,55.05812937102455,-0.07187169709068542
2523,975,-206.90713647977344,-1236.3013161392169,16.687000274658203,17.215516812421328,0.5285165377631245
366,2264,1064.7018177896775,932.0150598978566,17.881000518798828,19.193129072708498,1.3121285539096696
2147,1342,157.10640719793344,-857.1550080386339,12.708999633789062,12.97332695693257,0.26432732314350815
1646,1213,23.932137982177892,-357.061439434267,12.399240493774414,12.740694180309651,0.3414536865352371
102,543,-659.0194921979834,1181.8958766691715,62.06800079345703,61.98990271119961,-0.07809808225741932
1038,868,-326.19330381065237,248.28335494894043,54.97800064086914,54.06326874500221,-0.9147318958669288
1076,503,-690.994569447557,207.25957654623284,69.84400177001953,69.82995696613753,-0.014044803882001133
2356,1246,62.80046671319583,-1067.0129191908502,26.134000778198242,26.181302934931352,0.04730215673311022
619,584,-613.7401663017994,665.0716618187141,65.6760025024414,65.485792910372,-0.19020959206940802
1605,753,-436.551010068078,-319.84398279571263,43.67399978637695,43.69355203996183,0.019552253584876667
61,1431,228.92177892924553,1230.237083035937,64.90501403808594,64.6819295090492,-0.2230845290367398
744,697,-499.6731286046309,540.9648192919921,55.45800018310547,56.59315553162994,1.1351553485244708
1603,343,-846.696436474737,-321.22626427138505,43.22600173950195,42.82124960376355,-0.4047521357384056
1795,2205,1017.474646932016,-497.92357285287477,8.957000732421875,9.032312381905626,0.07531164948375135
1015,1121,-73.30341751728037,273.37825416688526,56.35300064086914,56.78983723359354,0.4368365927243971
2057,392,-793.93518777522,-774.9646438366807,5.460000038146973,5.678712878197353,0.21871284005038039
2082,1503,317.62089941822,-790.8061817307063,8.609000205993652,8.111286785666136,-0.497713420327516
1935,1639,452.45097157028937,-642.6377221552073,5.947999954223633,5.948,4.577636758540393e-8
2317,226,-957.8422405480104,-1036.4158940602213,11.835000038146973,11.98934599553461,0.1543459573876369
269,129,-1071.7714126791307,1011.4268772139113,66.07100677490234,66.0819308311158,0.010924056213454492
1209,1182,-10.683402988091814,79.82047573381874,43.0629997253418,43.01464213279724,-0.04835759254455496
357,614,-585.8927968043726,927.4016178668267,55.66699981689453,55.69054698890274,0.02354717200820744
1455,866,-324.75310879644513,-168.86440447495113,42.98699951171875,43.065241521668476,0.07824200994972585
1340,1209,17.406032535208627,-50.99801648806228,37.20800018310547,37.734276761034415,0.5262765779289467
1959,128,-1058.8266797159786,-679.1120094886317,8.306000709533691,8.251180324338746,-0.05482038519494559
2201,101,-1083.8385339242152,-921.4107548162942,8.831000328063965,8.797855694788375,-0.03314463327559025
2161,1214,29.181565463136888,-872.2154779871448,1.753000020980835,4.756465644886092,3.0034656239052566
1966,655,-531.6032964613321,-681.7661320309426,5.460000038146973,6.677267537856093,1.21726749970912
1419,1999,808.3071592341042,-123.50445616866922,8.402000427246094,8.095088297492133,-0.306912129753961
1781,1579,391.1614222093187,-489.0841759847597,5.947999954223633,6.88443396865733,0.9364340144336971
2224,1144,-40.32071721197285,-935.8128568010759,15.387999534606934,15.3895603326491,0.001560798042167022
1266,1894,702.0115438642254,28.677486923255625,15.562000274658203,15.672465079876662,0.11046480521845936
1280,2060,868.1795049663167,16.042790236507948,16.645999908447266,17.357266621274405,0.7112667128271397
170,466,-735.4825288051949,1113.2390547743566,58.90599822998047,58.211837348319875,-0.6941608816605935
2390,486,-697.1582680543913,-1107.2937783353113,10.085000038146973,10.09278098296809,0.007780944821117686
400,2027,827.9074858714888,896.0485284092308,30.023000717163086,30.867847430342742,0.8448467131796562
482,169,-1030.001118988753,798.6900884877505,64.97699737548828,64.95461316412498,-0.022384211363302597
161,1631,429.8101258179245,1131.8560501825127,71.7750015258789,71.77120093853446,-0.003800587344443329
1567,1268,78.29764277409213,-277.5827367387649,13.043999671936035,13.357684034922581,0.313684362986546
90,1877,675.3018529933075,1204.9085829027003,52.52899932861328,52.54414805248622,0.015148723872940195
359,892,-307.788818325097,927.695128944986,58.05500030517578,58.14075180856719,0.08575150339140691
1198,437,-756.0086359623939,84.67662774456777,74.19100189208984,74.11370488607687,-0.0772970060129694
2497,496,-686.2723591888076,-1214.2449144436787,11.449000358581543,11.422511656544096,-0.026488702037447354
1596,1401,211.57885386428632,-305.49449093577516,17.235000610351562,16.94471830855967,-0.29028230179189407
2177,1249,64.32460332212162,-887.9317551739969,0.5040000081062317,1.896250784752584,1.3922507766463523
2511,770,-412.0706716103784,-1225.9888007817754,9.815000534057617,9.842394224079294,0.02739369002167713
1379,1595,403.8495521640632,-86.82532480677332,10.885000228881836,10.885390532756247,0.0003903038744113019
2440,446,-736.7583344788119,-1157.63950134381,12.5600004196167,12.400942187324135,-0.15905823229256377
240,976,-224.74440174694237,1047.4257900100254,56.8129997253418,56.43909405880699,-0.37390566653481017
612,1625,427.5300074065558,680.6642327601246,66.38700103759766,65.90981824100845,-0.47718279658920437
1326,859,-332.81972083450387,-39.88155890440341,56.29999923706055,56.16444398072351,-0.13555525633703525
221,2256,1055.5026939716804,1076.9948853181259,25.3439998626709,25.23317474313257,-0.11082511953832963
437,320,-879.3250361079275,844.9503054132588,60.63399887084961,60.659892278086154,0.025893407236544874
647,2201,1004.0007551595772,650.4063383771495,15.600000381469727,15.245460370670461,-0.35454001079926556
75,216,-986.3450727896424,1206.205763341582,69.3530044555664,69.17330705957266,-0.1796973959937418
545,2334,1136.2010987872334,753.5361110261284,14.954000473022461,14.905753337404256,-0.048247135618204595
813,874,-322.04804964571883,473.40368704446644,55.17900085449219,55.10440078516953,-0.07460006932265628
1393,761,-430.2977293622266,-107.71126770126459,31.16699981689453,31.86143099996226,0.6944311830677279
1829,2127,939.7305179557894,-532.5778840737659,8.362000465393066,8.605068491012892,0.24306802561982543
213,2078,877.3804097328632,1083.528481868313,42.19599914550781,41.948842634569935,-0.24715651093787727
1220,1358,165.46283794160087,70.2692577487266,44.17900085449219,43.786107595011636,-0.39289325948055165
1704,1750,561.5800738355721,-410.64897533237234,10.135000228881836,9.630628617330288,-0.504371611551548
1657,508,-681.1990209243361,-373.88182649201843,52.20399856567383,51.337745966116906,-0.8662525995569226
1804,693,-494.92795836601175,-519.4016454946636,10.121999740600586,9.89888609406689,-0.2231136465336956
2159,1339,154.2044667187132,-869.1835424356142,13.723999977111816,14.335296290240215,0.611296313128399
1122,524,-669.6083966555562,161.41839657018684,72.5770034790039,72.66129893698914,0.08429545798523463
695,122,-1075.2581908483164,585.2353603344678,69.47600555419922,69.20810928296022,-0.26789627123899606
2082,1514,328.6243694050578,-790.7154259181643,8.66200065612793,8.511531193873019,-0.15046946225491098
399,88,-1111.7114847595922,881.0477181087725,66.70899963378906,66.00453609824457,-0.704463535544491
815,2247,1051.4016213465436,482.7328140798079,10.211999893188477,10.349222200901009,0.1372223077125323
92,2238,1036.432428336481,1205.8871237736405,21.802000045776367,21.634035356335566,-0.1679646894408009
113,1126,-75.7452224980023,1175.7036591373287,54.42300033569336,54.91853038593268,0.4955300502393172
1636,2314,1125.1972182575903,-337.97394838414596,8.72700023651123,8.646014371215784,-0.08098586529544605
168,1321,119.77011898829133,1122.295570000472,71.61300659179688,71.58608736623326,-0.026919225563617033
622,1278,80.50309068425189,667.797625201802,69.26100158691406,69.7346852696527,0.47368368273863837
1988,2096,910.0325826991738,-691.8839069523631,15.756999969482422,15.8439653328272,0.08696536334477756
2245,1064,-120.17266282456616,-957.4795007076956,14.963000297546387,14.842771928503096,-0.12022836904329104
857,1656,460.5615090615027,435.84273160766986,39.150001525878906,36.17290692158277,-2.977094604296134
2246,1138,-46.14109974365256,-957.8692899953039,15.895999908447266,15.943757450750985,0.04775754230371909
2269,1642,458.20758633333907,-976.7183681421836,2.1110000610351562,2.162160074002511,0.05116001296735462
1012,2283,1089.0385962635883,285.9675870291461,8.77500057220459,8.641371758754843,-0.13362881344974653
952,1266,71.22242076039709,337.5945949899475,70.26000213623047,70.57654712093793,0.3165449847074626
286,116,-1084.6352041278935,994.3142587203608,65.89900207519531,65.7241241028377,-0.17487797235760638
611,1525,327.49020474659335,680.8393448802717,70.82100677490234,71.16500578357811,0.34399900867576605
1940,1258,71.3720611178334,-650.7828061341236,9.61400032043457,9.562493085596401,-0.051507234838169325
230,666,-534.9244905586213,1054.870683488647,52.71799850463867,52.720062700173706,0.00206419553503423
2069,2302,1116.7660053890224,-771.2098892103286,18.722000122070312,18.349317643779816,-0.3726824782904963
2385,414,-769.2221524956524,-1102.8862194187595,13.180000305175781,12.772214171932731,-0.40778613324305013
341,1838,638.3609025752567,953.5074828527261,63.874000549316406,63.719784428061764,-0.1542161212546418
863,1461,265.54949884474695,428.23174175555744,68.31300354003906,68.17328951258305,-0.1397140274560087
2226,1130,-54.30862750543342,-937.9289920668512,15.567999839782715,15.340164083590345,-0.22783575619236984
1842,1956,768.7837446218269,-546.9928773423561,9.987000465393066,9.751620361582704,-0.23538010381036223
1597,372,-817.7368293709347,-314.98509982193406,49.51599884033203,49.06540985713807,-0.4505889831939598
1061,1406,212.1659857747387,229.7154612785083,59.96649932861328,59.691496920607534,-0.27500240800574716
163,1182,-19.314952331078878,1126.1500488402423,56.35300064086914,56.83261335365535,0.47961271278620643
1719,2047,858.7976425324982,-423.2031907469393,6.623000144958496,6.694449842382907,0.07144969742441099
40,619,-583.5072529314748,1244.5425697511064,66.92500305175781,67.21488486627828,0.28988181452047
637,424,-773.641933014105,645.7456793493827,66.34700012207031,66.34356251580161,-0.003437606268704485
2479,911,-271.29029220384217,-1192.815468210591,11.890999794006348,12.188601191088178,0.29760139708183075
623,2048,850.7543501442591,673.1513664176305,17.610000610351562,17.619230529730807,0.009229919379244222
285,2008,807.9524658708584,1010.9280659333142,53.367000579833984,54.2922134808328,0.9252129009988153
1210,941,-251.751063069085,76.8315689700803,62.16299819946289,62.193900119967935,0.0309019205050447
1082,1601,407.40077907549767,210.3178922901427,35.06800079345703,35.25074443936537,0.1827436459083387
2204,145,-1039.7999667755282,-924.0486809262068,8.54800033569336,8.755879123934003,0.20787878824064343
1970,1324,137.64038583033232,-680.2477191841044,9.8410005569458,10.266140280975002,0.42513972402920075
2191,1663,478.5706850039004,-898.5204954863236,11.678000450134277,11.582799429684057,-0.0952010204502205
2430,1674,491.54597566372814,-1137.5051675827976,8.358000755310059,8.27802602175328,-0.07997473355677798
1447,255,-936.0112538160937,-165.90334844388389,54.60599899291992,53.95391453589524,-0.6520844570246851
1470,2068,877.7497718631492,-173.9512382348122,8.664000511169434,8.626121890313419,-0.03787862085601468
2474,365,-817.5032890968164,-1192.3184450174258,15.427000045776367,15.28550669830862,-0.14149334746774755
1359,1860,668.7681788398783,-64.63242759543353,15.053000450134277,14.620073033545594,-0.43292741658868295
908,748,-447.30378575304655,377.33406632987345,59.82099914550781,60.50542883350912,0.684429688001309
2252,267,-917.3656305898196,-971.057215352008,-0.9130001068115234,0.23314406798409593,1.1461441747956194
1166,133,-1060.368187943972,114.17824266375163,75.90299987792969,76.0658079278771,0.16280804994741516
1223,1178,-14.569143646377992,65.78305884837033,43.78799819946289,43.27495968825151,-0.5130385112113771
2132,918,-267.1509374681366,-845.6484766819998,8.675000190734863,8.626053434604,-0.04894675613086363
1520,1066,-124.15380754049853,-232.23464512824938,41.19200134277344,41.17799750108073,-0.014003841692705521
1117,1449,255.64163287284504,174.05261860014582,50.45600128173828,50.40273913263201,-0.05326214910627414
213,2173,972.4104347189012,1084.3124628863643,26.559999465942383,26.871082306204077,0.31108284026169386
755,1974,777.8202295856321,540.4990195127768,15.91100025177002,16.039685489819377,0.12868523804935705
1238,75,-1117.7922961949357,41.67705503433806,73.51300048828125,73.6611187579786,0.1481182696973491
352,2095,895.5328634096159,944.6248491683666,31.743000030517578,31.41765731371809,-0.32534271679948645
1479,1296,105.58037231499287,-189.32396878763376,11.845000267028809,12.227732563453579,0.3827322964247699
1419,1220,29.061347425370926,-129.932147704642,29.070999145507812,28.48322987403478,-0.5877692714730323
1632,2222,1033.135123302845,-334.7317756819617,8.944000244140625,8.950601375103554,0.006601130962929247
43,699,-503.4573309143114,1242.201837016636,65.32201385498047,64.16161409573326,-1.1603997592472126
590,1609,411.3434135016117,702.5391416033583,68.54100036621094,68.33935260524464,-0.20164776096629566
668,184,-1013.4615245443648,612.7554605586574,68.052001953125,68.02241596183703,-0.029585991287973457
1698,744,-444.7865028564933,-412.94750322965865,41.85599899291992,42.39322770300274,0.5372287100828146
517,1106,-92.41757730225247,771.4113517313579,62.09000015258789,62.25446891714778,0.16446876455989212
875,1093,-102.46747514511617,413.19130800656956,66.1240005493164,65.01667117008708,-1.107329379229327
573,1377,179.1299502696972,717.6300242995515,73.906005859375,73.63596523852378,-0.27004062085121916
2140,1942,757.2380070185466,-845.202517298216,10.388999938964844,10.323613725432294,-0.06538621353255003
2387,1517,334.1416771305093,-1095.7868816057132,14.074999809265137,14.147098059391412,0.07209825012627569
1305,1718,526.2777751922124,-11.78706360520253,8.788000106811523,8.80554325750311,0.017543150691587073
2525,290,-892.1061017998624,-1243.9532229835058,10.479000091552734,10.256575828519265,-0.22242426303346896
809,1685,489.1745746064693,484.0971820954278,32.058998107910156,32.16924792380503,0.11024981589487481
1438,679,-511.95222495447314,-153.40202372199462,47.53900146484375,47.90815739329696,0.36915592845321044
930,251,-944.2785004287273,351.22604610551787,72.3270034790039,72.23897391758405,-0.08802956141985874
511,844,-354.5495908976317,775.2511805487352,57.87190246582031,57.7979412728716,-0.07396119294871539
1285,913,-279.1410254449187,1.576918391418498,70.26700592041016,69.80890826891228,-0.45809765149788007
2232,494,-690.4592964719479,-949.1781060560139,1.3009999990463257,2.048534516613246,0.7475345175669204
2241,836,-348.27745682451905,-955.3593199775446,12.574999809265137,11.702958153153702,-0.8720416561114348
183,1805,604.0466031342387,1111.2850382578386,60.28900146484375,60.50446416352396,0.21546269868021284
1683,1831,642.4323788473725,-388.97401980685504,10.312000274658203,10.328586730491828,0.01658645583362528
1448,740,-450.8505214281368,-162.90184826545382,36.34700012207031,34.79185166732432,-1.5551484547459893
544,652,-546.3376839479006,740.6563895658069,62.95800018310547,62.43907459762641,-0.5189255854790602
2165,1126,-58.81316225003823,-876.9427765775586,0.5040000081062317,1.4957982035003397,0.991798195394108
510,1194,-4.447616074319477,779.1397451473608,67.48699951171875,67.61730962588722,0.13031011416846638
955,129,-1066.1105235799705,325.2114882925307,77.13200378417969,76.57441260351217,-0.5575911806675151
461,1085,-113.88631363635746,827.2556955043086,63.834999084472656,63.69288529731456,-0.1421137871580953
273,170,-1030.7255288054207,1007.7639697742364,66.15900421142578,66.17054818538655,0.01154397396076945
1417,761,-430.09970024274406,-131.71881943072427,31.85300064086914,31.535435495117476,-0.31756514575166506
352,1855,655.4570462571797,942.6442987052365,63.28499984741211,63.044045955990825,-0.24095389142128454
1078,1184,-9.763717604587784,210.87825554889974,45.03300094604492,45.35118067203448,0.3181797259895589
1651,147,-1042.361958147773,-370.85853213828875,15.142999649047852,15.275507790754661,0.13250814170680947
1940,826,-360.76400690584023,-654.3470920378197,9.122000694274902,7.669148406648653,-1.452852287626249
848,591,-604.8482788438134,436.05741297397003,60.047000885009766,60.21883040306042,0.17182951805065727
944,55,-1140.224524579488,335.6043169839611,78.9330062866211,79.55421270001189,0.6212064133907944
2494,1910,728.1484995308527,-1199.5783375550895,8.508000373840332,8.568852905456422,0.06085253161609039
152,102,-1099.7454252614482,1128.2407929228034,69.11600494384766,69.1009126177816,-0.015092326066053374
1646,1327,137.96807138402764,-356.12082880170453,14.161999702453613,13.993499465080557,-0.1685002373730562
2139,2216,1031.3163474943535,-841.9415678102876,16.68899917602539,16.457022177212327,-0.23197699881306377
711,440,-757.0262586017191,571.854452797659,66.32200622558594,65.74995823441752,-0.572047991168418
2336,965,-218.45306512695583,-1049.3249375180112,10.76099967956543,10.933903214016077,0.1729035344506471
1339,987,-204.67215422075998,-51.82948656071912,78.09300231933594,75.8596532377316,-2.233349081604331
510,1270,71.57633569576728,779.7669078295767,70.16400146484375,70.48271039854535,0.31870893370160047
1334,954,-237.7238020938068,-47.100204628159105,72.6500015258789,73.98988827046267,1.3398867445837652
1593,373,-816.7695191617531,-310.9755918160806,49.99399948120117,49.90738028355712,-0.08661919764405468
2233,324,-860.5044785019282,-951.5809777774541,1.2958000898361206,1.373905096620911,0.07810500678479038
1798,1695,507.3382935858301,-505.13244412334626,9.277000427246094,9.18452425022409,-0.09247617702200372
2241,704,-480.31899607298305,-956.4483650002862,12.36400032043457,11.54060937970538,-0.8233909407291904
567,253,-945.2733065740294,714.3565724467251,62.935001373291016,63.17759257637815,0.24259120308713733
1439,635,-555.957814592922,-154.7653900000494,53.10599899291992,53.2980555568641,0.19205656394417758
2178,1684,499.47005761488714,-885.3431337549339,11.114999771118164,11.227444909966179,0.11244513884801499
1288,467,-725.256581680032,-5.104120682876772,72.91200256347656,72.90895804283255,-0.0030445206440106176
192,288,-913.35691146684,1089.7631978254162,64.12801361083984,66.0073461422405,1.8793325314006495
398,905,-294.46288716009775,888.7901322344867,58.775001525878906,59.15033411234756,0.37533258646865164
783,1044,-152.24207618238793,504.8159461462102,62.15299987792969,61.712744892138666,-0.4402549857910216
1807,686,-501.9054081822262,-522.4603447908489,9.743000030517578,9.802663341734217,0.059663311216638704
1275,1100,-92.16464715769945,13.123068955787085,53.95800018310547,54.23883639485261,0.28083621174714324
1277,1916,724.1092574258338,17.855542754316165,16.45400047302246,16.515711214910883,0.061710741888422405
2085,1929,743.7801233107589,-790.2924015484632,13.699000358581543,12.159728148785664,-1.5392722097958789
343,1390,190.23604412306014,947.8098175789197,77.7760009765625,78.78052130564404,1.0045203290815437
1489,664,-526.5361348933047,-204.541833653287,49.56700134277344,49.65260845930739,0.08560711653395003
1776,136,-1052.3340512166735,-495.9885425582247,8.230001449584961,8.019729725362055,-0.2102717242229062
2038,1491,305.25409014487,-746.8913100698152,5.947999954223633,5.948,4.577636758540393e-8
1944,763,-423.7508312527814,-658.8681419573159,9.609000205993652,9.641164371735734,0.03216416574208125
450,373,-826.2011036725917,832.3835883533949,59.56399917602539,59.4495963367496,-0.11440283927579031
1559,2256,1066.543548045462,-261.4281599469251,8.460000038146973,8.594545237735382,0.13454519958840905
1014,1217,22.718579975587552,275.170724800906,60.2760009765625,60.394725172526265,0.1187241959637646
2442,140,-1042.837975026228,-1162.1646646326467,15.835000038146973,15.679694486125886,-0.15530555202108687
1057,90,-1104.2811034618103,222.85765031098805,77.56900024414062,77.4938676784359,-0.07513256570472038
1758,1028,-160.2020445868741,-470.62314104743405,9.41200065612793,9.425847022646858,0.013846366518928122
587,281,-917.0994694343963,694.5813481800114,62.9109992980957,63.06755945979809,0.1565601617023873
773,1233,36.734951705294414,516.3786989305903,71.7760009765625,71.74529931342433,-0.03070166313817424
61,2259,1057.1832373991385,1237.0702282480584,17.992000579833984,18.65009345085646,0.6580928710224754
1454,1754,563.5185756899714,-160.53705188463027,8.890000343322754,8.741394240255968,-0.14860610306678623
1302,1396,204.1514319443058,-11.443044176191044,16.37700080871582,17.282725069692304,0.9057242609764842
2256,216,-968.3486498168227,-975.4792375713652,-0.9980000257492065,0.5437979682028771,1.5417979939520836
952,1320,125.2394427487383,338.04018598699383,75.48600006103516,75.44062934181173,-0.045370719223427614
1049,2316,1122.3543416481962,249.2281897448308,9.074000358581543,9.072821448426643,-0.0011789101549002368
1864,1151,-36.28871248807482,-575.6416828004874,7.368000030517578,8.869019598745089,1.5010195682275107
772,2079,882.9936874789065,524.3600955149547,14.791000366210938,14.258275021746948,-0.532725344463989
244,411,-789.8891353722361,1038.761911551692,61.090999603271484,60.96456950184674,-0.1264301014247451
991,1862,667.732272591188,303.50028405451224,8.914000511169434,8.86264811840709,-0.05135239276234316
986,1019,-175.57484410903697,301.5457216137072,56.630001068115234,56.62970241641371,-0.00029865170152731935
2111,1399,213.82736303841318,-820.6733806419529,6.873000144958496,6.536308438247692,-0.33669170671080373
757,625,-571.5885024800748,527.3665938555149,57.93899917602539,58.07855662532085,0.13955744929545943
1632,690,-499.34805520471775,-347.3722897048205,50.744998931884766,50.5959443551073,-0.14905457677746625
1324,1832,640.4705416914161,-29.852411732592373,13.281000137329102,13.36720835655867,0.08620821922956878
613,1532,334.50891703807247,678.8964782452831,70.65900421142578,70.88787406156374,0.22886985013795424
1705,172,-1016.9085573141167,-424.66921660769225,10.92199993133545,10.933102926926123,0.01110299559067407
1075,129,-1065.1203304723986,205.17380982511958,74.92400360107422,76.77243196038894,1.848428359314724
539,153,-1045.5357719628512,741.5401555496903,65.08000183105469,65.09828814962717,0.01828631857247842
1134,48,-1145.658921052953,145.4869137956856,76.7750015258789,76.45429351591315,-0.320708009965756
1660,52,-1137.31752665378,-380.6451969236021,12.142000198364258,11.545348610823225,-0.5966515875410323
1381,881,-310.3589757979602,-94.71734329737461,57.91299819946289,57.373065075789434,-0.5399331236734568
362,75,-1125.0208996708066,917.9520534574101,67.10200500488281,67.16737763086898,0.06537262598617133
891,1336,140.74113208697585,399.191442853873,77.66800689697266,77.58984752235713,-0.0781593746155238
677,1294,96.96199395855182,612.9123218699399,73.51000213623047,73.06582773159974,-0.4441744046307292
1525,1794,604.11703498258,-231.22942095814844,6.395999908447266,6.751404532913064,0.35540462446579824
323,1166,-33.99960723735262,965.9676007537812,69.5780029296875,70.38610365596459,0.8081007262770896
463,523,-676.0466754436009,820.6173328859186,58.13999938964844,58.03668008848483,-0.10331930116360866
1740,949,-239.3754383710763,-453.26929078932517,10.081999778747559,10.055185521873504,-0.026814256874054365
1490,1562,371.7550222792432,-198.1326345948313,9.993000030517578,10.13396525513462,0.14096522461704275
1027,1618,423.95230626445147,265.47552314778983,35.83399963378906,35.6689993374809,-0.1650002963081647
84,847,-355.072402900303,1202.410323201391,58.19200134277344,57.991244144190226,-0.2007571985832115
933,538,-657.1635471683832,350.5933426440531,65.33300018310547,64.7411698725554,-0.5918303105500655
1887,1705,518.0757686801024,-594.0780268790979,8.206000328063965,8.269139104710316,0.06313877664635115
2289,994,-189.83169582051187,-1002.0708802633328,13.661999702453613,13.877954761706821,0.2159550592532078
581,970,-227.93227677617588,706.2689104740084,56.48500061035156,56.65172774890446,0.16672713855290056
1139,313,-880.5344400733516,142.67198792042302,74.80345153808594,73.76775110627581,-1.0357004318101275
2425,159,-1023.9722609190454,-1145.002574283199,14.295000076293945,14.448033168158133,0.153033091864188
2272,401,-783.1585175284293,-989.957958680154,12.277000427246094,11.593579086250429,-0.6834213409956647
800,1348,151.9940018781698,490.31915204844887,77.7540054321289,77.6454213237455,-0.10858410838341115
356,2005,805.5374345148489,939.8808791894148,44.51900100708008,43.82512997743953,-0.6938710296405475
1196,1933,740.4462638067383,99.02140035629643,16.110000610351562,16.058075427606227,-0.051925182745335974
415,1599,399.8961314343565,877.5118342006343,66.1290054321289,66.15944224437867,0.030436812249760692
1967,2119,932.8665885389837,-670.6875051994966,13.822999954223633,13.863862795562845,0.04086284133921225
1190,1439,246.24083709846815,100.94708260534743,41.76599884033203,41.45187492461449,-0.3141239157175377
2346,2343,1160.0643332999039,-1047.9592231492334,3.0950000286102295,3.453859520352027,0.3588594917417973
2363,1699,516.0011032040653,-1070.2777667586379,13.194000244140625,13.130107041764363,-0.06389320237626173
639,1701,503.77679736216703,654.2828657293041,53.54399871826172,53.29386971547803,-0.2501290027836873
1145,2065,872.0671426133747,151.1267059009401,10.447999954223633,10.502008395227339,0.054008441003706054
1986,1196,9.732050481897513,-697.3088423719568,5.947999954223633,6.070715757891447,0.12271580366781443
1813,1944,756.5406809980414,-518.0827264695602,9.012999534606934,8.82835832376034,-0.18464121084659446
1291,1388,196.05814468233038,-0.5055864492468046,20.437000274658203,19.821781138474005,-0.6152191361841979
2217,755,-429.5009577063966,-932.0200461533052,8.93600082397461,8.26314569799268,-0.6728551259819291
1889,1799,612.1219456787758,-595.3030893168645,9.232000350952148,9.207105386153913,-0.02489496479823572
1662,1551,362.1707315263956,-370.27765826263294,9.243000030517578,9.228474015947613,-0.014526014569964829
2206,2323,1138.9029615380668,-908.0799538675401,11.406000137329102,11.417831351523104,0.011831214194002015
213,1450,249.18215512552865,1078.3459509127397,76.89400482177734,76.69601455592782,-0.19799026584952628
621,1803,605.6604608146441,673.1302530555471,34.00600051879883,36.421029692595035,2.4150291737962064
1183,992,-200.95779247404752,104.26089335919016,58.73099899291992,57.30581784524396,-1.4251811476759642
379,275,-924.8178035105049,902.5971746005641,61.81999969482422,61.31346203118396,-0.506537663640259
2125,1221,35.8867551230716,-836.1463802057236,14.776000022888184,14.21609830624704,-0.5599017166411429
478,353,-845.9763274533916,804.209746225908,60.88999938964844,60.25517692755153,-0.6348224620969063
1874,2169,982.1150782562657,-577.2455748456549,9.325000762939453,9.32926472977971,0.004263966840257538
1357,2286,1094.8862972024915,-59.11675190790964,8.690000534057617,8.74526064927975,0.05526011522213281
908,391,-804.4160499849912,374.38819876985394,68.19600677490234,67.9150706129811,-0.2809361619212467
1742,998,-190.3435065636881,-454.86562809133625,9.46500015258789,9.599445324122538,0.1344451715346473
2346,1698,514.8605334241026,-1053.2806515170084,13.293999671936035,13.280823701553844,-0.013175970382190982
701,127,-1070.2071093002037,579.2747362359937,69.70000457763672,69.67165336829244,-0.028351209344279482
768,1605,408.8110021246485,524.4499717761673,44.81700134277344,47.52158601403113,2.7045846712576918
1558,782,-407.9296827598339,-272.5899138121796,32.41699981689453,32.418957334372166,0.0019575174776349513
283,1427,226.75257070507482,1008.1340723586638,78.05500030517578,77.97801155832249,-0.0769887468532886
1118,735,-458.57503651370115,167.16072287767858,67.3740005493164,66.91297698131596,-0.4610235680004422
2438,1120,-62.5627228939602,-1150.0782808406036,22.673999786376953,22.53414540900033,-0.1398543773766221
1999,390,-796.4143492248288,-716.9629174046042,5.460000038146973,5.46,-3.814697269177714e-8
531,1345,146.77327289453868,759.3791981946906,72.10700225830078,72.30110552629601,0.19410326799523148
801,961,-235.11968128201758,486.1253744084245,58.972999572753906,58.71005870565061,-0.2629408671032962
133,744,-457.70044165503975,1152.5448908414883,56.28499984741211,56.415135768974864,0.13013592156275422
926,1997,802.2385548865325,369.6347910926095,9.447000503540039,9.49989819400122,0.05289769046118131
1115,1822,628.7428382340242,179.1310660245479,9.881000518798828,10.43739360469458,0.5563930858957526
581,1568,370.2562085944129,711.2036465977073,71.21600341796875,71.25369256566275,0.037689147693996006
2116,121,-1064.5335406879433,-836.2190591380435,10.15999984741211,9.6741439003525,-0.4858559470596102
2033,2215,1029.4414756674043,-735.9163070395048,18.367000579833984,18.27830188553241,-0.08869869430157351
2269,97,-1087.278766002433,-989.4651052297942,-1.0010000467300415,-0.3155883500128504,0.685411696717191
1290,1251,59.00670374774717,-0.6357043886956522,32.57099914550781,32.26266811012431,-0.30833103538350315
2061,1349,163.3990713806063,-771.0701422217737,5.947999954223633,5.948,4.577636758540393e-8
143,1519,317.6262443835661,1148.9374482199328,73.33200073242188,73.02442149555411,-0.3075792368677668
895,1977,781.9764326354878,400.4795496838866,11.017000198364258,11.120000211200907,0.10300001283664884
2492,1954,772.1458981877297,-1197.2147003767966,8.767000198364258,8.67092976802437,-0.09607043033988738
1705,376,-812.8444691053937,-422.98603516885,29.347000122070312,29.36372098637608,0.01672086430576769
592,767,-430.9054040629526,693.590279129857,62.167999267578125,61.46231343672247,-0.7056858308556571
2107,165,-1020.593978082251,-826.8532129858229,9.170000076293945,9.181121698463649,0.011121622169703471
2359,502,-681.4089941687425,-1076.1520297463658,9.903000831604004,9.842614627454443,-0.06038620414956064
1220,1513,320.5117203590828,71.54822637228735,30.159000396728516,28.780666457241,-1.378333939487515
907,1521,325.93150157436133,384.71296927916694,54.28900146484375,54.770048700131916,0.48104723528816606
537,1592,393.90068870867526,755.4155780747092,71.97200012207031,71.82121491636121,-0.1507852057090986
106,2051,849.4888592776343,1190.3394729894887,33.625,33.911526577226724,0.2865265772267236
349,1291,91.25434678954804,940.9909476689901,77.36500549316406,77.51856463642596,0.15355914326190145
1270,1515,322.9249205553788,21.548957553149393,17.579999923706055,17.644814976062474,0.06481505235641905
2365,1675,492.01002838971294,-1072.4764038781789,13.711999893188477,13.75672081025533,0.04472091706685255
425,2273,1074.1915474490847,873.0706755538944,15.362000465393066,15.495707012210724,0.13370654681765792
2292,642,-541.9177341045691,-1007.9759268845712,10.378999710083008,10.638863645623521,0.2598639355405137
1462,1433,242.48329889211604,-171.18820112238342,17.947999954223633,17.667531259541263,-0.28046869468236935
1126,565,-628.5624985497701,157.75545051079766,70.84100341796875,70.92085036908007,0.07984695111132112
363,1584,384.4622806020646,929.4044559015256,67.20000457763672,68.39026967293687,1.1902650953001483
2335,571,-612.5853031782747,-1051.5752184164671,12.986000061035156,13.026327739635164,0.040327678600007744
48,362,-840.5220258624224,1234.4191275801886,68.0580062866211,67.83666083465573,-0.22134545196536237
2314,1909,725.6631487419891,-1019.5297381840676,10.536999702453613,10.361222486345383,-0.17577721610823005
1662,1798,609.2486889327536,-368.2396707209774,10.253000259399414,10.386248203497509,0.1332479440980947
2396,2342,1159.4765286307422,-1097.9832868323304,10.027999877929688,10.100556405301687,0.07255652737199902
2008,1458,271.99616385887373,-717.1541176980645,9.00100040435791,8.923097341488791,-0.07790306286911886
2344,1666,482.8339327118546,-1051.5440288106338,13.977999687194824,13.884442227878234,-0.09355745931659065
2524,873,-308.93100168722935,-1238.1431363583497,13.248000144958496,13.080207402680665,-0.1677927422778307
2406,225,-958.1082849877455,-1125.4520982124163,13.79699993133545,13.878331471862108,0.08133154052665859
1212,2317,1124.6996543393427,86.1848934837534,15.894000053405762,15.372723316119897,-0.5212767372858647
367,824,-375.74420401964267,919.1314548762996,57.16699981689453,57.041794241243565,-0.12520557565096624
1574,537,-652.8747351357738,-290.6164520362416,66.9683609008789,65.49456530580017,-1.473795595078741
845,1896,700.5382581805358,449.8269491903039,14.8100004196167,14.722058624164635,-0.08794179545206404
44,888,-314.38960116247716,1242.761269494959,58.159000396728516,58.02885253534918,-0.13014786137933498
708,1275,78.21181551530907,581.7457639982223,72.09600067138672,72.70526387072528,0.6092631993385567
682,1276,78.99757999390269,607.7622105544785,71.98400115966797,71.98666489937656,0.0026637397085949033
1702,427,-761.8531927750395,-419.56429675247244,39.25199890136719,39.23447181937231,-0.017527081994877847
947,1422,227.23034509620845,343.88343454671065,71.45899963378906,71.58996001623059,0.13096038244152908
288,747,-453.42036869872766,997.5208831636861,55.14699935913086,55.29049836190447,0.14349900277360916
892,183,-1012.6134237036691,388.6768636909519,75.9330062866211,75.44454033227966,-0.4884659543414358
664,1067,-130.21681016355478,624.043219473941,59.54399871826172,58.79614858717213,-0.7478501310895922
157,411,-790.6070987162054,1125.7892524101985,63.172000885009766,62.01677816214949,-1.1552227228602732
1821,224,-963.9351280914539,-540.2766052535941,9.197000503540039,9.186935932260837,-0.010064571279201573
1259,2138,946.0308771347592,37.69303333699464,16.08300018310547,15.963687368074687,-0.1193128150307814
1857,1829,641.8673947477694,-563.0454631416942,9.350000381469727,9.349881756424448,-0.00011862504527826445
132,2054,852.7043735852434,1164.3560158384232,36.35900115966797,36.19431055600735,-0.16469060366061683
1542,2218,1028.3912650638094,-244.73632630486242,8.182999610900879,8.1152746314211,-0.06772497947977918
1157,2179,986.2021911164798,140.06358267908718,18.957000732421875,18.45152482420523,-0.5054759082166456
864,1225,29.483346361534515,425.2840073256011,71.55400085449219,71.78703390102721,0.2330330465350272
76,1121,-81.05214273460527,1212.6740513256366,54.36199951171875,54.457558650968934,0.09555913925018444
2227,950,-234.35707234625508,-940.4143727323177,13.447999954223633,13.21553945477924,-0.23246049944439307
644,2118,920.9497636392846,652.7223709938459,15.720999717712402,15.810116510436597,0.08911679272419448
559,1538,340.06519827257904,732.9630244017576,72.69400024414062,72.48597188732414,-0.20802835681648446
1886,1819,632.103508590705,-592.1371274130411,9.289000511169434,9.288589972994817,-0.00041053817461644826
1964,1792,605.7385369096711,-670.3845232474866,5.815000057220459,5.815,-5.7220458593576495e-8
1631,961,-228.27101073789018,-344.13596016229883,30.739999771118164,29.91134454746083,-0.8286552236573357
589,664,-533.9625657973887,695.741260604861,63.17100143432617,63.17659266321381,0.005591228887638522
2207,398,-786.6957330876781,-924.9622818307512,4.011000156402588,4.130313404653503,0.11931324825091494
2120,1484,298.9284251885793,-828.9749270239884,8.690999984741211,8.934543334897771,0.24354335015656048
650,533,-664.5003911366099,633.6410616255879,65.0260009765625,66.68898417646079,1.6629831998982922
914,1722,527.052690483856,379.3693578565317,25.354999542236328,24.434230692986297,-0.920768849250031
213,569,-632.0952893716249,1071.0755422090247,57.39632034301758,56.93209298825542,-0.4642273547621585
1425,339,-852.1663885846193,-143.2033381582101,65.23500061035156,65.11400006859172,-0.12100054175984098
891,429,-766.5443861771313,391.707107622419,67.08500671386719,67.03594409136598,-0.04906262250121074
194,1348,146.9931954468773,1096.5101911315571,79.64600372314453,79.05723342792548,-0.5887702952190494
1637,2237,1048.1811207887356,-339.60959148909575,8.835000038146973,8.753091422424628,-0.08190861572234454
584,112,-1086.1773022280167,696.1876904822725,65.9520034790039,65.94160166006365,-0.010401818940252383
570,492,-706.1734440998971,713.327878477822,62.96200180053711,63.0057750093798,0.04377320884269409
835,923,-272.8510839553522,451.80110071176546,57.224998474121094,56.94700144890873,-0.2779970252123647
1658,1566,377.1424601919237,-366.152631919192,9.042000770568848,9.00829765130051,-0.033703119268338355
1614,681,-508.4994043463824,-329.4408861577153,51.27631759643555,51.29521147525589,0.01889387882034299
326,963,-237.0387911362638,961.2914321007672,60.17900085449219,59.91073344463215,-0.2682674098600373
802,2301,1105.3114224054696,496.18252348440876,11.95300006866455,11.615064846524985,-0.3379352221395653
1675,995,-193.89726180503538,-387.86928240977113,15.376999855041504,15.091187865247337,-0.28581198979416733
894,360,-835.541316219392,388.1367943548247,69.72000122070312,69.1682099778662,-0.5517912428369272
1949,74,-1112.9261406885344,-669.5544034674186,6.6579999923706055,7.497058809086027,0.8390588167154212
573,404,-794.1763491982204,709.6007522274508,62.73699951171875,62.72932672662754,-0.007672785091209278
961,416,-778.9708529177485,321.5778347292378,68.35600280761719,68.3518091543097,-0.004193653307481782
1293,704,-488.14079169879477,-8.150127926025316,50.790000915527344,49.69361913884923,-1.0963817766781148
1557,1503,313.28923303953184,-265.64058487891236,16.996999740600586,16.249639282244313,-0.7473604583562725
764,65,-1131.7067048304216,515.7433388588804,72.3270034790039,72.51212241559853,0.18511893659461975
1268,1201,8.809416274070434,20.958661213284728,43.61000061035156,43.638385169611226,0.028384559259663433
134,334,-867.8211035041865,1148.1610345392637,66.24400329589844,67.04197557666883,0.7979722807703951
1083,1454,260.36265761558724,208.10459871083236,52.43903732299805,52.68591200152276,0.246874678524712
1323,644,-547.912127163166,-38.654643576457964,58.470001220703125,58.561315899961194,0.09131467925806902
1863,311,-876.561265022998,-581.5719842864825,8.521000862121582,8.581670463183846,0.06066960106226382
1210,1629,436.4658051269684,82.50854560816869,18.320999145507812,18.75226139118841,0.4312622456805961
1937,750,-436.8126766414088,-651.9731978994447,9.359000205993652,9.428165550547178,0.06916534455352519
1077,860,-333.8740106950638,209.20506676245975,55.430999755859375,54.96608611910481,-0.46491363675456654
375,1453,253.51998458903637,916.3196219209893,79.32300567626953,79.15392436611415,-0.1690813101553772
2184,1158,-26.64632169214547,-895.6847489965829,1.652999997138977,5.495506512139217,3.84250651500024
2376,913,-270.1394289873111,-1089.7665427912984,9.580000877380371,9.67927474617535,0.09927386879497924
688,2292,1095.3678587062566,610.1443051405215,14.567999839782715,14.477876719106822,-0.09012312067589257
1356,1530,338.63926561623475,-64.35440065394558,11.954999923706055,11.99003724554759,0.03503732184153563
2352,1664,480.89930347845234,-1059.563054002268,13.777000427246094,13.971550422007615,0.19454999476152146
304,1027,-173.20018853811692,983.8265094493925,59.84400177001953,60.253738994032744,0.4097372240132131
1135,302,-891.5709020848043,146.58247826016202,72.2509994506836,72.88196430030649,0.6309648496228988
630,1998,800.7963165850525,665.7365540807866,18.791000366210938,19.052631917936697,0.2616315517257597
545,2269,1071.1805439339512,752.9997248266225,14.440999984741211,14.495148278819187,0.054148294077975834
1734,1575,386.77236981408,-442.1023509940684,8.975000381469727,8.934873108727183,-0.04012727274254324
1729,246,-942.6872935417886,-448.06618968757385,10.659000396728516,12.477754477241282,1.8187540805127664
1041,1581,387.05615392366985,251.1657966508372,43.31100082397461,43.231820822801204,-0.0791800011734054
1813,1892,704.524256143371,-518.5117687583288,10.29800033569336,10.272159598447725,-0.02584073724563396
2013,514,-672.2598613344359,-729.9442464954795,8.565000534057617,8.38556159772093,-0.1794389363366875
1973,2000,813.8784878596256,-677.6712294055538,9.313000679016113,13.105384068831034,3.792383389814921
2323,1044,-139.53543846481423,-1035.669073435631,14.5649995803833,14.605412839512598,0.04041325912929672
2524,840,-341.9413895915873,-1238.4153879973974,11.885000228881836,12.045970626550407,0.1609703976685708
2527,1118,-63.82909364655872,-1239.1228178613533,24.530000686645508,24.485026300195823,-0.044974386449684545
2270,1364,180.1281417126885,-980.0122770789216,15.364999771118164,15.323143323195058,-0.04185644792310583
1311,231,-961.1409606714743,-30.058658781709056,68.24500274658203,68.38999484781154,0.144992101229505
1966,1591,404.69159512332016,-674.0435357626675,5.947999954223633,5.948000000000001,4.577636847358235e-8
1914,1555,368.2512016857572,-622.3241544004707,5.947999954223633,6.4346396244824176,0.48663967025878474
1182,1902,709.3209520049287,112.7700273260135,15.442000389099121,15.499799947244142,0.057799558145021024
1515,65,-1125.5098432437542,-235.49241567164898,38.68000030517578,38.82636478419231,0.14636447901652616
1492,914,-276.43270561468313,-205.47999686577032,44.88100051879883,44.63032400545018,-0.25067651334865104
1821,2175,987.6796840890474,-524.179316718111,8.498000144958496,8.536270724937127,0.03827057997863115
1465,694,-496.7247245806984,-180.28674989012254,42.57600021362305,43.1316534869767,0.5556532733536557
1820,427,-760.8795933406948,-537.6013849758159,8.85300064086914,8.470947826800618,-0.38205281406852265
2073,113,-1072.890823929847,-793.2715618652883,9.205000877380371,9.120617472785952,-0.08438340459441918
1491,327,-863.6255830270642,-209.3230896616741,51.53300094604492,51.444242272365535,-0.08875867367938639
84,1608,406.1674223020409,1208.6905363331662,67.57500457763672,67.47565284196696,-0.09935173566975664
143,737,-464.62011892826604,1142.4839770597598,55.678001403808594,55.781484585473365,0.103483181664771
1782,462,-726.1821218380317,-499.3006628894281,20.305999755859375,20.16680834055644,-0.13919141530293544
2271,180,-1004.2362019296461,-990.7809592300914,-1.024999976158142,-0.10430425954854478,0.9206957166095973
716,2097,900.5372689828741,580.52632602656,15.314000129699707,12.98234389507969,-2.3316562346200165
489,1120,-78.64422697971433,799.535701940109,63.367000579833984,64.2933431316041,0.9263425517701194
2278,2255,1071.4754839776529,-980.6637480209577,9.041000366210938,9.014440497769439,-0.026559868441498935
128,42,-1159.9623209407275,1151.753174025329,70.79700469970703,70.8500366237386,0.053031924031571975
246,623,-577.8059770662285,1038.5107968514956,56.54899978637695,55.953230703118564,-0.5957690832583893
1203,2046,853.539723690598,92.9516011832265,18.94099998474121,19.026897473977062,0.08589748923585105
1113,120,-1073.8095983322823,167.087614649383,76.58700561523438,76.88879860225319,0.3017929870188141
1099,107,-1086.9292012647848,180.98474050084732,76.94700622558594,76.87209395877512,-0.07491226681081287
1798,1535,347.287804242586,-506.4525755944041,9.051000595092773,9.022372815432739,-0.02862777966003449
1185,766,-427.0124332534183,100.39543762710016,46.95399856567383,47.664862383175596,0.7108638175017674
1700,2263,1074.7091519492049,-402.41498577941695,8.366000175476074,8.373501912085626,0.007501736609551557
2188,822,-362.71913344459546,-902.4581447952928,0.8854036331176758,1.0608912433639812,0.17548761024630544
2152,1118,-66.92293842650767,-864.0046847109793,0.5920000076293945,3.6692708445751268,3.0772708369457322
678,1484,287.0301562625999,613.4798803291568,67.66699981689453,67.69158538169336,0.024585564798826454
1152,1831,638.050985763663,142.19364681877857,12.586999893188477,12.413891239804205,-0.17310865338427206
821,474,-722.1078652481605,462.10044060581987,64.54100036621094,64.53675952646769,-0.004240839743246738
1580,171,-1018.9402416511037,-299.6382128364197,26.534000396728516,26.292506518083734,-0.241493878644782
44,437,-765.5314656192766,1239.0393322427003,66.69400024414062,65.8933779095945,-0.8006223345461194
90,171,-1031.2354166715932,1190.8296858455647,70.35100555419922,70.29413961552731,-0.056865938671904814
1998,1459,272.91397322717364,-707.1427133250265,9.015000343322754,8.42746114601027,-0.5875391973124842
773,728,-468.42407100305724,512.2115044996237,57.470001220703125,57.71572039412656,0.24571917342343852
772,937,-259.3665417679266,514.9364602712384,56.72999954223633,56.381080697263414,-0.34891884497291414
671,1988,791.1314894868882,624.6410819240302,17.77400016784668,17.95194734056754,0.17794717272085947
2118,531,-654.38821047064,-834.8370002915059,8.712000846862793,8.949163031291576,0.237162184428783
137,2343,1141.8369959419645,1161.7394106112072,23.775999069213867,23.925351965871375,0.14935289665750773
562,758,-440.15579808650307,723.5254497373082,59.02399826049805,59.638729209164374,0.6147309486663275
313,1462,262.01117953375564,978.4134446452472,78.34200286865234,78.30999270004841,-0.03201016860393224
697,288,-909.189550812565,584.6045564674246,69.54400634765625,69.61934009425119,0.07533374659493575
119,157,-1045.000489079485,1161.7050437769085,68.20000457763672,68.8598411824291,0.6598366047923747
1094,2331,1137.7304062535075,204.33773198669655,12.89799976348877,13.148578273463878,0.25057850997510833
613,536,-661.8047721895075,670.6774507007193,66.18000030517578,65.88011645392587,-0.29988385124991623
2108,340,-845.5307533008337,-826.4096958269151,5.460000038146973,5.531397811689869,0.07139777354289656
1890,1661,474.0866332211527,-597.442005858838,8.588000297546387,8.63344144382502,0.04544114627863394
922,1705,510.1133382513406,371.2265535629412,25.84000015258789,25.4134214760276,-0.4265786765602897
115,1844,642.4977461709774,1179.6283548957476,55.94300079345703,55.53093325425678,-0.4120675392002511
2021,124,-1062.3163983131547,-741.1644791242668,5.960000038146973,5.960000000000001,-3.814697180359872e-8
190,934,-267.1702482060319,1097.0949287123517,54.992000579833984,55.34000960179162,0.34800902195763683
781,1914,718.0158258316171,513.9956947567864,15.689000129699707,16.00788827908314,0.318888149383433
2433,479,-703.8057113755152,-1150.3650468383478,10.4399995803833,10.608754941222058,0.16875536083875708
2520,2046,864.4059681805248,-1224.4645356753765,8.726000785827637,8.66092232165795,-0.06507846416968732
2491,1966,784.1414390160592,-1196.1153829717937,8.530000686645508,8.679738023444541,0.14973733679903312
1638,1395,205.92350388844795,-347.55724019643174,15.777999877929688,15.793733268350953,0.01573339042126598
1720,2242,1053.8675301872297,-422.59457886338583,8.3410005569458,8.406776639685875,0.06577608274007396
852,119,-1076.963591049774,428.16131088338955,75.27300262451172,74.88654555959724,-0.38645706491448095
1820,1759,571.5400142935939,-526.611336429903,8.346000671386719,8.893259779236251,0.5472591078495324
2152,614,-571.0815929271544,-868.1629048676655,9.032999992370605,8.901959978312108,-0.13104001405849708
190,1778,577.0958460527308,1104.0600118932139,61.76300048828125,61.79753843814988,0.03453794986862846
2177,2100,915.5931965953565,-880.9106336978282,13.37600040435791,13.403433877468121,0.027433473110210826
1796,542,-646.0414581952613,-512.6449998093642,22.264999389648438,21.99697019147133,-0.268029198177107
718,1025,-171.78443321780287,569.679630600426,58.874000549316406,58.542546152422496,-0.33145439689391054
2515,122,-1060.241369978977,-1235.336086948837,16.33300018310547,16.402775510732408,0.06977532762693883
744,2183,986.7955050144253,553.227140657438,14.14799976348877,14.3093086490163,0.16130888552753042
696,1817,620.2837807587842,598.2221016067713,29.361000061035156,28.573321547487723,-0.7876785135474336
191,1084,-117.1147576220302,1097.3324848698223,56.486000061035156,56.39960722540728,-0.08639283562787625
1473,210,-980.8108588681179,-192.28281670368256,44.622398376464844,44.60513259296788,-0.017265783496966947
1705,2155,966.7162624382743,-408.3076670321766,8.693000793457031,8.758324664154706,0.06532387069767509
2123,1315,129.89988372182145,-833.3702048980768,9.303000450134277,9.517280472515997,0.21428002238172006
1882,494,-693.3469847537951,-599.0680745919825,8.292000770568848,8.56294010207896,0.27093933151011207
1109,1799,605.6860668659172,184.94317538304654,9.552000045776367,9.57004457993879,0.018044534162422465
2001,1807,621.048546329454,-707.2724454791717,9.472000122070312,8.95920243571162,-0.5127976863586934
192,404,-797.3204619509905,1090.7204858729333,61.83100128173828,62.100769390465366,0.2697681087270851
2055,841,-344.8104662542026,-769.2595271359938,10.878999710083008,10.899531786401548,0.02053207631854015
549,2316,1118.2284147159235,749.386308388549,14.10099983215332,14.237297307695485,0.13629747554216465
2047,2128,942.5294816139561,-750.6385337983393,17.20400047302246,17.572590283648015,0.3685898106255543
1909,157,-1030.2301062490837,-628.8570404711509,10.550000190734863,10.343677259347025,-0.20632293138783808
260,1414,213.55866626009484,1031.0340435855585,77.81000518798828,77.76291296710161,-0.0470922208866682
2507,2167,985.3369599119083,-1210.4621639278116,8.416000366210938,8.399502585263923,-0.016497780947014817
575,1259,61.10925564499006,714.6556491386199,68.50800323486328,69.36583419593428,0.8578309610710022
1660,1449,260.1220546815897,-369.11862528201107,11.631999969482422,12.817227855561352,1.1852278860789305
2011,52,-1134.4215091975277,-731.7553796966417,5.960000038146973,5.96,-3.814697269177714e-8
171,2154,953.0578249186175,1126.168941073464,30.117000579833984,29.88293899768563,-0.23406158214835315
575,2121,923.3813205193017,721.7689335142761,17.011999130249023,17.08422241014554,0.07222327989651589
1940,642,-544.821902561183,-655.8652123293848,6.256999969482422,6.229769139481033,-0.027230830001388817
703,1394,197.20807200147922,587.7293208855596,73.99000549316406,73.06732684561388,-0.9226786475501854
161,56,-1145.6855936528555,1118.8583515659018,69.1550064086914,69.44228228283077,0.28727587413936817
1958,2321,1134.856197488192,-660.0180245941597,10.706999778747559,10.30291891647033,-0.40408086227722784
1439,1079,-111.81805485067906,-151.10186699177441,51.224998474121094,51.037353862412566,-0.18764461170852798
1830,1632,444.5824359212455,-537.662343709949,8.218000411987305,7.617610783108569,-0.6003896288787356
611,111,-1086.9548111270285,669.170961516195,66.23800659179688,66.25502032383787,0.017013732040993546
2216,1856,671.8378766177657,-921.9360579629342,7.64900016784668,6.190584978454744,-1.4584151893919355
1041,808,-386.1874340763671,244.78731515819547,62.10499954223633,61.99229288487666,-0.11270665735966645
1216,1666,473.5269903111438,76.81195471686897,12.616999626159668,13.648394607519005,1.0313949813593375
2343,190,-993.6390413146431,-1062.7210681318047,14.003000259399414,13.962328907314788,-0.04067135208462602
595,520,-677.9583395588783,688.5510770967262,65.13800048828125,65.03112592628972,-0.10687456199153189
817,1021,-174.96875749892232,470.6154462017234,61.590999603271484,61.39553848069116,-0.19546112258032622
2480,647,-535.3651237012656,-1195.9938074080258,9.54232406616211,10.953331867198479,1.4110078010363694
2098,2185,999.9682768496149,-801.1843723899951,17.952999114990234,17.946892057636525,-0.006107057353709422
600,752,-445.8441076357485,685.4639811825946,62.215999603271484,62.19929113392066,-0.016708469350824373
965,1518,323.409154088102,326.66991906806385,53.62799835205078,54.57881878840018,0.950820436349396
490,1260,61.40814077021754,799.6906895461332,71.72200012207031,71.68913311788468,-0.03286700418563271
336,286,-914.1691962725706,945.7014576366585,62.891998291015625,62.44743336813098,-0.4445649228846449
1367,490,-701.5974991520744,-83.93917541615866,74.01100158691406,74.82510413733071,0.8141025504166493
862,873,-322.64402623818313,424.3800117785211,55.56800079345703,54.28149651822452,-1.2865042752325095
1827,251,-936.8771422009539,-546.0557192933832,9.02500057220459,9.069467338597434,0.04446676639284419
2428,2036,853.6437969419849,-1132.5179685683834,8.495000839233398,8.497008319841566,0.0020074806081673557
560,1235,36.97791031190647,729.4623263559847,68.62000274658203,68.17572819532268,-0.44427455125935467
590,1358,160.26424484157727,700.4678754775275,73.18900299072266,73.17686787027685,-0.012135120445805114
2445,1327,144.56026736659325,-1155.3727057811511,18.895999908447266,18.88506670971832,-0.010933198728945825
125,912,-289.71358709693703,1161.9338352415284,54.7859992980957,55.8057678900656,1.0197685919698998
114,1647,445.4273059911126,1179.0029204685768,68.10100555419922,68.94720487378736,0.8461993195881377
188,2267,1066.2338406228719,1110.0960955911448,24.719999313354492,24.639440998193265,-0.0805583151612268
2195,156,-1028.8707659359593,-914.9551008089968,10.013999938964844,9.63242839140401,-0.3815715475608332
1977,270,-916.6335691127204,-695.9460760344693,8.121000289916992,8.472045639438745,0.3510453495217529
431,760,-439.2362004708681,854.5831714658409,57.3222770690918,57.43816504409285,0.1158879750010513
1111,266,-927.78024793166,170.29296381396816,75.67900085449219,75.50971038677056,-0.16929046772162337
967,123,-1072.0133875442434,313.1582104555266,75.80900573730469,76.14289981452947,0.3338940772247838
1577,1722,532.5233603574925,-283.8399139708456,8.720000267028809,8.874691061856065,0.1546907948272569
1541,376,-814.1976305667231,-258.93449762010806,54.42100143432617,54.30825803959539,-0.11274339473078498
1936,2324,1137.6756315445534,-637.98631496135,9.456000328063965,9.120983618256092,-0.33501670980787246
1744,1394,205.79778656280658,-453.59891417126994,8.964000701904297,8.99486851877117,0.030867816866873454
56,2128,926.1005628731549,1240.9907199098266,24.292999267578125,24.5294714012601,0.23647213368197484
212,296,-905.1893491808117,1069.8229348610487,66.06400299072266,65.37642166413275,-0.6875813265899069
2129,525,-660.2993419085511,-845.889961547439,8.932000160217285,8.902905614136289,-0.029094546080996153
585,1545,347.2819606657803,707.0125873000137,72.08900451660156,72.09090562450609,0.0019011079045299084
738,1229,32.44487499910687,551.3567210268424,69.66600036621094,70.01353967350377,0.3475393072928341
266,878,-322.5606931808907,1020.6088689266355,55.71500015258789,55.63948184105861,-0.07551831152927946
327,1545,345.15289304624275,965.0939726476165,74.97600555419922,74.88901135572205,-0.08699419847717138
2248,2325,1141.2501100631694,-950.0767356343597,10.456000328063965,10.45122690055118,-0.004773427512784423
1711,1409,220.5302374039754,-420.4647453071286,9.463000297546387,9.275381833069087,-0.1876184644772998
2020,1997,811.2653189493178,-724.7108298290152,17.915000915527344,17.865566376699014,-0.049434538828329266
1203,2300,1107.6200153365887,95.04746530571457,16.229000091552734,16.265064357156817,0.03606426560408238
1239,831,-361.54640075337,46.91478610176234,48.52000045776367,49.40176732351726,0.8817668657535904
227,955,-245.85829565057003,1060.2565819427423,56.59600067138672,55.84841484446761,-0.7475858269191065
2275,1428,244.18957513632722,-984.4858325251876,15.11400032043457,15.045791577274917,-0.0682087431596532
848,972,-223.72838230234046,439.20134593387405,57.61199951171875,57.813271496906154,0.20127198518740386
1674,402,-787.0920761891905,-391.7617692772267,40.604000091552734,40.60260328856688,-0.0013968029858517639
1928,677,-509.9099005517451,-643.5726646992272,5.460000038146973,5.46,-3.814697269177714e-8
2097,1150,-35.36663230175996,-808.7233422883419,12.852999687194824,11.070464176070574,-1.7825355111242498
1682,1735,546.3938181756662,-388.76579461912456,8.428000450134277,8.51853491136653,0.09053446123225228
2355,789,-394.3517160970685,-1069.7829597285215,7.843999862670898,8.112560051726073,0.2685601890551741
160,703,-498.4905233257652,1125.1980434703573,53.51300048828125,53.13294791253306,-0.38005257574818785
166,759,-442.42338912053594,1119.6582962841119,56.892539978027344,55.77951390514521,-1.1130260728821355
2215,1595,410.7472353638803,-923.0890964386392,13.220999717712402,11.881010208568437,-1.3399895091439653
1815,735,-452.8239852407958,-530.0585730213286,5.490631580352783,5.95321148353167,0.4625799031788871
83,1554,352.14213233614083,1209.245212852239,66.51100158691406,66.40721876422998,-0.10378282268408157
1857,407,-780.5806013797867,-574.7780289790883,8.414000511169434,8.393422449946708,-0.020578061222725097
1646,1935,746.1599393742476,-351.1042346594487,10.592000007629395,10.564825328989732,-0.027174678639662275
45,1672,469.8657669727937,1248.2310078718237,65.68500518798828,65.8127494037424,0.1277442157541202
1576,2007,817.6051142341868,-280.48804833458075,5.9019999504089355,7.075444352643559,1.1734444022346233
2098,1989,803.906334398362,-802.8014761320908,16.95199966430664,15.801893486863644,-1.1501061774429964
1048,507,-687.224355660026,235.30138556874476,68.35800170898438,68.33263241122165,-0.025369297762722454
2398,1275,92.15611664534403,-1108.7868999526752,23.663999557495117,23.17851458098789,-0.48548497650722666
754,629,-567.6120000245364,530.4005449290592,57.78499984741211,57.984807299681265,0.1998074522691553
1669,1750,561.2912911887746,-375.6379267008535,8.975000381469727,9.993653084708061,1.0186527032383346
2412,1893,710.4666182793394,-1117.692692929857,8.706000328063965,8.685935771566628,-0.02006455649733674
2030,1899,713.3168671415334,-735.5225472936653,15.812000274658203,15.50132791651786,-0.31067235814034255
1974,1661,474.7796902236283,-681.4685149025,5.947999954223633,6.261139478169219,0.3131395239455861
46,236,-966.5781162472649,1235.3799236322968,69.6550064086914,69.35317240851552,-0.30183400017588724
961,169,-1026.0484529547064,319.5396713115083,75.3030014038086,75.4701077829763,0.16710637916770565
336,640,-560.0579176330995,948.6227824888609,55.53499984741211,55.77904859302871,0.2440487456166025
41,68,-1134.6721328620006,1238.9950494657398,73.64500427246094,73.99495767579165,0.3499534033307157
270,1758,557.7497269426103,1023.8697101140239,63.20399856567383,63.227100595266975,0.023102029593147222
1631,702,-487.35253089762693,-346.27296341806357,49.61199951171875,49.56506858224081,-0.046930929477937866
1237,1479,286.64126951203116,54.2623166716363,27.43025016784668,25.95907160704398,-1.4711785608026986
131,794,-407.7012132573169,1154.958147044135,58.215999603271484,57.56649108320848,-0.6495085200630015
47,342,-860.5365629711142,1235.2543890746115,66.94900512695312,67.01526520207918,0.0662600751260527
915,236,-959.4069877731627,366.10698198928696,74.55599975585938,73.35810479197347,-1.1978949638859007
2167,2067,882.5002632453179,-871.1797385898129,13.904000282287598,13.937205497270837,0.03320521498323892
906,2076,881.0984820216341,390.2929963499752,8.624000549316406,8.736686142969607,0.1126855936532003
2314,621,-562.7428332838009,-1030.156101957978,11.39900016784668,10.871661658445408,-0.5273385094012717
1759,446,-742.3769206261378,-476.42544636931297,25.756999969482422,26.224124139399823,0.46712416991740113
370,704,-495.75720710513224,915.1402358910506,56.83368682861328,56.85616482917915,0.022478000565868683
712,180,-1017.0996951572641,568.7086351118942,71.62700653076172,71.79075004702817,0.16374351626645023
856,1656,460.55325727337254,436.8430471779195,39.23400115966797,36.18757404790675,-3.0464271117612185
1810,1831,643.4802395487221,-516.0141210138399,9.795999526977539,9.9899707631458,0.19397123616826129
542,2196,998.1327078351482,755.3982701531029,17.19300079345703,17.067928068762605,-0.12507272469442654
2161,2094,909.4592933200507,-864.9550800581346,14.14799976348877,14.139728269424221,-0.00827149406454808
1062,875,-318.9930623741197,224.33356163420024,52.321998596191406,52.88571529190052,0.5637166957091111
1951,852,-334.6650659034026,-665.1360372233873,9.610000610351562,9.665283187332314,0.05528257698075123
1507,1835,644.981461024656,-212.88544201019275,6.379000186920166,6.031443841998567,-0.3475563449215988
2070,1048,-137.6215296397489,-782.5563896641734,12.54699993133545,11.224119243433224,-1.3228806879022255
1491,2239,1048.9770978058186,-193.54692870407774,8.829000473022461,8.770653980992662,-0.05834649202979847
1095,2190,996.6940744846921,202.17394819787694,9.26163387298584,9.97369510172658,0.7120612287407404
1441,2247,1056.5670689933193,-143.46511067609188,8.768000602722168,8.75433594865018,-0.013664654071988025
89,1284,82.10650541612051,1201.0151260773387,54.95600128173828,54.943260055996426,-0.012741225741855544
2038,320,-866.1145741235885,-756.552711663623,5.460000038146973,5.46,-3.814697269177714e-8
1699,380,-808.8927174450924,-416.95114605564993,33.090999603271484,32.32792314816573,-0.7630764551057538
230,697,-503.9147386493816,1055.1265090623965,52.834999084472656,52.66889689741053,-0.16610218706212976
1883,1153,-34.13131837213942,-594.6311675058396,11.069999694824219,10.820319021037818,-0.24968067378640058
522,2108,909.9398500900825,774.6784058092474,18.322999954223633,18.39676711509604,0.07376716087240709
1808,452,-735.9707443836373,-525.3913436766962,9.42400074005127,9.594927788998792,0.1709270489475223
1231,901,-291.59037713361187,55.494901518790726,63.75,63.539096257189826,-0.21090374281017432
2297,1695,511.4553229099676,-1004.2899372087671,12.10200023651123,11.396265460854663,-0.705734775656568
491,908,-290.6944875930705,795.7856135244867,57.933998107910156,58.60635762936412,0.6723595214539628
1429,1586,395.2592735278599,-136.9153613948203,9.21500015258789,9.21305872878656,-0.0019414238013304441
1594,1900,710.7198321100695,-299.3765960159237,10.53499984741211,10.179140784686973,-0.3558590627251359
2088,244,-941.7259245792118,-807.1954582347063,5.460000038146973,5.96740264403263,0.5074026058856571
1681,1535,346.32245175542243,-389.41566727074314,9.177000045776367,9.200186298182265,0.02318625240589789
1831,455,-732.7800333296307,-548.3738210536278,9.005000114440918,8.944182850058137,-0.06081726438278068
972,572,-622.831040393408,311.86163692986014,65.29301452636719,65.27837843654336,-0.01463608982382425
2515,1374,192.1525939935401,-1225.007018513455,16.788999557495117,16.606328426569007,-0.18267113092610998
1513,2338,1148.1899289193047,-214.73702325796307,8.664999961853027,8.684120839800448,0.019120877947420567
890,1072,-123.3503138981555,398.0132963847273,64.66799926757812,64.04193565551238,-0.6260636120657495
2477,1357,174.83373013287547,-1187.1352897809093,17.593000411987305,17.02371873674771,-0.5692816752395942
2304,1751,567.530752650686,-1010.8301292256832,11.222999572753906,11.184699013051887,-0.0383005597020194
651,263,-934.5769948137034,630.412707262396,67.01200103759766,66.89614385086581,-0.11585718673184431
1571,2179,989.6182167690986,-274.0672860823713,8.7160005569458,8.74090326207637,0.024902705130569913
2108,1944,758.9746233344711,-813.1759084931725,13.868000030517578,14.152138715956697,0.28413868543911924
106,2236,1034.5473320657986,1191.8661927709754,23.257999420166016,23.398713300377203,0.14071388021118736
2237,1035,-149.24780017452332,-949.7162412481598,14.86400032043457,14.817591194156044,-0.046409126278526
753,478,-718.6677334479153,530.1548237199107,63.417999267578125,63.58530103664852,0.16730176907039152
2525,1094,-87.85315484466128,-1237.320189233591,23.36199951171875,23.243224372028937,-0.1187751396898129
2330,2031,847.833695363363,-1034.5282559972095,10.3149995803833,10.325792377593054,0.010792797209752791
44,422,-780.5361802384507,1238.9155426839488,66.9320068359375,67.31572366242634,0.3837168264888362
198,86,-1115.370834561836,1082.094312174723,67.79100036621094,67.79614899793259,0.005148631721652919
2505,2294,1112.3606143534967,-1207.4137659954868,8.531000137329102,8.601170467853725,0.07017033052462374
912,726,-469.27770100751707,373.1512698216777,61.32600021362305,61.209237180632236,-0.1167630329908107
1538,1339,149.08074379551132,-247.9877696383209,17.68600082397461,17.22467272787011,-0.46132809610449854
438,1678,479.1108626766507,855.1565022790226,65.02200317382812,64.5284584435531,-0.4935447302750191
746,350,-846.7657268560414,536.1007809748327,69.27200317382812,69.89094870501395,0.6189455311858296
875,668,-527.6012622446101,409.68430813294765,61.053001403808594,60.76506097420139,-0.2879404296072039
1055,558,-636.1505588019454,228.72001523574494,69.427001953125,68.86740481955647,-0.5595971335685306
1287,1748,556.1387213263758,6.466158267926021,9.597000122070312,9.534976741250622,-0.06202338081969039
1204,1113,-79.74640024820488,84.25270288657927,50.624000549316406,50.717443389872344,0.09344284055593732
1412,221,-970.3107251689167,-131.17289478983838,58.904998779296875,59.143785074287536,0.2387862949906605
1444,2234,1043.587712252518,-146.57332469820847,8.75,8.738049428255342,-0.011950571744657523
1512,664,-526.3463592754861,-227.5490684153919,50.814998626708984,50.77567243284113,-0.03932619386785774
1921,1736,549.3660783961637,-627.8329865985734,5.815000057220459,5.877507577038191,0.06250751981773206
2013,1679,493.1071453040087,-720.3323117906579,8.827000617980957,8.878090379735056,0.05108976175409907
1694,2191,1002.6368823775995,-397.007156290431,11.098999977111816,8.60428688461328,-2.494713092498536
1307,1407,215.1961572643063,-16.353856205396387,15.788000106811523,15.934750146978246,0.14675004016672233
1432,1620,429.2947555649742,-139.63576727777638,9.569000244140625,9.540476258205173,-0.028523985935452245
2420,1485,302.4038390527388,-1129.0612966659255,14.777000427246094,14.496882037605912,-0.2801183896401813
328,1345,145.09807113381754,962.4431921634571,77.89800262451172,77.86854633210041,-0.02945629241131087
950,1892,697.4034284151013,344.7607817839098,8.482000350952148,8.501614481514443,0.019614130562294108
892,97,-1098.6404281305506,387.96721350379744,77.12000274658203,77.26316453010813,0.14316178352609654
1261,2318,1126.1042893165684,37.1776488141349,6.146999835968018,6.367464842256314,0.22046500628829602
2215,2330,1145.9794290025402,-917.0250471972254,10.977999687194824,10.968785648336977,-0.009214038857846774
1470,236,-954.8274456697085,-189.06734492525013,50.35200119018555,49.580630005028986,-0.7713711851565606
1912,635,-552.0551232946275,-627.9141602091763,5.460000038146973,5.598230109786563,0.13823007163959034
196,2056,855.2331659517978,1100.3522996366612,44.542999267578125,44.00628570000102,-0.5367135675771024
2359,2057,874.0811686250499,-1063.3229118264817,9.521000862121582,9.337368948340686,-0.18363191378089638
1890,1718,531.1046243884077,-596.9717142752589,7.926000118255615,7.932922244767057,0.00692212651144164
1825,1481,293.4935415728158,-533.9066356478392,9.211000442504883,9.232874640799093,0.02187419829420989
807,408,-788.2441363747641,475.56022029766496,66.75700378417969,66.70239473361279,-0.05460905056689569
851,244,-951.9325866470019,430.1930985696097,73.9800033569336,73.93574035010174,-0.04426300683185502
1490,1283,92.66703690912641,-200.43470080479386,11.86400032043457,11.59026454881149,-0.2737357716230804
822,609,-587.0571646801301,462.2141219487077,59.63600158691406,59.84123087842279,0.20522929150872926
2405,1451,268.2693622140663,-1114.3370723688122,14.729999542236328,14.855008037152821,0.1250084949164929
1782,750,-438.0915420087002,-496.92442797247173,10.279000282287598,10.131260804471617,-0.14773947781598018
300,1976,776.0661419889458,995.659252169665,55.90800094604492,55.792701288601904,-0.11529965744301762
1836,354,-833.7705237235806,-554.2087189310016,8.471000671386719,8.409010278519837,-0.061990392866881905
697,472,-725.1317266943264,586.1229155566708,65.77899932861328,65.56584635892241,-0.21315296969086717
124,296,-905.9155678241018,1157.8505792283006,67.34700012207031,67.25710889445443,-0.08989122761587964
211,1361,160.13758586972688,1079.6121139153865,79.9050064086914,79.89149102721223,-0.013515381479180633
594,2193,995.5608681929658,703.3570762320339,15.317999839782715,14.922868999063343,-0.39513084071937143
1358,1023,-168.50404259649358,-70.5384239686385,71.10000610351562,70.77444645640507,-0.32555964711055196
2366,2312,1129.2195338341419,-1068.221306820729,11.244000434875488,11.101744032913937,-0.14225640196155176
795,1717,521.0691491111521,498.3656595505083,29.965961456298828,29.940659307954345,-0.0253021483444833
361,2044,844.5910182512592,935.2011386973236,35.59700012207031,35.547568452748685,-0.04943166932162768
52,434,-768.4663876843191,1231.012060081207,66.427001953125,65.55671876824573,-0.8702831848792698
917,1704,509.0717639934863,376.21987995183474,25.583999633789062,25.178740916524056,-0.4052587172650064
667,1893,696.0684735464228,627.8584079249417,22.11199951171875,21.916780562303185,-0.1952189494155654
2311,898,-285.6804175260499,-1024.8698342707703,9.259000778198242,9.419738067341408,0.16073728914316554
1873,87,-1100.5491113405003,-593.42328527717,11.48900032043457,11.298879652321984,-0.190120668112586
1546,1091,-98.93140418305512,-258.03655766669016,36.137001037597656,35.47848419369089,-0.6585168439067672
1412,669,-522.1699017598827,-127.47635693376395,50.374000549316406,50.25600109399865,-0.1179994553177579
379,1524,324.5753882547138,912.9042718588669,73.00300598144531,72.46177312859706,-0.5412328528482533
1614,1710,520.8248604316709,-320.9506050293712,9.395000457763672,9.472910349087254,0.07790989132358206
763,1259,62.66062742091951,526.5963991555473,73.56300354003906,73.28674163597401,-0.276261904065052
224,1603,402.32119634166327,1068.6051040198918,74.68600463867188,74.66035086555925,-0.025653773112622957
1020,859,-335.34466564627536,266.2147561494522,55.849998474121094,55.86598217092647,0.015983696805378145
1536,1451,261.0995588433773,-245.06301752785578,17.232999801635742,17.283436787012086,0.05043698537634356
1135,1611,417.8412654648015,157.3836847692903,25.58099937438965,27.295408176531204,1.7144088021415556
2173,349,-835.9916458890714,-891.3558660938988,8.954000473022461,8.889458163063098,-0.0645423099593625
1911,1240,53.12711800569208,-621.9221787303063,9.82800006866455,9.78225177822377,-0.04574829044078044
2086,668,-517.6091383949881,-801.696620884142,9.109000205993652,9.075307656729763,-0.03369254926388976
1689,1700,511.4405265863328,-396.05678696274526,10.168999671936035,10.07239324258643,-0.09660642934960428
1304,680,-512.0575775414987,-19.35162007150634,58.14099884033203,55.993103235948595,-2.147895604383436
1546,971,-218.96919905322952,-259.0266860112438,41.79600143432617,42.15616401711908,0.3601625827929098
1544,1314,124.1223687114227,-254.1959380784817,13.729000091552734,14.147615999164241,0.4186159076115068
716,622,-574.9277740070783,568.3547326971063,59.48899841308594,59.330654546877895,-0.15834386620804253
1774,1340,152.02828567043488,-484.05391891067063,9.519000053405762,9.447153175773831,-0.07184687763193054
2289,261,-923.0622538404175,-1008.1183399717968,5.671601295471191,6.253942479186844,0.5823411837156529
1761,1904,716.099003064224,-466.3963357625678,10.413000106811523,10.199663797861255,-0.213336308950268
1652,838,-351.136463347718,-366.1574400594409,30.12299919128418,30.71802112955414,0.5950219382699586
1658,1874,685.2396843118987,-363.6113341939334,10.615950584411621,10.30659998778274,-0.30935059662888165
2057,1305,119.35219741533739,-767.4319053216368,5.947999954223633,5.948,4.577636758540393e-8
1315,2239,1047.5248813175594,-17.49128296729904,9.470000267028809,9.549138504684596,0.07913823765578698
637,834,-363.512977382084,649.1290047714092,55.97100067138672,55.85774308025301,-0.11325759113370992
336,1445,245.19562177536852,955.2659020262997,78.16200256347656,78.26177317472475,0.09977061124818931
1847,157,-1030.7416508399867,-566.8375710981531,11.904000282287598,11.403953160374805,-0.5000471219127931
1871,1355,167.83334144981217,-580.9607375963895,9.379000663757324,9.358708684355326,-0.020291979401998006
1312,2219,1027.4938040496347,-14.65536094679426,8.636000633239746,8.59697645436033,-0.03902417887941567
1176,738,-455.09550678381186,109.16722893965434,53.8849983215332,55.414914391443254,1.5299160699100511
534,426,-772.4912660899957,748.7945553349709,60.917999267578125,61.04027362304718,0.12227435546905241
2098,1525,339.75984774248457,-806.6297171985007,8.73900032043457,8.852029121574544,0.11302880113997382
1685,1107,-81.77947478966723,-396.948327697061,14.373000144958496,14.643892751444877,0.270892606486381
2437,191,-991.8632092598042,-1156.742338851056,13.878999710083008,14.071416526106649,0.19241681602364125
2056,318,-867.9666927064453,-774.5748681773584,5.460000038146973,5.46,-3.814697269177714e-8
991,346,-848.7453019402585,290.99079108787794,71.96100616455078,71.931531193605,-0.029474970945784662
188,367,-834.3650995082302,1094.416400883334,63.47200012207031,63.46915909585097,-0.0028410262193432345
1648,1716,527.1072880137863,-354.91183074181595,10.043000221252441,9.998202988037809,-0.04479723321463247
696,1187,-9.91494150945751,593.0233746219518,67.19200134277344,66.82043523669267,-0.37156610608076335
2491,425,-757.3441796868386,-1208.8287830602321,14.911999702453613,14.794143343249011,-0.1178563592046018
339,1224,24.150706638227575,950.4411942946077,76.1240005493164,76.36678538624993,0.2427848369335237
2271,71,-1113.2704282902862,-991.6802405814376,0.5450000166893005,1.1941770872269792,0.6491770705376787
1984,1025,-161.33832329502982,-696.7190678565521,9.045999526977539,9.044839020860277,-0.001160506117262372
1317,763,-428.9241961472092,-31.670851306275573,35.30799865722656,35.585024032972804,0.2770253757462413
2351,1366,182.79704542736206,-1061.0213139204684,15.649999618530273,15.79016563445903,0.14016601592875588
1368,1444,252.7111543033981,-77.06779434468991,12.076000213623047,12.143779977644744,0.06777976402169728
269,2075,874.8415976356671,1027.4860297629755,43.63399887084961,43.61179730121386,-0.022201569635747376
1822,1785,597.5647245176499,-528.3974469754589,9.576000213623047,9.399570667735286,-0.1764295458877605
388,1618,418.6793157205116,904.6771456887825,65.43900299072266,65.48215964155627,0.04315665083360898
1743,875,-313.37398357215767,-456.88079920780535,8.920999526977539,8.648965414800049,-0.2720341121774901
204,150,-1051.3012255284448,1076.6205870071437,67.25900268554688,66.81745564228862,-0.4415470432582538
397,874,-325.4808981570565,889.5346269257338,58.25299835205078,58.37263266048043,0.11963430842964584
292,1114,-86.27181307387757,996.5482443330875,63.20399856567383,63.335772921543494,0.13177435586966624
789,1609,412.9855535145821,503.4763533273889,46.49100112915039,46.5308970394836,0.039895910333207496
1917,197,-990.1515385655971,-636.529526110093,9.248000144958496,9.164527537661527,-0.0834726072969687
2345,2284,1101.0374238303327,-1047.4456738706556,1.309999942779541,1.32488439686001,0.0148844540804689
868,698,-497.6495870115972,416.9340631425604,58.96500015258789,58.28661660593518,-0.6783835466527108
717,1866,669.4725445884596,577.6198155551533,21.20800018310547,21.3187929949723,0.11079281186682977
1560,2129,939.5116504005572,-263.47636255525634,8.406000137329102,8.691427977688937,0.28542784035983537
2299,2147,963.6145967298086,-1002.5614235117164,0.9260001182556152,2.891351569389502,1.9653514511338868
1683,1531,342.3376917288829,-391.4493019302827,9.199000358581543,9.209701185673712,0.010700827092168907
236,1356,155.34232041083703,1054.5629705434167,79.7490005493164,79.81330482155659,0.06430427224017876
1581,149,-1040.9388993652972,-300.82004927118146,25.684999465942383,25.50650891502501,-0.17849055091737398
597,89,-1109.0772466781168,682.993811656667,66.29700469970703,66.3575759202451,0.06057122053806552
1195,1742,549.377699129896,98.44569133611026,9.49000072479248,9.415535527685924,-0.07446519710655686
382,289,-910.7886485711858,899.7117641987411,60.715999603271484,60.68888373280778,-0.027115870463703118
1239,1954,761.8077083271854,56.18109775076871,17.094999313354492,17.143760837755583,0.048761524401090384
2011,814,-372.18198940174824,-725.4684443702918,11.482000350952148,11.342251481866668,-0.13974886908548
1077,1428,234.30494854099766,213.8919504358591,57.7436408996582,57.55406470147014,-0.18957619818806393
918,926,-269.165243344426,368.79972608112456,53.0099983215332,52.71863463012088,-0.29136369141232166
2064,2119,933.6668964442117,-767.7181618421632,17.59600067138672,17.69295139388659,0.09695072249987291
2420,2252,1069.6460714731322,-1122.7333963300566,10.556659698486328,10.400337050259367,-0.1563226482269613
802,1478,282.0515001967931,489.39126064163247,67.08200073242188,66.52249123761175,-0.5595094948101291
855,1291,95.42988255002922,434.83146129528734,80.51900482177734,77.65184230453515,-2.8671625172421926
121,1755,553.5191617302903,1172.891985215227,60.832000732421875,60.89287375737577,0.06087302495389224
1452,1048,-142.72055427219212,-164.361747995639,53.1349983215332,52.86034805578356,-0.27465026574964213
1534,1656,466.1477328367578,-241.3709132757109,9.152000427246094,9.011789443208341,-0.14021098403775234
1306,68,-1124.2334023768203,-26.40205160389961,68.21200561523438,68.1473258636724,-0.06467975156196815
313,1283,82.95474136038166,976.9362754953729,78.3270034790039,78.25927612394455,-0.06772735505936112
1575,1806,616.5333775925202,-281.1461943155151,9.260000228881836,9.291855631352725,0.031855402470888805
2059,1789,603.5213964943808,-765.4392680117714,8.689000129699707,8.789158722602652,0.10015859290294493
367,1416,216.44229793794847,924.0168101667016,81.44900512695312,80.93103932712918,-0.5179657998239406
1792,1981,793.3791024293216,-496.77081224074095,9.346000671386719,9.17839688937019,-0.16760378201652948
509,2280,1081.8869453304108,789.1018808810782,14.666000366210938,14.680582261337513,0.014581895126575262
1958,634,-552.6759072385978,-673.9368789568023,8.56100082397461,7.814548415405666,-0.7464524085689437
172,1777,575.946985598482,1122.0574415754347,61.145999908447266,61.27009115282349,0.1240912443762241
1214,2046,853.6304894074552,81.94812548691748,19.54599952697754,19.04786599660426,-0.49813353037328056
2098,1431,245.73019802969475,-807.405265255502,5.947999954223633,6.425894736782129,0.47789478255849627
490,676,-522.7757493879662,794.8714259519516,59.07699966430664,59.29343123771558,0.21643157340893993
1557,1960,770.4334956268927,-261.86984602221185,8.782999992370605,8.790288265847964,0.007288273477358942
1516,2257,1067.1890673067207,-218.40631279348742,8.743000030517578,8.800589520705131,0.05758949018755288
2244,726,-458.28732309213353,-959.2678013854749,12.36299991607666,12.172412356512002,-0.19058755956465845
2430,1416,233.46457828727495,-1139.6337123797607,14.522000312805176,14.558511281217163,0.036510968411986866
2075,1715,529.6300434042115,-782.0548595925133,8.90000057220459,8.905299240746,0.005298668541410478
1483,1669,478.73102879017495,-190.24755387236968,8.338000297546387,8.567194193855265,0.2291938963088782
2314,179,-1004.8817534457319,-1033.8027132992597,11.604999542236328,9.853739295197292,-1.7512602470390366
2170,1050,-134.79585182250534,-882.571384053166,0.5727600455284119,2.1202982553333394,1.5475382098049275
1759,1058,-130.18434457901662,-471.3759305061877,9.563000679016113,9.50850828991576,-0.05449238910035348
2110,2285,1100.098900795664,-812.3631135944281,17.740999221801758,17.415540122878753,-0.3254590989230053
2394,1119,-63.92604560012034,-1106.072670037769,25.780000686645508,25.54382351931229,-0.23617716733321714
2290,587,-596.9515337186917,-1006.4290634833065,12.111000061035156,12.120557002161833,0.009556941126676932
913,434,-761.3612765481613,369.7414516156168,67.48300170898438,67.6398500674763,0.1568483584919278
970,1118,-76.67568655793679,318.3676752514872,61.14699935913086,61.495641720706544,0.34864236157568484
2340,1695,511.81008495667163,-1047.303508628172,13.187999725341797,13.229849138764884,0.0418494134230869
2326,971,-212.53367832970613,-1039.2722873234873,11.147000312805176,11.082083496161978,-0.0649168166431977
2348,1007,-176.34083556650722,-1060.9822059087148,13.005999565124512,12.865684461591282,-0.1403151035332293
2426,2012,829.619713225197,-1130.7153413509004,8.388999938964844,8.373142958796993,-0.01585698016785031
2369,1564,381.00800119204723,-1077.3934427516074,14.67199993133545,14.654476416628086,-0.017523514707363574
521,1581,382.76518401803645,771.329852644315,71.73300170898438,71.47228053138832,-0.2607211775960536
1988,2245,1059.079683708508,-690.6545612056154,12.878999710083008,13.055444750668801,0.17644504058579358
341,1893,693.3782713409004,953.9613596940615,61.5099983215332,60.77651477628769,-0.7334835452455124
260,960,-240.58439167027487,1027.287454489145,56.84199905395508,56.874730416208536,0.03273136225345752
2215,969,-215.4500939249093,-928.2538374222542,13.388999938964844,13.380289562787734,-0.00871037617710968
1153,408,-785.3890661075649,129.45147918573588,74.82000732421875,74.6753892686666,-0.1446180555521437
2360,1867,684.0293956486528,-1065.8907772590944,9.741000175476074,9.69734471125793,-0.04365546421814415
853,1902,706.6061675712916,441.8739333917357,13.805000305175781,14.020627168168136,0.21562686299235523
1231,718,-474.6479713693857,53.9848964499797,51.22700119018555,50.79117133146034,-0.4358298587252065
793,2292,1096.2343096735212,505.11110286920285,12.477999687194824,12.361531142302056,-0.11646854489276848
2361,185,-998.4921075227496,-1080.767972042706,14.166999816894531,14.139508273942383,-0.027491542952148507
1960,1926,739.7478522062664,-665.2776715784343,6.318999767303467,6.650984209619354,0.3319844423158873
1767,1046,-142.1221175790243,-479.4774603180017,9.51200008392334,9.514792048407491,0.0027919644841514213
1394,2245,1054.1786295153947,-96.4667528341273,8.881000518798828,8.798594709700371,-0.08240580909845718
1604,503,-686.6378947890338,-320.90641871543266,61.03799819946289,61.365544951133046,0.32754675167015534
1673,1351,162.19841384033197,-382.93131769108567,11.211000442504883,12.1489382113882,0.9379377688833177
2430,729,-453.7518323882202,-1145.3015693258683,8.359000205993652,8.343947848121209,-0.015052357872443523
70,788,-414.2065075200596,1215.9278256608072,60.5989990234375,60.615959538430516,0.016960514993016318
2534,231,-951.0503863245463,-1253.442801256356,11.288000106811523,11.125909425047697,-0.1620906817638268
78,997,-205.07469404402954,1209.6501002695138,53.965999603271484,53.84820101489828,-0.1177985883732049
1505,361,-829.4993835852257,-223.04695103326304,54.334999084472656,54.526705769274066,0.19170668480141018
2502,1684,502.1431411618445,-1209.4453890449884,7.889999866485596,8.118027387222558,0.22802752073696197
273,1816,615.7927956779542,1021.3474009730973,61.29100036621094,61.50724061339008,0.2162402471791438
1940,1390,203.41367591609355,-649.6937178070591,10.362709999084473,10.351088930276564,-0.011621068807908586
198,671,-530.1869958487082,1086.9220108177988,52.50299835205078,52.531770491931205,0.02877213988042371
1703,1827,638.5961342937659,-409.01333864948964,10.288000106811523,10.355223432390039,0.06722332557851551
1696,1692,503.49575795574094,-403.1250037531886,9.505000114440918,9.732572686671059,0.22757257223014093
1002,2064,869.8868523530259,294.1636408158768,8.464000701904297,8.472840446987862,0.008839745083564665
848,964,-231.73090137992517,439.1353315936876,57.50299835205078,57.593828820762205,0.09083046871142386
1037,1166,-28.107704046697364,251.74264549450882,57.04499816894531,55.587130375854045,-1.4578677930912676
879,1996,800.8504069879071,416.64138748783114,12.972999572753906,13.012511275040827,0.039511702286921135
88,662,-540.097603450698,1196.8823361656785,63.14899826049805,63.191442920212694,0.04244465971464706
1198,600,-592.9573863924757,86.02161015685869,69.36600494384766,69.12598409157336,-0.2400208522742986
1821,423,-764.8725998439627,-538.6347023662344,8.838000297546387,8.479394290035753,-0.3586060075106339
868,1607,411.6368159326588,424.434923528533,44.99399948120117,45.26542873644542,0.2714292552442501
1210,925,-267.7561006979697,76.69954630441507,62.242000579833984,62.504773395796526,0.262772815962542
842,671,-524.8726271434032,442.7194437080942,59.926998138427734,59.86565431856898,-0.06134381985875592
1331,2081,889.6069589314453,-34.80004776280754,11.699000358581543,10.861803316684371,-0.8371970418971717
537,1415,216.84485709130732,753.9549545328275,73.8270034790039,73.86687495657493,0.03987147757102605
2418,2004,821.5511841495667,-1122.7788155014418,8.62700080871582,8.561358919929543,-0.06564188878627775
909,2035,840.1102816426273,386.9537274370529,9.617000579833984,9.640100452080757,0.02309987224677279
1676,2237,1048.5029085603044,-378.62192204243956,9.106000900268555,12.11964398396201,3.013643083693456
214,1697,496.26833623233165,1079.38398824375,66.1570053100586,66.29094711557165,0.13394180551306079
134,858,-343.65631302578356,1152.485365332704,57.07400131225586,56.80142105520403,-0.2725802570518283
1822,1428,240.4520732278089,-531.3429814995076,9.293000221252441,9.310985356001442,0.017985134749000764
271,2118,917.8716914814503,1025.8402498732278,35.19300079345703,34.71158360073961,-0.4814171927174229
1447,914,-276.80400728872206,-160.46583018883996,49.516998291015625,49.48870161187874,-0.028296679136886382
1316,1050,-141.84209267391816,-28.302411719324247,63.22800064086914,62.03067900183483,-1.197321639034314
1271,1474,281.92023924150624,20.210336408589043,14.357000350952148,15.213699092982264,0.8566987420301153
289,1113,-87.29688520362883,999.5409369574227,62.76900100708008,62.90289175097124,0.13389074389116473
1433,1007,-183.89023969763937,-145.6940625199298,60.334999084472656,59.83338343843998,-0.5016156460326755
1907,2154,967.3826106597451,-610.3797669742646,10.571999549865723,10.507912220929462,-0.06408732893626023
912,685,-510.29060001514875,372.8129490621109,61.957000732421875,61.87606907596211,-0.08093165645976796
1997,1948,762.0600750690605,-702.1078443423983,17.510000228881836,16.380667689754393,-1.129332539127443
1121,211,-982.7150091246459,159.8359897109003,76.48700714111328,76.27605275450686,-0.2109543866064172
319,2322,1122.3322991953419,979.5085547155863,16.584999084472656,16.974794646885172,0.389795562412516
2009,2227,1041.2472554220387,-711.8097120962932,15.60200023651123,15.611649574716457,0.009649338205226954
624,1185,-12.50971472558509,665.0295566994139,66.36000061035156,65.19855242460692,-1.1614481857446464
253,2305,1104.7822658775715,1045.3891352249577,23.243000030517578,22.08399059949244,-1.1590094310251366
1771,617,-571.2241423184416,-487.0183271245977,29.916000366210938,30.15388564666134,0.2378852804504028
1144,1212,18.789706304194766,145.0885011775173,43.755001068115234,43.52251023594158,-0.23249083217365296
2492,652,-530.2645497054493,-1207.9563313921315,11.114999771118164,11.399536122435897,0.28453635131773325
1217,1592,399.51188978253793,75.20103441135362,24.349000930786133,23.941401837579935,-0.4075990932061977
2236,488,-696.4281814255023,-953.2288655707384,2.1679999828338623,3.323195689096743,1.1551957062628806
458,1421,222.1948288390878,833.0293775874975,74.35900115966797,74.20792086138675,-0.15108029828121516
2521,1429,247.21943859987292,-1230.5551560947238,8.322999954223633,8.428937099731497,0.10593714550786437
1781,1431,243.1147360894732,-490.30529980765397,8.875,8.951412795280584,0.07641279528058398
1118,813,-380.5504911462899,167.80434075355436,51.42100143432617,52.020659516971776,0.5996580826456039
1605,976,-213.48081323089315,-318.00400857843636,33.80500030517578,33.6568879247975,-0.14811238037827934
1993,765,-421.34592092099007,-707.8670589814938,10.517000198364258,10.396727334102271,-0.12027286426198636
255,1484,283.5394804679371,1036.6132881187546,76.13800048828125,76.48417242816825,0.34617193988700024
621,2301,1103.8178205458582,677.239759383117,15.380000114440918,15.149853542145559,-0.23014657229535906
1088,696,-497.8348525201712,196.84835148335063,67.97200012207031,67.61334465052177,-0.3586554715485448
1294,2113,921.3117731419309,2.4756874864220966,14.130999565124512,14.228131044088371,0.09713147896385976
1424,955,-235.98087543045102,-137.1202904699619,58.55500030517578,59.153581926486005,0.598581621310224
2531,2068,886.5036711178475,-1235.2865093112216,7.783999919891357,7.877935718503305,0.09393579861194734
539,1007,-191.2672130236255,748.5874626776312,57.71099853515625,58.07143395178954,0.3604354166332868
811,591,-605.153595638789,473.06904835496397,59.29635238647461,59.72686237639933,0.43050998992472245
1174,2023,830.2931643007936,121.77098075819598,15.53600025177002,14.752609934938251,-0.7833903168317686
2322,637,-546.67179843159,-1038.0266139778594,8.803143501281738,9.245347295860043,0.4422037945783046
1117,168,-1025.7615197515495,163.48243113678885,76.13600158691406,76.17742117004278,0.04141958312871452
1813,977,-210.76431074303602,-526.0612528189329,6.282320022583008,7.512681316385631,1.2303612938026234
621,585,-612.7233477802886,663.0792849358406,65.56200408935547,65.43327115956635,-0.12873292978912332
1831,1760,572.6310886818346,-537.6065581637272,8.050999641418457,8.488279878400558,0.43728023698210094
1946,2252,1065.7353698151508,-648.5835270404117,12.373000144958496,11.948618772460094,-0.42438137249840224
1463,815,-375.7031521614335,-177.2877313853129,32.5880012512207,34.2148556156377,1.6268543644169995
2280,1763,579.3365337323462,-986.7235490914818,10.281999588012695,8.676097136026387,-1.6059024519863083
1644,1228,38.920363356956614,-354.9370446104166,11.956459999084473,12.741595199565188,0.7851352004807151
228,2099,898.5108327950959,1068.6970429138246,39.290000915527344,39.31933061738425,0.029329701856909196
2054,1920,734.5215137470568,-759.3568651571416,10.718000411987305,13.846509939670481,3.1285095276831765
2404,510,-673.0352197163306,-1121.100175553545,9.819000244140625,9.728834814895766,-0.09016542924485904
746,1162,-34.510222799254436,542.8013228548933,67.45600128173828,67.47637749915292,0.020376217414636244
1735,2070,881.9369248642586,-439.0184757814825,8.468000411987305,8.248945021124873,-0.2190553908624313
1272,904,-288.25112637583055,14.506748785036308,67.6760025024414,67.25430195444649,-0.4217005479949165
587,1741,543.3603174323539,706.629359799766,51.069000244140625,52.125594084358674,1.0565938402180493
2065,1081,-104.65238739337113,-777.2825473095832,9.156000137329102,9.227085693875553,0.07108555654645166
618,945,-252.63482284789566,669.0509599151949,55.933998107910156,55.93989494546065,0.005896837550494638
1311,2170,978.4700622985455,-14.059359720743805,6.124000072479248,6.315813499782575,0.19181342730332673
2398,853,-329.97681323798577,-1112.2684794845306,8.839000701904297,8.88133472526994,0.04233402336564396
2211,1718,533.7530531537269,-918.0730350237566,8.357000350952148,8.489686512412147,0.13268616145999879
1289,713,-479.1709654678099,-4.074607555282489,48.66699981689453,48.18338416638358,-0.48361565051094857
802,1967,771.205856219638,493.4264097082804,16.072999954223633,15.945735553989252,-0.12726440023438101
1674,927,-261.9269249684716,-387.4300311317128,12.434000015258789,12.376208286222585,-0.057791729036203776
84,1487,285.1292500584741,1207.6919749542985,67.45800018310547,68.57034234692819,1.1123421638227171
2312,780,-403.70930945501715,-1026.843680869534,7.590000152587891,7.717984344552059,0.12798419196416866
151,1435,233.66577075276325,1140.2417144264066,76.3290023803711,75.84825759685215,-0.48074478351894356
138,146,-1055.8471452324725,1142.6082999480075,68.29000091552734,68.02910723256505,-0.26089368296229054
2138,845,-340.12441562856645,-852.2526485718474,9.050200462341309,7.396453449110108,-1.6537470132312002
819,2217,1021.4251437903148,478.4839947965793,10.08899974822998,10.0295048663883,-0.059494881841679614
346,232,-968.1036361233334,935.2526908752376,64.13200378417969,64.21790754082164,0.08590375664195449
1269,1884,692.0331396802385,25.594025821007655,15.371999740600586,15.407104055334718,0.03510431473413256
1393,1427,235.9120741115012,-102.21594933968552,13.519000053405762,13.66243357618983,0.1434335227840684
1096,1690,496.54438756691894,197.04786197590994,13.550000190734863,12.255494804635694,-1.2945053860991695
1721,59,-1129.8120235952106,-441.60658944374006,8.531000137329102,9.502609808659516,0.9716096713304143
1732,827,-361.47985217787965,-446.2733785943636,10.527999877929688,10.631905977328609,0.10390609939892137
635,1964,766.8268356331387,660.4544062767964,21.194000244140625,21.76455548573316,0.5705552415925332
779,1999,803.0261728036651,516.6977346348997,16.54599952697754,16.37396115200985,-0.1720383749676877
464,1899,700.3951941249345,830.9720293867301,45.38999938964844,45.28448768268148,-0.10551170696695777
279,768,-432.48803220268746,1006.697014819873,56.516998291015625,56.039153962932346,-0.4778443280832789
2138,532,-653.2228867312526,-854.8350381281572,9.34000015258789,9.206735056313745,-0.13326509627414573
896,67,-1128.6168394587578,383.7184054356966,78.58100128173828,78.16747028126164,-0.41353100047663816
1139,456,-737.4894993422971,143.85195053478407,73.09100341796875,73.00890370017346,-0.08209971779528757
133,42,-1159.9210583373788,1146.7516046704934,70.59600067138672,70.60696584536053,0.010965173973815467
1792,1531,343.23703742901625,-500.48368616370635,9.018000602722168,9.012178655663586,-0.005821947058581856
266,600,-600.6481627151293,1018.3147018818472,56.66796875,56.45210152124716,-0.2158672287528418
734,1817,620.5973543122375,560.2101038080841,23.905000686645508,24.375335197180274,0.4703345105347658
70,1814,612.1169074659441,1224.3949856969402,56.946998596191406,57.10704325962363,0.1600446634322239
1959,872,-314.59276502770507,-672.9735424794251,9.630000114440918,9.491751605723358,-0.13824850871755956
1597,1599,409.64956196931155,-304.86110331218276,8.327000617980957,8.659630403881563,0.33262978590060577
1530,2069,879.245155570494,-233.9619469646936,8.592000007629395,8.339064141534575,-0.2529358660948198
1979,227,-959.6305756096361,-698.3014801102593,8.440999984741211,8.358721210693032,-0.08227877404817896
725,1624,427.4621657794288,567.6203254079362,52.49599838256836,51.97908871279191,-0.5169096697764459
1916,2172,985.4625569113482,-619.2340988599256,10.543000221252441,10.453241849757886,-0.08975837149455579
882,1700,504.7816903984427,411.1979196441125,25.06599998474121,25.27878712405586,0.2127871393146492
867,474,-721.7282829481593,416.0859806199491,65.24099731445312,65.35741776269283,0.11642044823970821
2005,1125,-61.133559777150154,-716.9006218364464,5.947999954223633,5.948,4.577636758540393e-8
2487,1595,412.99130217523975,-1195.174915637855,8.430000305175781,8.880277482953897,0.4502771777781156
2058,1097,-88.70510080608162,-770.1483337439283,9.46500015258789,9.27380254842393,-0.19119760416396048
2359,1138,-45.20881684646447,-1070.904889866901,25.618999481201172,25.068749045895093,-0.5502504353060793
650,1142,-55.3087111524099,638.666528698977,63.349998474121094,63.4237767067425,0.07377823262140737
1272,1645,452.98244058682957,20.62100329247117,13.281999588012695,12.98181896467608,-0.3001806233366153
2468,1800,617.8992578702017,-1174.4776421144238,8.40000057220459,8.387685481688738,-0.012315090515851779
2136,1126,-59.05242523740863,-847.9336406288298,8.523000717163086,9.7226363460952,1.1996356289321142
42,1489,286.7832714797482,1249.721725894055,64.51200103759766,64.40049720012388,-0.11150383747377646
456,2334,1135.4666563747862,842.5642570916576,14.913999557495117,14.489742434399844,-0.4242571230952734
748,1251,54.53432764890812,541.5351114180282,73.04700469970703,72.99932936154566,-0.04767533816136904
1529,340,-850.307956342213,-247.22776533141248,48.619998931884766,48.84104013494487,0.22104120306010344
425,1404,204.91714501874614,865.899495291739,76.95100402832031,76.80667163583297,-0.14433239248734253
1863,1210,22.721628569880792,-574.1545737905935,9.99000072479248,9.193002325577764,-0.7969983992147167
1687,1832,643.4656983628262,-392.96703189689435,10.289999961853027,10.308884363237935,0.018884401384907434
1674,646,-543.0153564539278,-389.7485430808017,47.31011962890625,47.376592189220645,0.06647256031439497
1517,1942,752.0977659987258,-222.0057305464673,8.601000785827637,8.56237785049531,-0.0386229353323273
2518,1372,190.17671357231944,-1228.0244645122416,16.868999481201172,16.65728939049221,-0.21171009070896218
515,2268,1069.9326638116993,783.0009582063577,14.987000465393066,14.937323183568296,-0.0496772818247706
283,850,-350.4292162790083,1003.3724514804273,56.30500030517578,56.23261330416709,-0.07238700100869266
1701,918,-270.70698364477835,-414.5127896818001,11.62399959564209,11.625659620890314,0.0016600252482241729
2265,1845,661.2386705699465,-971.0422850286432,7.0970001220703125,7.421916380508098,0.3249162584377858
1196,1173,-19.79350748160379,92.75030900803515,44.26499938964844,44.60257463253005,0.3375752428816128
853,398,-797.8676963191344,429.46324564024815,67.16699981689453,66.95450008108865,-0.21249973580587778
748,1682,485.6702637572602,545.0916779350553,38.70100021362305,38.69042986128251,-0.010570352340536715
1680,621,-567.9737144040114,-395.9567033725733,45.826507568359375,45.06833533480253,-0.7581722335568415
811,752,-444.1029493927806,474.3975931876612,56.7400016784668,56.029151458516154,-0.7108502199506432
2101,570,-615.5162048481919,-817.5098865207151,8.838000297546387,8.886142983939358,0.04814268639297126
1183,1396,203.16951685464613,107.5944778103659,43.5629997253418,43.90475615675171,0.3417564314099124
2024,1733,547.2149470211273,-730.8902513600959,8.86400032043457,8.839102550773939,-0.024897769660631397
1624,1684,494.89916382632896,-331.1682873968775,9.46500015258789,9.42046622057105,-0.04453393201684008
1985,680,-506.43867009597136,-700.5658432609507,5.460000038146973,5.868196439188713,0.4081964010417405
936,1337,142.11277502772833,354.18550856642173,78.22899627685547,77.79092286977419,-0.4380734070812764
934,1912,717.2777179397845,360.9308688726144,8.777000427246094,8.85282159734339,0.07582117009729572
1418,411,-780.2015199546352,-135.6070527435006,71.14800262451172,70.36510691136058,-0.7828957131511345
932,2211,1016.355697371395,365.3987607768597,8.846000671386719,8.763501659881706,-0.08249901150501238
1969,1348,161.63970182355288,-679.0493885923338,9.947000503540039,10.307735932450685,0.3607354289106457
2168,518,-666.9797755914818,-884.9599762970313,9.902000427246094,9.139552783636496,-0.7624476436095975
1053,2112,918.3228538923247,243.54360147008435,10.460089683532715,10.428374266101509,-0.031715417431206205
2056,416,-769.9358950869927,-773.7663170100859,6.556000232696533,6.74831571369122,0.19231548099468654
1335,1642,450.5013274304798,-42.4236312687069,11.246000289916992,11.111520974955576,-0.13447931496141585
2401,2232,1049.482994081062,-1103.89239355175,11.10200023651123,10.645221300286877,-0.45677893622435306
563,1018,-180.0656984921203,724.6706781376579,57.41999816894531,57.47215877471141,0.05216060576609749
1055,1157,-36.96201125618529,233.66271000300253,48.52199935913086,50.39648024299085,1.874480883859988
1969,1829,642.791473132537,-675.0808276992714,5.815000057220459,6.093598616501485,0.2785985592810256
1573,648,-541.8480770048674,-288.70027283166803,53.7091064453125,53.402319176374625,-0.30678726893787456
1965,1489,302.65116509786304,-673.8847864630761,7.276000022888184,7.3289141110511595,0.052914088162975936
1328,925,-266.78244077685673,-41.337603029374705,70.1780014038086,70.22916212965018,0.0511607258415836
1239,734,-458.5769261054089,46.114401733114356,46.15700149536133,46.4013170082332,0.24431551287187148
1917,1162,-24.847958520112453,-628.5676234380331,10.914999961853027,10.437028099954363,-0.4779718618986646
430,1451,251.97322781914195,861.2857731611527,74.5,74.64643206316171,0.1464320631617113
253,169,-1031.890890542176,1027.7619975743442,66.43900299072266,66.47711427443329,0.038111283710634325
157,223,-978.6661661384957,1124.2377785544265,67.83800506591797,67.55206412858509,-0.2859409373328816
2158,574,-611.0446704803426,-874.4948087508005,8.932000160217285,8.951276869115134,0.019276708897848494
1861,552,-635.5020133568,-577.5829302744244,9.564000129699707,9.520286949546131,-0.04371318015357595
145,428,-773.7007856850955,1137.9333165754592,55.224998474121094,58.0234235975379,2.7984251234168056
2524,870,-311.93194608931174,-1238.1678865089377,12.769000053405762,12.938840695092157,0.16984064168639534
1095,998,-195.68203410600108,192.33811314361287,50.8489990234375,51.09097112580494,0.24197210236744127
1707,530,-658.779557428787,-423.7160264619125,37.86600112915039,37.78101001363794,-0.08499111551245164
2361,1091,-92.20712382938325,-1073.2932806946158,18.219999313354492,18.009771213245724,-0.21022810010876825
2244,1072,-112.17839315320111,-956.4131829555176,15.140999794006348,14.962203372741163,-0.1787964212651847
245,250,-950.9314697826479,1036.4329564399645,66.0060043334961,65.93796160897824,-0.0680427245178521
492,1832,633.6050967756912,802.4102925029827,52.73099899291992,52.443775099989324,-0.2872238929305979
560,928,-270.1187945805479,726.928934665392,55.20199966430664,55.619269389985654,0.417269725679013
1085,2007,813.5537246751309,210.66707532606722,8.78700065612793,8.88351556572718,0.09651490959925013
1270,1053,-139.2207090073178,17.736830263615893,55.82099914550781,56.02487083275876,0.2038716872509454
1610,2301,1111.9785809761763,-312.0729893412037,8.71500015258789,8.699116436882164,-0.01588371570572633
233,823,-377.85033415320765,1053.1653719954038,56.619998931884766,56.598894070660265,-0.021104861224500837
1067,1323,129.18932560046633,223.02868929906717,64.1510009765625,64.2477048086143,0.09670383205180144
506,1901,702.7424170822462,788.9752697009469,33.9900016784668,34.123172848393935,0.13317116992713807
699,1688,491.2678131162881,594.1566537176275,43.18299865722656,43.40781366251506,0.22481500528849807
1661,1038,-150.99923246162928,-373.51008295835373,16.856000900268555,16.75677736779426,-0.09922353247429427
2184,935,-249.7165621598396,-897.5245902798686,3.265000104904175,3.7337223016859773,0.4687221967818025
1513,1665,474.97730015081135,-220.2900260920047,8.959000587463379,8.996140102370964,0.037139514907584825
1237,2124,931.8449216262676,59.58446720002179,17.410999298095703,18.02955472168352,0.6185554235878179
42,1103,-99.33840178834227,1246.536213972356,54.040000915527344,54.04236029704762,0.0023593815202787027
2279,1622,438.2837779812069,-986.8865303770335,3.878000020980835,4.165338104747507,0.2873380837666719
908,411,-784.4097642607161,374.5532333646554,67.1240005493164,67.31497676292182,0.19097621360540984
782,716,-480.3535797729786,503.10965065658763,57.61000061035156,57.833611588021995,0.22361097767043248
300,121,-1079.5181012961643,980.3511252117239,65.08000183105469,65.66453893110557,0.5845371000508806
1299,66,-1126.2917894208217,-19.416356745774486,69.552001953125,69.37476254610898,-0.17723940701601748
938,1056,-138.95927096436694,349.86615054555784,62.0359992980957,61.9922933014241,-0.04370599667160491
1254,776,-416.43993950282106,31.45623985706881,39.678001403808594,40.04499363616427,0.3669922323556776
2131,2274,1089.2686826432966,-833.4605096091461,16.632999420166016,16.637978335683215,0.004978915517199312
1571,430,-759.9331270234288,-288.49836943802563,60.362998962402344,60.476579000130016,0.11358003772767233
863,194,-1001.84926987167,417.77674044873874,74.64400482177734,74.72282718473102,0.07882236295367306
1987,1834,647.9415634128467,-693.0452581071524,8.913000106811523,8.879090989426212,-0.03390911738531166
2259,230,-954.3195013110446,-978.3646755637953,-0.9559999704360962,0.07123404015551293,1.0272340105916091
211,1654,453.23000791031814,1082.0300800506293,69.06500244140625,69.13679330414193,0.07179086273568203
783,1407,210.872323500616,507.8113710376089,74.32600402832031,74.77388039900102,0.44787637068070296
1010,43,-1151.6836827218913,269.4845795856449,78.85600280761719,78.86589998226049,0.009897174643299422
1824,432,-755.8450185918306,-541.5613883643557,8.431000709533691,8.527992148907103,0.09699143937341148
2533,875,-306.85612158299887,-1247.1294691564199,13.37600040435791,13.59921430189172,0.22321389753381027
524,1746,547.8420135476468,769.6905063635247,57.8129997253418,58.19874240359203,0.38574267825023156
2044,1880,694.426374265235,-749.6837298325472,8.87600040435791,9.886446188375672,1.0104457840177616
1215,232,-960.9327765902794,65.97974606806213,74.73799896240234,74.2355488137339,-0.5024501486684443
2241,716,-468.31522053576236,-956.3493609320158,12.437000274658203,12.054021208458897,-0.3829790661993062
2157,2082,897.4224991106759,-861.0528216099194,14.088000297546387,14.282356887741871,0.19435659019548446
641,414,-783.6120680414373,641.6619020841206,66.45899963378906,66.5389387761017,0.07993914231263943
138,546,-655.7214575860328,1145.9093159437948,60.20000076293945,60.238506205379295,0.038505442439841886
1370,197,-994.6648145324854,-89.35773285357779,65.42500305175781,64.48292134020329,-0.9420817115545219
380,2031,831.7437042484662,916.087856175179,32.92300033569336,34.03667455926595,1.1136742235725876
981,707,-487.7143125000939,303.97278009319507,62.849998474121094,62.96824583381006,0.11824735968896505
1482,978,-212.49506535884774,-194.94877610363324,50.02399826049805,50.455570482640525,0.4315722221424778
2337,1674,490.77870586607384,-1044.4758175339498,13.565999984741211,13.658600720860516,0.09260073611930508
1320,911,-280.85285888634,-33.450602658822646,68.58800506591797,68.29434917062274,-0.29365589529523106
1266,1915,723.018176583207,28.850765643607538,16.55900001525879,16.446678020925976,-0.11232199433281309
1911,1369,182.16778439631892,-620.8578386266752,11.003000259399414,10.914870350848618,-0.08812990855079583
1946,1598,411.52879083468224,-653.9794708252975,5.947999954223633,5.948,4.577636758540393e-8
1864,1609,421.85570397853695,-571.862839919804,6.074929237365723,6.179281458654841,0.10435222128911814
1990,780,-406.3659523745995,-704.7423559622481,10.604999542236328,10.815820665024873,0.2108211227885448
2370,51,-1132.4599310619733,-1090.876322932412,13.642000198364258,13.60393187818307,-0.03806832018118733
1487,1489,298.7072399511356,-195.73402121659944,17.76799964904785,17.563142569799254,-0.20485707924859753
1154,1928,735.0981230493994,140.99340897303148,15.729000091552734,15.650651340657237,-0.07834875089549698
1852,553,-634.5759556079942,-568.5718495936289,9.814000129699707,9.786183751831464,-0.02781637786824298
1825,153,-1034.9244237388427,-544.8636656502418,11.531000137329102,11.207301061791807,-0.32369907553729504
2222,1923,738.9085400845323,-927.385175995659,4.340000152587891,3.548430884834745,-0.7915692677531458
2157,848,-336.96671280195665,-871.2338773651077,0.26681792736053467,2.6724926227458146,2.40567469538528
1935,1529,342.4162634437073,-643.5452970658579,8.230001449584961,7.918400650947989,-0.311600798636972
2248,1779,595.0775744658899,-954.5814413096866,0.4779999852180481,0.6936918144843187,0.21569182926627062
413,1752,552.9279146281756,880.7750572115804,64.33501434326172,64.07837170838803,-0.25664263487368544
1551,727,-463.00474691699475,-266.0415193548149,44.01900100708008,44.35331954372005,0.33431853663996947
2219,270,-914.636949716537,-938.0220978530075,8.272601127624512,8.232149425382277,-0.040451702242235044
609,1225,27.37910993198672,680.3643644768051,67.11199951171875,67.36853946632094,0.25653995460218937
1034,1674,480.0277401245184,258.93540411283186,26.687999725341797,27.908655238259165,1.220655512917368
1976,576,-610.5456376914818,-692.4210759105549,8.189000129699707,8.38171307147199,0.19271294177228349
576,593,-605.0921738712177,708.1594521577226,64.51799774169922,63.65968562945491,-0.858312112244306
1944,2092,905.6682900420823,-647.9030045916054,10.125,10.281640626126087,0.1566406261260873
2207,690,-494.6039131734597,-922.553174055806,2.694000005722046,2.52993312058597,-0.16406688513607603
1345,531,-660.7661361868858,-61.593957099544305,72.73700714111328,72.59104114522839,-0.14596599588489312
2161,920,-264.9110447281362,-874.6411055254383,0.5040000081062317,1.3324430270969847,0.828443018990753
1876,1036,-151.22593156213375,-588.594297398932,5.947999954223633,6.208754467594146,0.2607545133705136
2353,1505,321.8573839690701,-1061.875159941354,14.256999969482422,14.154648728730713,-0.10235124075170887
1271,624,-568.3474867471714,13.196685102551669,63.44300079345703,63.543879075972995,0.1008782825159642
2013,721,-465.1947540587193,-728.236377599894,9.866000175476074,9.869216090330148,0.003215914854074242
2255,2075,891.2288261321069,-959.1415430451191,11.597999572753906,7.754047943746563,-3.8439516290073437
169,1055,-146.30544670623746,1119.1000917180447,56.24800109863281,55.742244637182296,-0.5057564614505168
1123,1653,459.7555012819289,169.73403458850615,23.405000686645508,22.640349346075784,-0.7646513405697242
2037,1059,-126.89033285405391,-749.4552400361131,10.477999687194824,10.312211798123899,-0.16578788907092523
1470,409,-781.7730877415024,-187.63989807325447,63.465999603271484,63.36315571593372,-0.1028438873377624
182,550,-651.3570900469016,1101.928492178146,50.89413070678711,53.84442433727163,2.9502936304845235
1638,1409,219.92791865484418,-347.44172646011754,15.489999771118164,15.602168593592214,0.11216882247405024
1479,880,-310.55067410198257,-192.7564429268046,43.0629997253418,42.677215117633125,-0.38578460770867196
1686,2171,982.5645524782913,-389.16964625981404,8.644000053405762,8.825588837393651,0.18158878398788936
1062,320,-874.1676079570792,219.7539409693498,73.86370086669922,73.77981350147522,-0.08388736522400109
2402,2150,967.4653209328663,-1105.5692282594,10.118000030517578,10.109332463684437,-0.008667566833141294
634,1621,423.71028981607816,658.624282979165,64.25399780273438,64.19689067214131,-0.05710713059306727
168,1475,273.8186785305432,1123.5664534763964,74.9020004272461,74.86225484441786,-0.03974558282823182
1384,1983,792.013311315381,-88.62541871359839,9.425000190734863,9.601676458801117,0.17667626806625414
494,739,-459.7229204773399,791.3900539566943,59.20199966430664,58.92259998470577,-0.2793996796008713
1659,65,-1124.3216965807076,-379.5376208733747,11.947999954223633,11.737198969908517,-0.2108009843151155
2274,1143,-40.90851497383766,-985.8368596238997,16.51300048828125,16.49784249226875,-0.01515799601250123
1742,1109,-79.3085434957895,-453.94978185115644,9.249000549316406,9.361932678131039,0.11293212881463255
790,907,-289.2274533926906,496.683237764433,55.821998596191406,54.53505382387957,-1.2869447723118341
758,906,-290.49182791472356,528.6850594142269,54.79899978637695,54.64746986745633,-0.15152991892062317
1550,651,-539.036907499916,-265.668285273854,53.215999603271484,52.67438794704224,-0.541611656229243
1804,660,-527.9383397802823,-519.6739217067795,10.28600025177002,11.373114710049013,1.0871144582789931
1942,1168,-18.639801014151764,-653.5259962543518,9.020000457763672,8.622172329758497,-0.397828128005175
2211,1005,-179.47175839806508,-923.9555642867683,13.902000427246094,14.029641301726716,0.12764087448062256
1891,781,-406.182453118371,-605.7029523790441,0.4320000112056732,1.894026448335735,1.4620264371300618
877,1090,-105.45191666056957,411.1659227344858,64.7750015258789,64.76205383082646,-0.012947695052446306
785,1918,722.0500966992847,510.02743885211567,15.571999549865723,15.66416541930118,0.09216586943545657
1943,1490,303.4699661381428,-651.8695968202767,7.574999809265137,7.78473803149342,0.20973822222828353
241,1528,327.43782570320764,1050.9808095985227,76.93400573730469,77.12053008848571,0.18652435118102062
518,1413,214.6874360323916,772.9444412766362,73.656005859375,73.65177573449208,-0.004230124882923292
481,1630,431.45055911123944,811.7468282258999,67.47899627685547,67.4376501960458,-0.04134608080967439
2317,2040,856.7292856033741,-1021.4498958215895,10.3100004196167,10.64043533688455,0.33043491726785135
2002,1126,-60.15799651581891,-713.8914261379446,5.947999954223633,5.948,4.577636758540393e-8
2229,1023,-161.31758261350348,-941.812726096111,14.800999641418457,14.82035212459533,0.019352483176872326
2423,1609,426.4677110436528,-1131.0392204340485,11.425999641418457,12.10447507701829,0.6784754355998324
715,1619,422.3780687224208,577.5822211220035,56.53799819946289,55.2081550332855,-1.3298431661773904
2398,511,-672.0844063971092,-1115.090039057246,9.61500072479248,9.50986470282237,-0.10513602197011096
787,322,-874.4361983040334,494.856846143114,71.79400634765625,71.95582782663917,0.16182147898291532
2134,573,-612.2429956891685,-850.4955121903154,9.164999961853027,9.273408398184328,0.1084084363313007
409,1756,556.8961683730035,884.8093287940799,64.2660140991211,64.14751820121606,-0.11849589790503501
1908,70,-1117.2656737713755,-628.5745348535673,9.348999977111816,9.411251875218774,0.062251898106957526
1336,1892,700.5885054303626,-41.36112304503187,15.506999969482422,15.554776044066521,0.047776074584099604
627,1023,-174.53599251341964,660.6917840889348,57.551998138427734,57.56289172641536,0.010893587987624187
371,1476,276.49422945684415,920.5106857827518,76.95100402832031,77.29327074154489,0.3422667132245749
1175,363,-830.2216762779351,107.07324974099657,74.47400665283203,74.28708416956354,-0.18692248326848926
2433,2238,1055.748897054125,-1135.8530093839315,10.156000137329102,10.147322790049397,-0.00867734727970415
1647,566,-623.2632930323081,-363.40012714627267,50.79899978637695,50.819328956499085,0.020329170122131757
1933,770,-416.8393857534008,-647.8069260867385,9.479000091552734,9.542956291562277,0.06395620000954239
1226,1033,-159.59006897957926,61.58566036591792,58.8390007019043,58.50952926445989,-0.3294714374444041
1776,617,-571.1828881600229,-492.0198996535795,29.88800048828125,29.230414353497284,-0.6575861347839655
2146,1339,154.0972108959926,-856.1794441558646,14.067999839782715,13.095118258291171,-0.9728815814915439
934,2250,1055.3845311501923,363.7199449881879,8.656000137329102,8.679975601437844,0.023975464108742628
232,1928,727.489816486472,1063.2846160325357,57.49100112915039,57.40716821177543,-0.08383291737496279
1276,536,-656.3339043153652,7.468994209578751,71.38500213623047,71.73287935040666,0.34787721417619366
330,240,-960.2331602365862,951.3237348555606,64.21101379394531,64.7432917561456,0.5322779622002827
1163,1769,576.1221762600051,130.6785822983797,9.148000717163086,9.190054096166394,0.04205337900330797
2056,489,-696.912947324968,-773.1640287110898,8.611000061035156,8.503129515135559,-0.10787054589959766
213,929,-271.98201590818303,1074.046425847323,56.02899932861328,55.90804340574797,-0.12095592286531343
1587,1839,649.6428103447142,-292.8776987555344,9.233000755310059,9.23730128094426,0.004300525634201691
111,620,-581.921005009287,1173.5284945206377,61.948001861572266,62.45682172082619,0.5088198592539257
85,243,-959.254066519217,1196.4254429606942,68.45100402832031,68.40652610274553,-0.04447792557478181
106,1918,716.4468429946902,1189.241884845116,48.06700134277344,47.55906970254552,-0.5079316402279161
266,792,-408.58776079654194,1019.8991626975347,56.56700134277344,56.195368560699514,-0.3716327820739238
389,1822,622.7519606515789,905.3602910650295,64.1510009765625,63.68268972637987,-0.4683112501826301
288,1819,618.9175286761038,1006.3674222901676,62.31999969482422,62.443975263280336,0.12397556845611746
762,156,-1040.6946371466856,518.4948881230973,73.51300048828125,72.66683922583812,-0.8461612624431325
1861,2062,874.9740002159798,-565.1242978659149,9.782000541687012,9.924338699660506,0.14233815797349436
2223,2103,918.97366343584,-926.900419719261,11.246999740600586,11.232585899601581,-0.01441384099900489
2462,1268,85.68192044027751,-1172.864822530141,21.687999725341797,21.235134279608886,-0.4528654457329111
2184,1866,681.5770217833789,-889.8434486557865,8.663000106811523,8.706137512514953,0.04313740570342972
1803,303,-885.0588246109459,-521.6191394934712,9.309000015258789,9.280072555426468,-0.028927459832321034
1971,330,-856.664221522013,-689.4491546066199,8.357000350952148,7.896229077057825,-0.4607712738943235
810,413,-783.2178094224926,472.6005366292261,66.39700317382812,66.38928467911677,-0.007718494711355106
2460,1720,537.8079999407446,-1167.1351284644236,8.520000457763672,8.379084367793002,-0.14091608997066984
921,903,-292.1477292772438,365.60899213581484,53.21500015258789,52.93280092920134,-0.2821992233865487
2279,847,-336.96048177566075,-993.2805263990716,10.083000183105469,10.01345236335434,-0.06954781975112923
1065,2218,1024.4553794679496,232.41447571353675,9.099433898925781,9.082892753895594,-0.01654114503018711
1723,1407,218.62861748408233,-432.48503101566774,9.008000373840332,9.065598377891536,0.0575980040512043
1301,652,-540.0911395160679,-16.58171330572052,58.30799865722656,58.36353489586375,0.05553623863718826
1811,1440,252.36509897580075,-520.2405030437832,9.312000274658203,9.318694569262016,0.006694294603812878
1285,387,-805.3064811049551,-2.763284340093046,72.09500122070312,72.49218265269242,0.3971814319892957
1853,1262,74.65551002975769,-563.7223832355124,10.26099967956543,10.249545482152447,-0.01145419741298248
1558,1975,785.4464853346221,-262.7463958228903,8.35300064086914,8.489279204868946,0.13627856399980587
1965,529,-657.6511741500883,-681.8053960968548,5.460000038146973,5.600551438442363,0.14055140029539004
2027,733,-453.07547023441407,-742.1417754347032,10.28499984741211,10.289756659026043,0.00475681161393382
2277,2126,942.4264520212245,-980.7277272603197,9.346000671386719,5.842521918552205,-3.503478752834514
2168,2188,1003.5467585909405,-871.1817489369398,14.289999961853027,13.93750108541736,-0.3524988764356678
1811,64,-1124.0678789108147,-531.5935882680894,11.017999649047852,10.683831665293386,-0.3341679837544653
1396,522,-669.3481524371964,-112.68425322326121,71.41900634765625,70.3671890056922,-1.0518173419640533
424,299,-900.4389127368527,857.7810926588782,60.10300064086914,60.65101942397352,0.5480187831043821
42,2277,1075.0321289724302,1256.2247820517437,18.242000579833984,17.918620161874973,-0.3233804179590116
1153,728,-465.2884368049231,132.0919506603435,61.5369987487793,62.616333181868356,1.079334433089059
1256,2021,828.9691489735417,39.72857015199921,16.753000259399414,17.16146116054579,0.4084609011463769
235,1032,-168.7680285469787,1052.8895002247855,56.441001892089844,56.99323406039045,0.5522321683006055
549,578,-620.3196972388229,735.0441611357921,62.26499938964844,62.333529696474,0.06853030682556494
946,693,-502.00752535051254,338.8682672042586,62.85900115966797,62.65849698556261,-0.2005041741053617
421,2049,850.0877344563044,875.223442662561,28.90399932861328,29.1360528522439,0.23205352363061849
1321,47,-1145.1162251828512,-41.58003762722623,66.50200653076172,67.46407165478922,0.9620651240275038
2076,1878,692.6897601709891,-781.7103367059688,9.276000022888184,9.176429574163494,-0.09957044872468934
2054,1167,-18.716048290329155,-765.569535480868,8.942000389099121,8.974152349134174,0.03215196003505305
418,2242,1043.1239800382482,879.8170699167418,18.423999786376953,18.282531077683913,-0.14146870869303996
1557,1549,359.30374447108903,-265.26103582835594,15.074999809265137,14.437289450888937,-0.6377103583762
184,2198,997.1790158175046,1113.5279405908345,26,25.886435976547535,-0.11356402345246508
248,562,-638.8086557552473,1036.0067702296362,57.00699996948242,56.81884340794999,-0.18815656153243054
523,766,-432.4751127784461,762.6037376315336,59.05099868774414,59.03523518728129,-0.01576350046285313
690,2115,918.3284069463549,606.6830775254958,15.704000473022461,15.664492738364398,-0.03950773465806279
157,500,-701.5791227359398,1126.5237265209016,55.552940368652344,57.560473070122534,2.00753270147019
238,571,-629.8883497511442,1046.0841863373025,56.88399887084961,56.93073603248821,0.0467371616386032
1851,1336,148.66233606228064,-561.111196639627,9.592000007629395,9.546060561622935,-0.04593944600645905
603,1268,70.34315002046424,686.721093131721,69.13200378417969,69.86824480650213,0.7362410223224458
637,94,-1103.7455961546602,643.0225142830951,66.79199981689453,67.01425633881476,0.2222565219202295
589,2329,1131.5626096032147,709.4809357807902,15.038999557495117,14.998652201965497,-0.04034735552962054
2305,339,-844.9057422546844,-1023.4798459068286,10.600000381469727,10.374996456846418,-0.22500392462330865
144,1592,390.65752707806644,1148.5395661782186,72.88200378417969,72.69597398500748,-0.18602979917220352
168,1958,756.9711346797727,1127.5524034729467,51.194000244140625,50.89951301124354,-0.2944872328970831
1643,1144,-45.11435759083246,-354.62981111824075,16.527999877929688,16.426663523640123,-0.10133635428956467
1183,1320,127.14555474377813,106.96736777249208,44.111000061035156,43.87687573598297,-0.2341243250521856
1391,150,-1041.50629881918,-110.75213548743497,63.540000915527344,62.518074162430025,-1.0219267530973184
877,1483,287.6719625494857,414.40886532013417,64.69999694824219,64.08722689967236,-0.6127700485698284
774,1604,407.8601978415033,518.4398268084965,45.612998962402344,47.43241642880084,1.819417466398498
1846,1806,618.7693738118478,-552.2317577145246,9.44800090789795,9.195583562693711,-0.252417345204238
2137,903,-282.11440772095756,-850.7738075753598,8.534000396728516,6.981066002998805,-1.5529343937297106
1162,527,-666.2773941012199,121.43057475901351,72.906005859375,72.85162408470852,-0.05438177466648142
2049,1903,717.4748913642013,-754.4955456784697,11.795000076293945,12.814634469827372,1.0196343935334262
1253,1486,293.7754996116881,38.315029976300025,19.181140899658203,19.994045158907134,0.8129042592489313
1073,128,-1066.13714756349,207.16618624630743,76.03400421142578,76.83290714218647,0.7989029307606899
2237,299,-885.4793321844884,-955.7884928043006,-0.9307000041007996,1.210541268209516,2.1412412723103156
986,115,-1079.859118080953,294.0862316536147,76.79500579833984,76.73733838872687,-0.05766740961297501
2292,807,-376.86581786956765,-1006.6146296370714,7.808000087738037,8.056808210723146,0.24880812298510868
1208,1132,-60.7074086322595,80.4082197959403,49.53900146484375,49.50933454411256,-0.02966692073118793
330,248,-952.2306473432423,951.3897535684083,64.07499694824219,64.08679767081719,0.01180072257500342
146,805,-396.5739637429727,1140.0442048840553,57.83519744873047,57.450210669056126,-0.38498677967434247
1379,59,-1132.6338849535525,-99.49922933498215,61.85100173950195,61.756844486958826,-0.0941572525431269
373,1403,203.4877123009673,917.9076386589977,79.91200256347656,80.13864460297124,0.22664203949467776
220,164,-1037.1647902934076,1060.7310975925527,65.85900115966797,66.34763600170903,0.48863484204106555
1855,370,-817.6087313187038,-573.0826775682616,8.451000213623047,8.462105087480666,0.011104873857618713
100,48,-1154.1915086335487,1179.8114778988022,71.90900421142578,71.96931865715037,0.06031444572458611
504,2132,933.7988966454157,792.8821455051794,18.79800033569336,18.730259974371904,-0.06774036132145511
1300,1415,223.1409207631402,-9.285638319468848,15.791999816894531,17.117003711672144,1.3250038947776126
1692,2329,1140.6640159913507,-393.8678939701833,8.76400089263916,8.670859844658974,-0.09314104798018619
1561,1357,167.2761935266858,-270.84650142731715,17.676000595092773,17.72345423138456,0.047453636291788115
67,2050,848.1666924400278,1229.3435424062213,29.69099998474121,30.092251447531925,0.40125146279071444
2335,1408,224.67828534818378,-1044.6697583462883,14.220999717712402,14.602812494967463,0.38181277725506035
239,1285,84.34469542018266,1050.9761030946422,78.55500030517578,78.49253634082041,-0.06246396435537349
40,1649,446.817245332821,1253.042775515484,65.3010025024414,65.48106836786614,0.18006586542473713
946,1475,280.23880859663643,345.32108953010606,62.87799835205078,62.96056085408973,0.08256250203894666
2003,175,-1011.4488934081221,-722.7380482075826,6.584370136260986,7.2781212812395495,0.6937511449785632
124,1896,694.5884406228682,1171.0546446053122,49.90399932861328,50.329748092091265,0.4257487634779835
1939,834,-352.76973955789066,-653.2807720568256,9.414000511169434,7.810055148193401,-1.6039453629760327
1548,1186,-3.8849705124895113,-259.25333608728164,16.659000396728516,17.998563222523458,1.3395628257949426
2048,2175,989.5525886943387,-751.2510725204497,18.645000457763672,18.634363062887154,-0.010637394876518158
1694,1518,329.4243508881531,-402.5600339388946,9.282999992370605,9.24110444273454,-0.0418955496360649
1798,1785,597.3667051808809,-504.38986992097875,10.184000015258789,9.982608287619994,-0.20139172763879465
482,699,-499.8345311797306,803.0637423672333,57.83599853515625,58.44287193141113,0.6068733962548833
138,724,-477.6654716860306,1147.3782671386425,55.047000885009766,56.17139619697855,1.124395311968783
1173,2012,819.2814373293277,122.68053061615458,15.628000259399414,15.008643273701864,-0.61935698569755
1341,1979,787.65724305237,-45.64483973732048,14.027000427246094,14.301818348960222,0.2748179217141278
1547,1396,206.17297583478586,-256.5202957115165,17.618999481201172,17.598009107039218,-0.02099037416195415
1895,2066,879.2557893500845,-599.1020386333875,8.975000381469727,8.897328890421848,-0.0776714910478784
1601,2165,975.8613224227813,-304.1922838218046,8.571000099182129,8.398109294113933,-0.17289080506819587
453,629,-570.0958636945062,831.495210627892,57.48099899291992,57.591895747093226,0.11089675417330369
1388,1923,732.0273627016214,-93.12175702584051,11.581999778747559,11.556506539114523,-0.02549323963303607
127,1273,71.41663537185985,1162.9123718450314,59.698001861572266,59.50326509771766,-0.19473676385460692
1947,877,-309.69019882624735,-660.9285119735858,8.682000160217285,9.18769518008978,0.5056950198724941
1225,465,-727.7770463007892,57.89918036250556,73.50700378417969,73.50161593227847,-0.00538785190121871
2398,1404,221.19678828995086,-1107.7226243154582,15.994999885559082,15.9194960122202,-0.07550387333888153
1435,1113,-77.84034878138114,-146.82006674422814,45.4379997253418,45.62908174042709,0.19108201508529277
1412,688,-503.16392461681795,-127.31958406673468,48.14099884033203,47.893671895588575,-0.24732694474345607
2249,1920,736.1303524105942,-954.4184549889756,0.8400000929832458,1.5061208087651914,0.6661207157819455
1181,1102,-90.93964864063928,107.16918238667276,49.12200164794922,49.63057337773735,0.5085717297881303
555,1517,319.0255652819031,736.7909922452866,73.80400085449219,73.57043188997562,-0.2335689645165644
1652,1522,333.0790730664936,-360.5137816506343,9.071088790893555,9.251542085874332,0.18045329498077756
2470,2003,820.979876188258,-1174.803493804432,8.761000633239746,8.765104782528235,0.004104149288489012
1078,433,-761.000071517118,204.68133918523284,69.46900177001953,69.82457394697738,0.3555721769578497
2153,1068,-116.93043936591086,-865.4175218811178,0.5515999794006348,0.7885852282370502,0.23698524883641547
604,244,-953.9708076671891,677.2706819705124,64.23699951171875,64.23862224064047,0.0016227289217169982
183,454,-747.3790187004159,1100.1359387294447,59.80799865722656,59.90727460169438,0.09927594446781995
148,1569,367.6832804936075,1144.3484965718133,72.7090072631836,72.89676610109896,0.18775883791536785
1903,1798,611.2371399742378,-609.3157601794699,9.124000549316406,9.114570642105196,-0.009429907211210065
2486,2035,853.1219891112828,-1190.5445442781934,8.77400016784668,8.76515057075822,-0.008849597088460115
208,2255,1054.3950958613643,1089.990742966797,24.983999252319336,24.947947708614134,-0.03605154370520225
2082,2227,1041.849546817755,-784.8327915163986,18.858999252319336,18.528824630581045,-0.3301746217382906
406,1800,600.8853028038016,888.1733743929731,64.46299743652344,64.21826347019206,-0.24473396633138123
2153,725,-460.03842361663885,-868.2474216806781,8.447000503540039,6.910684182934414,-1.536316320605625
1680,661,-527.961132423451,-395.62666645178626,47.35100173950195,47.6217656753313,0.27076393582934344
1556,1553,363.2967553712451,-264.22771608682314,15.27299976348877,14.227226067338062,-1.0457736961507074
1048,1590,396.1167547680355,244.23785245331368,42.17100143432617,40.459255884439976,-1.7117455498861958
1644,704,-485.2446390210447,-359.2605512309011,49.94300079345703,49.91141259954766,-0.0315881939093714
2288,1307,123.2586765326475,-998.4882198161681,17.283000946044922,17.647607393275212,0.36460644723029034
1799,2164,976.4946890543723,-502.2631215624173,8.54800033569336,8.653198776105633,0.10519844041227344
1039,524,-670.293274946633,244.44449211344957,68.06800079345703,68.02672213826108,-0.04127865519595275
685,1444,247.07530426241897,606.1475942316292,71.26700592041016,71.1527860198854,-0.11421990052475905
1927,123,-1064.0922705742669,-647.1432150302816,9.414000511169434,9.444892105986083,0.030891594816649715
1542,1941,751.303727531148,-247.02187838165025,8.598000526428223,8.78749527778403,0.18949475135580762
125,1380,178.433861845304,1165.7960234650686,69.24800109863281,70.86882413803005,1.6208230393972372
172,882,-319.3351631962859,1114.6714655441976,56.742000579833984,56.27441308744267,-0.46758749239131703
2535,1078,-103.77569467360246,-1247.4553399323304,22.857999801635742,23.4225563941891,0.5645565925533589
1369,2070,878.9170315328438,-72.90282003427782,6.179999828338623,7.523357601258644,1.3433577729200206
2151,1734,549.2630785996396,-857.9220892061826,9.12600040435791,9.785258935948967,0.6592585315910569
2436,2250,1067.777441840232,-1138.7549555420076,10,9.976278577498043,-0.02372142250195708
488,1932,733.6036694686394,807.236771149943,31.475000381469727,31.34379951735985,-0.13120086410987497
602,202,-996.0005035923051,678.924723965021,64.67900085449219,64.68142721552516,0.0024263610329740004
1830,176,-1011.8759469379783,-549.6754683755885,10.5649995803833,10.442948055339222,-0.12205152504407835
116,1396,194.3646339213046,1174.9309015614012,68.86000061035156,69.67511566839093,0.8151150580393676
1725,1425,236.65079566643453,-434.3371456060968,8.956000328063965,9.020121527801232,0.06412119973726682
2026,1313,127.09895198358792,-736.3561289122954,5.947999954223633,6.115599847974712,0.16759989375107942
1913,986,-200.93640226031758,-626.0184846916089,7.618000030517578,6.665915076742215,-0.9520849537753628
809,1841,645.2238234454686,485.384467791411,16.23699951171875,16.282323835206462,0.04532432348771209
2387,70,-1113.3137128873,-1107.724906224867,13.583000183105469,13.571147584863645,-0.011852598241823387
1936,1923,736.5488886424108,-641.2948431703197,5.815000057220459,5.8149999999999995,-5.7220459481754915e-8
903,1955,760.0354967839758,392.29548431452315,10.406000137329102,10.761258876098362,0.35525873876926006
1559,2163,973.5141462532089,-262.19550996725593,8.35300064086914,8.437265931004365,0.08426529013522455
1210,419,-773.915276680607,72.52433054360057,73.69700622558594,73.63270242970472,-0.06430379588121582
1351,962,-229.58101130384378,-64.03954701023844,71.03400421142578,71.08611381401536,0.05210960258958153
1170,197,-996.3150839064039,110.70507965413078,76.65299987792969,75.08734269913178,-1.5656571787979061
654,2154,957.0436621239907,643.0162821767219,15.432999610900879,15.28229485755299,-0.15070475334788824
96,1355,153.1866555103109,1194.598852063701,63.00199890136719,62.92543489460047,-0.07656400676671637
1250,1838,645.8618367535274,44.2204625506338,13.949999809265137,13.89449753577137,-0.05550227349376691
1485,1700,509.75731546178633,-191.99239964436782,8.596000671386719,8.614593304985892,0.01859263359917307
971,198,-996.956828819951,309.77582924893784,73.927001953125,74.5197181149812,0.5927161618562025
2258,2171,987.2839199016043,-961.3504556262178,9.688000679016113,10.000872752797438,0.31287207378132464
964,1531,336.4050033732774,327.7775062491792,51.435001373291016,51.20017248097345,-0.23482889231756587
1719,228,-960.7754564601461,-438.21156425116044,10.637999534606934,11.95204151486754,1.3140419802606065
893,1233,37.72516867810111,396.34088254502507,70.96400451660156,72.08085393349796,1.1168494168964003
694,1562,365.18679309272414,598.1184861365382,63.09000015258789,62.984406510206504,-0.10559364238138613
1191,1934,741.4053224628174,104.03123108769725,16.160999298095703,16.119316952903535,-0.04168234519216796
2069,1691,505.57296459896014,-776.2509789036319,9.026000022888184,9.262040427111142,0.23604040422295824
340,1580,380.2712154698541,952.378702783726,70.10800170898438,70.28584800830139,0.1778462993170109
2527,1054,-127.84925519456642,-1239.6508214361452,21.45400047302246,21.257910550333456,-0.19608992268900494
1934,441,-745.9346102736122,-651.5217067982386,5.460000038146973,6.743115192989382,1.2831151548424096
2479,1233,50.811140689846695,-1190.158934413348,22.799999237060547,22.6809714059089,-0.11902783115164794
1152,1794,601.0393029864135,141.88834196056467,9.64900016784668,9.74069678287531,0.09169661502862958
940,392,-803.1516811241347,342.386394085576,68.61799621582031,68.3951574918652,-0.22283872395510684
1925,2122,935.5210086480848,-628.6494790518775,10.592000007629395,10.791822698583468,0.19982269095407368
2147,1556,371.1739013775352,-855.3894095669124,9.285000801086426,9.345996758865914,0.06099595777948785
2318,305,-878.8091720332363,-1036.7644389621685,9.628061294555664,10.169569520018667,0.5415082254630033
94,539,-663.0867703816594,1189.8653815171033,62.12799835205078,62.18808804387848,0.060089691827698744
123,550,-651.8439877325214,1160.9470421784745,61.13600158691406,61.010214579386094,-0.12578700752796834
698,481,-716.1206454712259,585.1968687641503,64.97699737548828,65.07708840742409,0.10009103193580415
2045,2277,1091.5600862605893,-747.4085643600886,18.538000106811523,18.185972312554956,-0.3520277942565677
175,1780,578.9726902008273,1119.081251979697,61.08000183105469,61.27516018749306,0.19515835643836965
2426,307,-875.9175208442381,-1144.781869387221,14.425999641418457,14.39499170512605,-0.031007936292407834
293,2063,863.035862924907,1003.3794180141692,44.38600158691406,43.57484665701446,-0.811154929899601
2199,2070,885.7652248485326,-903.165099107696,11.654000282287598,11.993223983168447,0.33922370088084897
1747,1449,260.83988404698783,-456.14606227217394,8.9350004196167,8.968383916925333,0.03338349730863399
2180,883,-301.7659353097146,-893.952352216333,0.6375601291656494,1.9046629213474708,1.2671027921818214
1903,1931,744.2791427172285,-608.2184143331613,7.921000003814697,7.537924853600663,-0.38307515021403393
1217,344,-848.8810869627775,64.90327511552849,74.39200592041016,74.65786124923177,0.26585532882161544
1850,93,-1094.7369944942652,-570.3665600779777,11.597999572753906,11.568421788627168,-0.029577784126738393
2338,2295,1111.983150572248,-1040.3527071647254,1.281000018119812,1.3167519617127095,0.03575194359289746
41,1836,633.8845281578989,1253.5856986625763,54.2869987487793,54.262055300228944,-0.024943448550352798
2151,1725,540.2602375035318,-857.9963433906307,9.808000564575195,9.809749581941087,0.0017490173658920583
1565,1623,433.39310193594537,-272.6529812104552,6.190999984741211,6.4617318975459055,0.27073191280469455
2055,1934,748.5341865369743,-760.2416730464737,13.286999702453613,13.786374353783664,0.49937465133005077
2202,1001,-183.54727163665555,-914.9857316793305,13.774999618530273,12.508797673062984,-1.266201945467289
203,820,-381.098851478239,1083.1500554314948,56.88800048828125,56.971780959535046,0.08378047125379595
399,623,-576.5433707987961,885.4626799965299,57.22800064086914,57.11484795108793,-0.1131526897812094
768,136,-1060.6514061465996,512.327966507791,72.98200225830078,72.81181892282598,-0.17018333547480324
749,2306,1109.8756540359543,549.24054270151,12.713000297546387,12.711309527049004,-0.0016907704973831983
1385,246,-945.5256551850139,-103.95813372775572,63.652000427246094,63.67193518544802,0.01993475820192714
297,1629,428.93182586854476,995.7966337377941,69.98100280761719,68.9891656325024,-0.9918371751147816
1803,338,-850.0478272969958,-521.3303619426781,9.062000274658203,9.025478529199894,-0.036521745458308885
2417,689,-493.87166964884756,-1132.6274855265315,8.062000274658203,8.100969105350142,0.038968830691938905
1935,2112,925.6003548901557,-638.7351465141394,11.156999588012695,10.592729396541554,-0.5642701914711417
2079,1985,799.7483107763028,-783.8284759132453,17.39699935913086,17.056728726457482,-0.3402706326733771
132,1722,520.5995226997404,1161.6161798811543,62.402000427246094,62.683529165044845,0.28152873779875165
828,639,-556.998218132339,456.45978942288957,59.23400115966797,60.44965961853668,1.2156584588687096
736,2108,911.7057839077086,560.6107766655346,11.842000007629395,12.512609105696418,0.6706090980670236
1525,182,-1008.3905951250717,-244.53017894277104,36.47700119018555,36.32253944683352,-0.1544617433520301
133,1258,56.46142278964468,1156.786692976934,59.020999908447266,59.498293418479506,0.47729351003223996
1772,1722,534.1322946070727,-478.90146506987173,10.088000297546387,10.097195543822714,0.009195246276327396
216,1090,-110.90655621151781,1072.37412543265,58.645999908447266,58.371880652346654,-0.2741192561006116
1164,440,-753.2882419738323,118.7120688127408,74.39000701904297,74.07591936421315,-0.3140876548298195
679,467,-730.2818335802992,604.0873138586687,67.94400024414062,67.0629252485924,-0.881074995548218
387,872,-327.5640503126128,899.5212699148177,58.11600112915039,58.14614692432846,0.03014579517807192
1002,1330,135.65517832388227,288.1069408791852,71.71300506591797,73.13516063367385,1.4221555677558797
1828,490,-697.7937826282607,-545.0841012910892,9.205000877380371,9.230089858534651,0.02508898115427982
2072,1786,600.6277063378168,-778.4681239252666,8.897000312805176,8.874670252242025,-0.022330060563151122
1372,74,-1117.6869346581939,-92.37326334294687,61.23099899291992,62.43031573490227,1.1993167419823507
873,473,-722.6790867377377,410.075842766821,65.18099975585938,65.53512479465326,0.3541250387938817
1769,1975,787.187437622859,-473.8130514748101,9.41200065612793,9.417740039719881,0.005739383591951253
2064,958,-227.69937683905272,-777.2970478551413,10.071362495422363,10.051799381624324,-0.01956311379803921
1547,1149,-40.904880235561436,-258.55831060703656,27.12700080871582,26.389752860659602,-0.7372479480562184
348,1539,339.3242989936489,944.0378345169131,72.8800048828125,73.2156099853575,0.33560510254500286
1980,1208,21.68632841747641,-691.2079442353117,5.947999954223633,7.023298924123257,1.0752989698996238
1214,1401,208.4268879315365,76.62596027348506,42.821998596191406,42.809267256151195,-0.012731340040211592
2393,1087,-95.94437709213545,-1105.3363612578487,18.547000885009766,18.67375583134585,0.12675494633608508
1653,1071,-118.05484567936138,-365.23528174879993,14.76200008392334,14.584418822727631,-0.1775812611957086
1715,1976,787.7422061445695,-419.7877417667721,9.745000839233398,9.75646772752284,0.011466888289442423
2384,663,-520.1521052048649,-1099.831609445898,8.235000610351562,8.26353807477254,0.028537464420978154
446,428,-771.2168270047083,836.8387171182236,58.8650016784668,58.84157629220177,-0.023425386265024883
219,2232,1031.4786010132864,1078.7974594701336,25.729000091552734,25.876823737868484,0.14782364631575007
928,666,-529.1645495992129,356.6511334744805,63.452999114990234,63.202319335909756,-0.2506797790804782
830,1611,415.3245098816656,462.47992055352137,46.22600173950195,46.34767102805939,0.12166928855743464
246,1917,716.6018761057524,1049.1894179960468,58.16999816894531,58.224516275765176,0.05451810681986302
567,972,-226.04717602295727,720.2898226590963,56.44300079345703,56.67386000691188,0.23085921345484905
1692,607,-581.8791066344644,-408.0759902369759,44.14799880981445,42.996160662423264,-1.1518381473911887
1012,665,-529.4717246357433,272.6164595744447,65.36199951171875,64.94927065630672,-0.412728855412027
1807,1125,-62.76719839578715,-518.83824517424,7.304999828338623,7.394627311749255,0.08962748341063165
462,59,-1140.2006993459142,817.7886266763235,68.63899993896484,67.96230525246966,-0.6766946864951819
2427,1087,-95.66387098251047,-1139.34707087386,18.69099998474121,19.138517869026607,0.4475178842853964
747,1548,351.61972842404833,544.9862396010756,59.04600143432617,59.53237064988735,0.48636921556117585
2250,673,-511.2544957329576,-965.7069565368146,12.123000144958496,12.164142780078064,0.04114263511956828
1085,1227,33.30759398681118,204.230866471112,45.94200134277344,47.883178213413004,1.9411768706395662
412,1210,10.748711133624063,877.30265951829,74.82600402832031,74.77820069297768,-0.04780333534263548
674,960,-237.1679879517293,613.1571087861789,55.89500045776367,56.052893803813696,0.1578933460500238
387,507,-692.6788747439663,896.5091899535148,56.970001220703125,57.00630296636147,0.0363017456583421
92,1280,78.1300023309092,1197.981170297316,55.02000045776367,55.20433272612758,0.18433226836391015
992,1116,-78.49478024538195,296.34424150718735,59.48099899291992,59.74123337365275,0.26023438073282534
1217,603,-589.7996659902911,67.04038915419802,68.6259994506836,68.25973754884734,-0.3662619018362534
448,1962,763.2830581487349,847.4969707121393,32.23099899291992,32.33892066135118,0.10792166843125983
1728,858,-330.5030980613384,-442.0163425005327,10.40176010131836,10.403773916475508,0.002013815157148713
2118,2185,1000.1332868929939,-821.1906946624954,16.986000061035156,17.06936954648515,0.08336948544999245
1863,1272,84.74116958347855,-573.6430275184879,10.0600004196167,9.910117828319212,-0.14988259129748727
187,2235,1034.215470519406,1110.8323331760948,25.20199966430664,25.1616671171601,-0.040332547146540776
979,93,-1101.9237868495293,300.9068930641085,76.39300537109375,78.05093754785113,1.6579321767573845
1285,1096,-96.08339379785875,3.0869135305328363,54.94200134277344,54.95553299736554,0.01353165459210004
2255,2020,836.2114463805549,-959.5953133635946,0.4779999852180481,1.488351797221473,1.010351812003425
755,1769,572.7554894114608,538.8073828906206,28.39699935913086,28.778216716733166,0.38121735760230635
2337,1818,634.8241660489288,-1043.28777780366,9.76200008392334,9.739749815881424,-0.022250268041915433
344,71,-1129.1706966249542,935.9246945971632,67.656005859375,67.50423370102286,-0.15177215835214497
2305,1116,-67.66126234108054,-1017.0693838727511,17.781999588012695,17.537604936217253,-0.24439465179544229
1426,2124,933.4044178332031,-129.47526672843802,10.01099967956543,10.006138987085158,-0.0048606924802712115
2274,880,-303.9913452874475,-988.0066924634639,9.79800033569336,9.844742998235972,0.046742662542612834
1833,680,-507.69277536035486,-548.5180284051685,5.460000038146973,5.46,-3.814697269177714e-8
476,94,-1105.074181327453,804.0730586127125,66.38300323486328,66.3915792281175,0.008575993254211767
2041,1366,180.23942040856508,-750.9235773275358,5.947999954223633,6.428024636208974,0.4800246819853413
391,353,-846.6942697488046,891.2370824693168,60.55699920654297,60.60230353193751,0.045304325394539546
515,112,-1086.7466963843979,765.2093536399719,66.07500457763672,66.03806732787564,-0.03693724976108115
323,493,-707.2114229548359,960.4137767580045,57.069000244140625,57.24566373993126,0.17666349579063478
937,317,-878.2000039464872,344.7684594408554,69.84300231933594,70.66142272564792,0.8184204063119864
1172,663,-530.1521081351553,112.54962837045817,70.26100158691406,70.18386825198425,-0.07713333492981178
2278,1516,332.2420828969985,-986.7607498067946,8.07699966430664,6.567894430960992,-1.5091052333456485
949,1507,312.27365725170586,342.584197402527,59.16899871826172,59.73961067076879,0.5706119525070719
574,1919,721.3092461988896,721.1023317179709,28.70400047302246,28.877182166112043,0.17318169308958176
1912,126,-1061.2150887191387,-632.1137532375778,10.430000305175781,10.365431608202018,-0.06456869697376355
2244,83,-1101.4894197078956,-964.5727607599416,0.5090000033378601,0.31169355094206186,-0.19730645239579825
183,1767,566.0346059784089,1110.9714444726533,62.32699966430664,62.67771960490819,0.3507199406015502
691,487,-710.1765228389102,592.2485809689874,64.8030014038086,64.95917811458206,0.1561767107734653
893,507,-688.5033628011098,390.3501151684168,63.884098052978516,64.10617440986057,0.22207635688205585
583,1118,-79.86915840464974,705.4895866285864,61.95199966430664,61.83816415470903,-0.1138355095976138
995,1459,264.6380939564702,296.173609261129,65.18000030517578,65.0193624292303,-0.16063787594548273
1630,1589,399.9186898311911,-337.9540254403788,8.988000869750977,8.85651069516327,-0.1314901745877073
1664,1639,450.21500068190596,-371.5522048890392,6.190999984741211,6.244256638186038,0.05325665344482733
2484,687,-495.31953989200167,-1199.6650621762287,9.373000144958496,9.330580894461704,-0.04241925049679196
2204,1432,247.605061144464,-913.4304416024388,13.973999977111816,11.315655203214707,-2.6583447738971095
375,1698,498.59728313290384,918.3414293889432,63.86199951171875,63.95399949972939,0.09199998801064169
704,1335,138.1977216682706,586.2421411216501,73.69800567626953,73.60775223550152,-0.09025344076800934
1121,1231,37.605909681415554,168.25252764658177,43.17900085449219,45.2786389302876,2.0996380757954114
101,250,-952.119826752647,1180.4781857187886,67.88700103759766,67.93036171248166,0.043360674883999195
482,284,-914.9649981441179,799.6390890834284,60.67499923706055,60.63588704713443,-0.03911218992611509
1035,1273,78.90951350997547,254.62619677609064,64.0459976196289,64.17795708089903,0.13195946127012803
850,169,-1026.9643941624704,430.57452836775235,75.67500305175781,75.61316826144281,-0.06183479031500383
512,1099,-99.46104312696487,776.3551617397052,61.47800064086914,61.808839295392175,0.33083865452303485
1452,114,-1077.0142802957894,-172.06833190109433,45.77199935913086,47.27694789966602,1.5049485405351604
1348,1311,119.50419236833564,-58.15890716635151,23.125999450683594,22.948382278910447,-0.1776171717731465
1373,604,-587.5121447526367,-89.0004199705354,60.22200012207031,60.415230683426124,0.1932305613558114
316,345,-855.3157055823591,966.1946291821632,61.51599884033203,61.374467916488896,-0.14153092384313481
1967,1110,-76.45180901259187,-679.0124101135174,5.947999954223633,5.9501456760066525,0.0021457217830196385
1285,1094,-98.0840238399982,3.0704108493847126,55.13399887084961,55.10664044648631,-0.027358424363299605
507,2271,1072.8675951984862,791.0282440644949,14.923999786376953,14.953355654986018,0.029355868609064473
996,1485,290.65454614072365,295.38783653741484,54.82600021362305,57.17166662260544,2.345666408982396
1840,1154,-33.48578537522674,-551.6093690375113,9.361000061035156,8.832918279185916,-0.5280817818492398
98,1862,660.3631366469048,1196.7822684254504,53.55699920654297,53.6080491352825,0.051049928739530515
103,682,-519.967523676864,1182.0426697540915,61.709999084472656,62.0752149147632,0.36521583029054483
332,892,-308.01163062844137,954.7036277456612,57.597999572753906,57.28244099895249,-0.31555857380141816
128,2125,923.6938005653037,1168.943208443113,27.22100067138672,28.49023753021757,1.2692368588308511
1378,794,-397.41111307700896,-92.43425693581537,31.69300079345703,32.72929628642234,1.0362954929653085
127,2236,1034.72063576362,1170.8595539076528,24.486000061035156,24.347499237897775,-0.138500823137381
421,970,-229.25262044452975,866.3192874701379,61.90800094604492,61.72238249066339,-0.18561845538152966
674,783,-414.22370437205524,611.6965095024215,56.284000396728516,56.51625896147902,0.23225856475050222
1945,1438,251.47006631769136,-654.2992623548125,10.060120582580566,9.970053535411292,-0.09006704716927416
1706,979,-209.64652185976246,-419.011058746548,12.4350004196167,12.237964712420691,-0.19703570719600805
2223,2210,1026.0074864256642,-926.0176263482585,11.49899959564209,11.0245697793744,-0.47442981626769054
1022,380,-814.4788173276054,260.26160512233,71.50762176513672,71.51707905975013,0.00945729461341216
1901,1278,91.05658846167412,-611.6055003153404,9.737000465393066,9.683317172858654,-0.053683292534412175
2186,410,-774.8652197128389,-903.856677450589,9.795999526977539,9.428054640269858,-0.3679448867076811
182,1727,526.0137264749612,1111.6416613510469,63.875999450683594,63.69765303238629,-0.17834641829730202
2085,1371,185.60402074452287,-794.8961970782603,5.947999954223633,5.948,4.577636758540393e-8
2342,1073,-110.36954871867341,-1054.4358002589588,15.765999794006348,15.87587317048107,0.10987337647472195
2083,2178,992.8423061646561,-786.2373845116053,19.124000549316406,18.64511040692721,-0.47889014238919714
64,135,-1067.4612880600725,1216.5407555982983,71.59900665283203,71.1613461792241,-0.43766047360793436
385,870,-329.58118440101674,901.5053948700895,57.99800109863281,58.0401280878346,0.042126989201790366
1729,1990,801.8621416912572,-433.67665183569727,10.569999694824219,10.564126307110744,-0.005873387713474898
2347,191,-992.6057262894315,-1066.7140741293042,14.121999740600586,14.177636086876472,0.055636346275885984
2454,1527,344.6975934386631,-1162.7255139946562,14.380999565124512,13.489686003484934,-0.8913135616395778
1770,122,-1066.3879522088043,-490.1021700048169,8.269000053405762,8.06143933921169,-0.20756071419407185
914,1635,440.02523208573064,378.6514578253304,29.406999588012695,31.18860313126693,1.781603543254235
2182,1294,109.3800399663175,-892.5620621339142,0.9293167591094971,4.0948832200765715,3.1655664609670744
423,2279,1080.1769401829629,875.1208212318991,15.17300033569336,15.52193371289663,0.3489333772032701
170,1207,5.750692955177335,1119.354155680264,59.18199920654297,59.59254023671288,0.4105410301699095
2077,1775,589.6654859960075,-783.5604584332544,9.023000717163086,8.92098293218436,-0.1020177849787256
1669,1920,731.3449734983656,-374.2352639016875,10.324000358581543,10.43983967466864,0.11583931608709719
1752,436,-752.4378199414282,-469.5057545118318,26.746000289916992,26.949650846456226,0.20365055653923392
1270,1208,15.828124929031503,19.01579049293299,40.94300079345703,41.341175436610555,0.39817464315352424
638,548,-649.594698603821,645.768614670227,66.48200225830078,66.17419855990963,-0.3078036983911545
1682,2154,965.5261749636678,-385.3086480164022,8.738000869750977,8.749658271789244,0.01165740203826715
79,2034,832.2606681420857,1217.207709943351,33.04600143432617,33.22954834347206,0.183546909145889
1597,968,-221.5493405080818,-310.0674976670761,34.1510009765625,34.54574828598491,0.39474730942240654
1902,2067,880.3138603809788,-606.0959998728822,9.160000801086426,9.087477836956033,-0.07252296413039261
1363,723,-468.557223410751,-78.01537575329789,44.55500030517578,43.65631773061681,-0.8986825745589684
208,371,-830.1987934416877,1074.4431264196458,63.23400115966797,63.16996271976234,-0.06403843990563018
1521,1096,-94.13610617502586,-232.98742721648892,38.14500045776367,37.68590960854755,-0.45909084921612475
721,245,-952.0050125916741,560.2421840482916,71.64900207519531,71.77150067684492,0.12249860164961035
289,1846,645.9343066323547,1005.5899202711462,62.86899948120117,62.631772854250656,-0.2372266269505161
722,867,-329.80117347531626,564.3745670623894,55.13600158691406,55.21192648473321,0.07592489781914935
538,1228,29.794158005872276,751.4114944705892,66.54500579833984,67.81887849905658,1.273872700716737
1841,604,-583.6506751920464,-557.1476023478722,9.866000175476074,7.833732956375532,-2.032267219100542
1672,331,-858.1308903023992,-390.3469564644098,31.378999710083008,31.085570547387874,-0.2934291626951335
2169,293,-892.0422435050946,-887.8166317047866,7.046000003814697,7.119503955596176,0.07350395178147906
2213,2016,831.86366695423,-917.6150452939082,10.390000343322754,10.354111797966048,-0.03588854535670549
374,2033,833.6948224536624,922.10625634814,35.04999923706055,34.99575856191027,-0.05424067515027531
2094,210,-975.6871013607134,-813.4778591555003,8.600000381469727,8.35523020768045,-0.24477017378927712
1561,279,-911.0630881501771,-279.7411337697741,39.13600158691406,37.93694513888539,-1.1990564480286707
2020,85,-1101.336894026897,-740.4859366869791,5.960000038146973,5.959999999999999,-3.8146973579955556e-8
2284,1348,164.23860139069515,-994.148696012382,16.128000259399414,15.581372895499552,-0.5466273638998622
2393,948,-234.9881553775213,-1106.4831379353957,10.942000389099121,10.954932049655287,0.012931660556166236
2252,1563,379.0424020890833,-960.3647818577795,0.4779999852180481,0.9140706173959665,0.4360706321779184
2001,1835,649.0573878227804,-707.0414281218385,9.444000244140625,9.321606975717716,-0.12239326842290943
2350,1460,276.8184389056712,-1059.2454750768325,15.263999938964844,15.137160635880727,-0.1268393030841164
2431,1489,306.4958526369115,-1140.0317653622378,12.404000282287598,14.037470141715088,1.6334698594274908
2066,2208,1022.7115311537872,-768.9844937595319,18.94700050354004,18.920283000562094,-0.026717502977945173
1626,591,-598.4287013874242,-342.18724918335477,51.798545837402344,51.53179426824549,-0.2667515691568525
412,1237,37.7572200525242,877.5254700439376,75.9000015258789,75.68841587616362,-0.21158564971528904
929,1598,403.13733249774583,363.34141132666326,41.95000076293945,42.111641797475485,0.16164103453603218
1529,1521,331.06388097064473,-237.48323333523666,16.395000457763672,16.38387080481042,-0.011129652953250968
1985,1670,483.87328765060954,-692.397730630881,8.577000617980957,7.6333711941603966,-0.9436294238205605
2267,731,-453.09599213668156,-982.2337859937725,9.372800827026367,9.27397615297604,-0.09882467405032713
2168,1269,84.2566534688885,-878.763910087242,7.130000114440918,7.866681661056715,0.736681546615797
1498,1779,588.8895189899338,-204.34466348994613,8.955000877380371,8.574680346673286,-0.3803205307070847
1905,2225,1038.3885546151523,-607.7933332122655,10.232000350952148,10.058505937111036,-0.1734944138411123
1587,1535,345.546859183966,-295.386014428371,13.08899974822998,13.292357312412053,0.20335756418207218
1823,322,-865.8878390448177,-541.4686584709943,9.187000274658203,8.761650087064611,-0.4253501875935921
50,1496,293.8515003772441,1241.7769711571182,64.63700103759766,64.78187589160902,0.14487485401136269
1712,1710,521.6334541800126,-418.9815372086629,10.145000457763672,9.96763597782281,-0.17736447994086113
185,101,-1100.473407308417,1095.2221805508786,68.18700408935547,68.14294662803839,-0.04405746131708099
1250,462,-730.5717047923042,32.866567638645265,73.34100341796875,73.26277585181468,-0.07822756615406945
1211,2306,1113.687924218242,87.09444403784534,16.3799991607666,15.629880316840161,-0.7501188439264403
74,1812,610.14928637988,1220.3772177115986,56.98500061035156,57.501014773351535,0.5160141629999728
76,580,-622.2224243684074,1208.209397231602,64.2770004272461,64.49769978280034,0.22069935555424536
1048,1990,796.2430455071722,247.53848776539468,8.594000816345215,8.554939399530541,-0.03906141681467368
1973,950,-236.45269888390382,-686.3344005943752,9.396000862121582,9.50490617785887,0.10890531573728879
1530,1750,560.144399058073,-236.59404786157438,8.736000061035156,8.555245723330245,-0.18075433770491145
840,693,-502.88220987506116,444.90161243862576,57.86000061035156,58.66713656539682,0.8071359550452541
694,1983,786.3197052222162,601.592556391521,17.47599983215332,17.247252434718348,-0.2287473974349723
76,1186,-16.031663214060096,1213.2104696363367,53.2859992980957,53.68653878002106,0.4005394819253567
704,398,-799.097222851712,578.5100713063816,67.48400115966797,67.4971146241977,0.01311346452973794
1215,1131,-61.6499637739092,73.39776311304269,49.93899917602539,49.81138813248651,-0.1276110435388773
1081,55,-1139.0940538651957,198.56131147366642,77.9280014038086,77.85076917197652,-0.0772322318320704
1261,733,-459.39571054364023,24.099228598994983,45.45899963378906,45.98839310488444,0.5293934710953749
1450,730,-460.8371655575513,-164.9849891814608,39.39799880981445,38.67154588677765,-0.7264529230368026
983,984,-210.6106212913463,304.2578585328637,54.70899963378906,54.82380685361815,0.11480721982908904
2339,1781,597.828983842568,-1045.5936694861648,10.034000396728516,10.048455158497754,0.014454761769238544
1883,601,-586.3050876338187,-599.1855631505017,5.460000038146973,5.46,-3.814697269177714e-8
2423,1365,182.39074496353268,-1133.0522640118202,17.256999969482422,17.080008950776648,-0.17699101870577394
750,2313,1116.8861196091002,548.297989702901,12.66100025177002,12.627999420058476,-0.033000831711543555
2043,59,-1127.1552936613818,-763.7076711318471,8.074000358581543,7.780773790121389,-0.29322656846015427
943,1441,246.20333022769637,348.0414780770948,71.54600524902344,71.16353752406926,-0.38246772495418213
1090,1405,211.4049656668602,200.69806548843655,56.766998291015625,57.48662911930374,0.7196308282881176
1167,875,-318.12665338920254,119.30051067723033,49.81800079345703,49.84610632695216,0.02810553349512901
361,1207,7.3269000562127005,928.2939727806609,75.3740005493164,75.35308207017103,-0.020918479145379365
710,959,-237.87123259676054,577.1375222138511,56.20899963378906,56.24032839855501,0.03132876476594504
1880,139,-1048.4750290393588,-599.9964464650756,11.815999984741211,11.659122111710218,-0.156877873030993
2203,1050,-134.52358829476555,-915.5817775231296,14.255999565124512,13.556756783285378,-0.6992427818391338
2046,769,-416.9073814692166,-760.850733752278,10.71399974822998,10.72359836467848,0.009598616448499797
2278,260,-924.1533213104096,-997.1231348483533,2.3459999561309814,2.379057447263543,0.03305749113256162
2278,1042,-141.90733157008515,-990.6714014925124,15.317000389099121,15.260611769699324,-0.056388619399797335
802,258,-938.3325273483305,479.3240154989868,73.39600372314453,72.40028028726263,-0.9957234358818994
295,758,-442.35914098017065,990.6094568998833,55.48699951171875,56.27524681388482,0.7882473021660701
1281,1777,585.0983685933275,12.70734147441705,14.086000442504883,13.715538427869173,-0.3704620146357094
1896,1389,202.0503302101333,-605.6880950350346,9.838000297546387,10.18330913720725,0.3453088396608628
1184,128,-1065.2212319362613,96.13133358745152,75.5770034790039,75.59791071438147,0.020907235377563893
570,787,-411.0806558201383,715.7622430175379,56.9900016784668,57.195180159122195,0.20517848065539823
2104,747,-438.43577408490415,-819.0504948447463,9.767000198364258,9.819287010452449,0.05228681208819097
1901,603,-584.1559458460652,-617.1747225698961,5.460000038146973,5.46,-3.814697269177714e-8
1183,292,-901.1779736615109,98.48488360312956,74.75738525390625,74.63129494888483,-0.12609030502142105
108,1912,710.4614530651857,1187.1917379657239,48.35900115966797,48.06521314935879,-0.29378801030917856
1682,1670,481.37330121531244,-389.3021058371184,8.817000389099121,8.755392155214109,-0.06160823388501235
1559,1826,636.4076758520599,-264.97612122280213,7.09499979019165,8.042540989478637,0.9475411992869862
363,1152,-47.67392581657313,925.8394664883688,71.07300567626953,71.18279266775602,0.1097869914864873
570,1868,670.2601307394193,724.6827392911457,34.176998138427734,34.38043917340949,0.2034410349817577
307,277,-923.411341097736,974.6362962988367,64.11699676513672,63.96661401157421,-0.15038275356251063
2331,50,-1133.7820039781936,-1051.872330859806,14.142999649047852,14.23443288031018,0.09143323126232872
538,1537,338.89158860844935,753.9613965900222,72.91800689697266,72.87356671001282,-0.04444018695983232
314,1393,192.99767250148147,976.8437178422578,77.49500274658203,77.53921396856092,0.04421122197888394
1860,1183,-4.311632228520473,-571.376398630762,9.801000595092773,10.237519502466391,0.43651890737361754
1757,714,-474.3091402086407,-472.2135922551927,18.797758102416992,21.702645800205936,2.9048876977889435
1024,1876,682.0089978080254,270.60538578806836,9.253000259399414,9.316374784986804,0.0633745255873901
2349,2057,873.9986661541858,-1053.3197520133053,10.892999649047852,10.418552193331514,-0.4744474557163372
1589,2073,883.7332325681305,-292.9475867007121,8.327000617980957,8.1824127431685,-0.14458787481245672
899,1692,496.91944515653756,394.126540249066,24.391000747680664,25.024470168655917,0.6334694209752527
128,1076,-125.63718515545901,1160.286307231461,55.808998107910156,55.64065607010275,-0.1683420378074061
1509,2155,965.099062759736,-212.2457143057579,9.68600082397461,9.60297541711362,-0.08302540686098858
694,185,-1012.2466596809594,586.7555475130712,69.83845520019531,69.54505226311508,-0.2934029370802307
2406,507,-676.0196626067403,-1123.1255548069935,9.9350004196167,9.90297433300589,-0.0320260866108093
2491,1940,758.1332255097146,-1196.3298862789575,8.851000785827637,8.82373076301107,-0.027270022816566097
136,784,-417.66309753230496,1149.8740483975819,58.28200149536133,58.33586630358007,0.053864808218740734
1176,1387,194.10891876229962,114.52242188412339,44.38100051879883,44.9385250830341,0.5575245642352726
1923,629,-557.9662530329141,-638.9671239908703,6.392000198364258,6.191973453979119,-0.20002674438513868
1974,1009,-177.42586868501417,-686.8479285747948,9.12600040435791,9.036276946589437,-0.08972345776847312
1232,810,-382.61076989426766,53.74370993819454,41.87200164794922,42.794728631373076,0.922726983423857
2008,796,-390.21240623596464,-722.6160107674784,11.239999771118164,11.195118735403879,-0.044881035714285034
660,455,-742.4423931665162,622.994262362015,68.69200134277344,68.69500722379345,0.003005881020015977
1331,598,-593.8605849632849,-47.03671906936746,63.150001525878906,64.10523055710038,0.955229031221478
2409,183,-1000.0967262326906,-1128.7995465516035,13.699999809265137,13.590300221964084,-0.10969958730105311
1873,887,-300.29760209246126,-586.8227112275551,7.843999862670898,8.112778930156033,0.26877906748513425
804,1644,448.1203758649605,488.76043478915904,38.30099868774414,38.13202034411029,-0.168978343633853
614,1931,733.6431189491971,681.1887227828332,24.67099952697754,24.474060263158382,-0.19693926381915716
1805,231,-957.0649419205433,-524.2138242849471,9.13700008392334,9.15789433005023,0.020894246126889726
236,2180,979.602453675431,1061.362959969523,27.035999298095703,27.038959972440498,0.002960674344794967
1355,912,-279.56374909959203,-68.45336977919604,64.38300323486328,63.304156208199316,-1.078847026663965
2154,347,-838.1490324785797,-872.3663967068724,8.597000122070312,8.587087701862094,-0.009912420208218364
1278,211,-981.4195362254977,2.786679697456827,71.06100463867188,70.911277549024,-0.14972708964786818
1468,167,-1023.8656192919324,-187.63604524695302,44.49330139160156,44.546014186100386,0.05271279449882371
2517,1585,403.23564946695325,-1225.2668817755196,8.071000099182129,8.391454831895594,0.3204547327134648
457,857,-341.9911159114223,829.3754542829058,59.132999420166016,59.152838078372,0.01983865820598396
1313,649,-542.9930674239185,-28.61024171328937,58.31700134277344,58.398204249531894,0.0812029067584561
1121,2152,958.896602330195,175.8521715540361,12.999919891357422,12.630453760236826,-0.36946613112059623
1311,2270,1078.5016779165153,-13.234227198499008,9.988000869750977,9.776970882073517,-0.21102998767745973
954,1375,180.27328640417926,336.49339810343145,76.7800064086914,76.85397194259983,0.07396553390842087
1090,2243,1049.669572716933,207.61286080247618,10.66096019744873,10.723232008365045,0.06227181091631451
1620,1776,586.8952017092822,-326.40793245592306,9.262999534606934,9.307885120647308,0.04488558604037429
729,990,-206.70468447175128,558.3873494409886,57.17900085449219,57.55381059057504,0.3748097360828524
195,1368,167.00775353692285,1095.6749251560204,79.59600067138672,79.57473092801132,-0.021269743375398775
1869,2293,1106.113029905635,-571.220899622743,9.445000648498535,9.542097890126684,0.09709724162814837
870,2108,912.8115315002879,426.5684288791506,8.930000305175781,9.378536928004664,0.4485366228288825
430,585,-614.2995024674085,854.1393459989672,57.40999984741211,57.32863020303859,-0.08136964437351679
1801,864,-323.8988977981618,-514.989814982819,5.947999954223633,6.0520792356624495,0.10407928143881673
746,765,-431.63522962646437,539.5253192660512,56.79999923706055,56.65251193092154,-0.14748730613900563
1011,1288,93.71620295602649,278.757535493495,68.44900512695312,68.61756409253697,0.1685589655838413
498,759,-439.68361884140614,787.5538386405238,58.952999114990234,59.00665012079961,0.053651005809378205
284,929,-271.39609494373957,1003.0240746562388,56.71699905395508,56.61750289107509,-0.09949616287998708
2224,1039,-145.35379503026007,-936.6791455912745,14.826000213623047,14.595291000191324,-0.23070921343172301
2427,472,-710.8574129617037,-1144.420911661251,10.140000343322754,10.402236355095399,0.2622360117726448
2003,456,-730.3606016701463,-720.4196362313982,5.460000038146973,5.459999999999999,-3.8146973579955556e-8
1984,1112,-74.31091824320376,-696.0012641803535,5.947999954223633,5.948,4.577636758540393e-8
1007,340,-854.6151612435032,274.9362538780053,72.53500366210938,72.32679416388613,-0.20820949822324053
348,1285,85.24420321593936,941.941749010769,77.55000305175781,77.4585547129656,-0.09144833879221892
1002,1664,469.7605321807852,290.862986715843,31.246000289916992,31.264879158518774,0.018878868601781562
638,1855,657.8171648504134,656.5539901560342,29.263999938964844,28.279184973242746,-0.9848149657220979
1130,1168,-25.339679798224044,158.72984680488943,45.016998291015625,44.94996681415359,-0.06703147686203437
820,2043,847.3784006905153,476.04786206248116,15.036999702453613,14.464747394277214,-0.5722523081763988
1675,1255,66.18465273529789,-385.7240385871246,9.545000076293945,9.827345777366581,0.2823457010726358
1026,2038,844.0766758048946,269.94151520729207,8.130999565124512,8.22501573836394,0.09401617323942801
2417,1458,275.37057221374687,-1126.2831054436515,14.33899974822998,14.209087202626332,-0.1299125456036485
311,44,-1156.4514986684462,968.7122398064693,67.4020004272461,67.47667466106981,0.07467423382371408
119,2233,1031.6536668846757,1178.837325426884,23.518999099731445,24.15500075862705,0.636001658895605
660,583,-614.4021487315347,624.0505170514252,64.02200317382812,63.421023928876544,-0.6009792449515814
1862,353,-834.5563184391384,-580.2251396377123,8.17400074005127,8.366990310703898,0.19298957065262812
1518,2118,928.1616279799977,-221.55385035009755,9.179000854492188,9.290599821400827,0.11159896690863924
1045,1967,773.2110246713362,250.34964888702,7.742000102996826,8.157112478683857,0.4151123756870305
1275,932,-260.2175568946052,11.736842149335004,72.46200561523438,71.88009715454051,-0.5819084606938674
68,1963,761.1474588415537,1227.6252519586233,41.48500061035156,41.66217959950973,0.17717898915816477
2296,1880,696.5054839363584,-1001.763312565992,10.949000358581543,10.73163442341082,-0.21736593517072222
423,298,-901.4474791292852,858.7731545697889,60.130001068115234,60.57748996566305,0.44748889754781374
1870,156,-1031.5521978682707,-589.8530443229757,11.732000350952148,11.367220226605173,-0.36478012434697504
228,2016,815.4846060007466,1068.0120922409612,53.470001220703125,53.38428042439174,-0.08572079631138507
204,1625,424.1630892529519,1088.7929678765993,72.28500366210938,72.23793158005037,-0.04707208205900315
1493,130,-1060.67095980825,-212.9491871644602,41.79399871826172,41.490893058636125,-0.30310565962559366
2294,194,-990.0420479998561,-1013.672678492237,5.966000080108643,5.434861344113551,-0.5311387359950919
550,1052,-146.16226732762237,737.9553433660344,58.53099822998047,58.65081086376743,0.11981263378696383
478,99,-1100.0561072319435,802.1136916600901,66.28700256347656,66.31793366498121,0.03093110150464895
606,1714,516.5085836953723,687.4005573950537,53.582000732421875,54.1992235179242,0.617222785502328
672,50,-1147.47058970274,607.6484392026683,67.15299987792969,67.3551692083937,0.20216933046401664
1834,444,-743.7587388441173,-551.4655223979628,8.846000671386719,8.750953176553079,-0.09504749483363994
830,2092,896.4764029970129,466.4490410993878,14.222000122070312,14.194898733192309,-0.02710138887800362
1105,1034,-159.58818106127495,182.63201910228418,51.097999572753906,51.04311903246812,-0.054880540285786594
1382,1955,763.9879633648391,-86.85582191358044,9.951000213623047,10.315052820682899,0.3640526070598522
395,347,-852.6631460944702,887.1863120185951,60.729000091552734,60.8365433842123,0.10754329265956386
2176,1489,304.3920277714611,-884.9513373246524,11.196940422058105,10.923573794141095,-0.27336662791701016
724,1572,375.43750626351704,568.191541179335,59.224998474121094,58.95397638727903,-0.2710220868420663
2017,2339,1153.3486774028122,-718.8881723057386,15.333000183105469,15.25470239836957,-0.07829778473589855
2055,1653,467.4454634684808,-762.5600816280728,8.907999992370605,8.96269671749705,0.05469672512644408
2228,1052,-132.31669882469123,-940.5731506291056,14.562000274658203,13.799208603064258,-0.7627916715939449
1487,1239,48.628414955452676,-197.79680511312534,13.440999984741211,13.272434548939927,-0.16856543580128402
1309,145,-1047.1844725426536,-28.76764289305612,67.84900665283203,68.34622183899526,0.49721518616323124
2060,967,-218.72954496882107,-773.2215335965802,10.137133598327637,9.93853897454682,-0.19859462378081716
1606,858,-331.5097132287794,-319.977942091016,25.878000259399414,26.326334233969053,0.4483339745696391
812,873,-323.0566162570263,474.39574998088347,55.08399963378906,55.093652083249246,0.009652449460183732
1596,1603,413.64257311442697,-303.82778368218715,7.991000175476074,8.135727316247777,0.14472714077170323
675,1205,7.917439484504076,614.1785268953805,67.64600372314453,67.88655545165044,0.24055172850590623
2231,319,-865.5225502851729,-949.6216010707275,1.5069999694824219,1.9149043037644418,0.4079043342820199
1122,976,-217.46617098308803,165.14807769869165,50.875,51.04034191714764,0.1653419171476429
836,1218,22.250090196454803,453.23506829728046,71.87100219726562,71.89240536040475,0.02140316313912649
993,1288,93.567673538162,296.7632090284533,69.98300170898438,70.31100307554591,0.3280013665615371
717,777,-419.8707588375533,568.6334672426341,55.29499816894531,56.04114189722954,0.746143728284224
1604,511,-678.6353795374158,-320.84041071634164,60.56999969482422,60.46393151730989,-0.10606817751433084
1597,2314,1124.875428847259,-298.96161481759776,8.62600040435791,8.628501769287944,0.0025013649300333896
290,1628,427.87374373178295,1002.7905900717392,69.81800079345703,69.5370174443797,-0.28098334907733147
1379,2145,954.023247578416,-82.2871358588797,8.632420539855957,8.579944048499877,-0.05247649135607979
1010,414,-780.5671510358527,272.5459313078139,70.01000213623047,69.66145079901516,-0.3485513372153122
1826,1815,627.6072000287134,-532.1511858987666,10.043999671936035,9.951398275295716,-0.09260139664031897
1955,2196,1009.7919204836749,-658.0484106061404,11.545000076293945,11.57721792423692,0.03221784794297555
1742,668,-520.4473748082216,-457.58841267232,39.0629997253418,38.49370280021331,-0.5692969251284836
937,1833,638.2775241884344,357.2780369747449,9.415000915527344,9.666777802061578,0.251776886534234
458,142,-1057.2076495802337,822.4748153489829,65.48200225830078,65.51925391390972,0.03725165560894084
1752,1772,583.9830620640784,-458.4826085637469,10.199000358581543,10.062403787802495,-0.13659657077904797
952,711,-483.95235233249963,333.01491004573927,62.50400161743164,62.39077317025649,-0.11322844717515324
1125,2109,915.9160175486616,171.49609222859223,9.448200225830078,11.411968518553735,1.9637682927236568
2505,1711,529.1764139430119,-1212.2235830637296,8.161999702453613,8.157458738413235,-0.0045409640403786256
509,700,-498.6114085064867,776.0635010115757,59.75400161743164,59.898725771690266,0.1447241542586255
1572,1702,512.475792036793,-279.0033568194223,9.145000457763672,9.12515018092505,-0.019850276838621284
886,2086,890.9366071442088,410.3818338373354,9.144000053405762,9.273143333716368,0.12914328031060585
1552,615,-575.0317288076246,-267.9659523991494,56.18354797363281,55.705166595443835,-0.47838137818897764
1650,202,-987.3529363492243,-369.40441612625193,18.775999069213867,18.406057801219305,-0.3699412679945624
2120,1219,33.84487241754763,-831.1613055150416,14.086999893188477,12.740239139675388,-1.346760753513088
516,2123,924.8950779304486,780.8040838270401,18.415000915527344,18.40759493979032,-0.007405975737022175
2126,1180,-5.117915082880124,-837.4849647782364,14.732999801635742,14.509493019858482,-0.22350678177726024
